Iowa DOT Case Number,Law Enforcement Case Number,Date of Crash,Month of Crash,Day of Week,Time of Crash,Hour,DOT District,City Name,County Name,Route with System,Location Description,First Harmful Event,Location of First Harmful Event,Manner of Crash/Collision,Major Cause,Drug or Alcohol ,Environmental Conditions,Light Conditions,Surface Conditions,Weather Conditions,Roadway Contribution,Roadway Type,Roadway Surface,Work Zone,Crash Severity,Number of Fatalities,Number of Injuries,Number of Major Injuries,Number of Minor Injuries,Number of Possible Injuries,Number of Unknown Injuries,Amount of Property Damage,Number of Vehicles Involved,Total Number of Occupants,Travel Direction,Location
2009498858,,03/19/2009,03-March,5-Thursday,09:23,0900 Hours,District 6 (East Central),,,,OAKLAND RD NE,Collision with:  Vehicle in traffic,On Roadway,"Sideswipe, same direction",Unknown,None Indicated,N/A,Daylight,Dry,Clear,N/A,Non-intersection:  Non-junction/no special feature,Paved,N/A,Minor Injury,0,1,0,1,0,0,4800,2,3,N/A,POINT (-91.659882282147 41.9996774695)
2009500391,,03/20/2009,03-March,6-Friday,18:42,1800 Hours,District 1 (Central),,,,SW 3RD ST,Collision with:  Vehicle in traffic,On Roadway,"Angle, oncoming left turn",Made improper turn,None Indicated,None apparent,Dark - roadway lighted,Dry,Cloudy,None apparent,Non-intersection:  Non-junction/no special feature,Paved,N/A,Property Damage Only,0,0,0,0,0,0,2000,2,2,N/A,POINT (-93.618989663374 41.58136190299)
2009499368,S79009116,03/21/2009,03-March,7-Saturday,19:50,1900 Hours,District 1 (Central),,,IA 146,IA 146/IOWA 146,Collision with:  Animal,N/A,N/A,Animal,None Indicated,N/A,N/A,N/A,N/A,N/A,N/A,Paved,N/A,Property Damage Only,0,0,0,0,0,0,1500,1,777,N/A,POINT (-92.688894908743 41.574320488375)
2009499136,4776,03/23/2009,03-March,2-Monday,17:52,1700 Hours,District 5 (Southeast),,,IA 92,IA 92/IOWA 92,Collision with:  Vehicle in traffic,On Roadway,Broadside (front to side),Made improper turn,None Indicated,None apparent,Daylight,Dry,Clear,None apparent,Intersection:  Four-way intersection,Paved,N/A,Possible/Unknown,0,1,0,0,1,0,12000,2,3,N/A,POINT (-92.812756627537 41.303506871987)
2009499425,,03/24/2009,03-March,3-Tuesday,01:55,0100 Hours,District 6 (East Central),,,,,Collision with fixed object:  Guardrail - face,Shoulder,Non-collision (single vehicle),Ran off road - right,None Indicated,None apparent,Dark - roadway not lighted,Dry,Cloudy,None apparent,Non-intersection:  Other non-intersection (explain in narrative),N/A,N/A,Minor Injury,0,1,0,1,0,0,3000,1,1,N/A,POINT (-96.643700150779 40.233091251088)
2009500892,033-09,03/25/2009,03-March,4-Wednesday,23:30,2300 Hours,District 4 (Southwest),,,US 169,US 169,Collision with:  Animal,N/A,N/A,Animal,None Indicated,N/A,N/A,N/A,N/A,N/A,N/A,Paved,N/A,Property Damage Only,0,0,0,0,0,0,2500,1,777,N/A,POINT (-94.042115600075 41.271144427665)
2009499726,,03/26/2009,03-March,5-Thursday,09:35,0900 Hours,District 6 (East Central),,,,,Collision with:  Vehicle in traffic,On Roadway,Rear-end (front to rear),Improper Backing,None Indicated,None apparent,Daylight,Dry,Cloudy,N/A,Non-intersection:  Non-junction/no special feature,N/A,N/A,Property Damage Only,0,0,0,0,0,0,1309,2,2,N/A,POINT (-96.643700150779 40.233091251088)
2009499815,HR095570,03/27/2009,03-March,6-Friday,13:44,1300 Hours,District 6 (East Central),,,,W CENTRAL PARK AVE & N LINCOLN AVE,Collision with fixed object:  Other fixed object (explain in narrative),On Roadway,Non-collision (single vehicle),FTYROW:  Other (explain in narrative),None Indicated,None apparent,Daylight,Dry,Clear,None apparent,Non-intersection:  Railroad grade crossing,Paved,N/A,Property Damage Only,0,0,0,0,0,0,2000,1,1,N/A,POINT (-90.612954646905 41.545481454465)
2009499743,,03/28/2009,03-March,7-Saturday,09:20,0900 Hours,District 4 (Southwest),,,I-80,I-80,Non-collision events:  Overturn/rollover,On Roadway,Non-collision (single vehicle),Lost Control,None Indicated,Weather conditions,Daylight,Ice/frost,Snow,"Surface condition (e.g., wet, icy)",Non-intersection:  Non-junction/no special feature,Paved,N/A,Minor Injury,0,2,0,2,0,0,1000,1,2,N/A,POINT (-94.644735336133 41.493136703544)
2009499800,09A-056,03/28/2009,03-March,7-Saturday,21:09,2100 Hours,District 5 (Southeast),,,IA 5,IA 5/IOWA 5,Non-collision events:  Overturn/rollover,On Roadway,Non-collision (single vehicle),Ran off road - right,None Indicated,Weather conditions,Dark - roadway not lighted,Snow,Snow,"Surface condition (e.g., wet, icy)",Intersection:  Other intersection (explain in narrative),Paved,N/A,Possible/Unknown,0,1,0,0,0,1,8000,1,1,N/A,POINT (-93.058444711584 41.285754876133)
2009499641,09-1517,03/29/2009,03-March,1-Sunday,14:49,1400 Hours,District 1 (Central),,,,S 50TH ST & COACHLIGHT DR,Collision with:  Vehicle in traffic,On Roadway,Rear-end (front to rear),Followed too close,None Indicated,None apparent,Daylight,Dry,Clear,Non-highway work,Intersection:  Four-way intersection,Paved,N/A,Property Damage Only,0,0,0,0,0,0,1000,2,3,N/A,POINT (-93.77090653417 41.566869741583)
2009499916,W09-033693,03/30/2009,03-March,2-Monday,15:12,1500 Hours,District 2 (Northeast),,,,LINDEN AVE & MARTIN LUTHER KING JR DR,Collision with:  Vehicle in traffic,On Roadway,"Sideswipe, same direction",Unknown,None Indicated,None apparent,Daylight,Dry,Clear,None apparent,Non-intersection:  Non-junction/no special feature,Paved,N/A,Property Damage Only,0,0,0,0,0,0,1000,2,2,N/A,POINT (-92.317900027786 42.502949694929)
2009499570,09-8047,03/30/2009,03-March,2-Monday,07:50,0700 Hours,District 1 (Central),,,IA 117,IA 117/W 2ND ST/E 2ND ST & S MAIN ST,Collision with:  Vehicle in traffic,On Roadway,Rear-end (front to rear),Other (explain in narrative):  Vision obstructed,None Indicated,Glare,Daylight,Dry,Clear,None apparent,Intersection:  Four-way intersection,Paved,N/A,Property Damage Only,0,0,0,0,0,0,6500,2,2,N/A,POINT (-93.236276796863 41.596566513951)
2009501229,091507,04/01/2009,04-April,4-Wednesday,16:22,1600 Hours,District 4 (Southwest),,,IA 141,IA 141/141ST ST,Collision with:  Vehicle in traffic,On Roadway,Rear-end (front to rear),Followed too close,None Indicated,None apparent,Daylight,Dry,Clear,None apparent,Non-intersection:  Non-junction/no special feature,Paved,N/A,Possible/Unknown,0,2,0,0,0,2,1000,2,2,N/A,POINT (-94.264141172833 41.834476509477)
2009500280,W09-034407,04/01/2009,04-April,4-Wednesday,13:54,1300 Hours,District 2 (Northeast),,,,TOWER PARK DR & NICKI ST,Collision with:  Vehicle in traffic,On Roadway,Broadside (front to side),FTYROW:  From yield sign,None Indicated,None apparent,Daylight,Dry,Clear,None apparent,Intersection:  Four-way intersection,Paved,N/A,Property Damage Only,0,0,0,0,0,0,1500,2,2,N/A,POINT (-92.358777042764 42.456994639548)
2009500343,09-000426,04/02/2009,04-April,5-Thursday,16:10,1600 Hours,District 1 (Central),,,,NW BEAVER DR,Collision with:  Vehicle in traffic,On Roadway,"Sideswipe, opposite direction",Crossed centerline (undivided),None Indicated,None apparent,Daylight,Dry,Clear,None apparent,Non-intersection:  Non-junction/no special feature,Paved,N/A,Property Damage Only,0,0,0,0,0,0,15200,2,2,N/A,POINT (-93.702367986939 41.693409207491)
2009500778,,04/03/2009,04-April,6-Friday,21:50,2100 Hours,District 6 (East Central),,,US 30,US 30/NE RAMP,Collision with:  Animal,On Roadway,Non-collision (single vehicle),Animal,None Indicated,Animal in roadway,N/A,N/A,N/A,N/A,N/A,Paved,N/A,Property Damage Only,0,0,0,0,0,0,2000,1,1,N/A,POINT (-91.783693686437 41.963472269324)
2009500571,20090010230,04/03/2009,04-April,6-Friday,07:55,0700 Hours,District 1 (Central),,,,48TH ST,Collision with:  Parked motor vehicle,On Roadway,Rear-end (front to rear),Lost Control,None Indicated,None apparent,Daylight,Dry,Clear,None apparent,Non-intersection:  Non-junction/no special feature,Paved,N/A,Property Damage Only,0,0,0,0,0,0,6200,3,1,N/A,POINT (-93.682574408638 41.603402983156)
2009500812,W09-035890,04/04/2009,04-April,7-Saturday,19:34,1900 Hours,District 2 (Northeast),,,,RIEHL ST & FAIRVIEW AVE,Collision with fixed object:  Traffic sign support,Roadside,Non-collision (single vehicle),Driving too fast for conditions,None Indicated,None apparent,Daylight,Dry,Clear,None apparent,Intersection:  Four-way intersection,Paved,N/A,Property Damage Only,0,0,0,0,0,0,3250,1,3,N/A,POINT (-92.347612957449 42.513137156172)
2009506109,09003421,04/05/2009,04-April,1-Sunday,10:45,1000 Hours,District 3 (Northwest),,,IA 141,IA 141/IOWA 141,Collision with:  Other non-fixed object (explain in narrative),Outside trafficway,Non-collision (single vehicle),Ran off road - right,None Indicated,Weather conditions,Daylight,Snow,Snow,"Surface condition (e.g., wet, icy)",Non-intersection:  Non-junction/no special feature,Paved,N/A,Property Damage Only,0,0,0,0,0,0,3000,2,2,N/A,POINT (-95.046401115022 41.906463307448)
2009501098,20090010615,04/06/2009,04-April,2-Monday,17:40,1700 Hours,District 1 (Central),,,,EASTON BLVD & E 26TH ST,Collision with:  Vehicle in traffic,On Roadway,Broadside (front to side),FTYROW:  Making left turn,None Indicated,None apparent,Daylight,Dry,Cloudy,None apparent,Intersection:  T-intersection,Paved,N/A,Property Damage Only,0,0,0,0,0,0,1800,2,4,N/A,POINT (-93.568658578605 41.607968065868)
2009501393,09-002982,04/07/2009,04-April,3-Tuesday,01:16,0100 Hours,District 4 (Southwest),,,IA 83,IA 83/2ND ST & SUNNYSIDE LN,Non-collision events:  Overturn/rollover,On Roadway,Non-collision (single vehicle),Ran off road - left,None Indicated,None apparent,Dark - roadway not lighted,Dry,Clear,None apparent,Intersection:  Four-way intersection,Paved,N/A,Possible/Unknown,0,1,0,0,1,0,6000,1,1,N/A,POINT (-95.02728918925 41.409119088106)
2009501268,09006912,04/08/2009,04-April,4-Wednesday,14:45,1400 Hours,District 6 (East Central),,,,WINDEMERE WAY,Collision with:  Parked motor vehicle,On Roadway,Broadside (front to side),FTYROW:  From driveway,None Indicated,None apparent,Daylight,Dry,Clear,None apparent,Non-intersection:  Driveway access (within),Paved,N/A,Property Damage Only,0,0,0,0,0,0,1750,2,3,N/A,POINT (-91.572983663643 42.047201099308)
2009514168,S09-D0802,04/08/2009,04-April,4-Wednesday,18:00,1800 Hours,District 5 (Southeast),,,US 34,US 34,Collision with:  Other non-fixed object (explain in narrative),On Roadway,Rear-end (front to rear),Other (explain in narrative):  Other,None Indicated,None apparent,Daylight,Dry,Clear,None apparent,Non-intersection:  Non-junction/no special feature,Paved,N/A,Property Damage Only,0,0,0,0,0,0,1500,2,3,N/A,POINT (-93.620034186949 41.030400905727)
2009501621,20090010903,04/09/2009,04-April,5-Thursday,12:05,1200 Hours,District 1 (Central),,,US 6,US 6/MERLE HAY RD,Collision with:  Vehicle in traffic,On Roadway,"Angle, oncoming left turn",FTYROW:  Making left turn,None Indicated,None apparent,Daylight,Dry,Cloudy,None apparent,Non-intersection:  Driveway access (within),Paved,N/A,Property Damage Only,0,0,0,0,0,0,7500,2,5,N/A,POINT (-93.697743960218 41.628000629779)
2009501493,,04/10/2009,04-April,6-Friday,10:35,1000 Hours,District 6 (East Central),,,,Co Rd F39/220TH ST & Co Rd V38/B AVE,Collision with:  Vehicle in traffic,On Roadway,Broadside (front to side),FTYROW:  From stop sign,None Indicated,None apparent,Daylight,Dry,Clear,None apparent,Intersection:  Four-way intersection,Paved,N/A,Possible/Unknown,0,3,0,0,3,0,5000,2,4,N/A,POINT (-92.279838577475 41.688750510737)
2009503099,09003241,04/11/2009,04-April,7-Saturday,01:49,0100 Hours,District 6 (East Central),,,US 20,US 20,Collision with:  Animal,N/A,N/A,Animal,None Indicated,N/A,N/A,N/A,N/A,N/A,N/A,Paved,N/A,Property Damage Only,0,0,0,0,0,0,6000,1,777,N/A,POINT (-91.799322875541 42.461595119799)
2009502982,096713,04/12/2009,04-April,1-Sunday,23:00,2300 Hours,District 6 (East Central),,,,W CENTRAL PARK AVE & HICKORY GROVE RD,Collision with:  Vehicle in traffic,On Roadway,Rear-end (front to rear),Unknown,None Indicated,Unknown,Dark - roadway lighted,Unknown,Unknown,Unknown,Intersection:  Four-way intersection,Paved,N/A,Property Damage Only,0,0,0,0,0,0,5500,3,3,N/A,POINT (-90.610580748133 41.545486163097)
2009508049,,04/13/2009,04-April,2-Monday,00:00,0000 Hours,District 5 (Southeast),,,,N MULBERRY RD,Collision with fixed object:  Ditch,On Roadway,Non-collision (single vehicle),Swerving/Evasive Action,None Indicated,Animal in roadway,Dark - roadway not lighted,"Mud, dirt",Rain,None apparent,Non-intersection:  Non-junction/no special feature,Unpaved,N/A,Property Damage Only,0,0,0,0,0,0,5000,1,1,N/A,POINT (-91.101759636892 41.512297644296)
2009510738,09-106,04/14/2009,04-April,3-Tuesday,07:40,0700 Hours,District 2 (Northeast),,,IA 3,IA 3/BREMER AVE,Collision with:  Vehicle in traffic,On Roadway,Rear-end (front to rear),Followed too close,None Indicated,None apparent,Daylight,Dry,Cloudy,None apparent,Intersection:  T-intersection,Paved,N/A,Property Damage Only,0,0,0,0,0,0,1200,2,2,N/A,POINT (-92.487884075078 42.725653955256)
2009502391,W09-040046,04/15/2009,04-April,4-Wednesday,14:54,1400 Hours,District 2 (Northeast),,,,UPTON AVE & ANSBOROUGH AVE,Collision with:  Vehicle in traffic,On Roadway,Rear-end (front to rear),Followed too close,None Indicated,None apparent,Daylight,Dry,Clear,None apparent,Intersection:  Four-way intersection,Paved,N/A,Property Damage Only,0,0,0,0,0,0,2500,2,2,N/A,POINT (-92.376780201584 42.505698575461)
2009502301,09-2788,04/15/2009,04-April,4-Wednesday,18:40,1800 Hours,District 1 (Central),,,,Co Rd F48/NE 46 AVE,Collision with:  Animal,N/A,N/A,Animal,None Indicated,N/A,N/A,N/A,N/A,N/A,N/A,Paved,N/A,Property Damage Only,0,0,0,0,0,0,2500,1,777,N/A,POINT (-93.382480872484 41.644253741547)
2009502431,01-09-16088,04/16/2009,04-April,5-Thursday,11:54,1100 Hours,District 6 (East Central),,,,WACKER DR,Collision with:  Vehicle in traffic,On Roadway,Broadside (front to side),FTYROW:  From driveway,None Indicated,None apparent,Daylight,Dry,Clear,None apparent,Non-intersection:  Driveway access (within),Paved,N/A,Property Damage Only,0,0,0,0,0,0,4000,2,2,N/A,POINT (-90.720458944758 42.494128211594)
2009502629,09-491,04/17/2009,04-April,6-Friday,21:13,2100 Hours,District 4 (Southwest),,,US 6,US 6/HICKMAN AVE & NW 156TH ST,Collision with:  Vehicle in traffic,On Roadway,"Angle, oncoming left turn",FTYROW:  Making left turn,None Indicated,None apparent,Dark - roadway lighted,Dry,Clear,None apparent,Intersection:  Four-way intersection,Paved,N/A,Property Damage Only,0,0,0,0,0,0,4500,2,2,N/A,POINT (-93.833637923887 41.614809679769)
2009502712,09013119,04/18/2009,04-April,7-Saturday,03:00,0300 Hours,District 4 (Southwest),,,IA 192,IA 192/S EXPRESSWAY,Collision with fixed object:  Ditch,Outside trafficway,Head-on (front to front),Ran off road - right,None Indicated,None apparent,Dark - roadway lighted,Wet,Rain,None apparent,Non-intersection:  Non-junction/no special feature,Paved,N/A,Major Injury,0,1,1,0,0,0,15600,4,1,N/A,POINT (-95.851324525887 41.231741378167)
2009503274,0900000331,04/18/2009,04-April,7-Saturday,21:37,2100 Hours,District 1 (Central),,,,Co Rd S57/CANFIELD AVE,Collision with:  Animal,N/A,N/A,Animal,None Indicated,N/A,N/A,N/A,N/A,N/A,N/A,Paved,N/A,Property Damage Only,0,0,0,0,0,0,2000,1,777,N/A,POINT (-93.194899156481 42.130760881631)
2009503097,W09-041927,04/19/2009,04-April,1-Sunday,21:16,2100 Hours,District 2 (Northeast),,,,E SAN MARNAN DR & LA PORTE RD,Collision with:  Vehicle in traffic,On Roadway,Rear-end (front to rear),Swerving/Evasive Action,None Indicated,None apparent,Dark - roadway lighted,Dry,Cloudy,None apparent,Intersection:  Four-way intersection,Paved,N/A,Property Damage Only,0,0,0,0,0,0,2000,2,2,N/A,POINT (-92.320901849997 42.467358405001)
2009503147,200906435,04/20/2009,04-April,2-Monday,17:09,1700 Hours,District 6 (East Central),,,,E AVE NE & 16TH ST NE,Collision with:  Vehicle in traffic,On Roadway,Broadside (front to side),Ran Stop Sign,None Indicated,None apparent,Daylight,Wet,Rain,None apparent,Intersection:  Four-way intersection,Paved,N/A,Property Damage Only,0,0,0,0,0,0,2700,2,2,N/A,POINT (-91.654638385765 41.993545802145)
2009504015,097269,04/21/2009,04-April,3-Tuesday,00:11,0000 Hours,District 6 (East Central),,,,W 37TH ST,Collision with:  Parked motor vehicle,On Roadway,Rear-end (front to rear),"Operating vehicle in an reckless, erratic, careless, negligent manner",None Indicated,None apparent,Dark - roadway lighted,Wet,Rain,None apparent,Non-intersection:  Non-junction/no special feature,Paved,N/A,Property Damage Only,0,0,0,0,0,0,2100,2,777,N/A,POINT (-90.598406834874 41.557291999199)
2009503549,09042816,04/22/2009,04-April,4-Wednesday,13:48,1300 Hours,District 2 (Northeast),,,,9TH ST & COLLEGE ST,Collision with:  Vehicle in traffic,On Roadway,Broadside (front to side),Ran Stop Sign,None Indicated,None apparent,Daylight,Dry,Clear,None apparent,Intersection:  Four-way intersection,Paved,N/A,Property Damage Only,0,0,0,0,0,0,3000,2,3,N/A,POINT (-92.455813781372 42.530497865407)
2009503418,09-10292,04/23/2009,04-April,5-Thursday,16:10,1600 Hours,District 1 (Central),,,,N 2ND AVE E & E 5TH ST N,Collision with:  Vehicle in traffic,On Roadway,Broadside (front to side),FTYROW:  From yield sign,None Indicated,None apparent,Daylight,Dry,Cloudy,None apparent,Intersection:  Four-way intersection,Paved,N/A,Minor Injury,0,1,0,1,0,0,2500,2,2,N/A,POINT (-93.048386619604 41.700508251004)
2009504645,20090012598,04/24/2009,04-April,6-Friday,17:03,1700 Hours,District 1 (Central),,,I-235,I-235,Collision with:  Vehicle in traffic,On Roadway,Rear-end (front to rear),Followed too close,None Indicated,None apparent,Daylight,Dry,Clear,None apparent,Non-intersection:  Non-junction/no special feature,Paved,N/A,Property Damage Only,0,0,0,0,0,0,4500,2,2,N/A,POINT (-93.689537218851 41.592372621112)
2009504235,09-6025,04/24/2009,04-April,6-Friday,15:56,1500 Hours,District 1 (Central),,,IA 210,IA 210/IOWA 210,Collision with:  Vehicle in traffic,On Roadway,Rear-end (front to rear),Illegally Parked/Unattended,None Indicated,Visual obstruction,Daylight,Dry,Severe winds,Debris,Non-intersection:  Non-junction/no special feature,Paved,N/A,Possible/Unknown,0,1,0,0,1,0,13500,3,3,N/A,POINT (-93.519378091258 41.877682583819)
2009521224,09-060,04/25/2009,04-April,7-Saturday,11:15,1100 Hours,District 2 (Northeast),,,,N VINE ST,Collision with:  Vehicle in traffic,On Roadway,Unknown,Other (explain in narrative):  Vision obstructed,None Indicated,None apparent,Daylight,Wet,Rain,None apparent,Non-intersection:  Non-junction/no special feature,Paved,N/A,Property Damage Only,0,0,0,0,0,0,2300,2,4,N/A,POINT (-91.808155038651 42.961792449741)
2009504093,2009025737,04/25/2009,04-April,7-Saturday,20:00,2000 Hours,District 5 (Southeast),,,US 63,US 63,Collision with:  Vehicle in traffic,On Roadway,"Sideswipe, opposite direction",Crossed centerline (undivided),None Indicated,None apparent,Dark - roadway not lighted,Wet,Rain,None apparent,Non-intersection:  Non-junction/no special feature,Paved,N/A,Possible/Unknown,0,3,0,0,3,0,12000,2,4,N/A,POINT (-92.409656760163 40.898478191747)
2009504760,09-009150,04/26/2009,04-April,1-Sunday,14:00,1400 Hours,District 1 (Central),,,US 69,US 69/S DUFF AVE & S 3RD ST & SE 3RD ST,Collision with:  Vehicle in traffic,On Roadway,Broadside (front to side),Ran Traffic Signal,None Indicated,Weather conditions,Daylight,Wet,Rain,"Surface condition (e.g., wet, icy)",Intersection:  Four-way intersection,Paved,N/A,Property Damage Only,0,0,0,0,0,0,5000,2,6,N/A,POINT (-93.610315344882 42.020171534904)
2009504256,09-1580,04/27/2009,04-April,2-Monday,07:55,0700 Hours,District 1 (Central),,,,TOWER DR,Collision with:  Vehicle in traffic,On Roadway,"Sideswipe, opposite direction",Other (explain in narrative):  No improper action,None Indicated,None apparent,Daylight,Dry,Cloudy,None apparent,Non-intersection:  Non-junction/no special feature,Paved,N/A,Property Damage Only,0,0,0,0,0,0,4500,2,2,N/A,POINT (-94.202407734816 42.48655890496)
2009504337,097804,04/28/2009,04-April,3-Tuesday,02:56,0200 Hours,District 6 (East Central),,,,E 53RD ST & JERSEY RIDGE RD,Collision with fixed object:  Concrete traffic barrier (median or right side),On Roadway,Unknown,Ran off road - straight,None Indicated,None apparent,Dark - roadway lighted,Wet,Rain,None apparent,Non-intersection:  Non-junction/no special feature,Paved,N/A,Property Damage Only,0,0,0,0,0,0,1500,1,3,N/A,POINT (-90.54161538773 41.574779318858)
2009504800,0429053309,04/29/2009,04-April,4-Wednesday,05:33,0500 Hours,District 5 (Southeast),,,,W MONROE ST & S G AVE,Collision with:  Vehicle in traffic,On Roadway,"Angle, oncoming left turn",FTYROW:  Making left turn,None Indicated,None apparent,Dawn,Dry,Cloudy,None apparent,Intersection:  T-intersection,Paved,N/A,Minor Injury,0,1,0,1,0,0,200,2,2,N/A,POINT (-91.701460174859 41.295623000727)
2009504865,2009026864,04/30/2009,04-April,5-Thursday,23:00,2300 Hours,District 5 (Southeast),,,I-35,I-35,Collision with:  Animal,Shoulder,Non-collision (single vehicle),Animal,None Indicated,Animal in roadway,Dark - roadway not lighted,Dry,Cloudy,None apparent,Non-intersection:  Non-junction/no special feature,Paved,N/A,Property Damage Only,0,0,0,0,0,0,11000,3,2,N/A,POINT (-93.84706771834 40.683288620055)
2009505440,,04/30/2009,04-April,5-Thursday,18:32,1800 Hours,District 6 (East Central),,,,,Collision with:  Non-motorist (see non-motorist section - NOT a unit),On Roadway,Non-collision (single vehicle),Unknown,None Indicated,N/A,Daylight,Dry,Clear,N/A,Non-intersection:  Other non-intersection (explain in narrative),N/A,N/A,Minor Injury,0,1,0,1,0,0,130,1,1,N/A,POINT (-96.643700150779 40.233091251088)
2009506901,,05/01/2009,05-May,6-Friday,15:16,1500 Hours,District 2 (Northeast),,,,W PROSPECT ST & N MAPLE AVE,Collision with:  Vehicle in traffic,On Roadway,Broadside (front to side),FTYROW:  From yield sign,None Indicated,Visual obstruction,Daylight,Dry,Clear,None apparent,Intersection:  Four-way intersection,Paved,N/A,Property Damage Only,0,0,0,0,0,0,4000,2,4,N/A,POINT (-92.320413279154 43.060172837682)
2009504499,09008087,05/02/2009,05-May,7-Saturday,21:02,2100 Hours,District 2 (Northeast),,,IA 122,IA 122/5TH ST SE,Collision with:  Non-motorist (see non-motorist section - NOT a unit),On Roadway,Non-collision (single vehicle),Other (explain in narrative):  No improper action,None Indicated,None apparent,Dark - roadway not lighted,Dry,Cloudy,None apparent,Non-intersection:  Non-junction/no special feature,Paved,N/A,Fatal,1,0,0,0,0,0,400,1,1,N/A,POINT (-93.196375505581 43.147136691916)
2009506920,09047173,05/03/2009,05-May,1-Sunday,11:02,1100 Hours,District 2 (Northeast),,,IA 934,IA 934/UNIVERSITY AVE & WATERLOO RD RAMP,Collision with:  Vehicle in traffic,On Roadway,Broadside (front to side),Unknown,None Indicated,None apparent,Daylight,Dry,Clear,None apparent,Intersection:  Four-way intersection,Paved,N/A,Major Injury,0,2,1,1,0,0,16000,2,2,N/A,POINT (-92.427151826535 42.513049013758)
2009504718,09015257,05/04/2009,05-May,2-Monday,01:36,0100 Hours,District 4 (Southwest),,,US 6,US 6/W BROADWAY & S 8TH ST & N 8TH ST,Collision with:  Vehicle in traffic,On Roadway,"Angle, oncoming left turn",FTYROW:  Making left turn,None Indicated,None apparent,Dark - roadway lighted,Dry,Clear,None apparent,Intersection:  Four-way intersection,Paved,N/A,Minor Injury,0,1,0,1,0,0,2500,2,6,N/A,POINT (-95.856049604206 41.261876588089)
2009506395,09-000583,05/05/2009,05-May,3-Tuesday,10:18,1000 Hours,District 1 (Central),,,,NW 62ND AVE,Collision with:  Vehicle in traffic,On Roadway,Rear-end (front to rear),Followed too close,None Indicated,None apparent,Daylight,Dry,Clear,None apparent,Intersection:  T-intersection,Paved,N/A,Property Damage Only,0,0,0,0,0,0,3000,2,2,N/A,POINT (-93.721136892929 41.672801851387)
2009505300,01-09-19348,05/05/2009,05-May,3-Tuesday,12:53,1200 Hours,District 6 (East Central),,,,JOHN F KENNEDY RD,Collision with:  Vehicle in traffic,On Roadway,Broadside (front to side),FTYROW:  From driveway,None Indicated,None apparent,Daylight,Dry,Cloudy,None apparent,Non-intersection:  Driveway access (within),Paved,N/A,Minor Injury,0,2,0,2,0,0,2400,2,3,N/A,POINT (-90.720515993258 42.511644544997)
2009505822,2009027842,05/06/2009,05-May,4-Wednesday,06:49,0600 Hours,District 1 (Central),,,I-35,I-35,Collision with:  Vehicle in traffic,On Roadway,"Sideswipe, same direction",Improper or erratic lane changing,None Indicated,None apparent,Daylight,Dry,Cloudy,None apparent,Non-intersection:  Non-junction/no special feature,Paved,N/A,Property Damage Only,0,0,0,0,0,0,1200,2,3,N/A,POINT (-93.610538626805 41.649492601851)
2009506269,,05/07/2009,05-May,5-Thursday,20:45,2000 Hours,District 6 (East Central),,,US 218,US 218,Collision with:  Animal,On Roadway,Non-collision (single vehicle),Animal,None Indicated,N/A,Dark - roadway not lighted,Dry,Cloudy,N/A,Non-intersection:  Non-junction/no special feature,Paved,N/A,Property Damage Only,0,0,0,0,0,0,4000,1,1,N/A,POINT (-91.555182258845 41.621154949161)
2009506218,098549,05/07/2009,05-May,5-Thursday,14:54,1400 Hours,District 6 (East Central),,,,W CENTRAL PARK AVE & N MICHIGAN AVE,Collision with:  Vehicle in traffic,On Roadway,Broadside (front to side),FTYROW:  From stop sign,None Indicated,None apparent,Daylight,Wet,Rain,None apparent,Intersection:  Four-way intersection,Paved,N/A,Property Damage Only,0,0,0,0,0,0,6000,2,2,N/A,POINT (-90.627331500667 41.545409894654)
2009505633,0905082711,05/08/2009,05-May,6-Friday,15:03,1500 Hours,District 6 (East Central),,,,Co Rd E56/170 ST,Collision with fixed object:  Bridge overhead structure,On Roadway,Non-collision (single vehicle),Followed too close,None Indicated,None apparent,Daylight,Dry,Clear,None apparent,Non-intersection:  Other non-intersection (explain in narrative),Unpaved,N/A,Minor Injury,0,1,0,1,0,0,10000,1,1,N/A,POINT (-90.385367038173 41.931776662332)
2009505742,09-0445,05/09/2009,05-May,7-Saturday,03:39,0300 Hours,District 1 (Central),,,US 65,US 65,Collision with fixed object:  Bridge overhead structure,On Roadway,Non-collision (single vehicle),Ran off road - right,Alcohol (Statutory),None apparent,Dark - roadway not lighted,Dry,Rain,None apparent,Non-intersection:  Non-junction/no special feature,Paved,N/A,Possible/Unknown,0,1,0,0,0,1,5000,1,1,N/A,POINT (-93.497601138474 41.598876004009)
2009506206,098687,05/09/2009,05-May,7-Saturday,13:41,1300 Hours,District 6 (East Central),,,,W 3RD ST & MAIN ST,Collision with:  Vehicle in traffic,On Roadway,Rear-end (front to rear),Other (explain in narrative):  Other,None Indicated,None apparent,Daylight,Dry,Cloudy,None apparent,Intersection:  Four-way intersection,Paved,N/A,Property Damage Only,0,0,0,0,0,0,2000,2,3,N/A,POINT (-90.575548968099 41.522425590042)
2009505643,CL09001833,05/10/2009,05-May,1-Sunday,09:12,0900 Hours,District 6 (East Central),,,,2ND AVE N & N 5TH ST,Collision with:  Vehicle in traffic,On Roadway,"Sideswipe, same direction",Lost Control,None Indicated,None apparent,Daylight,Dry,Clear,None apparent,Non-intersection:  Non-junction/no special feature,Paved,N/A,Property Damage Only,0,0,0,0,0,0,3000,3,3,N/A,POINT (-90.195796658766 41.847636110192)