Iowa DOT Case Number,Law Enforcement Case Number,Date of Crash,Month of Crash,Day of Week,Time of Crash,Hour,DOT District,City Name,County Name,Route with System,Location Description,First Harmful Event,Location of First Harmful Event,Manner of Crash/Collision,Major Cause,Drug or Alcohol ,Environmental Conditions,Light Conditions,Surface Conditions,Weather Conditions,Roadway Contribution,Roadway Type,Roadway Surface,Work Zone,Crash Severity,Number of Fatalities,Number of Injuries,Number of Major Injuries,Number of Minor Injuries,Number of Possible Injuries,Number of Unknown Injuries,Amount of Property Damage,Number of Vehicles Involved,Total Number of Occupants,Travel Direction,Location
2009506985,09-16356,05/11/2009,05-May,2-Monday,15:17,1500 Hours,District 5 (Southeast),,,,ASH ST & 9TH ST & VIADUCT,Collision with:  Vehicle in traffic,On Roadway,"Sideswipe, same direction",Made improper turn,None Indicated,None apparent,Daylight,Dry,Cloudy,None apparent,Non-intersection:  Other non-intersection (explain in narrative),Paved,N/A,Property Damage Only,0,0,0,0,0,0,1100,2,4,N/A,POINT (-91.106964452471 40.824504222838)
2009506179,09-2283,05/12/2009,05-May,3-Tuesday,20:06,2000 Hours,District 1 (Central),,,I-235,I-235 & 17TH ST,Collision with fixed object:  Utility pole/light support,On Roadway,Non-collision (single vehicle),Unknown,None Indicated,Weather conditions,Dark - roadway lighted,Wet,Rain,"Surface condition (e.g., wet, icy)",Non-intersection:  Non-junction/no special feature,Paved,N/A,Property Damage Only,0,0,0,0,0,0,5000,1,3,N/A,POINT (-93.727331143033 41.593364716097)
2009507580,2009029122,05/12/2009,05-May,3-Tuesday,18:26,1800 Hours,District 1 (Central),,,I-35,I-35,Collision with:  Vehicle in traffic,On Roadway,"Sideswipe, same direction",FTYROW:  Other (explain in narrative),None Indicated,None apparent,Daylight,Wet,Rain,None apparent,Non-intersection:  Non-junction/no special feature,Paved,N/A,Property Damage Only,0,0,0,0,0,0,1600,2,2,N/A,POINT (-93.648755549576 41.649931767239)
2009506407,09-16455,05/13/2009,05-May,4-Wednesday,16:52,1600 Hours,District 4 (Southwest),,,,AVE E & N 19TH ST,Collision with:  Vehicle in traffic,On Roadway,Broadside (front to side),FTYROW:  At uncontrolled intersection,None Indicated,None apparent,Daylight,Dry,Clear,None apparent,Non-intersection:  Non-junction/no special feature,Paved,N/A,Minor Injury,0,1,0,1,0,0,6400,2,2,N/A,POINT (-95.872138265655 41.266213366309)
2009507151,,05/14/2009,05-May,5-Thursday,21:25,2100 Hours,District 5 (Southeast),,,US 63,US 63 & 180TH ST,Collision with:  Animal,On Roadway,Non-collision (single vehicle),Animal,None Indicated,Animal in roadway,N/A,N/A,N/A,N/A,N/A,Paved,N/A,Possible/Unknown,0,2,0,0,2,0,1000,1,3,N/A,POINT (-92.398992136146 40.797763195607)
2009506629,W09-051607,05/14/2009,05-May,5-Thursday,17:12,1700 Hours,District 2 (Northeast),,,,LAFAYETTE ST,Collision with:  Vehicle in traffic,On Roadway,Broadside (front to side),FTYROW:  Other (explain in narrative),None Indicated,None apparent,Daylight,Dry,Cloudy,None apparent,Intersection:  Other intersection (explain in narrative),Paved,N/A,Property Damage Only,0,0,0,0,0,0,2100,2,2,N/A,POINT (-92.334376703698 42.498624717386)
2009507696,09-002345,05/15/2009,05-May,6-Friday,18:05,1800 Hours,District 1 (Central),,,,W 1ST ST,Collision with:  Vehicle in traffic,On Roadway,Rear-end (front to rear),Unknown,None Indicated,Weather conditions,Daylight,Wet,Rain,"Surface condition (e.g., wet, icy)",Non-intersection:  Non-junction/no special feature,Paved,N/A,Property Damage Only,0,0,0,0,0,0,2400,2,2,N/A,POINT (-93.625999378379 41.731833334027)
2009507468,C09-0001628,05/15/2009,05-May,6-Friday,10:30,1000 Hours,District 2 (Northeast),,,,7TH ST,Collision with:  Vehicle in traffic,On Roadway,Rear-end (front to rear),Other (explain in narrative):  Other,None Indicated,None apparent,Daylight,Dry,Cloudy,None apparent,Intersection:  T-intersection,Paved,N/A,Property Damage Only,0,0,0,0,0,0,3000,2,3,N/A,POINT (-91.182450366866 43.01840911832)
2009508826,09-001428,05/16/2009,05-May,7-Saturday,23:15,2300 Hours,District 3 (Northwest),,,,DIPPER AVE,Non-collision events:  Other non-collision (explain in narrative),Outside trafficway,Non-collision (single vehicle),Ran off road - straight,None Indicated,None apparent,Dark - roadway lighted,Dry,Clear,Traffic control obscured,Intersection:  T-intersection,Unpaved,N/A,Property Damage Only,0,0,0,0,0,0,5000,1,1,N/A,POINT (-96.370141332143 43.499166292671)
2009509068,20091987,05/17/2009,05-May,1-Sunday,23:15,2300 Hours,District 1 (Central),,,IA 57,IA 57/110TH ST & X AVE,Non-collision events:  Overturn/rollover,On Roadway,Non-collision (single vehicle),Swerving/Evasive Action,None Indicated,None apparent,Dark - roadway not lighted,Dry,Clear,None apparent,Intersection:  Four-way intersection,Paved,N/A,Possible/Unknown,0,1,0,0,1,0,6000,1,1,N/A,POINT (-92.574014279449 42.542345515887)
2009507058,09-2383,05/18/2009,05-May,2-Monday,16:38,1600 Hours,District 1 (Central),,,,UNIVERSITY AVE,Collision with:  Vehicle in traffic,On Roadway,Rear-end (front to rear),Other (explain in narrative):  Vision obstructed,None Indicated,None apparent,Daylight,Dry,Cloudy,None apparent,Non-intersection:  Non-junction/no special feature,Paved,N/A,Property Damage Only,0,0,0,0,0,0,4700,2,3,N/A,POINT (-93.785429737843 41.600440439271)
2009507471,091856,05/19/2009,05-May,3-Tuesday,14:25,1400 Hours,District 3 (Northwest),,,,12TH AVE S,Collision with fixed object:  Mailbox,Unknown,Unknown,"Operating vehicle in an reckless, erratic, careless, negligent manner",Under Influence of Alcohol/Drugs/Medications,None apparent,Daylight,Dry,Clear,None apparent,Non-intersection:  Non-junction/no special feature,Paved,N/A,Property Damage Only,0,0,0,0,0,0,9700,2,1,N/A,POINT (-95.336369979616 42.006368619741)
2009510749,09-121,05/19/2009,05-May,3-Tuesday,17:08,1700 Hours,District 2 (Northeast),,,IA 3,IA 3/BREMER AVE,Collision with:  Vehicle in traffic,Outside trafficway,Rear-end (front to rear),Other (explain in narrative):  Vision obstructed,None Indicated,None apparent,Daylight,Dry,Clear,None apparent,Intersection:  T-intersection,Paved,N/A,Possible/Unknown,0,2,0,0,0,2,1000,2,2,N/A,POINT (-92.456811088327 42.725591852754)
2009507801,09-17574,05/20/2009,05-May,4-Wednesday,19:31,1900 Hours,District 5 (Southeast),,,,VALLEY ST & 5TH ST,Collision with:  Vehicle in traffic,On Roadway,Broadside (front to side),Ran Stop Sign,None Indicated,None apparent,Daylight,Dry,Cloudy,None apparent,Intersection:  Four-way intersection,Paved,N/A,Property Damage Only,0,0,0,0,0,0,10000,2,2,N/A,POINT (-91.105302570206 40.809569024733)
2009507672,200908244,05/21/2009,05-May,5-Thursday,09:49,0900 Hours,District 6 (East Central),,,I-380,I-380,Collision with:  Vehicle in traffic,On Roadway,Broadside (front to side),Ran Traffic Signal,None Indicated,None apparent,Daylight,Dry,Clear,None apparent,Intersection:  Four-way intersection,Paved,N/A,Possible/Unknown,0,1,0,0,1,0,7000,2,2,N/A,POINT (-91.671987373653 42.027801023545)
2009567091,2009030787,05/21/2009,05-May,5-Thursday,02:00,0200 Hours,District 1 (Central),,,I-80,I-80,Collision with:  Parked motor vehicle,Outside trafficway,"Sideswipe, same direction",FTYROW:  From parked position,None Indicated,None apparent,Dark - roadway lighted,Dry,Clear,None apparent,Non-intersection:  Non-junction/no special feature,Paved,N/A,Property Damage Only,0,0,0,0,0,0,2000,2,2,N/A,POINT (-93.394349562846 41.680467511231)
2009507741,09006576,05/22/2009,05-May,6-Friday,08:22,0800 Hours,District 1 (Central),,,,150TH ST,Collision with:  Animal,On Roadway,Non-collision (single vehicle),Animal,None Indicated,Animal in roadway,Daylight,Dry,Cloudy,None apparent,Non-intersection:  Non-junction/no special feature,Unpaved,N/A,Possible/Unknown,0,1,0,0,1,0,5000,1,1,N/A,POINT (-92.375935300913 42.225227824035)
2009508518,2009-0824,05/22/2009,05-May,6-Friday,18:02,1800 Hours,District 1 (Central),,,IA 4,IA 4/S ELM ST/N ELM ST & W LINCOLN WAY & E LINCOLN WAY,Collision with:  Vehicle in traffic,On Roadway,Rear-end (front to rear),Other (explain in narrative):  Other,None Indicated,None apparent,Daylight,Dry,Cloudy,None apparent,Intersection:  Four-way intersection,Paved,N/A,Minor Injury,0,2,0,1,1,0,6000,2,3,N/A,POINT (-94.377401598053 42.015276444666)
2009508076,09006127,05/23/2009,05-May,7-Saturday,21:36,2100 Hours,District 5 (Southeast),,,,N BRANDON AVE,Collision with:  Animal,N/A,N/A,Animal,None Indicated,N/A,N/A,N/A,N/A,N/A,N/A,Paved,N/A,Property Damage Only,0,0,0,0,0,0,1000,1,777,N/A,POINT (-92.820962792208 40.895778341763)
2009509092,09-4600,05/24/2009,05-May,1-Sunday,18:45,1800 Hours,District 5 (Southeast),,,US 218,US 218,Collision with:  Vehicle in traffic,On Roadway,"Sideswipe, same direction",FTYROW:  Other (explain in narrative),None Indicated,None apparent,Daylight,Dry,Clear,None apparent,Non-intersection:  Non-junction/no special feature,Paved,N/A,Property Damage Only,0,0,0,0,0,0,2000,2,2,N/A,POINT (-91.500807815593 40.557012602236)
2009508298,,05/25/2009,05-May,2-Monday,13:31,1300 Hours,District 5 (Southeast),,,IA 14,IA 14 & Co Rd H50/430TH ST,Collision with:  Animal,On Roadway,Non-collision (single vehicle),Animal,None Indicated,Animal in roadway,N/A,N/A,N/A,N/A,N/A,Paved,N/A,Property Damage Only,0,0,0,0,0,0,2000,1,1,N/A,POINT (-93.307225792171 40.941522751985)
2009508659,,05/25/2009,05-May,2-Monday,21:32,2100 Hours,District 4 (Southwest),,,IA 25,IA 25/IOWA 25,Collision with:  Animal,On Roadway,Non-collision (single vehicle),Animal,None Indicated,Animal in roadway,Dark - roadway not lighted,Wet,Rain,None apparent,Non-intersection:  Non-junction/no special feature,Paved,N/A,Minor Injury,0,1,0,1,0,0,13500,2,2,N/A,POINT (-94.452684753974 41.357057339061)
2009510920,,05/26/2009,05-May,3-Tuesday,15:38,1500 Hours,District 4 (Southwest),,,,PARK ST & 8TH ST,Collision with:  Vehicle in traffic,On Roadway,Broadside (front to side),FTYROW:  From stop sign,None Indicated,None apparent,Daylight,Wet,Rain,None apparent,Intersection:  Four-way intersection,Paved,N/A,Property Damage Only,0,0,0,0,0,0,1500,2,3,N/A,POINT (-94.096921618469 41.849363209788)
2009508626,AC09-054,05/27/2009,05-May,4-Wednesday,11:30,1100 Hours,District 4 (Southwest),,,,BALDWIN ST & 7TH ST,Collision with:  Vehicle in traffic,On Roadway,Broadside (front to side),Ran Stop Sign,None Indicated,None apparent,Daylight,Dry,Cloudy,None apparent,Intersection:  Other intersection (explain in narrative),Paved,N/A,Property Damage Only,0,0,0,0,0,0,1300,2,4,N/A,POINT (-95.318920568254 41.655862739044)
2009509076,A390509-07,05/28/2009,05-May,5-Thursday,16:00,1600 Hours,District 4 (Southwest),,,IA 141,IA 141/IOWA 141,Collision with fixed object:  Other fixed object (explain in narrative),On Roadway,Non-collision (single vehicle),Other (explain in narrative):  No improper action,None Indicated,None apparent,Daylight,Dry,Clear,None apparent,Non-intersection:  Non-junction/no special feature,Paved,N/A,Property Damage Only,0,0,0,0,0,0,2550,1,1,N/A,POINT (-94.558798004006 41.848742024072)
2009508640,09006895,05/28/2009,05-May,5-Thursday,21:42,2100 Hours,District 1 (Central),,,,CENTER ST,Collision with:  Animal,N/A,N/A,Animal,None Indicated,N/A,N/A,N/A,N/A,N/A,N/A,Paved,N/A,Property Damage Only,0,0,0,0,0,0,1200,1,777,N/A,POINT (-92.685064279291 42.09355863939)
2009510507,,05/29/2009,05-May,6-Friday,21:15,2100 Hours,District 6 (East Central),,,,Co Rd Y70/290 AVE & 200 ST,Collision with:  Animal,On Roadway,Non-collision (single vehicle),Animal,None Indicated,N/A,Dark - roadway not lighted,Dry,Unknown,N/A,Non-intersection:  Non-junction/no special feature,Paved,N/A,Property Damage Only,0,0,0,0,0,0,2832,1,4,N/A,POINT (-90.529277744046 41.887612592948)
2009519454,CL09003102,05/29/2009,05-May,6-Friday,12:35,1200 Hours,District 6 (East Central),,,,S 8TH ST,Collision with:  Parked motor vehicle,On Roadway,Rear-end (front to rear),"Operating vehicle in an reckless, erratic, careless, negligent manner",None Indicated,None apparent,Daylight,Dry,Clear,None apparent,Non-intersection:  Non-junction/no special feature,Paved,N/A,Property Damage Only,0,0,0,0,0,0,6000,3,1,N/A,POINT (-90.204034065225 41.836048597912)
2009509186,0910179,05/30/2009,05-May,7-Saturday,11:01,1100 Hours,District 6 (East Central),,,,UTICA RIDGE RD,Collision with:  Vehicle in traffic,On Roadway,Head-on (front to front),Crossed centerline (undivided),None Indicated,None apparent,Daylight,Dry,Cloudy,None apparent,Non-intersection:  Non-junction/no special feature,Paved,N/A,Possible/Unknown,0,1,0,0,1,0,2000,2,2,N/A,POINT (-90.506830786445 41.596968897131)
2009509322,09-088,05/31/2009,05-May,1-Sunday,21:28,2100 Hours,District 2 (Northeast),,,US 218,US 218,Collision with:  Animal,N/A,N/A,Animal,None Indicated,N/A,N/A,N/A,N/A,N/A,N/A,Paved,N/A,Property Damage Only,0,0,0,0,0,0,4000,1,1,N/A,POINT (-92.534190112307 42.745096362046)
2009509637,20090017036,06/01/2009,06-June,2-Monday,17:45,1700 Hours,District 1 (Central),,,,UNIVERSITY AVE & 41ST ST,Collision with:  Vehicle in traffic,On Roadway,"Sideswipe, opposite direction",Unknown,None Indicated,None apparent,Daylight,Unknown,Cloudy,None apparent,Non-intersection:  Non-junction/no special feature,Paved,N/A,Property Damage Only,0,0,0,0,0,0,1500,2,3,N/A,POINT (-93.672894303857 41.600343551768)
2009509750,092725,06/02/2009,06-June,3-Tuesday,02:55,0200 Hours,District 4 (Southwest),,,US 6,US 6/N AVE,Non-collision events:  Other non-collision (explain in narrative),Shoulder,Non-collision (single vehicle),Over correcting/over steering,Alcohol (Statutory),None apparent,Dark - roadway not lighted,Wet,Cloudy,"Surface condition (e.g., wet, icy)",Non-intersection:  Non-junction/no special feature,Paved,N/A,Property Damage Only,0,0,0,0,0,0,15000,1,1,N/A,POINT (-94.012661703779 41.571542849702)
2009509355,9-28314,06/02/2009,06-June,3-Tuesday,16:11,1600 Hours,District 6 (East Central),,,US 6,US 6,Collision with:  Vehicle in traffic,On Roadway,Rear-end (front to rear),Followed too close,None Indicated,None apparent,Daylight,Wet,Rain,"Surface condition (e.g., wet, icy)",Non-intersection:  Non-junction/no special feature,Paved,N/A,Property Damage Only,0,0,0,0,0,0,3500,2,5,N/A,POINT (-91.537067702395 41.646703539909)
2009510892,,06/03/2009,06-June,4-Wednesday,19:26,1900 Hours,District 2 (Northeast),,,,NEWELL AVE,Collision with fixed object:  Utility pole/light support,Roadside,Non-collision (single vehicle),Driving too fast for conditions,None Indicated,None apparent,Daylight,"Mud, dirt",Clear,None apparent,Non-intersection:  Non-junction/no special feature,Unpaved,N/A,Possible/Unknown,0,1,0,0,1,0,3500,1,2,N/A,POINT (-92.771159447277 42.703020771225)
2009513301,09030773,06/04/2009,06-June,5-Thursday,17:44,1700 Hours,District 6 (East Central),,,,1ST ST & 1ST AVE,Collision with:  Vehicle in traffic,On Roadway,Broadside (front to side),FTYROW:  From stop sign,None Indicated,None apparent,Daylight,Dry,Cloudy,None apparent,Intersection:  T-intersection,Paved,N/A,Possible/Unknown,0,1,0,0,1,0,17500,2,3,N/A,POINT (-91.567943836534 41.667691153071)
2009509847,09-2699,06/04/2009,06-June,5-Thursday,16:55,1600 Hours,District 1 (Central),,,,UNIVERSITY AVE,Collision with:  Vehicle in traffic,On Roadway,Rear-end (front to rear),Unknown,None Indicated,None apparent,Daylight,Dry,"Blowing sand, soil, dirt",None apparent,Non-intersection:  Non-junction/no special feature,Paved,N/A,Possible/Unknown,0,2,0,0,2,0,700,3,3,N/A,POINT (-93.789257468544 41.600423231504)
2009510077,09-17484,06/05/2009,06-June,6-Friday,10:45,1000 Hours,District 4 (Southwest),,,US 6,US 6/KANESVILLE BLVD & N 2ND ST,Collision with:  Vehicle in traffic,On Roadway,Broadside (front to side),Ran Traffic Signal,None Indicated,None apparent,Daylight,Dry,Clear,None apparent,Intersection:  Four-way intersection,Paved,N/A,Possible/Unknown,0,3,0,0,3,0,18000,3,3,N/A,POINT (-95.847073588682 41.263792278091)
2009527412,3594,06/06/2009,06-June,7-Saturday,21:30,2100 Hours,District 5 (Southeast),,,IA 22,IA 22/IOWA 22,Collision with:  Animal,N/A,N/A,Animal,None Indicated,N/A,N/A,N/A,N/A,N/A,N/A,Paved,N/A,Property Damage Only,0,0,0,0,0,0,15000,1,1,N/A,POINT (-92.060834854823 41.453342607206)
2009511939,09-004274,06/06/2009,06-June,7-Saturday,02:23,0200 Hours,District 1 (Central),,,,TOLLMAN AVE,Non-collision events:  Overturn/rollover,Shoulder,Non-collision (single vehicle),Exceeded authorized speed,Alcohol (Statutory),None apparent,Dark - roadway not lighted,Dry,Cloudy,None apparent,Non-intersection:  Non-junction/no special feature,Unpaved,N/A,Possible/Unknown,0,2,0,0,1,1,10000,1,2,N/A,POINT (-93.600984146139 42.275371649459)
2009510887,2009034535,06/07/2009,06-June,1-Sunday,00:08,0000 Hours,District 4 (Southwest),,,,8TH ST,Collision with fixed object:  Other fixed object (explain in narrative),Outside trafficway,Non-collision (single vehicle),Ran off road - left,Alcohol (Statutory),None apparent,Dark - roadway not lighted,Dry,Cloudy,None apparent,Non-intersection:  Non-junction/no special feature,Paved,N/A,Property Damage Only,0,0,0,0,0,0,9000,1,1,N/A,POINT (-94.096877191702 41.839005896593)
2009511199,,06/08/2009,06-June,2-Monday,14:05,1400 Hours,District 6 (East Central),,,,,Collision with:  Vehicle in traffic,On Roadway,Broadside (front to side),Improper Backing,None Indicated,None apparent,Daylight,Dry,Clear,None apparent,Non-intersection:  Other non-intersection (explain in narrative),N/A,N/A,Property Damage Only,0,0,0,0,0,0,1400,2,2,N/A,POINT (-96.643700150779 40.233091251088)
2009511377,,06/09/2009,06-June,3-Tuesday,07:17,0700 Hours,District 1 (Central),,,,E 12TH ST,Collision with:  Vehicle in traffic,On Roadway,"Sideswipe, same direction",FTYROW:  From parked position,None Indicated,None apparent,Daylight,Dry,Clear,None apparent,Non-intersection:  Non-junction/no special feature,Paved,N/A,Property Damage Only,0,0,0,0,0,0,5000,2,2,N/A,POINT (-93.604774904855 41.600740090343)
2009510775,09-20397,06/10/2009,06-June,4-Wednesday,12:53,1200 Hours,District 5 (Southeast),,,US 61,US 61 & KIRKWOOD ST,Collision with:  Vehicle in traffic,On Roadway,Broadside (front to side),Ran Traffic Signal,None Indicated,None apparent,Daylight,Dry,Clear,None apparent,Intersection:  Four-way intersection,Paved,N/A,Property Damage Only,0,0,0,0,0,0,4000,2,2,N/A,POINT (-91.141413423089 40.819785930715)
2009511392,09010946,06/11/2009,06-June,5-Thursday,05:32,0500 Hours,District 2 (Northeast),,,IA 122,IA 122/4TH ST SW,Collision with:  Animal,On Roadway,Non-collision (single vehicle),Animal,None Indicated,None apparent,Dawn,Dry,Clear,None apparent,Non-intersection:  Non-junction/no special feature,Paved,N/A,Property Damage Only,0,0,0,0,0,0,1000,1,1,N/A,POINT (-93.259924387876 43.148270657212)
2009511647,2009035361,06/11/2009,06-June,5-Thursday,21:40,2100 Hours,District 4 (Southwest),,,I-29,I-29,Collision with:  Animal,N/A,N/A,Animal,None Indicated,N/A,N/A,N/A,N/A,N/A,N/A,Paved,N/A,Property Damage Only,0,0,0,0,0,0,5000,1,1,N/A,POINT (-95.902308916689 41.504704837592)
2009513021,,06/12/2009,06-June,6-Friday,04:47,0400 Hours,District 6 (East Central),,,I-80,I-80 & IA 1/N DODGE ST,Collision with fixed object:  Concrete traffic barrier (median or right side),On Roadway,Non-collision (single vehicle),Ran off road - left,None Indicated,Unknown,Daylight,Dry,Clear,Work Zone (roadway-related),Non-intersection:  Other non-intersection (explain in narrative),Paved,Yes,Property Damage Only,0,0,0,0,0,0,13000,1,1,N/A,POINT (-91.499405497464 41.686739659147)
2009513302,09032187,06/12/2009,06-June,6-Friday,07:51,0700 Hours,District 6 (East Central),,,US 6,US 6/2ND ST,Collision with:  Vehicle in traffic,On Roadway,Rear-end (front to rear),Followed too close,None Indicated,None apparent,Daylight,Dry,Cloudy,None apparent,Non-intersection:  Non-junction/no special feature,Paved,N/A,Possible/Unknown,0,1,0,0,1,0,6500,3,3,N/A,POINT (-91.561716560968 41.66737920239)
2009516628,C09-0002086,06/13/2009,06-June,7-Saturday,10:15,1000 Hours,District 2 (Northeast),,,US 18,US 18 & IA 76/IOWA 76/1ST ST,Collision with:  Vehicle in traffic,On Roadway,Rear-end (front to rear),Unknown,None Indicated,None apparent,Daylight,Dry,Clear,None apparent,Interchange-related:  On-ramp,Paved,N/A,Property Damage Only,0,0,0,0,0,0,1500,2,4,N/A,POINT (-91.178199734033 43.043869900475)
2009511789,09032766,06/14/2009,06-June,1-Sunday,17:36,1700 Hours,District 6 (East Central),,,IA 1,IA 1/S MARKET ST & WINDFLOWER LN,Collision with:  Vehicle in traffic,On Roadway,Broadside (front to side),"Operating vehicle in an reckless, erratic, careless, negligent manner",Alcohol (Statutory),None apparent,Daylight,Dry,Cloudy,None apparent,Intersection:  Four-way intersection,Paved,N/A,Possible/Unknown,0,1,0,0,1,0,1800,2,4,N/A,POINT (-91.490953211496 41.798915644867)
2009511899,2009035953,06/15/2009,06-June,2-Monday,09:05,0900 Hours,District 1 (Central),,,I-235,I-235,Collision with:  Vehicle in traffic,On Roadway,"Sideswipe, same direction",Swerving/Evasive Action,None Indicated,None apparent,Daylight,Dry,Cloudy,None apparent,Interchange-related:  On-ramp,Paved,N/A,Property Damage Only,0,0,0,0,0,0,1300,2,4,N/A,POINT (-93.57565984089 41.648961008216)
2009511823,20090018744,06/16/2009,06-June,3-Tuesday,16:34,1600 Hours,District 1 (Central),,,,BELL AVE & FLEUR DR,Collision with:  Vehicle in traffic,On Roadway,Rear-end (front to rear),Followed too close,None Indicated,None apparent,Daylight,Dry,Cloudy,None apparent,Intersection:  Four-way intersection,Paved,N/A,Property Damage Only,0,0,0,0,0,0,2000,2,3,N/A,POINT (-93.645028403125 41.562744854375)
2009512291,09-592,06/16/2009,06-June,3-Tuesday,16:11,1600 Hours,District 1 (Central),,,US 6,US 6/HICKMAN RD & IA 28/63RD ST,Collision with:  Vehicle in traffic,On Roadway,Rear-end (front to rear),Followed too close,None Indicated,None apparent,Daylight,Dry,Clear,None apparent,Intersection:  T-intersection,Paved,N/A,Property Damage Only,0,0,0,0,0,0,1100,2,2,N/A,POINT (-93.703735880368 41.614885674871)
2009516633,093014,06/17/2009,06-June,4-Wednesday,03:14,0300 Hours,District 4 (Southwest),,,,ZOOK SPUR PL,Non-collision events:  Other non-collision (explain in narrative),On Roadway,Non-collision (single vehicle),Lost Control,Alcohol (Statutory),Other (explain in narrative),Dark - roadway not lighted,Dry,"Fog, smoke, smog",None apparent,Non-intersection:  Non-junction/no special feature,Unpaved,N/A,Property Damage Only,0,0,0,0,0,0,4000,1,1,N/A,POINT (-93.829114621486 41.845889514488)
2009512613,2009036737,06/18/2009,06-June,5-Thursday,14:46,1400 Hours,District 1 (Central),,,US 20,US 20,Collision with:  Vehicle in traffic,On Roadway,Head-on (front to front),Traveling wrong way or on wrong side of road,None Indicated,None apparent,Daylight,Dry,Cloudy,None apparent,Non-intersection:  Non-junction/no special feature,Paved,N/A,Major Injury,0,2,2,0,0,0,33000,2,2,N/A,POINT (-93.040077637719 42.462338568377)
2009512553,200900027277,06/18/2009,06-June,5-Thursday,15:50,1500 Hours,District 5 (Southeast),,,US 34,US 34/COOK AVE,Collision with:  Vehicle in traffic,On Roadway,Rear-end (front to rear),Driving too fast for conditions,None Indicated,None apparent,Daylight,Dry,Clear,None apparent,Interchange-related:  On-ramp merge area,Paved,N/A,Property Damage Only,0,0,0,0,0,0,2800,2,7,N/A,POINT (-92.418675863065 41.012676455253)
2009512288,09-3014,06/19/2009,06-June,6-Friday,13:31,1300 Hours,District 1 (Central),,,I-235,I-235,Collision with:  Vehicle in traffic,On Roadway,Rear-end (front to rear),Followed too close,None Indicated,None apparent,Daylight,Dry,Cloudy,None apparent,Interchange-related:  Off-ramp,Paved,N/A,Property Damage Only,0,0,0,0,0,0,2000,2,4,N/A,POINT (-93.736639084977 41.592053449747)
2009514176,0906202321,06/20/2009,06-June,7-Saturday,12:20,1200 Hours,District 6 (East Central),,,,292 ST,Collision with:  Vehicle in traffic,On Roadway,Rear-end (front to rear),Ran off road - left,None Indicated,None apparent,Daylight,Dry,Clear,None apparent,Non-intersection:  Non-junction/no special feature,Paved,N/A,Major Injury,0,2,1,1,0,0,11000,2,2,N/A,POINT (-90.358133269307 41.750108259755)
2009516346,,06/20/2009,06-June,7-Saturday,23:42,2300 Hours,District 2 (Northeast),,,,1ST AVE NW,Collision with:  Parked motor vehicle,On Roadway,"Sideswipe, same direction",Other (explain in narrative):  Other,None Indicated,None apparent,Dark - roadway lighted,Dry,Clear,None apparent,Non-intersection:  Non-junction/no special feature,Paved,N/A,Property Damage Only,0,0,0,0,0,0,6000,2,2,N/A,POINT (-93.215839952773 42.742670307838)
2009513228,09-18857,06/21/2009,06-June,1-Sunday,08:39,0800 Hours,District 3 (Northwest),,,,18TH ST & PEARL ST,Collision with:  Vehicle in traffic,On Roadway,Broadside (front to side),FTYROW:  From stop sign,None Indicated,None apparent,Daylight,Wet,Rain,None apparent,Intersection:  Four-way intersection,Paved,N/A,Property Damage Only,0,0,0,0,0,0,1500,2,3,N/A,POINT (-96.408038126091 42.509163976699)
2009534832,,06/22/2009,06-June,2-Monday,00:00,0000 Hours,District 6 (East Central),,,,S JACKSON ST,Collision with:  Parked motor vehicle,On Roadway,Rear-end (front to rear),Unknown,None Indicated,None apparent,Dark - roadway lighted,Wet,Rain,None apparent,Non-intersection:  Alley,Paved,N/A,Property Damage Only,0,0,0,0,0,0,2500,2,1,N/A,POINT (-91.383934224659 41.921037713209)
2009512790,09018846,06/23/2009,06-June,3-Tuesday,17:15,1700 Hours,District 4 (Southwest),,,I-80,I-80,Collision with:  Vehicle in traffic,On Roadway,"Sideswipe, same direction",Improper or erratic lane changing,None Indicated,None apparent,Daylight,Wet,Rain,None apparent,Non-intersection:  Non-junction/no special feature,Paved,N/A,Property Damage Only,0,0,0,0,0,0,4200,3,4,N/A,POINT (-95.903884257168 41.232165035956)
2009513761,S09-4334,06/23/2009,06-June,3-Tuesday,15:00,1500 Hours,District 3 (Northwest),,,,,Collision with fixed object:  Bridge overhead structure,Shoulder,Non-collision (single vehicle),Ran off road - right,None Indicated,None apparent,Daylight,Dry,Clear,None apparent,Non-intersection:  Other non-intersection (explain in narrative),N/A,N/A,Property Damage Only,0,0,0,0,0,0,1200,1,2,N/A,POINT (-96.643700150779 40.233091251088)
2009515584,2009037989,06/24/2009,06-June,4-Wednesday,11:55,1100 Hours,District 5 (Southeast),,,IA 92,IA 92/IOWA 92,Collision with:  Vehicle in traffic,On Roadway,"Sideswipe, opposite direction",Crossed centerline (undivided),None Indicated,None apparent,Daylight,Dry,Clear,None apparent,Non-intersection:  Non-junction/no special feature,Paved,N/A,Major Injury,0,3,1,0,2,0,18000,3,5,N/A,POINT (-91.313855257338 41.27732042514)
2009513100,09011932,06/25/2009,06-June,5-Thursday,10:53,1000 Hours,District 2 (Northeast),,,,S MONROE AVE,Collision with:  Vehicle in traffic,On Roadway,Rear-end (front to rear),Other (explain in narrative):  Other,None Indicated,None apparent,Daylight,Dry,Cloudy,None apparent,Non-intersection:  Non-junction/no special feature,Paved,N/A,Property Damage Only,0,0,0,0,0,0,3000,2,4,N/A,POINT (-93.211055832187 43.135377217825)