Iowa DOT Case Number,Law Enforcement Case Number,Date of Crash,Month of Crash,Day of Week,Time of Crash,Hour,DOT District,City Name,County Name,Route with System,Location Description,First Harmful Event,Location of First Harmful Event,Manner of Crash/Collision,Major Cause,Drug or Alcohol ,Environmental Conditions,Light Conditions,Surface Conditions,Weather Conditions,Roadway Contribution,Roadway Type,Roadway Surface,Work Zone,Crash Severity,Number of Fatalities,Number of Injuries,Number of Major Injuries,Number of Minor Injuries,Number of Possible Injuries,Number of Unknown Injuries,Amount of Property Damage,Number of Vehicles Involved,Total Number of Occupants,Travel Direction,Location
2009536375,HR0912034,06/25/2009,06-June,5-Thursday,23:52,2300 Hours,District 6 (East Central),,,,E 53RD ST,Collision with:  Vehicle in traffic,On Roadway,Rear-end (front to rear),Followed too close,None Indicated,None apparent,Dark - roadway lighted,Dry,Cloudy,None apparent,Non-intersection:  Non-junction/no special feature,Paved,N/A,Possible/Unknown,0,1,0,0,1,0,4000,3,4,N/A,POINT (-90.531597375457 41.574861766667)
2009513379,09013477,06/26/2009,06-June,6-Friday,15:25,1500 Hours,District 6 (East Central),,,,11TH ST,Collision with:  Vehicle in traffic,On Roadway,Broadside (front to side),Made improper turn,None Indicated,None apparent,Daylight,Dry,Clear,None apparent,Non-intersection:  Non-junction/no special feature,Paved,N/A,Property Damage Only,0,0,0,0,0,0,1500,2,2,N/A,POINT (-91.598082252714 42.034487330752)
2009514043,20090020008,06/27/2009,06-June,7-Saturday,06:48,0600 Hours,District 5 (Southeast),,,US 65,US 65,Collision with:  Animal,On Roadway,Non-collision (single vehicle),Animal,None Indicated,None apparent,Daylight,Dry,Clear,None apparent,Non-intersection:  Non-junction/no special feature,Paved,N/A,Property Damage Only,0,0,0,0,0,0,3000,1,1,N/A,POINT (-93.569340663719 41.502525081975)
2009514163,09000855,06/27/2009,06-June,7-Saturday,02:30,0200 Hours,District 3 (Northwest),,,,Co Rd L51/L AVE,Collision with:  Animal,N/A,N/A,Animal,None Indicated,N/A,N/A,N/A,N/A,N/A,N/A,Paved,N/A,Property Damage Only,0,0,0,0,0,0,5000,1,777,N/A,POINT (-95.643275747299 42.642025431337)
2009514247,0900000554,06/28/2009,06-June,1-Sunday,12:22,1200 Hours,District 1 (Central),,,IA 14,IA 14/REED AVE,Collision with:  Animal,N/A,N/A,Animal,None Indicated,N/A,N/A,N/A,N/A,N/A,N/A,Paved,N/A,Property Damage Only,0,0,0,0,0,0,2500,1,777,N/A,POINT (-92.916778650657 41.936893775275)
2009513927,0912411,06/29/2009,06-June,2-Monday,19:50,1900 Hours,District 6 (East Central),,,,BOIES AVE,Collision with:  Parked motor vehicle,On Roadway,"Sideswipe, opposite direction",Lost Control,None Indicated,None apparent,Dusk,Dry,Clear,None apparent,Non-intersection:  Non-junction/no special feature,Paved,N/A,Property Damage Only,0,0,0,0,0,0,2000,2,2,N/A,POINT (-90.615637248783 41.514239721271)
2009515359,09-5706,06/30/2009,06-June,3-Tuesday,00:28,0000 Hours,District 5 (Southeast),,,IA 2,IA 2/IOWA 2,Collision with fixed object:  Tree,Outside trafficway,Non-collision (single vehicle),Swerving/Evasive Action,None Indicated,Animal in roadway,Dark - roadway not lighted,Dry,Clear,None apparent,Non-intersection:  Non-junction/no special feature,Paved,N/A,Possible/Unknown,0,2,0,0,2,0,7500,1,2,N/A,POINT (-91.705477008698 40.619799724024)
2009514059,09-1732,07/01/2009,07-July,4-Wednesday,12:59,1200 Hours,District 1 (Central),,,,COLBY PKWY,Collision with:  Vehicle in traffic,On Roadway,Broadside (front to side),FTYROW:  From stop sign,None Indicated,None apparent,Daylight,Dry,Clear,None apparent,Non-intersection:  Driveway access (within),Paved,N/A,Possible/Unknown,0,1,0,0,1,0,14500,2,3,N/A,POINT (-93.735354694894 41.625820634845)
2009514279,09-4712,07/01/2009,07-July,4-Wednesday,15:35,1500 Hours,District 1 (Central),,,,S 11TH ST,Collision with:  Vehicle in traffic,On Roadway,Rear-end (front to rear),Other (explain in narrative):  Other,None Indicated,None apparent,Daylight,Dry,Clear,None apparent,Intersection:  T-intersection,Paved,N/A,Property Damage Only,0,0,0,0,0,0,2500,2,2,N/A,POINT (-93.775177271277 41.680205162139)
2009514601,09-20358,07/02/2009,07-July,5-Thursday,19:39,1900 Hours,District 3 (Northwest),,,,S ROSWELL ST,Non-collision events:  Overturn/rollover,On Roadway,Unknown,Exceeded authorized speed,None Indicated,None apparent,Dusk,Dry,Clear,None apparent,Non-intersection:  Non-junction/no special feature,Unpaved,N/A,Minor Injury,0,2,0,1,0,1,5000,1,3,N/A,POINT (-96.33269652297 42.47263567493)
2009514331,09-20185,07/03/2009,07-July,6-Friday,11:20,1100 Hours,District 4 (Southwest),,,US 6,US 6/W BROADWAY & S 12TH ST & N 12TH ST,Collision with:  Vehicle in traffic,On Roadway,Rear-end (front to rear),Unknown,None Indicated,Other (explain in narrative),Daylight,Unknown,Unknown,Unknown,Non-intersection:  Other non-intersection (explain in narrative),Paved,N/A,Possible/Unknown,0,2,0,0,1,1,1000,2,2,N/A,POINT (-95.861802319525 41.261868718568)
2009514289,20090020722,07/03/2009,07-July,6-Friday,13:10,1300 Hours,District 5 (Southeast),,,US 69,US 69,Collision with:  Vehicle in traffic,On Roadway,"Sideswipe, same direction",Improper or erratic lane changing,None Indicated,None apparent,Daylight,Dry,Cloudy,None apparent,Non-intersection:  Non-junction/no special feature,Paved,N/A,Property Damage Only,0,0,0,0,0,0,2000,2,3,N/A,POINT (-93.573502292012 41.508404245888)
2009514183,CL09002718,07/04/2009,07-July,7-Saturday,13:41,1300 Hours,District 6 (East Central),,,US 67,US 67/N 3RD ST,Collision with:  Parked motor vehicle,Roadside,"Sideswipe, same direction",Unknown,None Indicated,Unknown,Daylight,Wet,Rain,None apparent,Non-intersection:  Non-junction/no special feature,Paved,N/A,Property Damage Only,0,0,0,0,0,0,1000,2,1,N/A,POINT (-90.182529139512 41.876030274096)
2009514967,,07/05/2009,07-July,1-Sunday,10:12,1000 Hours,District 6 (East Central),,,,EAST DALE CT,Collision with:  Parked motor vehicle,On Roadway,Rear-end (front to rear),Improper Backing,None Indicated,None apparent,Daylight,Dry,Clear,None apparent,Non-intersection:  Non-junction/no special feature,Paved,N/A,Property Damage Only,0,0,0,0,0,0,3500,2,1,N/A,POINT (-90.498495247373 41.565517882335)
2009514554,0912831,07/06/2009,07-July,2-Monday,01:48,0100 Hours,District 6 (East Central),,,,MADISON ST,Collision with fixed object:  Utility pole/light support,On Roadway,Non-collision (single vehicle),Exceeded authorized speed,None Indicated,None apparent,Dark - roadway lighted,Dry,Clear,None apparent,Non-intersection:  Non-junction/no special feature,Paved,N/A,Minor Injury,0,2,0,2,0,0,5000,1,2,N/A,POINT (-90.599768530624 41.52730204046)
2009516643,093449,07/07/2009,07-July,3-Tuesday,21:16,2100 Hours,District 4 (Southwest),,,IA 141,IA 141/141ST ST,Collision with:  Animal,N/A,N/A,Animal,None Indicated,N/A,N/A,N/A,N/A,N/A,N/A,Paved,N/A,Property Damage Only,0,0,0,0,0,0,3750,1,777,N/A,POINT (-94.065147961809 41.835080380915)
2009514789,09-1800,07/07/2009,07-July,3-Tuesday,12:40,1200 Hours,District 1 (Central),,,,MEREDITH DR & 94TH ST,Collision with:  Vehicle in traffic,On Roadway,Rear-end (front to rear),Driver Distraction:  Reaching for object(s)/fallen object(s),None Indicated,None apparent,Daylight,Dry,Clear,None apparent,Non-intersection:  Non-junction/no special feature,Paved,N/A,Property Damage Only,0,0,0,0,0,0,5300,3,3,N/A,POINT (-93.747243826466 41.643893373572)
2009515320,02-09-9346,07/08/2009,07-July,4-Wednesday,17:37,1700 Hours,District 6 (East Central),,,US 151,US 151,Collision with:  Animal,N/A,N/A,Animal,None Indicated,N/A,N/A,N/A,N/A,N/A,N/A,Paved,N/A,Property Damage Only,0,0,0,0,0,0,4000,1,777,N/A,POINT (-90.925372758681 42.31805699445)
2009515218,09-2625,07/09/2009,07-July,5-Thursday,11:40,1100 Hours,District 1 (Central),,,,CENTRAL AVE,Collision with:  Parked motor vehicle,Shoulder,Rear-end (front to rear),Other (explain in narrative):  No improper action,None Indicated,None apparent,Daylight,Wet,Rain,None apparent,Non-intersection:  Non-junction/no special feature,Paved,N/A,Property Damage Only,0,0,0,0,0,0,1000,2,1,N/A,POINT (-94.187183841426 42.505098291874)
2009515268,W09-074316,07/10/2009,07-July,6-Friday,08:29,0800 Hours,District 2 (Northeast),,,US 63,US 63/E MULLAN AVE/LOGAN AVE & W PARKER ST & E PARKER ST,Collision with:  Vehicle in traffic,On Roadway,Rear-end (front to rear),Improper Backing,None Indicated,None apparent,Daylight,Wet,Cloudy,None apparent,Intersection:  Four-way intersection,Paved,N/A,Property Damage Only,0,0,0,0,0,0,1500,2,2,N/A,POINT (-92.337678728168 42.516700505475)
2009515429,09-3402,07/10/2009,07-July,6-Friday,13:43,1300 Hours,District 1 (Central),,,,MAPLE ST & 4TH ST,Collision with:  Vehicle in traffic,On Roadway,Broadside (front to side),Ran Stop Sign,None Indicated,None apparent,Daylight,Dry,Clear,None apparent,Intersection:  Four-way intersection,Paved,N/A,Property Damage Only,0,0,0,0,0,0,4500,2,3,N/A,POINT (-93.707506134432 41.571069403467)
2009517559,,07/11/2009,07-July,7-Saturday,15:50,1500 Hours,District 1 (Central),,,US 30,US 30 & US 63/S COUNTY ROAD,Collision with:  Vehicle in traffic,On Roadway,Rear-end (front to rear),Lost Control,None Indicated,None apparent,Daylight,Dry,Clear,None apparent,Non-intersection:  Non-junction/no special feature,Paved,N/A,Possible/Unknown,0,1,0,0,1,0,1500,2,4,N/A,POINT (-92.58128665578 41.986877219891)
2009516533,09-7824,07/12/2009,07-July,1-Sunday,22:36,2200 Hours,District 3 (Northwest),,,IA 60,IA 60/IOWA 60 & LILY AVE,Collision with:  Animal,On Roadway,Non-collision (single vehicle),Animal,None Indicated,None apparent,Dark - roadway not lighted,Dry,Cloudy,None apparent,Non-intersection:  Non-junction/no special feature,Paved,N/A,Property Damage Only,0,0,0,0,0,0,1000,1,1,N/A,POINT (-95.920691636646 43.036503879327)
2009519992,,07/13/2009,07-July,2-Monday,16:30,1600 Hours,District 2 (Northeast),,,,N SHORE DR & W 6TH AVE N,Collision with:  Vehicle in traffic,On Roadway,Broadside (front to side),Other (explain in narrative):  No improper action,None Indicated,None apparent,Daylight,Dry,Cloudy,None apparent,Non-intersection:  Driveway access (within),Paved,N/A,Property Damage Only,0,0,0,0,0,0,2000,2,2,N/A,POINT (-93.406537558522 43.139802337319)
2009516222,09014756,07/13/2009,07-July,2-Monday,12:40,1200 Hours,District 6 (East Central),,,,7TH AVE,Collision with:  Vehicle in traffic,On Roadway,"Sideswipe, same direction",Improper or erratic lane changing,None Indicated,None apparent,Daylight,Dry,Clear,None apparent,Non-intersection:  Non-junction/no special feature,Paved,N/A,Property Damage Only,0,0,0,0,0,0,2500,2,2,N/A,POINT (-91.59075126578 42.0332987674)
2009516127,09-22056,07/14/2009,07-July,3-Tuesday,17:06,1700 Hours,District 3 (Northwest),,,,DODGE AVE,Collision with:  Non-motorist (see non-motorist section - NOT a unit),On Roadway,Non-collision (single vehicle),Other (explain in narrative):  No improper action,None Indicated,None apparent,Daylight,Dry,Clear,None apparent,Non-intersection:  Alley,Paved,N/A,Minor Injury,0,1,0,1,0,0,100,1,1,N/A,POINT (-96.376524904597 42.484462033526)
2009517918,09-7483,07/15/2009,07-July,4-Wednesday,11:25,1100 Hours,District 4 (Southwest),,,,260TH ST,Non-collision events:  Overturn/rollover,On Roadway,Non-collision (single vehicle),Swerving/Evasive Action,None Indicated,None apparent,Daylight,"Mud, dirt",Clear,None apparent,Non-intersection:  Non-junction/no special feature,Unpaved,N/A,Minor Injury,0,1,0,1,0,0,39000,2,3,N/A,POINT (-95.689704950987 41.227716239718)
2009516596,,07/16/2009,07-July,5-Thursday,07:13,0700 Hours,District 4 (Southwest),,,,HIATT ST & N 17TH ST,Collision with fixed object:  Utility pole/light support,Shoulder,Non-collision (single vehicle),Ran off road - right,None Indicated,None apparent,Daylight,N/A,Cloudy,None apparent,Non-intersection:  Non-junction/no special feature,Paved,N/A,Minor Injury,0,1,0,1,0,0,8000,1,1,N/A,POINT (-95.908555130649 41.293046714084)
2009517024,2009042528,07/16/2009,07-July,5-Thursday,22:10,2200 Hours,District 1 (Central),,,I-35,I-35,Collision with:  Animal,N/A,N/A,Animal,None Indicated,N/A,N/A,N/A,N/A,N/A,N/A,Paved,N/A,Property Damage Only,0,0,0,0,0,0,4000,1,777,N/A,POINT (-93.570630922203 42.241852449316)
2009516716,20090022355,07/17/2009,07-July,6-Friday,16:40,1600 Hours,District 1 (Central),,,US 69,US 69/SE 14TH ST & E PARK AVE,Collision with:  Vehicle in traffic,On Roadway,Rear-end (front to rear),Followed too close,None Indicated,None apparent,Daylight,Dry,Cloudy,None apparent,Intersection:  Four-way intersection,Paved,N/A,Property Damage Only,0,0,0,0,0,0,2500,2,2,N/A,POINT (-93.596832563593 41.555312885804)
2009516910,SO0938122,07/18/2009,07-July,7-Saturday,09:54,0900 Hours,District 5 (Southeast),,,,JASMINE AVE,Collision with fixed object:  Ditch,Roadside,Non-collision (single vehicle),Driving too fast for conditions,None Indicated,None apparent,Daylight,"Mud, dirt",Cloudy,"Surface condition (e.g., wet, icy)",Non-intersection:  Non-junction/no special feature,Unpaved,N/A,Property Damage Only,0,0,0,0,0,0,1000,1,1,N/A,POINT (-91.99586787219 41.101469543956)
2009518455,09008706,07/19/2009,07-July,1-Sunday,01:10,0100 Hours,District 5 (Southeast),,,,Co Rd T61/HWY T61,Collision with:  Animal,On Roadway,Non-collision (single vehicle),Animal,None Indicated,Animal in roadway,Dark - roadway not lighted,Dry,Clear,None apparent,Non-intersection:  Non-junction/no special feature,Paved,N/A,Property Damage Only,0,0,0,0,0,0,1000,1,1,N/A,POINT (-92.648367946502 40.87639157666)
2009516784,09-22700,07/20/2009,07-July,2-Monday,04:03,0400 Hours,District 3 (Northwest),,,,COURT ST,Collision with:  Vehicle in traffic,On Roadway,Rear-end (front to rear),Unknown,None Indicated,None apparent,Dark - roadway lighted,Dry,Cloudy,None apparent,Non-intersection:  Non-junction/no special feature,Paved,N/A,Possible/Unknown,0,1,0,0,1,0,2000,2,1,N/A,POINT (-96.396032740417 42.506369206923)
2009516666,PD090653,07/20/2009,07-July,2-Monday,21:07,2100 Hours,District 1 (Central),,,IA 14,IA 14/4TH ST,Collision with:  Animal,N/A,N/A,Animal,None Indicated,N/A,N/A,N/A,N/A,N/A,N/A,Paved,N/A,Property Damage Only,0,0,0,0,0,0,1000,1,777,N/A,POINT (-92.768284211569 42.371934243933)
2009516872,CL09002967,07/21/2009,07-July,3-Tuesday,19:13,1900 Hours,District 6 (East Central),,,,S BLUFF BLVD,Collision with:  Vehicle in traffic,On Roadway,Broadside (front to side),FTYROW:  From stop sign,None Indicated,None apparent,Daylight,Wet,Cloudy,None apparent,Intersection:  T-intersection,Paved,N/A,Property Damage Only,0,0,0,0,0,0,4000,2,2,N/A,POINT (-90.226218193673 41.832930543579)
2009517142,20090022903,07/22/2009,07-July,4-Wednesday,09:56,0900 Hours,District 1 (Central),,,,LEACH AVE & SW 9TH ST,Collision with:  Non-motorist (see non-motorist section - NOT a unit),On Roadway,Non-collision (single vehicle),Other (explain in narrative):  Other,None Indicated,None apparent,Daylight,Dry,Clear,None apparent,Intersection:  Four-way intersection,Paved,N/A,Possible/Unknown,0,1,0,0,1,0,0,1,1,N/A,POINT (-93.625741435387 41.546332039017)
2009517921,09-7832,07/22/2009,07-July,4-Wednesday,21:40,2100 Hours,District 4 (Southwest),,,,Co Rd L35/WABASH AVE,Collision with:  Animal,N/A,N/A,Animal,None Indicated,N/A,N/A,N/A,N/A,N/A,N/A,Paved,N/A,Property Damage Only,0,0,0,0,0,0,3000,1,1,N/A,POINT (-95.792515609601 41.166607742872)
2009517330,09-16218,07/23/2009,07-July,5-Thursday,13:50,1300 Hours,District 1 (Central),,,,24TH ST & FERNDALE AVE,Collision with:  Vehicle in traffic,On Roadway,Broadside (front to side),Ran Stop Sign,None Indicated,None apparent,Daylight,Dry,Cloudy,None apparent,Intersection:  Four-way intersection,Paved,N/A,Property Damage Only,0,0,0,0,0,0,1100,2,4,N/A,POINT (-93.62352480301 42.045679168037)
2009517928,S-09-007977,07/24/2009,07-July,6-Friday,19:33,1900 Hours,District 4 (Southwest),,,,260TH ST,Collision with fixed object:  Ditch,On Roadway,Non-collision (single vehicle),Swerving/Evasive Action,None Indicated,None apparent,Daylight,"Mud, dirt",Clear,None apparent,Non-intersection:  Non-junction/no special feature,Unpaved,N/A,Possible/Unknown,0,1,0,0,1,0,4100,1,1,N/A,POINT (-95.689747140881 41.21681730504)
2009532620,09006351,07/25/2009,07-July,7-Saturday,11:30,1100 Hours,District 6 (East Central),,,,FIRST ST SW,Collision with:  Non-motorist (see non-motorist section - NOT a unit),On Roadway,Non-collision (single vehicle),Other (explain in narrative):  No improper action,None Indicated,None apparent,Daylight,Dry,Clear,None apparent,Non-intersection:  Non-junction/no special feature,Paved,N/A,Possible/Unknown,0,1,0,0,1,0,0,1,1,N/A,POINT (-91.250539738804 42.344563322131)
2009517874,09008970,07/25/2009,07-July,7-Saturday,15:00,1500 Hours,District 5 (Southeast),,,,497TH ST,Collision with fixed object:  Ditch,On Roadway,Non-collision (single vehicle),Swerving/Evasive Action,None Indicated,None apparent,Daylight,Dry,Clear,None apparent,Non-intersection:  Non-junction/no special feature,Unpaved,N/A,Possible/Unknown,0,2,0,0,2,0,8000,1,2,N/A,POINT (-92.923578355068 40.764493945864)
2009518732,,07/26/2009,07-July,1-Sunday,11:40,1100 Hours,District 1 (Central),,,US 69,US 69/E 14TH ST,Collision with:  Vehicle in traffic,On Roadway,Rear-end (front to rear),Lost Control,None Indicated,None apparent,Daylight,Dry,Clear,None apparent,Non-intersection:  Non-junction/no special feature,Paved,N/A,Possible/Unknown,0,3,0,0,3,0,5500,3,8,N/A,POINT (-93.600401383727 41.60014151469)
2009518416,,07/27/2009,07-July,2-Monday,19:00,1900 Hours,District 6 (East Central),,,,UTICA RIDGE RD,Collision with:  Vehicle in traffic,On Roadway,Rear-end (front to rear),Followed too close,None Indicated,None apparent,Daylight,Dry,Clear,None apparent,Non-intersection:  Driveway access (within),Paved,N/A,Property Damage Only,0,0,0,0,0,0,1500,2,2,N/A,POINT (-90.517778672806 41.554867255753)
2009518885,200900034050,07/28/2009,07-July,3-Tuesday,10:56,1000 Hours,District 5 (Southeast),,,,W FINLEY AVE,Collision with:  Parked motor vehicle,On Roadway,Broadside (front to side),FTYROW:  From driveway,None Indicated,None apparent,Daylight,Dry,Cloudy,Work Zone (roadway-related),Non-intersection:  Driveway access (within),Paved,Yes,Property Damage Only,0,0,0,0,0,0,1500,2,1,N/A,POINT (-92.424095275993 41.002164109074)
2009519418,,07/29/2009,07-July,4-Wednesday,23:51,2300 Hours,District 2 (Northeast),,,US 18,US 18,Collision with:  Animal,On Roadway,Non-collision (single vehicle),Animal,None Indicated,Animal in roadway,Dark - roadway not lighted,Wet,Rain,None apparent,Non-intersection:  Non-junction/no special feature,Paved,N/A,Property Damage Only,0,0,0,0,0,0,1500,1,3,N/A,POINT (-92.754609812825 43.127339419581)
2009518247,09-27513,07/30/2009,07-July,5-Thursday,18:49,1800 Hours,District 5 (Southeast),,,,MAPLE ST & CENTRAL AVE,Collision with:  Vehicle in traffic,On Roadway,Broadside (front to side),FTYROW:  From stop sign,None Indicated,None apparent,Daylight,Dry,Clear,None apparent,Intersection:  Four-way intersection,Paved,N/A,Property Damage Only,0,0,0,0,0,0,2989,2,4,N/A,POINT (-91.112594523253 40.804518090667)
2009521650,09-006730,07/30/2009,07-July,5-Thursday,15:05,1500 Hours,District 5 (Southeast),,,,Co Rd X32/303 AVE,Collision with:  Vehicle in traffic,On Roadway,Broadside (front to side),FTYROW:  Other (explain in narrative),None Indicated,None apparent,Daylight,Dry,Clear,None apparent,Non-intersection:  Non-junction/no special feature,Paved,N/A,Possible/Unknown,0,1,0,0,1,0,6000,2,2,N/A,POINT (-91.325564414855 40.666541666507)
2009518784,09014654,07/31/2009,07-July,6-Friday,13:06,1300 Hours,District 2 (Northeast),,,,6TH ST SW & S MONROE AVE,Collision with:  Vehicle in traffic,On Roadway,Broadside (front to side),FTYROW:  From driveway,None Indicated,None apparent,Daylight,Dry,Cloudy,None apparent,Non-intersection:  Driveway access (within),Paved,N/A,Minor Injury,0,2,0,1,1,0,16500,2,4,N/A,POINT (-93.209064297408 43.146312779016)
2009518698,2009045646,08/01/2009,08-August,7-Saturday,22:30,2200 Hours,District 4 (Southwest),,,US 6,US 6/W BROADWAY,Collision with:  Vehicle in traffic,On Roadway,Rear-end (front to rear),Other (explain in narrative):  Other,None Indicated,None apparent,Dark - roadway not lighted,Dry,Clear,None apparent,Intersection:  Four-way intersection,Paved,N/A,Property Damage Only,0,0,0,0,0,0,1500,2,2,N/A,POINT (-95.886524275248 41.261935537182)
2009518488,CL09003163,08/02/2009,08-August,1-Sunday,14:13,1400 Hours,District 6 (East Central),,,US 30,US 30/CAMANCHE AVE & 15TH AVE S,Collision with:  Vehicle in traffic,On Roadway,Rear-end (front to rear),Followed too close,None Indicated,None apparent,Daylight,Dry,Clear,None apparent,Non-intersection:  Non-junction/no special feature,Paved,N/A,Possible/Unknown,0,1,0,0,1,0,2000,2,2,N/A,POINT (-90.201880441401 41.829926251767)
2009521851,,08/03/2009,08-August,2-Monday,11:45,1100 Hours,District 1 (Central),,,,FLEUR DR,Collision with:  Vehicle in traffic,On Roadway,Broadside (front to side),FTYROW:  From driveway,None Indicated,None apparent,Daylight,Dry,Clear,None apparent,Non-intersection:  Driveway access (within),Paved,N/A,Property Damage Only,0,0,0,0,0,0,3500,2,2,N/A,POINT (-93.64499545566 41.547369581359)
2009519031,09-0675,08/03/2009,08-August,2-Monday,10:50,1000 Hours,District 1 (Central),,,,AVE A W,Collision with:  Vehicle in traffic,On Roadway,Unknown,Unknown,None Indicated,None apparent,Daylight,Dry,Clear,Other (explain in narrative),Intersection:  T-intersection,Paved,N/A,Property Damage Only,0,0,0,0,0,0,1500,2,2,N/A,POINT (-94.215221962628 42.501103040606)
2009519529,20090024600,08/04/2009,08-August,3-Tuesday,17:30,1700 Hours,District 1 (Central),,,I-235,I-235,Collision with:  Vehicle in traffic,On Roadway,Rear-end (front to rear),Followed too close,None Indicated,None apparent,Daylight,Dry,Cloudy,None apparent,Non-intersection:  Non-junction/no special feature,Paved,N/A,Property Damage Only,0,0,0,0,0,0,3500,2,2,N/A,POINT (-93.653588624122 41.593411273089)
2009519570,09-2037,08/05/2009,08-August,4-Wednesday,16:48,1600 Hours,District 1 (Central),,,,DOUGLAS AVE & MARY LYNN DR,Collision with:  Vehicle in traffic,On Roadway,"Sideswipe, opposite direction",Made improper turn,None Indicated,None apparent,Daylight,Dry,Clear,None apparent,Intersection:  Four-way intersection,Paved,N/A,Property Damage Only,0,0,0,0,0,0,1000,2,2,N/A,POINT (-93.747459236744 41.629282378616)
2009519183,09-5647,08/06/2009,08-August,5-Thursday,11:30,1100 Hours,District 1 (Central),,,,Co Rd R33/MERLE HAY RD,Collision with:  Vehicle in traffic,On Roadway,Rear-end (front to rear),Driver Distraction:  Reaching for object(s)/fallen object(s),None Indicated,None apparent,Daylight,Dry,Clear,None apparent,Intersection:  Intersection with ramp,Paved,N/A,Possible/Unknown,0,1,0,0,1,0,20000,2,2,N/A,POINT (-93.697652679864 41.652932985973)
2009526609,,08/06/2009,08-August,5-Thursday,17:10,1700 Hours,District 2 (Northeast),,,,NORTH ST & VIEW ST,Collision with:  Vehicle in traffic,On Roadway,Rear-end (front to rear),Improper Backing,None Indicated,None apparent,Daylight,Dry,Clear,None apparent,Intersection:  T-intersection,Paved,N/A,Property Damage Only,0,0,0,0,0,0,2100,2,2,N/A,POINT (-91.806133587996 43.308661225772)
2009519675,09-24988,08/07/2009,08-August,6-Friday,11:18,1100 Hours,District 3 (Northwest),,,,DACE AVE & S FAIRMOUNT ST,Collision with fixed object:  Utility pole/light support,On Roadway,Unknown,Other (explain in narrative):  No improper action,None Indicated,None apparent,Daylight,Dry,Clear,None apparent,Non-intersection:  Non-junction/no special feature,Paved,N/A,Property Damage Only,0,0,0,0,0,0,2000,1,1,N/A,POINT (-96.374422099771 42.488792174321)
2009519599,09-025198,08/08/2009,08-August,7-Saturday,11:35,1100 Hours,District 4 (Southwest),,,IA 192,IA 192/S 7TH ST & 5TH AVE,Collision with:  Vehicle in traffic,On Roadway,Broadside (front to side),Ran Traffic Signal,None Indicated,None apparent,Daylight,Dry,Clear,None apparent,Intersection:  Four-way intersection,Paved,N/A,Possible/Unknown,0,1,0,0,1,0,8000,2,6,N/A,POINT (-95.854739792452 41.257018646091)
2009519606,09-025141,08/08/2009,08-August,7-Saturday,01:30,0100 Hours,District 4 (Southwest),,,,N 35TH ST,Collision with:  Vehicle in traffic,On Roadway,Rear-end (front to rear),Other (explain in narrative):  Vision obstructed,None Indicated,None apparent,Dark - roadway lighted,Dry,Cloudy,None apparent,Intersection:  Four-way intersection,Paved,N/A,Property Damage Only,0,0,0,0,0,0,1100,2,2,N/A,POINT (-95.902076042285 41.26219271329)
2009556023,09-027-ACL,08/09/2009,08-August,1-Sunday,19:25,1900 Hours,District 3 (Northwest),,,,13TH ST & M AVE,Collision with:  Vehicle in traffic,On Roadway,Broadside (front to side),FTYROW:  From stop sign,None Indicated,None apparent,Daylight,Dry,Clear,None apparent,Intersection:  Four-way intersection,Paved,N/A,Property Damage Only,0,0,0,0,0,0,3000,2,5,N/A,POINT (-95.152780843479 43.327944632945)
2009520081,20090025340,08/10/2009,08-August,2-Monday,14:20,1400 Hours,District 1 (Central),,,US 69,US 69/SE 14TH ST & HART AVE,Collision with:  Vehicle in traffic,On Roadway,Rear-end (front to rear),Followed too close,None Indicated,None apparent,Daylight,Dry,Cloudy,None apparent,Intersection:  Four-way intersection,Paved,N/A,Minor Injury,0,1,0,1,0,0,5500,2,8,N/A,POINT (-93.596799524478 41.530858165237)
2009520811,09-9206,08/11/2009,08-August,3-Tuesday,08:34,0800 Hours,District 3 (Northwest),,,,8TH ST,Collision with fixed object:  Other fixed object (explain in narrative),Outside trafficway,Head-on (front to front),Ran off road - right,None Indicated,None apparent,Daylight,Dry,Clear,None apparent,Non-intersection:  Non-junction/no special feature,Paved,N/A,Possible/Unknown,0,1,0,0,1,0,3000,2,2,N/A,POINT (-94.875840050538 42.070047337842)
2009521606,S09-29233,08/12/2009,08-August,4-Wednesday,10:50,1000 Hours,District 5 (Southeast),,,US 61,US 61,Collision with:  Vehicle in traffic,On Roadway,Rear-end (front to rear),Driver Distraction:  Reaching for object(s)/fallen object(s),None Indicated,None apparent,Daylight,Dry,Clear,Work Zone (roadway-related),Non-intersection:  Non-junction/no special feature,Paved,Yes,Property Damage Only,0,0,0,0,0,0,51000,3,3,N/A,POINT (-91.170196627896 40.909648390188)
2009520682,20090025717,08/12/2009,08-August,4-Wednesday,17:00,1700 Hours,District 1 (Central),,,,E JEFFERSON AVE & E 24TH ST,Collision with:  Non-motorist (see non-motorist section - NOT a unit),On Roadway,Non-collision (single vehicle),Unknown,None Indicated,None apparent,Daylight,Dry,Clear,None apparent,Non-intersection:  Non-junction/no special feature,Paved,N/A,Minor Injury,0,1,0,1,0,0,0,1,1,N/A,POINT (-93.573645317976 41.610023960801)
2009527190,090813PDB01,08/13/2009,08-August,5-Thursday,09:00,0900 Hours,District 3 (Northwest),,,,LINCOLN PL & LINCOLN CIR,Collision with:  Vehicle in traffic,On Roadway,"Angle, oncoming left turn",FTYROW:  Making left turn,None Indicated,None apparent,Daylight,Wet,Rain,None apparent,Intersection:  T-intersection,Unpaved,N/A,Property Damage Only,0,0,0,0,0,0,5500,2,4,N/A,POINT (-96.046307208953 42.995985072296)