Iowa DOT Case Number,Law Enforcement Case Number,Date of Crash,Month of Crash,Day of Week,Time of Crash,Hour,DOT District,City Name,County Name,Route with System,Location Description,First Harmful Event,Location of First Harmful Event,Manner of Crash/Collision,Major Cause,Drug or Alcohol ,Environmental Conditions,Light Conditions,Surface Conditions,Weather Conditions,Roadway Contribution,Roadway Type,Roadway Surface,Work Zone,Crash Severity,Number of Fatalities,Number of Injuries,Number of Major Injuries,Number of Minor Injuries,Number of Possible Injuries,Number of Unknown Injuries,Amount of Property Damage,Number of Vehicles Involved,Total Number of Occupants,Travel Direction,Location
2009521098,09-036317,08/14/2009,08-August,6-Friday,02:38,0200 Hours,District 5 (Southeast),,,,E 6TH ST,Collision with:  Parked motor vehicle,On Roadway,"Sideswipe, same direction",Traveling wrong way or on wrong side of road,Refused,None apparent,Dark - roadway lighted,Dry,Clear,None apparent,Non-intersection:  Non-junction/no special feature,Paved,N/A,Property Damage Only,0,0,0,0,0,0,2900,2,1,N/A,POINT (-91.0419171353 41.428367982409)
2009521642,09-007339,08/15/2009,08-August,7-Saturday,21:40,2100 Hours,District 5 (Southeast),,,US 61,US 61,Collision with:  Animal,On Roadway,Non-collision (single vehicle),Animal,None Indicated,Animal in roadway,Dark - roadway not lighted,Dry,Clear,None apparent,Non-intersection:  Non-junction/no special feature,Paved,N/A,Property Damage Only,0,0,0,0,0,0,1000,1,3,N/A,POINT (-91.444437934898 40.475650386737)
2009556799,09005497,08/16/2009,08-August,1-Sunday,19:39,1900 Hours,District 2 (Northeast),,,I-35,I-35,Collision with fixed object:  Ditch,Shoulder,Non-collision (single vehicle),Swerving/Evasive Action,None Indicated,None apparent,Dusk,Dry,Clear,None apparent,Interchange-related:  On-ramp,Paved,N/A,Minor Injury,0,1,0,1,0,0,5000,1,1,N/A,POINT (-93.342157340005 43.100931746874)
2009520866,09017935,08/17/2009,08-August,2-Monday,14:27,1400 Hours,District 6 (East Central),,,,5TH AVE & 14TH ST,Collision with:  Vehicle in traffic,On Roadway,Head-on (front to front),FTYROW:  From stop sign,None Indicated,None apparent,Daylight,Dry,Cloudy,None apparent,Intersection:  Four-way intersection,Paved,N/A,Property Damage Only,0,0,0,0,0,0,2700,2,3,N/A,POINT (-91.594632342889 42.031509070176)
2009520892,20090026246,08/17/2009,08-August,2-Monday,17:50,1700 Hours,District 1 (Central),,,I-235,I-235,Collision with:  Vehicle in traffic,On Roadway,Rear-end (front to rear),Followed too close,None Indicated,None apparent,Daylight,Dry,Cloudy,None apparent,Non-intersection:  Non-junction/no special feature,Paved,N/A,Possible/Unknown,0,1,0,0,1,0,2000,3,4,N/A,POINT (-93.694783346357 41.592638275562)
2009521069,09016166,08/18/2009,08-August,3-Tuesday,13:45,1300 Hours,District 2 (Northeast),,,US 65,US 65/N DELAWARE AVE & 2ND ST NE,Collision with:  Vehicle in traffic,On Roadway,"Sideswipe, same direction",Made improper turn,None Indicated,None apparent,Daylight,Dry,Clear,None apparent,Non-intersection:  Non-junction/no special feature,Paved,N/A,Property Damage Only,0,0,0,0,0,0,2000,2,2,N/A,POINT (-93.199421918681 43.153623919423)
2009521221,09008569,08/19/2009,08-August,4-Wednesday,11:20,1100 Hours,District 2 (Northeast),,,IA 150,IA 150/LINCOLN RD,Collision with:  Animal,N/A,N/A,Animal,None Indicated,N/A,N/A,N/A,N/A,N/A,N/A,Paved,N/A,Property Damage Only,0,0,0,0,0,0,3000,1,777,N/A,POINT (-91.810664608363 42.902772415764)
2009521741,09-027009,08/20/2009,08-August,5-Thursday,17:35,1700 Hours,District 4 (Southwest),,,US 275,US 275/VETERANS MEMORIAL HWY,Collision with:  Vehicle in traffic,On Roadway,Rear-end (front to rear),Followed too close,None Indicated,None apparent,Daylight,Wet,Rain,None apparent,Non-intersection:  Non-junction/no special feature,Paved,N/A,Possible/Unknown,0,1,0,0,1,0,5600,3,3,N/A,POINT (-95.878941573814 41.218660877596)
2009522413,,08/20/2009,08-August,5-Thursday,17:18,1700 Hours,District 1 (Central),,,IA 28,IA 28/MERLE HAY RD,Collision with:  Vehicle in traffic,On Roadway,"Sideswipe, same direction",Improper or erratic lane changing,None Indicated,None apparent,Daylight,Dry,Clear,None apparent,Non-intersection:  Non-junction/no special feature,Paved,N/A,Property Damage Only,0,0,0,0,0,0,1700,2,2,N/A,POINT (-93.697674379613 41.642700740299)
2009521881,01-09-39028,08/21/2009,08-August,6-Friday,15:07,1500 Hours,District 6 (East Central),,,,KERPER BLVD & FENGLER ST,Collision with:  Vehicle in traffic,On Roadway,Rear-end (front to rear),Lost Control,None Indicated,None apparent,Daylight,Dry,Clear,None apparent,Non-intersection:  Non-junction/no special feature,Paved,N/A,Property Damage Only,0,0,0,0,0,0,6000,2,2,N/A,POINT (-90.655933474408 42.518445776405)
2009533432,W09-090986,08/22/2009,08-August,7-Saturday,02:30,0200 Hours,District 2 (Northeast),,,,LAFAYETTE ST,Collision with fixed object:  Other fixed object (explain in narrative),Outside trafficway,Non-collision (single vehicle),Ran off road - left,None Indicated,None apparent,Unknown,Dry,Clear,None apparent,Non-intersection:  Non-junction/no special feature,Paved,N/A,Possible/Unknown,0,1,0,0,0,1,8000,1,2,N/A,POINT (-92.321128697738 42.492513100904)
2009522462,09016537,08/23/2009,08-August,1-Sunday,15:37,1500 Hours,District 2 (Northeast),,,IA 122,IA 122/4TH ST SW & FRONTAGE RD N,Collision with:  Vehicle in traffic,On Roadway,"Angle, oncoming left turn",FTYROW:  Making left turn,None Indicated,None apparent,Daylight,Dry,Clear,None apparent,Non-intersection:  Crossover-related,Paved,N/A,Minor Injury,0,1,0,1,0,0,10000,2,3,N/A,POINT (-93.255607767564 43.148289386567)
2009522281,01-09-39541,08/24/2009,08-August,2-Monday,14:32,1400 Hours,District 6 (East Central),,,,DELHI ST,Collision with:  Vehicle in traffic,On Roadway,Rear-end (front to rear),Lost Control,None Indicated,None apparent,Daylight,Dry,Clear,None apparent,Non-intersection:  Non-junction/no special feature,Paved,N/A,Property Damage Only,0,0,0,0,0,0,1800,2,2,N/A,POINT (-90.689114845264 42.49738143234)
2009521897,200913845,08/24/2009,08-August,2-Monday,10:35,1000 Hours,District 6 (East Central),,,,GLASS RD NE & EDGEWOOD RD NE,Collision with:  Vehicle in traffic,On Roadway,Rear-end (front to rear),Lost Control,None Indicated,None apparent,Daylight,Dry,Clear,None apparent,Non-intersection:  Non-junction/no special feature,Paved,N/A,Property Damage Only,0,0,0,0,0,0,4000,2,3,N/A,POINT (-91.702440758149 42.017080529249)
2009522602,09-27174,08/25/2009,08-August,3-Tuesday,18:15,1800 Hours,District 3 (Northwest),,,,SERGEANT RD,Collision with:  Vehicle in traffic,On Roadway,Rear-end (front to rear),Other (explain in narrative):  Other,None Indicated,None apparent,Daylight,Dry,Cloudy,None apparent,Non-intersection:  Non-junction/no special feature,Paved,N/A,Possible/Unknown,0,2,0,0,2,0,1100,3,6,N/A,POINT (-96.346379636135 42.447302908175)
2009523540,09-004115,08/26/2009,08-August,4-Wednesday,09:47,0900 Hours,District 1 (Central),,,US 69,US 69/N ANKNEY BLVD,Collision with:  Vehicle in traffic,On Roadway,Rear-end (front to rear),Followed too close,None Indicated,None apparent,Daylight,Wet,Cloudy,None apparent,Non-intersection:  Non-junction/no special feature,Paved,N/A,Property Damage Only,0,0,0,0,0,0,1200,2,2,N/A,POINT (-93.600262796047 41.761036283511)
2009522736,0900000745,08/27/2009,08-August,5-Thursday,13:44,1300 Hours,District 1 (Central),,,IA 14,IA 14/SANFORD AVE,Collision with:  Vehicle in traffic,On Roadway,"Sideswipe, same direction",Crossed centerline (undivided),None Indicated,None apparent,Daylight,Wet,Cloudy,None apparent,Non-intersection:  Non-junction/no special feature,Paved,N/A,Property Damage Only,0,0,0,0,0,0,4500,2,3,N/A,POINT (-92.904234493183 42.177440647107)
2009525396,,08/27/2009,08-August,5-Thursday,15:00,1500 Hours,District 6 (East Central),,,,BLAIRS FERRY RD NE & CENTER POINT RD NE,Collision with:  Vehicle in traffic,On Roadway,Rear-end (front to rear),Followed too close,None Indicated,N/A,Daylight,Wet,Rain,N/A,Non-intersection:  Non-junction/no special feature,Paved,N/A,Property Damage Only,0,0,0,0,0,0,6000,2,2,N/A,POINT (-91.668302467357 42.034774279773)
2009522802,09-028144,08/28/2009,08-August,6-Friday,22:00,2200 Hours,District 4 (Southwest),,,,N 18TH ST,Collision with:  Parked motor vehicle,Outside trafficway,Broadside (front to side),FTYROW:  From parked position,None Indicated,None apparent,Dark - roadway lighted,Dry,Clear,None apparent,Non-intersection:  Non-junction/no special feature,Paved,N/A,Property Damage Only,0,0,0,0,0,0,1020,2,3,N/A,POINT (-95.870825940437 41.268407643823)
2009522929,01-09-40305,08/29/2009,08-August,7-Saturday,01:52,0100 Hours,District 6 (East Central),,,US 52,US 52,Non-collision events:  Overturn/rollover,On Roadway,Non-collision (single vehicle),Crossed centerline (undivided),None Indicated,None apparent,Dark - roadway not lighted,Dry,Clear,None apparent,Non-intersection:  Non-junction/no special feature,Paved,N/A,Minor Injury,0,1,0,1,0,0,8000,1,2,N/A,POINT (-90.668364570774 42.468945632448)
2009522907,W09-094173,08/30/2009,08-August,1-Sunday,12:20,1200 Hours,District 2 (Northeast),,,,W 7TH ST,Collision with:  Vehicle in traffic,On Roadway,Broadside (front to side),Ran Stop Sign,None Indicated,None apparent,Daylight,Dry,Clear,None apparent,Intersection:  Four-way intersection,Paved,N/A,Possible/Unknown,0,1,0,0,1,0,12000,2,3,N/A,POINT (-92.340211724887 42.489994844946)
2009523388,09-4377,08/31/2009,08-August,2-Monday,12:46,1200 Hours,District 1 (Central),,,,8TH ST,Collision with:  Vehicle in traffic,On Roadway,"Angle, oncoming left turn",FTYROW:  Making left turn,None Indicated,None apparent,Daylight,Dry,Clear,None apparent,Intersection:  Other intersection (explain in narrative),Paved,N/A,Property Damage Only,0,0,0,0,0,0,1200,2,2,N/A,POINT (-93.713249417867 41.59050757804)
2009524371,,08/31/2009,08-August,2-Monday,16:24,1600 Hours,District 6 (East Central),,,,W BENTON ST,Collision with:  Vehicle in traffic,On Roadway,Rear-end (front to rear),Followed too close,None Indicated,None apparent,Daylight,Dry,Clear,None apparent,Intersection:  T-intersection,Paved,N/A,Possible/Unknown,0,1,0,0,1,0,600,2,2,N/A,POINT (-91.540034731171 41.650380047773)
2009525967,,09/01/2009,09-September,3-Tuesday,18:04,1800 Hours,District 6 (East Central),,,US 67,US 67/GRANT ST & 12TH ST,Collision with:  Vehicle in traffic,On Roadway,Broadside (front to side),FTYROW:  From stop sign,None Indicated,None apparent,Daylight,Dry,Cloudy,None apparent,Intersection:  Four-way intersection,Paved,N/A,Major Injury,0,2,2,0,0,0,7100,4,3,N/A,POINT (-90.51608185479 41.526226403374)
2009523610,09-19615,09/02/2009,09-September,4-Wednesday,15:03,1500 Hours,District 1 (Central),,,,AIRPORT RD,Collision with:  Vehicle in traffic,On Roadway,"Angle, oncoming left turn",FTYROW:  From stop sign,None Indicated,None apparent,Daylight,Dry,Clear,None apparent,Intersection:  Four-way intersection,Paved,N/A,Property Damage Only,0,0,0,0,0,0,3400,2,4,N/A,POINT (-93.613369094343 42.00109729953)
2009524306,0917125,09/02/2009,09-September,4-Wednesday,07:40,0700 Hours,District 6 (East Central),,,,N LINCOLN AVE,Collision with:  Parked motor vehicle,On Roadway,"Sideswipe, same direction",Lost Control,None Indicated,None apparent,Daylight,Dry,Cloudy,None apparent,Non-intersection:  Non-junction/no special feature,Paved,N/A,Property Damage Only,0,0,0,0,0,0,1250,2,1,N/A,POINT (-90.612084970721 41.520902814363)
2009524502,09-004270,09/03/2009,09-September,5-Thursday,12:30,1200 Hours,District 1 (Central),,,I-35,I-35,Collision with:  Vehicle in traffic,On Roadway,Rear-end (front to rear),Driver Distraction:  Passenger,None Indicated,None apparent,Daylight,Dry,Clear,None apparent,Interchange-related:  Off-ramp,Paved,N/A,Possible/Unknown,0,1,0,0,1,0,600,2,5,N/A,POINT (-93.57530780346 41.701150056201)
2009527262,2009052232,09/04/2009,09-September,6-Friday,06:40,0600 Hours,District 1 (Central),,,I-80,I-80,Collision with fixed object:  Guardrail - face,On Roadway,Non-collision (single vehicle),Lost Control,None Indicated,None apparent,Daylight,Dry,Cloudy,None apparent,Non-intersection:  Non-junction/no special feature,Paved,N/A,Property Damage Only,0,0,0,0,0,0,1500,1,1,N/A,POINT (-93.568011523004 41.653214410861)
2009523693,W09-096053,09/04/2009,09-September,6-Friday,13:40,1300 Hours,District 2 (Northeast),,,US 63,US 63/E MULLAN AVE/LOGAN AVE & W PARKER ST & E PARKER ST,Collision with:  Vehicle in traffic,On Roadway,Rear-end (front to rear),Followed too close,None Indicated,None apparent,Daylight,Dry,Clear,None apparent,Intersection:  Four-way intersection,Paved,N/A,Property Damage Only,0,0,0,0,0,0,8000,2,2,N/A,POINT (-92.337678728168 42.516700505475)
2009523829,20090028582,09/05/2009,09-September,7-Saturday,10:40,1000 Hours,District 1 (Central),,,,HICKMAN RD,Collision with fixed object:  Curb/island/raised median,Outside trafficway,Non-collision (single vehicle),Crossed centerline (undivided),Under Influence of Alcohol/Drugs/Medications,None apparent,Daylight,Dry,Clear,None apparent,Non-intersection:  Non-junction/no special feature,Paved,N/A,Major Injury,0,1,1,0,0,0,5050,1,1,N/A,POINT (-93.633076079947 41.614792112714)
2009531068,,09/06/2009,09-September,1-Sunday,00:00,0000 Hours,District 2 (Northeast),,,,SATTRE RIDGE RD,Collision with fixed object:  Ditch,On Roadway,Non-collision (single vehicle),Ran off road - right,None Indicated,None apparent,Unknown,"Mud, dirt",Cloudy,None apparent,Non-intersection:  Driveway access (within),Unpaved,N/A,Major Injury,0,1,1,0,0,0,10000,1,1,N/A,POINT (-91.697899194121 43.404358385264)
2009525056,2009052795,09/07/2009,09-September,2-Monday,09:40,0900 Hours,District 6 (East Central),,,I-80,I-80,Collision with:  Animal,N/A,N/A,Animal,None Indicated,N/A,N/A,N/A,N/A,N/A,N/A,Paved,N/A,Property Damage Only,0,0,0,0,0,0,10000,1,1,N/A,POINT (-92.017285073891 41.687156552648)
2009524962,09-001165,09/08/2009,09-September,3-Tuesday,07:50,0700 Hours,District 1 (Central),,,,NW 62ND AVE,Collision with:  Vehicle in traffic,On Roadway,Rear-end (front to rear),Followed too close,None Indicated,None apparent,Daylight,Dry,Clear,None apparent,Non-intersection:  Non-junction/no special feature,Paved,N/A,Property Damage Only,0,0,0,0,0,0,5000,2,2,N/A,POINT (-93.710673359214 41.672803979279)
2009524820,0917384,09/08/2009,09-September,3-Tuesday,15:43,1500 Hours,District 6 (East Central),,,US 61,US 61/BRADY ST,Collision with:  Vehicle in traffic,On Roadway,"Angle, oncoming left turn",Swerving/Evasive Action,None Indicated,None apparent,Daylight,Dry,Cloudy,None apparent,Non-intersection:  Non-junction/no special feature,Paved,N/A,Property Damage Only,0,0,0,0,0,0,3000,2,2,N/A,POINT (-90.569866641509 41.574947940397)
2009524868,2009053124,09/09/2009,09-September,4-Wednesday,07:35,0700 Hours,District 4 (Southwest),,,I-80,I-80,Collision with:  Vehicle in traffic,On Roadway,Rear-end (front to rear),Driving too fast for conditions,None Indicated,None apparent,Daylight,Dry,Clear,None apparent,Non-intersection:  Non-junction/no special feature,Paved,N/A,Possible/Unknown,0,2,0,0,2,0,13000,2,2,N/A,POINT (-93.902467820883 41.55851744687)
2009527631,09-4242,09/10/2009,09-September,5-Thursday,18:00,1800 Hours,District 3 (Northwest),,,,Co Rd M27/ORCHARD AVE,Collision with:  Vehicle in traffic,On Roadway,Rear-end (front to rear),Driving too fast for conditions,None Indicated,None apparent,Daylight,"Mud, dirt",Clear,None apparent,Non-intersection:  Non-junction/no special feature,Unpaved,N/A,Minor Injury,0,3,0,1,2,0,200,2,5,N/A,POINT (-95.381049136784 42.470693822125)
2009526224,,09/11/2009,09-September,6-Friday,07:30,0700 Hours,District 1 (Central),,,,COTTAGE GROVE AVE & 31ST ST,Collision with:  Vehicle in traffic,On Roadway,"Angle, oncoming left turn",FTYROW:  From stop sign,None Indicated,None apparent,Daylight,Dry,Clear,None apparent,Intersection:  Four-way intersection,Paved,N/A,Property Damage Only,0,0,0,0,0,0,1500,2,2,N/A,POINT (-93.659351668899 41.598494473491)
2009525035,09-29250,09/11/2009,09-September,6-Friday,18:45,1800 Hours,District 3 (Northwest),,,,BUSHNELL AVE & S GLASS ST,Collision with:  Parked motor vehicle,On Roadway,Broadside (front to side),Other (explain in narrative):  Other,None Indicated,None apparent,Daylight,Wet,Rain,None apparent,Non-intersection:  Non-junction/no special feature,Paved,N/A,Property Damage Only,0,0,0,0,0,0,8000,3,1,N/A,POINT (-96.362153052879 42.463499239833)
2009524748,20090029506,09/12/2009,09-September,7-Saturday,16:34,1600 Hours,District 1 (Central),,,US 69,US 69/SE 14TH ST & E HARTFORD AVE,Collision with:  Vehicle in traffic,On Roadway,Rear-end (front to rear),Followed too close,None Indicated,None apparent,Daylight,Dry,Clear,None apparent,Non-intersection:  Non-junction/no special feature,Paved,N/A,Property Damage Only,0,0,0,0,0,0,5000,3,5,N/A,POINT (-93.596929287581 41.569733065372)
2009525041,09-29365,09/12/2009,09-September,7-Saturday,19:49,1900 Hours,District 3 (Northwest),,,,12TH ST & JONES ST,Collision with:  Vehicle in traffic,On Roadway,Broadside (front to side),FTYROW:  From stop sign,Refused,None apparent,Dark - roadway lighted,Dry,Clear,None apparent,Intersection:  Four-way intersection,Paved,N/A,Minor Injury,0,5,0,5,0,0,6000,2,10,N/A,POINT (-96.400908196379 42.502919821345)
2009526144,2009-1294,09/13/2009,09-September,1-Sunday,16:00,1600 Hours,District 5 (Southeast),,,,SPRUCE ST & N 2ND ST,Collision with fixed object:  Traffic sign support,Shoulder,Non-collision (single vehicle),"Operating vehicle in an reckless, erratic, careless, negligent manner",None Indicated,None apparent,Daylight,Dry,Cloudy,None apparent,Intersection:  Four-way intersection,Paved,N/A,Property Damage Only,0,0,0,0,0,0,1050,1,1,N/A,POINT (-93.439551993271 41.289182238867)
2009526638,,09/14/2009,09-September,2-Monday,12:30,1200 Hours,District 6 (East Central),,,,11TH ST & 5TH AVE,Collision with:  Vehicle in traffic,On Roadway,Broadside (front to side),FTYROW:  From stop sign,None Indicated,None apparent,Daylight,Dry,N/A,None apparent,Intersection:  Four-way intersection,Paved,N/A,Property Damage Only,0,0,0,0,0,0,7000,2,3,N/A,POINT (-90.537468263949 41.826232828037)
2009528488,09-1450,09/15/2009,09-September,3-Tuesday,17:18,1700 Hours,District 1 (Central),,,IA 415,IA 415/W BRIDGE RD,Collision with:  Vehicle in traffic,On Roadway,Rear-end (front to rear),Other (explain in narrative):  Other,None Indicated,None apparent,Daylight,Dry,Clear,None apparent,Non-intersection:  Driveway access (within),Paved,N/A,Property Damage Only,0,0,0,0,0,0,2300,3,3,N/A,POINT (-93.718143184503 41.764368032008)
2009525811,09041946,09/16/2009,09-September,4-Wednesday,14:15,1400 Hours,District 5 (Southeast),,,US 61,US 61 & IA 22/PARK AVE & IA 38,Collision with:  Vehicle in traffic,On Roadway,"Sideswipe, same direction",FTYROW:  Other (explain in narrative),None Indicated,None apparent,Daylight,Dry,Cloudy,None apparent,Intersection:  Four-way intersection,Paved,N/A,Property Damage Only,0,0,0,0,0,0,3550,2,3,N/A,POINT (-91.030129545246 41.453683169148)
2009525524,CAD09-10382,09/16/2009,09-September,4-Wednesday,15:44,1500 Hours,District 3 (Northwest),,,,390TH ST,Collision with fixed object:  Tree,Roadside,Non-collision (single vehicle),Driving too fast for conditions,None Indicated,Weather conditions,Daylight,Dry,Clear,Other (explain in narrative),Non-intersection:  Driveway access (within),Unpaved,N/A,Major Injury,0,1,1,0,0,0,500,1,1,N/A,POINT (-95.146911573862 42.225165635452)
2009525935,09-3659,09/17/2009,09-September,5-Thursday,17:02,1700 Hours,District 1 (Central),,,,1ST AVE N & N 15TH ST,Collision with:  Vehicle in traffic,On Roadway,Broadside (front to side),Ran Stop Sign,None Indicated,None apparent,Daylight,Dry,Clear,None apparent,Intersection:  Four-way intersection,Paved,N/A,Property Damage Only,0,0,0,0,0,0,9500,2,5,N/A,POINT (-94.177731003585 42.50726714607)
2009526675,0903634,09/18/2009,09-September,6-Friday,08:13,0800 Hours,District 3 (Northwest),,,,340TH ST,Collision with fixed object:  Ditch,On Roadway,Non-collision (single vehicle),Swerving/Evasive Action,None Indicated,None apparent,Daylight,"Mud, dirt",Clear,None apparent,Non-intersection:  Non-junction/no special feature,Unpaved,N/A,Property Damage Only,0,0,0,0,0,0,2500,1,1,N/A,POINT (-95.208848976386 41.88452130963)
2009526556,09-09-178,09/18/2009,09-September,6-Friday,12:40,1200 Hours,District 3 (Northwest),,,,1ST ST NE & 1ST AVE NE,Collision with:  Vehicle in traffic,On Roadway,Broadside (front to side),FTYROW:  From stop sign,None Indicated,None apparent,Daylight,Dry,Clear,None apparent,Intersection:  Four-way intersection,Paved,N/A,Property Damage Only,0,0,0,0,0,0,3500,2,3,N/A,POINT (-96.165119394971 42.794277792005)
2009526145,2009-4772,09/19/2009,09-September,7-Saturday,12:52,1200 Hours,District 5 (Southeast),,,US 65,US 65/N JEFFERSON WAY & E GIRARD AVE,Collision with:  Vehicle in traffic,On Roadway,Broadside (front to side),FTYROW:  Making left turn,None Indicated,None apparent,Daylight,Dry,Cloudy,None apparent,Intersection:  Other intersection (explain in narrative),Paved,N/A,Property Damage Only,0,0,0,0,0,0,2750,2,2,N/A,POINT (-93.558381102133 41.367493299722)
2009528319,A09100,09/19/2009,09-September,7-Saturday,09:35,0900 Hours,District 5 (Southeast),,,IA 14,IA 14/LINCOLN ST & W PEARL ST,Collision with:  Vehicle in traffic,On Roadway,Broadside (front to side),FTYROW:  From stop sign,None Indicated,None apparent,Daylight,Dry,Clear,None apparent,Intersection:  T-intersection,Paved,N/A,Possible/Unknown,0,1,0,0,1,0,7000,2,4,N/A,POINT (-93.109497670634 41.321712648748)
2009526149,09-3702,09/20/2009,09-September,1-Sunday,17:50,1700 Hours,District 1 (Central),,,,12TH AVE N,Collision with:  Other non-fixed object (explain in narrative),Shoulder,Non-collision (single vehicle),Ran off road - right,None Indicated,None apparent,Daylight,Dry,Cloudy,None apparent,Non-intersection:  Non-junction/no special feature,Paved,N/A,Property Damage Only,0,0,0,0,0,0,6500,1,1,N/A,POINT (-94.190721726411 42.517714577818)
2009526936,W09-102526,09/21/2009,09-September,2-Monday,11:39,1100 Hours,District 2 (Northeast),,,,E 7TH ST & FRANKLIN ST,Collision with:  Vehicle in traffic,On Roadway,Rear-end (front to rear),Unknown,None Indicated,Unknown,Daylight,Wet,Rain,None apparent,Intersection:  Four-way intersection,Paved,N/A,Possible/Unknown,0,1,0,0,1,0,6000,3,4,N/A,POINT (-92.330008670019 42.498527218004)
2009529598,,09/22/2009,09-September,3-Tuesday,21:19,2100 Hours,District 5 (Southeast),,,,E MADISON ST & N ADAMS ST,Collision with:  Non-motorist (see non-motorist section - NOT a unit),On Roadway,Non-collision (single vehicle),FTYROW:  To pedestrian,None Indicated,None apparent,Dark - roadway lighted,Dry,Cloudy,None apparent,Non-intersection:  Non-junction/no special feature,Paved,N/A,Minor Injury,0,1,0,1,0,0,0,1,2,N/A,POINT (-91.551616549308 40.96746104797)
2009527396,09052242,09/23/2009,09-September,4-Wednesday,13:55,1300 Hours,District 6 (East Central),,,,3RD ST & GRANT ST,Collision with:  Vehicle in traffic,On Roadway,Broadside (front to side),FTYROW:  From stop sign,None Indicated,None apparent,Daylight,Dry,Cloudy,None apparent,Intersection:  Four-way intersection,Paved,N/A,Property Damage Only,0,0,0,0,0,0,5500,2,4,N/A,POINT (-91.664474939833 41.705907829618)
2009526725,2009011141,09/24/2009,09-September,5-Thursday,15:45,1500 Hours,District 1 (Central),,,IA 14,IA 14/S CENTER ST,Collision with:  Vehicle in traffic,On Roadway,Rear-end (front to rear),Followed too close,None Indicated,None apparent,Daylight,Dry,Cloudy,None apparent,Non-intersection:  Non-junction/no special feature,Paved,N/A,Property Damage Only,0,0,0,0,0,0,2000,2,2,N/A,POINT (-92.912687474582 42.035459934838)
2009527090,20090030916,09/24/2009,09-September,5-Thursday,16:21,1600 Hours,District 1 (Central),,,US 6,US 6/E EUCLID AVE & OXFORD ST,Collision with:  Non-motorist (see non-motorist section - NOT a unit),On Roadway,Non-collision (single vehicle),Other (explain in narrative):  No improper action,None Indicated,None apparent,Daylight,Dry,Cloudy,None apparent,Non-intersection:  Non-junction/no special feature,Paved,N/A,Minor Injury,0,1,0,1,0,0,500,1,2,N/A,POINT (-93.617499940471 41.62770308935)
2009527110,09-4812,09/25/2009,09-September,6-Friday,09:05,0900 Hours,District 1 (Central),,,,ASHWORTH RD,Collision with:  Vehicle in traffic,On Roadway,Rear-end (front to rear),Other (explain in narrative):  Other,None Indicated,None apparent,Daylight,Wet,Clear,Work Zone (roadway-related),Non-intersection:  Non-junction/no special feature,Paved,Yes,Property Damage Only,0,0,0,0,0,0,4000,2,4,N/A,POINT (-93.756794271629 41.584698750212)
2009527481,09-18619,09/25/2009,09-September,6-Friday,10:42,1000 Hours,District 6 (East Central),,,,W 15TH ST & RIPLEY ST,Collision with:  Vehicle in traffic,On Roadway,Broadside (front to side),Ran Stop Sign,None Indicated,None apparent,Daylight,Wet,Rain,None apparent,Intersection:  Four-way intersection,Paved,N/A,Property Damage Only,0,0,0,0,0,0,8000,2,3,N/A,POINT (-90.578491412591 41.53510561784)
2009527025,09021019,09/26/2009,09-September,7-Saturday,10:25,1000 Hours,District 6 (East Central),,,,10TH AVE & KATZ DR,Collision with:  Vehicle in traffic,On Roadway,Rear-end (front to rear),Followed too close,None Indicated,None apparent,Daylight,"Mud, dirt",Cloudy,None apparent,Intersection:  Four-way intersection,Paved,N/A,Property Damage Only,0,0,0,0,0,0,1400,2,3,N/A,POINT (-91.569670764147 42.035983025795)
2009527553,,09/27/2009,09-September,1-Sunday,10:29,1000 Hours,District 5 (Southeast),,,,LAKEWOOD DR,Collision with fixed object:  Other fixed object (explain in narrative),On Roadway,Non-collision (single vehicle),Traveling wrong way or on wrong side of road,None Indicated,Other (explain in narrative),Daylight,Dry,Clear,None apparent,Non-intersection:  Non-junction/no special feature,Paved,N/A,Property Damage Only,0,0,0,0,0,0,4500,1,1,N/A,POINT (-93.682141729107 41.502974237427)
2009527618,01-09-45779,09/28/2009,09-September,2-Monday,13:41,1300 Hours,District 6 (East Central),,,,KAUFMANN AVE,Collision with:  Vehicle in traffic,On Roadway,"Sideswipe, same direction",FTYROW:  Other (explain in narrative),None Indicated,None apparent,Daylight,Dry,Cloudy,None apparent,Non-intersection:  Non-junction/no special feature,Paved,N/A,Property Damage Only,0,0,0,0,0,0,3700,2,3,N/A,POINT (-90.671594718455 42.513353091457)
2009527429,09021153,09/28/2009,09-September,2-Monday,06:58,0600 Hours,District 6 (East Central),,,,INDIAN CREEK RD,Collision with:  Vehicle in traffic,On Roadway,Broadside (front to side),FTYROW:  From driveway,None Indicated,None apparent,Dawn,Dry,Clear,None apparent,Non-intersection:  Driveway access (within),Paved,N/A,Property Damage Only,0,0,0,0,0,0,4500,2,2,N/A,POINT (-91.594611629647 42.046702480804)
2009527731,S79009458,09/29/2009,09-September,3-Tuesday,08:45,0800 Hours,District 1 (Central),,,,MAIN ST,Collision with:  Vehicle in traffic,On Roadway,Broadside (front to side),FTYROW:  From driveway,Alcohol (< Statutory),None apparent,Daylight,Dry,Clear,None apparent,Non-intersection:  Driveway access (within),Paved,N/A,Property Damage Only,0,0,0,0,0,0,6500,2,2,N/A,POINT (-92.531331300295 41.585414620589)