Iowa DOT Case Number,Law Enforcement Case Number,Date of Crash,Month of Crash,Day of Week,Time of Crash,Hour,DOT District,City Name,County Name,Route with System,Location Description,First Harmful Event,Location of First Harmful Event,Manner of Crash/Collision,Major Cause,Drug or Alcohol ,Environmental Conditions,Light Conditions,Surface Conditions,Weather Conditions,Roadway Contribution,Roadway Type,Roadway Surface,Work Zone,Crash Severity,Number of Fatalities,Number of Injuries,Number of Major Injuries,Number of Minor Injuries,Number of Possible Injuries,Number of Unknown Injuries,Amount of Property Damage,Number of Vehicles Involved,Total Number of Occupants,Travel Direction,Location
2009528012,,09/30/2009,09-September,4-Wednesday,10:52,1000 Hours,District 3 (Northwest),,,IA 7,IA 7/W MILWAUKEE AVE & LAKE AVE,Collision with:  Vehicle in traffic,On Roadway,"Sideswipe, same direction",FTYROW:  Other (explain in narrative),None Indicated,None apparent,Daylight,Dry,Clear,None apparent,Intersection:  Four-way intersection,Paved,N/A,Property Damage Only,0,0,0,0,0,0,4500,2,2,N/A,POINT (-95.200819679238 42.647477236005)
2009528339,0910011-A,10/01/2009,10-October,5-Thursday,11:52,1100 Hours,District 4 (Southwest),,,,WASHINGTON ST & 4TH ST,Collision with:  Vehicle in traffic,On Roadway,Broadside (front to side),FTYROW:  From stop sign,None Indicated,None apparent,Daylight,Wet,Cloudy,"Surface condition (e.g., wet, icy)",Intersection:  Four-way intersection,Paved,N/A,Major Injury,0,1,1,0,0,0,10000,2,2,N/A,POINT (-95.227973457439 41.007990481193)
2009528375,09-1372,10/01/2009,10-October,5-Thursday,15:27,1500 Hours,District 1 (Central),,,I-35,I-35 & UNIVERSITY AVE,Collision with:  Vehicle in traffic,On Roadway,"Angle, oncoming left turn",FTYROW:  Making left turn,None Indicated,None apparent,Daylight,Wet,Rain,None apparent,Intersection:  Intersection with ramp,Paved,N/A,Property Damage Only,0,0,0,0,0,0,14000,2,21,N/A,POINT (-93.779225907992 41.600446627921)
2009528410,20090031856,10/02/2009,10-October,6-Friday,18:45,1800 Hours,District 1 (Central),,,,AURORA AVE & BEAVER AVE,Collision with fixed object:  Utility pole/light support,On Roadway,Non-collision (single vehicle),Driving too fast for conditions,None Indicated,Weather conditions,Dark - roadway lighted,Wet,Rain,None apparent,Non-intersection:  Non-junction/no special feature,Paved,N/A,Property Damage Only,0,0,0,0,0,0,2650,1,2,N/A,POINT (-93.678087941992 41.636792164736)
2009528203,01-09-46392,10/02/2009,10-October,6-Friday,15:51,1500 Hours,District 6 (East Central),,,IA 32,IA 32/NORTHWEST ARTERIAL & PENNSYLVANIA AVE,Collision with:  Vehicle in traffic,On Roadway,"Sideswipe, same direction",Ran Traffic Signal,None Indicated,Weather conditions,Daylight,Wet,Rain,"Surface condition (e.g., wet, icy)",Intersection:  Four-way intersection,Paved,N/A,Property Damage Only,0,0,0,0,0,0,3500,2,2,N/A,POINT (-90.740752968845 42.500969022487)
2009528286,200916418,10/02/2009,10-October,6-Friday,22:44,2200 Hours,District 6 (East Central),,,,L AVE NE & CENTER POINT RD NE,Collision with:  Vehicle in traffic,On Roadway,"Sideswipe, same direction",FTYROW:  Making left turn,None Indicated,None apparent,Dark - roadway lighted,Wet,Cloudy,None apparent,Intersection:  T-intersection,Paved,N/A,Possible/Unknown,0,1,0,0,1,0,5800,2,2,N/A,POINT (-91.662744907216 42.00193544017)
2009529157,01-09-46533,10/03/2009,10-October,7-Saturday,14:00,1400 Hours,District 6 (East Central),,,,E 28TH ST & JACKSON ST,Collision with:  Vehicle in traffic,On Roadway,Broadside (front to side),Ran Stop Sign,None Indicated,None apparent,Daylight,Dry,Cloudy,None apparent,Intersection:  Four-way intersection,Paved,N/A,Property Damage Only,0,0,0,0,0,0,11000,3,2,N/A,POINT (-90.676795718306 42.523112272389)
2009528328,2009011513,10/03/2009,10-October,7-Saturday,09:00,0900 Hours,District 1 (Central),,,IA 14,IA 14/N 3RD AVE & E MARION ST,Collision with:  Vehicle in traffic,On Roadway,Broadside (front to side),FTYROW:  From stop sign,None Indicated,None apparent,Daylight,Wet,Cloudy,None apparent,Intersection:  T-intersection,Paved,N/A,Possible/Unknown,0,1,0,0,1,0,2000,2,2,N/A,POINT (-92.908090443043 42.056450716862)
2009530355,09-004810,10/04/2009,10-October,1-Sunday,04:00,0400 Hours,District 1 (Central),,,,SW FRANKLIN DR,Collision with:  Vehicle in traffic,On Roadway,Head-on (front to front),Traveling wrong way or on wrong side of road,None Indicated,None apparent,Dark - roadway lighted,Dry,Clear,None apparent,Non-intersection:  Non-junction/no special feature,Paved,N/A,Property Damage Only,0,0,0,0,0,0,5000,2,1,N/A,POINT (-93.617105479337 41.727233814463)
2009529285,,10/05/2009,10-October,2-Monday,12:22,1200 Hours,District 6 (East Central),,,,LOWER MUSCATINE RD,Collision with:  Vehicle in traffic,On Roadway,Broadside (front to side),FTYROW:  From driveway,None Indicated,None apparent,Daylight,Dry,Cloudy,None apparent,Non-intersection:  Driveway access (within),Paved,N/A,Possible/Unknown,0,1,0,0,1,0,4000,2,2,N/A,POINT (-91.505848559051 41.641429176197)
2009528752,09-033485,10/06/2009,10-October,3-Tuesday,16:27,1600 Hours,District 4 (Southwest),,,,BONHAM AVE,Collision with:  Vehicle in traffic,On Roadway,Rear-end (front to rear),Other (explain in narrative):  Other,None Indicated,None apparent,Daylight,Dry,Cloudy,None apparent,Non-intersection:  Driveway access (within),Paved,N/A,Property Damage Only,0,0,0,0,0,0,6000,2,7,N/A,POINT (-95.822902576236 41.258524777831)
2009529321,09012233,10/07/2009,10-October,4-Wednesday,16:38,1600 Hours,District 5 (Southeast),,,,Co Rd T20/HWY T20,Collision with:  Vehicle in traffic,On Roadway,Head-on (front to front),FTYROW:  Making left turn,None Indicated,None apparent,Daylight,Dry,Cloudy,None apparent,Intersection:  T-intersection,Paved,N/A,Possible/Unknown,0,2,0,0,2,0,4300,2,4,N/A,POINT (-92.909011647401 40.594200181706)
2009530032,,10/07/2009,10-October,4-Wednesday,01:00,0100 Hours,District 1 (Central),,,US 63,US 63,Collision with:  Animal,On Roadway,Non-collision (single vehicle),Animal,None Indicated,N/A,Dark - unknown roadway lighting,Dry,Cloudy,N/A,Non-intersection:  Non-junction/no special feature,Paved,N/A,Property Damage Only,0,0,0,0,0,0,2200,1,1,N/A,POINT (-92.5818227579 41.90119815331)
2009529908,09004623,10/08/2009,10-October,5-Thursday,15:39,1500 Hours,District 3 (Northwest),,,,E SPRUCE ST,Collision with:  Vehicle in traffic,On Roadway,Rear-end (front to rear),FTYROW:  From driveway,None Indicated,None apparent,Daylight,Dry,Clear,None apparent,Non-intersection:  Driveway access (within),Paved,N/A,Property Damage Only,0,0,0,0,0,0,6000,2,3,N/A,POINT (-95.543403905847 42.756758207606)
2009529921,09-993,10/09/2009,10-October,6-Friday,14:22,1400 Hours,District 3 (Northwest),,,US 71,US 71/18TH ST & HILL AVE,Collision with:  Vehicle in traffic,On Roadway,"Angle, oncoming left turn",FTYROW:  Making left turn,None Indicated,None apparent,Daylight,Dry,Cloudy,None apparent,Intersection:  Four-way intersection,Paved,N/A,Minor Injury,0,1,0,1,0,0,7500,2,2,N/A,POINT (-95.102274707761 43.422635664387)
2009530674,,10/09/2009,10-October,6-Friday,16:40,1600 Hours,District 6 (East Central),,,,IOWA AVE,Collision with:  Vehicle in traffic,On Roadway,Rear-end (front to rear),FTYROW:  Other (explain in narrative),None Indicated,None apparent,Daylight,Dry,Clear,Other (explain in narrative),Non-intersection:  Non-junction/no special feature,Paved,N/A,Property Damage Only,0,0,0,0,0,0,5500,2,4,N/A,POINT (-91.540341561154 41.661255229209)
2009529682,01-09-47707,10/10/2009,10-October,7-Saturday,09:22,0900 Hours,District 6 (East Central),,,US 52,US 52/CENTRAL AVE/E 9TH ST & W 9TH ST,Collision with:  Vehicle in traffic,On Roadway,"Angle, oncoming left turn",Made improper turn,Alcohol (Statutory),None apparent,Daylight,Dry,Cloudy,None apparent,Non-intersection:  Non-junction/no special feature,Paved,N/A,Property Damage Only,0,0,0,0,0,0,2000,2,2,N/A,POINT (-90.665543597419 42.502279593252)
2009534025,,10/10/2009,10-October,7-Saturday,17:18,1700 Hours,District 1 (Central),,,,FAIRMEADOW DR & SUPERIOR ST,Collision with:  Vehicle in traffic,On Roadway,Rear-end (front to rear),Followed too close,None Indicated,None apparent,Daylight,Dry,Clear,None apparent,Intersection:  Four-way intersection,Paved,N/A,Property Damage Only,0,0,0,0,0,0,5000,2,2,N/A,POINT (-93.816252355275 42.453666363625)
2009530244,,10/11/2009,10-October,1-Sunday,19:45,1900 Hours,District 2 (Northeast),,,US 169,US 169,Collision with:  Vehicle in traffic,On Roadway,Rear-end (front to rear),Driver Distraction:  Manual operation of an electronic communication device,None Indicated,None apparent,Dark - roadway not lighted,Dry,Clear,None apparent,Non-intersection:  Non-junction/no special feature,Paved,N/A,Property Damage Only,0,0,0,0,0,0,16500,2,2,N/A,POINT (-94.22646566437 43.280330293399)
2009529810,09-33015,10/12/2009,10-October,2-Monday,23:00,2300 Hours,District 3 (Northwest),,,,IOWA ST,Collision with:  Vehicle in traffic,On Roadway,Unknown,Unknown,None Indicated,None apparent,Dark - roadway lighted,Dry,Clear,None apparent,Non-intersection:  Non-junction/no special feature,Paved,N/A,Property Damage Only,0,0,0,0,0,0,1200,2,1,N/A,POINT (-96.394956941502 42.494821352234)
2009538471,,10/13/2009,10-October,3-Tuesday,15:15,1500 Hours,District 6 (East Central),,,,,Collision with:  Vehicle in traffic,On Roadway,Rear-end (front to rear),Unknown,None Indicated,N/A,Daylight,Dry,Clear,N/A,Intersection:  Four-way intersection,N/A,N/A,Property Damage Only,0,0,0,0,0,0,2700,2,2,N/A,POINT (-96.643700150779 40.233091251088)
2009530150,20090032977,10/13/2009,10-October,3-Tuesday,14:46,1400 Hours,District 1 (Central),,,,HUBBELL AVE & GUTHRIE AVE,Collision with:  Vehicle in traffic,On Roadway,Rear-end (front to rear),Other (explain in narrative):  Other,None Indicated,None apparent,Daylight,Dry,Cloudy,None apparent,Intersection:  Four-way intersection,Paved,N/A,Minor Injury,0,2,0,1,1,0,3500,2,4,N/A,POINT (-93.566163607684 41.614978994862)
2009532550,09008795,10/14/2009,10-October,4-Wednesday,04:37,0400 Hours,District 6 (East Central),,,US 20,US 20,Collision with:  Animal,On Roadway,Non-collision (single vehicle),Animal,None Indicated,Animal in roadway,Dark - roadway not lighted,Wet,Clear,None apparent,Non-intersection:  Non-junction/no special feature,Paved,N/A,Property Damage Only,0,0,0,0,0,0,3500,1,1,N/A,POINT (-91.284188747309 42.471268144573)
2009531026,09-33382,10/15/2009,10-October,5-Thursday,14:06,1400 Hours,District 3 (Northwest),,,,CORRECTIONVILLE RD,Non-collision events:  Other non-collision (explain in narrative),On Roadway,Non-collision (single vehicle),Exceeded authorized speed,None Indicated,None apparent,Daylight,Dry,Cloudy,None apparent,Non-intersection:  Non-junction/no special feature,Paved,N/A,Property Damage Only,0,0,0,0,0,0,1000,1,1,N/A,POINT (-96.341623133332 42.49087981975)
2009530815,0919987,10/15/2009,10-October,5-Thursday,17:54,1700 Hours,District 6 (East Central),,,,W 3RD ST & GAINES ST,Collision with:  Vehicle in traffic,On Roadway,Broadside (front to side),Ran Traffic Signal,None Indicated,Weather conditions,Dusk,Wet,Rain,None apparent,Intersection:  Four-way intersection,Paved,N/A,Property Damage Only,0,0,0,0,0,0,5500,2,2,N/A,POINT (-90.582956109374 41.522401466061)
2009531753,2009059703,10/16/2009,10-October,6-Friday,21:17,2100 Hours,District 3 (Northwest),,,,MONROE AVE & 340TH ST,Non-collision events:  Overturn/rollover,Shoulder,Non-collision (single vehicle),Ran off road - straight,None Indicated,None apparent,Dark - roadway not lighted,"Mud, dirt",Rain,None apparent,Intersection:  T-intersection,Unpaved,N/A,Minor Injury,0,1,0,1,0,0,5000,1,1,N/A,POINT (-95.84167631305 43.156467591423)
2009531135,094025,10/17/2009,10-October,7-Saturday,00:13,0000 Hours,District 3 (Northwest),,,US 59,US 59 & L AVE,Collision with:  Animal,N/A,N/A,Animal,None Indicated,N/A,N/A,N/A,N/A,N/A,N/A,Paved,N/A,Property Damage Only,0,0,0,0,0,0,1500,1,777,N/A,POINT (-95.406591156198 42.046217663598)
2009534302,09-112281,10/17/2009,10-October,7-Saturday,19:50,1900 Hours,District 2 (Northeast),,,,Co Rd D46/E EAGLE RD,Collision with:  Animal,N/A,N/A,Animal,None Indicated,N/A,N/A,N/A,N/A,N/A,N/A,Paved,N/A,Property Damage Only,0,0,0,0,0,0,5000,1,1,N/A,POINT (-92.237997469177 42.341366209348)
2009531432,2009059996,10/18/2009,10-October,1-Sunday,21:15,2100 Hours,District 6 (East Central),,,US 151,US 151,Collision with:  Animal,N/A,N/A,Animal,None Indicated,N/A,N/A,N/A,N/A,N/A,N/A,Paved,N/A,Property Damage Only,0,0,0,0,0,0,5000,1,1,N/A,POINT (-90.827214773659 42.351233794639)
2009531445,2009060158,10/19/2009,10-October,2-Monday,15:54,1500 Hours,District 5 (Southeast),,,IA 14,IA 14/LINCOLN ST & W BELL AVE,Collision with:  Vehicle in traffic,On Roadway,"Angle, oncoming left turn",FTYROW:  Making left turn,None Indicated,None apparent,Daylight,Dry,Clear,None apparent,Intersection:  Four-way intersection,Paved,N/A,Possible/Unknown,0,1,0,0,1,0,8000,2,3,N/A,POINT (-93.109495714171 41.306264369082)
2009531096,,10/20/2009,10-October,3-Tuesday,11:30,1100 Hours,District 1 (Central),,,,FOREST DR & GRAND AVE,Collision with:  Vehicle in traffic,On Roadway,"Angle, oncoming left turn",FTYROW:  Making left turn,None Indicated,None apparent,Daylight,Dry,Cloudy,None apparent,Intersection:  T-intersection,Paved,N/A,Property Damage Only,0,0,0,0,0,0,6500,2,3,N/A,POINT (-93.649922826519 41.584415802829)
2009532975,09-005094,10/20/2009,10-October,3-Tuesday,14:00,1400 Hours,District 1 (Central),,,,NW BEECHWOOD ST,Unknown,On Roadway,Unknown,Other (explain in narrative):  Other,None Indicated,Unknown,Daylight,Unknown,Unknown,Unknown,Non-intersection:  Non-junction/no special feature,Paved,N/A,Property Damage Only,0,0,0,0,0,0,1500,2,1,N/A,POINT (-93.63099520614 41.741020189173)
2009531187,09-2763,10/21/2009,10-October,4-Wednesday,09:50,0900 Hours,District 1 (Central),,,,DOUGLAS PKWY & 121ST ST,Collision with:  Vehicle in traffic,On Roadway,Rear-end (front to rear),Other (explain in narrative):  Other,None Indicated,None apparent,Daylight,Dry,Cloudy,None apparent,Intersection:  T-intersection,Paved,N/A,Property Damage Only,0,0,0,0,0,0,3800,2,2,N/A,POINT (-93.783789728073 41.629517777666)
2009531383,09-035259,10/22/2009,10-October,5-Thursday,08:25,0800 Hours,District 4 (Southwest),,,,S 35TH ST,Collision with:  Vehicle in traffic,On Roadway,Broadside (front to side),FTYROW:  Making left turn,None Indicated,None apparent,Daylight,Wet,Rain,None apparent,Non-intersection:  Driveway access (within),Paved,N/A,Property Damage Only,0,0,0,0,0,0,6800,2,3,N/A,POINT (-95.902064411595 41.261391445379)
2009531375,09-5289,10/22/2009,10-October,5-Thursday,13:52,1300 Hours,District 1 (Central),,,,ASHWORTH RD & 28TH ST,Collision with:  Vehicle in traffic,On Roadway,Broadside (front to side),Ran Stop Sign,None Indicated,None apparent,Daylight,Wet,Rain,None apparent,Intersection:  T-intersection,Paved,N/A,Major Injury,0,1,1,0,0,0,6000,2,2,N/A,POINT (-93.741990260865 41.58471417949)
2009620283,SO090526,10/23/2009,10-October,6-Friday,11:12,1100 Hours,District 4 (Southwest),,,IA 148,IA 148,Collision with fixed object:  Ditch,On Roadway,Non-collision (single vehicle),Ran off road - right,None Indicated,Animal in roadway,Daylight,Dry,Clear,None apparent,Non-intersection:  Non-junction/no special feature,Paved,N/A,Property Damage Only,0,0,0,0,0,0,3000,1,1,N/A,POINT (-94.757009102398 41.07130617723)
2009566114,09-1317,10/23/2009,10-October,6-Friday,15:40,1500 Hours,District 2 (Northeast),,,IA 17,IA 17/IOWA 17,Collision with fixed object:  Ditch,On Roadway,Non-collision (single vehicle),Ran off road - right,None Indicated,None apparent,Daylight,Wet,Cloudy,None apparent,Non-intersection:  Non-junction/no special feature,Paved,N/A,Property Damage Only,0,0,0,0,0,0,2000,1,1,N/A,POINT (-93.902712334915 42.606196561868)
2009531706,09-035459,10/24/2009,10-October,7-Saturday,01:20,0100 Hours,District 4 (Southwest),,,US 6,US 6/KANESVILLE BLVD & RAILROAD HWY,Collision with fixed object:  Ditch,On Roadway,Non-collision (single vehicle),Ran off road - right,None Indicated,None apparent,Dark - roadway lighted,Dry,Clear,None apparent,Intersection:  Four-way intersection,Paved,N/A,Possible/Unknown,0,1,0,0,0,1,1000,1,1,N/A,POINT (-95.807733929483 41.279430560724)
2009531842,09-152,10/24/2009,10-October,7-Saturday,18:00,1800 Hours,District 2 (Northeast),,,IA 93,IA 93/IOWA 93,Collision with:  Animal,N/A,N/A,Animal,None Indicated,N/A,N/A,N/A,N/A,N/A,N/A,Paved,N/A,Property Damage Only,0,0,0,0,0,0,4000,1,777,N/A,POINT (-92.307989183381 42.802596106692)
2009537725,,10/25/2009,10-October,1-Sunday,19:30,1900 Hours,District 6 (East Central),,,,E MARKET ST & N GILBERT ST,Collision with:  Vehicle in traffic,On Roadway,Broadside (front to side),Ran Traffic Signal,None Indicated,None apparent,Dark - roadway lighted,Wet,Rain,None apparent,Intersection:  Four-way intersection,Paved,N/A,Property Damage Only,0,0,0,0,0,0,3000,2,2,N/A,POINT (-91.530115884596 41.663565744897)
2009531963,S09-012288,10/26/2009,10-October,2-Monday,06:54,0600 Hours,District 4 (Southwest),,,,,Collision with:  Animal,N/A,N/A,Animal,None Indicated,N/A,N/A,N/A,N/A,N/A,N/A,N/A,N/A,Property Damage Only,0,0,0,0,0,0,2000,1,777,N/A,POINT (-96.643700150779 40.233091251088)
2009532111,,10/26/2009,10-October,2-Monday,07:30,0700 Hours,District 2 (Northeast),,,IA 3,IA 3/220TH ST,Collision with:  Animal,On Roadway,Non-collision (single vehicle),Animal,None Indicated,Animal in roadway,Dawn,Dry,Cloudy,None apparent,Non-intersection:  Non-junction/no special feature,Paved,N/A,Property Damage Only,0,0,0,0,0,0,3500,1,1,N/A,POINT (-94.194097461759 42.731632534078)
2009532845,09-0950,10/27/2009,10-October,3-Tuesday,23:00,2300 Hours,District 1 (Central),,,US 20,US 20/235TH ST,Collision with:  Animal,N/A,N/A,Animal,None Indicated,N/A,N/A,N/A,N/A,N/A,N/A,Paved,N/A,Property Damage Only,0,0,0,0,0,0,3000,1,777,N/A,POINT (-94.097680635415 42.449650523924)
2009532943,01-09-50819,10/28/2009,10-October,4-Wednesday,23:10,2300 Hours,District 6 (East Central),,,,PENNSYLVANIA AVE & RICHIE DR,Collision with:  Vehicle in traffic,On Roadway,"Sideswipe, same direction",Crossed centerline (undivided),None Indicated,None apparent,Dark - roadway lighted,Dry,Cloudy,None apparent,Intersection:  T-intersection,Paved,N/A,Property Damage Only,0,0,0,0,0,0,2000,2,4,N/A,POINT (-90.727054921435 42.500490916496)
2009533208,09-2805,10/28/2009,10-October,4-Wednesday,07:05,0700 Hours,District 1 (Central),,,I-380,I-380 &  NW URBANDALE DR & AURORA AVE,Collision with:  Vehicle in traffic,On Roadway,"Angle, oncoming left turn",FTYROW:  Making left turn,None Indicated,None apparent,Dark - roadway lighted,Dry,Cloudy,None apparent,Intersection:  Four-way intersection,Paved,N/A,Property Damage Only,0,0,0,0,0,0,1300,2,2,N/A,POINT (-91.781735099999 42.172254693247)
2009551001,200900048768,10/29/2009,10-October,5-Thursday,12:06,1200 Hours,District 5 (Southeast),,,IA 149,IA 149/IOWA 149,Collision with:  Vehicle in traffic,On Roadway,Rear-end (front to rear),Driving too fast for conditions,None Indicated,None apparent,Daylight,Wet,Rain,None apparent,Non-intersection:  Non-junction/no special feature,Paved,N/A,Possible/Unknown,0,2,0,0,2,0,1500,3,5,N/A,POINT (-92.413483572201 41.022865387768)
2009533679,09-0953,10/29/2009,10-October,5-Thursday,21:56,2100 Hours,District 1 (Central),,,IA 7,IA 7/190TH ST,Collision with:  Vehicle in traffic,On Roadway,Rear-end (front to rear),Disregarded RR Signal,None Indicated,Unknown,Dark - roadway not lighted,Wet,Rain,None apparent,Non-intersection:  Railroad grade crossing,Paved,N/A,Possible/Unknown,0,1,0,0,1,0,8000,2,5,N/A,POINT (-94.295236855991 42.516157572895)
2009533214,09-2834,10/30/2009,10-October,6-Friday,07:49,0700 Hours,District 1 (Central),,,,AURORA AVE & 73RD ST,Collision with:  Vehicle in traffic,On Roadway,"Angle, oncoming left turn",FTYROW:  Making left turn,None Indicated,None apparent,Daylight,Wet,Cloudy,None apparent,Intersection:  T-intersection,Paved,N/A,Property Damage Only,0,0,0,0,0,0,3700,2,2,N/A,POINT (-93.718115693787 41.636594102784)
2009533091,CL09004553,10/30/2009,10-October,6-Friday,06:53,0600 Hours,District 6 (East Central),,,,MANUFACTURING DR,Collision with:  Animal,On Roadway,Non-collision (single vehicle),Animal,None Indicated,None apparent,Dusk,Wet,Cloudy,None apparent,Non-intersection:  Non-junction/no special feature,Paved,N/A,Property Damage Only,0,0,0,0,0,0,3500,2,2,N/A,POINT (-90.234023300926 41.827292177586)
2009535257,09-010524,10/31/2009,10-October,7-Saturday,23:06,2300 Hours,District 2 (Northeast),,,IA 128,IA 128/IOWA 128,Collision with:  Animal,N/A,N/A,Animal,None Indicated,N/A,N/A,N/A,N/A,N/A,N/A,Paved,N/A,Property Damage Only,0,0,0,0,0,0,4000,1,1,N/A,POINT (-91.345344500079 42.877171624033)
2009534264,,10/31/2009,10-October,7-Saturday,23:38,2300 Hours,District 5 (Southeast),,,US 34,US 34,Collision with:  Animal,On Roadway,Non-collision (single vehicle),Animal,None Indicated,Animal in roadway,N/A,N/A,N/A,N/A,N/A,Paved,N/A,Property Damage Only,0,0,0,0,0,0,2500,1,1,N/A,POINT (-93.410932931642 41.028957967353)
2009535177,2009062327,11/01/2009,11-November,1-Sunday,01:30,0100 Hours,District 1 (Central),,,,Co Rd E29/HWY E29,Collision with:  Animal,On Roadway,Non-collision (single vehicle),Animal,None Indicated,None apparent,Dark - roadway not lighted,Dry,Cloudy,None apparent,Non-intersection:  Non-junction/no special feature,Paved,N/A,Property Damage Only,0,0,0,0,0,0,7000,1,1,N/A,POINT (-92.619454699442 42.100988326893)
2009533628,20090035097,11/01/2009,11-November,1-Sunday,18:54,1800 Hours,District 1 (Central),,,,E ROSE AVE & SE 20TH ST,Collision with:  Parked motor vehicle,On Roadway,Head-on (front to front),Other (explain in narrative):  Vision obstructed,None Indicated,None apparent,Dark - roadway not lighted,Dry,Cloudy,None apparent,Intersection:  T-intersection,Paved,N/A,Property Damage Only,0,0,0,0,0,0,5000,2,3,N/A,POINT (-93.581649572677 41.549770125282)
2009533434,W09-117985,11/02/2009,11-November,2-Monday,15:15,1500 Hours,District 2 (Northeast),,,,W RIDGEWAY AVE,Collision with:  Vehicle in traffic,On Roadway,"Sideswipe, same direction",FTYROW:  From driveway,None Indicated,None apparent,Daylight,Dry,Clear,None apparent,Non-intersection:  Driveway access (within),Paved,N/A,Property Damage Only,0,0,0,0,0,0,3400,2,2,N/A,POINT (-92.357531327176 42.469397775586)
2009533524,09-29294,11/02/2009,11-November,2-Monday,17:50,1700 Hours,District 1 (Central),,,US 6,US 6/US 6 E,Collision with:  Animal,N/A,N/A,Animal,None Indicated,N/A,N/A,N/A,N/A,N/A,N/A,Paved,N/A,Property Damage Only,0,0,0,0,0,0,1500,1,777,N/A,POINT (-92.858403253872 41.708906915785)
2009536136,,11/03/2009,11-November,3-Tuesday,20:11,2000 Hours,District 2 (Northeast),,,,Co Rd T64/SHADOW AVE,Collision with:  Animal,On Roadway,Non-collision (single vehicle),Animal,None Indicated,Animal in roadway,Dark - roadway not lighted,Wet,Cloudy,None apparent,Non-intersection:  Non-junction/no special feature,Paved,N/A,Property Damage Only,0,0,0,0,0,0,5000,1,7,N/A,POINT (-92.672634177764 43.016310123281)
2009534784,,11/03/2009,11-November,3-Tuesday,18:13,1800 Hours,District 4 (Southwest),,,IA 92,IA 92/IOWA 92,Collision with:  Animal,On Roadway,Non-collision (single vehicle),Animal,None Indicated,Animal in roadway,Daylight,Dry,Clear,None apparent,Non-intersection:  Non-junction/no special feature,Paved,N/A,Property Damage Only,0,0,0,0,0,0,1500,1,1,N/A,POINT (-94.527390343743 41.29520948225)
2009534240,2009062856,11/04/2009,11-November,4-Wednesday,00:21,0000 Hours,District 6 (East Central),,,,Co Rd Y40/60 AVE,Collision with:  Animal,N/A,N/A,Animal,None Indicated,N/A,N/A,N/A,N/A,N/A,N/A,Paved,N/A,Property Damage Only,0,0,0,0,0,0,1000,1,777,N/A,POINT (-90.782485974488 41.702338375385)
2009535513,09001703,11/05/2009,11-November,5-Thursday,14:12,1400 Hours,District 3 (Northwest),,,,430TH ST,Collision with:  Vehicle in traffic,On Roadway,"Sideswipe, same direction",Crossed centerline (undivided),None Indicated,None apparent,Daylight,Dry,Clear,None apparent,Intersection:  Four-way intersection,Unpaved,N/A,Property Damage Only,0,0,0,0,0,0,4000,2,3,N/A,POINT (-95.544556159569 42.894558219536)
2009534469,09118994,11/05/2009,11-November,5-Thursday,02:00,0200 Hours,District 2 (Northeast),,,,OLIVE ST,Collision with fixed object:  Bridge overhead structure,Shoulder,Non-collision (single vehicle),Lost Control,Under Influence of Alcohol/Drugs/Medications,None apparent,Dark - unknown roadway lighting,Dry,Cloudy,None apparent,Non-intersection:  Other non-intersection (explain in narrative),Paved,N/A,Property Damage Only,0,0,0,0,0,0,2650,1,1,N/A,POINT (-92.454707769889 42.51906424173)
2009534889,02-09-15187,11/05/2009,11-November,5-Thursday,06:59,0600 Hours,District 6 (East Central),,,,Co Rd Y35/JOHN DEERE RD S,Collision with:  Vehicle in traffic,On Roadway,Broadside (front to side),FTYROW:  Other (explain in narrative),None Indicated,None apparent,Daylight,Dry,Clear,None apparent,Intersection:  T-intersection,Paved,N/A,Major Injury,0,1,1,0,0,0,10000,2,2,N/A,POINT (-90.692488788001 42.553173614023)
2009556830,09007549,11/06/2009,11-November,6-Friday,22:45,2200 Hours,District 2 (Northeast),,,I-35,I-35,Collision with:  Animal,N/A,N/A,Animal,None Indicated,N/A,N/A,N/A,N/A,N/A,N/A,Paved,N/A,Property Damage Only,0,0,0,0,0,0,8000,1,1,N/A,POINT (-93.350647930047 42.958446440327)
2009537264,09-5116,11/06/2009,11-November,6-Friday,13:25,1300 Hours,District 3 (Northwest),,,,MARKET AVE,Collision with:  Vehicle in traffic,On Roadway,Rear-end (front to rear),Followed too close,None Indicated,None apparent,Daylight,Dry,Clear,None apparent,Non-intersection:  Non-junction/no special feature,Unpaved,N/A,Major Injury,0,2,1,1,0,0,24500,2,2,N/A,POINT (-95.42012425902 42.326411532721)
2009535879,2009059046,11/07/2009,11-November,7-Saturday,16:31,1600 Hours,District 6 (East Central),,,I-80,I-80 & N DUBUQUE ST,Collision with:  Vehicle in traffic,On Roadway,Broadside (front to side),FTYROW:  Making left turn,None Indicated,None apparent,Daylight,Dry,Clear,None apparent,Intersection:  Intersection with ramp,Paved,N/A,Property Damage Only,0,0,0,0,0,0,7500,2,5,N/A,POINT (-91.538799389574 41.685364946094)
2009534657,20090035760,11/07/2009,11-November,7-Saturday,11:01,1100 Hours,District 1 (Central),,,,OAKCREST DR,Collision with:  Vehicle in traffic,On Roadway,Head-on (front to front),FTYROW:  From driveway,None Indicated,None apparent,Daylight,Dry,Clear,None apparent,Non-intersection:  Driveway access (within),Paved,N/A,Property Damage Only,0,0,0,0,0,0,5000,2,4,N/A,POINT (-93.658095243259 41.628360555968)
2009539173,,11/08/2009,11-November,1-Sunday,17:20,1700 Hours,District 3 (Northwest),,,,Co Rd C16/450TH ST,Collision with:  Animal,On Roadway,Non-collision (single vehicle),Animal,None Indicated,N/A,Dusk,Dry,Clear,N/A,Non-intersection:  Other non-intersection (explain in narrative),Paved,N/A,Possible/Unknown,0,2,0,0,2,0,6500,1,2,N/A,POINT (-95.632326081106 42.866567299962)