Iowa DOT Case Number,Law Enforcement Case Number,Date of Crash,Month of Crash,Day of Week,Time of Crash,Hour,DOT District,City Name,County Name,Route with System,Location Description,First Harmful Event,Location of First Harmful Event,Manner of Crash/Collision,Major Cause,Drug or Alcohol ,Environmental Conditions,Light Conditions,Surface Conditions,Weather Conditions,Roadway Contribution,Roadway Type,Roadway Surface,Work Zone,Crash Severity,Number of Fatalities,Number of Injuries,Number of Major Injuries,Number of Minor Injuries,Number of Possible Injuries,Number of Unknown Injuries,Amount of Property Damage,Number of Vehicles Involved,Total Number of Occupants,Travel Direction,Location
2009535426,09-0981,11/08/2009,11-November,1-Sunday,18:21,1800 Hours,District 1 (Central),,,IA 175,IA 175/IOWA 175,Collision with:  Vehicle in traffic,On Roadway,"Sideswipe, opposite direction",Ran off road - left,Refused,None apparent,Dark - roadway not lighted,Dry,Clear,None apparent,Non-intersection:  Non-junction/no special feature,Paved,N/A,Minor Injury,0,1,0,1,0,0,79000,2,2,N/A,POINT (-94.003335774083 42.251726164394)
2009538831,2009-1672,11/09/2009,11-November,2-Monday,22:49,2200 Hours,District 5 (Southeast),,,US 65,US 65,Collision with:  Animal,N/A,N/A,Animal,None Indicated,N/A,N/A,N/A,N/A,N/A,N/A,Paved,N/A,Property Damage Only,0,0,0,0,0,0,3000,1,777,N/A,POINT (-93.558292305217 41.449354288418)
2009536686,,11/09/2009,11-November,2-Monday,16:45,1600 Hours,District 6 (East Central),,,US 30,US 30,Collision with:  Animal,On Roadway,Non-collision (single vehicle),Animal,None Indicated,Animal in roadway,Dusk,Dry,Clear,None apparent,Non-intersection:  Non-junction/no special feature,Paved,N/A,Property Damage Only,0,0,0,0,0,0,1000,1,2,N/A,POINT (-90.55999232476 41.808593638336)
2009535601,0921665,11/10/2009,11-November,3-Tuesday,15:42,1500 Hours,District 6 (East Central),,,US 61,US 61/BRADY ST,Collision with:  Vehicle in traffic,On Roadway,Rear-end (front to rear),Followed too close,None Indicated,None apparent,Daylight,Dry,Cloudy,None apparent,Non-intersection:  Non-junction/no special feature,Paved,N/A,Property Damage Only,0,0,0,0,0,0,2000,2,2,N/A,POINT (-90.569324807644 41.553258147942)
2009542279,,11/10/2009,11-November,3-Tuesday,18:42,1800 Hours,District 6 (East Central),,,IA 13,IA 13/IOWA 13 & PRAIRIE CHAPEL RD,Collision with:  Animal,On Roadway,Non-collision (single vehicle),Animal,None Indicated,Animal in roadway,N/A,N/A,N/A,N/A,N/A,Paved,N/A,Property Damage Only,0,0,0,0,0,0,8000,1,1,N/A,POINT (-91.549745219063 42.108350373194)
2009536623,2009064126,11/11/2009,11-November,4-Wednesday,07:35,0700 Hours,District 1 (Central),,,I-35,I-35,Collision with:  Animal,On Roadway,Head-on (front to front),Animal,None Indicated,Animal in roadway,Daylight,Dry,Clear,None apparent,Non-intersection:  Non-junction/no special feature,Paved,N/A,Possible/Unknown,0,1,0,0,1,0,5000,2,2,N/A,POINT (-93.722052245593 41.652584140709)
2009542341,,11/11/2009,11-November,4-Wednesday,13:00,1300 Hours,District 6 (East Central),,,IA 13,IA 13/IOWA 13,Collision with fixed object:  Guardrail - face,Shoulder,Non-collision (single vehicle),Crossed centerline (undivided),None Indicated,None apparent,Daylight,Dry,Clear,None apparent,Non-intersection:  Non-junction/no special feature,Paved,N/A,Property Damage Only,0,0,0,0,0,0,5200,1,1,N/A,POINT (-91.529350069648 42.219280194979)
2009538698,20094688,11/12/2009,11-November,5-Thursday,06:30,0600 Hours,District 1 (Central),,,,Co Rd D35/215TH ST,Collision with:  Animal,N/A,N/A,Animal,None Indicated,N/A,N/A,N/A,N/A,N/A,N/A,Paved,N/A,Property Damage Only,0,0,0,0,0,0,1500,1,777,N/A,POINT (-92.677845011158 42.391403027178)
2009536472,,11/12/2009,11-November,5-Thursday,08:07,0800 Hours,District 6 (East Central),,,US 67,US 67/STATE ST,N/A,On Roadway,Non-collision (single vehicle),Other (explain in narrative):  No improper action,None Indicated,Animal in roadway,Daylight,Dry,Cloudy,None apparent,Non-intersection:  Non-junction/no special feature,Paved,N/A,Property Damage Only,0,0,0,0,0,0,5000,1,2,N/A,POINT (-90.449789084765 41.549523870513)
2009535948,09-8222,11/13/2009,11-November,6-Friday,20:31,2000 Hours,District 1 (Central),,,IA 415,IA 415/2ND AVE,Collision with:  Animal,On Roadway,Non-collision (single vehicle),Animal,None Indicated,None apparent,Dark - roadway not lighted,Dry,Cloudy,None apparent,Non-intersection:  Non-junction/no special feature,Paved,N/A,Property Damage Only,0,0,0,0,0,0,2100,1,1,N/A,POINT (-93.620387392706 41.672164878151)
2009538801,09-12545,11/13/2009,11-November,6-Friday,18:00,1800 Hours,District 3 (Northwest),,,US 75,US 75,Collision with:  Animal,N/A,N/A,Animal,None Indicated,N/A,N/A,N/A,N/A,N/A,N/A,Paved,N/A,Property Damage Only,0,0,0,0,0,0,3000,1,1,N/A,POINT (-96.172068228499 43.010114545641)
2009536370,0921938,11/14/2009,11-November,7-Saturday,12:02,1200 Hours,District 6 (East Central),,,I-280,I-280 & US 6/W KIMBERLY RD,Collision with:  Vehicle in traffic,On Roadway,Broadside (front to side),Ran Stop Sign,None Indicated,None apparent,Daylight,Dry,Cloudy,None apparent,Intersection:  Four-way intersection,Paved,N/A,Minor Injury,0,3,0,2,1,0,9000,2,4,N/A,POINT (-90.673927136598 41.590629072376)
2009538283,20090036579,11/14/2009,11-November,7-Saturday,19:35,1900 Hours,District 1 (Central),,,US 69,US 69/E 14TH ST & CLEVELAND AVE,Collision with:  Vehicle in traffic,On Roadway,Broadside (front to side),Unknown,None Indicated,None apparent,Dark - roadway lighted,Dry,Clear,None apparent,Non-intersection:  Non-junction/no special feature,Paved,N/A,Property Damage Only,0,0,0,0,0,0,2500,2,3,N/A,POINT (-93.600507223593 41.605085933049)
2009535929,09-003558,11/15/2009,11-November,1-Sunday,11:25,1100 Hours,District 3 (Northwest),,,,Co Rd L26/MARSH AVE & 100TH ST,Collision with fixed object:  Ditch,Shoulder,Unknown,Followed too close,None Indicated,None apparent,Daylight,Dry,Clear,None apparent,Intersection:  Other intersection (explain in narrative),Paved,N/A,Possible/Unknown,0,1,0,0,1,0,4500,1,1,N/A,POINT (-95.880781551957 43.498474266929)
2009539409,09-37133,11/16/2009,11-November,2-Monday,20:14,2000 Hours,District 3 (Northwest),,,I-29,I-29,Collision with fixed object:  Guardrail - face,On Roadway,Non-collision (single vehicle),Ran off road - right,None Indicated,None apparent,Dark - roadway not lighted,Dry,Clear,Work Zone (roadway-related),Non-intersection:  Non-junction/no special feature,Paved,Yes,Property Damage Only,0,0,0,0,0,0,5500,1,1,N/A,POINT (-96.453601206702 42.492995083509)
2009536798,20090036819,11/16/2009,11-November,2-Monday,16:51,1600 Hours,District 1 (Central),,,,PAYNE RD & MLK JR PKWY,Collision with:  Vehicle in traffic,On Roadway,"Sideswipe, same direction",FTYROW:  Making left turn,None Indicated,None apparent,Dark - roadway lighted,Wet,Rain,None apparent,Intersection:  Four-way intersection,Paved,N/A,Property Damage Only,0,0,0,0,0,0,2000,2,3,N/A,POINT (-93.648392314286 41.620885685067)
2009538705,20094768,11/17/2009,11-November,3-Tuesday,23:48,2300 Hours,District 1 (Central),,,IA 175,IA 175/DIAGONAL RD,Collision with:  Animal,N/A,N/A,Animal,None Indicated,N/A,N/A,N/A,N/A,N/A,N/A,Paved,N/A,Property Damage Only,0,0,0,0,0,0,1000,1,777,N/A,POINT (-92.753707594878 42.359952785055)
2009539514,,11/17/2009,11-November,3-Tuesday,17:40,1700 Hours,District 2 (Northeast),,,US 52,US 52,Collision with:  Animal,On Roadway,Non-collision (single vehicle),Animal,None Indicated,N/A,Dark - roadway not lighted,Dry,Clear,N/A,Non-intersection:  Non-junction/no special feature,Paved,N/A,Property Damage Only,0,0,0,0,0,0,3031,1,2,N/A,POINT (-91.819336725241 43.275670691707)
2009538037,,11/18/2009,11-November,4-Wednesday,22:06,2200 Hours,District 3 (Northwest),,,IA 7,IA 7/W MILWAUKEE AVE & ONTARIO ST & N ONTARIO ST,Collision with:  Vehicle in traffic,On Roadway,Broadside (front to side),FTYROW:  From stop sign,None Indicated,None apparent,Dark - roadway lighted,Dry,Clear,None apparent,Intersection:  Four-way intersection,Paved,N/A,Property Damage Only,0,0,0,0,0,0,4100,2,2,N/A,POINT (-95.204771508108 42.647464247825)
2009537736,,11/18/2009,11-November,4-Wednesday,15:33,1500 Hours,District 6 (East Central),,,IA 1,IA 1/E BURLINGTON ST & VAN BUREN ST,Collision with:  Vehicle in traffic,On Roadway,Rear-end (front to rear),Followed too close,None Indicated,None apparent,Daylight,Wet,Cloudy,None apparent,Intersection:  Four-way intersection,Paved,N/A,Property Damage Only,0,0,0,0,0,0,4000,2,3,N/A,POINT (-91.528661462496 41.657809768388)
2009537548,09013972,11/19/2009,11-November,5-Thursday,23:18,2300 Hours,District 5 (Southeast),,,IA 2,IA 2/IOWA 2,Collision with:  Animal,On Roadway,Non-collision (single vehicle),Animal,None Indicated,Animal in roadway,Dark - roadway not lighted,Dry,Cloudy,None apparent,Non-intersection:  Non-junction/no special feature,Paved,N/A,Property Damage Only,0,0,0,0,0,0,2500,1,1,N/A,POINT (-92.737419682495 40.739906287069)
2009539230,,11/20/2009,11-November,6-Friday,06:35,0600 Hours,District 6 (East Central),,,US 67,US 67/GRANT ST & 13TH ST,Collision with:  Vehicle in traffic,On Roadway,Broadside (front to side),Ran Traffic Signal,None Indicated,None apparent,Daylight,Dry,Cloudy,None apparent,Intersection:  Other intersection (explain in narrative),Paved,N/A,Property Damage Only,0,0,0,0,0,0,5000,2,2,N/A,POINT (-90.515124204501 41.526196696253)
2009537384,09-3054,11/20/2009,11-November,6-Friday,16:28,1600 Hours,District 1 (Central),,,I-35,I-35,Collision with:  Vehicle in traffic,On Roadway,Rear-end (front to rear),Improper or erratic lane changing,None Indicated,None apparent,Daylight,Dry,Clear,None apparent,Non-intersection:  Non-junction/no special feature,Paved,N/A,Property Damage Only,0,0,0,0,0,0,2600,2,2,N/A,POINT (-93.77694407661 41.636292589831)
2009537569,W09-124703,11/20/2009,11-November,6-Friday,13:54,1300 Hours,District 2 (Northeast),,,,W 9TH ST & SOUTH ST,Collision with:  Vehicle in traffic,On Roadway,Broadside (front to side),FTYROW:  From stop sign,None Indicated,None apparent,Daylight,Dry,Cloudy,None apparent,Intersection:  Four-way intersection,Paved,N/A,Property Damage Only,0,0,0,0,0,0,3000,2,3,N/A,POINT (-92.33820735882 42.488515336011)
2009538319,20090037406,11/21/2009,11-November,7-Saturday,17:03,1700 Hours,District 1 (Central),,,US 69,US 69/SE 14TH ST & E PARK AVE,Collision with:  Vehicle in traffic,On Roadway,"Angle, oncoming left turn",Unknown,None Indicated,None apparent,Dark - roadway lighted,Dry,Clear,None apparent,Intersection:  Four-way intersection,Paved,N/A,Possible/Unknown,0,1,0,0,1,0,10500,3,5,N/A,POINT (-93.596832563593 41.555312885804)
2009538931,,11/22/2009,11-November,1-Sunday,16:29,1600 Hours,District 1 (Central),,,,,Collision with:  Vehicle in traffic,On Roadway,Broadside (front to side),FTYROW:  From stop sign,None Indicated,None apparent,Daylight,Dry,Clear,None apparent,Intersection:  Four-way intersection,N/A,N/A,Property Damage Only,0,0,0,0,0,0,2500,2,5,N/A,POINT (-96.643700150779 40.233091251088)
2009544103,,11/23/2009,11-November,2-Monday,15:15,1500 Hours,District 2 (Northeast),,,US 18,US 18 & US 218 & Co Rd T44/QUARRY AVE,Collision with:  Vehicle in traffic,On Roadway,Rear-end (front to rear),Swerving/Evasive Action,None Indicated,None apparent,Daylight,Dry,Cloudy,None apparent,Non-intersection:  Crossover-related,Paved,N/A,Minor Injury,0,1,0,1,0,0,9000,2,2,N/A,POINT (-92.738690972199 43.121090800759)
2009538285,20090037678,11/24/2009,11-November,3-Tuesday,06:57,0600 Hours,District 1 (Central),,,IA 28,IA 28/MERLE HAY RD,Collision with:  Vehicle in traffic,On Roadway,Broadside (front to side),FTYROW:  From stop sign,None Indicated,None apparent,Dark - roadway lighted,Wet,Rain,None apparent,Non-intersection:  Driveway access (within),Paved,N/A,Property Damage Only,0,0,0,0,0,0,16500,2,3,N/A,POINT (-93.697747147553 41.636089046385)
2009537905,200919471,11/24/2009,11-November,3-Tuesday,18:23,1800 Hours,District 6 (East Central),,,,BOYSON RD NE,Collision with:  Parked motor vehicle,On Roadway,Rear-end (front to rear),Lost Control,None Indicated,None apparent,Dark - roadway lighted,Wet,Rain,None apparent,Non-intersection:  Non-junction/no special feature,Paved,N/A,Minor Injury,0,1,0,1,0,0,4500,2,1,N/A,POINT (-91.637434599246 42.046696574988)
2009539650,09-005699,11/25/2009,11-November,4-Wednesday,15:48,1500 Hours,District 1 (Central),,,I-35,I-35,Collision with:  Vehicle in traffic,On Roadway,Rear-end (front to rear),Improper or erratic lane changing,None Indicated,None apparent,Daylight,Wet,Rain,None apparent,Non-intersection:  Non-junction/no special feature,Paved,N/A,Property Damage Only,0,0,0,0,0,0,3150,2,2,N/A,POINT (-93.573774134793 41.75032719287)
2009538115,09022969,11/25/2009,11-November,4-Wednesday,15:38,1500 Hours,District 2 (Northeast),,,US 65,US 65/S FEDERAL AVE & 7TH ST SW & 7TH ST SE,Collision with:  Vehicle in traffic,On Roadway,Broadside (front to side),FTYROW:  From stop sign,None Indicated,None apparent,Daylight,Wet,Rain,None apparent,Intersection:  Four-way intersection,Paved,N/A,Property Damage Only,0,0,0,0,0,0,2000,2,3,N/A,POINT (-93.201089905874 43.144679182705)
2009542186,HR0922759,11/26/2009,11-November,5-Thursday,02:24,0200 Hours,District 6 (East Central),,,,W 4TH ST,Collision with:  Vehicle in traffic,Roadside,"Sideswipe, same direction",Other (explain in narrative):  No improper action,None Indicated,None apparent,Dark - roadway lighted,Dry,Clear,None apparent,Non-intersection:  Non-junction/no special feature,Paved,N/A,Property Damage Only,0,0,0,0,0,0,4000,2,777,N/A,POINT (-90.604131212568 41.523403207396)
2009542452,2009112701,11/27/2009,11-November,6-Friday,11:10,1100 Hours,District 4 (Southwest),,,,MAPLE ST,Collision with:  Vehicle in traffic,On Roadway,"Sideswipe, opposite direction",Made improper turn,None Indicated,None apparent,Daylight,Dry,Clear,None apparent,Non-intersection:  Non-junction/no special feature,Paved,N/A,Property Damage Only,0,0,0,0,0,0,4500,2,2,N/A,POINT (-95.375054294257 40.757360462258)
2009538771,0922801,11/27/2009,11-November,6-Friday,08:15,0800 Hours,District 6 (East Central),,,,W 2ND ST & MARQUETTE ST,Collision with:  Vehicle in traffic,On Roadway,Broadside (front to side),Ran Traffic Signal,None Indicated,None apparent,Daylight,Dry,Clear,None apparent,Intersection:  Four-way intersection,Paved,N/A,Property Damage Only,0,0,0,0,0,0,2000,2,2,N/A,POINT (-90.590883676921 41.521270974545)
2009538751,20090038074,11/28/2009,11-November,7-Saturday,05:10,0500 Hours,District 1 (Central),,,,E 13TH ST,Collision with fixed object:  Utility pole/light support,On Roadway,Non-collision (single vehicle),"Operating vehicle in an reckless, erratic, careless, negligent manner",None Indicated,None apparent,Dark - roadway lighted,Dry,Clear,None apparent,Non-intersection:  Non-junction/no special feature,Paved,N/A,Property Damage Only,0,0,0,0,0,0,2100,1,1,N/A,POINT (-93.603341103875 41.605269254489)
2009541607,09-10652,11/29/2009,11-November,1-Sunday,17:04,1700 Hours,District 5 (Southeast),,,US 218,US 218 & Co Rd J62/255 ST,Collision with:  Vehicle in traffic,On Roadway,Broadside (front to side),FTYROW:  From stop sign,None Indicated,None apparent,Dusk,Dry,Cloudy,None apparent,Intersection:  Four-way intersection,Paved,N/A,Property Damage Only,0,0,0,0,0,0,4500,2,5,N/A,POINT (-91.532035066973 40.590033264619)
2009539313,01-09-55888,11/30/2009,11-November,2-Monday,14:59,1400 Hours,District 6 (East Central),,,,KERPER BLVD & FENGLER ST,Collision with:  Vehicle in traffic,On Roadway,"Angle, oncoming left turn",Made improper turn,None Indicated,None apparent,Daylight,Dry,Cloudy,None apparent,Intersection:  T-intersection,Paved,N/A,Property Damage Only,0,0,0,0,0,0,5000,2,3,N/A,POINT (-90.655933474408 42.518445776405)
2009538825,09-26474,11/30/2009,11-November,2-Monday,18:03,1800 Hours,District 1 (Central),,,US 69,US 69/LINCOLN WAY,Collision with:  Vehicle in traffic,On Roadway,Rear-end (front to rear),Driving too fast for conditions,None Indicated,None apparent,Dark - roadway lighted,Dry,Clear,None apparent,Non-intersection:  Non-junction/no special feature,Paved,N/A,Property Damage Only,0,0,0,0,0,0,4000,2,2,N/A,POINT (-93.61140433832 42.022894733039)
2009545924,09-003756,12/01/2009,12-December,3-Tuesday,17:30,1700 Hours,District 3 (Northwest),,,US 75,US 75 & Co Rd A34/210TH ST,Collision with:  Animal,N/A,N/A,Animal,None Indicated,N/A,N/A,N/A,N/A,N/A,N/A,Paved,N/A,Property Damage Only,0,0,0,0,0,0,2000,1,777,N/A,POINT (-96.175923466827 43.349743138328)
2009550997,200900053870,12/01/2009,12-December,3-Tuesday,14:12,1400 Hours,District 5 (Southeast),,,,CHURCH ST,Collision with:  Non-motorist (see non-motorist section - NOT a unit),Roadside,Non-collision (single vehicle),Other (explain in narrative):  No improper action,None Indicated,Visual obstruction,Daylight,Dry,Clear,None apparent,Non-intersection:  Driveway access (within),Paved,N/A,Minor Injury,0,1,0,1,0,0,700,1,1,N/A,POINT (-92.421314124998 41.007455990736)
2009540476,09022577,12/02/2009,12-December,4-Wednesday,12:02,1200 Hours,District 5 (Southeast),,,IA 92,IA 92/A AVE W & N A ST,Collision with:  Vehicle in traffic,On Roadway,Rear-end (front to rear),FTYROW:  Other (explain in narrative),None Indicated,None apparent,Daylight,Dry,Cloudy,None apparent,Non-intersection:  Non-junction/no special feature,Paved,N/A,Property Damage Only,0,0,0,0,0,0,4000,3,3,N/A,POINT (-92.646289893811 41.296233814667)
2009542952,,12/03/2009,12-December,5-Thursday,06:00,0600 Hours,District 1 (Central),,,,NE 23 AVE,Collision with:  Animal,On Roadway,Non-collision (single vehicle),Animal,None Indicated,Animal in roadway,Dark - roadway not lighted,Dry,Clear,None apparent,Non-intersection:  Non-junction/no special feature,Paved,N/A,Property Damage Only,0,0,0,0,0,0,1700,1,2,N/A,POINT (-93.527696468938 41.615116969473)
2009546865,09-015320,12/03/2009,12-December,5-Thursday,18:12,1800 Hours,District 1 (Central),,,,13TH ST & STANGE RD,Collision with:  Vehicle in traffic,On Roadway,"Angle, oncoming left turn",FTYROW:  Making left turn,None Indicated,Weather conditions,Dark - roadway lighted,Ice/frost,"Sleet, hail","Surface condition (e.g., wet, icy)",Intersection:  Four-way intersection,Paved,N/A,Property Damage Only,0,0,0,0,0,0,1300,2,5,N/A,POINT (-93.64476263565 42.035663632419)
2009540256,09-38929,12/03/2009,12-December,5-Thursday,18:09,1800 Hours,District 3 (Northwest),,,,MORNINGSIDE AVE & S LAKEPORT ST & S PALMETTO ST,Collision with:  Vehicle in traffic,On Roadway,"Angle, oncoming left turn",FTYROW:  Making left turn,None Indicated,None apparent,Dark - roadway lighted,Dry,Clear,None apparent,Intersection:  Four-way intersection,Paved,N/A,Property Damage Only,0,0,0,0,0,0,5000,2,3,N/A,POINT (-96.34651621251 42.470395627354)
2009540103,20090038697,12/03/2009,12-December,5-Thursday,17:03,1700 Hours,District 1 (Central),,,,KENYON AVE,Collision with:  Vehicle in traffic,On Roadway,"Sideswipe, opposite direction",Unknown,None Indicated,None apparent,Dark - roadway not lighted,Dry,Clear,None apparent,Non-intersection:  Non-junction/no special feature,Paved,N/A,Property Damage Only,0,0,0,0,0,0,1200,2,2,N/A,POINT (-93.621992872786 41.535516564505)
2009542824,0912-123,12/04/2009,12-December,6-Friday,09:05,0900 Hours,District 3 (Northwest),,,,4TH AVE,Collision with:  Vehicle in traffic,On Roadway,Rear-end (front to rear),Other (explain in narrative):  No improper action,None Indicated,None apparent,Daylight,Snow,Clear,"Surface condition (e.g., wet, icy)",Intersection:  Four-way intersection,Paved,N/A,Property Damage Only,0,0,0,0,0,0,3000,2,2,N/A,POINT (-95.749094852144 43.398931357056)
2009540510,SO9002573,12/04/2009,12-December,6-Friday,11:50,1100 Hours,District 3 (Northwest),,,US 75,US 75,Collision with fixed object:  Ditch,Median,Non-collision (single vehicle),Swerving/Evasive Action,None Indicated,None apparent,Daylight,Dry,Cloudy,Other (explain in narrative),Non-intersection:  Non-junction/no special feature,Paved,N/A,Property Damage Only,0,0,0,0,0,0,2000,1,1,N/A,POINT (-96.216848488425 42.738808845185)
2009540762,09-23375,12/05/2009,12-December,7-Saturday,23:19,2300 Hours,District 6 (East Central),,,,KIRKWOOD BLVD,Collision with:  Parked motor vehicle,On Roadway,"Sideswipe, same direction",Lost Control,Alcohol (Statutory),None apparent,Dark - roadway lighted,Dry,Clear,None apparent,Non-intersection:  Non-junction/no special feature,Paved,N/A,Property Damage Only,0,0,0,0,0,0,6000,2,1,N/A,POINT (-90.567939285069 41.536170724945)
2009556850,09008256,12/05/2009,12-December,7-Saturday,15:49,1500 Hours,District 2 (Northeast),,,,Co Rd S36/MALLARD AVE,Collision with:  Animal,N/A,N/A,Animal,None Indicated,N/A,N/A,N/A,N/A,N/A,N/A,Paved,N/A,Property Damage Only,0,0,0,0,0,0,1000,1,777,N/A,POINT (-93.260623864463 43.188421552245)
2009542803,109-09,12/06/2009,12-December,1-Sunday,08:50,0800 Hours,District 4 (Southwest),,,,Co Rd G50/SAINT CHARLES RD,Collision with:  Animal,N/A,N/A,Animal,None Indicated,N/A,N/A,N/A,N/A,N/A,N/A,Paved,N/A,Property Damage Only,0,0,0,0,0,0,1000,1,777,N/A,POINT (-93.962051649602 41.301251254734)
2009540484,09A-189,12/06/2009,12-December,1-Sunday,12:24,1200 Hours,District 5 (Southeast),,,,Co Rd G48/MCKIMBER ST,Collision with:  Animal,N/A,N/A,Animal,None Indicated,N/A,N/A,N/A,N/A,N/A,N/A,Unpaved,N/A,Property Damage Only,0,0,0,0,0,0,5000,1,1,N/A,POINT (-93.320171046005 41.320589816904)
2009549110,,12/07/2009,12-December,2-Monday,15:30,1500 Hours,District 3 (Northwest),,,,E 3RD ST,Collision with:  Vehicle in traffic,Roadside,Broadside (front to side),FTYROW:  At uncontrolled intersection,None Indicated,Weather conditions,Daylight,Snow,Snow,None apparent,Non-intersection:  Alley,Paved,N/A,Possible/Unknown,0,1,0,0,1,0,3250,2,4,N/A,POINT (-95.968342915229 42.81341039785)
2009549489,,12/07/2009,12-December,2-Monday,15:33,1500 Hours,District 6 (East Central),,,I-80,I-80 & Co Rd X46/ATALISSA RD,Collision with:  Vehicle in traffic,On Roadway,"Sideswipe, same direction",Unknown,None Indicated,N/A,Dusk,Snow,N/A,N/A,N/A,Paved,N/A,Property Damage Only,0,0,0,0,0,0,3000,2,3,N/A,POINT (-91.151871544881 41.646062926461)
2009540716,09-39172,12/07/2009,12-December,2-Monday,07:00,0700 Hours,District 6 (East Central),,,,Co Rd Z30/240 AVE,Collision with:  Vehicle in traffic,On Roadway,"Sideswipe, opposite direction",Crossed centerline (undivided),None Indicated,Weather conditions,Daylight,Snow,Cloudy,"Surface condition (e.g., wet, icy)",Non-intersection:  Non-junction/no special feature,Paved,N/A,Possible/Unknown,0,1,0,0,1,0,2202,2,2,N/A,POINT (-90.432466279645 41.708214216854)
2009561349,09-277,12/08/2009,12-December,3-Tuesday,08:18,0800 Hours,District 2 (Northeast),,,,2ND AVE SW & SUNSET ST,Collision with:  Vehicle in traffic,On Roadway,Broadside (front to side),Lost Control,None Indicated,Weather conditions,Daylight,Snow,Snow,"Surface condition (e.g., wet, icy)",Intersection:  Four-way intersection,Paved,N/A,Property Damage Only,0,0,0,0,0,0,3500,2,2,N/A,POINT (-92.488597802988 42.723522841697)
2009541905,2009068978,12/08/2009,12-December,3-Tuesday,06:45,0600 Hours,District 6 (East Central),,,US 20,US 20,Collision with:  Vehicle in traffic,On Roadway,"Sideswipe, same direction",Driving too fast for conditions,None Indicated,None apparent,Dawn,Snow,Snow,None apparent,Non-intersection:  Non-junction/no special feature,Paved,N/A,Property Damage Only,0,0,0,0,0,0,2000,2,2,N/A,POINT (-91.329571312473 42.470461804139)
2009543768,2009069021,12/08/2009,12-December,3-Tuesday,06:00,0600 Hours,District 4 (Southwest),,,IA 2,IA 2/IOWA 2,Collision with:  Vehicle in traffic,On Roadway,Head-on (front to front),Crossed centerline (undivided),None Indicated,Weather conditions,Dark - roadway not lighted,Snow,Snow,"Surface condition (e.g., wet, icy)",Non-intersection:  Non-junction/no special feature,Paved,N/A,Minor Injury,0,2,0,2,0,0,20000,2,2,N/A,POINT (-94.919549086264 40.727348830287)
2009540933,01-09-56994,12/08/2009,12-December,3-Tuesday,08:03,0800 Hours,District 6 (East Central),,,,KIRKWOOD ST & COX ST,Collision with fixed object:  Other fixed object (explain in narrative),Outside trafficway,Non-collision (single vehicle),Driving too fast for conditions,None Indicated,Weather conditions,Daylight,Snow,Snow,"Surface condition (e.g., wet, icy)",Intersection:  T-intersection,Paved,N/A,Property Damage Only,0,0,0,0,0,0,3200,1,1,N/A,POINT (-90.680709622775 42.508143895581)
2009540751,0923522,12/08/2009,12-December,3-Tuesday,08:43,0800 Hours,District 6 (East Central),,,,GAINES ST,Collision with:  Vehicle in traffic,On Roadway,Rear-end (front to rear),FTYROW:  From yield sign,None Indicated,Weather conditions,Daylight,Snow,Snow,"Surface condition (e.g., wet, icy)",Intersection:  Four-way intersection,Paved,N/A,Possible/Unknown,0,1,0,0,1,0,2000,2,2,N/A,POINT (-90.582937361916 41.52161751193)
2009542207,0923583,12/09/2009,12-December,4-Wednesday,13:29,1300 Hours,District 6 (East Central),,,,S CONCORD ST,Collision with:  Vehicle in traffic,On Roadway,"Sideswipe, same direction",Made improper turn,None Indicated,None apparent,Daylight,Snow,Snow,None apparent,Non-intersection:  Non-junction/no special feature,Paved,N/A,Property Damage Only,0,0,0,0,0,0,2000,2,2,N/A,POINT (-90.621340504637 41.508692810672)
2009541553,SO0940058,12/10/2009,12-December,5-Thursday,10:52,1000 Hours,District 5 (Southeast),,,,Co Rd W40/WINTERGREEN BLVD,Non-collision events:  Overturn/rollover,Shoulder,Non-collision (single vehicle),Driving too fast for conditions,None Indicated,None apparent,Daylight,Ice/frost,Cloudy,"Surface condition (e.g., wet, icy)",Non-intersection:  Non-junction/no special feature,Paved,N/A,Property Damage Only,0,0,0,0,0,0,1000,1,1,N/A,POINT (-91.746661116304 40.984249606035)
2009544138,,12/10/2009,12-December,5-Thursday,08:20,0800 Hours,District 1 (Central),,,,,Collision with:  Vehicle in traffic,On Roadway,"Sideswipe, same direction","Operating vehicle in an reckless, erratic, careless, negligent manner",None Indicated,None apparent,Daylight,Wet,Clear,None apparent,Non-intersection:  Non-junction/no special feature,N/A,N/A,Property Damage Only,0,0,0,0,0,0,1000,2,2,N/A,POINT (-96.643700150779 40.233091251088)
2009541528,01-09-57378,12/10/2009,12-December,5-Thursday,14:58,1400 Hours,District 6 (East Central),,,,ASBURY RD,Collision with fixed object:  Traffic sign support,Roadside,Non-collision (single vehicle),Crossed centerline (undivided),None Indicated,None apparent,Daylight,Slush,Clear,"Surface condition (e.g., wet, icy)",Non-intersection:  Non-junction/no special feature,Paved,N/A,Property Damage Only,0,0,0,0,0,0,1900,1,1,N/A,POINT (-90.725481170075 42.514354763672)
2009543031,09-13756,12/10/2009,12-December,5-Thursday,16:25,1600 Hours,District 3 (Northwest),,,,3RD ST & MAIN ST,Collision with:  Vehicle in traffic,On Roadway,Broadside (front to side),Ran Stop Sign,None Indicated,None apparent,Daylight,Snow,Cloudy,"Surface condition (e.g., wet, icy)",Intersection:  Four-way intersection,Paved,N/A,Property Damage Only,0,0,0,0,0,0,1200,2,2,N/A,POINT (-94.868612513031 42.062654226516)