Iowa DOT Case Number,Law Enforcement Case Number,Date of Crash,Month of Crash,Day of Week,Time of Crash,Hour,DOT District,City Name,County Name,Route with System,Location Description,First Harmful Event,Location of First Harmful Event,Manner of Crash/Collision,Major Cause,Drug or Alcohol ,Environmental Conditions,Light Conditions,Surface Conditions,Weather Conditions,Roadway Contribution,Roadway Type,Roadway Surface,Work Zone,Crash Severity,Number of Fatalities,Number of Injuries,Number of Major Injuries,Number of Minor Injuries,Number of Possible Injuries,Number of Unknown Injuries,Amount of Property Damage,Number of Vehicles Involved,Total Number of Occupants,Travel Direction,Location
2009546272,,12/11/2009,12-December,6-Friday,06:30,0600 Hours,District 1 (Central),,,,E PORTER AVE & SE 5TH ST,Collision with:  Vehicle in traffic,On Roadway,Broadside (front to side),Ran Traffic Signal,None Indicated,None apparent,Daylight,Ice/frost,Cloudy,"Surface condition (e.g., wet, icy)",Intersection:  Four-way intersection,Paved,N/A,Property Damage Only,0,0,0,0,0,0,10000,2,2,N/A,POINT (-93.606475004552 41.533635851278)
2009541712,20090039492,12/11/2009,12-December,6-Friday,16:38,1600 Hours,District 1 (Central),,,,BEAVER AVE,Collision with:  Vehicle in traffic,On Roadway,Broadside (front to side),FTYROW:  From driveway,None Indicated,None apparent,Daylight,Snow,Cloudy,"Surface condition (e.g., wet, icy)",Non-intersection:  Driveway access (within),Paved,N/A,Property Damage Only,0,0,0,0,0,0,2500,2,2,N/A,POINT (-93.67804295023 41.630208189469)
2009542082,01-09-57658,12/11/2009,12-December,6-Friday,22:44,2200 Hours,District 6 (East Central),,,,ALTA VISTA ST,Collision with:  Parked motor vehicle,On Roadway,Rear-end (front to rear),Lost Control,Alcohol (Statutory),None apparent,Dark - roadway lighted,Snow,Cloudy,None apparent,Non-intersection:  Non-junction/no special feature,Paved,N/A,Property Damage Only,0,0,0,0,0,0,3500,2,2,N/A,POINT (-90.680909264341 42.502087425862)
2009542773,09-32899,12/12/2009,12-December,7-Saturday,02:53,0200 Hours,District 1 (Central),,,,S 11TH AVE W,Collision with:  Vehicle in traffic,On Roadway,"Sideswipe, opposite direction",Ran off road - straight,Alcohol (Statutory),None apparent,Dark - roadway lighted,Snow,Cloudy,None apparent,Non-intersection:  Non-junction/no special feature,Paved,N/A,Property Damage Only,0,0,0,0,0,0,2000,2,3,N/A,POINT (-93.055324475518 41.690173923295)
2009542558,09-39898,12/12/2009,12-December,7-Saturday,10:04,1000 Hours,District 3 (Northwest),,,,W 19TH ST & HAMILTON BLVD,Collision with:  Vehicle in traffic,On Roadway,Broadside (front to side),Driving too fast for conditions,None Indicated,None apparent,Daylight,Wet,Clear,"Surface condition (e.g., wet, icy)",Intersection:  Four-way intersection,Paved,N/A,Property Damage Only,0,0,0,0,0,0,4000,2,6,N/A,POINT (-96.416767884021 42.510569563047)
2009541833,1213074409,12/13/2009,12-December,1-Sunday,07:44,0700 Hours,District 5 (Southeast),,,,GREEN MEADOWS DR,Collision with fixed object:  Culvert/pipe opening,Roadside,Non-collision (single vehicle),Ran off road - right,None Indicated,None apparent,Daylight,Wet,Cloudy,"Shoulders (none, low, soft, high)",Non-intersection:  Non-junction/no special feature,Paved,N/A,Possible/Unknown,0,1,0,0,1,0,10000,1,1,N/A,POINT (-91.714089563028 41.2984039827)
2009542576,09-40155,12/14/2009,12-December,2-Monday,11:04,1100 Hours,District 3 (Northwest),,,IA 12,IA 12/GORDON DR & STONE AVE,Collision with:  Vehicle in traffic,On Roadway,Rear-end (front to rear),Lost Control,None Indicated,None apparent,Daylight,Wet,Cloudy,None apparent,Intersection:  Four-way intersection,Paved,N/A,Property Damage Only,0,0,0,0,0,0,6000,2,3,N/A,POINT (-96.352010500533 42.479212427168)
2009542106,09009423,12/14/2009,12-December,2-Monday,10:45,1000 Hours,District 1 (Central),,,,Co Rd D65/380TH ST,Non-collision events:  Overturn/rollover,Roadside,Non-collision (single vehicle),Driving too fast for conditions,None Indicated,Weather conditions,Daylight,Ice/frost,Severe winds,"Surface condition (e.g., wet, icy)",Non-intersection:  Non-junction/no special feature,Paved,N/A,Property Damage Only,0,0,0,0,0,0,2500,1,1,N/A,POINT (-93.482062217907 42.238287130434)
2009544541,2009071039,12/14/2009,12-December,2-Monday,11:27,1100 Hours,District 4 (Southwest),,,I-29,I-29,Non-collision events:  Overturn/rollover,On Roadway,Non-collision (single vehicle),Driving too fast for conditions,None Indicated,Weather conditions,Daylight,Ice/frost,Cloudy,"Surface condition (e.g., wet, icy)",Non-intersection:  Non-junction/no special feature,Paved,N/A,Possible/Unknown,0,1,0,0,1,0,15000,1,5,N/A,POINT (-96.030054901656 41.658261584609)
2009544471,2009071396,12/15/2009,12-December,3-Tuesday,17:44,1700 Hours,District 4 (Southwest),,,US 169,US 169/N AVE & Co Rd F90/360TH ST,Collision with:  Vehicle in traffic,On Roadway,Broadside (front to side),Crossed centerline (undivided),None Indicated,None apparent,Dark - roadway lighted,Dry,Clear,None apparent,Intersection:  Four-way intersection,Paved,N/A,Major Injury,0,3,1,0,2,0,20000,2,3,N/A,POINT (-94.012515556506 41.517608950757)
2009542815,09-2387,12/15/2009,12-December,3-Tuesday,11:53,1100 Hours,District 2 (Northeast),,,,PINE ST & N 4TH ST,Collision with:  Vehicle in traffic,On Roadway,Broadside (front to side),Unknown,None Indicated,None apparent,Daylight,Ice/frost,Clear,"Surface condition (e.g., wet, icy)",Non-intersection:  Non-junction/no special feature,Paved,N/A,Property Damage Only,0,0,0,0,0,0,1300,2,2,N/A,POINT (-92.816466437222 43.289892184523)
2009543181,09-40438,12/16/2009,12-December,4-Wednesday,16:24,1600 Hours,District 3 (Northwest),,,,W 8TH ST & HAMILTON BLVD,Collision with:  Vehicle in traffic,On Roadway,Rear-end (front to rear),Followed too close,None Indicated,None apparent,Daylight,Dry,Clear,None apparent,Non-intersection:  Non-junction/no special feature,Paved,N/A,Property Damage Only,0,0,0,0,0,0,3000,3,4,N/A,POINT (-96.417708233633 42.504157330408)
2009542859,09-041653,12/16/2009,12-December,4-Wednesday,12:00,1200 Hours,District 4 (Southwest),,,,N 29TH ST,Collision with:  Parked motor vehicle,Shoulder,Broadside (front to side),Improper Backing,None Indicated,None apparent,Daylight,Slush,Clear,None apparent,Non-intersection:  Non-junction/no special feature,Paved,N/A,Property Damage Only,0,0,0,0,0,0,1500,2,1,N/A,POINT (-95.89076123031 41.270583282037)
2009544230,12-09-105,12/17/2009,12-December,5-Thursday,18:17,1800 Hours,District 3 (Northwest),,,,3RD ST SE & 4TH AVE SE,Collision with:  Vehicle in traffic,On Roadway,Broadside (front to side),FTYROW:  From stop sign,None Indicated,None apparent,Dark - roadway lighted,Wet,Clear,None apparent,Intersection:  Four-way intersection,Paved,N/A,Property Damage Only,0,0,0,0,0,0,4000,2,2,N/A,POINT (-96.160652528037 42.789394873625)
2009552054,,12/17/2009,12-December,5-Thursday,18:30,1800 Hours,District 6 (East Central),,,IA 1,IA 1/IOWA 1,Collision with:  Animal,On Roadway,Non-collision (single vehicle),Animal,None Indicated,N/A,Dusk,N/A,N/A,N/A,N/A,Paved,N/A,Property Damage Only,0,0,0,0,0,0,2000,1,3,N/A,POINT (-91.482799372299 41.774130017788)
2009543670,0924086,12/18/2009,12-December,6-Friday,06:47,0600 Hours,District 6 (East Central),,,,E 53RD ST,Non-collision events:  Other non-collision (explain in narrative),On Roadway,Rear-end (front to rear),Other (explain in narrative):  Other,None Indicated,None apparent,Dark - roadway not lighted,Dry,Cloudy,None apparent,Non-intersection:  Non-junction/no special feature,Paved,N/A,Property Damage Only,0,0,0,0,0,0,2500,3,3,N/A,POINT (-90.519987233775 41.574863957284)
2009543355,"20,896-09",12/19/2009,12-December,7-Saturday,13:23,1300 Hours,District 3 (Northwest),,,,WEST LN,Collision with:  Vehicle in traffic,On Roadway,Rear-end (front to rear),Lost Control,None Indicated,None apparent,Daylight,Snow,Cloudy,"Surface condition (e.g., wet, icy)",Non-intersection:  Non-junction/no special feature,Paved,N/A,Property Damage Only,0,0,0,0,0,0,2800,2,2,N/A,POINT (-95.164746056044 43.144021716772)
2009554776,,12/19/2009,12-December,7-Saturday,22:42,2200 Hours,District 2 (Northeast),,,,S EISENHOWER AVE & 9TH ST SW,Collision with:  Vehicle in traffic,On Roadway,Broadside (front to side),Ran Stop Sign,Alcohol (Statutory),None apparent,Dark - roadway lighted,Wet,Cloudy,None apparent,Intersection:  Four-way intersection,Paved,N/A,Possible/Unknown,0,2,0,0,2,0,7000,2,3,N/A,POINT (-93.26058998165 43.142830211117)
2009550355,,12/20/2009,12-December,1-Sunday,19:37,1900 Hours,District 6 (East Central),,,,E JEFFERSON ST & S GILBERT ST & N GILBERT ST,Collision with:  Vehicle in traffic,On Roadway,"Sideswipe, same direction",Made improper turn,None Indicated,None apparent,Dark - roadway lighted,Slush,Rain,"Surface condition (e.g., wet, icy)",Intersection:  Four-way intersection,Paved,N/A,Property Damage Only,0,0,0,0,0,0,1500,2,4,N/A,POINT (-91.530129479227 41.662440062822)
2009544220,09023744,12/20/2009,12-December,1-Sunday,00:00,0000 Hours,District 5 (Southeast),,,,N 3RD ST,Collision with:  Vehicle in traffic,On Roadway,"Sideswipe, same direction",Ran off road - right,None Indicated,None apparent,Dark - roadway not lighted,Dry,Clear,None apparent,Non-intersection:  Non-junction/no special feature,Paved,N/A,Property Damage Only,0,0,0,0,0,0,5500,2,1,N/A,POINT (-92.641518558115 41.299452837049)
2009550353,,12/20/2009,12-December,1-Sunday,10:55,1000 Hours,District 6 (East Central),,,US 6,US 6 & ROCKY SHORE DR & HAWKINS DR,Collision with:  Vehicle in traffic,On Roadway,Rear-end (front to rear),Driving too fast for conditions,None Indicated,None apparent,Daylight,Snow,Snow,"Surface condition (e.g., wet, icy)",Intersection:  Four-way intersection,Paved,N/A,Property Damage Only,0,0,0,0,0,0,1200,2,2,N/A,POINT (-91.558036861824 41.665946032239)
2009545145,2009072579,12/21/2009,12-December,2-Monday,22:53,2200 Hours,District 4 (Southwest),,,I-80,I-80,Collision with fixed object:  Ditch,Median,Non-collision (single vehicle),Ran off road - left,Alcohol (Statutory),None apparent,Dark - roadway not lighted,Dry,Clear,None apparent,Non-intersection:  Non-junction/no special feature,Paved,N/A,Property Damage Only,0,0,0,0,0,0,5500,1,1,N/A,POINT (-95.730178254745 41.340964894932)
2009544163,W09-135156,12/21/2009,12-December,2-Monday,16:01,1600 Hours,District 2 (Northeast),,,,MAYNARD AVE & KIRKWOOD AVE,Non-collision events:  Other non-collision (explain in narrative),Outside trafficway,Non-collision (single vehicle),Unknown,None Indicated,None apparent,Daylight,Snow,Clear,"Surface condition (e.g., wet, icy)",Intersection:  T-intersection,Paved,N/A,Property Damage Only,0,0,0,0,0,0,1000,1,2,N/A,POINT (-92.374082718934 42.506458375327)
2009548545,,12/22/2009,12-December,3-Tuesday,02:10,0200 Hours,District 4 (Southwest),,,,MAIN ST & E 10TH ST,Collision with fixed object:  Utility pole/light support,Shoulder,Non-collision (single vehicle),Crossed centerline (undivided),Alcohol (Statutory),None apparent,Dark - roadway lighted,Dry,Clear,None apparent,Non-intersection:  Non-junction/no special feature,Paved,N/A,Property Damage Only,0,0,0,0,0,0,7000,1,2,N/A,POINT (-95.585175817638 41.008103491805)
2009545087,0924346,12/22/2009,12-December,3-Tuesday,10:34,1000 Hours,District 6 (East Central),,,US 61,US 61/BRADY ST & W 5TH ST & E 5TH ST,Collision with fixed object:  Bridge overhead structure,On Roadway,Non-collision (single vehicle),Other (explain in narrative):  Other,None Indicated,None apparent,Daylight,Dry,Cloudy,None apparent,Non-intersection:  Railroad grade crossing,Paved,N/A,Property Damage Only,0,0,0,0,0,0,10000,1,2,N/A,POINT (-90.574063504603 41.524654859574)
2009544359,09009708,12/23/2009,12-December,4-Wednesday,22:00,2200 Hours,District 1 (Central),,,I-35,I-35,Non-collision events:  Overturn/rollover,On Roadway,Non-collision (single vehicle),Driving too fast for conditions,None Indicated,Weather conditions,Dark - roadway not lighted,Ice/frost,"Sleet, hail","Surface condition (e.g., wet, icy)",Non-intersection:  Non-junction/no special feature,Paved,N/A,Property Damage Only,0,0,0,0,0,0,4000,1,1,N/A,POINT (-93.570303578225 42.368201277162)
2009550923,200900057082,12/23/2009,12-December,4-Wednesday,18:41,1800 Hours,District 5 (Southeast),,,,N COURT ST,Collision with fixed object:  Utility pole/light support,Shoulder,Non-collision (single vehicle),Swerving/Evasive Action,Alcohol (Statutory),None apparent,Dark - roadway not lighted,Wet,Rain,None apparent,Non-intersection:  Non-junction/no special feature,Paved,N/A,Property Damage Only,0,0,0,0,0,0,6500,1,1,N/A,POINT (-92.409068901069 41.033715648244)
2009547696,,12/24/2009,12-December,5-Thursday,19:40,1900 Hours,District 5 (Southeast),,,,Co Rd S56/300TH AVE,Collision with:  Animal,On Roadway,Non-collision (single vehicle),Animal,None Indicated,Animal in roadway,N/A,N/A,N/A,N/A,N/A,Paved,N/A,Property Damage Only,0,0,0,0,0,0,4000,1,1,N/A,POINT (-93.173851285589 40.941873047385)
2009545388,2009073506,12/25/2009,12-December,6-Friday,08:50,0800 Hours,District 1 (Central),,,I-80,I-80,Non-collision events:  Overturn/rollover,Median,Non-collision (single vehicle),Swerving/Evasive Action,None Indicated,Weather conditions,Daylight,Ice/frost,"Sleet, hail","Surface condition (e.g., wet, icy)",Non-intersection:  Non-junction/no special feature,Paved,N/A,Minor Injury,0,1,0,1,0,0,2000,1,1,N/A,POINT (-93.382911194812 41.680416117618)
2009544832,20090040981,12/26/2009,12-December,7-Saturday,10:45,1000 Hours,District 1 (Central),,,,PARK AVE & SW 12TH ST,Collision with:  Vehicle in traffic,On Roadway,Rear-end (front to rear),Followed too close,None Indicated,None apparent,Daylight,Ice/frost,Cloudy,"Surface condition (e.g., wet, icy)",Non-intersection:  Non-junction/no special feature,Paved,N/A,Property Damage Only,0,0,0,0,0,0,1500,2,3,N/A,POINT (-93.63052994979 41.555439291748)
2009544577,W09-136568,12/26/2009,12-December,7-Saturday,16:15,1600 Hours,District 2 (Northeast),,,,RATH ST & DUNHAM PL,Collision with:  Vehicle in traffic,On Roadway,Head-on (front to front),Lost Control,None Indicated,None apparent,Daylight,Snow,Cloudy,None apparent,Intersection:  Four-way intersection,Paved,N/A,Property Damage Only,0,0,0,0,0,0,5000,2,2,N/A,POINT (-92.316581503205 42.488793682136)
2009545131,2009073942,12/27/2009,12-December,1-Sunday,11:30,1100 Hours,District 6 (East Central),,,I-80,I-80,Collision with:  Vehicle in traffic,On Roadway,Rear-end (front to rear),Followed too close,None Indicated,None apparent,Daylight,Wet,Clear,Work Zone (roadway-related),Non-intersection:  Other non-intersection (explain in narrative),Paved,Yes,Possible/Unknown,0,1,0,0,1,0,10000,2,6,N/A,POINT (-90.365446357758 41.580791004827)
2009545065,09-042823,12/27/2009,12-December,1-Sunday,09:55,0900 Hours,District 4 (Southwest),,,,9TH AVE & S MAIN ST,Collision with:  Vehicle in traffic,On Roadway,Broadside (front to side),Lost Control,None Indicated,Weather conditions,Daylight,Ice/frost,Cloudy,"Surface condition (e.g., wet, icy)",Intersection:  Four-way intersection,Paved,N/A,Minor Injury,0,1,0,1,0,0,8000,2,3,N/A,POINT (-95.851644843535 41.253366768812)
2009545026,09027699,12/28/2009,12-December,2-Monday,10:20,1000 Hours,District 6 (East Central),,,,8TH AVE & 6TH ST,Collision with:  Vehicle in traffic,On Roadway,"Sideswipe, opposite direction",Swerving/Evasive Action,None Indicated,None apparent,Daylight,Ice/frost,Cloudy,"Surface condition (e.g., wet, icy)",Non-intersection:  Non-junction/no special feature,Paved,N/A,Property Damage Only,0,0,0,0,0,0,5000,2,2,N/A,POINT (-91.603935520999 42.034207439433)
2009572497,0912280726,12/28/2009,12-December,2-Monday,07:26,0700 Hours,District 6 (East Central),,,US 151,US 151,Non-collision events:  Overturn/rollover,Shoulder,Non-collision (single vehicle),Ran off road - right,None Indicated,Weather conditions,Daylight,Ice/frost,Clear,"Surface condition (e.g., wet, icy)",Non-intersection:  Non-junction/no special feature,Paved,N/A,Property Damage Only,0,0,0,0,0,0,1200,1,1,N/A,POINT (-91.043717104996 42.294705801936)
2009546317,12-28-09 SP,12/28/2009,12-December,2-Monday,14:05,1400 Hours,District 3 (Northwest),,,IA 9,IA 9/IOWA 9 & Co Rd M27/135TH AVE,Collision with:  Vehicle in traffic,On Roadway,Broadside (front to side),FTYROW:  Making left turn,None Indicated,None apparent,Daylight,Snow,Clear,None apparent,Intersection:  Four-way intersection,Paved,N/A,Possible/Unknown,0,2,0,0,2,0,15500,2,2,N/A,POINT (-95.323770927375 43.430484629194)
2009550898,200900057705,12/29/2009,12-December,3-Tuesday,13:23,1300 Hours,District 5 (Southeast),,,,E 2ND ST,Collision with:  Vehicle in traffic,On Roadway,Rear-end (front to rear),Improper Backing,None Indicated,None apparent,Daylight,Slush,Clear,None apparent,Non-intersection:  Non-junction/no special feature,Paved,N/A,Property Damage Only,0,0,0,0,0,0,7000,3,777,N/A,POINT (-92.410060075047 41.017298901207)
2009545549,0924722,12/29/2009,12-December,3-Tuesday,12:46,1200 Hours,District 6 (East Central),,,,ELMORE AVE,Collision with:  Vehicle in traffic,On Roadway,"Angle, oncoming left turn",Other (explain in narrative):  Other,None Indicated,None apparent,Daylight,Dry,Clear,None apparent,Non-intersection:  Driveway access (within),Paved,N/A,Property Damage Only,0,0,0,0,0,0,13000,2,3,N/A,POINT (-90.527170092831 41.559500845721)
2009550621,,12/30/2009,12-December,4-Wednesday,18:45,1800 Hours,District 1 (Central),,,,GROVE ST,Collision with:  Parked motor vehicle,On Roadway,Rear-end (front to rear),Lost Control,None Indicated,Weather conditions,Dark - roadway lighted,Snow,Snow,None apparent,Non-intersection:  Non-junction/no special feature,Paved,N/A,Property Damage Only,0,0,0,0,0,0,1700,2,1,N/A,POINT (-93.828643478925 42.472012431588)
2009545440,200921394,12/30/2009,12-December,4-Wednesday,15:02,1500 Hours,District 6 (East Central),,,IA 100,IA 100/COLLINS AVE,Collision with:  Vehicle in traffic,On Roadway,Rear-end (front to rear),Lost Control,None Indicated,None apparent,Daylight,Snow,Snow,None apparent,Non-intersection:  Non-junction/no special feature,Paved,N/A,Property Damage Only,0,0,0,0,0,0,4000,2,2,N/A,POINT (-91.633764295874 42.027946768484)
2009547478,20090041401,12/30/2009,12-December,4-Wednesday,09:30,0900 Hours,District 5 (Southeast),,,US 65,US 65,Collision with fixed object:  Ditch,Outside trafficway,Non-collision (single vehicle),Ran off road - right,None Indicated,Weather conditions,Daylight,Snow,Cloudy,"Surface condition (e.g., wet, icy)",Non-intersection:  Non-junction/no special feature,Paved,N/A,Minor Injury,0,3,0,1,2,0,6000,1,4,N/A,POINT (-93.561929128312 41.508668543834)
2009546455,0924851,12/31/2009,12-December,5-Thursday,14:13,1400 Hours,District 6 (East Central),,,,KIRKWOOD BLVD,Collision with fixed object:  Bridge overhead structure,On Roadway,Non-collision (single vehicle),"Operating vehicle in an reckless, erratic, careless, negligent manner",None Indicated,None apparent,Daylight,Snow,Clear,None apparent,Non-intersection:  Non-junction/no special feature,Paved,N/A,Possible/Unknown,0,1,0,0,1,0,50000,1,1,N/A,POINT (-90.547339124116 41.534769270452)
2009545921,09027903,12/31/2009,12-December,5-Thursday,17:55,1700 Hours,District 6 (East Central),,,,7TH AVE & 20TH ST,Collision with:  Vehicle in traffic,On Roadway,"Angle, oncoming left turn",FTYROW:  Making left turn,None Indicated,Visual obstruction,Dark - roadway lighted,Wet,Clear,None apparent,Intersection:  T-intersection,Paved,N/A,Property Damage Only,0,0,0,0,0,0,6000,2,3,N/A,POINT (-91.590449331705 42.033295059209)
2010546286,W10-000279,01/01/2010,01-January,6-Friday,19:51,1900 Hours,District 2 (Northeast),,,,DAWSON ST,Collision with:  Vehicle in traffic,On Roadway,"Sideswipe, opposite direction",Swerving/Evasive Action,None Indicated,None apparent,Dark - roadway not lighted,Snow,Clear,"Surface condition (e.g., wet, icy)",Non-intersection:  Driveway access (within),Paved,N/A,Property Damage Only,0,0,0,0,0,0,3000,2,2,N/A,POINT (-92.339496215101 42.514045277649)
2010545951,1001013-A,01/01/2010,01-January,6-Friday,12:19,1200 Hours,District 4 (Southwest),,,,2ND AVE,Collision with:  Parked motor vehicle,On Roadway,Broadside (front to side),Improper Backing,None Indicated,None apparent,Daylight,Snow,Clear,None apparent,Non-intersection:  Non-junction/no special feature,Paved,N/A,Property Damage Only,0,0,0,0,0,0,2001,2,1,N/A,POINT (-95.23463888624 41.005726670721)
2010546074,10-000105,01/02/2010,01-January,7-Saturday,05:45,0500 Hours,District 4 (Southwest),,,,7TH AVE,Collision with:  Parked motor vehicle,On Roadway,"Sideswipe, same direction",Unknown,None Indicated,None apparent,Dark - roadway not lighted,Snow,Clear,None apparent,Non-intersection:  Non-junction/no special feature,Paved,N/A,Property Damage Only,0,0,0,0,0,0,1000,2,1,N/A,POINT (-95.87148058505 41.25529608822)
2010546176,10-0029,01/03/2010,01-January,1-Sunday,03:00,0300 Hours,District 1 (Central),,,,8TH AVE S,Collision with:  Parked motor vehicle,On Roadway,"Sideswipe, opposite direction",Separation of units,None Indicated,None apparent,Unknown,Snow,Clear,None apparent,Non-intersection:  Non-junction/no special feature,Paved,N/A,Property Damage Only,0,0,0,0,0,0,3500,2,1,N/A,POINT (-94.175429160164 42.497447542402)
2010545914,201000114,01/03/2010,01-January,1-Sunday,10:18,1000 Hours,District 6 (East Central),,,IA 922,IA 922/1ST AVE E & 29TH ST DR SE & 29TH ST NE,Collision with:  Vehicle in traffic,On Roadway,Broadside (front to side),Ran Traffic Signal,None Indicated,None apparent,Daylight,Dry,Clear,None apparent,Intersection:  Four-way intersection,Paved,N/A,Property Damage Only,0,0,0,0,0,0,9000,2,2,N/A,POINT (-91.634847345541 42.006119209057)
2010551094,,01/04/2010,01-January,2-Monday,13:00,1300 Hours,District 1 (Central),,,,RYAN ST,Collision with:  Vehicle in traffic,On Roadway,Broadside (front to side),Unknown,None Indicated,None apparent,Daylight,Ice/frost,Clear,None apparent,Intersection:  Other intersection (explain in narrative),Paved,N/A,Property Damage Only,0,0,0,0,0,0,3500,2,2,N/A,POINT (-93.242561982144 41.672781637959)
2010546401,10-000424,01/04/2010,01-January,2-Monday,08:01,0800 Hours,District 5 (Southeast),,,,LUCAS ST & HOUSER ST,Collision with:  Vehicle in traffic,On Roadway,Broadside (front to side),Ran Stop Sign,None Indicated,None apparent,Daylight,Dry,Clear,None apparent,Intersection:  Four-way intersection,Paved,N/A,Property Damage Only,0,0,0,0,0,0,2000,2,2,N/A,POINT (-91.079464291734 41.424524674591)
2010546778,003-10,01/05/2010,01-January,3-Tuesday,12:18,1200 Hours,District 4 (Southwest),,,,HOGBACK BRIDGE RD,Collision with fixed object:  Guardrail - face,Shoulder,Non-collision (single vehicle),Ran off road - left,None Indicated,None apparent,Daylight,Ice/frost,Clear,"Surface condition (e.g., wet, icy)",Non-intersection:  Other non-intersection (explain in narrative),Unpaved,N/A,Property Damage Only,0,0,0,0,0,0,1200,1,1,N/A,POINT (-94.047107930336 41.386179304966)
2010546826,10-000450,01/05/2010,01-January,3-Tuesday,07:56,0700 Hours,District 4 (Southwest),,,I-29,I-29,Collision with fixed object:  Ditch,Shoulder,Unknown,Ran off road - right,None Indicated,None apparent,Daylight,Ice/frost,Clear,"Surface condition (e.g., wet, icy)",Non-intersection:  Non-junction/no special feature,Paved,N/A,Possible/Unknown,0,1,0,0,1,0,9000,1,1,N/A,POINT (-95.906826123437 41.257074283496)
2010549439,10-280,01/05/2010,01-January,3-Tuesday,18:40,1800 Hours,District 1 (Central),,,,FRANKLIN AVE,Collision with:  Vehicle in traffic,On Roadway,Broadside (front to side),FTYROW:  From driveway,None Indicated,None apparent,Dark - roadway lighted,Ice/frost,Clear,"Surface condition (e.g., wet, icy)",Non-intersection:  Driveway access (within),Paved,N/A,Property Damage Only,0,0,0,0,0,0,2000,2,3,N/A,POINT (-93.664797922118 42.023327435684)
2010547223,10-000672,01/06/2010,01-January,4-Wednesday,23:22,2300 Hours,District 4 (Southwest),,,,AVE D,Collision with:  Parked motor vehicle,On Roadway,Broadside (front to side),Unknown,None Indicated,None apparent,Dark - roadway not lighted,Snow,Clear,None apparent,Non-intersection:  Non-junction/no special feature,Paved,N/A,Property Damage Only,0,0,0,0,0,0,1000,2,1,N/A,POINT (-95.901636119347 41.265464093008)
2010547402,01-10-713,01/06/2010,01-January,4-Wednesday,17:16,1700 Hours,District 6 (East Central),,,,W 3RD ST,Collision with:  Vehicle in traffic,On Roadway,"Angle, oncoming left turn",FTYROW:  Making left turn,None Indicated,None apparent,Daylight,Dry,Cloudy,None apparent,Intersection:  Four-way intersection,Paved,N/A,Property Damage Only,0,0,0,0,0,0,3000,2,2,N/A,POINT (-90.687538818 42.494909208361)
2010549296,10-409,01/06/2010,01-January,4-Wednesday,13:35,1300 Hours,District 1 (Central),,,,E 22ND ST S,Collision with:  Animal,On Roadway,Unknown,Animal,None Indicated,Animal in roadway,Daylight,Snow,Snow,"Surface condition (e.g., wet, icy)",Non-intersection:  Non-junction/no special feature,Paved,N/A,Property Damage Only,0,0,0,0,0,0,5040,1,1,N/A,POINT (-93.024396147195 41.69659774095)
2010552305,,01/07/2010,01-January,5-Thursday,09:31,0900 Hours,District 6 (East Central),,,,EMERALD ST,Collision with:  Vehicle in traffic,On Roadway,"Sideswipe, same direction",Unknown,None Indicated,Weather conditions,Daylight,Snow,Snow,"Surface condition (e.g., wet, icy)",Non-intersection:  Non-junction/no special feature,Paved,N/A,Property Damage Only,0,0,0,0,0,0,1100,2,2,N/A,POINT (-91.564451306162 41.650255310637)
2010547601,2010001580,01/07/2010,01-January,5-Thursday,05:05,0500 Hours,District 6 (East Central),,,I-80,I-80,Collision with:  Vehicle in traffic,On Roadway,Rear-end (front to rear),Crossed centerline (undivided),None Indicated,Weather conditions,Dark - roadway not lighted,Snow,Snow,"Surface condition (e.g., wet, icy)",Non-intersection:  Non-junction/no special feature,Paved,N/A,Property Damage Only,0,0,0,0,0,0,7000,2,2,N/A,POINT (-91.339124959121 41.664107353822)
2010548757,10362,01/07/2010,01-January,5-Thursday,20:46,2000 Hours,District 6 (East Central),,,I-80,I-80,Collision with fixed object:  Ditch,On Roadway,Non-collision (single vehicle),Driving too fast for conditions,None Indicated,Weather conditions,Dark - roadway not lighted,Ice/frost,Snow,"Surface condition (e.g., wet, icy)",Non-intersection:  Non-junction/no special feature,Paved,N/A,Property Damage Only,0,0,0,0,0,0,3000,1,1,N/A,POINT (-90.516467683495 41.596276974052)
2010548056,10383,01/08/2010,01-January,6-Friday,07:34,0700 Hours,District 6 (East Central),,,,W LOCUST ST & N ELSIE AVE,Collision with:  Vehicle in traffic,On Roadway,"Angle, oncoming left turn",Made improper turn,None Indicated,None apparent,Daylight,Wet,Clear,None apparent,Intersection:  Four-way intersection,Paved,N/A,Minor Injury,0,1,0,1,0,0,10500,2,2,N/A,POINT (-90.624935666114 41.538155253961)
2010547697,WPD10-000056,01/08/2010,01-January,6-Friday,19:37,1900 Hours,District 2 (Northeast),,,IA 9,IA 9/IOWA 9 & IA 76/IOWA 76 & BREEZY CORNERS RD,Collision with:  Vehicle in traffic,On Roadway,"Angle, oncoming left turn",Crossed centerline (undivided),None Indicated,Unknown,Dark - roadway lighted,Snow,Cloudy,Unknown,Intersection:  Other intersection (explain in narrative),Paved,N/A,Possible/Unknown,0,2,0,0,0,2,25000,2,2,N/A,POINT (-91.47400784877 43.240410903494)