Iowa DOT Case Number,Law Enforcement Case Number,Date of Crash,Month of Crash,Day of Week,Time of Crash,Hour,DOT District,City Name,County Name,Route with System,Location Description,First Harmful Event,Location of First Harmful Event,Manner of Crash/Collision,Major Cause,Drug or Alcohol ,Environmental Conditions,Light Conditions,Surface Conditions,Weather Conditions,Roadway Contribution,Roadway Type,Roadway Surface,Work Zone,Crash Severity,Number of Fatalities,Number of Injuries,Number of Major Injuries,Number of Minor Injuries,Number of Possible Injuries,Number of Unknown Injuries,Amount of Property Damage,Number of Vehicles Involved,Total Number of Occupants,Travel Direction,Location
2010548717,20100000829,01/08/2010,01-January,6-Friday,17:54,1700 Hours,District 1 (Central),,,US 6,US 6/MERLE HAY RD,Collision with:  Vehicle in traffic,On Roadway,Rear-end (front to rear),Lost Control,None Indicated,Weather conditions,Dark - roadway lighted,Ice/frost,Clear,None apparent,Non-intersection:  Non-junction/no special feature,Paved,N/A,Property Damage Only,0,0,0,0,0,0,1750,2,3,N/A,POINT (-93.69775119096 41.615309464929)
2010547907,20100000916,01/09/2010,01-January,7-Saturday,11:14,1100 Hours,District 1 (Central),,,I-235,I-235 & IA 28/63RD ST,Collision with:  Vehicle in traffic,On Roadway,Rear-end (front to rear),Driving too fast for conditions,None Indicated,None apparent,Daylight,Ice/frost,Cloudy,"Surface condition (e.g., wet, icy)",Non-intersection:  Other non-intersection (explain in narrative),Paved,N/A,Property Damage Only,0,0,0,0,0,0,5300,2,3,N/A,POINT (-93.703564549231 41.593593682185)
2010548453,10-1127,01/09/2010,01-January,7-Saturday,08:31,0800 Hours,District 3 (Northwest),,,,2ND ST & NEBRASKA ST,Collision with:  Vehicle in traffic,On Roadway,"Sideswipe, same direction",Made improper turn,None Indicated,None apparent,Daylight,Slush,Clear,Obstruction in roadway,Non-intersection:  Non-junction/no special feature,Paved,N/A,Property Damage Only,0,0,0,0,0,0,8500,2,2,N/A,POINT (-96.403433214891 42.49204840624)
2010549623,03201010,01/09/2010,01-January,7-Saturday,19:04,1900 Hours,District 3 (Northwest),,,,1ST AVE S & S 7TH ST,Collision with:  Vehicle in traffic,On Roadway,Broadside (front to side),FTYROW:  From stop sign,None Indicated,None apparent,Dark - roadway lighted,Snow,Clear,None apparent,Intersection:  Four-way intersection,Paved,N/A,Property Damage Only,0,0,0,0,0,0,3500,2,3,N/A,POINT (-94.835322146348 43.401022208122)
2010547944,20100001008,01/10/2010,01-January,1-Sunday,12:05,1200 Hours,District 1 (Central),,,,KINGMAN BLVD,Collision with:  Parked motor vehicle,On Roadway,Rear-end (front to rear),Other (explain in narrative):  Other,None Indicated,Weather conditions,Daylight,Ice/frost,Cloudy,"Surface condition (e.g., wet, icy)",Non-intersection:  Non-junction/no special feature,Paved,N/A,Property Damage Only,0,0,0,0,0,0,10000,2,777,N/A,POINT (-93.654796093084 41.596538919781)
2010552079,,01/10/2010,01-January,1-Sunday,10:00,1000 Hours,District 6 (East Central),,,,ROCKFORD RD SW & WILSON AVE SW,Collision with:  Vehicle in traffic,On Roadway,Rear-end (front to rear),Driving too fast for conditions,None Indicated,N/A,Daylight,Snow,Clear,N/A,Intersection:  T-intersection,Paved,N/A,Possible/Unknown,0,1,0,0,1,0,1200,2,2,N/A,POINT (-91.694999006358 41.956301760426)
2010555626,201003365,01/11/2010,01-January,2-Monday,14:19,1400 Hours,District 1 (Central),,,,KALE RD,Collision with:  Parked motor vehicle,On Roadway,"Sideswipe, opposite direction",Swerving/Evasive Action,None Indicated,Weather conditions,Daylight,Ice/frost,Clear,"Surface condition (e.g., wet, icy)",Non-intersection:  Non-junction/no special feature,Paved,N/A,Property Damage Only,0,0,0,0,0,0,2800,2,1,N/A,POINT (-93.971669363961 42.113960036686)
2010548337,201000471,01/11/2010,01-January,2-Monday,11:56,1100 Hours,District 6 (East Central),,,IA 100,IA 100/COLLINS AVE & NORTHLAND AVE NE,Collision with:  Vehicle in traffic,On Roadway,"Angle, oncoming left turn",FTYROW:  Making left turn,None Indicated,None apparent,Daylight,Snow,Cloudy,None apparent,Intersection:  Four-way intersection,Paved,N/A,Property Damage Only,0,0,0,0,0,0,14000,2,2,N/A,POINT (-91.631723936019 42.027895440962)
2010549648,7-2010,01/12/2010,01-January,3-Tuesday,21:35,2100 Hours,District 4 (Southwest),,,,Co Rd F66/335TH ST & TYLER AVE,Collision with:  Vehicle in traffic,On Roadway,Broadside (front to side),FTYROW:  From stop sign,None Indicated,None apparent,Dark - roadway not lighted,Snow,Clear,"Surface condition (e.g., wet, icy)",Intersection:  Four-way intersection,Unpaved,N/A,Property Damage Only,0,0,0,0,0,0,8000,2,2,N/A,POINT (-95.617117542709 41.520595564902)
2010549366,10-0141,01/12/2010,01-January,3-Tuesday,13:34,1300 Hours,District 1 (Central),,,,PARKVIEW DR & MEREDITH DR,Collision with:  Vehicle in traffic,On Roadway,Broadside (front to side),FTYROW:  From stop sign,None Indicated,None apparent,Daylight,Wet,Clear,None apparent,Intersection:  Four-way intersection,Paved,N/A,Possible/Unknown,0,1,0,0,1,0,5000,2,4,N/A,POINT (-93.728799215325 41.643849673098)
2010549705,10A-007,01/13/2010,01-January,4-Wednesday,20:39,2000 Hours,District 5 (Southeast),,,,Co Rd G76/HWY G76,Collision with:  Animal,N/A,N/A,Animal,None Indicated,N/A,N/A,N/A,N/A,N/A,N/A,Paved,N/A,Property Damage Only,0,0,0,0,0,0,6000,1,777,N/A,POINT (-93.300281835664 41.204397621907)
2010548883,10-007,01/13/2010,01-January,4-Wednesday,06:39,0600 Hours,District 3 (Northwest),,,IA 175,IA 175/365TH ST,Collision with:  Vehicle in traffic,On Roadway,Head-on (front to front),Crossed centerline (undivided),None Indicated,Weather conditions,Dark - roadway not lighted,Ice/frost,"Blowing sand, soil, dirt","Surface condition (e.g., wet, icy)",Non-intersection:  Non-junction/no special feature,Paved,N/A,Possible/Unknown,0,2,0,0,1,1,3500,2,2,N/A,POINT (-94.834274808845 42.260348553099)
2010549030,10-0140,01/14/2010,01-January,5-Thursday,13:30,1300 Hours,District 1 (Central),,,,18TH AVE N & N 29TH ST,Collision with:  Vehicle in traffic,On Roadway,Rear-end (front to rear),FTYROW:  Other (explain in narrative),None Indicated,None apparent,Daylight,Snow,Cloudy,None apparent,Non-intersection:  Non-junction/no special feature,Paved,N/A,Property Damage Only,0,0,0,0,0,0,2500,2,2,N/A,POINT (-94.157916980751 42.5225085834)
2010553917,,01/14/2010,01-January,5-Thursday,14:35,1400 Hours,District 3 (Northwest),,,IA 7,IA 7/FUNDT DR,Collision with:  Vehicle in traffic,On Roadway,Broadside (front to side),FTYROW:  From driveway,None Indicated,Visual obstruction,Daylight,Wet,Cloudy,None apparent,Non-intersection:  Driveway access (within),Paved,N/A,Property Damage Only,0,0,0,0,0,0,3500,2,3,N/A,POINT (-95.187473401089 42.644311039708)
2010549569,716-10,01/15/2010,01-January,6-Friday,14:07,1400 Hours,District 3 (Northwest),,,US 18,US 18/N GRAND AVE & W 9TH ST & E 9TH ST,Collision with:  Vehicle in traffic,On Roadway,"Angle, oncoming left turn",FTYROW:  Making left turn,None Indicated,None apparent,Daylight,Wet,Cloudy,None apparent,Intersection:  Four-way intersection,Paved,N/A,Property Damage Only,0,0,0,0,0,0,2000,2,2,N/A,POINT (-95.145079534558 43.146724423696)
2010553706,3201510,01/16/2010,01-January,7-Saturday,10:00,1000 Hours,District 3 (Northwest),,,IA 4,IA 4/S 9TH ST & 4TH AVE S,Collision with:  Vehicle in traffic,On Roadway,Broadside (front to side),FTYROW:  From stop sign,None Indicated,None apparent,Daylight,Snow,Cloudy,None apparent,Intersection:  Four-way intersection,Paved,N/A,Property Damage Only,0,0,0,0,0,0,4500,2,4,N/A,POINT (-94.832676930286 43.398480439172)
2010551226,2010-0088,01/17/2010,01-January,1-Sunday,12:42,1200 Hours,District 1 (Central),,,,W MONROE ST & S HIGH ST,Collision with:  Vehicle in traffic,On Roadway,Rear-end (front to rear),FTYROW:  At uncontrolled intersection,None Indicated,None apparent,Daylight,Snow,Cloudy,"Surface condition (e.g., wet, icy)",Non-intersection:  Non-junction/no special feature,Paved,N/A,Property Damage Only,0,0,0,0,0,0,3000,2,3,N/A,POINT (-94.38402471371 42.013269402211)
2010549770,10-371,01/17/2010,01-January,1-Sunday,03:15,0300 Hours,District 1 (Central),,,US 65,US 65,Non-collision events:  Other non-collision (explain in narrative),On Roadway,Non-collision (single vehicle),Ran off road - right,Alcohol (< Statutory),Weather conditions,Dark - roadway not lighted,Ice/frost,"Sleet, hail","Surface condition (e.g., wet, icy)",Non-intersection:  Non-junction/no special feature,Paved,N/A,Property Damage Only,0,0,0,0,0,0,10000,1,1,N/A,POINT (-93.518927783885 41.533343645853)
2010550394,W10-005829,01/18/2010,01-January,2-Monday,08:58,0800 Hours,District 2 (Northeast),,,US 63,US 63/SERGEANT RD,Collision with fixed object:  Ditch,On Roadway,Non-collision (single vehicle),Other (explain in narrative):  No improper action,None Indicated,None apparent,Daylight,Wet,"Fog, smoke, smog",None apparent,Non-intersection:  Non-junction/no special feature,Paved,N/A,Property Damage Only,0,0,0,0,0,0,1000,1,1,N/A,POINT (-92.394020038326 42.469884690896)
2010550496,20100001966,01/19/2010,01-January,3-Tuesday,06:40,0600 Hours,District 1 (Central),,,,ARMY POST RD & FLEUR DR,Collision with:  Vehicle in traffic,On Roadway,Rear-end (front to rear),Improper Backing,Drug,None apparent,Dark - roadway lighted,Wet,"Fog, smoke, smog",None apparent,Non-intersection:  Non-junction/no special feature,Paved,N/A,Property Damage Only,0,0,0,0,0,0,2000,2,2,N/A,POINT (-93.644974906676 41.525995310591)
2010550559,BP1000048,01/19/2010,01-January,3-Tuesday,04:20,0400 Hours,District 2 (Northeast),,,US 69,US 69/RIVER AVE S,Collision with:  Animal,N/A,N/A,Animal,None Indicated,N/A,N/A,N/A,N/A,N/A,N/A,Paved,N/A,Property Damage Only,0,0,0,0,0,0,1500,1,777,N/A,POINT (-93.616861946266 42.837218847299)
2010551038,10-0203,01/20/2010,01-January,4-Wednesday,08:12,0800 Hours,District 1 (Central),,,,8TH AVE S & S 25TH ST,Collision with:  Vehicle in traffic,On Roadway,Broadside (front to side),Separation of units,None Indicated,Weather conditions,Daylight,Ice/frost,"Sleet, hail","Surface condition (e.g., wet, icy)",Non-intersection:  Non-junction/no special feature,Paved,N/A,Property Damage Only,0,0,0,0,0,0,1500,2,3,N/A,POINT (-94.163139876363 42.497563932769)
2010553451,S10-000820,01/21/2010,01-January,5-Thursday,06:20,0600 Hours,District 4 (Southwest),,,,Co Rd L20/OLD LINCOLN HWY,Collision with:  Vehicle in traffic,On Roadway,"Sideswipe, same direction",Followed too close,None Indicated,Weather conditions,Dark - roadway not lighted,Ice/frost,"Fog, smoke, smog",None apparent,Non-intersection:  Non-junction/no special feature,Paved,N/A,Property Damage Only,0,0,0,0,0,0,4000,2,2,N/A,POINT (-95.853148509167 41.352750130474)
2010552138,W10-007064,01/21/2010,01-January,5-Thursday,20:29,2000 Hours,District 2 (Northeast),,,,BROADWAY ST & CONGER ST,Collision with:  Vehicle in traffic,On Roadway,Broadside (front to side),Ran Traffic Signal,None Indicated,None apparent,Dark - roadway lighted,Wet,Cloudy,None apparent,Intersection:  Four-way intersection,Paved,N/A,Property Damage Only,0,0,0,0,0,0,4000,2,4,N/A,POINT (-92.345115916719 42.512123269323)
2010555096,2010005759,01/22/2010,01-January,6-Friday,17:26,1700 Hours,District 1 (Central),,,I-80,I-80,Non-collision events:  Other non-collision (explain in narrative),On Roadway,Non-collision (single vehicle),Ran off road - left,None Indicated,None apparent,Dark - roadway not lighted,Wet,"Fog, smoke, smog",None apparent,Non-intersection:  Other non-intersection (explain in narrative),Paved,N/A,Property Damage Only,0,0,0,0,0,0,5000,1,1,N/A,POINT (-92.505254756 41.694625684467)
2010551418,10-1465,01/22/2010,01-January,6-Friday,07:20,0700 Hours,District 1 (Central),,,,BLOOMINGTON RD & HYDE AVE,Collision with:  Vehicle in traffic,On Roadway,Rear-end (front to rear),Driving too fast for conditions,None Indicated,None apparent,Daylight,Ice/frost,Rain,"Surface condition (e.g., wet, icy)",Intersection:  T-intersection,Paved,N/A,Possible/Unknown,0,1,0,0,1,0,1000,2,2,N/A,POINT (-93.641297304491 42.056290001459)
2010551584,02-10-916,01/23/2010,01-January,7-Saturday,05:52,0500 Hours,District 6 (East Central),,,,ENGLISH MILL RD,Non-collision events:  Other non-collision (explain in narrative),On Roadway,Non-collision (single vehicle),Swerving/Evasive Action,None Indicated,None apparent,Dark - roadway not lighted,Wet,Rain,None apparent,Non-intersection:  Non-junction/no special feature,Paved,N/A,Property Damage Only,0,0,0,0,0,0,2000,1,1,N/A,POINT (-90.742243769367 42.475099244844)
2010551324,20100002520,01/24/2010,01-January,1-Sunday,17:43,1700 Hours,District 1 (Central),,,,MATTERN AVE,Collision with:  Parked motor vehicle,On Roadway,"Sideswipe, same direction",FTYROW:  At uncontrolled intersection,None Indicated,None apparent,Unknown,Ice/frost,Unknown,Non-highway work,Intersection:  Other intersection (explain in narrative),Paved,N/A,Property Damage Only,0,0,0,0,0,0,2000,2,777,N/A,POINT (-93.605438309211 41.611374133785)
2010557255,,01/25/2010,01-January,2-Monday,13:15,1300 Hours,District 4 (Southwest),,,,Co Rd G27/160TH ST,Collision with:  Vehicle in traffic,On Roadway,Rear-end (front to rear),Traveling wrong way or on wrong side of road,None Indicated,Weather conditions,Daylight,Snow,Snow,"Surface condition (e.g., wet, icy)",Non-intersection:  Non-junction/no special feature,Paved,N/A,Property Damage Only,0,0,0,0,0,0,7000,2,2,N/A,POINT (-94.585769323908 41.417341667498)
2010552246,10-0864,01/25/2010,01-January,2-Monday,15:46,1500 Hours,District 3 (Northwest),,,US 75,US 75 & Co Rd B30/360TH ST,Collision with:  Vehicle in traffic,On Roadway,Broadside (front to side),FTYROW:  From stop sign,None Indicated,Weather conditions,Daylight,Snow,Snow,None apparent,Intersection:  Four-way intersection,Paved,N/A,Minor Injury,0,2,0,1,1,0,38000,4,4,N/A,POINT (-96.17643311994 43.127901185272)
2010554009,10-000409,01/25/2010,01-January,2-Monday,09:35,0900 Hours,District 1 (Central),,,I-35,I-35,Collision with:  Vehicle in traffic,On Roadway,Rear-end (front to rear),Other (explain in narrative):  Other,None Indicated,Weather conditions,Daylight,Ice/frost,Snow,None apparent,Non-intersection:  Non-junction/no special feature,Paved,N/A,Property Damage Only,0,0,0,0,0,0,1000,2,2,N/A,POINT (-93.577759132473 41.737337117607)
2010553579,2010006303,01/25/2010,01-January,2-Monday,09:13,0900 Hours,District 1 (Central),,,I-80,I-80,Collision with:  Vehicle in traffic,On Roadway,"Sideswipe, same direction",Driving too fast for conditions,None Indicated,Weather conditions,Daylight,Ice/frost,Cloudy,None apparent,Non-intersection:  Non-junction/no special feature,Paved,N/A,Possible/Unknown,0,2,0,0,2,0,10000,2,2,N/A,POINT (-93.096203230982 41.680932649197)
2010553342,,01/25/2010,01-January,2-Monday,07:25,0700 Hours,District 6 (East Central),,,,EDGEWOOD RD SW,Collision with:  Vehicle in traffic,On Roadway,Rear-end (front to rear),Unknown,None Indicated,N/A,Daylight,Snow,Snow,N/A,Non-intersection:  Non-junction/no special feature,Paved,N/A,Property Damage Only,0,0,0,0,0,0,3500,2,2,N/A,POINT (-91.716044169256 41.945992466105)
2010560464,20100214,01/25/2010,01-January,2-Monday,09:45,0900 Hours,District 2 (Northeast),,,US 18,US 18,Non-collision events:  Overturn/rollover,Shoulder,Non-collision (single vehicle),Ran off road - left,None Indicated,None apparent,Daylight,Ice/frost,Snow,None apparent,Non-intersection:  Non-junction/no special feature,Paved,N/A,Possible/Unknown,0,1,0,0,1,0,12000,1,1,N/A,POINT (-93.591356374086 43.106767996152)
2010551919,10-02870,01/26/2010,01-January,3-Tuesday,14:44,1400 Hours,District 5 (Southeast),,,US 61,US 61 & AGENCY ST,Collision with:  Vehicle in traffic,On Roadway,Broadside (front to side),Ran Traffic Signal,None Indicated,None apparent,Daylight,Dry,Clear,None apparent,Intersection:  Four-way intersection,Paved,N/A,Property Damage Only,0,0,0,0,0,0,7500,2,5,N/A,POINT (-91.141432663857 40.814849951808)
2010553883,2010006884,01/26/2010,01-January,3-Tuesday,10:41,1000 Hours,District 1 (Central),,,I-35,I-35,Collision with:  Vehicle in traffic,On Roadway,Rear-end (front to rear),Driving too fast for conditions,None Indicated,Weather conditions,Daylight,Ice/frost,Cloudy,"Surface condition (e.g., wet, icy)",Non-intersection:  Non-junction/no special feature,Paved,N/A,Property Damage Only,0,0,0,0,0,0,1000,2,2,N/A,POINT (-93.570883536479 41.823135781096)
2010552538,20100002785,01/27/2010,01-January,4-Wednesday,10:53,1000 Hours,District 1 (Central),,,,GRAND AVE,Collision with:  Vehicle in traffic,On Roadway,Rear-end (front to rear),Lost Control,None Indicated,None apparent,Daylight,Snow,Cloudy,"Surface condition (e.g., wet, icy)",Non-intersection:  Non-junction/no special feature,Paved,N/A,Possible/Unknown,0,1,0,0,1,0,3500,2,2,N/A,POINT (-93.642892773139 41.584428306044)
2010552438,10009294,01/27/2010,01-January,4-Wednesday,19:29,1900 Hours,District 2 (Northeast),,,,ERIK RD & MEADOW LARK LN,Collision with:  Vehicle in traffic,On Roadway,Broadside (front to side),FTYROW:  From stop sign,None Indicated,None apparent,Dark - roadway lighted,Snow,Clear,"Surface condition (e.g., wet, icy)",Intersection:  T-intersection,Paved,N/A,Possible/Unknown,0,1,0,0,1,0,3000,2,3,N/A,POINT (-92.468216820881 42.490840389454)
2010552486,201001325,01/28/2010,01-January,5-Thursday,16:43,1600 Hours,District 6 (East Central),,,,E AVE NW & 5TH ST NW,Collision with:  Vehicle in traffic,On Roadway,Broadside (front to side),Ran Stop Sign,None Indicated,None apparent,Daylight,Slush,Cloudy,"Surface condition (e.g., wet, icy)",Intersection:  Four-way intersection,Paved,N/A,Possible/Unknown,0,1,0,0,1,0,7000,2,2,N/A,POINT (-91.679952220139 41.97794337031)
2010554214,2010008055,01/29/2010,01-January,6-Friday,23:20,2300 Hours,District 3 (Northwest),,,IA 60,IA 60/IOWA 60,Collision with:  Animal,N/A,Non-collision (single vehicle),Animal,None Indicated,N/A,N/A,N/A,N/A,N/A,Non-intersection:  Non-junction/no special feature,Paved,N/A,Property Damage Only,0,0,0,0,0,0,1500,1,1,N/A,POINT (-95.772100345829 43.349133335924)
2010561321,,01/29/2010,01-January,6-Friday,18:40,1800 Hours,District 6 (East Central),,,,Co Rd C64/135TH ST,Collision with:  Animal,On Roadway,Broadside (front to side),Animal,None Indicated,N/A,Dark - roadway not lighted,Dry,Clear,N/A,Non-intersection:  Non-junction/no special feature,Paved,N/A,Property Damage Only,0,0,0,0,0,0,2100,1,6,N/A,POINT (-91.608689302132 42.593010457329)
2010552670,ACC10-003,01/30/2010,01-January,7-Saturday,03:05,0300 Hours,District 2 (Northeast),,,,3RD ST W,Collision with:  Vehicle in traffic,On Roadway,"Sideswipe, same direction","Operating vehicle in an reckless, erratic, careless, negligent manner",Alcohol (Statutory),None apparent,Dark - roadway not lighted,Dry,Clear,None apparent,Intersection:  Four-way intersection,Paved,N/A,Property Damage Only,0,0,0,0,0,0,12000,2,1,N/A,POINT (-92.120226325942 43.377079273381)
2010553061,01-10-4205,01/30/2010,01-January,7-Saturday,10:29,1000 Hours,District 6 (East Central),,,US 52,US 52/CENTRAL AVE,Collision with:  Vehicle in traffic,On Roadway,Rear-end (front to rear),FTYROW:  From driveway,None Indicated,None apparent,Daylight,Dry,Cloudy,None apparent,Non-intersection:  Driveway access (within),Paved,N/A,Property Damage Only,0,0,0,0,0,0,1200,2,2,N/A,POINT (-90.674279096796 42.518099337645)
2010553030,10001971,01/31/2010,01-January,1-Sunday,08:00,0800 Hours,District 2 (Northeast),,,,13TH ST SE,Collision with:  Parked motor vehicle,On Roadway,"Sideswipe, same direction",Lost Control,None Indicated,None apparent,Daylight,"Mud, dirt",Clear,None apparent,Non-intersection:  Non-junction/no special feature,Paved,N/A,Property Damage Only,0,0,0,0,0,0,2000,2,1,N/A,POINT (-93.184078486454 43.139286887186)
2010554208,2010008473,02/01/2010,02-February,2-Monday,15:30,1500 Hours,District 5 (Southeast),,,I-35,I-35,Non-collision events:  Overturn/rollover,Outside trafficway,Non-collision (single vehicle),Driving too fast for conditions,None Indicated,Weather conditions,Daylight,Slush,Snow,"Surface condition (e.g., wet, icy)",Non-intersection:  Non-junction/no special feature,Paved,N/A,Possible/Unknown,0,2,0,0,2,0,5000,1,2,N/A,POINT (-93.780789314083 41.386249986457)
2010559028,10000889,02/01/2010,02-February,2-Monday,16:04,1600 Hours,District 3 (Northwest),,,US 71,US 71,Non-collision events:  Overturn/rollover,Outside trafficway,Non-collision (single vehicle),Driving too fast for conditions,None Indicated,None apparent,Daylight,Wet,Cloudy,"Surface condition (e.g., wet, icy)",Non-intersection:  Non-junction/no special feature,Paved,N/A,Possible/Unknown,0,1,0,0,1,0,3500,1,1,N/A,POINT (-94.87860583293 42.085951785001)
2010553395,OP10-00440,02/02/2010,02-February,3-Tuesday,15:49,1500 Hours,District 3 (Northwest),,,IA 175,IA 175/IOWA AVE,Collision with:  Vehicle in traffic,On Roadway,Rear-end (front to rear),Followed too close,None Indicated,None apparent,Daylight,Dry,Clear,None apparent,Non-intersection:  Non-junction/no special feature,Paved,N/A,Property Damage Only,0,0,0,0,0,0,2500,2,3,N/A,POINT (-96.097035781212 42.026706760367)
2010557845,,02/02/2010,02-February,3-Tuesday,06:20,0600 Hours,District 6 (East Central),,,IA 130,IA 130/IOWA 130,Collision with fixed object:  Ditch,Roadside,Non-collision (single vehicle),Ran off road - right,None Indicated,Weather conditions,Dark - roadway not lighted,Snow,Cloudy,"Surface condition (e.g., wet, icy)",Non-intersection:  Non-junction/no special feature,Paved,N/A,Property Damage Only,0,0,0,0,0,0,2000,1,1,N/A,POINT (-91.088421055374 41.771864035141)
2010553766,20100003593,02/03/2010,02-February,4-Wednesday,18:02,1800 Hours,District 1 (Central),,,,E INDIANOLA AVE,Collision with:  Vehicle in traffic,On Roadway,"Sideswipe, opposite direction",Unknown,None Indicated,None apparent,Dark - roadway lighted,Wet,Clear,None apparent,Non-intersection:  Non-junction/no special feature,Paved,N/A,Property Damage Only,0,0,0,0,0,0,3400,2,2,N/A,POINT (-93.591383440033 41.548189232487)
2010554925,02-10-1417,02/03/2010,02-February,4-Wednesday,14:48,1400 Hours,District 6 (East Central),,,,HEACOCK RD,Collision with:  Vehicle in traffic,On Roadway,Rear-end (front to rear),Followed too close,None Indicated,None apparent,Daylight,Dry,Clear,None apparent,Non-intersection:  Non-junction/no special feature,Paved,N/A,Possible/Unknown,0,1,0,0,1,0,11000,2,2,N/A,POINT (-90.759865066801 42.5096742397)
2010554468,20-2010,02/04/2010,02-February,5-Thursday,16:17,1600 Hours,District 4 (Southwest),,,,Co Rd L34/OVERTON AVE,Non-collision events:  Overturn/rollover,Shoulder,Non-collision (single vehicle),Swerving/Evasive Action,None Indicated,None apparent,Daylight,Wet,Cloudy,None apparent,Non-intersection:  Non-junction/no special feature,Paved,N/A,Possible/Unknown,0,4,0,0,4,0,1500,1,4,N/A,POINT (-95.752378907073 41.56303369708)
2010554173,10-0380,02/04/2010,02-February,5-Thursday,16:40,1600 Hours,District 1 (Central),,,,1ST AVE S,Collision with:  Vehicle in traffic,On Roadway,Rear-end (front to rear),Separation of units,None Indicated,None apparent,Daylight,Wet,Cloudy,None apparent,Non-intersection:  Non-junction/no special feature,Paved,N/A,Property Damage Only,0,0,0,0,0,0,1300,2,4,N/A,POINT (-94.156138401065 42.505280635658)
2010563035,2010-0169,02/05/2010,02-February,6-Friday,08:04,0800 Hours,District 5 (Southeast),,,IA 92,IA 92/IOWA 92,Collision with fixed object:  Mailbox,Shoulder,Non-collision (single vehicle),Ran off road - right,None Indicated,Weather conditions,Daylight,Snow,Snow,"Surface condition (e.g., wet, icy)",Non-intersection:  Non-junction/no special feature,Paved,N/A,Possible/Unknown,0,1,0,0,0,1,1950,1,1,N/A,POINT (-93.511302764794 41.360911347813)
2010554397,10-04063,02/05/2010,02-February,6-Friday,08:16,0800 Hours,District 5 (Southeast),,,,S MAIN ST,Collision with fixed object:  Curb/island/raised median,Shoulder,Non-collision (single vehicle),Driving too fast for conditions,None Indicated,Weather conditions,Daylight,Snow,Snow,"Surface condition (e.g., wet, icy)",Intersection:  T-intersection,Paved,N/A,Property Damage Only,0,0,0,0,0,0,1500,1,1,N/A,POINT (-91.099842017156 40.798183396539)
2010555241,10006347,02/06/2010,02-February,7-Saturday,14:06,1400 Hours,District 6 (East Central),,,US 6,US 6,Collision with:  Vehicle in traffic,On Roadway,Rear-end (front to rear),Followed too close,None Indicated,None apparent,Daylight,Dry,Clear,None apparent,Intersection:  Four-way intersection,Paved,N/A,Property Damage Only,0,0,0,0,0,0,1650,2,5,N/A,POINT (-91.528138294949 41.64439184789)
2010554604,20100003879,02/06/2010,02-February,7-Saturday,17:13,1700 Hours,District 1 (Central),,,,FLEUR DR,Collision with:  Vehicle in traffic,On Roadway,Rear-end (front to rear),Followed too close,None Indicated,None apparent,Daylight,Wet,Cloudy,None apparent,Non-intersection:  Non-junction/no special feature,Paved,N/A,Property Damage Only,0,0,0,0,0,0,2500,2,2,N/A,POINT (-93.645009759961 41.545189731688)
2010555732,20100003994,02/07/2010,02-February,1-Sunday,22:30,2200 Hours,District 1 (Central),,,,UNIVERSITY AVE & MERLE HAY RD,Collision with:  Vehicle in traffic,On Roadway,Rear-end (front to rear),Unknown,None Indicated,Weather conditions,Dark - roadway lighted,Snow,Snow,None apparent,Non-intersection:  Non-junction/no special feature,Paved,N/A,Possible/Unknown,0,1,0,0,1,0,199,2,3,N/A,POINT (-93.697734584838 41.60040264234)
2010560405,,02/07/2010,02-February,1-Sunday,18:15,1800 Hours,District 6 (East Central),,,I-80,I-80,Collision with:  Vehicle in traffic,On Roadway,Rear-end (front to rear),Followed too close,None Indicated,Weather conditions,Dark - roadway not lighted,Snow,Snow,"Surface condition (e.g., wet, icy)",Non-intersection:  Non-junction/no special feature,Paved,N/A,Property Damage Only,0,0,0,0,0,0,3000,2,3,N/A,POINT (-91.281606396631 41.663549796425)
2010555286,20100003997,02/07/2010,02-February,1-Sunday,22:45,2200 Hours,District 1 (Central),,,,WASHINGTON AVE & MLK JR PKWY & 19TH ST,Collision with:  Vehicle in traffic,On Roadway,Broadside (front to side),Lost Control,None Indicated,Weather conditions,Dark - roadway lighted,Snow,Snow,"Surface condition (e.g., wet, icy)",Non-intersection:  Non-junction/no special feature,Paved,N/A,Property Damage Only,0,0,0,0,0,0,1000,2,2,N/A,POINT (-93.644013607587 41.609083838732)
2010556227,2010010267,02/08/2010,02-February,2-Monday,07:15,0700 Hours,District 4 (Southwest),,,I-29,I-29,Non-collision events:  Overturn/rollover,On Roadway,Non-collision (single vehicle),Ran off road - left,None Indicated,Weather conditions,Daylight,Ice/frost,"Blowing sand, soil, dirt","Surface condition (e.g., wet, icy)",Non-intersection:  Non-junction/no special feature,Paved,N/A,Major Injury,0,1,1,0,0,0,10000,1,1,N/A,POINT (-95.712678676045 40.627262978841)
2010557830,,02/08/2010,02-February,2-Monday,10:25,1000 Hours,District 5 (Southeast),,,,N MAIN ST & NE 7TH ST,Collision with:  Vehicle in traffic,On Roadway,Broadside (front to side),FTYROW:  From yield sign,None Indicated,Weather conditions,Daylight,Ice/frost,Snow,None apparent,Intersection:  Four-way intersection,Paved,N/A,Property Damage Only,0,0,0,0,0,0,6000,2,2,N/A,POINT (-93.74685082058 40.743959495462)