Iowa DOT Case Number,Law Enforcement Case Number,Date of Crash,Month of Crash,Day of Week,Time of Crash,Hour,DOT District,City Name,County Name,Route with System,Location Description,First Harmful Event,Location of First Harmful Event,Manner of Crash/Collision,Major Cause,Drug or Alcohol ,Environmental Conditions,Light Conditions,Surface Conditions,Weather Conditions,Roadway Contribution,Roadway Type,Roadway Surface,Work Zone,Crash Severity,Number of Fatalities,Number of Injuries,Number of Major Injuries,Number of Minor Injuries,Number of Possible Injuries,Number of Unknown Injuries,Amount of Property Damage,Number of Vehicles Involved,Total Number of Occupants,Travel Direction,Location
2010555160,W10-013754,02/08/2010,02-February,2-Monday,18:35,1800 Hours,District 2 (Northeast),,,,BROADWAY ST,Collision with:  Vehicle in traffic,On Roadway,"Sideswipe, opposite direction",Crossed centerline (undivided),None Indicated,Weather conditions,Dark - roadway not lighted,Snow,Snow,"Surface condition (e.g., wet, icy)",Non-intersection:  Non-junction/no special feature,Paved,N/A,Property Damage Only,0,0,0,0,0,0,3600,2,3,N/A,POINT (-92.370682031779 42.532412481953)
2010558158,20100566,02/08/2010,02-February,2-Monday,13:00,1300 Hours,District 1 (Central),,,IA 175,IA 175/DIAGONAL RD & Co Rd T55/U AVE,Non-collision events:  Other non-collision (explain in narrative),On Roadway,Non-collision (single vehicle),Ran off road - left,None Indicated,None apparent,Daylight,Snow,Snow,None apparent,Intersection:  Four-way intersection,Paved,N/A,Property Damage Only,0,0,0,0,0,0,2150,1,1,N/A,POINT (-92.631182546252 42.332659846889)
2010555628,10-001041,02/09/2010,02-February,3-Tuesday,17:50,1700 Hours,District 4 (Southwest),,,IA 92,IA 92/TUCSON RD,Non-collision events:  Overturn/rollover,On Roadway,Non-collision (single vehicle),Driving too fast for conditions,None Indicated,Weather conditions,Dusk,Ice/frost,Cloudy,None apparent,Non-intersection:  Non-junction/no special feature,Paved,N/A,Property Damage Only,0,0,0,0,0,0,4000,1,1,N/A,POINT (-95.125285057043 41.231615715945)
2010555298,10-0657,02/09/2010,02-February,3-Tuesday,10:20,1000 Hours,District 1 (Central),,,I-235,I-235,Collision with fixed object:  Guardrail - face,Median,Non-collision (single vehicle),Driving too fast for conditions,None Indicated,Weather conditions,Daylight,Snow,Snow,"Surface condition (e.g., wet, icy)",Non-intersection:  Other non-intersection (explain in narrative),Paved,N/A,Property Damage Only,0,0,0,0,0,0,5000,1,1,N/A,POINT (-93.776115245204 41.592208064803)
2010556633,2010010719,02/09/2010,02-February,3-Tuesday,08:30,0800 Hours,District 2 (Northeast),,,,Co Rd T24/ECHO AVE,Non-collision events:  Overturn/rollover,On Roadway,Non-collision (single vehicle),Driving too fast for conditions,None Indicated,None apparent,Daylight,Snow,Cloudy,"Surface condition (e.g., wet, icy)",Non-intersection:  Non-junction/no special feature,Paved,N/A,Possible/Unknown,0,1,0,0,1,0,1566,1,1,N/A,POINT (-92.944884293975 43.0876434432)
2010557894,10-001031,02/09/2010,02-February,3-Tuesday,07:45,0700 Hours,District 4 (Southwest),,,,11TH ST & MAPLE ST,Collision with:  Vehicle in traffic,On Roadway,Broadside (front to side),FTYROW:  From stop sign,None Indicated,None apparent,Daylight,Snow,Clear,None apparent,Intersection:  Four-way intersection,Paved,N/A,Property Damage Only,0,0,0,0,0,0,4200,2,8,N/A,POINT (-95.00892882351 41.399929964957)
2010558075,,02/10/2010,02-February,4-Wednesday,11:00,1100 Hours,District 1 (Central),,,,E HARTFORD AVE,Collision with:  Vehicle in traffic,On Roadway,"Sideswipe, opposite direction",Crossed centerline (undivided),None Indicated,None apparent,Daylight,Snow,Cloudy,None apparent,Non-intersection:  Non-junction/no special feature,Paved,N/A,Major Injury,0,3,1,0,2,0,18000,2,3,N/A,POINT (-93.586275745721 41.570760667558)
2010555484,S10-716,02/10/2010,02-February,4-Wednesday,07:20,0700 Hours,District 3 (Northwest),,,US 20,US 20,Non-collision events:  Overturn/rollover,On Roadway,Non-collision (single vehicle),Driving too fast for conditions,None Indicated,Other (explain in narrative),Daylight,Ice/frost,Clear,"Surface condition (e.g., wet, icy)",Non-intersection:  Non-junction/no special feature,Paved,N/A,Possible/Unknown,0,1,0,0,0,1,2000,1,3,N/A,POINT (-96.218808529056 42.475200775962)
2010556148,10-0443,02/11/2010,02-February,5-Thursday,18:43,1800 Hours,District 1 (Central),,,I-35,I-35 & IA 141/IOWA 141 4TH INNERLEG &  NW URBANDALE DR,Collision with:  Vehicle in traffic,On Roadway,"Angle, oncoming left turn",FTYROW:  Making left turn,None Indicated,None apparent,Dark - roadway lighted,Wet,Clear,None apparent,Intersection:  Intersection with ramp,Paved,N/A,Possible/Unknown,0,3,0,0,3,0,16500,2,4,N/A,POINT (-93.772456834695 41.64761777803)
2010558065,,02/11/2010,02-February,5-Thursday,07:55,0700 Hours,District 6 (East Central),,,,SPRUCE HILLS DR,Collision with:  Vehicle in traffic,On Roadway,Rear-end (front to rear),Lost Control,None Indicated,Glare,Daylight,Dry,Clear,None apparent,Non-intersection:  Non-junction/no special feature,Paved,N/A,Property Damage Only,0,0,0,0,0,0,12000,2,2,N/A,POINT (-90.50290572737 41.549708640158)
2010559942,2010011692,02/12/2010,02-February,6-Friday,07:20,0700 Hours,District 2 (Northeast),,,I-380,I-380,Collision with fixed object:  Ditch,On Roadway,Non-collision (single vehicle),Driving too fast for conditions,None Indicated,Weather conditions,Daylight,Ice/frost,Cloudy,"Surface condition (e.g., wet, icy)",Non-intersection:  Other non-intersection (explain in narrative),Paved,N/A,Property Damage Only,0,0,0,0,0,0,3000,1,2,N/A,POINT (-92.181157769835 42.420010871021)
2010556410,20100004562,02/12/2010,02-February,6-Friday,20:47,2000 Hours,District 1 (Central),,,US 6,US 6/E EUCLID AVE & E 13TH ST,Collision with:  Vehicle in traffic,On Roadway,"Angle, oncoming left turn",Other (explain in narrative):  Vision obstructed,None Indicated,None apparent,Dark - roadway lighted,Slush,Cloudy,None apparent,Non-intersection:  Non-junction/no special feature,Paved,N/A,Property Damage Only,0,0,0,0,0,0,1600,2,3,N/A,POINT (-93.603634354274 41.627713685481)
2010558988,,02/13/2010,02-February,7-Saturday,22:37,2200 Hours,District 3 (Northwest),,,IA 7,IA 7/W MILWAUKEE AVE & LAKE AVE,Collision with:  Vehicle in traffic,On Roadway,Rear-end (front to rear),Driving too fast for conditions,None Indicated,Weather conditions,Dark - roadway lighted,Ice/frost,Cloudy,"Surface condition (e.g., wet, icy)",Intersection:  Four-way intersection,Paved,N/A,Property Damage Only,0,0,0,0,0,0,3700,2,2,N/A,POINT (-95.200820948782 42.647513231962)
2010557667,02-10-132,02/13/2010,02-February,7-Saturday,17:03,1700 Hours,District 3 (Northwest),,,,HARKER DR & HOLTON DR,Collision with:  Vehicle in traffic,On Roadway,Head-on (front to front),Driving too fast for conditions,None Indicated,Weather conditions,Daylight,Ice/frost,Snow,"Surface condition (e.g., wet, icy)",Non-intersection:  Non-junction/no special feature,Paved,N/A,Property Damage Only,0,0,0,0,0,0,11000,2,3,N/A,POINT (-96.184280829323 42.785272960775)
2010646210,,02/14/2010,02-February,1-Sunday,15:56,1500 Hours,District 1 (Central),,,,19TH AVE & 15TH ST,Collision with:  Vehicle in traffic,On Roadway,Broadside (front to side),FTYROW:  From driveway,None Indicated,None apparent,Daylight,Snow,Clear,"Surface condition (e.g., wet, icy)",Non-intersection:  Driveway access (within),Paved,N/A,Possible/Unknown,0,1,0,0,1,0,8000,2,3,N/A,POINT (-93.101886846452 42.354732356153)
2010556966,10-04031,02/14/2010,02-February,1-Sunday,08:48,0800 Hours,District 1 (Central),,,I-80,I-80,Collision with fixed object:  Bridge overhead structure,On Roadway,Non-collision (single vehicle),Driving too fast for conditions,None Indicated,Weather conditions,Daylight,Snow,Snow,"Surface condition (e.g., wet, icy)",Non-intersection:  Other non-intersection (explain in narrative),Paved,N/A,Property Damage Only,0,0,0,0,0,0,6000,1,4,N/A,POINT (-93.100240326321 41.680992249261)
2010559616,W10-015995,02/15/2010,02-February,2-Monday,07:28,0700 Hours,District 2 (Northeast),,,,W RIDGEWAY AVE & HILLCREST RD,Collision with:  Vehicle in traffic,On Roadway,Broadside (front to side),Ran Traffic Signal,None Indicated,Weather conditions,Daylight,Snow,Snow,"Surface condition (e.g., wet, icy)",Intersection:  Four-way intersection,Paved,N/A,Property Damage Only,0,0,0,0,0,0,8000,2,4,N/A,POINT (-92.361496900898 42.469401924057)
2010558979,,02/15/2010,02-February,2-Monday,06:13,0600 Hours,District 2 (Northeast),,,US 65,US 65/ORCHID,Non-collision events:  Overturn/rollover,On Roadway,Non-collision (single vehicle),Ran off road - left,None Indicated,Weather conditions,N/A,N/A,Snow,N/A,Non-intersection:  Non-junction/no special feature,Paved,N/A,Property Damage Only,0,0,0,0,0,0,2000,1,2,N/A,POINT (-93.210904375557 43.255753366286)
2010559467,,02/15/2010,02-February,2-Monday,10:10,1000 Hours,District 5 (Southeast),,,,NE 9TH ST & NE LOCUST ST,Collision with:  Vehicle in traffic,On Roadway,Broadside (front to side),FTYROW:  At uncontrolled intersection,None Indicated,Weather conditions,Daylight,Ice/frost,Cloudy,"Surface condition (e.g., wet, icy)",Intersection:  Four-way intersection,Unpaved,N/A,Property Damage Only,0,0,0,0,0,0,9000,2,3,N/A,POINT (-93.741940770408 40.745513604853)
2010562842,1000000146,02/16/2010,02-February,3-Tuesday,14:50,1400 Hours,District 1 (Central),,,IA 146,IA 146/ZELLER AVE,Non-collision events:  Overturn/rollover,Outside trafficway,Non-collision (single vehicle),Ran off road - left,None Indicated,None apparent,Daylight,Snow,Clear,"Surface condition (e.g., wet, icy)",Non-intersection:  Non-junction/no special feature,Paved,N/A,Property Damage Only,0,0,0,0,0,0,2000,1,1,N/A,POINT (-92.785357120782 41.914476569706)
2010557399,10-05271,02/16/2010,02-February,3-Tuesday,14:00,1400 Hours,District 6 (East Central),,,US 67,US 67/STATE ST,Collision with:  Non-motorist (see non-motorist section - NOT a unit),On Roadway,Non-collision (single vehicle),Other (explain in narrative):  No improper action,None Indicated,None apparent,Daylight,Dry,Clear,None apparent,Intersection:  Other intersection (explain in narrative),Paved,N/A,Minor Injury,0,1,0,1,0,0,0,1,1,N/A,POINT (-90.472556757294 41.534130714286)
2010559425,2010013109,02/16/2010,02-February,3-Tuesday,16:00,1600 Hours,District 6 (East Central),,,I-80,I-80,Non-collision events:  Overturn/rollover,On Roadway,Non-collision (single vehicle),Crossed centerline (undivided),None Indicated,None apparent,Daylight,Snow,Clear,"Surface condition (e.g., wet, icy)",Non-intersection:  Non-junction/no special feature,Paved,N/A,Minor Injury,0,1,0,1,0,0,3000,1,1,N/A,POINT (-91.775134494438 41.688235267875)
2010558298,20100005084,02/17/2010,02-February,4-Wednesday,17:18,1700 Hours,District 1 (Central),,,,URBANDALE AVE & 38TH ST,Collision with:  Vehicle in traffic,On Roadway,Broadside (front to side),FTYROW:  Making left turn,None Indicated,None apparent,Daylight,Slush,Clear,None apparent,Intersection:  T-intersection,Paved,N/A,Property Damage Only,0,0,0,0,0,0,3000,3,5,N/A,POINT (-93.668252622478 41.619168669449)
2010559458,,02/17/2010,02-February,4-Wednesday,07:40,0700 Hours,District 6 (East Central),,,,HAWKEYE DR,Collision with:  Vehicle in traffic,On Roadway,Broadside (front to side),Crossed centerline (undivided),None Indicated,None apparent,Daylight,Dry,Cloudy,None apparent,Non-intersection:  Non-junction/no special feature,Paved,N/A,Property Damage Only,0,0,0,0,0,0,5500,2,2,N/A,POINT (-91.606299681562 41.734398937963)
2010559523,01-10-6846,02/18/2010,02-February,5-Thursday,11:03,1100 Hours,District 6 (East Central),,,,W 3RD ST,Collision with fixed object:  Utility pole/light support,On Roadway,Non-collision (single vehicle),Other (explain in narrative):  Other,None Indicated,None apparent,Daylight,Dry,Clear,None apparent,Non-intersection:  Non-junction/no special feature,Paved,N/A,Property Damage Only,0,0,0,0,0,0,2000,1,1,N/A,POINT (-90.680320428397 42.495303572521)
2010559494,10017824,02/19/2010,02-February,6-Friday,23:47,2300 Hours,District 2 (Northeast),,,US 218,US 218/WASHINGTON ST,Non-collision events:  Overturn/rollover,Shoulder,Non-collision (single vehicle),Other (explain in narrative):  No improper action,None Indicated,Weather conditions,Dark - roadway lighted,Snow,Snow,"Surface condition (e.g., wet, icy)",Non-intersection:  Non-junction/no special feature,Paved,N/A,Property Damage Only,0,0,0,0,0,0,3000,1,2,N/A,POINT (-92.416088498935 42.537687077931)
2010560260,,02/19/2010,02-February,6-Friday,15:30,1500 Hours,District 4 (Southwest),,,,2ND ST,Collision with:  Vehicle in traffic,On Roadway,Broadside (front to side),FTYROW:  From driveway,None Indicated,None apparent,Daylight,Wet,Clear,None apparent,Non-intersection:  Driveway access (within),Paved,N/A,Property Damage Only,0,0,0,0,0,0,1700,2,2,N/A,POINT (-95.745237338384 41.048397985082)
2010558952,,02/19/2010,02-February,6-Friday,16:52,1600 Hours,District 2 (Northeast),,,IA 3,IA 3/220TH ST,Collision with:  Vehicle in traffic,On Roadway,"Sideswipe, same direction",Driving too fast for conditions,None Indicated,None apparent,Daylight,Snow,Snow,"Surface condition (e.g., wet, icy)",Non-intersection:  Driveway access (within),Paved,N/A,Property Damage Only,0,0,0,0,0,0,2750,2,2,N/A,POINT (-94.018425558769 42.731555450173)
2010560198,2010013982,02/20/2010,02-February,7-Saturday,08:10,0800 Hours,District 2 (Northeast),,,I-35,I-35,Non-collision events:  Overturn/rollover,Outside trafficway,Non-collision (single vehicle),Ran off road - right,None Indicated,None apparent,Daylight,Wet,Clear,None apparent,Non-intersection:  Non-junction/no special feature,Paved,N/A,Possible/Unknown,0,1,0,0,1,0,3000,1,2,N/A,POINT (-93.419734418565 42.723301094249)
2010558328,20100005361,02/20/2010,02-February,7-Saturday,08:57,0800 Hours,District 1 (Central),,,,ROBIN DR & WESTOVER BLVD,Collision with:  Vehicle in traffic,On Roadway,Broadside (front to side),FTYROW:  From stop sign,None Indicated,Visual obstruction,Daylight,Snow,Cloudy,"Surface condition (e.g., wet, icy)",Intersection:  T-intersection,Paved,N/A,Property Damage Only,0,0,0,0,0,0,5000,2,5,N/A,POINT (-93.706207191057 41.619175955661)
2010563512,,02/21/2010,02-February,1-Sunday,18:00,1800 Hours,District 6 (East Central),,,US 67,US 67,Collision with:  Animal,On Roadway,Non-collision (single vehicle),Animal,None Indicated,N/A,Dark - roadway not lighted,Dry,Cloudy,N/A,Non-intersection:  Non-junction/no special feature,Paved,N/A,Property Damage Only,0,0,0,0,0,0,2250,1,3,N/A,POINT (-90.183025428163 42.011792581787)
2010558802,10-0126,02/22/2010,02-February,2-Monday,08:45,0800 Hours,District 1 (Central),,,,210TH ST,Collision with:  Vehicle in traffic,On Roadway,"Angle, oncoming left turn",FTYROW:  From driveway,None Indicated,Visual obstruction,Daylight,Snow,Clear,None apparent,Non-intersection:  Driveway access (within),Unpaved,N/A,Property Damage Only,0,0,0,0,0,0,13000,2,3,N/A,POINT (-94.072201411384 42.479412703969)
2010558757,10-005507,02/22/2010,02-February,2-Monday,10:20,1000 Hours,District 4 (Southwest),,,,2ND AVE & S 19TH ST,Collision with:  Vehicle in traffic,On Roadway,Broadside (front to side),Ran Stop Sign,None Indicated,None apparent,Daylight,Dry,Cloudy,None apparent,Intersection:  Four-way intersection,Paved,N/A,Property Damage Only,0,0,0,0,0,0,2000,2,2,N/A,POINT (-95.872128446732 41.259729049067)
2010559110,20100005647,02/23/2010,02-February,3-Tuesday,08:16,0800 Hours,District 1 (Central),,,I-235,I-235 & MLK JR PKWY,Collision with:  Vehicle in traffic,On Roadway,Broadside (front to side),Made improper turn,None Indicated,None apparent,Daylight,Dry,Clear,None apparent,Intersection:  Intersection with ramp,Paved,N/A,Property Damage Only,0,0,0,0,0,0,4000,2,2,N/A,POINT (-93.64429538057 41.596391080941)
2010559067,10-4903,02/23/2010,02-February,3-Tuesday,07:44,0700 Hours,District 1 (Central),,,,1ST ST N,Collision with:  Vehicle in traffic,On Roadway,Broadside (front to side),FTYROW:  From stop sign,None Indicated,None apparent,Daylight,Dry,Clear,None apparent,Intersection:  Four-way intersection,Paved,N/A,Possible/Unknown,0,1,0,0,1,0,4000,2,2,N/A,POINT (-93.053627536656 41.701514724344)
2010559299,10A-038,02/24/2010,02-February,4-Wednesday,07:02,0700 Hours,District 5 (Southeast),,,,Co Rd T15/HWY T15 & HWY T17,Collision with fixed object:  Ditch,Roadside,Non-collision (single vehicle),Ran off road - right,None Indicated,None apparent,Daylight,Ice/frost,Cloudy,"Surface condition (e.g., wet, icy)",Non-intersection:  Non-junction/no special feature,Paved,N/A,Possible/Unknown,0,1,0,0,0,1,3000,1,1,N/A,POINT (-92.991645140754 41.3431127177)
2010559533,201002717,02/24/2010,02-February,4-Wednesday,03:14,0300 Hours,District 6 (East Central),,,,UNDERWOOD AVE SW,Collision with:  Parked motor vehicle,On Roadway,"Sideswipe, same direction",Lost Control,None Indicated,None apparent,Dark - roadway lighted,Dry,Clear,None apparent,Non-intersection:  Non-junction/no special feature,Paved,N/A,Property Damage Only,0,0,0,0,0,0,8000,2,1,N/A,POINT (-91.752222012811 41.96716039383)
2010560756,,02/25/2010,02-February,5-Thursday,18:45,1800 Hours,District 6 (East Central),,,,Co Rd V52/H AVE,Collision with:  Animal,On Roadway,Non-collision (single vehicle),Animal,None Indicated,Animal in roadway,N/A,N/A,N/A,N/A,N/A,Paved,N/A,Property Damage Only,0,0,0,0,0,0,1000,1,1,N/A,POINT (-92.163098373896 41.651859312867)
2010559808,10-005985,02/26/2010,02-February,6-Friday,14:52,1400 Hours,District 4 (Southwest),,,US 6,US 6/W BROADWAY & N 18TH ST,Collision with:  Vehicle in traffic,On Roadway,"Sideswipe, same direction",Made improper turn,None Indicated,None apparent,Daylight,Dry,Cloudy,None apparent,Intersection:  Four-way intersection,Paved,N/A,Property Damage Only,0,0,0,0,0,0,3000,2,2,N/A,POINT (-95.870801161533 41.261851649973)
2010559743,20100005979,02/26/2010,02-February,6-Friday,13:18,1300 Hours,District 1 (Central),,,,,Collision with:  Parked motor vehicle,Roadside,Rear-end (front to rear),Driving too fast for conditions,None Indicated,None apparent,Daylight,Ice/frost,Cloudy,"Surface condition (e.g., wet, icy)",Non-intersection:  Non-junction/no special feature,N/A,N/A,Property Damage Only,0,0,0,0,0,0,6000,2,1,N/A,POINT (-96.643700150779 40.233091251088)
2010560146,10-6648,02/27/2010,02-February,7-Saturday,12:32,1200 Hours,District 3 (Northwest),,,,14TH ST & MCDONALD ST,Collision with:  Vehicle in traffic,On Roadway,Broadside (front to side),FTYROW:  From stop sign,None Indicated,None apparent,Daylight,Dry,Clear,None apparent,Intersection:  Four-way intersection,Paved,N/A,Property Damage Only,0,0,0,0,0,0,3500,2,4,N/A,POINT (-96.41117246537 42.505036617864)
2010571409,10002560,02/28/2010,02-February,1-Sunday,19:04,1900 Hours,District 1 (Central),,,US 30,US 30 & X AVE,Collision with:  Animal,N/A,N/A,Animal,None Indicated,N/A,N/A,N/A,N/A,N/A,N/A,Paved,N/A,Property Damage Only,0,0,0,0,0,0,4000,1,777,N/A,POINT (-92.316933206799 41.963983699924)
2010567126,201002997,03/01/2010,03-March,2-Monday,23:47,2300 Hours,District 6 (East Central),,,,WRIGHT BROTHERS BLVD SW,Collision with fixed object:  Traffic sign support,Roadside,Non-collision (single vehicle),Ran off road - right,Alcohol (Statutory),None apparent,Dark - roadway lighted,Dry,Clear,None apparent,Non-intersection:  Non-junction/no special feature,Paved,N/A,Property Damage Only,0,0,0,0,0,0,1200,1,1,N/A,POINT (-91.672975911615 41.89066191327)
2010560797,,03/02/2010,03-March,3-Tuesday,14:56,1400 Hours,District 3 (Northwest),,,,LAKE AVE,Collision with:  Vehicle in traffic,On Roadway,Rear-end (front to rear),Followed too close,None Indicated,None apparent,Daylight,Dry,Clear,None apparent,Intersection:  Four-way intersection,Paved,N/A,Property Damage Only,0,0,0,0,0,0,1700,2,2,N/A,POINT (-95.20082632338 42.65112416934)
2010562085,,03/03/2010,03-March,4-Wednesday,12:48,1200 Hours,District 1 (Central),,,US 63,US 63/S COUNTY ROAD & BUSINESS US 30,Collision with:  Vehicle in traffic,On Roadway,"Angle, oncoming left turn",Crossed centerline (undivided),None Indicated,None apparent,Daylight,Wet,Clear,None apparent,Non-intersection:  Driveway access (within),Paved,N/A,Property Damage Only,0,0,0,0,0,0,2000,2,4,N/A,POINT (-92.581683673092 41.987085820507)
2010560550,10-0742,03/04/2010,03-March,5-Thursday,13:48,1300 Hours,District 1 (Central),,,,1ST AVE S,Collision with:  Vehicle in traffic,On Roadway,Broadside (front to side),FTYROW:  From driveway,None Indicated,None apparent,Daylight,Dry,Clear,None apparent,Non-intersection:  Driveway access (within),Paved,N/A,Property Damage Only,0,0,0,0,0,0,4500,2,3,N/A,POINT (-94.162770998687 42.505240543366)
2010561479,10-7224,03/05/2010,03-March,6-Friday,00:00,0000 Hours,District 3 (Northwest),,,,W 18TH ST,Collision with:  Parked motor vehicle,On Roadway,Unknown,Lost Control,None Indicated,None apparent,Unknown,Wet,Clear,None apparent,Non-intersection:  Non-junction/no special feature,Paved,N/A,Property Damage Only,0,0,0,0,0,0,1100,2,1,N/A,POINT (-96.424784396032 42.509384531253)
2010567206,201003142,03/05/2010,03-March,6-Friday,00:03,0000 Hours,District 6 (East Central),,,I-380,I-380,Non-collision events:  Other non-collision (explain in narrative),On Roadway,Non-collision (single vehicle),Ran off road - right,Alcohol (Statutory),None apparent,Dark - roadway lighted,Dry,Clear,None apparent,Non-intersection:  Non-junction/no special feature,Paved,N/A,Major Injury,0,1,1,0,0,0,7500,1,1,N/A,POINT (-91.669844576145 41.94162968421)
2010562566,S79010107,03/06/2010,03-March,7-Saturday,17:37,1700 Hours,District 1 (Central),,,US 63,US 63,Collision with:  Vehicle in traffic,On Roadway,Broadside (front to side),Ran Stop Sign,None Indicated,None apparent,Daylight,Dry,Cloudy,None apparent,Intersection:  Four-way intersection,Paved,N/A,Possible/Unknown,0,2,0,0,2,0,50000,2,2,N/A,POINT (-92.55153599189 41.746173949707)
2010561241,10-7406,03/07/2010,03-March,1-Sunday,00:18,0000 Hours,District 3 (Northwest),,,I-29,I-29,Collision with:  Vehicle in traffic,On Roadway,"Sideswipe, same direction",Unknown,None Indicated,None apparent,Dark - roadway lighted,Wet,Rain,None apparent,Non-intersection:  Other non-intersection (explain in narrative),Paved,N/A,Property Damage Only,0,0,0,0,0,0,2500,2,3,N/A,POINT (-96.396283129229 42.487407335799)
2010561098,W10-023773,03/08/2010,03-March,2-Monday,09:42,0900 Hours,District 2 (Northeast),,,,KERN ST & GRANDVIEW AVE,Collision with:  Vehicle in traffic,On Roadway,Broadside (front to side),FTYROW:  At uncontrolled intersection,None Indicated,None apparent,Daylight,Dry,Cloudy,None apparent,Intersection:  Four-way intersection,Paved,N/A,Possible/Unknown,0,1,0,0,1,0,4500,2,4,N/A,POINT (-92.350259738622 42.514980371695)
2010562510,10-060309-01,03/09/2010,03-March,3-Tuesday,06:30,0600 Hours,District 6 (East Central),,,,Co Rd F15/F15 BLVD,Collision with:  Animal,N/A,N/A,Animal,None Indicated,N/A,N/A,N/A,N/A,N/A,N/A,Paved,N/A,Property Damage Only,0,0,0,0,0,0,1900,1,777,N/A,POINT (-92.018687163263 41.813751622814)
2010561475,10-0810,03/10/2010,03-March,4-Wednesday,11:38,1100 Hours,District 1 (Central),,,,N 15TH ST,Collision with:  Vehicle in traffic,On Roadway,Broadside (front to side),Improper Backing,None Indicated,None apparent,Daylight,Wet,Cloudy,None apparent,Non-intersection:  Non-junction/no special feature,Paved,N/A,Property Damage Only,0,0,0,0,0,0,1300,2,2,N/A,POINT (-94.177988627742 42.512559846847)
2010562667,10-001151,03/10/2010,03-March,4-Wednesday,20:12,2000 Hours,District 1 (Central),,,,SE MAGAZINE RD,Collision with:  Vehicle in traffic,On Roadway,Rear-end (front to rear),Other (explain in narrative):  Other,None Indicated,None apparent,Dark - roadway lighted,Dry,Clear,None apparent,Intersection:  T-intersection,Paved,N/A,Property Damage Only,0,0,0,0,0,0,1800,2,4,N/A,POINT (-93.600180795267 41.717361666868)
2010561962,01-10-10370,03/11/2010,03-March,5-Thursday,20:34,2000 Hours,District 6 (East Central),,,,W 17TH ST & MAIN ST & MADISON ST,Collision with:  Vehicle in traffic,On Roadway,Broadside (front to side),FTYROW:  Other (explain in narrative),None Indicated,None apparent,Dark - roadway lighted,Dry,Cloudy,None apparent,Intersection:  Four-way intersection,Paved,N/A,Property Damage Only,0,0,0,0,0,0,3500,2,3,N/A,POINT (-90.67111561161 42.508228394539)
2010562238,104208,03/12/2010,03-March,6-Friday,16:28,1600 Hours,District 6 (East Central),,,,W 38TH PL,Collision with:  Parked motor vehicle,On Roadway,Head-on (front to front),Exceeded authorized speed,None Indicated,None apparent,Daylight,Dry,Clear,None apparent,Non-intersection:  Non-junction/no special feature,Paved,N/A,Possible/Unknown,0,1,0,0,1,0,7500,2,2,N/A,POINT (-90.610976009733 41.559490354287)
2010561928,10025784,03/13/2010,03-March,7-Saturday,05:55,0500 Hours,District 2 (Northeast),,,,HUDSON RD,Collision with:  Animal,N/A,N/A,Animal,None Indicated,N/A,N/A,N/A,N/A,N/A,N/A,Paved,N/A,Property Damage Only,0,0,0,0,0,0,1500,1,777,N/A,POINT (-92.465378183391 42.478372066376)
2010565052,201000633,03/14/2010,03-March,1-Sunday,23:13,2300 Hours,District 1 (Central),,,,Co Rd R18/L AVE,Collision with:  Animal,N/A,N/A,Animal,None Indicated,N/A,N/A,N/A,N/A,N/A,N/A,Paved,N/A,Property Damage Only,0,0,0,0,0,0,1200,1,777,N/A,POINT (-93.950855654062 42.037282630949)
2010565093,101210PD,03/15/2010,03-March,2-Monday,11:43,1100 Hours,District 1 (Central),,,,ARDEN ST,Collision with:  Vehicle in traffic,On Roadway,Rear-end (front to rear),Other (explain in narrative):  Other,None Indicated,None apparent,Daylight,Dry,Clear,None apparent,Non-intersection:  Non-junction/no special feature,Paved,N/A,Property Damage Only,0,0,0,0,0,0,2600,2,2,N/A,POINT (-93.882278697384 42.064228272657)
2010562754,W10-027656,03/17/2010,03-March,4-Wednesday,21:36,2100 Hours,District 2 (Northeast),,,US 63,US 63/SERGEANT RD,Collision with:  Animal,On Roadway,Unknown,Animal,None Indicated,None apparent,Dark - roadway lighted,Dry,Clear,None apparent,Non-intersection:  Non-junction/no special feature,Paved,N/A,Property Damage Only,0,0,0,0,0,0,1500,1,1,N/A,POINT (-92.411337708181 42.452206305324)
2010563708,03-18-10-149,03/18/2010,03-March,5-Thursday,19:08,1900 Hours,District 3 (Northwest),,,US 71,US 71/130TH AVE,Non-collision events:  Other non-collision (explain in narrative),On Roadway,Non-collision (single vehicle),Lost Control,None Indicated,None apparent,Daylight,Dry,Cloudy,None apparent,Non-intersection:  Non-junction/no special feature,Paved,N/A,Minor Injury,0,1,0,1,0,0,250,1,1,N/A,POINT (-95.15112629351 42.876724319735)
2010563027,10-5610,03/19/2010,03-March,6-Friday,21:20,2100 Hours,District 1 (Central),,,US 30,US 30,Non-collision events:  Other non-collision (explain in narrative),On Roadway,Non-collision (single vehicle),Driving too fast for conditions,None Indicated,Weather conditions,Dark - roadway not lighted,Snow,Snow,None apparent,Non-intersection:  Other non-intersection (explain in narrative),Paved,N/A,Minor Injury,0,1,0,1,0,0,7000,1,1,N/A,POINT (-93.639408282757 42.002882622358)