Iowa DOT Case Number,Law Enforcement Case Number,Date of Crash,Month of Crash,Day of Week,Time of Crash,Hour,DOT District,City Name,County Name,Route with System,Location Description,First Harmful Event,Location of First Harmful Event,Manner of Crash/Collision,Major Cause,Drug or Alcohol ,Environmental Conditions,Light Conditions,Surface Conditions,Weather Conditions,Roadway Contribution,Roadway Type,Roadway Surface,Work Zone,Crash Severity,Number of Fatalities,Number of Injuries,Number of Major Injuries,Number of Minor Injuries,Number of Possible Injuries,Number of Unknown Injuries,Amount of Property Damage,Number of Vehicles Involved,Total Number of Occupants,Travel Direction,Location
2010563270,104693,03/19/2010,03-March,6-Friday,20:52,2000 Hours,District 6 (East Central),,,,IA 461/HARRISON ST,Collision with:  Vehicle in traffic,On Roadway,"Sideswipe, same direction",Unknown,None Indicated,None apparent,Dark - roadway lighted,Wet,Rain,None apparent,Non-intersection:  Non-junction/no special feature,Paved,N/A,Property Damage Only,0,0,0,0,0,0,3000,3,4,N/A,POINT (-90.577008611386 41.525059227754)
2010563282,HR104741,03/20/2010,03-March,7-Saturday,21:14,2100 Hours,District 6 (East Central),,,,EDGEWILD DR,Collision with:  Parked motor vehicle,On Roadway,Rear-end (front to rear),"Operating vehicle in an reckless, erratic, careless, negligent manner",None Indicated,None apparent,Dark - roadway lighted,Dry,Clear,None apparent,Non-intersection:  Non-junction/no special feature,Paved,N/A,Property Damage Only,0,0,0,0,0,0,1000,3,777,N/A,POINT (-90.536134960936 41.564664907749)
2010564030,10C000800,03/20/2010,03-March,7-Saturday,19:36,1900 Hours,District 4 (Southwest),,,,W ADAMS ST & N MAPLE ST,Collision with fixed object:  Utility pole/light support,Outside trafficway,Non-collision (single vehicle),Lost Control,None Indicated,None apparent,Dusk,Wet,Clear,None apparent,Non-intersection:  Non-junction/no special feature,Paved,N/A,Property Damage Only,0,0,0,0,0,0,1600,1,1,N/A,POINT (-94.362684217221 41.057314510543)
2010562768,W10-028933,03/21/2010,03-March,1-Sunday,06:30,0600 Hours,District 2 (Northeast),,,,MITCHELL AVE,Collision with:  Parked motor vehicle,On Roadway,Rear-end (front to rear),Unknown,None Indicated,Unknown,Dark - roadway not lighted,Unknown,Clear,Unknown,Non-intersection:  Other non-intersection (explain in narrative),Paved,N/A,Possible/Unknown,0,1,0,0,0,1,2000,2,1,N/A,POINT (-92.326970038373 42.476598195644)
2010563976,10-0281,03/22/2010,03-March,2-Monday,17:10,1700 Hours,District 1 (Central),,,,METRO EAST DR,Collision with:  Vehicle in traffic,On Roadway,"Sideswipe, same direction",Unknown,None Indicated,None apparent,Daylight,Dry,Clear,None apparent,Non-intersection:  Driveway access (within),Paved,N/A,Property Damage Only,0,0,0,0,0,0,3000,2,3,N/A,POINT (-93.498441949228 41.605222474984)
2010563481,10-3933,03/23/2010,03-March,3-Tuesday,07:23,0700 Hours,District 1 (Central),,,IA 210,IA 210/MAIN ST,Collision with:  Vehicle in traffic,On Roadway,Broadside (front to side),Other (explain in narrative):  No improper action,None Indicated,None apparent,Daylight,Dry,Clear,None apparent,Non-intersection:  Non-junction/no special feature,Paved,N/A,Property Damage Only,0,0,0,0,0,0,3000,2,2,N/A,POINT (-93.399667225825 41.888960766229)
2010565750,2010020467,03/24/2010,03-March,4-Wednesday,20:32,2000 Hours,District 4 (Southwest),,,I-80,I-80,Collision with:  Vehicle in traffic,On Roadway,"Sideswipe, same direction",FTYROW:  Other (explain in narrative),None Indicated,None apparent,Dark - roadway not lighted,Dry,Cloudy,None apparent,Non-intersection:  Non-junction/no special feature,Paved,N/A,Property Damage Only,0,0,0,0,0,0,1000,2,3,N/A,POINT (-95.109571886308 41.497283590759)
2010565721,10-09663,03/25/2010,03-March,5-Thursday,01:21,0100 Hours,District 6 (East Central),,,,VALLEY DR,Collision with fixed object:  Ditch,On Roadway,Non-collision (single vehicle),Swerving/Evasive Action,Alcohol (Statutory),None apparent,Dark - roadway lighted,Wet,Rain,None apparent,Non-intersection:  Non-junction/no special feature,Paved,N/A,Property Damage Only,0,0,0,0,0,0,2500,1,1,N/A,POINT (-90.427064646129 41.568686995877)
2010564258,105080,03/26/2010,03-March,6-Friday,00:38,0000 Hours,District 6 (East Central),,,,RIPLEY ST,Collision with fixed object:  Curb/island/raised median,Outside trafficway,Non-collision (single vehicle),Ran off road - left,None Indicated,None apparent,Dark - roadway lighted,Dry,Cloudy,None apparent,Non-intersection:  Non-junction/no special feature,Paved,N/A,Property Damage Only,0,0,0,0,0,0,1500,1,1,N/A,POINT (-90.578862103022 41.526134025697)
2010565971,10015231,03/26/2010,03-March,6-Friday,16:30,1600 Hours,District 6 (East Central),,,,25TH AVE,Collision with:  Non-motorist (see non-motorist section - NOT a unit),On Roadway,Non-collision (single vehicle),Unknown,None Indicated,None apparent,Daylight,Dry,Clear,None apparent,Non-intersection:  Non-junction/no special feature,Paved,N/A,Possible/Unknown,0,1,0,0,1,0,0,1,1,N/A,POINT (-91.60336388 41.686735266893)
2010568482,10-005847,03/27/2010,03-March,7-Saturday,21:30,2100 Hours,District 5 (Southeast),,,IA 5,IA 5/IOWA 5,Collision with:  Animal,On Roadway,Non-collision (single vehicle),Animal,None Indicated,Animal in roadway,N/A,N/A,N/A,N/A,N/A,Paved,N/A,Property Damage Only,0,0,0,0,0,0,2500,1,1,N/A,POINT (-93.287922310524 41.404707418051)
2010564658,10002382,03/29/2010,03-March,2-Monday,21:32,2100 Hours,District 1 (Central),,,,Co Rd D20/220TH ST,Collision with:  Animal,On Roadway,Non-collision (single vehicle),Animal,None Indicated,Animal in roadway,Dark - roadway not lighted,Dry,Cloudy,None apparent,Non-intersection:  Non-junction/no special feature,Paved,N/A,Property Damage Only,0,0,0,0,0,0,8500,1,2,N/A,POINT (-93.88189957979 42.471876180901)
2010570564,10-140430-01,03/30/2010,03-March,3-Tuesday,15:53,1500 Hours,District 6 (East Central),,,US 151,US 151/42ND AVE & IA 220/220TH TRL & Co Rd F22,Collision with:  Vehicle in traffic,On Roadway,Broadside (front to side),FTYROW:  From stop sign,None Indicated,Weather conditions,Daylight,Wet,Rain,None apparent,Intersection:  Four-way intersection,Paved,N/A,Property Damage Only,0,0,0,0,0,0,5300,2,2,N/A,POINT (-91.874509448488 41.801675267085)
2010564376,CL10001190,03/30/2010,03-March,3-Tuesday,22:08,2200 Hours,District 6 (East Central),,,US 30,US 30/8TH AVE S/S 4TH ST & US 67,Collision with:  Vehicle in traffic,On Roadway,Broadside (front to side),Ran Traffic Signal,None Indicated,None apparent,Dark - roadway lighted,Dry,Cloudy,None apparent,Intersection:  Four-way intersection,Paved,N/A,Possible/Unknown,0,2,0,0,2,0,6000,2,7,N/A,POINT (-90.193240952636 41.83777542296)
2010564549,10-009744,03/31/2010,03-March,4-Wednesday,15:00,1500 Hours,District 4 (Southwest),,,US 6,US 6/W BROADWAY,Collision with:  Vehicle in traffic,On Roadway,"Sideswipe, same direction",Improper or erratic lane changing,None Indicated,None apparent,Daylight,Dry,Clear,None apparent,Non-intersection:  Non-junction/no special feature,Paved,N/A,Property Damage Only,0,0,0,0,0,0,4000,2,4,N/A,POINT (-95.872938487021 41.261870343614)
2010565792,10033310,04/01/2010,04-April,5-Thursday,21:47,2100 Hours,District 2 (Northeast),,,,W RIDGEWAY AVE,Non-collision events:  Other non-collision (explain in narrative),On Roadway,Non-collision (single vehicle),Ran off road - right,None Indicated,None apparent,Dark - roadway lighted,"Mud, dirt",Clear,None apparent,Non-intersection:  Non-junction/no special feature,Paved,N/A,Minor Injury,0,1,0,1,0,0,1000,1,1,N/A,POINT (-92.439348077078 42.469566020808)
2010565221,10-10460,04/02/2010,04-April,6-Friday,19:20,1900 Hours,District 3 (Northwest),,,,W VILLA AVE,Collision with:  Parked motor vehicle,On Roadway,Rear-end (front to rear),Lost Control,None Indicated,None apparent,Dusk,Dry,Clear,None apparent,Non-intersection:  Non-junction/no special feature,Paved,N/A,Property Damage Only,0,0,0,0,0,0,6000,2,1,N/A,POINT (-96.429559036293 42.504118048238)
2010577526,,04/03/2010,04-April,7-Saturday,07:30,0700 Hours,District 2 (Northeast),,,,Co Rd A34/POLE LINE RD,Collision with fixed object:  Ditch,Roadside,Non-collision (single vehicle),Ran off road - left,Alcohol (Statutory),None apparent,Dawn,Dry,Clear,None apparent,Non-intersection:  Non-junction/no special feature,Paved,N/A,Minor Injury,0,1,0,1,0,0,5000,1,2,N/A,POINT (-91.850851969989 43.332431877571)
2010565226,10-10682,04/04/2010,04-April,1-Sunday,07:45,0700 Hours,District 3 (Northwest),,,IA 376,IA 376/LEWIS BLVD & 41ST ST,Collision with:  Vehicle in traffic,On Roadway,Broadside (front to side),FTYROW:  From stop sign,None Indicated,None apparent,Daylight,Dry,Clear,None apparent,Intersection:  Four-way intersection,Paved,N/A,Property Damage Only,0,0,0,0,0,0,5000,2,2,N/A,POINT (-96.352557548715 42.540625160458)
2010565866,10-003229,04/05/2010,04-April,2-Monday,15:34,1500 Hours,District 2 (Northeast),,,IA 150,IA 150/100TH ST,Collision with:  Vehicle in traffic,On Roadway,Rear-end (front to rear),Lost Control,None Indicated,None apparent,Daylight,Wet,Rain,None apparent,Non-intersection:  Non-junction/no special feature,Paved,N/A,Property Damage Only,0,0,0,0,0,0,1620,2,3,N/A,POINT (-91.808777511113 42.774149597297)
2010566663,,04/06/2010,04-April,3-Tuesday,21:44,2100 Hours,District 4 (Southwest),,,,Co Rd L31/195TH ST,Non-collision events:  Overturn/rollover,On Roadway,Non-collision (single vehicle),Crossed centerline (undivided),None Indicated,Weather conditions,Dark - roadway not lighted,Wet,Rain,None apparent,Non-intersection:  Non-junction/no special feature,Paved,N/A,Property Damage Only,0,0,0,0,0,0,7500,1,1,N/A,POINT (-95.804111313986 41.041278229753)
2010567848,10-349,04/07/2010,04-April,4-Wednesday,11:41,1100 Hours,District 3 (Northwest),,,US 71,US 71/18TH ST & JACKSON AVE,Collision with:  Vehicle in traffic,On Roadway,Rear-end (front to rear),Driving too fast for conditions,None Indicated,None apparent,Daylight,Dry,Clear,None apparent,Intersection:  Four-way intersection,Paved,N/A,Possible/Unknown,0,1,0,0,1,0,8500,2,2,N/A,POINT (-95.1049548949 43.422622356786)
2010566677,,04/08/2010,04-April,5-Thursday,19:22,1900 Hours,District 3 (Northwest),,,US 18,US 18/10TH ST,Collision with:  Vehicle in traffic,On Roadway,Broadside (front to side),FTYROW:  Other (explain in narrative),None Indicated,None apparent,Dusk,Dry,Clear,None apparent,Non-intersection:  Other non-intersection (explain in narrative),Paved,N/A,Property Damage Only,0,0,0,0,0,0,6750,2,2,N/A,POINT (-96.294470895906 43.199949394408)
2010565676,10002616,04/09/2010,04-April,6-Friday,06:15,0600 Hours,District 1 (Central),,,IA 175,IA 175/EDWARDS ST,Collision with:  Animal,N/A,N/A,Animal,None Indicated,N/A,N/A,N/A,N/A,N/A,N/A,Paved,N/A,Property Damage Only,0,0,0,0,0,0,3000,1,777,N/A,POINT (-93.621056376699 42.310136542332)
2010567806,,04/09/2010,04-April,6-Friday,11:51,1100 Hours,District 3 (Northwest),,,,,Collision with:  Vehicle in traffic,On Roadway,Rear-end (front to rear),Followed too close,None Indicated,Other (explain in narrative),Dark - roadway lighted,Dry,Clear,None apparent,Non-intersection:  Non-junction/no special feature,N/A,N/A,Possible/Unknown,0,2,0,0,2,0,6000,2,3,N/A,POINT (-96.643700150779 40.233091251088)
2010566019,10-2233,04/10/2010,04-April,7-Saturday,14:14,1400 Hours,District 1 (Central),,,,NW 54TH AVE & 128TH ST & S JAMES ST,Collision with:  Vehicle in traffic,On Roadway,Broadside (front to side),Ran Stop Sign,None Indicated,None apparent,Daylight,Dry,Clear,None apparent,Intersection:  Four-way intersection,Paved,N/A,Possible/Unknown,0,2,0,0,2,0,15000,2,6,N/A,POINT (-93.794445270279 41.658429556446)
2010574455,201005163,04/11/2010,04-April,1-Sunday,11:43,1100 Hours,District 6 (East Central),,,I-380,I-380,Collision with fixed object:  Guardrail - face,On Roadway,Non-collision (single vehicle),Lost Control,None Indicated,None apparent,Daylight,Dry,Clear,None apparent,Non-intersection:  Other non-intersection (explain in narrative),Paved,N/A,Major Injury,0,1,1,0,0,0,5000,1,1,N/A,POINT (-91.668601693731 41.980478181058)
2010566256,20100010992,04/12/2010,04-April,2-Monday,12:40,1200 Hours,District 1 (Central),,,,31ST ST,Collision with:  Vehicle in traffic,On Roadway,Rear-end (front to rear),Followed too close,None Indicated,None apparent,Daylight,Dry,Cloudy,None apparent,Non-intersection:  Non-junction/no special feature,Paved,N/A,Possible/Unknown,0,1,0,0,1,0,800,3,4,N/A,POINT (-93.659362241015 41.59245956725)
2010566901,10-1764,04/13/2010,04-April,3-Tuesday,17:08,1700 Hours,District 4 (Southwest),,,,60TH ST & WESTOWN PKWY,Collision with:  Vehicle in traffic,On Roadway,"Angle, oncoming left turn",Ran Traffic Signal,None Indicated,None apparent,Daylight,Dry,Clear,None apparent,Intersection:  Four-way intersection,Paved,N/A,Property Damage Only,0,0,0,0,0,0,2000,2,2,N/A,POINT (-93.790681446424 41.595180265031)
2010566998,10-9943,04/14/2010,04-April,4-Wednesday,12:05,1200 Hours,District 1 (Central),,,I-80,I-80,Collision with:  Vehicle in traffic,On Roadway,"Sideswipe, same direction",Other (explain in narrative):  Vision obstructed,None Indicated,None apparent,Daylight,Dry,Clear,None apparent,Non-intersection:  Non-junction/no special feature,Paved,N/A,Major Injury,0,2,2,0,0,0,10000,2,3,N/A,POINT (-93.169052041282 41.68649607452)
2010567264,20100011396,04/15/2010,04-April,5-Thursday,16:24,1600 Hours,District 1 (Central),,,,MAPLE ST,Collision with:  Vehicle in traffic,On Roadway,Broadside (front to side),FTYROW:  From driveway,None Indicated,None apparent,Daylight,Dry,Cloudy,None apparent,Non-intersection:  Driveway access (within),Paved,N/A,Property Damage Only,0,0,0,0,0,0,1500,2,3,N/A,POINT (-93.575808459092 41.598195653108)
2010567925,10-6522,04/16/2010,04-April,6-Friday,19:41,1900 Hours,District 6 (East Central),,,,MARYVIEW LN,Collision with fixed object:  Mailbox,On Roadway,Non-collision (single vehicle),"Operating vehicle in an reckless, erratic, careless, negligent manner",None Indicated,None apparent,Dusk,Dry,Clear,None apparent,Non-intersection:  Non-junction/no special feature,Paved,N/A,Possible/Unknown,0,6,0,0,6,0,10150,1,6,N/A,POINT (-90.538080639123 41.566480857497)
2010567326,10038934,04/16/2010,04-April,6-Friday,12:26,1200 Hours,District 2 (Northeast),,,,11TH ST & TREMONT ST,Collision with:  Vehicle in traffic,On Roadway,Broadside (front to side),FTYROW:  From yield sign,None Indicated,None apparent,Daylight,Dry,Clear,None apparent,Intersection:  Four-way intersection,Paved,N/A,Possible/Unknown,0,2,0,0,2,0,12500,2,2,N/A,POINT (-92.450849646016 42.52867302513)
2010570841,201005499,04/17/2010,04-April,7-Saturday,10:16,1000 Hours,District 6 (East Central),,,,CENTER POINT RD NE,Collision with:  Vehicle in traffic,On Roadway,Broadside (front to side),Ran Traffic Signal,None Indicated,None apparent,Daylight,Dry,Clear,None apparent,Intersection:  Four-way intersection,Paved,N/A,Property Damage Only,0,0,0,0,0,0,1500,2,2,N/A,POINT (-91.663014518672 42.010395588422)
2010567966,HR106612,04/18/2010,04-April,1-Sunday,02:20,0200 Hours,District 6 (East Central),,,,N DIVISION ST,Collision with fixed object:  Utility pole/light support,On Roadway,Non-collision (single vehicle),"Operating vehicle in an reckless, erratic, careless, negligent manner",None Indicated,None apparent,Dark - roadway lighted,Dry,Cloudy,None apparent,Non-intersection:  Non-junction/no special feature,Paved,N/A,Minor Injury,0,1,0,1,0,0,13847,1,1,N/A,POINT (-90.601212316176 41.533312457848)
2010568469,AP-10-0132,04/19/2010,04-April,2-Monday,17:28,1700 Hours,District 6 (East Central),,,US 151,US 151/SE RAMP,Collision with fixed object:  Ditch,Roadside,Non-collision (single vehicle),Ran off road - right,Under Influence of Alcohol/Drugs/Medications,None apparent,Daylight,Dry,Clear,None apparent,Interchange-related:  Off-ramp,Paved,N/A,Major Injury,0,1,1,0,0,0,3000,1,1,N/A,POINT (-91.265416291065 42.102314316797)
2010569828,10-002965,04/20/2010,04-April,3-Tuesday,05:57,0500 Hours,District 5 (Southeast),,,US 61,US 61,Collision with:  Animal,N/A,N/A,Animal,None Indicated,N/A,N/A,N/A,N/A,N/A,N/A,Paved,N/A,Property Damage Only,0,0,0,0,0,0,5000,1,777,N/A,POINT (-91.265426924827 40.672202577641)
2010567901,20100011931,04/20/2010,04-April,3-Tuesday,07:30,0700 Hours,District 1 (Central),,,,MLK JR PKWY,Collision with:  Vehicle in traffic,On Roadway,Rear-end (front to rear),FTYROW:  Other (explain in narrative),None Indicated,None apparent,Daylight,Dry,Clear,None apparent,Non-intersection:  Non-junction/no special feature,Paved,N/A,Property Damage Only,0,0,0,0,0,0,2200,2,3,N/A,POINT (-93.644722323572 41.588651468325)
2010568043,W10-040861,04/21/2010,04-April,4-Wednesday,15:25,1500 Hours,District 2 (Northeast),,,,W 6TH ST & SOUTH ST,Collision with:  Vehicle in traffic,On Roadway,Broadside (front to side),FTYROW:  From stop sign,None Indicated,None apparent,Daylight,Dry,Clear,None apparent,Intersection:  Four-way intersection,Paved,N/A,Property Damage Only,0,0,0,0,0,0,2000,2,2,N/A,POINT (-92.341337181055 42.490586698312)
2010568866,W10-041334,04/22/2010,04-April,5-Thursday,19:20,1900 Hours,District 2 (Northeast),,,,SYCAMORE ST,Collision with:  Vehicle in traffic,Roadside,"Sideswipe, same direction",Unknown,None Indicated,None apparent,Daylight,Dry,Clear,None apparent,Non-intersection:  Non-junction/no special feature,Paved,N/A,Property Damage Only,0,0,0,0,0,0,6000,2,4,N/A,POINT (-92.338718349771 42.500072772114)
2010569697,,04/23/2010,04-April,6-Friday,04:00,0400 Hours,District 1 (Central),,,,,Collision with:  Vehicle in traffic,Unknown,Unknown,Unknown,None Indicated,Unknown,Unknown,Unknown,Unknown,Unknown,Unknown,N/A,N/A,Property Damage Only,0,0,0,0,0,0,2500,2,2,N/A,POINT (-96.643700150779 40.233091251088)
2010573041,107001,04/23/2010,04-April,6-Friday,13:31,1300 Hours,District 6 (East Central),,,,W LOCUST ST & N LINCOLN AVE,Collision with:  Vehicle in traffic,On Roadway,Broadside (front to side),Ran Traffic Signal,None Indicated,None apparent,Daylight,Wet,Cloudy,None apparent,Intersection:  Four-way intersection,Paved,N/A,Possible/Unknown,0,1,0,0,1,0,13000,2,2,N/A,POINT (-90.613150000858 41.538217319562)
2010569065,10-003377,04/24/2010,04-April,7-Saturday,17:09,1700 Hours,District 4 (Southwest),,,,8TH ST & PLUM ST,Collision with:  Vehicle in traffic,On Roadway,Broadside (front to side),FTYROW:  From stop sign,None Indicated,None apparent,Daylight,Dry,Cloudy,None apparent,Intersection:  Four-way intersection,Paved,N/A,Property Damage Only,0,0,0,0,0,0,3000,2,2,N/A,POINT (-94.99639908056 41.402877223005)
2010568663,10-51,04/25/2010,04-April,1-Sunday,04:07,0400 Hours,District 2 (Northeast),,,US 63,US 63,Collision with:  Animal,N/A,N/A,Animal,None Indicated,N/A,N/A,N/A,N/A,N/A,N/A,Paved,N/A,Property Damage Only,0,0,0,0,0,0,4000,1,777,N/A,POINT (-92.337469992462 42.82938123538)
2010569108,10-555,04/26/2010,04-April,2-Monday,19:56,1900 Hours,District 1 (Central),,,,NW 86TH ST,Collision with:  Vehicle in traffic,On Roadway,Rear-end (front to rear),Followed too close,None Indicated,None apparent,Dusk,Dry,Cloudy,None apparent,Intersection:  Four-way intersection,Paved,N/A,Minor Injury,0,1,0,1,0,0,1500,2,2,N/A,POINT (-93.736378422291 41.609231862369)
2010569661,2010026554,04/27/2010,04-April,3-Tuesday,16:51,1600 Hours,District 1 (Central),,,I-35,I-35,Collision with:  Vehicle in traffic,On Roadway,Rear-end (front to rear),Followed too close,None Indicated,None apparent,Daylight,Dry,Clear,None apparent,Non-intersection:  Non-junction/no special feature,Paved,N/A,Property Damage Only,0,0,0,0,0,0,3000,2,2,N/A,POINT (-93.668495561741 41.650818448672)
2010569419,10008075,04/28/2010,04-April,4-Wednesday,13:51,1300 Hours,District 2 (Northeast),,,IA 122,IA 122/6TH ST SW & S PRESIDENT AVE,Collision with:  Vehicle in traffic,On Roadway,Rear-end (front to rear),Followed too close,None Indicated,None apparent,Daylight,Dry,Cloudy,None apparent,Intersection:  Four-way intersection,Paved,N/A,Property Damage Only,0,0,0,0,0,0,4000,2,2,N/A,POINT (-93.203542335952 43.14625069638)
2010569143,10-013252,04/28/2010,04-April,4-Wednesday,15:55,1500 Hours,District 4 (Southwest),,,,AVE G,Collision with:  Non-motorist (see non-motorist section - NOT a unit),On Roadway,Non-collision (single vehicle),Other (explain in narrative):  No improper action,None Indicated,None apparent,Daylight,Dry,Clear,None apparent,Non-intersection:  Driveway access (within),Paved,N/A,Minor Injury,0,1,0,1,0,0,0,1,1,N/A,POINT (-95.881471174879 41.268078443338)
2010569222,W10-043743,04/29/2010,04-April,5-Thursday,15:19,1500 Hours,District 2 (Northeast),,,US 20,US 20/SE RAMP/SE LOOP & US 63/SERGEANT RD,Collision with:  Vehicle in traffic,On Roadway,"Angle, oncoming left turn",FTYROW:  Making left turn,None Indicated,None apparent,Daylight,Dry,Clear,None apparent,Intersection:  T-intersection,Paved,N/A,Property Damage Only,0,0,0,0,0,0,5000,2,2,N/A,POINT (-92.406132199035 42.457411885259)
2010570344,10003659,04/30/2010,04-April,6-Friday,05:23,0500 Hours,District 6 (East Central),,,,Co Rd D13/195TH ST,Collision with:  Animal,N/A,N/A,Animal,None Indicated,N/A,N/A,N/A,N/A,N/A,N/A,Paved,N/A,Property Damage Only,0,0,0,0,0,0,1500,1,777,N/A,POINT (-91.482061235231 42.506768577925)
2010569405,W10-044054,04/30/2010,04-April,6-Friday,05:30,0500 Hours,District 2 (Northeast),,,,N BARCLAY ST,Collision with fixed object:  Other fixed object (explain in narrative),Outside trafficway,Non-collision (single vehicle),Ran off road - left,None Indicated,None apparent,Dawn,Dry,Cloudy,None apparent,Non-intersection:  Railroad grade crossing,Paved,N/A,Property Damage Only,0,0,0,0,0,0,4000,1,1,N/A,POINT (-92.327910996437 42.519390404656)
2010569567,10-2082,05/01/2010,05-May,7-Saturday,11:33,1100 Hours,District 1 (Central),,,,UNIVERSITY AVE,Collision with:  Vehicle in traffic,On Roadway,Rear-end (front to rear),Driving too fast for conditions,None Indicated,None apparent,Daylight,Dry,Clear,None apparent,Non-intersection:  Non-junction/no special feature,Paved,N/A,Possible/Unknown,0,1,0,0,1,0,1000,2,4,N/A,POINT (-93.752274092132 41.600427991268)
2010569432,1005022381,05/02/2010,05-May,1-Sunday,03:35,0300 Hours,District 6 (East Central),,,US 30,US 30,Collision with fixed object:  Utility pole/light support,Roadside,Non-collision (single vehicle),Ran off road - right,None Indicated,None apparent,Dark - roadway not lighted,Dry,Clear,None apparent,Non-intersection:  Non-junction/no special feature,Paved,N/A,Possible/Unknown,0,1,0,0,1,0,9500,1,1,N/A,POINT (-90.412025264341 41.81554811295)
2010570104,10-1440,05/03/2010,05-May,2-Monday,09:45,0900 Hours,District 1 (Central),,,,CENTRAL AVE & S 10TH ST & N 10TH ST,Collision with:  Vehicle in traffic,On Roadway,"Sideswipe, same direction",FTYROW:  From parked position,None Indicated,None apparent,Daylight,Dry,Clear,None apparent,Intersection:  Four-way intersection,Paved,N/A,Property Damage Only,0,0,0,0,0,0,1100,2,2,N/A,POINT (-94.184792360782 42.505429236868)
2010571735,,05/04/2010,05-May,3-Tuesday,07:28,0700 Hours,District 1 (Central),,,,HOLCOMB AVE,Collision with:  Vehicle in traffic,On Roadway,Broadside (front to side),FTYROW:  From driveway,None Indicated,None apparent,Daylight,Dry,Clear,None apparent,Non-intersection:  Driveway access (within),Paved,N/A,Property Damage Only,0,0,0,0,0,0,3000,2,2,N/A,POINT (-93.623695953654 41.616644827999)
2010570418,20100013805,05/05/2010,05-May,4-Wednesday,01:00,0100 Hours,District 1 (Central),,,,SCANDIA AVE,Collision with fixed object:  Other fixed object (explain in narrative),Shoulder,Unknown,Ran off road - left,None Indicated,None apparent,Dark - roadway lighted,Unknown,Unknown,None apparent,Non-intersection:  Non-junction/no special feature,Paved,N/A,Property Damage Only,0,0,0,0,0,0,1000,1,1,N/A,POINT (-93.606023034307 41.543005859552)
2010570356,01-10-19966,05/05/2010,05-May,4-Wednesday,07:29,0700 Hours,District 6 (East Central),,,,PENNSYLVANIA AVE,Collision with:  Vehicle in traffic,On Roadway,Broadside (front to side),FTYROW:  From driveway,None Indicated,None apparent,Daylight,Dry,Cloudy,None apparent,Non-intersection:  Driveway access (within),Paved,N/A,Possible/Unknown,0,2,0,0,2,0,5500,2,3,N/A,POINT (-90.741904867125 42.500748593517)
2010570524,10008695,05/06/2010,05-May,5-Thursday,16:13,1600 Hours,District 2 (Northeast),,,,S POLK AVE,Collision with:  Parked motor vehicle,On Roadway,"Sideswipe, same direction",Other (explain in narrative):  Other,None Indicated,None apparent,Daylight,Dry,Clear,None apparent,Non-intersection:  Non-junction/no special feature,Paved,N/A,Property Damage Only,0,0,0,0,0,0,1400,2,1,N/A,POINT (-93.216090473547 43.147470356471)
2010570588,10009328,05/07/2010,05-May,6-Friday,10:01,1000 Hours,District 6 (East Central),,,,10TH AVE,Collision with:  Vehicle in traffic,On Roadway,Rear-end (front to rear),Followed too close,None Indicated,None apparent,Daylight,Wet,Rain,"Surface condition (e.g., wet, icy)",Non-intersection:  Non-junction/no special feature,Paved,N/A,Possible/Unknown,0,1,0,0,1,0,12000,2,3,N/A,POINT (-91.562568853292 42.035903294124)
2010570966,10-14484,05/07/2010,05-May,6-Friday,10:07,1000 Hours,District 3 (Northwest),,,I-29,I-29,Collision with:  Vehicle in traffic,On Roadway,Rear-end (front to rear),Other (explain in narrative):  Other,None Indicated,None apparent,Daylight,Dry,Cloudy,Work Zone (roadway-related),Interchange-related:  On-ramp merge area,Paved,Yes,Property Damage Only,0,0,0,0,0,0,3750,2,2,N/A,POINT (-96.457312211145 42.493657444721)
2010570699,10-14451,05/08/2010,05-May,7-Saturday,08:45,0800 Hours,District 6 (East Central),,,,Co Rd F33/300 ST,Collision with:  Animal,N/A,N/A,Animal,None Indicated,N/A,N/A,N/A,N/A,N/A,N/A,Paved,N/A,Property Damage Only,0,0,0,0,0,0,2000,1,777,N/A,POINT (-90.519428868348 41.74236738428)
2010571095,10-014623,05/09/2010,05-May,1-Sunday,10:48,1000 Hours,District 4 (Southwest),,,,9TH AVE,Collision with:  Vehicle in traffic,On Roadway,"Sideswipe, same direction",FTYROW:  From driveway,None Indicated,None apparent,Daylight,Dry,Cloudy,None apparent,Non-intersection:  Driveway access (within),Paved,N/A,Possible/Unknown,0,1,0,0,1,0,1100,2,3,N/A,POINT (-95.90607840112 41.253670776805)
2010574289,2010028983,05/10/2010,05-May,2-Monday,18:12,1800 Hours,District 1 (Central),,,I-35,I-35,Collision with fixed object:  Guardrail - face,On Roadway,Non-collision (single vehicle),Swerving/Evasive Action,None Indicated,Weather conditions,Daylight,Wet,Rain,"Surface condition (e.g., wet, icy)",Interchange-related:  On-ramp merge area,Paved,N/A,Possible/Unknown,0,1,0,0,1,0,6500,1,1,N/A,POINT (-93.576060958136 41.650850503215)
2010571185,01-10-21178,05/11/2010,05-May,3-Tuesday,15:42,1500 Hours,District 6 (East Central),,,US 20,US 20/DODGE ST & OLD HIGHWAY RD,Collision with:  Vehicle in traffic,On Roadway,Rear-end (front to rear),Lost Control,None Indicated,None apparent,Daylight,Dry,Cloudy,None apparent,Intersection:  T-intersection,Paved,N/A,Possible/Unknown,0,1,0,0,1,0,1750,2,3,N/A,POINT (-90.746925394671 42.486673157367)