Iowa DOT Case Number,Law Enforcement Case Number,Date of Crash,Month of Crash,Day of Week,Time of Crash,Hour,DOT District,City Name,County Name,Route with System,Location Description,First Harmful Event,Location of First Harmful Event,Manner of Crash/Collision,Major Cause,Drug or Alcohol ,Environmental Conditions,Light Conditions,Surface Conditions,Weather Conditions,Roadway Contribution,Roadway Type,Roadway Surface,Work Zone,Crash Severity,Number of Fatalities,Number of Injuries,Number of Major Injuries,Number of Minor Injuries,Number of Possible Injuries,Number of Unknown Injuries,Amount of Property Damage,Number of Vehicles Involved,Total Number of Occupants,Travel Direction,Location
2010571198,2010-23630,05/12/2010,05-May,4-Wednesday,12:19,1200 Hours,District 6 (East Central),,,,W WASHINGTON ST & S MADISON ST & UNIVERSITY OF IOWA,Collision with:  Non-motorist (see non-motorist section - NOT a unit),On Roadway,Non-collision (single vehicle),FTYROW:  From stop sign,None Indicated,None apparent,Daylight,Wet,Rain,None apparent,Intersection:  T-intersection,Paved,N/A,Possible/Unknown,0,1,0,0,1,0,1000,1,1,N/A,POINT (-91.537712393518 41.660140981205)
2010571458,2010029566,05/13/2010,05-May,5-Thursday,12:50,1200 Hours,District 1 (Central),,,US 20,US 20,Collision with:  Vehicle in traffic,On Roadway,"Sideswipe, same direction",Other (explain in narrative):  Other,None Indicated,None apparent,Daylight,Dry,Cloudy,None apparent,Non-intersection:  Non-junction/no special feature,Paved,N/A,Property Damage Only,0,0,0,0,0,0,5000,2,2,N/A,POINT (-93.726679055272 42.449054848767)
2010571596,201006956,05/14/2010,05-May,6-Friday,08:44,0800 Hours,District 6 (East Central),,,,MOUNT VERNON RD SE & FOREST DR SE,Collision with:  Vehicle in traffic,On Roadway,Broadside (front to side),FTYROW:  From stop sign,None Indicated,None apparent,Daylight,Dry,Clear,None apparent,Intersection:  T-intersection,Paved,N/A,Property Damage Only,0,0,0,0,0,0,2000,2,2,N/A,POINT (-91.63314080205 41.976963169517)
2010571636,20100014929,05/14/2010,05-May,6-Friday,17:11,1700 Hours,District 1 (Central),,,US 69,US 69/SE 14TH ST & E ARMY POST RD,Collision with:  Vehicle in traffic,On Roadway,"Sideswipe, same direction",FTYROW:  Other (explain in narrative),None Indicated,None apparent,Daylight,Dry,Cloudy,None apparent,Intersection:  Four-way intersection,Paved,N/A,Property Damage Only,0,0,0,0,0,0,1500,2,3,N/A,POINT (-93.596781446826 41.526282525614)
2010574547,10-15342,05/15/2010,05-May,7-Saturday,14:57,1400 Hours,District 3 (Northwest),,,,43RD ST & VAN BUREN ST,Collision with:  Non-motorist (see non-motorist section - NOT a unit),On Roadway,Non-collision (single vehicle),Other (explain in narrative):  No improper action,None Indicated,None apparent,Daylight,Dry,Cloudy,None apparent,Intersection:  Four-way intersection,Paved,N/A,Major Injury,0,2,1,0,1,0,500,1,2,N/A,POINT (-96.363968760295 42.543604009413)
2010571954,108611,05/15/2010,05-May,7-Saturday,22:42,2200 Hours,District 6 (East Central),,,,IA 461/BRADY ST,Non-collision events:  Other non-collision (explain in narrative),On Roadway,Non-collision (single vehicle),Lost Control,None Indicated,None apparent,Dark - roadway lighted,Dry,Cloudy,None apparent,Non-intersection:  Non-junction/no special feature,Paved,N/A,Property Damage Only,0,0,0,0,0,0,2000,1,1,N/A,POINT (-90.570341641369 41.575714518495)
2010571652,20100015170,05/16/2010,05-May,1-Sunday,11:45,1100 Hours,District 1 (Central),,,,MLK JR PKWY,Collision with:  Parked motor vehicle,On Roadway,"Sideswipe, same direction",Unknown,None Indicated,Unknown,Daylight,Dry,Cloudy,Unknown,Non-intersection:  Non-junction/no special feature,Paved,N/A,Property Damage Only,0,0,0,0,0,0,1500,2,1,N/A,POINT (-93.643851426779 41.601221443589)
2010573129,10-60,05/17/2010,05-May,2-Monday,05:30,0500 Hours,District 2 (Northeast),,,,LARRABEE AVE,Collision with:  Animal,N/A,N/A,Animal,None Indicated,N/A,N/A,N/A,N/A,N/A,N/A,Paved,N/A,Property Damage Only,0,0,0,0,0,0,5000,1,1,N/A,POINT (-92.337155638504 42.899971635856)
2010571843,7699-10,05/18/2010,05-May,3-Tuesday,10:13,1000 Hours,District 3 (Northwest),,,,E PARK ST,Collision with:  Vehicle in traffic,On Roadway,Broadside (front to side),FTYROW:  From driveway,None Indicated,None apparent,Daylight,Dry,Clear,None apparent,Non-intersection:  Driveway access (within),Paved,N/A,Property Damage Only,0,0,0,0,0,0,1500,2,2,N/A,POINT (-95.144126174645 43.137746857936)
2010574284,2010030489,05/19/2010,05-May,4-Wednesday,11:40,1100 Hours,District 1 (Central),,,I-35,I-35,Collision with:  Animal,N/A,N/A,Animal,None Indicated,N/A,N/A,N/A,N/A,N/A,N/A,Paved,N/A,Property Damage Only,0,0,0,0,0,0,3000,1,777,N/A,POINT (-93.570693110886 42.180123020828)
2010572698,01-10-22605,05/19/2010,05-May,4-Wednesday,18:03,1800 Hours,District 6 (East Central),,,,LORAS BLVD & LOCUST ST S,Collision with:  Vehicle in traffic,On Roadway,Broadside (front to side),Ran Traffic Signal,None Indicated,None apparent,Daylight,Dry,Clear,None apparent,Intersection:  Four-way intersection,Paved,N/A,Possible/Unknown,0,1,0,0,1,0,9500,2,7,N/A,POINT (-90.670927001064 42.50544194955)
2010573237,10-001109,05/20/2010,05-May,5-Thursday,08:44,0800 Hours,District 1 (Central),,,,8TH ST SW,Collision with:  Vehicle in traffic,On Roadway,Rear-end (front to rear),Other (explain in narrative):  Other,None Indicated,None apparent,Daylight,Dry,Cloudy,None apparent,Non-intersection:  Non-junction/no special feature,Paved,N/A,Minor Injury,0,3,0,1,2,0,12000,3,3,N/A,POINT (-93.50543014655 41.644130160961)
2010572987,20100015840,05/21/2010,05-May,6-Friday,18:46,1800 Hours,District 1 (Central),,,,SW 3RD ST,Collision with:  Vehicle in traffic,On Roadway,Rear-end (front to rear),Driver Distraction:  Passenger,None Indicated,None apparent,Daylight,Dry,Clear,None apparent,Non-intersection:  Non-junction/no special feature,Paved,N/A,Possible/Unknown,0,1,0,0,1,0,1500,2,3,N/A,POINT (-93.61774625019 41.578026894926)
2010572973,20100015745,05/21/2010,05-May,6-Friday,07:45,0700 Hours,District 1 (Central),,,I-235,I-235,Collision with:  Vehicle in traffic,On Roadway,Rear-end (front to rear),Other (explain in narrative):  Other,None Indicated,None apparent,Daylight,Wet,Rain,"Surface condition (e.g., wet, icy)",Non-intersection:  Non-junction/no special feature,Paved,N/A,Possible/Unknown,0,1,0,0,1,0,3300,2,2,N/A,POINT (-93.615404924869 41.595486503697)
2010573373,10009871,05/22/2010,05-May,7-Saturday,01:14,0100 Hours,District 2 (Northeast),,,,N FEDERAL AVE,Collision with:  Animal,On Roadway,Non-collision (single vehicle),Animal,None Indicated,None apparent,Dark - roadway lighted,Dry,"Fog, smoke, smog",None apparent,Non-intersection:  Non-junction/no special feature,Unpaved,N/A,Minor Injury,0,2,0,2,0,0,1000,1,2,N/A,POINT (-93.20099471293 43.183174989904)
2010572888,10-17821,05/23/2010,05-May,1-Sunday,10:43,1000 Hours,District 5 (Southeast),,,,ANGULAR ST,Collision with:  Vehicle in traffic,On Roadway,"Angle, oncoming left turn",FTYROW:  From parked position,None Indicated,None apparent,Daylight,Dry,Cloudy,None apparent,Non-intersection:  Non-junction/no special feature,Paved,N/A,Property Damage Only,0,0,0,0,0,0,2000,2,4,N/A,POINT (-91.11456441061 40.801514670227)
2010577353,10026552,05/24/2010,05-May,2-Monday,17:25,1700 Hours,District 6 (East Central),,,,1ST AVE,Collision with:  Vehicle in traffic,On Roadway,"Sideswipe, same direction",Other (explain in narrative):  Other,None Indicated,None apparent,Daylight,Dry,Clear,None apparent,Non-intersection:  Non-junction/no special feature,Paved,N/A,Property Damage Only,0,0,0,0,0,0,4000,2,4,N/A,POINT (-91.566006924534 41.677025117224)
2010573911,,05/24/2010,05-May,2-Monday,16:45,1600 Hours,District 1 (Central),,,,FRANCIS AVE & MLK JR PKWY,Collision with:  Vehicle in traffic,On Roadway,Rear-end (front to rear),Unknown,None Indicated,N/A,Daylight,Dry,Clear,N/A,Non-intersection:  Non-junction/no special feature,Paved,N/A,Property Damage Only,0,0,0,0,0,0,4500,2,2,N/A,POINT (-93.646153605159 41.614268990647)
2010573876,10-357,05/25/2010,05-May,3-Tuesday,19:23,1900 Hours,District 5 (Southeast),,,IA 2,IA 2/IOWA 2,Collision with:  Animal,On Roadway,Non-collision (single vehicle),Animal,None Indicated,Animal in roadway,Dusk,Dry,Cloudy,None apparent,Non-intersection:  Non-junction/no special feature,Paved,N/A,Property Damage Only,0,0,0,0,0,0,1000,1,4,N/A,POINT (-93.33557780654 40.757067722009)
2010574188,109331,05/26/2010,05-May,4-Wednesday,17:18,1700 Hours,District 6 (East Central),,,,W 2ND ST & WARREN ST,Collision with:  Vehicle in traffic,On Roadway,Rear-end (front to rear),Followed too close,None Indicated,None apparent,Daylight,Dry,Clear,None apparent,Intersection:  Four-way intersection,Paved,N/A,Property Damage Only,0,0,0,0,0,0,3000,3,3,N/A,POINT (-90.58593312023 41.521302200891)
2010574846,,05/26/2010,05-May,4-Wednesday,11:28,1100 Hours,District 1 (Central),,,US 6,US 6/EUCLID AVE & 8TH ST,Collision with:  Non-motorist (see non-motorist section - NOT a unit),On Roadway,N/A,Other (explain in narrative):  Other,None Indicated,N/A,N/A,N/A,N/A,N/A,N/A,Paved,N/A,Major Injury,0,1,1,0,0,0,300,1,1,N/A,POINT (-93.62733154033 41.62765886298)
2010578625,,05/27/2010,05-May,5-Thursday,14:10,1400 Hours,District 6 (East Central),,,,2ND ST,Collision with:  Parked motor vehicle,On Roadway,"Sideswipe, same direction",Lost Control,None Indicated,None apparent,Daylight,Dry,Clear,None apparent,Non-intersection:  Non-junction/no special feature,Paved,N/A,Property Damage Only,0,0,0,0,0,0,3000,2,2,N/A,POINT (-91.253697223198 41.905449742028)
2010574030,201007784,05/28/2010,05-May,6-Friday,18:55,1800 Hours,District 6 (East Central),,,,MOUNT VERNON RD SE & FOREST DR SE,Collision with:  Vehicle in traffic,On Roadway,Rear-end (front to rear),Made improper turn,Alcohol (Statutory),None apparent,Daylight,Dry,Clear,None apparent,Non-intersection:  Non-junction/no special feature,Paved,N/A,Property Damage Only,0,0,0,0,0,0,1000,2,2,N/A,POINT (-91.63314080205 41.976963169517)
2010578187,10-006875,05/28/2010,05-May,6-Friday,16:00,1600 Hours,District 1 (Central),,,,BLANKENBURG DR,Collision with:  Parked motor vehicle,Outside trafficway,Unknown,Unknown,None Indicated,None apparent,Daylight,Dry,Clear,None apparent,Non-intersection:  Non-junction/no special feature,Paved,N/A,Property Damage Only,0,0,0,0,0,0,2000,2,1,N/A,POINT (-93.647828905874 42.041374530077)
2010574681,8368-10,05/29/2010,05-May,7-Saturday,02:00,0200 Hours,District 3 (Northwest),,,US 18,US 18/HIGHWAY BLVD & HWY BLVD E,Collision with:  Animal,N/A,N/A,Animal,None Indicated,N/A,N/A,N/A,N/A,N/A,N/A,Paved,N/A,Property Damage Only,0,0,0,0,0,0,1500,1,777,N/A,POINT (-95.147606027295 43.166540773888)
2010574012,10-14358,05/29/2010,05-May,7-Saturday,00:30,0000 Hours,District 1 (Central),,,,W 64TH ST N,Collision with:  Animal,N/A,N/A,Animal,None Indicated,N/A,N/A,N/A,N/A,N/A,N/A,Unpaved,N/A,Property Damage Only,0,0,0,0,0,0,2500,1,777,N/A,POINT (-93.144829103337 41.836811606216)
2010574630,2010032686,05/30/2010,05-May,1-Sunday,21:09,2100 Hours,District 5 (Southeast),,,,W WASHINGTON ST & S MARION ST,Collision with:  Vehicle in traffic,On Roadway,Broadside (front to side),Ran Traffic Signal,None Indicated,None apparent,Dark - roadway lighted,Dry,Cloudy,None apparent,Intersection:  Four-way intersection,Paved,N/A,Minor Injury,0,3,0,2,1,0,10000,2,5,N/A,POINT (-91.560216065446 40.966028434014)
2010574776,20100017092,05/31/2010,05-May,2-Monday,23:12,2300 Hours,District 1 (Central),,,,E BROADWAY AVE,Collision with:  Animal,N/A,N/A,Animal,None Indicated,N/A,N/A,N/A,N/A,N/A,N/A,Paved,N/A,Property Damage Only,0,0,0,0,0,0,2000,1,777,N/A,POINT (-93.512695085998 41.644143022744)
2010574433,10-14722,06/01/2010,06-June,3-Tuesday,17:47,1700 Hours,District 1 (Central),,,,Co Rd F27/E 19TH ST N,Collision with:  Vehicle in traffic,On Roadway,Rear-end (front to rear),Followed too close,None Indicated,None apparent,Daylight,Dry,Clear,None apparent,Non-intersection:  Non-junction/no special feature,Paved,N/A,Property Damage Only,0,0,0,0,0,0,7000,2,2,N/A,POINT (-93.02908132089 41.719339647021)
2010575120,2010027006,06/01/2010,06-June,3-Tuesday,02:41,0200 Hours,District 6 (East Central),,,,W BENTON ST,Collision with fixed object:  Utility pole/light support,Roadside,Non-collision (single vehicle),Other (explain in narrative):  Other,None Indicated,None apparent,Dark - roadway lighted,Dry,Clear,None apparent,Non-intersection:  Non-junction/no special feature,Paved,N/A,Property Damage Only,0,0,0,0,0,0,2200,1,1,N/A,POINT (-91.551645922623 41.650436900695)
2010576607,,06/02/2010,06-June,4-Wednesday,11:05,1100 Hours,District 6 (East Central),,,US 67,US 67/GRANT ST & 13TH ST,Collision with fixed object:  Utility pole/light support,On Roadway,Non-collision (single vehicle),Other (explain in narrative):  Other,None Indicated,None apparent,Daylight,Dry,Clear,None apparent,Intersection:  Four-way intersection,Paved,N/A,Property Damage Only,0,0,0,0,0,0,1300,1,1,N/A,POINT (-90.515124204501 41.526196696253)
2010576146,2010033219,06/03/2010,06-June,5-Thursday,03:50,0300 Hours,District 1 (Central),,,I-35,I-35,Collision with fixed object:  Ditch,Shoulder,Non-collision (single vehicle),Swerving/Evasive Action,None Indicated,None apparent,Dark - roadway lighted,Dry,Clear,None apparent,Interchange-related:  On-ramp,Paved,N/A,Property Damage Only,0,0,0,0,0,0,10000,1,1,N/A,POINT (-93.578362347548 41.65304570067)
2010575952,1-10-308,06/03/2010,06-June,5-Thursday,11:00,1100 Hours,District 4 (Southwest),,,,RAILWAY ST,Collision with fixed object:  Ditch,On Roadway,Non-collision (single vehicle),Swerving/Evasive Action,None Indicated,None apparent,Daylight,"Mud, dirt",Cloudy,None apparent,Non-intersection:  Non-junction/no special feature,Unpaved,N/A,Property Damage Only,0,0,0,0,0,0,3000,1,1,N/A,POINT (-95.335193760842 41.830037450884)
2010577014,,06/04/2010,06-June,6-Friday,12:50,1200 Hours,District 6 (East Central),,,,E PRENTISS ST & MAIDEN LN,Collision with:  Vehicle in traffic,On Roadway,Rear-end (front to rear),FTYROW:  From driveway,None Indicated,None apparent,Daylight,Dry,Clear,None apparent,Non-intersection:  Driveway access (within),Paved,N/A,Property Damage Only,0,0,0,0,0,0,3500,2,2,N/A,POINT (-91.530733163919 41.65437764094)
2010575579,10-17962,06/05/2010,06-June,7-Saturday,18:53,1800 Hours,District 3 (Northwest),,,,LEECH AVE & S PROSPECT ST,Collision with:  Vehicle in traffic,On Roadway,"Sideswipe, same direction",Made improper turn,None Indicated,None apparent,Daylight,Dry,Clear,None apparent,Non-intersection:  Non-junction/no special feature,Paved,N/A,Major Injury,0,2,1,0,1,0,2500,3,3,N/A,POINT (-96.384364286958 42.487706288206)
2010618469,32-079-10,06/05/2010,06-June,7-Saturday,09:51,0900 Hours,District 3 (Northwest),,,IA 9,IA 9/W CENTRAL AVE,Collision with fixed object:  Utility pole/light support,On Roadway,Non-collision (single vehicle),Other (explain in narrative):  Other,None Indicated,None apparent,Daylight,Dry,Cloudy,None apparent,Non-intersection:  Non-junction/no special feature,Paved,N/A,Property Damage Only,0,0,0,0,0,0,2575,1,1,N/A,POINT (-94.847337693899 43.402242339992)
2010575433,20100017740,06/06/2010,06-June,1-Sunday,17:37,1700 Hours,District 1 (Central),,,,19TH ST,Collision with fixed object:  Utility pole/light support,Shoulder,Non-collision (single vehicle),Ran off road - right,None Indicated,None apparent,Daylight,Dry,Cloudy,None apparent,Non-intersection:  Non-junction/no special feature,Paved,N/A,Major Injury,0,1,1,0,0,0,10800,1,1,N/A,POINT (-93.642791960942 41.608126903882)
2010575861,01-10-26178,06/07/2010,06-June,2-Monday,15:26,1500 Hours,District 6 (East Central),,,US 52,US 52/WHITE ST,Collision with:  Vehicle in traffic,On Roadway,Rear-end (front to rear),Followed too close,None Indicated,None apparent,Daylight,Dry,Clear,None apparent,Non-intersection:  Non-junction/no special feature,Paved,N/A,Property Damage Only,0,0,0,0,0,0,3000,2,2,N/A,POINT (-90.668898279378 42.510578675155)
2010575465,10-18224,06/07/2010,06-June,2-Monday,21:08,2100 Hours,District 6 (East Central),,,,Co Rd F45/240 ST,Collision with:  Animal,N/A,N/A,Animal,None Indicated,N/A,N/A,N/A,N/A,N/A,N/A,Paved,N/A,Property Damage Only,0,0,0,0,0,0,2000,1,777,N/A,POINT (-90.481038820482 41.655433102025)
2010576253,2010-029259N,06/08/2010,06-June,3-Tuesday,15:05,1500 Hours,District 6 (East Central),,,,ZELLER ST & FRONT ST,Collision with:  Vehicle in traffic,On Roadway,Broadside (front to side),FTYROW:  From stop sign,None Indicated,None apparent,Daylight,Dry,Cloudy,None apparent,Intersection:  Four-way intersection,Paved,N/A,Property Damage Only,0,0,0,0,0,0,8000,2,2,N/A,POINT (-91.597993599034 41.744772744297)
2010576361,10S-034,06/09/2010,06-June,4-Wednesday,06:30,0600 Hours,District 4 (Southwest),,,,GREEN VALLEY RD,Non-collision events:  Overturn/rollover,Roadside,Non-collision (single vehicle),Swerving/Evasive Action,None Indicated,Animal in roadway,Dawn,Dry,Clear,None apparent,Non-intersection:  Non-junction/no special feature,Unpaved,N/A,Possible/Unknown,0,1,0,0,1,0,5000,1,1,N/A,POINT (-94.376105398425 41.150745197527)
2010577580,10059989,06/10/2010,06-June,5-Thursday,15:04,1500 Hours,District 2 (Northeast),,,,W 12TH ST,Collision with:  Vehicle in traffic,On Roadway,Rear-end (front to rear),Other (explain in narrative):  Other,None Indicated,None apparent,Daylight,Wet,Cloudy,None apparent,Non-intersection:  Non-junction/no special feature,Paved,N/A,Property Damage Only,0,0,0,0,0,0,4500,3,5,N/A,POINT (-92.479057256764 42.527706017513)
2010576186,10008532,06/10/2010,06-June,5-Thursday,22:16,2200 Hours,District 5 (Southeast),,,,528TH ST,Collision with fixed object:  Other fixed object (explain in narrative),On Roadway,Non-collision (single vehicle),Other (explain in narrative):  No improper action,None Indicated,None apparent,Dark - roadway not lighted,"Mud, dirt",Cloudy,"Surface condition (e.g., wet, icy)",Non-intersection:  Non-junction/no special feature,Unpaved,N/A,Property Damage Only,0,0,0,0,0,0,2500,1,1,N/A,POINT (-92.791233404107 40.711233496379)
2010578685,9158-10,06/11/2010,06-June,6-Friday,10:15,1000 Hours,District 3 (Northwest),,,,W 13TH ST & 13TH AVE W,Collision with:  Vehicle in traffic,On Roadway,Broadside (front to side),FTYROW:  At uncontrolled intersection,None Indicated,None apparent,Daylight,Dry,Cloudy,None apparent,Intersection:  Four-way intersection,Paved,N/A,Property Damage Only,0,0,0,0,0,0,1600,2,4,N/A,POINT (-95.163126729399 43.151102826879)
2010576350,10-019286,06/12/2010,06-June,7-Saturday,12:35,1200 Hours,District 4 (Southwest),,,,32ND AVE & S EXPRESSWAY,Collision with:  Vehicle in traffic,On Roadway,Rear-end (front to rear),Followed too close,None Indicated,None apparent,Daylight,Dry,Clear,None apparent,Non-intersection:  Non-junction/no special feature,Paved,N/A,Property Damage Only,0,0,0,0,0,0,2200,2,4,N/A,POINT (-95.851338015663 41.228210536209)
2010576530,10-18810,06/12/2010,06-June,7-Saturday,11:02,1100 Hours,District 6 (East Central),,,,W KIMBERLY RD & BUFFALO RD,Collision with:  Vehicle in traffic,On Roadway,Broadside (front to side),FTYROW:  From stop sign,None Indicated,None apparent,Daylight,Dry,Cloudy,None apparent,Intersection:  Four-way intersection,Paved,N/A,Minor Injury,0,1,0,1,0,0,2002,2,3,N/A,POINT (-90.685809600088 41.596182776729)
2010579483,201001481,06/13/2010,06-June,1-Sunday,19:17,1900 Hours,District 1 (Central),,,US 30,US 30/220TH ST,Collision with:  Vehicle in traffic,On Roadway,Broadside (front to side),FTYROW:  From yield sign,None Indicated,None apparent,Daylight,Dry,Clear,None apparent,Intersection:  Four-way intersection,Paved,N/A,Property Damage Only,0,0,0,0,0,0,6000,2,6,N/A,POINT (-93.796876725122 42.032564760774)
2010579182,2010035576,06/14/2010,06-June,2-Monday,22:30,2200 Hours,District 4 (Southwest),,,I-80,I-80,Collision with:  Animal,N/A,N/A,Animal,None Indicated,N/A,N/A,N/A,N/A,N/A,N/A,Paved,N/A,Property Damage Only,0,0,0,0,0,0,2500,1,1,N/A,POINT (-95.72396282432 41.343228776942)
2010577250,,06/15/2010,06-June,3-Tuesday,13:58,1300 Hours,District 5 (Southeast),,,,LEWIS AVE,Collision with:  Vehicle in traffic,On Roadway,Rear-end (front to rear),Improper Backing,None Indicated,None apparent,Daylight,Dry,Clear,None apparent,Non-intersection:  Non-junction/no special feature,Paved,N/A,Property Damage Only,0,0,0,0,0,0,1150,2,3,N/A,POINT (-93.677694677818 41.469465986598)
2010581042,,06/15/2010,06-June,3-Tuesday,16:05,1600 Hours,District 2 (Northeast),,,IA 3,IA 3/IOWA 3/CENTRAL AVE W & Co Rd S43/OLIVE AVE,Collision with:  Vehicle in traffic,On Roadway,Broadside (front to side),FTYROW:  From stop sign,None Indicated,None apparent,Daylight,Dry,Cloudy,None apparent,Intersection:  Other intersection (explain in narrative),Paved,N/A,Minor Injury,0,1,0,1,0,0,8000,2,3,N/A,POINT (-93.221957854658 42.741767071228)
2010578520,2010035940,06/16/2010,06-June,4-Wednesday,21:49,2100 Hours,District 6 (East Central),,,,BAKER AVE,Collision with:  Vehicle in traffic,On Roadway,Rear-end (front to rear),FTYROW:  Making left turn,None Indicated,None apparent,Dark - roadway lighted,Dry,Clear,None apparent,Intersection:  Other intersection (explain in narrative),Paved,N/A,Property Damage Only,0,0,0,0,0,0,2500,2,3,N/A,POINT (-91.346712132324 41.661442687103)
2010611427,2010-0927,06/17/2010,06-June,5-Thursday,08:42,0800 Hours,District 5 (Southeast),,,IA 92,IA 92/IOWA 92 & 180TH AVE,Collision with:  Vehicle in traffic,On Roadway,Broadside (front to side),FTYROW:  From stop sign,None Indicated,None apparent,Daylight,Dry,Cloudy,None apparent,Intersection:  Four-way intersection,Paved,N/A,Possible/Unknown,0,2,0,0,0,2,6000,2,2,N/A,POINT (-93.462062324342 41.368442787335)
2010577431,20100019136,06/18/2010,06-June,6-Friday,15:02,1500 Hours,District 1 (Central),,,,2ND AVE,Collision with:  Non-motorist (see non-motorist section - NOT a unit),On Roadway,Non-collision (single vehicle),Other (explain in narrative):  Vision obstructed,None Indicated,Visual obstruction,Daylight,Dry,Clear,None apparent,Non-intersection:  Alley,Paved,N/A,Possible/Unknown,0,1,0,0,1,0,500,1,2,N/A,POINT (-93.618975656101 41.584919846086)
2010577321,102262,06/18/2010,06-June,6-Friday,13:58,1300 Hours,District 3 (Northwest),,,US 30,US 30/4TH AVE S & S 11TH ST,Collision with:  Vehicle in traffic,On Roadway,"Angle, oncoming left turn",Unknown,None Indicated,None apparent,Daylight,Dry,Clear,None apparent,Intersection:  Four-way intersection,Paved,N/A,Property Damage Only,0,0,0,0,0,0,1200,2,3,N/A,POINT (-95.358351543043 42.012394076403)
2010580508,HR1010921,06/19/2010,06-June,7-Saturday,05:30,0500 Hours,District 6 (East Central),,,,E RUSHOLME ST,Collision with:  Parked motor vehicle,On Roadway,"Sideswipe, same direction",Lost Control,None Indicated,None apparent,Dawn,Wet,Clear,None apparent,Non-intersection:  Non-junction/no special feature,Paved,N/A,Property Damage Only,0,0,0,0,0,0,6000,2,1,N/A,POINT (-90.558458120226 41.542850585526)
2010579383,2010036795,06/20/2010,06-June,1-Sunday,20:20,2000 Hours,District 2 (Northeast),,,US 18,US 18,Collision with:  Animal,On Roadway,Non-collision (single vehicle),Animal,None Indicated,None apparent,Dark - roadway not lighted,Dry,Clear,None apparent,Non-intersection:  Non-junction/no special feature,Paved,N/A,Minor Injury,0,1,0,1,0,0,1500,1,1,N/A,POINT (-93.236244595157 43.105287653039)
2010579228,,06/21/2010,06-June,2-Monday,10:34,1000 Hours,District 6 (East Central),,,I-380,I-380,Collision with:  Vehicle in traffic,On Roadway,"Sideswipe, same direction",Unknown,None Indicated,Unknown,Daylight,Dry,Cloudy,Unknown,Interchange-related:  On-ramp,Paved,N/A,Property Damage Only,0,0,0,0,0,0,3200,2,2,N/A,POINT (-91.673439448298 41.970717166325)
2010579494,201001560,06/21/2010,06-June,2-Monday,21:33,2100 Hours,District 1 (Central),,,IA 210,IA 210/330TH ST,Collision with:  Animal,On Roadway,Non-collision (single vehicle),Animal,None Indicated,Animal in roadway,N/A,N/A,N/A,N/A,N/A,Paved,N/A,Property Damage Only,0,0,0,0,0,0,1800,1,1,N/A,POINT (-93.790807985091 41.878016674384)
2010579396,,06/22/2010,06-June,3-Tuesday,17:38,1700 Hours,District 3 (Northwest),,,IA 7,IA 7/W MILWAUKEE AVE & LAKE AVE,Collision with:  Vehicle in traffic,On Roadway,"Angle, oncoming left turn",Unknown,None Indicated,None apparent,Daylight,Dry,Clear,None apparent,Intersection:  Four-way intersection,Paved,N/A,Property Damage Only,0,0,0,0,0,0,7600,2,2,N/A,POINT (-95.200819679238 42.647477236005)
2010577977,20100019701,06/23/2010,06-June,4-Wednesday,10:57,1000 Hours,District 1 (Central),,,,WATROUS AVE,Collision with:  Vehicle in traffic,On Roadway,Rear-end (front to rear),Followed too close,None Indicated,None apparent,Daylight,Dry,Cloudy,None apparent,Intersection:  Four-way intersection,Paved,N/A,Property Damage Only,0,0,0,0,0,0,2000,2,2,N/A,POINT (-93.625519795315 41.548215773577)
2010578422,10-1681,06/24/2010,06-June,5-Thursday,23:05,2300 Hours,District 1 (Central),,,I-35,I-35 & IA 28/MERLE HAY RD,Collision with:  Vehicle in traffic,On Roadway,"Angle, oncoming left turn",FTYROW:  Making left turn,None Indicated,None apparent,Dark - roadway lighted,Dry,Clear,None apparent,Intersection:  Four-way intersection,Paved,N/A,Major Injury,0,1,1,0,0,0,2500,2,2,N/A,POINT (-93.697671017983 41.651293575922)
2010581957,HR10-11289,06/24/2010,06-June,5-Thursday,15:22,1500 Hours,District 6 (East Central),,,,W LOCUST ST,Collision with:  Vehicle in traffic,On Roadway,Rear-end (front to rear),Followed too close,None Indicated,None apparent,Daylight,Dry,Clear,None apparent,Non-intersection:  Non-junction/no special feature,Paved,N/A,Property Damage Only,0,0,0,0,0,0,2500,2,2,N/A,POINT (-90.597241639529 41.538255104514)
2010579557,10-003010,06/25/2010,06-June,6-Friday,08:15,0800 Hours,District 1 (Central),,,,NE 18TH ST & NE DELAWARE AVE,Collision with fixed object:  Other fixed object (explain in narrative),On Roadway,Non-collision (single vehicle),Other (explain in narrative):  No improper action,None Indicated,None apparent,Daylight,Dry,Clear,None apparent,Intersection:  Four-way intersection,Paved,N/A,Property Damage Only,0,0,0,0,0,0,3000,1,1,N/A,POINT (-93.581039238925 41.746363626329)
2010578731,10-853,06/26/2010,06-June,7-Saturday,13:28,1300 Hours,District 1 (Central),,,I-35,I-35,Collision with:  Vehicle in traffic,On Roadway,Rear-end (front to rear),Other (explain in narrative):  Other,None Indicated,None apparent,Daylight,Dry,Clear,None apparent,Non-intersection:  Non-junction/no special feature,Paved,N/A,Property Damage Only,0,0,0,0,0,0,5000,2,7,N/A,POINT (-93.776864554821 41.609667956783)
2010582381,103081,06/26/2010,06-June,7-Saturday,10:22,1000 Hours,District 1 (Central),,,,PROGRESS RD,Collision with:  Non-motorist (see non-motorist section - NOT a unit),On Roadway,Non-collision (single vehicle),Other (explain in narrative):  Other,None Indicated,None apparent,Daylight,Dry,Cloudy,None apparent,Non-intersection:  Non-junction/no special feature,Paved,N/A,Major Injury,0,1,1,0,0,0,0,1,0,N/A,POINT (-93.265665476233 42.510669521234)