Iowa DOT Case Number,Law Enforcement Case Number,Date of Crash,Month of Crash,Day of Week,Time of Crash,Hour,DOT District,City Name,County Name,Route with System,Location Description,First Harmful Event,Location of First Harmful Event,Manner of Crash/Collision,Major Cause,Drug or Alcohol ,Environmental Conditions,Light Conditions,Surface Conditions,Weather Conditions,Roadway Contribution,Roadway Type,Roadway Surface,Work Zone,Crash Severity,Number of Fatalities,Number of Injuries,Number of Major Injuries,Number of Minor Injuries,Number of Possible Injuries,Number of Unknown Injuries,Amount of Property Damage,Number of Vehicles Involved,Total Number of Occupants,Travel Direction,Location
2010580688,2010037996,06/27/2010,06-June,1-Sunday,10:38,1000 Hours,District 4 (Southwest),,,,Co Rd L45/RAINS AVE,Collision with:  Vehicle in traffic,On Roadway,Rear-end (front to rear),FTYROW:  From driveway,None Indicated,Visual obstruction,Daylight,"Mud, dirt",Cloudy,None apparent,Non-intersection:  Driveway access (within),Unpaved,N/A,Possible/Unknown,0,1,0,0,1,0,3500,2,3,N/A,POINT (-95.709564146167 40.915941592419)
2010579159,201000028029,06/28/2010,06-June,2-Monday,11:48,1100 Hours,District 5 (Southeast),,,,N QUINCY AVE,Collision with:  Parked motor vehicle,On Roadway,Rear-end (front to rear),Swerving/Evasive Action,None Indicated,None apparent,Daylight,Dry,Clear,None apparent,Non-intersection:  Non-junction/no special feature,Paved,N/A,Property Damage Only,0,0,0,0,0,0,3100,2,1,N/A,POINT (-92.438460127858 41.00626163528)
2010580041,,06/28/2010,06-June,2-Monday,17:01,1700 Hours,District 6 (East Central),,,US 67,US 67/STATE ST,Collision with:  Vehicle in traffic,On Roadway,Rear-end (front to rear),Followed too close,None Indicated,None apparent,Daylight,Dry,Clear,None apparent,Intersection:  Four-way intersection,Paved,N/A,Property Damage Only,0,0,0,0,0,0,1600,2,2,N/A,POINT (-90.481058172799 41.529417913907)
2010578693,2010-2432,06/29/2010,06-June,3-Tuesday,13:20,1300 Hours,District 4 (Southwest),,,US 6,US 6/HICKMAN AVE & ALICES RD,Collision with:  Vehicle in traffic,On Roadway,Rear-end (front to rear),Followed too close,None Indicated,None apparent,Daylight,Dry,Clear,None apparent,Intersection:  Four-way intersection,Paved,N/A,Property Damage Only,0,0,0,0,0,0,2900,3,4,N/A,POINT (-93.852928397974 41.615001433887)
2010579570,20100020678,06/30/2010,06-June,4-Wednesday,18:00,1800 Hours,District 1 (Central),,,,PARK AVE,Collision with:  Vehicle in traffic,On Roadway,"Sideswipe, same direction",Swerving/Evasive Action,None Indicated,None apparent,Daylight,Dry,Clear,None apparent,Non-intersection:  Non-junction/no special feature,Paved,N/A,Property Damage Only,0,0,0,0,0,0,3500,2,2,N/A,POINT (-93.675942929777 41.555541591821)
2010581033,,06/30/2010,06-June,4-Wednesday,05:30,0500 Hours,District 4 (Southwest),,,,Co Rd H12/BARRUS RD,Collision with:  Animal,On Roadway,Non-collision (single vehicle),Animal,None Indicated,N/A,Dawn,Dry,Clear,N/A,Non-intersection:  Non-junction/no special feature,Paved,N/A,Property Damage Only,0,0,0,0,0,0,1000,1,1,N/A,POINT (-95.763368383187 41.130726502409)
2010580056,10-005951,07/01/2010,07-July,5-Thursday,20:20,2000 Hours,District 2 (Northeast),,,IA 13,IA 13/IOWA 13,Collision with:  Animal,N/A,N/A,Animal,None Indicated,N/A,N/A,N/A,N/A,N/A,N/A,Paved,N/A,Property Damage Only,0,0,0,0,0,0,2500,1,777,N/A,POINT (-91.427431016712 42.799381261846)
2010580160,10-21398,07/02/2010,07-July,6-Friday,18:42,1800 Hours,District 6 (East Central),,,I-80,I-80,Collision with:  Vehicle in traffic,On Roadway,Rear-end (front to rear),Followed too close,None Indicated,None apparent,Daylight,Dry,Clear,None apparent,Non-intersection:  Non-junction/no special feature,Paved,N/A,Minor Injury,0,1,0,1,0,0,7000,3,4,N/A,POINT (-90.410973539915 41.597721848547)
2010580794,10-060703-01,07/03/2010,07-July,7-Saturday,23:00,2300 Hours,District 6 (East Central),,,,152ND ST,Collision with fixed object:  Ditch,On Roadway,Non-collision (single vehicle),Ran off road - left,None Indicated,None apparent,Dark - roadway not lighted,"Mud, dirt",Clear,None apparent,Non-intersection:  Non-junction/no special feature,Unpaved,N/A,Property Damage Only,0,0,0,0,0,0,6500,1,2,N/A,POINT (-92.162132661699 41.786434836929)
2010579942,10-3298,07/03/2010,07-July,7-Saturday,19:55,1900 Hours,District 4 (Southwest),,,I-80,I-80,Collision with:  Vehicle in traffic,On Roadway,Head-on (front to front),Lost Control,None Indicated,None apparent,Dusk,Dry,Clear,None apparent,Non-intersection:  Non-junction/no special feature,Paved,N/A,Minor Injury,0,1,0,1,0,0,8500,2,4,N/A,POINT (-93.803278170973 41.592111556491)
2010580717,,07/04/2010,07-July,1-Sunday,16:52,1600 Hours,District 1 (Central),,,,E TIFFIN AVE & E 38TH ST,Collision with:  Vehicle in traffic,On Roadway,"Sideswipe, same direction",Traveling wrong way or on wrong side of road,None Indicated,None apparent,Daylight,Wet,Rain,None apparent,Non-intersection:  Non-junction/no special feature,Paved,N/A,Property Damage Only,0,0,0,0,0,0,4934,2,2,N/A,POINT (-93.541868405395 41.624778837798)
2010579926,20100021163,07/05/2010,07-July,2-Monday,01:02,0100 Hours,District 1 (Central),,,,E TITUS AVE,Collision with:  Parked motor vehicle,On Roadway,Rear-end (front to rear),Lost Control,None Indicated,None apparent,Dark - roadway lighted,Wet,Rain,None apparent,Non-intersection:  Non-junction/no special feature,Paved,N/A,Possible/Unknown,0,1,0,0,1,0,5000,2,1,N/A,POINT (-93.60758101819 41.539097465358)
2010579821,201010024,07/06/2010,07-July,3-Tuesday,10:48,1000 Hours,District 6 (East Central),,,I-380,I-380 & IA 922/1ST AVE/1ST AVE W & 3RD ST SW & 3RD ST NW,Collision with:  Vehicle in traffic,On Roadway,"Angle, oncoming left turn",FTYROW:  Making left turn,None Indicated,None apparent,Daylight,Dry,Cloudy,None apparent,Intersection:  Four-way intersection,Paved,N/A,Possible/Unknown,0,1,0,0,1,0,6000,2,2,N/A,POINT (-91.675702708426 41.975651815987)
2010580306,10-3357,07/07/2010,07-July,4-Wednesday,17:35,1700 Hours,District 4 (Southwest),,,,JORDAN CREEK PKWY,Collision with:  Vehicle in traffic,On Roadway,Rear-end (front to rear),Followed too close,None Indicated,None apparent,Daylight,Dry,Cloudy,None apparent,Non-intersection:  Non-junction/no special feature,Paved,N/A,Minor Injury,0,1,0,1,0,0,1900,2,2,N/A,POINT (-93.80889505918 41.599935454923)
2010611576,2010-1056,07/07/2010,07-July,4-Wednesday,01:00,0100 Hours,District 5 (Southeast),,,US 69,US 69,Collision with:  Animal,N/A,N/A,Animal,None Indicated,N/A,N/A,N/A,N/A,N/A,N/A,Paved,N/A,Property Damage Only,0,0,0,0,0,0,1800,1,777,N/A,POINT (-93.593019841697 41.195947877669)
2010580413,10-005536,07/08/2010,07-July,5-Thursday,11:00,1100 Hours,District 5 (Southeast),,,IA 27,IA 27/IOWA 27 & Co Rd W62/ARGYLE RD,Collision with:  Vehicle in traffic,On Roadway,Rear-end (front to rear),FTYROW:  Making left turn,None Indicated,None apparent,Daylight,Dry,Clear,None apparent,Intersection:  Four-way intersection,Paved,N/A,Property Damage Only,0,0,0,0,0,0,11000,2,3,N/A,POINT (-91.565185416869 40.514057816963)
2010581165,10-22339,07/09/2010,07-July,6-Friday,15:51,1500 Hours,District 3 (Northwest),,,,W 18TH ST & HAMILTON BLVD,Collision with:  Vehicle in traffic,On Roadway,"Angle, oncoming left turn",FTYROW:  Making left turn,None Indicated,None apparent,Daylight,Dry,Clear,None apparent,Intersection:  Four-way intersection,Paved,N/A,Property Damage Only,0,0,0,0,0,0,6200,2,2,N/A,POINT (-96.416733360889 42.509490058824)
2010580774,CL10002719,07/10/2010,07-July,7-Saturday,11:53,1100 Hours,District 6 (East Central),,,US 30,US 30/CAMANCHE AVE,Collision with fixed object:  Utility pole/light support,On Roadway,Non-collision (single vehicle),Ran off road - left,None Indicated,None apparent,Daylight,Dry,Clear,None apparent,Non-intersection:  Non-junction/no special feature,Paved,N/A,Property Damage Only,0,0,0,0,0,0,9500,1,1,N/A,POINT (-90.204579505827 41.827947718752)
2010581344,02-10-9756,07/11/2010,07-July,1-Sunday,21:10,2100 Hours,District 6 (East Central),,,,ASBURY RD,Collision with:  Animal,N/A,N/A,Animal,None Indicated,N/A,N/A,N/A,N/A,N/A,N/A,Paved,N/A,Property Damage Only,0,0,0,0,0,0,4000,1,777,N/A,POINT (-90.793664296282 42.514202506259)
2010581145,10-001589,07/12/2010,07-July,2-Monday,13:00,1300 Hours,District 1 (Central),,,US 6,US 6/HUBBELL AVE/NE RAMP/SPEC CASE/FREDERICK M HUBBELL AVE,Collision with:  Vehicle in traffic,On Roadway,Broadside (front to side),Ran Traffic Signal,None Indicated,None apparent,Daylight,Dry,Cloudy,None apparent,Intersection:  Four-way intersection,Paved,N/A,Property Damage Only,0,0,0,0,0,0,7000,2,2,N/A,POINT (-93.511897504085 41.648055694367)
2010581215,SO1002563,07/13/2010,07-July,3-Tuesday,15:10,1500 Hours,District 5 (Southeast),,,,Co Rd H43/LIBERTYVILLE RD,Collision with fixed object:  Tree,On Roadway,Non-collision (single vehicle),Improper Backing,None Indicated,None apparent,Daylight,Dry,Clear,None apparent,Non-intersection:  Non-junction/no special feature,Paved,N/A,Possible/Unknown,0,1,0,0,1,0,2000,1,1,N/A,POINT (-91.986347120411 40.984777939329)
2010582300,1012673,07/14/2010,07-July,4-Wednesday,20:40,2000 Hours,District 6 (East Central),,,,N DIVISION ST,Collision with:  Vehicle in traffic,On Roadway,Rear-end (front to rear),Followed too close,None Indicated,None apparent,Dark - roadway lighted,Dry,Clear,None apparent,Non-intersection:  Non-junction/no special feature,Paved,N/A,Property Damage Only,0,0,0,0,0,0,4500,2,5,N/A,POINT (-90.601113501046 41.537606463803)
2010582065,J10032175,07/14/2010,07-July,4-Wednesday,19:22,1900 Hours,District 6 (East Central),,,I-80,I-80,Collision with:  Vehicle in traffic,On Roadway,"Sideswipe, same direction",Swerving/Evasive Action,None Indicated,None apparent,Daylight,Dry,Clear,None apparent,Non-intersection:  Non-junction/no special feature,Paved,N/A,Property Damage Only,0,0,0,0,0,0,22000,2,2,N/A,POINT (-91.425687648582 41.667640651572)
2010582175,,07/15/2010,07-July,5-Thursday,01:15,0100 Hours,District 3 (Northwest),,,,VESTAL ST,N/A,On Roadway,Non-collision (single vehicle),Over correcting/over steering,None Indicated,None apparent,N/A,Dry,N/A,None apparent,Non-intersection:  Non-junction/no special feature,Paved,N/A,Property Damage Only,0,0,0,0,0,0,10500,1,2,N/A,POINT (-95.210637474866 42.646045411125)
2010581879,20100022532,07/16/2010,07-July,6-Friday,08:50,0800 Hours,District 1 (Central),,,US 6,US 6/DOUGLAS AVE & BEAVER AVE,Collision with:  Vehicle in traffic,On Roadway,"Sideswipe, same direction",Unknown,None Indicated,Unknown,Daylight,Dry,Clear,Unknown,Non-intersection:  Non-junction/no special feature,Paved,N/A,Property Damage Only,0,0,0,0,0,0,1500,2,3,N/A,POINT (-93.678047310068 41.629478582602)
2010585316,10-002164,07/17/2010,07-July,7-Saturday,09:13,0900 Hours,District 3 (Northwest),,,US 75,US 75,Non-collision events:  Other non-collision (explain in narrative),On Roadway,Non-collision (single vehicle),"Operating vehicle in an reckless, erratic, careless, negligent manner",None Indicated,None apparent,Daylight,Dry,Clear,None apparent,Non-intersection:  Non-junction/no special feature,Paved,N/A,Minor Injury,0,1,0,1,0,0,0,1,2,N/A,POINT (-96.175616829128 43.372468030891)
2010584296,2010071802,07/18/2010,07-July,1-Sunday,04:00,0400 Hours,District 4 (Southwest),,,,ANNA CROSE HWY & S CENTER ST,Collision with:  Vehicle in traffic,On Roadway,Broadside (front to side),Ran Stop Sign,None Indicated,None apparent,Dark - roadway lighted,Dry,Cloudy,None apparent,Intersection:  Four-way intersection,Paved,N/A,Property Damage Only,0,0,0,0,0,0,1500,2,2,N/A,POINT (-95.366031408302 40.752447664179)
2010581914,10-024383,07/19/2010,07-July,2-Monday,03:00,0300 Hours,District 4 (Southwest),,,I-29,I-29,Collision with fixed object:  Bridge overhead structure,On Roadway,Non-collision (single vehicle),Lost Control,Alcohol (Statutory),None apparent,Dark - roadway lighted,Dry,Cloudy,None apparent,Interchange-related:  On-ramp,Paved,N/A,Property Damage Only,0,0,0,0,0,0,3100,1,1,N/A,POINT (-95.908222060046 41.260290277935)
2010582092,201010884,07/20/2010,07-July,3-Tuesday,01:53,0100 Hours,District 6 (East Central),,,,32ND ST DR SE & SIDNEY ST SE,Collision with fixed object:  Tree,On Roadway,Non-collision (single vehicle),Exceeded authorized speed,None Indicated,None apparent,Dark - roadway lighted,Dry,Cloudy,None apparent,Intersection:  T-intersection,Paved,N/A,Minor Injury,0,3,0,3,0,0,8000,1,6,N/A,POINT (-91.628394372864 42.009707869492)
2010582434,10-0872,07/20/2010,07-July,3-Tuesday,12:28,1200 Hours,District 1 (Central),,,IA 163,IA 163,Collision with:  Vehicle in traffic,On Roadway,Broadside (front to side),FTYROW:  From driveway,None Indicated,None apparent,Daylight,Dry,Cloudy,None apparent,Non-intersection:  Driveway access (within),Paved,N/A,Property Damage Only,0,0,0,0,0,0,6500,2,4,N/A,POINT (-93.514463568553 41.599252146403)
2010582428,10-1936,07/21/2010,07-July,4-Wednesday,17:16,1700 Hours,District 1 (Central),,,US 6,US 6/HICKMAN RD,Collision with:  Vehicle in traffic,On Roadway,Rear-end (front to rear),FTYROW:  Other (explain in narrative),None Indicated,None apparent,Daylight,Dry,Clear,None apparent,Non-intersection:  Non-junction/no special feature,Paved,N/A,Property Damage Only,0,0,0,0,0,0,5500,3,5,N/A,POINT (-93.738711164681 41.61488241761)
2010582949,1013195,07/22/2010,07-July,5-Thursday,16:08,1600 Hours,District 6 (East Central),,,,E 53RD ST & TREMONT AVE,Collision with:  Vehicle in traffic,On Roadway,Broadside (front to side),FTYROW:  Making left turn,None Indicated,None apparent,Daylight,Dry,Clear,None apparent,Intersection:  Four-way intersection,Paved,N/A,Minor Injury,0,1,0,1,0,0,6000,2,2,N/A,POINT (-90.560822513677 41.574648245362)
2010583202,10-24155,07/23/2010,07-July,6-Friday,18:07,1800 Hours,District 3 (Northwest),,,I-29,I-29 & HAMILTON BLVD,Collision with:  Vehicle in traffic,On Roadway,Broadside (front to side),FTYROW:  Making left turn,None Indicated,None apparent,Daylight,Dry,Clear,None apparent,Non-intersection:  Crossover-related,Paved,N/A,Possible/Unknown,0,1,0,0,1,0,5500,2,4,N/A,POINT (-96.424408181389 42.492476408788)
2010584335,2010043349,07/23/2010,07-July,6-Friday,04:22,0400 Hours,District 1 (Central),,,I-80,I-80,Collision with fixed object:  Guardrail - face,Shoulder,Head-on (front to front),Crossed centerline (undivided),None Indicated,Weather conditions,Dark - roadway not lighted,Wet,Rain,None apparent,Non-intersection:  Other non-intersection (explain in narrative),Paved,N/A,Major Injury,0,2,2,0,0,0,43000,2,3,N/A,POINT (-92.720973784751 41.695883308339)
2010584474,0724181510,07/24/2010,07-July,7-Saturday,18:15,1800 Hours,District 5 (Southeast),,,IA 92,IA 92/W MADISON ST,Collision with:  Vehicle in traffic,On Roadway,"Angle, oncoming left turn",FTYROW:  Making left turn,None Indicated,None apparent,Daylight,Dry,Clear,None apparent,Intersection:  T-intersection,Paved,N/A,Property Damage Only,0,0,0,0,0,0,12000,2,4,N/A,POINT (-91.707698876187 41.296620986418)
2010585877,2010043768,07/25/2010,07-July,1-Sunday,13:15,1300 Hours,District 4 (Southwest),,,I-29,I-29,Non-collision events:  Other non-collision (explain in narrative),On Roadway,Non-collision (single vehicle),Ran off road - right,None Indicated,None apparent,Daylight,Dry,Clear,None apparent,Non-intersection:  Non-junction/no special feature,Paved,N/A,Major Injury,0,1,1,0,0,0,6000,1,1,N/A,POINT (-95.902318806466 41.489376321708)
2010583342,10-24495,07/26/2010,07-July,2-Monday,13:16,1300 Hours,District 3 (Northwest),,,,5TH ST & WATER ST,Collision with:  Vehicle in traffic,On Roadway,Rear-end (front to rear),Followed too close,None Indicated,None apparent,Daylight,Dry,Clear,None apparent,Intersection:  Four-way intersection,Paved,N/A,Property Damage Only,0,0,0,0,0,0,1700,2,3,N/A,POINT (-96.409372918848 42.495221327916)
2010584640,201000032612,07/27/2010,07-July,3-Tuesday,15:14,1500 Hours,District 5 (Southeast),,,,PENNSYLVANIA AVE & N JEFFERSON ST,Collision with:  Vehicle in traffic,Outside trafficway,Broadside (front to side),Unknown,None Indicated,None apparent,Daylight,Dry,Clear,None apparent,Non-intersection:  Driveway access (within),Paved,N/A,Property Damage Only,0,0,0,0,0,0,3000,2,2,N/A,POINT (-92.401535414466 41.027488195794)
2010583762,07-28-10EL,07/28/2010,07-July,4-Wednesday,09:52,0900 Hours,District 3 (Northwest),,,US 71,US 71,Collision with:  Vehicle in traffic,On Roadway,Rear-end (front to rear),Other (explain in narrative):  Other,None Indicated,None apparent,Daylight,Dry,Clear,None apparent,Non-intersection:  Non-junction/no special feature,Paved,N/A,Property Damage Only,0,0,0,0,0,0,7000,2,2,N/A,POINT (-95.150114059923 43.272267634597)
2010583935,1013621,07/29/2010,07-July,5-Thursday,00:52,0000 Hours,District 6 (East Central),,,,W 35TH ST,Collision with:  Parked motor vehicle,On Roadway,"Sideswipe, same direction","Operating vehicle in an reckless, erratic, careless, negligent manner",Alcohol (Statutory),None apparent,Dark - roadway not lighted,Dry,Clear,None apparent,Non-intersection:  Non-junction/no special feature,Paved,N/A,Property Damage Only,0,0,0,0,0,0,3500,2,1,N/A,POINT (-90.600076302154 41.55559764515)
2010584554,10-0002898,07/30/2010,07-July,6-Friday,21:46,2100 Hours,District 2 (Northeast),,,IA 76,IA 76/IOWA 76,Collision with:  Vehicle in traffic,On Roadway,Rear-end (front to rear),Followed too close,None Indicated,Other (explain in narrative),Dark - roadway lighted,Dry,Clear,None apparent,Non-intersection:  Railroad grade crossing,Paved,N/A,Property Damage Only,0,0,0,0,0,0,1600,2,4,N/A,POINT (-91.177813366631 43.041162335975)
2010585191,2010-036171,07/30/2010,07-July,6-Friday,14:59,1400 Hours,District 6 (East Central),,,,E COURT ST & S GILBERT ST,Collision with:  Vehicle in traffic,On Roadway,Broadside (front to side),FTYROW:  From stop sign,None Indicated,None apparent,Daylight,Dry,Clear,None apparent,Intersection:  T-intersection,Paved,N/A,Property Damage Only,0,0,0,0,0,0,5500,2,2,N/A,POINT (-91.530190549373 41.656586389524)
2010583877,20100024383,07/31/2010,07-July,7-Saturday,00:27,0000 Hours,District 1 (Central),,,IA 163,IA 163/E UNIVERSITY AVE & HUBBELL AVE,Collision with:  Vehicle in traffic,On Roadway,"Angle, oncoming left turn",FTYROW:  Making left turn,None Indicated,None apparent,Dark - roadway lighted,Dry,"Fog, smoke, smog",None apparent,Intersection:  Four-way intersection,Paved,N/A,Property Damage Only,0,0,0,0,0,0,10000,2,2,N/A,POINT (-93.578528970234 41.600505863967)
2010584545,S10-80180,08/01/2010,08-August,1-Sunday,01:00,0100 Hours,District 2 (Northeast),,,,Co Rd T75/N UNION RD,Non-collision events:  Overturn/rollover,Shoulder,Non-collision (single vehicle),Exceeded authorized speed,None Indicated,None apparent,Dark - roadway not lighted,Dry,Clear,None apparent,Non-intersection:  Non-junction/no special feature,Paved,N/A,Possible/Unknown,0,1,0,0,0,1,15000,1,1,N/A,POINT (-92.505865030621 42.568278686376)
2010586000,1008020811,08/02/2010,08-August,2-Monday,08:11,0800 Hours,District 6 (East Central),,,IA 64,IA 64/IOWA 64,Collision with:  Animal,On Roadway,Non-collision (single vehicle),Animal,None Indicated,Animal in roadway,N/A,N/A,N/A,N/A,N/A,Paved,N/A,Property Damage Only,0,0,0,0,0,0,3000,1,1,N/A,POINT (-91.2229581196 42.084913179407)
2010587289,10-25723,08/03/2010,08-August,3-Tuesday,07:18,0700 Hours,District 6 (East Central),,,,JONES ST & 3RD ST,Collision with:  Vehicle in traffic,On Roadway,Broadside (front to side),FTYROW:  From driveway,None Indicated,None apparent,Daylight,Dry,Clear,None apparent,Non-intersection:  Driveway access (within),Paved,N/A,Property Damage Only,0,0,0,0,0,0,2000,2,2,N/A,POINT (-90.346292789391 41.598596683978)
2010584985,,08/03/2010,08-August,3-Tuesday,16:19,1600 Hours,District 1 (Central),,,US 63,US 63/S COUNTY ROAD & BUSINESS US 30,Collision with:  Vehicle in traffic,On Roadway,Head-on (front to front),FTYROW:  Making left turn,None Indicated,None apparent,Daylight,Dry,Clear,None apparent,Intersection:  Four-way intersection,Paved,N/A,Property Damage Only,0,0,0,0,0,0,8000,2,3,N/A,POINT (-92.581683673092 41.987085820507)
2010585280,,08/04/2010,08-August,4-Wednesday,16:00,1600 Hours,District 6 (East Central),,,,42ND ST NE,Collision with:  Vehicle in traffic,On Roadway,"Sideswipe, same direction",Unknown,None Indicated,N/A,Daylight,Dry,Clear,N/A,Non-intersection:  Non-junction/no special feature,Paved,N/A,Property Damage Only,0,0,0,0,0,0,2098,2,2,N/A,POINT (-91.690871790771 42.021722534897)
2010624370,10005092,08/05/2010,08-August,5-Thursday,19:45,1900 Hours,District 2 (Northeast),,,,160TH ST & RAVEN AVE,Collision with:  Vehicle in traffic,On Roadway,Broadside (front to side),Other (explain in narrative):  Vision obstructed,None Indicated,Visual obstruction,Dusk,"Mud, dirt",Clear,None apparent,Intersection:  Four-way intersection,Unpaved,N/A,Minor Injury,0,1,0,1,0,0,3000,2,2,N/A,POINT (-93.162262679737 42.994240628065)
2010587909,2010046385,08/06/2010,08-August,6-Friday,15:50,1500 Hours,District 4 (Southwest),,,I-29,I-29,Collision with:  Vehicle in traffic,On Roadway,Rear-end (front to rear),Driving too fast for conditions,None Indicated,None apparent,Daylight,Dry,Clear,Work Zone (roadway-related),Non-intersection:  Non-junction/no special feature,Paved,Yes,Possible/Unknown,0,1,0,0,1,0,5,2,3,N/A,POINT (-95.901675711762 41.500722152567)
2010585094,S79010377,08/06/2010,08-August,6-Friday,12:15,1200 Hours,District 1 (Central),,,,MAIN ST & 5TH ST,Collision with:  Vehicle in traffic,On Roadway,Broadside (front to side),FTYROW:  From stop sign,None Indicated,None apparent,Daylight,Dry,Clear,None apparent,Intersection:  Four-way intersection,Paved,N/A,Property Damage Only,0,0,0,0,0,0,3500,2,2,N/A,POINT (-92.522381854758 41.585359777168)
2010585215,20100025717,08/07/2010,08-August,7-Saturday,20:30,2000 Hours,District 1 (Central),,,,E 39TH CT,Collision with:  Parked motor vehicle,On Roadway,"Sideswipe, same direction",Unknown,None Indicated,None apparent,Dusk,Dry,Cloudy,None apparent,Non-intersection:  Non-junction/no special feature,Paved,N/A,Property Damage Only,0,0,0,0,0,0,3700,2,777,N/A,POINT (-93.537819800503 41.631625312199)
2010584742,S10-28794,08/08/2010,08-August,1-Sunday,01:52,0100 Hours,District 5 (Southeast),,,US 61,US 61 & 65TH ST,Collision with:  Vehicle in traffic,On Roadway,Broadside (front to side),FTYROW:  From yield sign,None Indicated,None apparent,Dark - unknown roadway lighting,Dry,Clear,None apparent,Intersection:  T-intersection,Paved,N/A,Property Damage Only,0,0,0,0,0,0,7000,2,4,N/A,POINT (-91.147982298268 40.778005061345)
2010585053,201000022958,08/09/2010,08-August,2-Monday,07:55,0700 Hours,District 6 (East Central),,,US 151,US 151/WILLIAMS BLVD & W CEMETERY RD & E CEMETERY RD,Collision with:  Vehicle in traffic,On Roadway,"Angle, oncoming left turn",FTYROW:  From stop sign,None Indicated,Weather conditions,Daylight,Wet,Rain,None apparent,Intersection:  T-intersection,Paved,N/A,Property Damage Only,0,0,0,0,0,0,2000,2,2,N/A,POINT (-91.782231310115 41.927457652257)
2010586188,10007345,08/10/2010,08-August,3-Tuesday,14:59,1400 Hours,District 6 (East Central),,,IA 38,IA 38/IOWA 38,Collision with fixed object:  Traffic sign support,On Roadway,Non-collision (single vehicle),Over correcting/over steering,None Indicated,None apparent,Daylight,Dry,Cloudy,None apparent,Non-intersection:  Non-junction/no special feature,Paved,N/A,Property Damage Only,0,0,0,0,0,0,2050,1,1,N/A,POINT (-91.190158639145 42.329658006717)
2010585307,201012287,08/11/2010,08-August,4-Wednesday,17:00,1700 Hours,District 6 (East Central),,,,OAKLAND RD NE,Collision with:  Vehicle in traffic,On Roadway,"Angle, oncoming left turn",FTYROW:  Making left turn,None Indicated,None apparent,Daylight,Dry,Clear,None apparent,Non-intersection:  Driveway access (within),Paved,N/A,Property Damage Only,0,0,0,0,0,0,5500,2,2,N/A,POINT (-91.658174757223 42.010834458258)
2010586168,W10-084262,08/11/2010,08-August,4-Wednesday,20:38,2000 Hours,District 2 (Northeast),,,,W AIRLINE HWY & WAGNER RD,Collision with:  Vehicle in traffic,On Roadway,Unknown,Ran Stop Sign,None Indicated,None apparent,Daylight,Dry,Clear,None apparent,Intersection:  Four-way intersection,Paved,N/A,Property Damage Only,0,0,0,0,0,0,3000,2,2,N/A,POINT (-92.377053077271 42.541948384793)
2010589577,2010038160,08/12/2010,08-August,5-Thursday,06:44,0600 Hours,District 6 (East Central),,,I-80,I-80 & Co Rd W66/DUBUQUE ST,Collision with:  Vehicle in traffic,On Roadway,Broadside (front to side),FTYROW:  From yield sign,None Indicated,None apparent,Daylight,Dry,Clear,None apparent,Intersection:  Four-way intersection,Paved,N/A,Property Damage Only,0,0,0,0,0,0,6000,2,2,N/A,POINT (-91.542093976644 41.688451099068)
2010585757,2010-1084,08/13/2010,08-August,6-Friday,05:58,0500 Hours,District 4 (Southwest),,,,UNIVERSITY AVE,Collision with:  Other non-fixed object (explain in narrative),On Roadway,Non-collision (single vehicle),Other (explain in narrative):  Vision obstructed,None Indicated,Visual obstruction,Dawn,Dry,Cloudy,None apparent,Non-intersection:  Non-junction/no special feature,Paved,N/A,Minor Injury,0,1,0,1,0,0,1500,1,1,N/A,POINT (-93.797009573039 41.600441806777)
2010587482,,08/13/2010,08-August,6-Friday,08:13,0800 Hours,District 6 (East Central),,,,MELROSE AVE & WESTGATE ST,Collision with:  Vehicle in traffic,On Roadway,"Angle, oncoming left turn",FTYROW:  Making left turn,None Indicated,None apparent,Daylight,Dry,Clear,None apparent,Intersection:  T-intersection,Paved,N/A,Property Damage Only,0,0,0,0,0,0,2000,2,2,N/A,POINT (-91.566617959691 41.655983709542)
2010585969,01-10-39055,08/14/2010,08-August,7-Saturday,14:57,1400 Hours,District 6 (East Central),,,,CLARKE DR,Collision with:  Parked motor vehicle,On Roadway,"Sideswipe, same direction",Lost Control,None Indicated,None apparent,Daylight,Dry,Cloudy,None apparent,Non-intersection:  Non-junction/no special feature,Paved,N/A,Property Damage Only,0,0,0,0,0,0,2250,2,10,N/A,POINT (-90.682756367472 42.510724790162)
2010585798,20100026279,08/15/2010,08-August,1-Sunday,08:30,0800 Hours,District 1 (Central),,,,13TH ST,Collision with:  Parked motor vehicle,On Roadway,Unknown,Unknown,None Indicated,None apparent,Daylight,Dry,Clear,None apparent,Non-intersection:  Non-junction/no special feature,Paved,N/A,Property Damage Only,0,0,0,0,0,0,2000,2,1,N/A,POINT (-93.63420571209 41.601455203646)
2010587471,,08/16/2010,08-August,2-Monday,17:37,1700 Hours,District 6 (East Central),,,,GINTER AVE & FRANKLIN ST,Collision with:  Vehicle in traffic,On Roadway,Broadside (front to side),FTYROW:  At uncontrolled intersection,None Indicated,None apparent,Daylight,Dry,Clear,None apparent,Non-intersection:  Non-junction/no special feature,Paved,N/A,Property Damage Only,0,0,0,0,0,0,3500,2,3,N/A,POINT (-91.515793442419 41.647574628336)
2010586606,10-001967,08/17/2010,08-August,3-Tuesday,10:11,1000 Hours,District 1 (Central),,,,ADVENTURELAND DR,Collision with:  Vehicle in traffic,On Roadway,Broadside (front to side),FTYROW:  From driveway,None Indicated,None apparent,Daylight,Wet,Rain,None apparent,Non-intersection:  Driveway access (within),Paved,N/A,Property Damage Only,0,0,0,0,0,0,3000,2,4,N/A,POINT (-93.493568082454 41.658530139806)