Iowa DOT Case Number,Law Enforcement Case Number,Date of Crash,Month of Crash,Day of Week,Time of Crash,Hour,DOT District,City Name,County Name,Route with System,Location Description,First Harmful Event,Location of First Harmful Event,Manner of Crash/Collision,Major Cause,Drug or Alcohol ,Environmental Conditions,Light Conditions,Surface Conditions,Weather Conditions,Roadway Contribution,Roadway Type,Roadway Surface,Work Zone,Crash Severity,Number of Fatalities,Number of Injuries,Number of Major Injuries,Number of Minor Injuries,Number of Possible Injuries,Number of Unknown Injuries,Amount of Property Damage,Number of Vehicles Involved,Total Number of Occupants,Travel Direction,Location
2010586833,20100026563,08/17/2010,08-August,3-Tuesday,13:00,1300 Hours,District 1 (Central),,,,AURORA AVE & 52ND ST,Collision with fixed object:  Curb/island/raised median,Shoulder,Non-collision (single vehicle),Ran off road - right,None Indicated,None apparent,Daylight,Dry,Clear,None apparent,Non-intersection:  Non-junction/no special feature,Paved,N/A,Property Damage Only,0,0,0,0,0,0,9000,1,1,N/A,POINT (-93.690201916174 41.63672907194)
2010588347,,08/18/2010,08-August,4-Wednesday,10:35,1000 Hours,District 6 (East Central),,,,,Collision with:  Vehicle in traffic,On Roadway,Rear-end (front to rear),Unknown,None Indicated,N/A,Daylight,Dry,Clear,N/A,"Interchange-related:  Off-ramp, diverge area",N/A,N/A,Minor Injury,0,1,0,1,0,0,3000,2,2,N/A,POINT (-96.643700150779 40.233091251088)
2010589311,HR10-15092,08/19/2010,08-August,5-Thursday,11:45,1100 Hours,District 6 (East Central),,,US 6,US 6/E KIMBERLY RD & BRIDGE AVE,Collision with:  Vehicle in traffic,On Roadway,"Angle, oncoming left turn",Other (explain in narrative):  Other,None Indicated,None apparent,Daylight,Dry,Cloudy,None apparent,Non-intersection:  Non-junction/no special feature,Paved,N/A,Minor Injury,0,1,0,1,0,0,1000,2,2,N/A,POINT (-90.557090189314 41.556889479763)
2010587897,2010-4070,08/19/2010,08-August,5-Thursday,19:15,1900 Hours,District 5 (Southeast),,,IA 92,IA 92/E 2ND AVE & S 1ST ST,Collision with:  Vehicle in traffic,On Roadway,Broadside (front to side),Ran Stop Sign,None Indicated,None apparent,Daylight,Dry,Clear,None apparent,Intersection:  Four-way intersection,Paved,N/A,Possible/Unknown,0,1,0,0,1,0,12000,2,2,N/A,POINT (-93.559581578227 41.35828168663)
2010586905,10-18385,08/20/2010,08-August,6-Friday,18:21,1800 Hours,District 1 (Central),,,,LINCOLN WAY & UNIVERSITY BLVD,Collision with:  Vehicle in traffic,On Roadway,"Angle, oncoming left turn",FTYROW:  Making left turn,None Indicated,None apparent,Daylight,Dry,Cloudy,None apparent,Intersection:  Four-way intersection,Paved,N/A,Minor Injury,0,1,0,1,0,0,7500,3,3,N/A,POINT (-93.63333894391 42.022811825049)
2010587644,,08/21/2010,08-August,7-Saturday,19:33,1900 Hours,District 6 (East Central),,,,Co Rd F67/335TH ST,Collision with:  Animal,On Roadway,Non-collision (single vehicle),Animal,None Indicated,Animal in roadway,N/A,N/A,N/A,N/A,N/A,Paved,N/A,Property Damage Only,0,0,0,0,0,0,3000,1,1,N/A,POINT (-92.045833882818 41.517792641342)
2010587322,,08/22/2010,08-August,1-Sunday,00:01,0000 Hours,District 4 (Southwest),,,,220 ST & EAGLE AVE,Collision with fixed object:  Ditch,On Roadway,Non-collision (single vehicle),"Operating vehicle in an reckless, erratic, careless, negligent manner",Drug/Alcohol (Statutory),None apparent,Dark - roadway not lighted,"Mud, dirt",Clear,None apparent,Intersection:  T-intersection,Unpaved,N/A,Minor Injury,0,2,0,2,0,0,5000,1,2,N/A,POINT (-95.015040473345 41.688623027199)
2010588277,45A-839,08/23/2010,08-August,2-Monday,12:30,1200 Hours,District 2 (Northeast),,,,Co Rd T68/ADDISON AVE,Collision with:  Vehicle in traffic,On Roadway,Unknown,FTYROW:  Other (explain in narrative),None Indicated,None apparent,Daylight,Dry,Clear,None apparent,Non-intersection:  Non-junction/no special feature,Paved,N/A,Property Damage Only,0,0,0,0,0,0,5000,2,5,N/A,POINT (-92.554302851249 43.333446644142)
2010588419,10-05363,08/24/2010,08-August,3-Tuesday,19:00,1900 Hours,District 2 (Northeast),,,IA 150,IA 150/PALACE RD & 10TH ST SE,Collision with:  Vehicle in traffic,On Roadway,"Angle, oncoming left turn",FTYROW:  Making left turn,None Indicated,None apparent,Daylight,Dry,Clear,None apparent,Intersection:  Four-way intersection,Paved,N/A,Property Damage Only,0,0,0,0,0,0,7000,2,2,N/A,POINT (-91.91052595866 42.66400922315)
2010587746,10-23786,08/25/2010,08-August,4-Wednesday,15:08,1500 Hours,District 1 (Central),,,US 6,US 6/1ST AVE E & E 19TH ST N,Collision with:  Vehicle in traffic,On Roadway,Broadside (front to side),Crossed centerline (undivided),None Indicated,None apparent,Daylight,Dry,Clear,None apparent,Non-intersection:  Driveway access (within),Paved,N/A,Property Damage Only,0,0,0,0,0,0,2600,3,5,N/A,POINT (-93.028387187347 41.699163860223)
2010588279,K10-9369,08/25/2010,08-August,4-Wednesday,20:05,2000 Hours,District 5 (Southeast),,,,10TH ST S,Collision with:  Non-motorist (see non-motorist section - NOT a unit),Roadside,Non-collision (single vehicle),Downhill runaway,None Indicated,None apparent,Dusk,Dry,Clear,None apparent,Non-intersection:  Non-junction/no special feature,Paved,N/A,Minor Injury,0,1,0,1,0,0,1500,1,1,N/A,POINT (-91.388894750516 40.398803136801)
2010587904,10-28133,08/26/2010,08-August,5-Thursday,16:55,1600 Hours,District 3 (Northwest),,,,28TH ST,Collision with:  Vehicle in traffic,On Roadway,Rear-end (front to rear),Followed too close,None Indicated,None apparent,Daylight,Dry,Clear,None apparent,Intersection:  T-intersection,Paved,N/A,Property Damage Only,0,0,0,0,0,0,6000,3,4,N/A,POINT (-96.368005046253 42.519038169647)
2010588043,201000025292,08/27/2010,08-August,6-Friday,18:21,1800 Hours,District 6 (East Central),,,,Co Rd W36/COVINGTON RD,Collision with:  Vehicle in traffic,On Roadway,Broadside (front to side),FTYROW:  From stop sign,None Indicated,Glare,Daylight,Dry,Clear,None apparent,Intersection:  Four-way intersection,Paved,N/A,Property Damage Only,0,0,0,0,0,0,8000,2,3,N/A,POINT (-91.760174513637 42.00015619512)
2010588549,,08/27/2010,08-August,6-Friday,20:50,2000 Hours,District 5 (Southeast),,,,2ND ST,Collision with:  Vehicle in traffic,On Roadway,"Sideswipe, same direction",FTYROW:  Other (explain in narrative),None Indicated,None apparent,Dark - roadway not lighted,Dry,Cloudy,None apparent,Non-intersection:  Driveway access (within),Paved,N/A,Property Damage Only,0,0,0,0,0,0,1800,2,2,N/A,POINT (-91.361710050798 41.280200328548)
2010587763,201013262,08/28/2010,08-August,7-Saturday,08:35,0800 Hours,District 6 (East Central),,,,WILSON AVE SW & EDGEWOOD RD SW,Collision with:  Vehicle in traffic,On Roadway,Broadside (front to side),Ran Traffic Signal,None Indicated,None apparent,Daylight,Dry,Clear,None apparent,Intersection:  Four-way intersection,Paved,N/A,Property Damage Only,0,0,0,0,0,0,10000,2,3,N/A,POINT (-91.71626788309 41.956487540482)
2010588011,1008292811,08/29/2010,08-August,1-Sunday,14:15,1400 Hours,District 6 (East Central),,,,Co Rd Z2E/182 ST,Collision with fixed object:  Ditch,Shoulder,Non-collision (single vehicle),Ran off road - right,None Indicated,None apparent,Daylight,Dry,Clear,None apparent,Non-intersection:  Non-junction/no special feature,Paved,N/A,Minor Injury,0,1,0,1,0,0,5000,1,1,N/A,POINT (-90.510288210273 41.919119093861)
2010588948,10-030120,08/30/2010,08-August,2-Monday,07:20,0700 Hours,District 4 (Southwest),,,,5TH AVE & S 10TH ST,Collision with:  Vehicle in traffic,On Roadway,Broadside (front to side),FTYROW:  From stop sign,None Indicated,None apparent,Daylight,Dry,Clear,None apparent,Intersection:  Four-way intersection,Paved,N/A,Property Damage Only,0,0,0,0,0,0,4000,2,3,N/A,POINT (-95.85894222683 41.257049382377)
2010588320,10-030299,08/31/2010,08-August,3-Tuesday,08:40,0800 Hours,District 4 (Southwest),,,,5TH AVE & S 12TH ST,Collision with:  Vehicle in traffic,On Roadway,Rear-end (front to rear),Other (explain in narrative):  Other,None Indicated,None apparent,Daylight,Dry,Clear,None apparent,Non-intersection:  Railroad grade crossing,Paved,N/A,Property Damage Only,0,0,0,0,0,0,1500,2,2,N/A,POINT (-95.861783979992 41.257077795832)
2010588398,W10-092741,09/01/2010,09-September,4-Wednesday,16:36,1600 Hours,District 2 (Northeast),,,,PROGRESS AVE & GREENHILL RD,Collision with:  Vehicle in traffic,On Roadway,"Angle, oncoming left turn",FTYROW:  Making left turn,None Indicated,None apparent,Daylight,Dry,Cloudy,None apparent,Intersection:  Four-way intersection,Paved,N/A,Possible/Unknown,0,1,0,0,1,0,13000,2,2,N/A,POINT (-92.402247252478 42.498863723133)
2010588489,10-030513,09/01/2010,09-September,4-Wednesday,23:55,2300 Hours,District 4 (Southwest),,,,SIMMS AVE,Collision with:  Parked motor vehicle,On Roadway,Broadside (front to side),Lost Control,Alcohol (Statutory),None apparent,Dark - roadway lighted,Wet,Cloudy,None apparent,Non-intersection:  Non-junction/no special feature,Paved,N/A,Property Damage Only,0,0,0,0,0,0,4000,2,1,N/A,POINT (-95.825210769308 41.286577008231)
2010591304,10-007853,09/02/2010,09-September,5-Thursday,19:16,1900 Hours,District 4 (Southwest),,,,WILLIS AVE & 4TH ST,Collision with:  Vehicle in traffic,On Roadway,Broadside (front to side),FTYROW:  From stop sign,None Indicated,None apparent,Daylight,Dry,Clear,None apparent,Intersection:  Four-way intersection,Paved,N/A,Possible/Unknown,0,2,0,0,2,0,8000,2,2,N/A,POINT (-94.1024567276 41.83848412285)
2010597858,,09/03/2010,09-September,6-Friday,16:25,1600 Hours,District 2 (Northeast),,,IA 9,IA 9/IOWA 9 & OLD STAGE RD & TROUT RUN RD,Collision with:  Vehicle in traffic,On Roadway,Rear-end (front to rear),Other (explain in narrative):  Other,None Indicated,None apparent,Daylight,Dry,Cloudy,None apparent,Intersection:  Four-way intersection,Paved,N/A,Property Damage Only,0,0,0,0,0,0,1500,2,2,N/A,POINT (-91.75544915547 43.288428081648)
2010588878,20100028643,09/03/2010,09-September,6-Friday,11:18,1100 Hours,District 1 (Central),,,,STANTON AVE & FLEUR DR,Collision with:  Vehicle in traffic,On Roadway,"Angle, oncoming left turn",FTYROW:  Making left turn,None Indicated,None apparent,Daylight,Dry,Cloudy,None apparent,Intersection:  Four-way intersection,Paved,N/A,Property Damage Only,0,0,0,0,0,0,5400,2,2,N/A,POINT (-93.645027919315 41.544604154431)
2010593030,10-09042157,09/04/2010,09-September,7-Saturday,21:57,2100 Hours,District 5 (Southeast),,,US 61,US 61,Collision with:  Animal,N/A,N/A,Animal,None Indicated,N/A,N/A,N/A,N/A,N/A,N/A,Paved,N/A,Property Damage Only,0,0,0,0,0,0,3596,1,777,N/A,POINT (-91.183600828044 41.074222246946)
2010588916,20100028901,09/05/2010,09-September,1-Sunday,18:26,1800 Hours,District 1 (Central),,,US 69,US 69/SE 14TH ST,Collision with:  Vehicle in traffic,On Roadway,Rear-end (front to rear),Followed too close,None Indicated,None apparent,Daylight,Wet,Rain,None apparent,Non-intersection:  Non-junction/no special feature,Paved,N/A,Possible/Unknown,0,1,0,0,1,0,2600,4,9,N/A,POINT (-93.596835523003 41.554331073814)
2010589411,S10-5374,09/06/2010,09-September,2-Monday,14:07,1400 Hours,District 3 (Northwest),,,US 20,US 20,Collision with:  Animal,N/A,N/A,Animal,None Indicated,N/A,N/A,N/A,N/A,N/A,N/A,Paved,N/A,Property Damage Only,0,0,0,0,0,0,3500,1,777,N/A,POINT (-95.872014301649 42.482217841818)
2010589989,2010052580,09/07/2010,09-September,3-Tuesday,12:02,1200 Hours,District 3 (Northwest),,,,LELAND ST & SECTION LINE ST,Collision with:  Vehicle in traffic,On Roadway,Broadside (front to side),Ran Stop Sign,None Indicated,None apparent,Daylight,Dry,Clear,None apparent,Intersection:  Four-way intersection,Paved,N/A,Property Damage Only,0,0,0,0,0,0,4500,2,2,N/A,POINT (-95.880457151848 43.444054929727)
2010590651,10-001007,09/08/2010,09-September,4-Wednesday,15:07,1500 Hours,District 1 (Central),,,,NW 62ND AVE,Collision with:  Vehicle in traffic,On Roadway,Rear-end (front to rear),Other (explain in narrative):  Other,None Indicated,None apparent,Daylight,Dry,Clear,None apparent,Non-intersection:  Non-junction/no special feature,Paved,N/A,Property Damage Only,0,0,0,0,0,0,4000,2,3,N/A,POINT (-93.717352276511 41.672762486148)
2010589280,10-1224,09/08/2010,09-September,4-Wednesday,07:00,0700 Hours,District 1 (Central),,,,CLARK ST,Collision with:  Parked motor vehicle,On Roadway,"Sideswipe, same direction",Other (explain in narrative):  Vision obstructed,None Indicated,Glare,Daylight,Dry,Clear,None apparent,Non-intersection:  Non-junction/no special feature,Paved,N/A,Property Damage Only,0,0,0,0,0,0,3500,2,1,N/A,POINT (-93.758615576471 41.602953371992)
2010590588,10042871,09/09/2010,09-September,5-Thursday,10:18,1000 Hours,District 6 (East Central),,,,E MARKET ST & N DUBUQUE ST,Collision with:  Non-motorist (see non-motorist section - NOT a unit),On Roadway,Non-collision (single vehicle),FTYROW:  Making left turn,None Indicated,None apparent,Daylight,Dry,Clear,None apparent,Intersection:  Four-way intersection,Paved,N/A,Minor Injury,0,2,0,1,0,1,3000,1,1,N/A,POINT (-91.533082402994 41.663576630818)
2010590692,HR10-16682,09/10/2010,09-September,6-Friday,23:00,2300 Hours,District 6 (East Central),,,,W LOCUST ST,Collision with:  Vehicle in traffic,On Roadway,Broadside (front to side),Unknown,None Indicated,None apparent,Dark - roadway lighted,Wet,Cloudy,None apparent,Intersection:  Other intersection (explain in narrative),Paved,N/A,Possible/Unknown,0,1,0,0,0,1,2250,2,3,N/A,POINT (-90.592278466359 41.538268320348)
2010612975,201014145,09/10/2010,09-September,6-Friday,18:47,1800 Hours,District 6 (East Central),,,,CENTER POINT RD NE,Collision with:  Vehicle in traffic,On Roadway,"Angle, oncoming left turn",FTYROW:  From driveway,Refused,None apparent,Daylight,Wet,Rain,None apparent,Non-intersection:  Driveway access (within),Paved,N/A,Property Damage Only,0,0,0,0,0,0,1500,2,2,N/A,POINT (-91.665118128389 42.020678346351)
2010590083,10019395,09/11/2010,09-September,7-Saturday,12:19,1200 Hours,District 6 (East Central),,,,MARION BLVD & ARMAR DR,Collision with:  Vehicle in traffic,On Roadway,Rear-end (front to rear),Driving too fast for conditions,None Indicated,None apparent,Daylight,Dry,Clear,None apparent,Intersection:  T-intersection,Paved,N/A,Minor Injury,0,1,0,1,0,0,4500,2,3,N/A,POINT (-91.6168976807 42.028104986786)
2010590186,10-30268,09/12/2010,09-September,1-Sunday,14:43,1400 Hours,District 3 (Northwest),,,I-29,I-29,Collision with:  Vehicle in traffic,On Roadway,Rear-end (front to rear),Other (explain in narrative):  Other,None Indicated,None apparent,Daylight,Dry,Clear,None apparent,Interchange-related:  On-ramp merge area,Paved,N/A,Property Damage Only,0,0,0,0,0,0,3500,2,5,N/A,POINT (-96.392433953384 42.484622017027)
2010590757,,09/13/2010,09-September,2-Monday,15:46,1500 Hours,District 3 (Northwest),,,,W 5TH ST & MICHIGAN ST,Collision with:  Vehicle in traffic,On Roadway,Rear-end (front to rear),FTYROW:  At uncontrolled intersection,None Indicated,None apparent,Daylight,Dry,Clear,None apparent,Non-intersection:  Non-junction/no special feature,Paved,N/A,Possible/Unknown,0,1,0,0,1,0,8000,2,3,N/A,POINT (-95.202054215225 42.644436795007)
2010590456,01-10-44825,09/14/2010,09-September,3-Tuesday,19:47,1900 Hours,District 6 (East Central),,,,KAUFMANN AVE & N MAIN ST,Collision with:  Parked motor vehicle,On Roadway,"Sideswipe, same direction",Lost Control,None Indicated,None apparent,Dark - roadway lighted,Dry,Clear,None apparent,Non-intersection:  Non-junction/no special feature,Paved,N/A,Possible/Unknown,0,1,0,0,1,0,4100,2,1,N/A,POINT (-90.673142618839 42.512970307442)
2010590293,TC058-10,09/15/2010,09-September,4-Wednesday,13:10,1300 Hours,District 4 (Southwest),,,US 30,US 30,Collision with:  Vehicle in traffic,On Roadway,Rear-end (front to rear),Other (explain in narrative):  Other,None Indicated,None apparent,Daylight,Dry,Clear,None apparent,Non-intersection:  Non-junction/no special feature,Paved,N/A,Property Damage Only,0,0,0,0,0,0,10000,2,3,N/A,POINT (-95.877495689999 41.563300535681)
2010592793,HR10-17057,09/15/2010,09-September,4-Wednesday,22:12,2200 Hours,District 6 (East Central),,,,W LOCUST ST,Collision with:  Vehicle in traffic,On Roadway,"Sideswipe, same direction","Operating vehicle in an reckless, erratic, careless, negligent manner",None Indicated,None apparent,Dark - roadway lighted,Dry,Cloudy,None apparent,Non-intersection:  Non-junction/no special feature,Paved,N/A,Property Damage Only,0,0,0,0,0,0,2500,2,3,N/A,POINT (-90.601713060629 41.538249426492)
2010593230,2010054303,09/16/2010,09-September,5-Thursday,18:30,1800 Hours,District 2 (Northeast),,,,Co Rd V43/S ELK RUN RD,Non-collision events:  Overturn/rollover,On Roadway,Non-collision (single vehicle),Swerving/Evasive Action,None Indicated,None apparent,Dusk,Dry,Cloudy,"Shoulders (none, low, soft, high)",Non-intersection:  Non-junction/no special feature,Paved,N/A,Major Injury,0,3,1,2,0,0,6000,1,3,N/A,POINT (-92.258776383956 42.4903436406)
2010593537,10-179,09/17/2010,09-September,6-Friday,14:40,1400 Hours,District 2 (Northeast),,,IA 116,IA 116/4TH ST SW,Collision with:  Vehicle in traffic,On Roadway,"Sideswipe, opposite direction",Made improper turn,None Indicated,None apparent,Daylight,Dry,Clear,None apparent,Intersection:  T-intersection,Paved,N/A,Property Damage Only,0,0,0,0,0,0,3000,2,3,N/A,POINT (-92.475494240556 42.713125264795)
2010604514,10-4838,09/18/2010,09-September,7-Saturday,15:38,1500 Hours,District 3 (Northwest),,,US 59,US 59/OHIO ST & MOOREHEAD AVE,Collision with:  Vehicle in traffic,On Roadway,"Sideswipe, same direction",Made improper turn,None Indicated,None apparent,Daylight,Wet,Rain,None apparent,Intersection:  Four-way intersection,Paved,N/A,Property Damage Only,0,0,0,0,0,0,2000,2,3,N/A,POINT (-95.467112269298 42.349940175662)
2010590960,10-4726,09/18/2010,09-September,7-Saturday,16:22,1600 Hours,District 1 (Central),,,,ASHWORTH RD & 35TH ST,Collision with:  Vehicle in traffic,On Roadway,"Angle, oncoming left turn",FTYROW:  Making left turn,None Indicated,None apparent,Daylight,Wet,Rain,None apparent,Intersection:  Four-way intersection,Paved,N/A,Property Damage Only,0,0,0,0,0,0,1800,2,3,N/A,POINT (-93.751756371272 41.584767830757)
2010593238,,09/19/2010,09-September,1-Sunday,08:31,0800 Hours,District 6 (East Central),,,US 67,US 67/STATE ST & GEORGE THUENEN DR & 17TH ST,Collision with:  Vehicle in traffic,On Roadway,"Sideswipe, same direction",FTYROW:  Making left turn,None Indicated,None apparent,Daylight,Dry,Clear,None apparent,N/A,Paved,N/A,Minor Injury,0,1,0,1,0,0,23700,2,3,N/A,POINT (-90.508556441167 41.525261950489)
2010591152,CL10003898,09/20/2010,09-September,2-Monday,20:01,2000 Hours,District 6 (East Central),,,,6TH AVE S & S 4TH ST,Collision with:  Vehicle in traffic,On Roadway,Broadside (front to side),FTYROW:  From stop sign,None Indicated,None apparent,Dark - roadway lighted,Dry,Cloudy,None apparent,Intersection:  Four-way intersection,Paved,N/A,Property Damage Only,0,0,0,0,0,0,3000,2,3,N/A,POINT (-90.193250869476 41.840027094213)
2010591820,10100244,09/21/2010,09-September,3-Tuesday,11:57,1100 Hours,District 2 (Northeast),,,,HOLIDAY RD,Collision with:  Vehicle in traffic,On Roadway,Head-on (front to front),FTYROW:  Making left turn,None Indicated,None apparent,Daylight,Wet,Rain,None apparent,Intersection:  Four-way intersection,Paved,N/A,Property Damage Only,0,0,0,0,0,0,6000,2,2,N/A,POINT (-92.433299537328 42.513007532382)
2010591638,10019924,09/21/2010,09-September,3-Tuesday,17:45,1700 Hours,District 2 (Northeast),,,,19TH ST SW,Collision with:  Vehicle in traffic,On Roadway,"Sideswipe, same direction",Over correcting/over steering,None Indicated,None apparent,Daylight,Dry,Cloudy,None apparent,Non-intersection:  Non-junction/no special feature,Paved,N/A,Property Damage Only,0,0,0,0,0,0,1900,2,2,N/A,POINT (-93.232075917806 43.133904740404)
2010593413,2010055356,09/22/2010,09-September,4-Wednesday,22:25,2200 Hours,District 3 (Northwest),,,,Co Rd L51/L AVE,Non-collision events:  Overturn/rollover,Shoulder,Non-collision (single vehicle),Crossed centerline (undivided),Under Influence of Alcohol/Drugs/Medications,None apparent,Dark - roadway not lighted,Dry,Severe winds,None apparent,Non-intersection:  Non-junction/no special feature,Paved,N/A,Major Injury,0,1,1,0,0,0,20000,1,1,N/A,POINT (-95.642863821951 42.717774372963)
2010592430,20100030921,09/23/2010,09-September,5-Thursday,01:21,0100 Hours,District 1 (Central),,,,13TH ST,Collision with:  Parked motor vehicle,On Roadway,Rear-end (front to rear),Swerving/Evasive Action,None Indicated,None apparent,Dark - roadway lighted,Dry,Cloudy,None apparent,Non-intersection:  Non-junction/no special feature,Paved,N/A,Property Damage Only,0,0,0,0,0,0,3000,2,2,N/A,POINT (-93.634181461485 41.598978349102)
2010592774,10-17739,09/24/2010,09-September,6-Friday,12:13,1200 Hours,District 6 (East Central),,,US 6,US 6/SPRUCE HILLS DR,Collision with:  Vehicle in traffic,On Roadway,Rear-end (front to rear),Other (explain in narrative):  Vision obstructed,None Indicated,None apparent,Daylight,Dry,Clear,None apparent,Non-intersection:  Non-junction/no special feature,Paved,N/A,Possible/Unknown,0,1,0,0,1,0,4000,2,2,N/A,POINT (-90.525247545611 41.554893243647)
2010591999,10-4838,09/24/2010,09-September,6-Friday,11:22,1100 Hours,District 1 (Central),,,,GRAND AVE & VINE ST,Collision with:  Vehicle in traffic,On Roadway,Broadside (front to side),Ran Traffic Signal,None Indicated,None apparent,Daylight,Dry,Clear,None apparent,Intersection:  Four-way intersection,Paved,N/A,Possible/Unknown,0,1,0,0,0,1,4100,2,2,N/A,POINT (-93.727727390669 41.577365364172)
2010591909,201015020,09/25/2010,09-September,7-Saturday,15:28,1500 Hours,District 6 (East Central),,,IA 922,IA 922/1ST AVE W & 10TH ST SW & 10TH ST NW,Collision with:  Vehicle in traffic,On Roadway,Rear-end (front to rear),Other (explain in narrative):  Other,None Indicated,None apparent,Daylight,Wet,Rain,None apparent,Non-intersection:  Non-junction/no special feature,Paved,N/A,Property Damage Only,0,0,0,0,0,0,6808,2,4,N/A,POINT (-91.68453001174 41.97251099561)
2010592514,CL10003971,09/25/2010,09-September,7-Saturday,12:27,1200 Hours,District 6 (East Central),,,,9TH AVE S & S 6TH ST,Collision with:  Vehicle in traffic,On Roadway,Broadside (front to side),FTYROW:  From stop sign,None Indicated,None apparent,Daylight,Dry,Cloudy,None apparent,Intersection:  Four-way intersection,Paved,N/A,Property Damage Only,0,0,0,0,0,0,2500,2,4,N/A,POINT (-90.198907666709 41.836517977118)
2010593747,,09/26/2010,09-September,1-Sunday,08:43,0800 Hours,District 2 (Northeast),,,,10TH AVE N & N 10TH ST,Collision with:  Vehicle in traffic,On Roadway,Broadside (front to side),FTYROW:  From stop sign,None Indicated,Glare,Daylight,Dry,Clear,None apparent,Intersection:  T-intersection,Paved,N/A,Minor Injury,0,1,0,1,0,0,6500,2,2,N/A,POINT (-93.37605870068 43.144526058709)
2010591928,10-012697,09/27/2010,09-September,2-Monday,07:40,0700 Hours,District 4 (Southwest),,,,4TH ST & N GROVE ST,Collision with:  Vehicle in traffic,On Roadway,Broadside (front to side),FTYROW:  From stop sign,None Indicated,Glare,Daylight,Dry,Clear,None apparent,Intersection:  Four-way intersection,Paved,N/A,Property Damage Only,0,0,0,0,0,0,4000,2,2,N/A,POINT (-95.749051160402 41.050558685897)
2010592541,01-10-47592,09/28/2010,09-September,3-Tuesday,14:31,1400 Hours,District 6 (East Central),,,,GRANDVIEW AVE N,Collision with:  Vehicle in traffic,On Roadway,"Sideswipe, same direction",FTYROW:  From parked position,None Indicated,None apparent,Daylight,Dry,Clear,None apparent,Intersection:  Four-way intersection,Paved,N/A,Property Damage Only,0,0,0,0,0,0,3500,2,4,N/A,POINT (-90.695778845204 42.505458291838)
2010618526,32-121-10,09/28/2010,09-September,3-Tuesday,08:09,0800 Hours,District 3 (Northwest),,,IA 9,IA 9/CENTRAL AVE,Collision with:  Vehicle in traffic,On Roadway,Rear-end (front to rear),Unknown,None Indicated,None apparent,Daylight,Dry,Clear,None apparent,Non-intersection:  Non-junction/no special feature,Paved,N/A,Possible/Unknown,0,1,0,0,1,0,200,2,2,N/A,POINT (-94.835598087783 43.401981226348)
2010593452,2010056514,09/29/2010,09-September,4-Wednesday,07:45,0700 Hours,District 1 (Central),,,I-80,I-80,Collision with:  Vehicle in traffic,On Roadway,Rear-end (front to rear),Followed too close,None Indicated,None apparent,Daylight,Dry,Clear,Work Zone (roadway-related),Non-intersection:  Non-junction/no special feature,Paved,Yes,Property Damage Only,0,0,0,0,0,0,3200,2,4,N/A,POINT (-93.324284416757 41.681470182162)
2010593456,2010056724,09/30/2010,09-September,5-Thursday,02:35,0200 Hours,District 5 (Southeast),,,I-35,I-35,Collision with:  Animal,On Roadway,Non-collision (single vehicle),Animal,None Indicated,Animal in roadway,N/A,N/A,N/A,N/A,N/A,Paved,N/A,Property Damage Only,0,0,0,0,0,0,5000,1,1,N/A,POINT (-93.784875986231 41.1766493518)
2010593978,,09/30/2010,09-September,5-Thursday,16:06,1600 Hours,District 1 (Central),,,,,Collision with:  Vehicle in traffic,On Roadway,Head-on (front to front),Swerving/Evasive Action,None Indicated,None apparent,Daylight,Dry,Clear,None apparent,Non-intersection:  Non-junction/no special feature,N/A,N/A,Property Damage Only,0,0,0,0,0,0,4000,2,3,N/A,POINT (-96.643700150779 40.233091251088)
2010593362,10-21931,10/01/2010,10-October,6-Friday,16:14,1600 Hours,District 1 (Central),,,,AIRPORT RD,Collision with:  Vehicle in traffic,On Roadway,Broadside (front to side),Other (explain in narrative):  Other,None Indicated,None apparent,Daylight,Dry,Clear,None apparent,Non-intersection:  Non-junction/no special feature,Paved,N/A,Property Damage Only,0,0,0,0,0,0,10000,2,2,N/A,POINT (-93.616315207509 42.00108151955)
2010592892,W10-103897,10/01/2010,10-October,6-Friday,07:12,0700 Hours,District 2 (Northeast),,,,MEADOW LN,Collision with:  Non-motorist (see non-motorist section - NOT a unit),On Roadway,Non-collision (single vehicle),Unknown,None Indicated,None apparent,Daylight,Dry,Clear,None apparent,Non-intersection:  Other non-intersection (explain in narrative),Paved,N/A,Minor Injury,0,1,0,1,0,0,0,1,1,N/A,POINT (-92.37577274773 42.466256457714)
2010595042,10-004893,10/02/2010,10-October,7-Saturday,09:23,0900 Hours,District 1 (Central),,,I-35,I-35,Collision with:  Vehicle in traffic,On Roadway,Rear-end (front to rear),Illegally Parked/Unattended,None Indicated,Other (explain in narrative),Daylight,Dry,Clear,None apparent,Non-intersection:  Non-junction/no special feature,Paved,N/A,Possible/Unknown,0,1,0,0,1,0,15000,4,4,N/A,POINT (-93.576178692999 41.703118244305)
2010593909,S10-012092,10/03/2010,10-October,1-Sunday,18:20,1800 Hours,District 4 (Southwest),,,,WOODLAND TRL,Collision with fixed object:  Ditch,Outside trafficway,Non-collision (single vehicle),Swerving/Evasive Action,None Indicated,Animal in roadway,Daylight,Dry,Clear,None apparent,Non-intersection:  Non-junction/no special feature,Paved,N/A,Property Damage Only,0,0,0,0,0,0,1500,1,1,N/A,POINT (-95.761904206169 41.185782805387)
2010594394,10-33677,10/04/2010,10-October,2-Monday,05:44,0500 Hours,District 6 (East Central),,,,Co Rd F33/290 ST,Collision with:  Animal,N/A,N/A,Animal,None Indicated,N/A,N/A,N/A,N/A,N/A,N/A,Paved,N/A,Property Damage Only,0,0,0,0,0,0,3000,1,777,N/A,POINT (-90.548366309084 41.72769641405)