Iowa DOT Case Number,Law Enforcement Case Number,Date of Crash,Month of Crash,Day of Week,Time of Crash,Hour,DOT District,City Name,County Name,Route with System,Location Description,First Harmful Event,Location of First Harmful Event,Manner of Crash/Collision,Major Cause,Drug or Alcohol ,Environmental Conditions,Light Conditions,Surface Conditions,Weather Conditions,Roadway Contribution,Roadway Type,Roadway Surface,Work Zone,Crash Severity,Number of Fatalities,Number of Injuries,Number of Major Injuries,Number of Minor Injuries,Number of Possible Injuries,Number of Unknown Injuries,Amount of Property Damage,Number of Vehicles Involved,Total Number of Occupants,Travel Direction,Location
2010594515,10014616,10/05/2010,10-October,3-Tuesday,15:32,1500 Hours,District 5 (Southeast),,,,135TH AVE,Collision with fixed object:  Tree,On Roadway,Non-collision (single vehicle),Swerving/Evasive Action,None Indicated,Animal in roadway,Daylight,Dry,Clear,None apparent,Non-intersection:  Non-junction/no special feature,Unpaved,N/A,Possible/Unknown,0,2,0,0,2,0,3100,1,2,N/A,POINT (-93.029982677016 40.646843713095)
2010593922,10-18552,10/05/2010,10-October,3-Tuesday,16:02,1600 Hours,District 6 (East Central),,,,LAKEHURST CT & UTICA RIDGE RD,Collision with:  Vehicle in traffic,On Roadway,"Sideswipe, opposite direction",Traveling wrong way or on wrong side of road,None Indicated,None apparent,Daylight,Dry,Clear,None apparent,Intersection:  Four-way intersection,Paved,N/A,Minor Injury,0,2,0,1,1,0,13000,2,2,N/A,POINT (-90.511094125857 41.585001907902)
2010594989,10-017211,10/06/2010,10-October,4-Wednesday,19:40,1900 Hours,District 3 (Northwest),,,IA 10,IA 10/IOWA 10 & 190 AVE,Collision with:  Animal,N/A,N/A,Animal,None Indicated,N/A,N/A,N/A,N/A,N/A,N/A,Paved,N/A,Property Damage Only,0,0,0,0,0,0,3500,1,1,N/A,POINT (-95.210635602058 42.924170835144)
2010594491,,10/07/2010,10-October,5-Thursday,12:13,1200 Hours,District 5 (Southeast),,,,BRADEN AVE & N 12TH ST,Collision with:  Vehicle in traffic,On Roadway,Broadside (front to side),FTYROW:  From stop sign,None Indicated,None apparent,Daylight,Dry,Clear,None apparent,Intersection:  Four-way intersection,Paved,N/A,Property Damage Only,0,0,0,0,0,0,6000,2,2,N/A,POINT (-93.311363723424 41.015622556929)
2010596548,,10/07/2010,10-October,5-Thursday,08:05,0800 Hours,District 1 (Central),,,I-235,I-235 & E 6TH ST,Collision with:  Vehicle in traffic,On Roadway,Rear-end (front to rear),Other (explain in narrative):  Other,None Indicated,None apparent,Daylight,Dry,Clear,None apparent,Non-intersection:  Other non-intersection (explain in narrative),Paved,N/A,Minor Injury,0,1,0,1,0,0,6000,3,3,N/A,POINT (-93.610302657863 41.595198448654)
2010596506,2010058107,10/08/2010,10-October,6-Friday,10:53,1000 Hours,District 5 (Southeast),,,US 218,US 218,Collision with fixed object:  Culvert/pipe opening,Roadside,Non-collision (single vehicle),Swerving/Evasive Action,None Indicated,None apparent,Daylight,Dry,Clear,None apparent,Non-intersection:  Driveway access (within),Paved,N/A,Possible/Unknown,0,1,0,0,1,0,3000,1,1,N/A,POINT (-91.564998719374 40.868054422131)
2010594914,10-33675,10/09/2010,10-October,7-Saturday,09:59,0900 Hours,District 3 (Northwest),,,,SINGING HILLS BLVD,Collision with:  Vehicle in traffic,On Roadway,"Sideswipe, same direction",FTYROW:  From driveway,None Indicated,None apparent,Daylight,Dry,Clear,None apparent,Non-intersection:  Driveway access (within),Paved,N/A,Property Damage Only,0,0,0,0,0,0,2000,2,3,N/A,POINT (-96.36646978146 42.43581844082)
2010595008,10010206,10/09/2010,10-October,7-Saturday,00:10,0000 Hours,District 2 (Northeast),,,IA 150,IA 150/LINCOLN RD,Collision with fixed object:  Ditch,Roadside,Non-collision (single vehicle),Ran off road - right,Alcohol (Statutory),None apparent,Dark - roadway not lighted,Dry,Cloudy,None apparent,Non-intersection:  Non-junction/no special feature,Paved,N/A,Property Damage Only,0,0,0,0,0,0,5000,1,1,N/A,POINT (-91.838055299052 43.043378622296)
2010599180,2010058451,10/10/2010,10-October,1-Sunday,06:00,0600 Hours,District 1 (Central),,,,FLEET AVE,Collision with fixed object:  Mailbox,On Roadway,Non-collision (single vehicle),Lost Control,None Indicated,None apparent,Dark - roadway not lighted,Dry,Clear,None apparent,Non-intersection:  Non-junction/no special feature,Unpaved,N/A,Property Damage Only,0,0,0,0,0,0,10100,1,1,N/A,POINT (-93.252118406 41.698890820321)
2010596122,2010-006551,10/11/2010,10-October,2-Monday,20:15,2000 Hours,District 6 (East Central),,,,26 AVE DR,Collision with fixed object:  Mailbox,On Roadway,Non-collision (single vehicle),Lost Control,Alcohol (Statutory),None apparent,Dark - roadway not lighted,Dry,Cloudy,None apparent,Non-intersection:  Driveway access (within),Unpaved,N/A,Possible/Unknown,0,1,0,0,1,0,170,1,1,N/A,POINT (-91.983366283002 42.189772623205)
2010594768,10-22866,10/12/2010,10-October,3-Tuesday,15:21,1500 Hours,District 1 (Central),,,US 69,US 69/S DUFF AVE,Collision with:  Vehicle in traffic,On Roadway,Rear-end (front to rear),Followed too close,None Indicated,None apparent,Daylight,Wet,Rain,None apparent,Non-intersection:  Non-junction/no special feature,Paved,N/A,Minor Injury,0,1,0,1,0,0,1500,2,2,N/A,POINT (-93.610014604937 42.001340340093)
2010595767,,10/12/2010,10-October,3-Tuesday,17:28,1700 Hours,District 6 (East Central),,,I-74,I-74 & GILBERT ST,Collision with:  Vehicle in traffic,On Roadway,Rear-end (front to rear),Swerving/Evasive Action,None Indicated,Other (explain in narrative),Daylight,Dry,Cloudy,None apparent,Non-intersection:  Other non-intersection (explain in narrative),Paved,N/A,Minor Injury,0,3,0,3,0,0,4700,3,4,N/A,POINT (-90.513367108519 41.52451052734)
2010594881,10-1367,10/13/2010,10-October,4-Wednesday,19:30,1900 Hours,District 1 (Central),,,US 6,US 6/HICKMAN RD & NW 100TH ST,Collision with:  Vehicle in traffic,On Roadway,"Angle, oncoming left turn",Ran Traffic Signal,None Indicated,None apparent,Dark - roadway lighted,Dry,Clear,None apparent,Intersection:  Four-way intersection,Paved,N/A,Property Damage Only,0,0,0,0,0,0,6000,2,2,N/A,POINT (-93.755922289672 41.614842587967)
2010595340,1019229,10/14/2010,10-October,5-Thursday,17:40,1700 Hours,District 6 (East Central),,,,E 53RD ST,Collision with:  Vehicle in traffic,On Roadway,Rear-end (front to rear),Followed too close,None Indicated,None apparent,Dark - roadway lighted,Dry,Clear,Other (explain in narrative),Non-intersection:  Driveway access (within),Paved,N/A,Property Damage Only,0,0,0,0,0,0,7000,2,2,N/A,POINT (-90.538028376869 41.574801592501)
2010595846,2010-49140,10/15/2010,10-October,6-Friday,11:06,1100 Hours,District 6 (East Central),,,,KIRKWOOD AVE,Collision with:  Vehicle in traffic,On Roadway,Broadside (front to side),FTYROW:  From driveway,None Indicated,None apparent,Daylight,Dry,Clear,None apparent,Non-intersection:  Driveway access (within),Paved,N/A,Property Damage Only,0,0,0,0,0,0,6500,2,2,N/A,POINT (-91.531205666575 41.649438912322)
2010603889,,10/15/2010,10-October,6-Friday,18:13,1800 Hours,District 2 (Northeast),,,IA 9,IA 9/IOWA 9 & MONTGOMERY ST,Collision with:  Vehicle in traffic,On Roadway,Rear-end (front to rear),Driver Distraction:  Reaching for object(s)/fallen object(s),None Indicated,None apparent,Daylight,Dry,Clear,None apparent,Intersection:  T-intersection,Paved,N/A,Possible/Unknown,0,1,0,0,1,0,0,2,2,N/A,POINT (-91.768986734215 43.291320967608)
2010598515,10-075,10/16/2010,10-October,7-Saturday,01:30,0100 Hours,District 3 (Northwest),,,IA 175,IA 175/360TH ST,Non-collision events:  Overturn/rollover,Shoulder,Non-collision (single vehicle),Swerving/Evasive Action,None Indicated,None apparent,Dark - roadway not lighted,Dry,Clear,None apparent,Non-intersection:  Non-junction/no special feature,Paved,N/A,Possible/Unknown,0,1,0,0,1,0,12000,1,1,N/A,POINT (-94.704316679483 42.267397246141)
2010595364,10-3644,10/16/2010,10-October,7-Saturday,14:26,1400 Hours,District 1 (Central),,,,11TH AVE S & S 24TH ST,Collision with:  Vehicle in traffic,On Roadway,Broadside (front to side),FTYROW:  Other (explain in narrative),None Indicated,None apparent,Daylight,Dry,Clear,None apparent,Intersection:  Four-way intersection,Paved,N/A,Property Damage Only,0,0,0,0,0,0,3000,2,2,N/A,POINT (-94.165193248763 42.492797057415)
2010597141,10010459,10/17/2010,10-October,1-Sunday,18:50,1800 Hours,District 2 (Northeast),,,IA 3,IA 3/40TH ST,Collision with:  Animal,N/A,N/A,Animal,None Indicated,N/A,N/A,N/A,N/A,N/A,N/A,Paved,N/A,Property Damage Only,0,0,0,0,0,0,5000,1,777,N/A,POINT (-91.616994489982 42.687497018116)
2010595853,201000031751,10/18/2010,10-October,2-Monday,07:28,0700 Hours,District 6 (East Central),,,,Co Rd W8E/IVANHOE RD,Collision with:  Animal,On Roadway,Non-collision (single vehicle),Animal,None Indicated,Animal in roadway,N/A,N/A,N/A,N/A,N/A,Paved,N/A,Property Damage Only,0,0,0,0,0,0,3000,1,1,N/A,POINT (-91.540381346056 41.89664537044)
2010601422,10-016892,10/19/2010,10-October,3-Tuesday,22:00,2200 Hours,District 5 (Southeast),,,,Co Rd J72/300 ST,Collision with:  Animal,N/A,N/A,Animal,None Indicated,N/A,N/A,N/A,N/A,N/A,N/A,Paved,N/A,Property Damage Only,0,0,0,0,0,0,2000,1,1,N/A,POINT (-91.498484536955 40.524074474093)
2010595786,W10-111085,10/20/2010,10-October,4-Wednesday,09:34,0900 Hours,District 2 (Northeast),,,,W AIRLINE HWY & WAGNER RD,Collision with:  Vehicle in traffic,On Roadway,Broadside (front to side),FTYROW:  From stop sign,None Indicated,None apparent,Daylight,Dry,Clear,None apparent,Intersection:  Four-way intersection,Paved,N/A,Minor Injury,0,1,0,1,0,0,2000,2,2,N/A,POINT (-92.377053077271 42.541948384793)
2010601698,,10/20/2010,10-October,4-Wednesday,05:30,0500 Hours,District 2 (Northeast),,,,265TH AVE & BUCK RD,Non-collision events:  Overturn/rollover,On Roadway,Non-collision (single vehicle),Swerving/Evasive Action,None Indicated,Animal in roadway,Dark - roadway not lighted,Dry,Clear,None apparent,Intersection:  Y-intersection,Paved,N/A,Possible/Unknown,0,1,0,0,1,0,18000,1,1,N/A,POINT (-91.919661348229 43.190803259575)
2010596287,20100034119,10/21/2010,10-October,5-Thursday,06:56,0600 Hours,District 1 (Central),,,I-235,I-235,Collision with:  Vehicle in traffic,On Roadway,Rear-end (front to rear),FTYROW:  Other (explain in narrative),None Indicated,None apparent,Dawn,Dry,Clear,None apparent,Non-intersection:  Non-junction/no special feature,Paved,N/A,Property Damage Only,0,0,0,0,0,0,5000,3,3,N/A,POINT (-93.649750043277 41.594703051503)
2010605464,10-10211528,10/21/2010,10-October,5-Thursday,15:28,1500 Hours,District 5 (Southeast),,,,R AVE,Collision with:  Vehicle in traffic,On Roadway,"Sideswipe, opposite direction",FTYROW:  Other (explain in narrative),None Indicated,Glare,Daylight,"Mud, dirt",Cloudy,None apparent,Non-intersection:  Non-junction/no special feature,Unpaved,N/A,Possible/Unknown,0,1,0,0,1,0,1500,2,5,N/A,POINT (-91.332550723043 41.117693134116)
2010596163,10-018294,10/22/2010,10-October,6-Friday,23:25,2300 Hours,District 3 (Northwest),,,US 18,US 18 & Co Rd M54/280 AVE,Collision with:  Vehicle in traffic,On Roadway,Broadside (front to side),Lost Control,Alcohol (Statutory),None apparent,Dark - roadway not lighted,Dry,Cloudy,None apparent,Intersection:  Four-way intersection,Paved,N/A,Minor Injury,0,2,0,2,0,0,6000,2,9,N/A,POINT (-95.033091481198 43.12683504958)
2010596422,10-014340,10/22/2010,10-October,6-Friday,22:22,2200 Hours,District 1 (Central),,,US 63,US 63,Collision with:  Animal,On Roadway,Non-collision (single vehicle),Animal,None Indicated,Animal in roadway,N/A,N/A,N/A,N/A,N/A,Paved,N/A,Property Damage Only,0,0,0,0,0,0,2000,1,1,N/A,POINT (-92.58315498536 41.91694685669)
2010596692,10-35366,10/23/2010,10-October,7-Saturday,02:38,0200 Hours,District 3 (Northwest),,,,DACE AVE TO 129 RAMP,Collision with:  Vehicle in traffic,On Roadway,Broadside (front to side),Ran Stop Sign,Alcohol (Statutory),None apparent,Dark - roadway lighted,Dry,Clear,None apparent,Intersection:  Intersection with ramp,Paved,N/A,Possible/Unknown,0,1,0,0,1,0,10000,2,4,N/A,POINT (-96.395316289355 42.487751172717)
2010596942,1019905,10/24/2010,10-October,1-Sunday,19:03,1900 Hours,District 6 (East Central),,,I-280,I-280,Collision with:  Animal,On Roadway,Non-collision (single vehicle),Animal,None Indicated,None apparent,Dark - roadway not lighted,Dry,Cloudy,None apparent,Non-intersection:  Non-junction/no special feature,Paved,N/A,Property Damage Only,0,0,0,0,0,0,2000,1,4,N/A,POINT (-90.671936979453 41.510097955171)
2010597443,20100034630,10/25/2010,10-October,2-Monday,10:10,1000 Hours,District 1 (Central),,,,9TH ST,Collision with:  Vehicle in traffic,On Roadway,"Angle, oncoming left turn",FTYROW:  Making left turn,None Indicated,None apparent,Daylight,Dry,Cloudy,None apparent,Non-intersection:  Driveway access (within),Paved,N/A,Possible/Unknown,0,1,0,0,1,0,6000,2,3,N/A,POINT (-93.629371555366 41.597941927553)
2010596566,10-39592,10/25/2010,10-October,2-Monday,13:41,1300 Hours,District 5 (Southeast),,,,MAIN ST,Collision with:  Vehicle in traffic,On Roadway,"Sideswipe, same direction",Other (explain in narrative):  Other,None Indicated,None apparent,Daylight,Dry,Cloudy,None apparent,Non-intersection:  Non-junction/no special feature,Paved,N/A,Property Damage Only,0,0,0,0,0,0,2000,2,1,N/A,POINT (-91.098618467767 40.792046920828)
2010599513,,10/26/2010,10-October,3-Tuesday,19:00,1900 Hours,District 5 (Southeast),,,IA 1,IA 1/IOWA 1 & IA 2/IOWA 2,Collision with:  Animal,On Roadway,Non-collision (single vehicle),Animal,None Indicated,N/A,Dark - roadway not lighted,Dry,Clear,N/A,Non-intersection:  Non-junction/no special feature,Paved,N/A,Possible/Unknown,0,3,0,0,3,0,0,1,5,N/A,POINT (-91.948443595275 40.674427342862)
2010597193,201016831,10/27/2010,10-October,4-Wednesday,17:59,1700 Hours,District 6 (East Central),,,,5TH ST SW,Collision with:  Vehicle in traffic,On Roadway,Broadside (front to side),Other (explain in narrative):  Other,None Indicated,None apparent,Dark - roadway not lighted,Wet,Rain,Traffic control obscured,Intersection:  Four-way intersection,Paved,N/A,Possible/Unknown,0,2,0,0,1,1,7000,2,7,N/A,POINT (-91.678184468251 41.974707725184)
2010597337,10022638,10/27/2010,10-October,4-Wednesday,18:08,1800 Hours,District 2 (Northeast),,,IA 122,IA 122/IOWA 122 & S VIRGINIA AVE,Collision with:  Vehicle in traffic,On Roadway,Rear-end (front to rear),Followed too close,None Indicated,None apparent,Dusk,Dry,Cloudy,Other (explain in narrative),Intersection:  Four-way intersection,Paved,N/A,Possible/Unknown,0,1,0,0,1,0,7500,3,5,N/A,POINT (-93.186023374842 43.14807248569)
2010597880,,10/28/2010,10-October,5-Thursday,18:11,1800 Hours,District 6 (East Central),,,,KEOKUK ST,Collision with:  Vehicle in traffic,On Roadway,Broadside (front to side),FTYROW:  From stop sign,None Indicated,None apparent,Dusk,Dry,Clear,None apparent,Intersection:  T-intersection,Paved,N/A,Property Damage Only,0,0,0,0,0,0,2000,2,5,N/A,POINT (-91.524412239008 41.642975022178)
2010599407,1020225,10/29/2010,10-October,6-Friday,18:13,1800 Hours,District 6 (East Central),,,,W LOCUST ST & VINE ST,Collision with:  Vehicle in traffic,On Roadway,"Angle, oncoming left turn",FTYROW:  Making left turn,None Indicated,None apparent,Dark - roadway lighted,Dry,Clear,None apparent,Intersection:  Four-way intersection,Paved,N/A,Property Damage Only,0,0,0,0,0,0,1600,2,5,N/A,POINT (-90.587268394124 41.53825331776)
2010597718,20100035085,10/29/2010,10-October,6-Friday,11:30,1100 Hours,District 1 (Central),,,US 69,US 69/SE 14TH ST & E HARTFORD AVE,Collision with:  Vehicle in traffic,On Roadway,Broadside (front to side),Ran Traffic Signal,None Indicated,None apparent,Daylight,Dry,Clear,None apparent,Intersection:  Four-way intersection,Paved,N/A,Property Damage Only,0,0,0,0,0,0,12500,2,2,N/A,POINT (-93.596929287581 41.569733065372)
2010643217,,10/30/2010,10-October,7-Saturday,16:18,1600 Hours,District 4 (Southwest),,,,N DECATUR ST,Collision with:  Other non-fixed object (explain in narrative),On Roadway,Non-collision (single vehicle),Swerving/Evasive Action,Alcohol (Statutory),None apparent,Daylight,Dry,Clear,None apparent,Non-intersection:  Non-junction/no special feature,Paved,N/A,Minor Injury,0,1,0,1,0,0,1000,1,1,N/A,POINT (-94.049650471677 40.711316439209)
2010597778,10-2911,10/30/2010,10-October,7-Saturday,13:45,1300 Hours,District 1 (Central),,,,86TH ST,Collision with:  Vehicle in traffic,On Roadway,Rear-end (front to rear),Driving too fast for conditions,None Indicated,None apparent,Daylight,Dry,Clear,None apparent,Intersection:  Four-way intersection,Paved,N/A,Property Damage Only,0,0,0,0,0,0,3800,4,7,N/A,POINT (-93.73654189975 41.628875470233)
2010599409,1020352,10/31/2010,10-October,1-Sunday,18:42,1800 Hours,District 6 (East Central),,,I-80,I-80,Collision with:  Animal,N/A,N/A,Animal,None Indicated,N/A,N/A,N/A,N/A,N/A,N/A,Paved,N/A,Property Damage Only,0,0,0,0,0,0,4000,1,777,N/A,POINT (-90.572354925506 41.594003925257)
2010598730,2010062524,11/01/2010,11-November,2-Monday,18:00,1800 Hours,District 1 (Central),,,I-35,I-35,Collision with:  Animal,On Roadway,Non-collision (single vehicle),Animal,None Indicated,Animal in roadway,Daylight,Unknown,Unknown,None apparent,Non-intersection:  Non-junction/no special feature,Paved,N/A,Property Damage Only,0,0,0,0,0,0,1500,1,1,N/A,POINT (-93.57135173178 42.025740019873)
2010599039,,11/01/2010,11-November,2-Monday,09:10,0900 Hours,District 1 (Central),,,,2ND ST & RIVER ST,Collision with fixed object:  Bridge overhead structure,On Roadway,Unknown,Other (explain in narrative):  Other,None Indicated,None apparent,Daylight,Dry,Clear,None apparent,Non-intersection:  Other non-intersection (explain in narrative),Paved,N/A,Property Damage Only,0,0,0,0,0,0,10000,1,1,N/A,POINT (-93.813136037638 42.469412743007)
2010602352,2010-11-02TP,11/02/2010,11-November,3-Tuesday,21:49,2100 Hours,District 3 (Northwest),,,,260TH AVE,Non-collision events:  Overturn/rollover,Gore,Non-collision (single vehicle),Ran off road - right,Alcohol (< Statutory),None apparent,Dark - roadway not lighted,"Mud, dirt",Clear,None apparent,Non-intersection:  Non-junction/no special feature,Unpaved,N/A,Property Damage Only,0,0,0,0,0,0,7400,1,1,N/A,POINT (-95.072473462927 43.324656383585)
2010598744,10-116034,11/02/2010,11-November,3-Tuesday,06:17,0600 Hours,District 2 (Northeast),,,,Co Rd D48/BRANDON RD,Collision with:  Animal,N/A,N/A,Animal,None Indicated,N/A,N/A,N/A,N/A,N/A,N/A,Paved,N/A,Property Damage Only,0,0,0,0,0,0,1500,1,777,N/A,POINT (-92.150509118457 42.339373465648)
2010598483,10-038203,11/03/2010,11-November,4-Wednesday,15:43,1500 Hours,District 4 (Southwest),,,,AVE E & N 26TH ST,Collision with:  Vehicle in traffic,On Roadway,Broadside (front to side),FTYROW:  At uncontrolled intersection,None Indicated,None apparent,Daylight,Dry,Clear,None apparent,Non-intersection:  Non-junction/no special feature,Paved,N/A,Property Damage Only,0,0,0,0,0,0,2000,2,2,N/A,POINT (-95.88431641346 41.266277925273)
2010598512,W10-116877,11/04/2010,11-November,5-Thursday,12:11,1200 Hours,District 2 (Northeast),,,,RUDI PL & W 9TH ST,Collision with:  Vehicle in traffic,On Roadway,Rear-end (front to rear),Followed too close,None Indicated,None apparent,Daylight,Dry,Clear,None apparent,Intersection:  T-intersection,Paved,N/A,Property Damage Only,0,0,0,0,0,0,1500,2,6,N/A,POINT (-92.343163068247 42.46610123611)
2010599705,10-005472,11/04/2010,11-November,5-Thursday,07:45,0700 Hours,District 1 (Central),,,,NE DELAWARE AVE & NE 16TH ST,Collision with:  Vehicle in traffic,On Roadway,Rear-end (front to rear),Other (explain in narrative):  Vision obstructed,None Indicated,None apparent,Daylight,Dry,Clear,None apparent,Non-intersection:  Non-junction/no special feature,Paved,N/A,Property Damage Only,0,0,0,0,0,0,2000,2,4,N/A,POINT (-93.581047212619 41.744580197064)
2010598772,CL10004622,11/05/2010,11-November,6-Friday,17:52,1700 Hours,District 6 (East Central),,,US 67,US 67/MAIN AVE/N 3RD ST & IA 136,Collision with:  Vehicle in traffic,On Roadway,Head-on (front to front),FTYROW:  Making left turn,None Indicated,None apparent,Dusk,Dry,Clear,None apparent,Intersection:  Four-way intersection,Paved,N/A,Property Damage Only,0,0,0,0,0,0,2200,2,3,N/A,POINT (-90.183499171707 41.873424432675)
2010618516,32-134-10,11/05/2010,11-November,6-Friday,07:59,0700 Hours,District 3 (Northwest),,,,5TH AVE N & N 13TH ST,Collision with:  Vehicle in traffic,On Roadway,"Angle, oncoming left turn",FTYROW:  From stop sign,None Indicated,None apparent,Daylight,Dry,Cloudy,None apparent,Intersection:  Four-way intersection,Paved,N/A,Property Damage Only,0,0,0,0,0,0,4222,2,3,N/A,POINT (-94.827854954021 43.406490328878)
2010599450,HR1020702,11/06/2010,11-November,7-Saturday,00:44,0000 Hours,District 6 (East Central),,,,E 12TH ST,Collision with:  Parked motor vehicle,On Roadway,Rear-end (front to rear),Other (explain in narrative):  Other,None Indicated,None apparent,Dark - roadway not lighted,Dry,Clear,None apparent,Non-intersection:  Non-junction/no special feature,Paved,N/A,Property Damage Only,0,0,0,0,0,0,6000,3,1,N/A,POINT (-90.565520510553 41.531949549613)
2010599711,20100035972,11/06/2010,11-November,7-Saturday,01:30,0100 Hours,District 1 (Central),,,,42ND ST,Collision with fixed object:  Utility pole/light support,Roadside,Non-collision (single vehicle),Ran off road - right,Alcohol (Statutory),None apparent,Dark - roadway lighted,Dry,Cloudy,None apparent,Non-intersection:  Non-junction/no special feature,Paved,N/A,Minor Injury,0,3,0,1,2,0,13696,1,3,N/A,POINT (-93.674373368811 41.596029431775)
2010609386,201004080706,11/07/2010,11-November,1-Sunday,19:17,1900 Hours,District 5 (Southeast),,,IA 92,IA 92/IOWA 92,Collision with:  Animal,N/A,N/A,Animal,None Indicated,N/A,N/A,N/A,N/A,N/A,N/A,Paved,N/A,Property Damage Only,0,0,0,0,0,0,4000,1,777,N/A,POINT (-92.319527715186 41.336372400473)
2010599849,,11/08/2010,11-November,2-Monday,18:40,1800 Hours,District 4 (Southwest),,,US 71,US 71 & Co Rd F16/120 ST,Collision with:  Animal,On Roadway,Non-collision (single vehicle),Animal,None Indicated,Animal in roadway,Dark - roadway not lighted,Dry,Clear,None apparent,Non-intersection:  Non-junction/no special feature,Paved,N/A,Property Damage Only,0,0,0,0,0,0,2000,1,1,N/A,POINT (-94.937120257705 41.834561901811)
2010599431,1020859,11/08/2010,11-November,2-Monday,13:50,1300 Hours,District 6 (East Central),,,,W 17TH ST & WASHINGTON ST,Collision with:  Vehicle in traffic,On Roadway,Broadside (front to side),FTYROW:  From stop sign,None Indicated,None apparent,Daylight,Dry,Clear,None apparent,Intersection:  Four-way intersection,Paved,N/A,Property Damage Only,0,0,0,0,0,0,2500,2,2,N/A,POINT (-90.596237599161 41.536883145694)
2010601063,,11/09/2010,11-November,3-Tuesday,13:15,1300 Hours,District 3 (Northwest),,,US 59,US 59,Collision with:  Animal,On Roadway,Non-collision (single vehicle),Animal,None Indicated,N/A,Daylight,Dry,Cloudy,N/A,Non-intersection:  Non-junction/no special feature,Paved,N/A,Possible/Unknown,0,1,0,0,1,0,0,1,1,N/A,POINT (-95.554523764317 42.683868773684)
2010599562,10-016536,11/10/2010,11-November,4-Wednesday,17:37,1700 Hours,District 5 (Southeast),,,IA 2,IA 2/IOWA 2,Collision with:  Animal,N/A,N/A,Animal,None Indicated,N/A,N/A,N/A,N/A,N/A,N/A,Paved,N/A,Property Damage Only,0,0,0,0,0,0,1500,1,777,N/A,POINT (-92.89379825936 40.738030064787)
2010600290,10-010266,11/10/2010,11-November,4-Wednesday,15:24,1500 Hours,District 6 (East Central),,,,W MARION ST & S 5TH ST,Collision with:  Vehicle in traffic,On Roadway,Broadside (front to side),FTYROW:  From yield sign,None Indicated,None apparent,Daylight,Dry,Cloudy,None apparent,Intersection:  Four-way intersection,Paved,N/A,Minor Injury,0,1,0,1,0,0,8800,2,3,N/A,POINT (-91.464615304706 42.48207691775)
2010600176,10-25286,11/11/2010,11-November,5-Thursday,15:18,1500 Hours,District 1 (Central),,,,DUFF AVE,Collision with:  Vehicle in traffic,On Roadway,"Sideswipe, same direction",FTYROW:  Other (explain in narrative),None Indicated,None apparent,Daylight,Dry,Clear,None apparent,Non-intersection:  Non-junction/no special feature,Paved,N/A,Property Damage Only,0,0,0,0,0,0,2000,2,2,N/A,POINT (-93.610493485743 42.027429887989)
2010601105,106336,11/11/2010,11-November,5-Thursday,18:33,1800 Hours,District 4 (Southwest),,,IA 141,IA 141/IOWA 141,Collision with:  Animal,N/A,N/A,Animal,None Indicated,N/A,N/A,N/A,N/A,N/A,N/A,Paved,N/A,Property Damage Only,0,0,0,0,0,0,2000,1,777,N/A,POINT (-93.859827628688 41.775437271923)
2010601598,891008497,11/12/2010,11-November,6-Friday,13:53,1300 Hours,District 5 (Southeast),,,,DIVISION ST,Collision with:  Parked motor vehicle,Shoulder,Rear-end (front to rear),Improper Backing,None Indicated,None apparent,Daylight,Dry,Cloudy,None apparent,Non-intersection:  Non-junction/no special feature,Paved,N/A,Property Damage Only,0,0,0,0,0,0,10000,2,3,N/A,POINT (-92.069722668744 40.644613863589)
2010600038,1000001063,11/12/2010,11-November,6-Friday,18:20,1800 Hours,District 1 (Central),,,IA 330,IA 330/MARSHALLTOWN BLVD,Collision with:  Animal,N/A,N/A,Animal,None Indicated,N/A,N/A,N/A,N/A,N/A,N/A,Paved,N/A,Property Damage Only,0,0,0,0,0,0,2500,1,777,N/A,POINT (-93.223385373113 41.869506805583)
2010600080,10-1491,11/13/2010,11-November,7-Saturday,13:15,1300 Hours,District 1 (Central),,,US 6,US 6/HICKMAN RD & NW 86TH ST,Collision with:  Vehicle in traffic,On Roadway,"Sideswipe, same direction",Made improper turn,None Indicated,None apparent,Daylight,Dry,Cloudy,None apparent,Intersection:  Four-way intersection,Paved,N/A,Property Damage Only,0,0,0,0,0,0,4500,2,2,N/A,POINT (-93.736490965475 41.61490567035)
2010601640,2010064569,11/13/2010,11-November,7-Saturday,06:30,0600 Hours,District 1 (Central),,,I-35,I-35,Collision with:  Animal,N/A,N/A,Animal,None Indicated,N/A,N/A,N/A,N/A,N/A,N/A,Paved,N/A,Property Damage Only,0,0,0,0,0,0,3000,1,777,N/A,POINT (-93.571351570487 42.025722007519)
2010602402,10-061114-02,11/14/2010,11-November,1-Sunday,22:00,2200 Hours,District 6 (East Central),,,I-80,I-80,Collision with fixed object:  Guardrail - face,On Roadway,Non-collision (single vehicle),Ran off road - left,None Indicated,None apparent,Dark - roadway not lighted,Dry,Cloudy,None apparent,Non-intersection:  Non-junction/no special feature,Paved,N/A,Property Damage Only,0,0,0,0,0,0,6500,1,1,N/A,POINT (-92.110223264308 41.692714462575)
2010600107,20100036911,11/14/2010,11-November,1-Sunday,01:35,0100 Hours,District 1 (Central),,,,WATROUS AVE & SW 9TH ST,Collision with fixed object:  Utility pole/light support,On Roadway,Non-collision (single vehicle),Other (explain in narrative):  Other,None Indicated,None apparent,Dark - roadway lighted,Dry,Clear,None apparent,Intersection:  Four-way intersection,Paved,N/A,Minor Injury,0,3,0,1,2,0,10500,1,4,N/A,POINT (-93.625771576313 41.548214403671)
2010601743,,11/15/2010,11-November,2-Monday,17:25,1700 Hours,District 6 (East Central),,,,BLAIRS FERRY RD NE & ROCKWELL DR NE,Collision with:  Vehicle in traffic,On Roadway,"Angle, oncoming left turn",Unknown,None Indicated,N/A,Dusk,Dry,Clear,N/A,Intersection:  Four-way intersection,Paved,N/A,Property Damage Only,0,0,0,0,0,0,4800,2,3,N/A,POINT (-91.649230468219 42.035163812199)