Iowa DOT Case Number,Law Enforcement Case Number,Date of Crash,Month of Crash,Day of Week,Time of Crash,Hour,DOT District,City Name,County Name,Route with System,Location Description,First Harmful Event,Location of First Harmful Event,Manner of Crash/Collision,Major Cause,Drug or Alcohol ,Environmental Conditions,Light Conditions,Surface Conditions,Weather Conditions,Roadway Contribution,Roadway Type,Roadway Surface,Work Zone,Crash Severity,Number of Fatalities,Number of Injuries,Number of Major Injuries,Number of Minor Injuries,Number of Possible Injuries,Number of Unknown Injuries,Amount of Property Damage,Number of Vehicles Involved,Total Number of Occupants,Travel Direction,Location
2010600432,201000050782,11/16/2010,11-November,3-Tuesday,09:41,0900 Hours,District 5 (Southeast),,,,E PARK AVE & N COURT ST,Collision with:  Vehicle in traffic,On Roadway,Rear-end (front to rear),Followed too close,None Indicated,None apparent,Daylight,Wet,Cloudy,"Surface condition (e.g., wet, icy)",Non-intersection:  Non-junction/no special feature,Paved,N/A,Property Damage Only,0,0,0,0,0,0,1950,2,2,N/A,POINT (-92.409064899052 41.032832831978)
2010601978,,11/16/2010,11-November,3-Tuesday,07:40,0700 Hours,District 6 (East Central),,,IA 922,IA 922/WILLIAMS BLVD/1ST AVE W & 18TH ST NW & 18TH ST SW,Collision with:  Vehicle in traffic,On Roadway,"Sideswipe, same direction",Unknown,None Indicated,N/A,Daylight,Dry,Clear,N/A,Non-intersection:  Non-junction/no special feature,Paved,N/A,Property Damage Only,0,0,0,0,0,0,3000,2,3,N/A,POINT (-91.696596919794 41.970847357358)
2010603398,2010065316,11/17/2010,11-November,4-Wednesday,20:02,2000 Hours,District 4 (Southwest),,,I-680,I-680,Collision with:  Animal,On Roadway,Non-collision (single vehicle),Animal,None Indicated,Animal in roadway,N/A,N/A,N/A,N/A,N/A,Paved,N/A,Property Damage Only,0,0,0,0,0,0,6000,1,1,N/A,POINT (-95.868005237564 41.494308503782)
2010601150,20100037334,11/17/2010,11-November,4-Wednesday,21:55,2100 Hours,District 1 (Central),,,US 69,US 69/SE 14TH ST & CUMMINS RD,Collision with:  Vehicle in traffic,On Roadway,Rear-end (front to rear),Ran Traffic Signal,Refused,None apparent,Dark - roadway lighted,Dry,Clear,None apparent,Non-intersection:  Driveway access (within),Paved,N/A,Major Injury,0,1,1,0,0,0,14000,2,2,N/A,POINT (-93.596781892593 41.52893969178)
2010604328,1021521,11/18/2010,11-November,5-Thursday,17:18,1700 Hours,District 6 (East Central),,,US 6,US 6/E KIMBERLY RD,Collision with:  Vehicle in traffic,On Roadway,Rear-end (front to rear),Followed too close,None Indicated,None apparent,Dark - roadway not lighted,Dry,Clear,None apparent,Non-intersection:  Non-junction/no special feature,Paved,N/A,Property Damage Only,0,0,0,0,0,0,1700,3,4,N/A,POINT (-90.54020884707 41.556853612988)
2010609449,10-005979,11/19/2010,11-November,6-Friday,18:48,1800 Hours,District 3 (Northwest),,,IA 183,IA 183/IOWA 183,Collision with:  Animal,N/A,N/A,Animal,None Indicated,N/A,N/A,N/A,N/A,N/A,N/A,Paved,N/A,Property Damage Only,0,0,0,0,0,0,4500,1,777,N/A,POINT (-95.880676975055 41.901612852292)
2010603447,2010065786,11/19/2010,11-November,6-Friday,19:40,1900 Hours,District 5 (Southeast),,,,Co Rd T15/HWY T15,Non-collision events:  Overturn/rollover,Shoulder,Non-collision (single vehicle),Crossed centerline (undivided),Alcohol (Statutory),None apparent,Dark - roadway not lighted,Dry,Clear,None apparent,Non-intersection:  Non-junction/no special feature,Paved,N/A,Fatal,1,0,0,0,0,0,5000,1,1,N/A,POINT (-92.991764683678 41.342977610813)
2010601774,01-10-57066,11/20/2010,11-November,7-Saturday,00:53,0000 Hours,District 6 (East Central),,,,KAUFMANN AVE & HEEB ST,Collision with:  Parked motor vehicle,On Roadway,Unknown,Improper Backing,None Indicated,None apparent,Dark - roadway lighted,Dry,Clear,None apparent,Non-intersection:  Non-junction/no special feature,Paved,N/A,Property Damage Only,0,0,0,0,0,0,2300,2,1,N/A,POINT (-90.672076425923 42.513164768171)
2010601450,201018273,11/20/2010,11-November,7-Saturday,03:15,0300 Hours,District 6 (East Central),,,,ROLLING RIDGE DR SW,Collision with:  Parked motor vehicle,On Roadway,Head-on (front to front),Crossed centerline (undivided),Alcohol (Statutory),None apparent,Dark - roadway lighted,Dry,Clear,None apparent,Non-intersection:  Non-junction/no special feature,Unpaved,N/A,Possible/Unknown,0,1,0,0,0,1,10000,2,1,N/A,POINT (-91.657290899897 41.908645782885)
2010602289,10024337,11/21/2010,11-November,1-Sunday,22:32,2200 Hours,District 2 (Northeast),,,,6TH ST SE,Collision with:  Parked motor vehicle,On Roadway,Rear-end (front to rear),Improper Backing,None Indicated,None apparent,Dark - unknown roadway lighting,Wet,Cloudy,None apparent,Non-intersection:  Alley,Paved,N/A,Property Damage Only,0,0,0,0,0,0,1700,2,1,N/A,POINT (-93.193125829649 43.146187708364)
2010601800,10-32503,11/22/2010,11-November,2-Monday,22:45,2200 Hours,District 1 (Central),,,I-80,I-80,Collision with:  Vehicle in traffic,On Roadway,"Sideswipe, same direction",Crossed centerline (undivided),None Indicated,None apparent,Dark - roadway not lighted,Dry,Cloudy,None apparent,Non-intersection:  Other non-intersection (explain in narrative),Paved,N/A,Property Damage Only,0,0,0,0,0,0,2500,2,2,N/A,POINT (-93.169352674327 41.686585703494)
2010604405,,11/22/2010,11-November,2-Monday,12:36,1200 Hours,District 5 (Southeast),,,US 61,US 61/AVE H & 19TH ST,Collision with:  Vehicle in traffic,On Roadway,Rear-end (front to rear),Lost Control,None Indicated,Weather conditions,Daylight,Water (standing or moving),Rain,Unknown,Intersection:  Four-way intersection,Paved,N/A,Property Damage Only,0,0,0,0,0,0,2500,3,4,N/A,POINT (-91.331922286217 40.630249578063)
2010602861,1021842,11/23/2010,11-November,3-Tuesday,16:19,1600 Hours,District 6 (East Central),,,,W CENTRAL PARK AVE & CLARK ST,Collision with:  Vehicle in traffic,On Roadway,"Angle, oncoming left turn",FTYROW:  Making left turn,None Indicated,None apparent,Dusk,Dry,Clear,None apparent,Intersection:  Four-way intersection,Paved,N/A,Property Damage Only,0,0,0,0,0,0,3000,2,2,N/A,POINT (-90.620724894203 41.545435429992)
2010602075,10024276,11/23/2010,11-November,3-Tuesday,15:39,1500 Hours,District 6 (East Central),,,IA 100,IA 100/IOWA 100 & MUNIER RD,Collision with:  Vehicle in traffic,On Roadway,Broadside (front to side),FTYROW:  From stop sign,None Indicated,None apparent,Daylight,Dry,Clear,None apparent,Intersection:  T-intersection,Paved,N/A,Possible/Unknown,0,1,0,0,1,0,10000,2,2,N/A,POINT (-91.565812338529 42.020065722976)
2010602636,10-4093,11/24/2010,11-November,4-Wednesday,11:40,1100 Hours,District 1 (Central),,,,S 31ST ST,Collision with fixed object:  Utility pole/light support,Outside trafficway,Non-collision (single vehicle),Driving too fast for conditions,None Indicated,None apparent,Daylight,Ice/frost,"Sleet, hail","Surface condition (e.g., wet, icy)",Non-intersection:  Non-junction/no special feature,Paved,N/A,Property Damage Only,0,0,0,0,0,0,4000,1,3,N/A,POINT (-94.152316364201 42.503941259377)
2010603838,10-39890,11/24/2010,11-November,4-Wednesday,16:19,1600 Hours,District 6 (East Central),,,US 67,US 67/CODY RD & EAGLE RIDGE RD,Collision with:  Vehicle in traffic,On Roadway,"Angle, oncoming left turn",FTYROW:  Making left turn,None Indicated,None apparent,Dusk,Wet,Rain,None apparent,Intersection:  Four-way intersection,Paved,N/A,Property Damage Only,0,0,0,0,0,0,6000,2,3,N/A,POINT (-90.357291219843 41.587520457191)
2010602502,20100037979,11/24/2010,11-November,4-Wednesday,14:05,1400 Hours,District 1 (Central),,,,FLEUR DR,Collision with:  Vehicle in traffic,On Roadway,"Sideswipe, same direction",FTYROW:  From driveway,None Indicated,None apparent,Daylight,Wet,Rain,None apparent,Non-intersection:  Driveway access (within),Paved,N/A,Property Damage Only,0,0,0,0,0,0,3500,2,2,N/A,POINT (-93.645020758192 41.543883609419)
2010602499,20100037985,11/24/2010,11-November,4-Wednesday,14:27,1400 Hours,District 1 (Central),,,,FOREST AVE & 21ST ST,Collision with:  Parked motor vehicle,On Roadway,Broadside (front to side),Ran Stop Sign,None Indicated,None apparent,Daylight,Wet,Rain,None apparent,Intersection:  Four-way intersection,Paved,N/A,Possible/Unknown,0,1,0,0,1,0,6750,5,4,N/A,POINT (-93.64530770363 41.604059561436)
2010603026,PD100829,11/26/2010,11-November,6-Friday,07:20,0700 Hours,District 1 (Central),,,,13TH ST & L AVE,Collision with:  Vehicle in traffic,On Roadway,"Sideswipe, same direction",Other (explain in narrative):  Vision obstructed,None Indicated,None apparent,Dawn,Dry,Cloudy,None apparent,Intersection:  Other intersection (explain in narrative),Paved,N/A,Property Damage Only,0,0,0,0,0,0,4000,2,1,N/A,POINT (-92.780505696461 42.357143278989)
2010603531,10-005889,11/26/2010,11-November,6-Friday,12:14,1200 Hours,District 1 (Central),,,IA 415,IA 415/SW ORALABOR RD,Collision with fixed object:  Utility pole/light support,Outside trafficway,Non-collision (single vehicle),Ran off road - right,None Indicated,None apparent,Daylight,Dry,Cloudy,None apparent,Non-intersection:  Non-junction/no special feature,Paved,N/A,Property Damage Only,0,0,0,0,0,0,7000,1,1,N/A,POINT (-93.645558366428 41.702551289694)
2010606370,2010067179,11/27/2010,11-November,7-Saturday,14:00,1400 Hours,District 5 (Southeast),,,US 34,US 34,Collision with:  Animal,N/A,N/A,Animal,None Indicated,N/A,N/A,N/A,N/A,N/A,N/A,Paved,N/A,Property Damage Only,0,0,0,0,0,0,5000,1,777,N/A,POINT (-92.791321271424 41.015854198056)
2010603061,10-017643,11/28/2010,11-November,1-Sunday,12:13,1200 Hours,District 5 (Southeast),,,,198 AVE,Non-collision events:  Other non-collision (explain in narrative),On Roadway,Non-collision (single vehicle),Over correcting/over steering,None Indicated,None apparent,Daylight,Dry,Clear,None apparent,Non-intersection:  Non-junction/no special feature,Unpaved,N/A,Major Injury,0,1,1,0,0,0,4000,1,1,N/A,POINT (-91.529836816283 40.613778477448)
2010603134,20100038508,11/29/2010,11-November,2-Monday,15:50,1500 Hours,District 1 (Central),,,,FOREST AVE & 30TH ST,Collision with:  Vehicle in traffic,On Roadway,"Angle, oncoming left turn",FTYROW:  Making left turn,None Indicated,None apparent,Daylight,Wet,Rain,None apparent,Intersection:  Four-way intersection,Paved,N/A,Property Damage Only,0,0,0,0,0,0,4500,2,2,N/A,POINT (-93.658435706144 41.60400313663)
2010606162,10-005944,11/29/2010,11-November,2-Monday,17:04,1700 Hours,District 1 (Central),,,,SE 9TH ST & SE DELAWARE AVE,Collision with:  Vehicle in traffic,On Roadway,Rear-end (front to rear),Followed too close,None Indicated,None apparent,Dark - roadway lighted,Wet,Cloudy,None apparent,Non-intersection:  Non-junction/no special feature,Paved,N/A,Minor Injury,0,1,0,1,0,0,12500,3,3,N/A,POINT (-93.581130165006 41.721764960445)
2010604332,1022227,11/30/2010,11-November,3-Tuesday,10:18,1000 Hours,District 6 (East Central),,,,E LOCUST ST & LE CLAIRE ST,Collision with fixed object:  Curb/island/raised median,Outside trafficway,Non-collision (single vehicle),Ran off road - right,None Indicated,None apparent,Daylight,Dry,Cloudy,None apparent,Non-intersection:  Non-junction/no special feature,Paved,N/A,Property Damage Only,0,0,0,0,0,0,4000,1,2,N/A,POINT (-90.568556061943 41.538264254324)
2010603487,10-44194,12/01/2010,12-December,4-Wednesday,15:35,1500 Hours,District 5 (Southeast),,,US 61,US 61 & WEST AVE,Collision with:  Vehicle in traffic,On Roadway,Rear-end (front to rear),Followed too close,None Indicated,None apparent,Daylight,Dry,Cloudy,None apparent,Non-intersection:  Non-junction/no special feature,Paved,N/A,Property Damage Only,0,0,0,0,0,0,2000,2,2,N/A,POINT (-91.141634016557 40.800413628186)
2010606338,2010067999,12/02/2010,12-December,5-Thursday,07:49,0700 Hours,District 1 (Central),,,I-235,I-235,Collision with fixed object:  Concrete traffic barrier (median or right side),Median,Non-collision (single vehicle),Over correcting/over steering,None Indicated,Other (explain in narrative),Daylight,Dry,Cloudy,None apparent,Non-intersection:  Non-junction/no special feature,Paved,N/A,Property Damage Only,0,0,0,0,0,0,1500,1,1,N/A,POINT (-93.57569516669 41.644835547749)
2010605296,,12/03/2010,12-December,6-Friday,15:40,1500 Hours,District 6 (East Central),,,US 30,US 30 & Co Rd Y62/260 AVE,Collision with:  Vehicle in traffic,On Roadway,"Sideswipe, same direction",Lost Control,None Indicated,Weather conditions,Daylight,Snow,Snow,"Surface condition (e.g., wet, icy)",Intersection:  T-intersection,Paved,N/A,Minor Injury,0,1,0,1,0,0,5000,2,2,N/A,POINT (-90.587613643255 41.825712475466)
2010604418,,12/03/2010,12-December,6-Friday,11:07,1100 Hours,District 2 (Northeast),,,US 18,US 18/BRANTINGHAM ST/GILBERT ST & IA 14 & FREEMAN ST,Collision with:  Vehicle in traffic,On Roadway,"Sideswipe, same direction",Made improper turn,None Indicated,None apparent,Daylight,Dry,Cloudy,None apparent,Intersection:  Four-way intersection,Paved,N/A,Property Damage Only,0,0,0,0,0,0,2500,2,7,N/A,POINT (-92.6766117698 43.062778319499)
2010604954,10025018,12/03/2010,12-December,6-Friday,19:08,1900 Hours,District 2 (Northeast),,,,12TH ST NW & N JEFFERSON AVE,Collision with:  Vehicle in traffic,On Roadway,Rear-end (front to rear),Driving too fast for conditions,None Indicated,Weather conditions,Dark - roadway lighted,Snow,Cloudy,"Surface condition (e.g., wet, icy)",Intersection:  T-intersection,Paved,N/A,Property Damage Only,0,0,0,0,0,0,3500,2,3,N/A,POINT (-93.205971148356 43.162725212283)
2010603606,W10-127331,12/04/2010,12-December,7-Saturday,02:57,0200 Hours,District 2 (Northeast),,,,W AIRLINE HWY,Collision with fixed object:  Utility pole/light support,Unknown,Non-collision (single vehicle),Unknown,None Indicated,None apparent,Dark - roadway lighted,Dry,Clear,None apparent,Non-intersection:  Non-junction/no special feature,Paved,N/A,Property Damage Only,0,0,0,0,0,0,3000,1,1,N/A,POINT (-92.339699234333 42.542162501323)
2010606658,2010068548,12/04/2010,12-December,7-Saturday,07:10,0700 Hours,District 6 (East Central),,,US 6,US 6,Collision with fixed object:  Ditch,On Roadway,Non-collision (single vehicle),Driving too fast for conditions,None Indicated,Weather conditions,Dawn,Ice/frost,Snow,"Surface condition (e.g., wet, icy)",Non-intersection:  Non-junction/no special feature,Paved,N/A,Property Damage Only,0,0,0,0,0,0,15200,1,8,N/A,POINT (-91.035698735134 41.63457068914)
2010603724,201000037509,12/05/2010,12-December,1-Sunday,03:02,0300 Hours,District 6 (East Central),,,,Co Rd E70/WRIGHT BROTHER S BLVD & LEFEBURE RD,Collision with fixed object:  Ditch,Roadside,Non-collision (single vehicle),Ran Stop Sign,Refused,None apparent,Dark - roadway not lighted,Dry,Cloudy,None apparent,Intersection:  T-intersection,Paved,N/A,Possible/Unknown,0,1,0,0,1,0,3250,1,1,N/A,POINT (-91.773533349919 41.891041508405)
2010604204,01-10-59648,12/06/2010,12-December,2-Monday,14:20,1400 Hours,District 6 (East Central),,,,ASBURY RD,Collision with:  Vehicle in traffic,On Roadway,Rear-end (front to rear),Lost Control,None Indicated,None apparent,Daylight,Dry,Cloudy,None apparent,Intersection:  T-intersection,Paved,N/A,Property Damage Only,0,0,0,0,0,0,2900,2,3,N/A,POINT (-90.738946396396 42.51529674541)
2010604258,10-6118,12/06/2010,12-December,2-Monday,15:47,1500 Hours,District 1 (Central),,,,WOODLAND AVE & 39TH ST,Collision with:  Vehicle in traffic,On Roadway,Rear-end (front to rear),Followed too close,None Indicated,None apparent,Daylight,Dry,Clear,None apparent,Non-intersection:  Non-junction/no special feature,Paved,N/A,Property Damage Only,0,0,0,0,0,0,4500,2,2,N/A,POINT (-93.756616505927 41.588996365483)
2010607743,1207094210,12/07/2010,12-December,3-Tuesday,09:42,0900 Hours,District 5 (Southeast),,,IA 22,IA 22/E AVE,Collision with:  Vehicle in traffic,On Roadway,"Sideswipe, same direction",FTYROW:  From driveway,None Indicated,None apparent,Daylight,Dry,Clear,None apparent,Non-intersection:  Driveway access (within),Paved,N/A,Property Damage Only,0,0,0,0,0,0,3000,2,2,N/A,POINT (-91.711981992527 41.485895080544)
2010604988,01-10-59940,12/08/2010,12-December,4-Wednesday,07:49,0700 Hours,District 6 (East Central),,,,W 3RD ST & LOCUST ST S,Collision with:  Vehicle in traffic,On Roadway,Broadside (front to side),Ran Stop Sign,None Indicated,None apparent,Daylight,Dry,Clear,None apparent,Intersection:  Four-way intersection,Paved,N/A,Property Damage Only,0,0,0,0,0,0,3000,2,2,N/A,POINT (-90.666052104259 42.496463579946)
2010605751,,12/08/2010,12-December,4-Wednesday,15:12,1500 Hours,District 6 (East Central),,,,WAVELAND & 18TH ST & SOUTHVIEW,Collision with:  Vehicle in traffic,On Roadway,Rear-end (front to rear),Lost Control,None Indicated,None apparent,Daylight,Dry,Clear,None apparent,Intersection:  Four-way intersection,Paved,N/A,Property Damage Only,0,0,0,0,0,0,3000,2,3,N/A,POINT (-90.499888328956 41.55365085217)
2010604760,201019366,12/09/2010,12-December,5-Thursday,21:23,2100 Hours,District 6 (East Central),,,IA 922,IA 922/1ST AVE W & 10TH ST SW & 10TH ST NW,Collision with:  Vehicle in traffic,On Roadway,Broadside (front to side),Ran Traffic Signal,None Indicated,None apparent,Dark - roadway lighted,Dry,Clear,None apparent,Intersection:  Four-way intersection,Paved,N/A,Property Damage Only,0,0,0,0,0,0,8500,2,2,N/A,POINT (-91.684517760089 41.972519861656)
2010606826,K10-18589,12/09/2010,12-December,5-Thursday,14:51,1400 Hours,District 5 (Southeast),,,US 61,US 61 & HILTON RD,Collision with:  Vehicle in traffic,On Roadway,Broadside (front to side),FTYROW:  From stop sign,None Indicated,None apparent,Daylight,Dry,Cloudy,None apparent,Intersection:  Four-way intersection,Paved,N/A,Possible/Unknown,0,2,0,0,2,0,3000,2,2,N/A,POINT (-91.426514377682 40.399996947794)
2010607790,2010069692,12/10/2010,12-December,6-Friday,18:00,1800 Hours,District 2 (Northeast),,,IA 3,IA 3/IOWA 3,Collision with:  Animal,On Roadway,Non-collision (single vehicle),Animal,None Indicated,None apparent,Dark - roadway not lighted,Dry,Cloudy,None apparent,Non-intersection:  Non-junction/no special feature,Paved,N/A,Property Damage Only,0,0,0,0,0,0,2500,1,2,N/A,POINT (-92.566021486869 42.714908903605)
2010605127,10-3224,12/10/2010,12-December,6-Friday,00:42,0000 Hours,District 1 (Central),,,I-35,I-35,Collision with fixed object:  Ditch,On Roadway,Non-collision (single vehicle),Ran off road - left,Alcohol (Statutory),None apparent,Dark - roadway not lighted,Dry,Clear,None apparent,Non-intersection:  Non-junction/no special feature,Paved,N/A,Possible/Unknown,0,1,0,0,1,0,6000,1,1,N/A,POINT (-93.75926936892 41.65153367546)
2010612718,201019466,12/11/2010,12-December,7-Saturday,16:24,1600 Hours,District 6 (East Central),,,IA 922,IA 922/WILLIAMS BLVD & 1ST AVE W,Collision with:  Vehicle in traffic,On Roadway,Rear-end (front to rear),Lost Control,None Indicated,Weather conditions,Dark - roadway lighted,Ice/frost,"Sleet, hail",None apparent,Non-intersection:  Non-junction/no special feature,Paved,N/A,Property Damage Only,0,0,0,0,0,0,4000,2,2,N/A,POINT (-91.696741712856 41.970849001388)
2010606548,10-004075,12/11/2010,12-December,7-Saturday,15:30,1500 Hours,District 3 (Northwest),,,IA 9,IA 9/IOWA 9,Collision with:  Vehicle in traffic,On Roadway,Rear-end (front to rear),Illegally Parked/Unattended,None Indicated,Weather conditions,Daylight,Snow,"Blowing sand, soil, dirt","Surface condition (e.g., wet, icy)",Non-intersection:  Non-junction/no special feature,Paved,N/A,Property Damage Only,0,0,0,0,0,0,6000,2,1,N/A,POINT (-96.36124025289 43.433054731339)
2010605179,10-042393,12/11/2010,12-December,7-Saturday,12:05,1200 Hours,District 4 (Southwest),,,I-480,I-480,Non-collision events:  Overturn/rollover,Median,Non-collision (single vehicle),Ran off road - left,None Indicated,Weather conditions,Daylight,Wet,Snow,None apparent,Interchange-related:  On-ramp,Paved,N/A,Possible/Unknown,0,1,0,0,1,0,3500,1,1,N/A,POINT (-95.916883138673 41.26046726952)
2010618886,,12/11/2010,12-December,7-Saturday,12:17,1200 Hours,District 2 (Northeast),,,IA 14,IA 14/IOWA 14 & FLORENCE ST,Collision with:  Vehicle in traffic,On Roadway,Broadside (front to side),Driving too fast for conditions,None Indicated,Weather conditions,Daylight,Ice/frost,Snow,"Surface condition (e.g., wet, icy)",Intersection:  Four-way intersection,Paved,N/A,Property Damage Only,0,0,0,0,0,0,3500,2,4,N/A,POINT (-92.776226275633 42.570350417314)
2010605022,10009285,12/12/2010,12-December,1-Sunday,17:11,1700 Hours,District 1 (Central),,,,Co Rd D56/330TH ST,Collision with:  Vehicle in traffic,On Roadway,Rear-end (front to rear),Improper Backing,None Indicated,None apparent,Dark - roadway not lighted,Snow,Cloudy,"Surface condition (e.g., wet, icy)",Non-intersection:  Non-junction/no special feature,Paved,N/A,Property Damage Only,0,0,0,0,0,0,4600,2,2,N/A,POINT (-93.844102958349 42.310467772365)
2010608671,HR1022989,12/13/2010,12-December,2-Monday,06:14,0600 Hours,District 6 (East Central),,,,W 3RD ST & WAVERLY RD,Collision with:  Vehicle in traffic,On Roadway,"Angle, oncoming left turn",Ran Stop Sign,None Indicated,None apparent,Dark - roadway lighted,Dry,Clear,None apparent,Intersection:  T-intersection,Paved,N/A,Property Damage Only,0,0,0,0,0,0,2000,2,2,N/A,POINT (-90.614383422687 41.52227449211)
2010605904,10-018957,12/13/2010,12-December,2-Monday,07:30,0700 Hours,District 5 (Southeast),,,US 61,US 61,Collision with:  Other non-fixed object (explain in narrative),On Roadway,Non-collision (single vehicle),Other (explain in narrative):  Other,None Indicated,None apparent,Dark - roadway lighted,Dry,Clear,Debris,Non-intersection:  Non-junction/no special feature,Paved,N/A,Property Damage Only,0,0,0,0,0,0,1500,1,1,N/A,POINT (-91.246793105761 40.69386477561)
2010606621,10-27591,12/14/2010,12-December,3-Tuesday,15:25,1500 Hours,District 1 (Central),,,,18TH ST & BURNETT AVE,Collision with:  Vehicle in traffic,On Roadway,Broadside (front to side),FTYROW:  Making left turn,None Indicated,None apparent,Daylight,Snow,Clear,"Surface condition (e.g., wet, icy)",Intersection:  T-intersection,Paved,N/A,Property Damage Only,0,0,0,0,0,0,4200,2,3,N/A,POINT (-93.615557799243 42.040246194251)
2010606057,10130637,12/14/2010,12-December,3-Tuesday,14:17,1400 Hours,District 2 (Northeast),,,,14TH ST & TREMONT ST,Collision with:  Vehicle in traffic,On Roadway,Broadside (front to side),FTYROW:  At uncontrolled intersection,None Indicated,None apparent,Daylight,Ice/frost,Clear,"Surface condition (e.g., wet, icy)",Intersection:  Four-way intersection,Paved,N/A,Property Damage Only,0,0,0,0,0,0,4000,2,2,N/A,POINT (-92.450850221679 42.525827194985)
2010607298,10105986,12/15/2010,12-December,4-Wednesday,22:56,2200 Hours,District 6 (East Central),,,I-80,I-80,Collision with fixed object:  Other fixed object (explain in narrative),Shoulder,Non-collision (single vehicle),Over correcting/over steering,None Indicated,None apparent,Dark - roadway not lighted,Snow,Snow,"Surface condition (e.g., wet, icy)",Non-intersection:  Non-junction/no special feature,Paved,N/A,Minor Injury,0,2,0,2,0,0,2400,1,3,N/A,POINT (-91.381985623444 41.667754143175)
2010606158,10-8285,12/15/2010,12-December,4-Wednesday,17:06,1700 Hours,District 1 (Central),,,,NE 22 ST & NE 54 AVE,Collision with:  Vehicle in traffic,On Roadway,Rear-end (front to rear),"Operating vehicle in an reckless, erratic, careless, negligent manner",None Indicated,None apparent,Dark - roadway lighted,Dry,Cloudy,None apparent,Intersection:  Four-way intersection,Paved,N/A,Property Damage Only,0,0,0,0,0,0,4700,2,2,N/A,POINT (-93.581271285486 41.658678512456)
2010607294,10-34486,12/16/2010,12-December,5-Thursday,10:51,1000 Hours,District 1 (Central),,,,N 11TH AVE E & E 8TH ST N,Collision with:  Vehicle in traffic,On Roadway,Broadside (front to side),FTYROW:  From yield sign,None Indicated,None apparent,Daylight,Snow,Cloudy,None apparent,Intersection:  T-intersection,Paved,N/A,Property Damage Only,0,0,0,0,0,0,6000,2,3,N/A,POINT (-93.044150319706 41.709634180818)
2010612446,10-42420,12/16/2010,12-December,5-Thursday,18:23,1800 Hours,District 6 (East Central),,,US 67,US 67/CODY RD,Collision with fixed object:  Traffic sign support,Shoulder,Non-collision (single vehicle),Ran off road - right,Alcohol (Statutory),Weather conditions,Dark - roadway not lighted,Snow,Snow,"Surface condition (e.g., wet, icy)",Non-intersection:  Other non-intersection (explain in narrative),Paved,N/A,Property Damage Only,0,0,0,0,0,0,3500,1,1,N/A,POINT (-90.366671289161 41.584295469791)
2010607145,2010071018,12/16/2010,12-December,5-Thursday,07:13,0700 Hours,District 3 (Northwest),,,IA 60,IA 60/IOWA 60,Collision with:  Animal,N/A,N/A,Animal,None Indicated,N/A,N/A,N/A,N/A,N/A,N/A,Paved,N/A,Property Damage Only,0,0,0,0,0,0,4500,1,777,N/A,POINT (-96.078159191609 42.911365829884)
2010606766,10-45976,12/17/2010,12-December,6-Friday,15:43,1500 Hours,District 5 (Southeast),,,,WASHINGTON ST & CENTRAL AVE,Collision with:  Vehicle in traffic,On Roadway,"Angle, oncoming left turn",FTYROW:  Making left turn,None Indicated,None apparent,Daylight,Wet,Cloudy,None apparent,Intersection:  Four-way intersection,Paved,N/A,Property Damage Only,0,0,0,0,0,0,2500,2,3,N/A,POINT (-91.111277402311 40.812504479207)
2010607652,201000038948,12/17/2010,12-December,6-Friday,11:58,1100 Hours,District 6 (East Central),,,,SKILLMAN RD,Collision with:  Vehicle in traffic,On Roadway,Broadside (front to side),FTYROW:  From driveway,None Indicated,None apparent,Daylight,Ice/frost,Clear,None apparent,Non-intersection:  Driveway access (within),Unpaved,N/A,Property Damage Only,0,0,0,0,0,0,3500,2,2,N/A,POINT (-91.501468807792 41.931161222195)
2010607218,10018484,12/18/2010,12-December,7-Saturday,12:48,1200 Hours,District 5 (Southeast),,,,520TH ST & 203RD AVE,Collision with fixed object:  Ditch,Roadside,Non-collision (single vehicle),Ran off road - right,None Indicated,None apparent,Daylight,Snow,Clear,None apparent,Non-intersection:  Non-junction/no special feature,Unpaved,N/A,Property Damage Only,0,0,0,0,0,0,4500,1,1,N/A,POINT (-92.900118267181 40.725189361015)
2010607489,2010071563,12/18/2010,12-December,7-Saturday,12:42,1200 Hours,District 6 (East Central),,,I-80,I-80,Non-collision events:  Overturn/rollover,Shoulder,Non-collision (single vehicle),Swerving/Evasive Action,None Indicated,None apparent,Daylight,Dry,Clear,None apparent,Non-intersection:  Non-junction/no special feature,Paved,N/A,Property Damage Only,0,0,0,0,0,0,15000,1,1,N/A,POINT (-90.721999555807 41.603912926011)
2010606805,205-2010,12/19/2010,12-December,1-Sunday,17:40,1700 Hours,District 4 (Southwest),,,,Co Rd L20/LOESS HILLS TRL,Collision with:  Animal,N/A,N/A,Animal,None Indicated,N/A,N/A,N/A,N/A,N/A,N/A,Paved,N/A,Property Damage Only,0,0,0,0,0,0,3500,1,777,N/A,POINT (-95.888673754313 41.513288914198)
2010614232,391210-10,12/20/2010,12-December,2-Monday,09:59,0900 Hours,District 4 (Southwest),,,,N 1ST ST,Collision with:  Parked motor vehicle,Roadside,Rear-end (front to rear),Improper Backing,None Indicated,None apparent,Daylight,Snow,Cloudy,None apparent,Non-intersection:  Non-junction/no special feature,Paved,N/A,Property Damage Only,0,0,0,0,0,0,4500,2,1,N/A,POINT (-94.364364940436 41.69254509993)