Iowa DOT Case Number,Law Enforcement Case Number,Date of Crash,Month of Crash,Day of Week,Time of Crash,Hour,DOT District,City Name,County Name,Route with System,Location Description,First Harmful Event,Location of First Harmful Event,Manner of Crash/Collision,Major Cause,Drug or Alcohol ,Environmental Conditions,Light Conditions,Surface Conditions,Weather Conditions,Roadway Contribution,Roadway Type,Roadway Surface,Work Zone,Crash Severity,Number of Fatalities,Number of Injuries,Number of Major Injuries,Number of Minor Injuries,Number of Possible Injuries,Number of Unknown Injuries,Amount of Property Damage,Number of Vehicles Involved,Total Number of Occupants,Travel Direction,Location
2010608054,10132821,12/20/2010,12-December,2-Monday,17:51,1700 Hours,District 2 (Northeast),,,,12TH ST & WALNUT ST,Collision with:  Vehicle in traffic,On Roadway,Broadside (front to side),FTYROW:  From stop sign,None Indicated,None apparent,Dark - roadway lighted,Snow,Snow,None apparent,Intersection:  Four-way intersection,Paved,N/A,Property Damage Only,0,0,0,0,0,0,1700,2,4,N/A,POINT (-92.453403427685 42.527640561792)
2010609265,10-28120,12/21/2010,12-December,3-Tuesday,17:48,1700 Hours,District 1 (Central),,,US 69,US 69/GRAND AVE & 24TH ST,Collision with:  Vehicle in traffic,On Roadway,"Angle, oncoming left turn",FTYROW:  Making left turn,None Indicated,None apparent,Dark - roadway lighted,Dry,Clear,None apparent,Intersection:  Four-way intersection,Paved,N/A,Property Damage Only,0,0,0,0,0,0,3500,2,3,N/A,POINT (-93.620516483913 42.045722491544)
2010609001,10-4385,12/21/2010,12-December,3-Tuesday,18:27,1800 Hours,District 1 (Central),,,,14TH AVE S & S 24TH ST,Collision with:  Parked motor vehicle,On Roadway,Unknown,Other (explain in narrative):  Other,None Indicated,None apparent,Dark - roadway lighted,Dry,Cloudy,None apparent,Non-intersection:  Non-junction/no special feature,Paved,N/A,Property Damage Only,0,0,0,0,0,0,3500,2,1,N/A,POINT (-94.165089024652 42.488493379048)
2010622389,EP10002159,12/22/2010,12-December,4-Wednesday,10:59,1000 Hours,District 2 (Northeast),,,,E BROADWAY ST & S WASHINGTON AVE & N WASHINGTON AVE,Collision with:  Vehicle in traffic,On Roadway,"Angle, oncoming left turn",Unknown,None Indicated,Weather conditions,Daylight,Ice/frost,Cloudy,"Surface condition (e.g., wet, icy)",Intersection:  Other intersection (explain in narrative),Paved,N/A,Possible/Unknown,0,1,0,0,1,0,4700,2,2,N/A,POINT (-93.894911091383 42.66414559453)
2010607935,20100040777,12/22/2010,12-December,4-Wednesday,15:16,1500 Hours,District 1 (Central),,,US 69,US 69/E 14TH ST,Collision with:  Vehicle in traffic,On Roadway,Unknown,Unknown,None Indicated,None apparent,Daylight,Dry,Cloudy,None apparent,Non-intersection:  Non-junction/no special feature,Paved,N/A,Property Damage Only,0,0,0,0,0,0,2000,2,3,N/A,POINT (-93.600532596014 41.622055396171)
2010608148,J10032853,12/23/2010,12-December,5-Thursday,01:05,0100 Hours,District 6 (East Central),,,IA 1,IA 1/IOWA 1,Non-collision events:  Overturn/rollover,Outside trafficway,Non-collision (single vehicle),Downhill runaway,None Indicated,Unknown,Dark - roadway not lighted,Dry,Clear,None apparent,Non-intersection:  Non-junction/no special feature,Paved,N/A,Minor Injury,0,1,0,1,0,0,15000,1,1,N/A,POINT (-91.480517771874 41.763237815163)
2010608212,20100040955,12/24/2010,12-December,6-Friday,07:18,0700 Hours,District 1 (Central),,,,MCKINLEY AVE,Collision with:  Vehicle in traffic,On Roadway,Head-on (front to front),Crossed centerline (undivided),None Indicated,Weather conditions,Dawn,Snow,Snow,None apparent,Non-intersection:  Non-junction/no special feature,Paved,N/A,Property Damage Only,0,0,0,0,0,0,2000,2,2,N/A,POINT (-93.619875042109 41.540959419682)
2010610187,2010073004,12/24/2010,12-December,6-Friday,15:25,1500 Hours,District 6 (East Central),,,I-380,I-380,Non-collision events:  Overturn/rollover,On Roadway,Non-collision (single vehicle),Driving too fast for conditions,None Indicated,Weather conditions,Daylight,Snow,Snow,"Surface condition (e.g., wet, icy)",Non-intersection:  Non-junction/no special feature,Paved,N/A,Property Damage Only,0,0,0,0,0,0,2500,1,1,N/A,POINT (-91.980715894621 42.314628118221)
2010608855,,12/24/2010,12-December,6-Friday,16:30,1600 Hours,District 6 (East Central),,,IA 149,IA 149/M AVE,Collision with:  Vehicle in traffic,On Roadway,"Sideswipe, opposite direction",Lost Control,None Indicated,Weather conditions,Dusk,Snow,Snow,"Surface condition (e.g., wet, icy)",Non-intersection:  Non-junction/no special feature,Paved,N/A,Property Damage Only,0,0,0,0,0,0,10000,2,3,N/A,POINT (-92.064939941625 41.550889105453)
2010616431,,12/25/2010,12-December,7-Saturday,10:30,1000 Hours,District 6 (East Central),,,,PINE AVE & 320TH,Non-collision events:  Overturn/rollover,Roadside,Non-collision (single vehicle),Swerving/Evasive Action,None Indicated,None apparent,Daylight,Ice/frost,Cloudy,"Surface condition (e.g., wet, icy)",Non-intersection:  Other non-intersection (explain in narrative),Unpaved,N/A,Property Damage Only,0,0,0,0,0,0,4000,1,1,N/A,POINT (-91.07453865806 41.626428578056)
2010609123,01-10-63521,12/26/2010,12-December,1-Sunday,16:27,1600 Hours,District 6 (East Central),,,,UNIVERSITY AVE & PENNSYLVANIA AVE,Collision with:  Parked motor vehicle,On Roadway,Rear-end (front to rear),Lost Control,None Indicated,Other (explain in narrative),Dusk,Snow,Clear,None apparent,Non-intersection:  Non-junction/no special feature,Paved,N/A,Property Damage Only,0,0,0,0,0,0,7000,2,1,N/A,POINT (-90.698705037803 42.498682147124)
2010609612,10-42411,12/27/2010,12-December,2-Monday,17:57,1700 Hours,District 3 (Northwest),,,IA 376,IA 376/SINGING HILLS BLVD,Collision with:  Vehicle in traffic,On Roadway,Rear-end (front to rear),Driving too fast for conditions,None Indicated,Weather conditions,Dark - roadway lighted,Ice/frost,Clear,"Surface condition (e.g., wet, icy)",Non-intersection:  Non-junction/no special feature,Paved,N/A,Property Damage Only,0,0,0,0,0,0,4100,3,6,N/A,POINT (-96.372615712555 42.43481815806)
2010608589,20100041209,12/27/2010,12-December,2-Monday,16:32,1600 Hours,District 1 (Central),,,,E SHAWNEE AVE & CORNELL ST,Collision with:  Vehicle in traffic,On Roadway,Broadside (front to side),FTYROW:  From stop sign,None Indicated,None apparent,Dusk,Snow,Cloudy,None apparent,Intersection:  Four-way intersection,Paved,N/A,Property Damage Only,0,0,0,0,0,0,4000,2,3,N/A,POINT (-93.615107809155 41.634948684699)
2010610402,2010073630,12/28/2010,12-December,3-Tuesday,07:35,0700 Hours,District 1 (Central),,,I-35,I-35,Collision with:  Vehicle in traffic,On Roadway,"Sideswipe, same direction",Driving too fast for conditions,None Indicated,Other (explain in narrative),Daylight,Ice/frost,Cloudy,"Surface condition (e.g., wet, icy)",Non-intersection:  Other non-intersection (explain in narrative),Paved,N/A,Property Damage Only,0,0,0,0,0,0,1500,2,2,N/A,POINT (-93.613216662007 41.649496360124)
2010609507,20100041391,12/29/2010,12-December,4-Wednesday,12:05,1200 Hours,District 1 (Central),,,,DAY ST & 6TH AVE,Collision with:  Vehicle in traffic,On Roadway,Broadside (front to side),Ran Traffic Signal,None Indicated,None apparent,Daylight,Wet,Cloudy,None apparent,Intersection:  Intersection with ramp,Paved,N/A,Possible/Unknown,0,1,0,0,1,0,14000,2,2,N/A,POINT (-93.625682969031 41.596205649975)
2010613507,,12/29/2010,12-December,4-Wednesday,00:00,0000 Hours,District 1 (Central),,,,TIMBER LN & WILLIAMS ST,Collision with fixed object:  Other fixed object (explain in narrative),On Roadway,Non-collision (single vehicle),"Operating vehicle in an reckless, erratic, careless, negligent manner",None Indicated,None apparent,Dark - roadway lighted,Wet,Rain,None apparent,Intersection:  T-intersection,Paved,N/A,Property Damage Only,0,0,0,0,0,0,1500,1,1,N/A,POINT (-93.534469900186 41.596692892541)
2010609678,2010-5020,12/30/2010,12-December,5-Thursday,19:59,1900 Hours,District 4 (Southwest),,,US 6,US 6/HICKMAN AVE & NE DARTMOOR DR,Collision with:  Vehicle in traffic,On Roadway,Broadside (front to side),FTYROW:  From stop sign,None Indicated,None apparent,Dark - roadway lighted,Dry,Clear,None apparent,Intersection:  Four-way intersection,Paved,N/A,Major Injury,0,1,1,0,0,0,5000,2,3,N/A,POINT (-93.866058527406 41.614957305204)
2010609659,W10-136156,12/31/2010,12-December,6-Friday,12:00,1200 Hours,District 2 (Northeast),,,,E 2ND ST & FRANKLIN ST,Collision with:  Vehicle in traffic,On Roadway,Head-on (front to front),Swerving/Evasive Action,None Indicated,Weather conditions,Daylight,Ice/frost,"Sleet, hail","Surface condition (e.g., wet, icy)",Intersection:  Four-way intersection,Paved,N/A,Possible/Unknown,0,1,0,0,1,0,6000,2,2,N/A,POINT (-92.33632952978 42.502697669778)
2011609548,11-00073,01/01/2011,01-January,7-Saturday,16:45,1600 Hours,District 4 (Southwest),COUNCIL BLUFFS,POTTAWATTAMIE,I-29,I-29,Collision with:  Vehicle in traffic,On Roadway,Broadside (front to side),Improper or erratic lane changing,None Indicated,None apparent,Daylight,Dry,Clear,None apparent,Non-intersection:  Non-junction/no special feature,Paved,N/A,Property Damage Only,0,0,0,0,0,0,5000,3,4,Ramp,POINT (-95.906820426815 41.256407960655)
2011609655,W11-000448,01/02/2011,01-January,1-Sunday,11:46,1100 Hours,District 2 (Northeast),WATERLOO,BLACK HAWK,,CEDAR BEND ST,Collision with:  Vehicle in traffic,On Roadway,Broadside (front to side),Ran Traffic Signal,None Indicated,None apparent,Daylight,Dry,Clear,None apparent,Intersection:  Four-way intersection,Paved,N/A,Property Damage Only,0,0,0,0,0,0,18000,2,6,N/A,POINT (-92.368831795863 42.531141496612)
2011611048,02-2011,01/03/2011,01-January,2-Monday,18:20,1800 Hours,District 4 (Southwest),,HARRISON,US 30,US 30,Collision with:  Animal,N/A,N/A,Animal,None Indicated,N/A,N/A,N/A,N/A,N/A,N/A,Paved,N/A,Property Damage Only,0,0,0,0,0,0,5000,1,777,Unknown - Not Indicated - Unlocated,POINT (-95.867727558293 41.567201199149)
2011612713,N11000004,01/04/2011,01-January,3-Tuesday,06:04,0600 Hours,District 6 (East Central),NORTH LIBERTY,JOHNSON,,CLUB HOUSE RD & HWY 965 & LIONS DR,Collision with:  Non-motorist (see non-motorist section - NOT a unit),On Roadway,Non-collision (single vehicle),FTYROW:  From stop sign,None Indicated,None apparent,Dark - roadway not lighted,Dry,Clear,None apparent,Intersection:  Four-way intersection,Paved,N/A,Possible/Unknown,0,1,0,0,1,0,600,1,1,N/A,POINT (-91.607686984104 41.731407494558)
2011620274,SO110008,01/05/2011,01-January,4-Wednesday,16:23,1600 Hours,District 4 (Southwest),,ADAMS,,Co Rd H33/190TH ST,Collision with:  Vehicle in traffic,On Roadway,Head-on (front to front),Crossed centerline (undivided),None Indicated,None apparent,Daylight,Dry,Cloudy,None apparent,Non-intersection:  Driveway access (within),Paved,N/A,Property Damage Only,0,0,0,0,0,0,14000,2,2,N/A,POINT (-94.688498582716 41.029436448269)
2011610766,,01/06/2011,01-January,5-Thursday,07:02,0700 Hours,District 2 (Northeast),,KOSSUTH,US 169,US 169,Collision with:  Vehicle in traffic,On Roadway,"Sideswipe, opposite direction",Crossed centerline (undivided),None Indicated,Weather conditions,Dawn,Snow,Snow,"Surface condition (e.g., wet, icy)",Non-intersection:  Non-junction/no special feature,Paved,N/A,Property Damage Only,0,0,0,0,0,0,13000,2,3,Both North and South,POINT (-94.227278216236 43.046802789678)
2011610608,20100000755,01/07/2011,01-January,6-Friday,17:35,1700 Hours,District 1 (Central),DES MOINES,POLK,I-235,I-235,Collision with:  Vehicle in traffic,On Roadway,Rear-end (front to rear),Followed too close,None Indicated,Unknown,Dark - roadway lighted,Snow,Snow,None apparent,Non-intersection:  Non-junction/no special feature,Paved,N/A,Minor Injury,0,5,0,3,2,0,21000,5,7,Westbound (WB),POINT (-93.689513223682 41.592372765019)
2011612859,2011001091,01/07/2011,01-January,6-Friday,11:15,1100 Hours,District 1 (Central),,HAMILTON,IA 175,IA 175/330TH ST,Non-collision events:  Overturn/rollover,Roadside,Non-collision (single vehicle),Ran off road - left,None Indicated,None apparent,Daylight,Snow,Cloudy,"Surface condition (e.g., wet, icy)",Non-intersection:  Non-junction/no special feature,Paved,N/A,Property Damage Only,0,0,0,0,0,0,5000,1,1,Eastbound (EB),POINT (-93.468695470813 42.310518266027)
2011611214,2011001196,01/07/2011,01-January,6-Friday,17:41,1700 Hours,District 1 (Central),,POLK,I-80,I-80,Collision with fixed object:  Ditch,On Roadway,Non-collision (single vehicle),Driving too fast for conditions,None Indicated,Weather conditions,Dark - roadway not lighted,Snow,Snow,"Surface condition (e.g., wet, icy)",Non-intersection:  Non-junction/no special feature,Paved,N/A,Property Damage Only,0,0,0,0,0,0,2000,1,4,Westbound (WB),POINT (-93.405446671615 41.679744356329)
2011611217,2011001278,01/08/2011,01-January,7-Saturday,00:24,0000 Hours,District 1 (Central),DES MOINES,POLK,US 69,US 69/E 14TH ST & DES MOINES ST,Collision with:  Vehicle in traffic,On Roadway,Rear-end (front to rear),Unknown,None Indicated,None apparent,Dark - roadway lighted,Wet,Snow,None apparent,Non-intersection:  Other non-intersection (explain in narrative),Paved,N/A,Property Damage Only,0,0,0,0,0,0,1800,2,3,Southbound (SB),POINT (-93.598368928486 41.594459534086)
2011612016,,01/09/2011,01-January,1-Sunday,10:25,1000 Hours,District 6 (East Central),IOWA CITY,JOHNSON,IA 1,IA 1/DODGE ST & E BLOOMINGTON ST,Collision with:  Vehicle in traffic,On Roadway,Rear-end (front to rear),Made improper turn,None Indicated,None apparent,Daylight,Dry,Clear,None apparent,Intersection:  Four-way intersection,Paved,N/A,Property Damage Only,0,0,0,0,0,0,1500,2,2,Southbound (SB),POINT (-91.525719818606 41.664617272499)
2011611661,2011001687,01/10/2011,01-January,2-Monday,09:55,0900 Hours,District 1 (Central),,WEBSTER,US 20,US 20/SE LOOP & Co Rd P59/QUAIL AVE,Collision with:  Parked motor vehicle,On Roadway,"Sideswipe, same direction",FTYROW:  Other (explain in narrative),None Indicated,Weather conditions,Daylight,Snow,Snow,"Surface condition (e.g., wet, icy)",Intersection:  T-intersection,Paved,N/A,Property Damage Only,0,0,0,0,0,0,3000,2,1,Ramp,POINT (-94.124569454288 42.44975908399)
2011611624,11-1390,01/10/2011,01-January,2-Monday,10:15,1000 Hours,District 3 (Northwest),SIOUX CITY,WOODBURY,I-29,I-29,Non-collision events:  Overturn/rollover,Roadside,Non-collision (single vehicle),Ran off road - right,None Indicated,Weather conditions,Daylight,Snow,Snow,"Surface condition (e.g., wet, icy)",Non-intersection:  Non-junction/no special feature,Paved,N/A,Property Damage Only,0,0,0,0,0,0,4000,1,1,Northbound (NB),POINT (-96.368635298664 42.424967266846)
2011612543,2011001693,01/10/2011,01-January,2-Monday,10:14,1000 Hours,District 1 (Central),,POLK,I-35,I-35,Collision with:  Vehicle in traffic,On Roadway,"Sideswipe, same direction",Lost Control,None Indicated,Weather conditions,Daylight,Snow,Snow,"Surface condition (e.g., wet, icy)",Non-intersection:  Non-junction/no special feature,Paved,N/A,Property Damage Only,0,0,0,0,0,0,4000,2,2,No Travel Direction Consistent with Route,POINT (-93.64904393097 41.649948153493)
2011612852,2011002389,01/11/2011,01-January,3-Tuesday,21:25,2100 Hours,District 4 (Southwest),,CASS,I-80,I-80,Non-collision events:  Overturn/rollover,On Roadway,Non-collision (single vehicle),Crossed centerline (undivided),None Indicated,Weather conditions,Dark - roadway not lighted,Ice/frost,"Blowing sand, soil, dirt","Surface condition (e.g., wet, icy)",Non-intersection:  Non-junction/no special feature,Paved,N/A,Property Damage Only,0,0,0,0,0,0,8000,1,1,Eastbound (EB),POINT (-94.783782557758 41.49625172663)
2011612014,,01/11/2011,01-January,3-Tuesday,08:25,0800 Hours,District 6 (East Central),IOWA CITY,JOHNSON,,CAE DR & ROHRET RD & MORMON TREK BLVD,Collision with:  Vehicle in traffic,On Roadway,Broadside (front to side),Lost Control,None Indicated,Weather conditions,Daylight,Snow,Cloudy,"Surface condition (e.g., wet, icy)",Intersection:  Four-way intersection,Paved,N/A,Property Damage Only,0,0,0,0,0,0,1500,2,2,N/A,POINT (-91.574146130895 41.645728448319)
2011611114,11-0102,01/11/2011,01-January,3-Tuesday,18:28,1800 Hours,District 1 (Central),URBANDALE,POLK,,121ST ST,Collision with:  Vehicle in traffic,On Roadway,Broadside (front to side),FTYROW:  From driveway,None Indicated,None apparent,Dark - roadway lighted,Snow,Cloudy,None apparent,Non-intersection:  Driveway access (within),Paved,N/A,Property Damage Only,0,0,0,0,0,0,6500,2,2,N/A,POINT (-93.781935267739 41.640969477368)
2011613388,11-000168,01/12/2011,01-January,4-Wednesday,09:10,0900 Hours,District 1 (Central),ANKENY,POLK,US 69,US 69/N ANKENY BLVD,Collision with:  Vehicle in traffic,On Roadway,Rear-end (front to rear),Driving too fast for conditions,None Indicated,None apparent,Daylight,Ice/frost,Cloudy,"Surface condition (e.g., wet, icy)",Non-intersection:  Non-junction/no special feature,Paved,N/A,Possible/Unknown,0,1,0,0,1,0,3250,2,5,Northbound (NB),POINT (-93.600336216096 41.737932932051)
2011612007,11-1546,01/12/2011,01-January,4-Wednesday,19:32,1900 Hours,District 3 (Northwest),SIOUX CITY,WOODBURY,,JAY AVE,Collision with:  Parked motor vehicle,On Roadway,Unknown,Other (explain in narrative):  Other,None Indicated,None apparent,Dark - roadway lighted,Ice/frost,Clear,"Surface condition (e.g., wet, icy)",Intersection:  Four-way intersection,Paved,N/A,Property Damage Only,0,0,0,0,0,0,3000,2,1,N/A,POINT (-96.367348190706 42.483030469617)
2011612456,11-527,01/12/2011,01-January,4-Wednesday,13:30,1300 Hours,District 1 (Central),,STORY,US 69,US 69,Collision with:  Vehicle in traffic,On Roadway,"Sideswipe, same direction",Driving too fast for conditions,None Indicated,Weather conditions,Daylight,Slush,Clear,None apparent,Non-intersection:  Driveway access (within),Paved,N/A,Property Damage Only,0,0,0,0,0,0,4500,2,2,Northbound (NB),POINT (-93.620458658146 42.095636835277)
2011613431,NT-11-007,01/13/2011,01-January,5-Thursday,17:10,1700 Hours,District 1 (Central),NEVADA,STORY,,I AVE,Collision with:  Vehicle in traffic,On Roadway,Rear-end (front to rear),Ran Stop Sign,None Indicated,None apparent,Dark - roadway lighted,Dry,Clear,None apparent,Intersection:  Four-way intersection,Paved,N/A,Property Damage Only,0,0,0,0,0,0,6000,2,3,N/A,POINT (-93.453556906057 42.019628060546)
2011612331,20110001477,01/14/2011,01-January,6-Friday,13:10,1300 Hours,District 1 (Central),DES MOINES,POLK,,SW 3RD ST & W MLK JR PKWY,Collision with:  Vehicle in traffic,On Roadway,"Sideswipe, same direction",Made improper turn,None Indicated,None apparent,Daylight,Wet,Cloudy,None apparent,Intersection:  Other intersection (explain in narrative),Paved,N/A,Property Damage Only,0,0,0,0,0,0,16000,2,2,N/A,POINT (-93.619273739884 41.582216063145)
2011612356,20110001511,01/14/2011,01-January,6-Friday,16:40,1600 Hours,District 1 (Central),DES MOINES,POLK,US 6,US 6/DOUGLAS AVE & 48TH PL,Collision with:  Non-motorist (see non-motorist section - NOT a unit),On Roadway,Non-collision (single vehicle),Other (explain in narrative):  No improper action,None Indicated,None apparent,Dusk,Wet,Cloudy,None apparent,Non-intersection:  Non-junction/no special feature,Paved,N/A,Possible/Unknown,0,1,0,0,1,0,100,1,1,Westbound (WB),POINT (-93.684745999689 41.629456889024)
2011612311,11-353,01/15/2011,01-January,7-Saturday,09:42,0900 Hours,District 1 (Central),,POLK,IA 17,IA 17,Non-collision events:  Overturn/rollover,On Roadway,Non-collision (single vehicle),Ran off road - right,None Indicated,None apparent,Daylight,Snow,Cloudy,None apparent,Non-intersection:  Non-junction/no special feature,Paved,N/A,Minor Injury,0,2,0,1,1,0,10000,1,2,Northbound (NB),POINT (-93.815402374002 41.846492065584)
2011614977,11-000229,01/16/2011,01-January,1-Sunday,11:36,1100 Hours,District 1 (Central),ANKENY,POLK,US 69,US 69/S ANKENY BLVD,Collision with:  Vehicle in traffic,On Roadway,Rear-end (front to rear),Other (explain in narrative):  Other,None Indicated,None apparent,Daylight,Dry,Cloudy,None apparent,Non-intersection:  Driveway access (within),Paved,N/A,Property Damage Only,0,0,0,0,0,0,4800,2,4,Southbound (SB),POINT (-93.600378823033 41.728304193868)
2011613192,,01/17/2011,01-January,2-Monday,12:47,1200 Hours,District 6 (East Central),MAQUOKETA,JACKSON,,WESTERN AVE,Collision with:  Vehicle in traffic,On Roadway,Broadside (front to side),FTYROW:  From driveway,None Indicated,Weather conditions,Daylight,Snow,Snow,"Surface condition (e.g., wet, icy)",Non-intersection:  Driveway access (within),Paved,N/A,Property Damage Only,0,0,0,0,0,0,3600,2,3,N/A,POINT (-90.678657872844 42.06590504225)
2011612459,11-717,01/17/2011,01-January,2-Monday,16:27,1600 Hours,District 1 (Central),AMES,STORY,I-35,I-35,Collision with:  Vehicle in traffic,On Roadway,Rear-end (front to rear),Followed too close,None Indicated,None apparent,Daylight,Wet,Rain,None apparent,"Interchange-related:  Off-ramp, diverge area",Paved,N/A,Property Damage Only,0,0,0,0,0,0,3500,2,3,Ramp,POINT (-93.572332301887 42.034057208343)
2011612731,11001105,01/17/2011,01-January,2-Monday,15:04,1500 Hours,District 6 (East Central),MARION,LINN,IA 100,IA 100/IOWA 100 & E POST RD,Collision with:  Vehicle in traffic,On Roadway,Broadside (front to side),Driving too fast for conditions,None Indicated,None apparent,Daylight,Snow,Snow,"Surface condition (e.g., wet, icy)",Intersection:  Four-way intersection,Paved,N/A,Property Damage Only,0,0,0,0,0,0,18000,2,3,Westbound (WB),POINT (-91.599347790281 42.015364302134)
2011613517,,01/18/2011,01-January,3-Tuesday,13:45,1300 Hours,District 6 (East Central),EPWORTH,DUBUQUE,,EDWARDS ST & 5TH AVE SW,Collision with:  Vehicle in traffic,N/A,N/A,FTYROW:  From driveway,None Indicated,N/A,N/A,N/A,N/A,N/A,Non-intersection:  Driveway access (within),Paved,N/A,Property Damage Only,0,0,0,0,0,0,3100,2,2,N/A,POINT (-90.941676103447 42.441645607868)
2011615152,,01/18/2011,01-January,3-Tuesday,05:30,0500 Hours,District 6 (East Central),IOWA CITY,JOHNSON,,MELROSE AVE,Collision with fixed object:  Other fixed object (explain in narrative),On Roadway,Non-collision (single vehicle),Ran off road - straight,None Indicated,None apparent,Dark - roadway lighted,Snow,Clear,None apparent,Intersection:  T-intersection,Paved,N/A,Property Damage Only,0,0,0,0,0,0,8500,1,1,N/A,POINT (-91.54590600111 41.656831349586)
2011612929,11-000991,01/19/2011,01-January,4-Wednesday,14:41,1400 Hours,District 3 (Northwest),SPENCER,CLAY,,E 11TH ST & 2ND AVE E,Collision with:  Vehicle in traffic,On Roadway,Broadside (front to side),FTYROW:  From stop sign,None Indicated,None apparent,Daylight,Snow,Cloudy,None apparent,Intersection:  Four-way intersection,Paved,N/A,Property Damage Only,0,0,0,0,0,0,14000,2,3,N/A,POINT (-95.142426125322 43.148917217149)
2011616413,,01/19/2011,01-January,4-Wednesday,15:45,1500 Hours,District 2 (Northeast),CLEAR LAKE,CERRO GORDO,,7TH AVE N & N 6TH ST,Collision with:  Vehicle in traffic,On Roadway,"Angle, oncoming left turn",FTYROW:  From stop sign,None Indicated,Visual obstruction,Daylight,Snow,Clear,"Shoulders (none, low, soft, high)",Intersection:  Four-way intersection,Paved,N/A,Property Damage Only,0,0,0,0,0,0,2200,2,2,N/A,POINT (-93.382431279304 43.140975034923)
2011615441,2011-000301,01/20/2011,01-January,5-Thursday,13:34,1300 Hours,District 6 (East Central),,BENTON,US 30,US 30/73 ST,Collision with fixed object:  Ditch,On Roadway,Non-collision (single vehicle),Swerving/Evasive Action,None Indicated,Weather conditions,Daylight,Ice/frost,Clear,"Surface condition (e.g., wet, icy)",Non-intersection:  Non-junction/no special feature,Paved,N/A,Property Damage Only,0,0,0,0,0,0,2500,1,1,Westbound (WB),POINT (-91.96852343818 41.963300382761)
2011613620,11-1657,01/21/2011,01-January,6-Friday,18:55,1800 Hours,District 1 (Central),NEWTON,JASPER,,N 4TH AVE W & W 16TH ST N,Collision with:  Vehicle in traffic,On Roadway,Rear-end (front to rear),Driver Distraction:  Manual operation of an electronic communication device,None Indicated,Weather conditions,Dark - roadway lighted,Ice/frost,Snow,None apparent,Non-intersection:  Non-junction/no special feature,Paved,N/A,Possible/Unknown,0,1,0,0,0,1,2800,2,3,N/A,POINT (-93.073495854744 41.702719698931)
2011614075,11-871,01/21/2011,01-January,6-Friday,12:41,1200 Hours,District 1 (Central),,STORY,I-35,I-35,Collision with fixed object:  Bridge overhead structure,On Roadway,Non-collision (single vehicle),Swerving/Evasive Action,None Indicated,Weather conditions,Daylight,Slush,Snow,None apparent,Interchange-related:  On-ramp merge area,Paved,N/A,Property Damage Only,0,0,0,0,0,0,1500,1,1,Southbound (SB),POINT (-93.571157036629 42.008034025579)
2011615485,A11211757,01/21/2011,01-January,6-Friday,17:57,1700 Hours,District 2 (Northeast),,FRANKLIN,,Co Rd S43/OLIVE AVE,Collision with:  Animal,N/A,N/A,Animal,None Indicated,N/A,N/A,N/A,N/A,N/A,N/A,Paved,N/A,Property Damage Only,0,0,0,0,0,0,3000,1,777,N/A,POINT (-93.221630137047 42.776663884329)
2011613953,1101222772,01/22/2011,01-January,7-Saturday,09:22,0900 Hours,District 6 (East Central),DE WITT,CLINTON,US 61,US 61 & 225 ST,Collision with fixed object:  Bridge overhead structure,Median,Non-collision (single vehicle),Driving too fast for conditions,None Indicated,Weather conditions,Daylight,Ice/frost,Snow,"Surface condition (e.g., wet, icy)",Non-intersection:  Other non-intersection (explain in narrative),Paved,N/A,Minor Injury,0,2,0,2,0,0,8000,1,2,Northbound (NB),POINT (-90.568684687935 41.841956273355)
2011613738,20110002365,01/23/2011,01-January,1-Sunday,16:45,1600 Hours,District 1 (Central),DES MOINES,POLK,,AURORA AVE & 57TH ST,Collision with:  Vehicle in traffic,On Roadway,Broadside (front to side),Other (explain in narrative):  Vision obstructed,None Indicated,None apparent,Dusk,Dry,Cloudy,None apparent,Non-intersection:  Non-junction/no special feature,Paved,N/A,Property Damage Only,0,0,0,0,0,0,2000,2,3,N/A,POINT (-93.696217109967 41.63671981781)
2011616323,11-1408,01/24/2011,01-January,2-Monday,00:37,0000 Hours,District 6 (East Central),DAVENPORT,SCOTT,,BRIDGE AVE,Collision with fixed object:  Utility pole/light support,Shoulder,Non-collision (single vehicle),Lost Control,None Indicated,None apparent,Dark - roadway lighted,Wet,Clear,None apparent,Non-intersection:  Non-junction/no special feature,Paved,N/A,Property Damage Only,0,0,0,0,0,0,6000,1,1,N/A,POINT (-90.557931658309 41.548873677468)
2011614960,11014,01/24/2011,01-January,2-Monday,16:08,1600 Hours,District 5 (Southeast),PELLA,MARION,,E 13TH ST,Collision with:  Vehicle in traffic,On Roadway,Broadside (front to side),FTYROW:  From driveway,None Indicated,Glare,Daylight,Dry,Clear,None apparent,Non-intersection:  Driveway access (within),Paved,N/A,Property Damage Only,0,0,0,0,0,0,3500,2,2,N/A,POINT (-92.898549846043 41.40249179161)
2011615939,20110002581,01/25/2011,01-January,3-Tuesday,21:15,2100 Hours,District 1 (Central),DES MOINES,POLK,,CROCKER ST & 42ND ST,Collision with:  Vehicle in traffic,On Roadway,Rear-end (front to rear),Followed too close,None Indicated,None apparent,Dark - roadway lighted,Wet,Cloudy,"Surface condition (e.g., wet, icy)",Non-intersection:  Non-junction/no special feature,Paved,N/A,Possible/Unknown,0,1,0,0,1,0,1500,2,2,N/A,POINT (-93.674390799676 41.594245898103)