Iowa DOT Case Number,Law Enforcement Case Number,Date of Crash,Month of Crash,Day of Week,Time of Crash,Hour,DOT District,City Name,County Name,Route with System,Location Description,First Harmful Event,Location of First Harmful Event,Manner of Crash/Collision,Major Cause,Drug or Alcohol ,Environmental Conditions,Light Conditions,Surface Conditions,Weather Conditions,Roadway Contribution,Roadway Type,Roadway Surface,Work Zone,Crash Severity,Number of Fatalities,Number of Injuries,Number of Major Injuries,Number of Minor Injuries,Number of Possible Injuries,Number of Unknown Injuries,Amount of Property Damage,Number of Vehicles Involved,Total Number of Occupants,Travel Direction,Location
2011614464,20110002613,01/26/2011,01-January,4-Wednesday,09:20,0900 Hours,District 1 (Central),DES MOINES,POLK,,UNIVERSITY AVE & 12TH ST,Collision with:  Parked motor vehicle,Outside trafficway,Unknown,Other (explain in narrative):  Other,None Indicated,None apparent,Daylight,Ice/frost,Cloudy,"Surface condition (e.g., wet, icy)",Non-intersection:  Driveway access (within),Paved,N/A,Property Damage Only,0,0,0,0,0,0,3000,2,777,N/A,POINT (-93.632983738256 41.60043511406)
2011615205,02-11-1127,01/27/2011,01-January,5-Thursday,17:06,1700 Hours,District 6 (East Central),,DUBUQUE,,KEMP RD,Non-collision events:  Other non-collision (explain in narrative),On Roadway,Non-collision (single vehicle),Ran off road - right,None Indicated,None apparent,Daylight,Wet,Cloudy,"Surface condition (e.g., wet, icy)",Non-intersection:  Non-junction/no special feature,Paved,N/A,Property Damage Only,0,0,0,0,0,0,4500,1,1,N/A,POINT (-90.649779314969 42.437722800059)
2011615027,11-0446,01/28/2011,01-January,6-Friday,16:59,1600 Hours,District 1 (Central),WEST DES MOINES,POLK,,22ND ST,Collision with:  Vehicle in traffic,On Roadway,Rear-end (front to rear),Other (explain in narrative):  Other,None Indicated,None apparent,Daylight,Dry,Clear,None apparent,Non-intersection:  Non-junction/no special feature,Paved,N/A,Possible/Unknown,0,1,0,0,1,0,2000,2,4,N/A,POINT (-93.736064232882 41.596371588306)
2011615075,111672,01/28/2011,01-January,6-Friday,07:32,0700 Hours,District 6 (East Central),DAVENPORT,SCOTT,,IA 461/WELCOME WAY & W 53RD ST,Collision with:  Vehicle in traffic,On Roadway,Rear-end (front to rear),Followed too close,None Indicated,None apparent,Daylight,Dry,Clear,None apparent,Intersection:  Other intersection (explain in narrative),Paved,N/A,Possible/Unknown,0,1,0,0,1,0,5000,2,2,No Travel Direction Consistent with Route,POINT (-90.571669859423 41.574517729531)
2011617087,11-140129-01,01/29/2011,01-January,7-Saturday,20:00,2000 Hours,District 6 (East Central),,IOWA,,Co Rd F52/F52 TRL & C AVE,Collision with:  Animal,N/A,N/A,Animal,None Indicated,N/A,N/A,N/A,N/A,N/A,N/A,Paved,N/A,Property Damage Only,0,0,0,0,0,0,2900,1,777,N/A,POINT (-92.258562494683 41.575197095761)
2011616356,CP11000100,01/30/2011,01-January,1-Sunday,08:44,0800 Hours,District 2 (Northeast),CLARION,WRIGHT,IA 3,IA 3/CENTRAL AVE & S MAIN ST & N MAIN ST,Collision with:  Vehicle in traffic,On Roadway,Unknown,Made improper turn,None Indicated,None apparent,Daylight,Dry,Clear,None apparent,Intersection:  Four-way intersection,Paved,N/A,Property Damage Only,0,0,0,0,0,0,2000,2,2,No Travel Direction Consistent with Route,POINT (-93.732852540415 42.73167663133)
2011615268,20110003228,01/31/2011,01-January,2-Monday,16:26,1600 Hours,District 1 (Central),DES MOINES,POLK,,NEW YORK AVE & 61ST ST,Collision with:  Vehicle in traffic,On Roadway,Broadside (front to side),FTYROW:  From stop sign,None Indicated,None apparent,Daylight,Snow,Cloudy,None apparent,Intersection:  Four-way intersection,Paved,N/A,Possible/Unknown,0,1,0,0,1,0,2500,2,2,N/A,POINT (-93.701140759914 41.620188751902)
2011615674,11-000103,01/31/2011,01-January,2-Monday,15:05,1500 Hours,District 1 (Central),JOHNSTON,POLK,,CHAMBERY BLVD & NW 86TH ST,Collision with:  Vehicle in traffic,On Roadway,Broadside (front to side),Driving too fast for conditions,None Indicated,Weather conditions,Daylight,Snow,Snow,"Surface condition (e.g., wet, icy)",Intersection:  Four-way intersection,Paved,N/A,Possible/Unknown,0,1,0,0,1,0,8500,2,2,N/A,POINT (-93.736452003677 41.661049542865)
2011615279,11-0485,01/31/2011,01-January,2-Monday,10:13,1000 Hours,District 1 (Central),WEST DES MOINES,POLK,I-80,I-80,Non-collision events:  Overturn/rollover,On Roadway,Non-collision (single vehicle),Lost Control,None Indicated,Weather conditions,Daylight,Wet,"Sleet, hail","Surface condition (e.g., wet, icy)",Non-intersection:  Non-junction/no special feature,Paved,N/A,Possible/Unknown,0,1,0,0,1,0,6898,1,1,Westbound (WB),POINT (-93.786265289657 41.59216611753)
2011615465,020111-88,02/01/2011,02-February,3-Tuesday,15:25,1500 Hours,District 3 (Northwest),STORM LAKE,BUENA VISTA,,Co Rd M36/80TH AVE,Non-collision events:  Overturn/rollover,On Roadway,Non-collision (single vehicle),Driving too fast for conditions,None Indicated,None apparent,Daylight,Ice/frost,"Blowing sand, soil, dirt","Surface condition (e.g., wet, icy)",Non-intersection:  Non-junction/no special feature,Paved,N/A,Possible/Unknown,0,1,0,0,1,0,6500,1,2,N/A,POINT (-95.249920104204 42.659706377948)
2011615566,11-0069,02/01/2011,02-February,3-Tuesday,16:43,1600 Hours,District 3 (Northwest),,CALHOUN,IA 7,IA 7/190TH ST,Collision with:  Vehicle in traffic,On Roadway,Rear-end (front to rear),Driving too fast for conditions,None Indicated,Weather conditions,Daylight,Snow,"Blowing sand, soil, dirt",None apparent,Non-intersection:  Other non-intersection (explain in narrative),Paved,N/A,Possible/Unknown,0,2,0,0,2,0,23000,4,4,Westbound (WB),POINT (-94.445006828964 42.518356173606)
2011616162,11004600,02/01/2011,02-February,3-Tuesday,07:50,0700 Hours,District 6 (East Central),IOWA CITY,JOHNSON,,N SCOTT BLVD,Collision with:  Vehicle in traffic,On Roadway,Rear-end (front to rear),Driving too fast for conditions,None Indicated,Weather conditions,Daylight,Snow,Cloudy,"Surface condition (e.g., wet, icy)",Intersection:  Four-way intersection,Paved,N/A,Possible/Unknown,0,1,0,0,1,0,8000,2,2,N/A,POINT (-91.500684157845 41.677209136591)
2011615944,20110003425,02/02/2011,02-February,4-Wednesday,23:00,2300 Hours,District 1 (Central),DES MOINES,POLK,,E 23RD ST,Collision with:  Vehicle in traffic,On Roadway,"Sideswipe, same direction","Operating vehicle in an reckless, erratic, careless, negligent manner",Under Influence of Alcohol/Drugs/Medications,None apparent,Dark - roadway lighted,Snow,Clear,None apparent,Non-intersection:  Non-junction/no special feature,Paved,N/A,Property Damage Only,0,0,0,0,0,0,2000,2,3,N/A,POINT (-93.5751109484 41.591263561473)
2011616100,1759-11,02/02/2011,02-February,4-Wednesday,07:19,0700 Hours,District 3 (Northwest),SPENCER,CLAY,US 71,US 71/11TH ST SW & 4TH AVE SW,Collision with:  Vehicle in traffic,On Roadway,Broadside (front to side),Ran Traffic Signal,None Indicated,None apparent,Dawn,Snow,Clear,None apparent,Intersection:  Four-way intersection,Paved,N/A,Property Damage Only,0,0,0,0,0,0,6500,2,2,Southbound (SB),POINT (-95.150761860025 43.126762886963)
2011616175,11000261,02/03/2011,02-February,5-Thursday,10:15,1000 Hours,District 6 (East Central),IOWA CITY,JOHNSON,,NEWTON RD,Collision with:  Vehicle in traffic,On Roadway,"Sideswipe, opposite direction",Crossed centerline (undivided),None Indicated,None apparent,Daylight,Snow,Snow,"Surface condition (e.g., wet, icy)",Non-intersection:  Other non-intersection (explain in narrative),Paved,N/A,Property Damage Only,0,0,0,0,0,0,2700,2,9,N/A,POINT (-91.549176916068 41.662528999699)
2011616309,111970,02/03/2011,02-February,5-Thursday,12:26,1200 Hours,District 6 (East Central),DAVENPORT,SCOTT,US 6,US 6/E KIMBERLY RD & EASTERN AVE,Collision with:  Vehicle in traffic,On Roadway,Rear-end (front to rear),Other (explain in narrative):  Other,None Indicated,None apparent,Daylight,Snow,Clear,None apparent,Intersection:  Four-way intersection,Paved,N/A,Possible/Unknown,0,1,0,0,1,0,0,2,6,No Travel Direction Consistent with Route,POINT (-90.551394148437 41.556903350569)
2011616514,02-11-1446,02/03/2011,02-February,5-Thursday,17:45,1700 Hours,District 6 (East Central),,DUBUQUE,US 52,US 52,Collision with:  Vehicle in traffic,On Roadway,Rear-end (front to rear),Swerving/Evasive Action,None Indicated,Weather conditions,Dusk,Ice/frost,"Blowing sand, soil, dirt","Surface condition (e.g., wet, icy)",Non-intersection:  Non-junction/no special feature,Paved,N/A,Possible/Unknown,0,1,0,0,1,0,5500,2,2,Northbound (NB),POINT (-90.91054803764 42.585995947065)
2011618318,11-040204-01,02/04/2011,02-February,6-Friday,16:30,1600 Hours,District 6 (East Central),,IOWA,I-80,I-80,Collision with fixed object:  Guardrail - face,Median,Non-collision (single vehicle),Ran off road - left,None Indicated,None apparent,Daylight,Dry,Cloudy,None apparent,Non-intersection:  Other non-intersection (explain in narrative),Paved,N/A,Property Damage Only,0,0,0,0,0,0,9000,1,1,Eastbound (EB),POINT (-92.280141735056 41.696048135501)
2011616782,2011009177,02/04/2011,02-February,6-Friday,17:03,1700 Hours,District 1 (Central),ALTOONA,POLK,I-80,I-80,Collision with:  Vehicle in traffic,On Roadway,Rear-end (front to rear),Followed too close,None Indicated,None apparent,Daylight,Dry,Clear,None apparent,Non-intersection:  Non-junction/no special feature,Paved,N/A,Minor Injury,0,1,0,1,0,0,6000,2,2,Eastbound (EB),POINT (-93.533345879751 41.658343438345)
2011616752,2011009329,02/05/2011,02-February,7-Saturday,15:58,1500 Hours,District 5 (Southeast),,WARREN,I-35,I-35,Collision with fixed object:  Bridge overhead structure,On Roadway,Non-collision (single vehicle),Ran off road - right,None Indicated,None apparent,Daylight,Dry,Cloudy,None apparent,Non-intersection:  Other non-intersection (explain in narrative),Paved,N/A,Property Damage Only,0,0,0,0,0,0,152607,1,1,Southbound (SB),POINT (-93.779916727559 41.357260605257)
2011620410,11-012,02/06/2011,02-February,1-Sunday,17:25,1700 Hours,District 3 (Northwest),SIOUX CENTER,SIOUX,,9TH ST SE,N/A,Shoulder,Non-collision (single vehicle),Swerving/Evasive Action,None Indicated,None apparent,Dusk,Ice/frost,Cloudy,"Surface condition (e.g., wet, icy)",Non-intersection:  Non-junction/no special feature,Paved,N/A,Property Damage Only,0,0,0,0,0,0,2500,1,1,N/A,POINT (-96.162751007183 43.069709493797)
2011616267,11-000259,02/06/2011,02-February,1-Sunday,03:16,0300 Hours,District 1 (Central),ALTOONA,POLK,,3RD ST SW,Collision with fixed object:  Curb/island/raised median,On Roadway,Non-collision (single vehicle),Crossed centerline (undivided),Alcohol (Statutory),None apparent,Dark - roadway lighted,Snow,Snow,None apparent,Intersection:  Other intersection (explain in narrative),Paved,N/A,Property Damage Only,0,0,0,0,0,0,1800,1,1,N/A,POINT (-93.471618739126 41.649498028062)
2011617956,2011-0168,02/07/2011,02-February,2-Monday,18:44,1800 Hours,District 5 (Southeast),,WARREN,US 69,US 69,Collision with:  Vehicle in traffic,On Roadway,"Sideswipe, same direction",Crossed centerline (undivided),None Indicated,Weather conditions,Dark - roadway not lighted,Snow,"Blowing sand, soil, dirt","Surface condition (e.g., wet, icy)",Non-intersection:  Non-junction/no special feature,Paved,N/A,Possible/Unknown,0,1,0,0,1,0,5900,2,2,No Travel Direction Consistent with Route,POINT (-93.56775465058 41.25587815778)
2011616527,11-3254,02/08/2011,02-February,3-Tuesday,07:41,0700 Hours,District 1 (Central),NEWTON,JASPER,,E 19TH ST S & E 18TH ST S,Collision with:  Vehicle in traffic,On Roadway,Broadside (front to side),FTYROW:  From stop sign,None Indicated,None apparent,Daylight,Dry,Clear,None apparent,Intersection:  T-intersection,Paved,N/A,Property Damage Only,0,0,0,0,0,0,2000,2,2,N/A,POINT (-93.028936471436 41.691228426486)
2011617257,11-004978,02/08/2011,02-February,3-Tuesday,16:30,1600 Hours,District 5 (Southeast),WEST BURLINGTON,DES MOINES,,S BROADWAY ST,Collision with:  Vehicle in traffic,On Roadway,Broadside (front to side),FTYROW:  From parked position,None Indicated,None apparent,Daylight,Dry,Clear,"Surface condition (e.g., wet, icy)",Intersection:  Other intersection (explain in narrative),Paved,N/A,Property Damage Only,0,0,0,0,0,0,2500,2,2,N/A,POINT (-91.156608853561 40.824695852198)
2011617479,W11-013005,02/09/2011,02-February,4-Wednesday,16:44,1600 Hours,District 2 (Northeast),WATERLOO,BLACK HAWK,,W RIDGEWAY AVE & SHERIDAN RD,Collision with:  Vehicle in traffic,On Roadway,"Sideswipe, same direction",Other (explain in narrative):  Other,None Indicated,None apparent,Daylight,Dry,Clear,None apparent,Intersection:  Four-way intersection,Paved,N/A,Property Damage Only,0,0,0,0,0,0,3000,2,2,N/A,POINT (-92.36923379577 42.46937271696)
2011619595,,02/10/2011,02-February,5-Thursday,18:35,1800 Hours,District 4 (Southwest),,MILLS,,Co Rd L35/221ST ST,Collision with:  Animal,On Roadway,Head-on (front to front),Animal,None Indicated,N/A,Dark - roadway not lighted,Dry,Clear,N/A,Non-intersection:  Non-junction/no special feature,Paved,N/A,Property Damage Only,0,0,0,0,0,0,4380,1,1,N/A,POINT (-95.771505705465 41.118029705959)
2011622104,,02/10/2011,02-February,5-Thursday,08:09,0800 Hours,District 2 (Northeast),HAMPTON,FRANKLIN,US 65,US 65/4TH ST NE,Collision with:  Vehicle in traffic,On Roadway,Rear-end (front to rear),Lost Control,None Indicated,None apparent,Daylight,Dry,Cloudy,None apparent,Non-intersection:  Non-junction/no special feature,Paved,N/A,Property Damage Only,0,0,0,0,0,0,5150,2,2,Northbound (NB),POINT (-93.20245429091 42.744225685048)
2011617595,11-0182,02/11/2011,02-February,6-Friday,12:50,1200 Hours,District 1 (Central),CLIVE,POLK,,BUFFALO RD,Collision with:  Vehicle in traffic,On Roadway,Rear-end (front to rear),FTYROW:  Other (explain in narrative),None Indicated,None apparent,Daylight,Dry,Cloudy,None apparent,Intersection:  Four-way intersection,Paved,N/A,Minor Injury,0,1,0,1,0,0,5700,3,7,N/A,POINT (-93.718932046583 41.597677959995)
2011618429,11014069,02/12/2011,02-February,7-Saturday,18:37,1800 Hours,District 2 (Northeast),,BLACK HAWK,US 218,US 218,Collision with:  Vehicle in traffic,On Roadway,"Sideswipe, opposite direction",Illegally Parked/Unattended,None Indicated,None apparent,Dark - roadway not lighted,Dry,Clear,None apparent,Non-intersection:  Non-junction/no special feature,Paved,N/A,Property Damage Only,0,0,0,0,0,0,5500,2,4,Both North and South,POINT (-92.225210935346 42.347575745496)
2011617610,20110004363,02/12/2011,02-February,7-Saturday,09:13,0900 Hours,District 1 (Central),DES MOINES,POLK,IA 163,IA 163/E UNIVERSITY AVE & E 30TH ST,Collision with:  Vehicle in traffic,On Roadway,Broadside (front to side),FTYROW:  Making left turn,None Indicated,None apparent,Daylight,Wet,Clear,None apparent,Intersection:  Four-way intersection,Paved,N/A,Property Damage Only,0,0,0,0,0,0,5000,2,5,Westbound (WB),POINT (-93.558393313337 41.600524361579)
2011619068,2011011495,02/13/2011,02-February,1-Sunday,20:35,2000 Hours,District 1 (Central),,POLK,US 65,US 65,Collision with:  Animal,N/A,N/A,Animal,None Indicated,N/A,N/A,N/A,N/A,N/A,N/A,Paved,N/A,Property Damage Only,0,0,0,0,0,0,5000,1,777,Unknown - Not Indicated - Unlocated,POINT (-93.371137465988 41.759942275271)
2011622728,,02/14/2011,02-February,2-Monday,08:12,0800 Hours,District 2 (Northeast),DECORAH,WINNESHIEK,,E BROADWAY ST & DAY ST,Collision with:  Vehicle in traffic,On Roadway,Broadside (front to side),FTYROW:  From stop sign,None Indicated,Glare,Daylight,Wet,Clear,None apparent,Intersection:  Four-way intersection,Paved,N/A,Property Damage Only,0,0,0,0,0,0,3300,2,2,N/A,POINT (-91.783460641264 43.302344269278)
2011640956,11-0101,02/15/2011,02-February,3-Tuesday,03:38,0300 Hours,District 1 (Central),FORT DODGE,WEBSTER,,4TH AVE N & N 9TH ST,Collision with:  Parked motor vehicle,On Roadway,Broadside (front to side),Other (explain in narrative):  Other,None Indicated,Weather conditions,Dark - roadway not lighted,Ice/frost,Cloudy,"Surface condition (e.g., wet, icy)",Intersection:  T-intersection,Paved,N/A,Property Damage Only,0,0,0,0,0,0,5500,2,1,N/A,POINT (-94.187164699473 42.509232105036)
2011618293,110497,02/16/2011,02-February,4-Wednesday,08:08,0800 Hours,District 3 (Northwest),DENISON,CRAWFORD,,RIDGE RD,Collision with fixed object:  Other fixed object (explain in narrative),Outside trafficway,Non-collision (single vehicle),Swerving/Evasive Action,None Indicated,Other (explain in narrative),Daylight,Ice/frost,Clear,"Surface condition (e.g., wet, icy)",Non-intersection:  Non-junction/no special feature,Paved,N/A,Property Damage Only,0,0,0,0,0,0,2003250,1,2,N/A,POINT (-95.341885363047 42.028662714907)
2011618595,11-0405,02/16/2011,02-February,4-Wednesday,06:50,0600 Hours,District 1 (Central),URBANDALE,POLK,,128TH ST,Collision with:  Vehicle in traffic,On Roadway,"Sideswipe, opposite direction",Crossed centerline (undivided),None Indicated,None apparent,Dawn,Ice/frost,"Fog, smoke, smog",None apparent,Non-intersection:  Non-junction/no special feature,Paved,N/A,Property Damage Only,0,0,0,0,0,0,7500,2,2,N/A,POINT (-93.789462859687 41.618256037018)
2011618603,11-005380,02/17/2011,02-February,5-Thursday,13:00,1300 Hours,District 4 (Southwest),COUNCIL BLUFFS,POTTAWATTAMIE,,S 3RD ST,Collision with:  Parked motor vehicle,On Roadway,Unknown,Other (explain in narrative):  Other,None Indicated,None apparent,Daylight,Dry,Clear,None apparent,Non-intersection:  Non-junction/no special feature,Paved,N/A,Property Damage Only,0,0,0,0,0,0,1500,2,1,N/A,POINT (-95.848237502266 41.254874184026)
2011619046,11-5796,02/18/2011,02-February,6-Friday,15:19,1500 Hours,District 3 (Northwest),SIOUX CITY,WOODBURY,,MAYHEW AVE & S LAKEPORT ST,Collision with:  Vehicle in traffic,On Roadway,Broadside (front to side),FTYROW:  From stop sign,None Indicated,None apparent,Daylight,Dry,Clear,None apparent,Intersection:  T-intersection,Paved,N/A,Property Damage Only,0,0,0,0,0,0,9000,2,4,N/A,POINT (-96.344867009247 42.451318126118)
2011619044,2011-0663,02/19/2011,02-February,7-Saturday,10:00,1000 Hours,District 5 (Southeast),INDIANOLA,WARREN,US 65,US 65/N JEFFERSON WAY,Collision with:  Vehicle in traffic,On Roadway,"Sideswipe, same direction",FTYROW:  Other (explain in narrative),None Indicated,None apparent,Daylight,Dry,Clear,None apparent,Non-intersection:  Non-junction/no special feature,Paved,N/A,Property Damage Only,0,0,0,0,0,0,2000,2,2,Southbound (SB),POINT (-93.558387166772 41.369601050056)
2011619137,2011007776,02/19/2011,02-February,7-Saturday,18:31,1800 Hours,District 6 (East Central),IOWA CITY,JOHNSON,,N DUBUQUE ST,Collision with:  Vehicle in traffic,On Roadway,Rear-end (front to rear),Other (explain in narrative):  Other,Alcohol (Statutory),None apparent,Dark - roadway lighted,Dry,Cloudy,None apparent,Non-intersection:  Non-junction/no special feature,Paved,N/A,Property Damage Only,0,0,0,0,0,0,5300,2,5,N/A,POINT (-91.532915573853 41.670924084872)
2011618905,11017317,02/21/2011,02-February,2-Monday,18:03,1800 Hours,District 2 (Northeast),CEDAR FALLS,BLACK HAWK,,12TH ST,Collision with fixed object:  Other fixed object (explain in narrative),Roadside,Non-collision (single vehicle),Driving too fast for conditions,None Indicated,None apparent,Dark - roadway lighted,Ice/frost,Snow,"Surface condition (e.g., wet, icy)",Intersection:  Four-way intersection,Paved,N/A,Property Damage Only,0,0,0,0,0,0,3500,1,1,N/A,POINT (-92.445866621897 42.52764038851)
2011619281,11-0302,02/21/2011,02-February,2-Monday,08:00,0800 Hours,District 2 (Northeast),OSAGE,MITCHELL,US 218,US 218/MAIN ST & S 9TH ST & N 9TH ST,Collision with:  Vehicle in traffic,On Roadway,"Angle, oncoming left turn",FTYROW:  Making left turn,None Indicated,None apparent,Daylight,Wet,Cloudy,None apparent,Intersection:  Four-way intersection,Paved,N/A,Property Damage Only,0,0,0,0,0,0,9000,2,2,No Travel Direction Consistent with Route,POINT (-92.807658662563 43.284114747562)
2011620124,201100008281,02/22/2011,02-February,3-Tuesday,20:48,2000 Hours,District 5 (Southeast),OTTUMWA,WAPELLO,,W HARROD AVE & S ADELLA ST,Collision with:  Vehicle in traffic,On Roadway,Broadside (front to side),Exceeded authorized speed,None Indicated,None apparent,Dark - roadway lighted,Dry,Cloudy,None apparent,Intersection:  T-intersection,Paved,N/A,Major Injury,0,1,1,0,0,0,5200,3,1,N/A,POINT (-92.426490513436 40.991960775096)
2011619294,20110005537,02/23/2011,02-February,4-Wednesday,12:56,1200 Hours,District 1 (Central),DES MOINES,POLK,,CLARK ST & 19TH ST,Collision with:  Vehicle in traffic,On Roadway,Broadside (front to side),Ran off road - right,None Indicated,None apparent,Daylight,Dry,Cloudy,None apparent,Intersection:  Other intersection (explain in narrative),Paved,N/A,Minor Injury,0,3,0,2,1,0,10000,2,6,N/A,POINT (-93.642637698289 41.605884969044)
2011620773,C11000615,02/24/2011,02-February,5-Thursday,19:30,1900 Hours,District 6 (East Central),CORALVILLE,JOHNSON,,HOLIDAY RD & PARKWAY DR,Collision with:  Vehicle in traffic,On Roadway,"Sideswipe, opposite direction",Swerving/Evasive Action,None Indicated,Weather conditions,Dark - roadway lighted,Snow,Snow,None apparent,Intersection:  T-intersection,Paved,N/A,Property Damage Only,0,0,0,0,0,0,1650,3,5,N/A,POINT (-91.59546976156 41.69501540542)
2011620683,,02/24/2011,02-February,5-Thursday,16:52,1600 Hours,District 4 (Southwest),,FREMONT,,Co Rd J46/250 ST,N/A,On Roadway,Non-collision (single vehicle),Swerving/Evasive Action,None Indicated,Weather conditions,Daylight,Snow,Snow,None apparent,Non-intersection:  Non-junction/no special feature,Paved,N/A,Minor Injury,0,1,0,1,0,0,7500,1,1,N/A,POINT (-95.534403828522 40.686369032346)
2011620378,SO1100678,02/25/2011,02-February,6-Friday,03:32,0300 Hours,District 5 (Southeast),,JEFFERSON,US 34,US 34,Collision with fixed object:  Traffic sign support,On Roadway,Non-collision (single vehicle),Ran off road - right,None Indicated,Weather conditions,Dark - unknown roadway lighting,Snow,"Blowing sand, soil, dirt","Surface condition (e.g., wet, icy)",Non-intersection:  Non-junction/no special feature,Paved,N/A,Possible/Unknown,0,1,0,0,1,0,6000,1,1,Eastbound (EB),POINT (-92.039863606631 41.015133869236)
2011621797,11-000596,02/25/2011,02-February,6-Friday,16:15,1600 Hours,District 3 (Northwest),ROCK RAPIDS,LYON,IA 9,IA 9/1ST AVE,Collision with:  Vehicle in traffic,On Roadway,"Sideswipe, same direction",Made improper turn,None Indicated,None apparent,Daylight,Dry,Snow,None apparent,Non-intersection:  Other non-intersection (explain in narrative),Paved,N/A,Property Damage Only,0,0,0,0,0,0,2500,2,6,Westbound (WB),POINT (-96.174202815698 43.431877519873)
2011619981,11-07406,02/26/2011,02-February,7-Saturday,21:45,2100 Hours,District 5 (Southeast),BURLINGTON,DES MOINES,,Co Rd X99/DMC 99,Non-collision events:  Overturn/rollover,On Roadway,Non-collision (single vehicle),Crossed centerline (undivided),None Indicated,None apparent,Dark - roadway not lighted,Ice/frost,Cloudy,None apparent,Non-intersection:  Other non-intersection (explain in narrative),Paved,N/A,Minor Injury,0,1,0,1,0,0,10000,1,2,N/A,POINT (-91.110155663215 40.837816015855)
2011621233,,02/26/2011,02-February,7-Saturday,07:40,0700 Hours,District 6 (East Central),DE WITT,CLINTON,US 30,US 30/RAMP & US 61,Collision with fixed object:  Utility pole/light support,On Roadway,Non-collision (single vehicle),Ran off road - right,None Indicated,Weather conditions,Daylight,Ice/frost,Snow,"Surface condition (e.g., wet, icy)",Interchange-related:  On-ramp,Paved,N/A,Property Damage Only,0,0,0,0,0,0,3650,1,1,Ramp,POINT (-90.569710198757 41.829819862785)
2011619836,11-006458,02/27/2011,02-February,1-Sunday,01:55,0100 Hours,District 4 (Southwest),COUNCIL BLUFFS,POTTAWATTAMIE,,AVE A,Collision with:  Parked motor vehicle,On Roadway,"Sideswipe, opposite direction",Other (explain in narrative):  Other,None Indicated,Weather conditions,Dark - roadway lighted,Snow,Cloudy,"Surface condition (e.g., wet, icy)",Non-intersection:  Non-junction/no special feature,Paved,N/A,Property Damage Only,0,0,0,0,0,0,3000,3,1,N/A,POINT (-95.865015108992 41.262734416091)
2011621067,,02/28/2011,02-February,2-Monday,21:47,2100 Hours,District 2 (Northeast),,ALLAMAKEE,,OLD JUNCTION DR,N/A,On Roadway,Non-collision (single vehicle),Ran off road - right,None Indicated,None apparent,Dark - roadway not lighted,Ice/frost,Clear,"Surface condition (e.g., wet, icy)",Non-intersection:  Non-junction/no special feature,Unpaved,N/A,Property Damage Only,0,0,0,0,0,0,4000,1,1,N/A,POINT (-91.20406660651 43.137639028852)
2011621274,110943PD,03/01/2011,03-March,3-Tuesday,11:05,1100 Hours,District 1 (Central),BOONE,BOONE,,PARK AVE & S STORY ST,Collision with:  Vehicle in traffic,On Roadway,"Angle, oncoming left turn",FTYROW:  Making left turn,None Indicated,None apparent,Daylight,Dry,Clear,Other (explain in narrative),Intersection:  Four-way intersection,Paved,N/A,Property Damage Only,0,0,0,0,0,0,1500,2,3,N/A,POINT (-93.879904180392 42.048070886425)
2011620825,20110006281,03/02/2011,03-March,4-Wednesday,16:10,1600 Hours,District 1 (Central),DES MOINES,POLK,,E UNIVERSITY AVE & E 6TH ST,Collision with:  Vehicle in traffic,On Roadway,Broadside (front to side),FTYROW:  From stop sign,None Indicated,None apparent,Daylight,Dry,Clear,None apparent,Intersection:  T-intersection,Paved,N/A,Property Damage Only,0,0,0,0,0,0,3000,2,2,N/A,POINT (-93.611983434887 41.600377683474)
2011620760,11-07994,03/03/2011,03-March,5-Thursday,16:42,1600 Hours,District 5 (Southeast),BURLINGTON,DES MOINES,,SUMMER ST,Collision with:  Parked motor vehicle,Outside trafficway,Unknown,Other (explain in narrative):  Other,None Indicated,None apparent,Daylight,Dry,Clear,None apparent,Unknown,Paved,N/A,Property Damage Only,0,0,0,0,0,0,1500,2,1,N/A,POINT (-91.113877440121 40.802332159104)
2011621351,2011015067,03/04/2011,03-March,6-Friday,17:35,1700 Hours,District 1 (Central),,GREENE,US 30,US 30/220TH & Co Rd P14/J AVE,Collision with:  Vehicle in traffic,On Roadway,Broadside (front to side),Ran Stop Sign,None Indicated,None apparent,Daylight,Dry,Cloudy,None apparent,Intersection:  Four-way intersection,Paved,N/A,Property Damage Only,0,0,0,0,0,0,40000,2,3,Eastbound (EB),POINT (-94.455717007469 42.0346280583)
2011621209,11-7477,03/05/2011,03-March,7-Saturday,23:16,2300 Hours,District 3 (Northwest),SIOUX CITY,WOODBURY,IA 12,IA 12/GORDON DR & CONNECTOR PEARL ST,Collision with:  Vehicle in traffic,On Roadway,Broadside (front to side),Ran Traffic Signal,None Indicated,None apparent,Dark - roadway lighted,Dry,Clear,None apparent,Intersection:  T-intersection,Paved,N/A,Property Damage Only,0,0,0,0,0,0,1600,2,3,Southbound (SB),POINT (-96.407669601633 42.489851347129)
2011622447,11-001259,03/06/2011,03-March,1-Sunday,10:15,1000 Hours,District 3 (Northwest),,CHEROKEE,IA 3,IA 3/IOWA 3,Collision with fixed object:  Ditch,On Roadway,Non-collision (single vehicle),Driving too fast for conditions,None Indicated,Weather conditions,Daylight,Snow,Snow,"Surface condition (e.g., wet, icy)",Non-intersection:  Non-junction/no special feature,Paved,N/A,Property Damage Only,0,0,0,0,0,0,2000,1,1,Westbound (WB),POINT (-95.589058183852 42.793455311123)