Iowa DOT Case Number,Law Enforcement Case Number,Date of Crash,Month of Crash,Day of Week,Time of Crash,Hour,DOT District,City Name,County Name,Route with System,Location Description,First Harmful Event,Location of First Harmful Event,Manner of Crash/Collision,Major Cause,Drug or Alcohol ,Environmental Conditions,Light Conditions,Surface Conditions,Weather Conditions,Roadway Contribution,Roadway Type,Roadway Surface,Work Zone,Crash Severity,Number of Fatalities,Number of Injuries,Number of Major Injuries,Number of Minor Injuries,Number of Possible Injuries,Number of Unknown Injuries,Amount of Property Damage,Number of Vehicles Involved,Total Number of Occupants,Travel Direction,Location
2011621104,11-6033,03/07/2011,03-March,2-Monday,11:22,1100 Hours,District 1 (Central),NEWTON,JASPER,,S 5TH AVE E & E 3RD ST S,Collision with:  Vehicle in traffic,On Roadway,Broadside (front to side),Ran Stop Sign,None Indicated,None apparent,Daylight,Wet,Snow,None apparent,Intersection:  Four-way intersection,Paved,N/A,Possible/Unknown,0,1,0,0,1,0,3000,2,2,N/A,POINT (-93.051134981439 41.695607175492)
2011621701,11001695,03/08/2011,03-March,3-Tuesday,16:28,1600 Hours,District 6 (East Central),,BUCHANAN,US 20,US 20,Non-collision events:  Other non-collision (explain in narrative),On Roadway,Non-collision (single vehicle),Other (explain in narrative):  No improper action,None Indicated,None apparent,Daylight,Dry,Cloudy,None apparent,Non-intersection:  Non-junction/no special feature,Paved,N/A,Property Damage Only,0,0,0,0,0,0,1800,1,1,Eastbound (EB),POINT (-92.053408569079 42.449205784832)
2011622088,,03/09/2011,03-March,4-Wednesday,17:25,1700 Hours,District 2 (Northeast),,KOSSUTH,,Co Rd P20/40 AVE,Non-collision events:  Overturn/rollover,On Roadway,Non-collision (single vehicle),FTYROW:  Other (explain in narrative),None Indicated,Weather conditions,Daylight,Ice/frost,Snow,None apparent,Non-intersection:  Non-junction/no special feature,Paved,N/A,Property Damage Only,0,0,0,0,0,0,6000,1,1,N/A,POINT (-94.383858977505 43.392538911125)
2011622276,SO110104,03/09/2011,03-March,4-Wednesday,18:55,1800 Hours,District 4 (Southwest),,ADAMS,,Co Rd H20/125TH ST,Collision with:  Animal,N/A,N/A,Animal,None Indicated,N/A,N/A,N/A,N/A,N/A,N/A,Paved,N/A,Property Damage Only,0,0,0,0,0,0,3000,1,777,N/A,POINT (-94.666515407936 41.12221041453)
2011621440,11-003032,03/10/2011,03-March,5-Thursday,08:03,0800 Hours,District 4 (Southwest),GLENWOOD,MILLS,,TOWNSEND ST & S HAZEL ST,Collision with:  Vehicle in traffic,On Roadway,Broadside (front to side),FTYROW:  From stop sign,None Indicated,Glare,Daylight,Dry,Clear,None apparent,Intersection:  Four-way intersection,Paved,N/A,Possible/Unknown,0,1,0,0,1,0,7000,2,4,N/A,POINT (-95.746072405849 41.040731363052)
2011640966,11-0154,03/11/2011,03-March,6-Friday,07:57,0700 Hours,District 1 (Central),DAYTON,WEBSTER,,3RD AVE NW,Collision with:  Vehicle in traffic,On Roadway,Broadside (front to side),FTYROW:  Other (explain in narrative),None Indicated,None apparent,Daylight,Dry,Clear,None apparent,Non-intersection:  Driveway access (within),Paved,N/A,Property Damage Only,0,0,0,0,0,0,3000,2,14,N/A,POINT (-94.069516582987 42.264186935308)
2011635808,11004557,03/12/2011,03-March,7-Saturday,09:03,0900 Hours,District 2 (Northeast),MASON CITY,CERRO GORDO,IA 122,IA 122/5TH ST SW,Collision with fixed object:  Curb/island/raised median,Outside trafficway,Non-collision (single vehicle),Lost Control,None Indicated,None apparent,Daylight,Dry,Cloudy,None apparent,Non-intersection:  Driveway access (within),Paved,N/A,Fatal,1,0,0,0,0,0,9500,1,1,Westbound (WB),POINT (-93.205316445352 43.147211046172)
2011623590,11-006102,03/14/2011,03-March,2-Monday,12:35,1200 Hours,District 6 (East Central),BETTENDORF,SCOTT,,35TH ST,Collision with:  Vehicle in traffic,Roadside,Broadside (front to side),Ran off road - right,None Indicated,None apparent,Daylight,Dry,Clear,None apparent,Non-intersection:  Driveway access (within),Paved,N/A,Property Damage Only,0,0,0,0,0,0,4000,2,1,N/A,POINT (-90.483979219263 41.527032172611)
2011652472,,03/15/2011,03-March,3-Tuesday,16:49,1600 Hours,District 1 (Central),BOONE,BOONE,,LINCOLN AVE & S STORY ST,Collision with:  Animal,On Roadway,Non-collision (single vehicle),Animal,None Indicated,None apparent,N/A,N/A,N/A,None apparent,Non-intersection:  Non-junction/no special feature,Paved,N/A,Property Damage Only,0,0,0,0,0,0,1500,1,1,N/A,POINT (-93.879921456432 42.049322654653)
2011624464,11-002135,03/16/2011,03-March,4-Wednesday,01:32,0100 Hours,District 2 (Northeast),,FAYETTE,,JADE RD,Collision with fixed object:  Ditch,On Roadway,Non-collision (single vehicle),Ran off road - left,None Indicated,None apparent,Dark - roadway not lighted,"Mud, dirt",Clear,None apparent,Non-intersection:  Non-junction/no special feature,Unpaved,N/A,Property Damage Only,0,0,0,0,0,0,6500,1,3,N/A,POINT (-91.791891206687 42.857982425426)
2011624833,,03/17/2011,03-March,5-Thursday,15:05,1500 Hours,District 4 (Southwest),,FREMONT,US 59,US 59 & Co Rd J56/290 ST,Collision with:  Vehicle in traffic,On Roadway,"Angle, oncoming left turn",Crossed centerline (undivided),None Indicated,None apparent,Daylight,Dry,Clear,None apparent,Intersection:  Four-way intersection,Paved,N/A,Property Damage Only,0,0,0,0,0,0,11750,2,2,Southbound (SB),POINT (-95.392936966068 40.626660902363)
2011626346,201104158,03/18/2011,03-March,6-Friday,08:20,0800 Hours,District 6 (East Central),CEDAR RAPIDS,LINN,,60TH ST NE & COUNCIL ST NE,Collision with:  Vehicle in traffic,On Roadway,Rear-end (front to rear),Followed too close,None Indicated,None apparent,Daylight,Dry,Cloudy,None apparent,Non-intersection:  Non-junction/no special feature,Paved,N/A,Property Damage Only,0,0,0,0,0,0,6000,2,2,N/A,POINT (-91.658325203721 42.038143526116)
2011622985,,03/19/2011,03-March,7-Saturday,11:22,1100 Hours,District 1 (Central),DES MOINES,POLK,,19TH ST,Collision with:  Vehicle in traffic,On Roadway,"Sideswipe, same direction",FTYROW:  Other (explain in narrative),None Indicated,None apparent,Daylight,Dry,Clear,None apparent,Non-intersection:  Non-junction/no special feature,Paved,N/A,Property Damage Only,0,0,0,0,0,0,4500,2,6,N/A,POINT (-93.642670260241 41.603119569909)
2011622753,W11-026908,03/20/2011,03-March,1-Sunday,03:55,0300 Hours,District 2 (Northeast),WATERLOO,BLACK HAWK,,LA PORTE RD,Collision with:  Vehicle in traffic,On Roadway,Broadside (front to side),FTYROW:  Other (explain in narrative),None Indicated,None apparent,Dark - roadway lighted,Wet,Rain,None apparent,Non-intersection:  Other non-intersection (explain in narrative),Paved,N/A,Possible/Unknown,0,1,0,0,1,0,6500,2,2,N/A,POINT (-92.322008044062 42.468553729205)
2011624145,,03/21/2011,03-March,2-Monday,15:30,1500 Hours,District 1 (Central),DES MOINES,POLK,,PARK AVE & SW 7TH ST,Collision with:  Vehicle in traffic,On Roadway,Rear-end (front to rear),Followed too close,None Indicated,None apparent,Daylight,Dry,Cloudy,None apparent,Non-intersection:  Non-junction/no special feature,Paved,N/A,Property Damage Only,0,0,0,0,0,0,3000,2,2,N/A,POINT (-93.623335059576 41.555442490786)
2011623615,2011-1106,03/22/2011,03-March,3-Tuesday,09:12,0900 Hours,District 5 (Southeast),INDIANOLA,WARREN,US 65,US 65/N JEFFERSON WAY & E GIRARD AVE,Collision with:  Vehicle in traffic,On Roadway,"Angle, oncoming left turn",FTYROW:  Making left turn,None Indicated,None apparent,Daylight,Dry,Cloudy,None apparent,Intersection:  T-intersection,Paved,N/A,Property Damage Only,0,0,0,0,0,0,3500,2,4,Both North and South,POINT (-93.558381102133 41.367493299722)
2011623661,,03/23/2011,03-March,4-Wednesday,15:42,1500 Hours,District 6 (East Central),CASCADE,DUBUQUE,IA 136,IA 136/JOHNSON ST NW & 6TH AVE NW,Collision with:  Vehicle in traffic,On Roadway,Broadside (front to side),Ran Stop Sign,None Indicated,None apparent,Daylight,Dry,Rain,None apparent,Intersection:  T-intersection,Paved,N/A,Property Damage Only,0,0,0,0,0,0,4000,2,2,Northbound (NB),POINT (-91.018689135903 42.301777696839)
2011623978,2011018970,03/24/2011,03-March,5-Thursday,09:55,0900 Hours,District 6 (East Central),WEST BRANCH,CEDAR,I-80,I-80,Collision with:  Vehicle in traffic,On Roadway,"Sideswipe, same direction",Ran off road - left,None Indicated,None apparent,Daylight,Dry,Cloudy,Work Zone (roadway-related),Non-intersection:  Other non-intersection (explain in narrative),Paved,Yes,Property Damage Only,0,0,0,0,0,0,2000,2,2,Westbound (WB),POINT (-91.34610548245 41.664027902672)
2011625196,11-3357,03/25/2011,03-March,6-Friday,07:17,0700 Hours,District 3 (Northwest),,SIOUX,US 75,US 75 & Co Rd B30/370TH ST,Collision with:  Vehicle in traffic,On Roadway,Broadside (front to side),Driving too fast for conditions,None Indicated,Weather conditions,Dawn,Snow,Snow,"Surface condition (e.g., wet, icy)",Intersection:  Four-way intersection,Paved,N/A,Property Damage Only,0,0,0,0,0,0,13700,3,3,Northbound (NB),POINT (-96.175962143769 43.113345837089)
2011623995,11-2544,03/25/2011,03-March,6-Friday,23:37,2300 Hours,District 3 (Northwest),CARROLL,CARROLL,,MAHOGANY AVE & 180TH ST & 30TH ST & GRANT RD,Collision with:  Vehicle in traffic,On Roadway,Broadside (front to side),Ran Stop Sign,None Indicated,None apparent,Dark - roadway lighted,Dry,Clear,None apparent,Intersection:  Other intersection (explain in narrative),Paved,N/A,Possible/Unknown,0,1,0,0,1,0,14500,2,2,N/A,POINT (-94.85919866771 42.092914402521)
2011623875,2011-013639,03/26/2011,03-March,7-Saturday,10:33,1000 Hours,District 6 (East Central),IOWA CITY,JOHNSON,,MUSCATINE AVE,Collision with:  Vehicle in traffic,On Roadway,Rear-end (front to rear),Followed too close,None Indicated,None apparent,Daylight,Dry,Clear,None apparent,Non-intersection:  Non-junction/no special feature,Paved,N/A,Property Damage Only,0,0,0,0,0,0,2200,2,4,N/A,POINT (-91.49948802789 41.64956956804)
2011639872,11-03282025,03/28/2011,03-March,2-Monday,20:25,2000 Hours,District 5 (Southeast),COLUMBUS JUNCTION,LOUISA,,HILLTOP RD,Collision with fixed object:  Culvert/pipe opening,Outside trafficway,Non-collision (single vehicle),Ran off road - left,Alcohol (Statutory),None apparent,Dark - roadway lighted,Dry,Clear,None apparent,Non-intersection:  Non-junction/no special feature,Paved,N/A,Minor Injury,0,1,0,1,0,0,4550,1,3,N/A,POINT (-91.379760559951 41.281788932657)
2011623873,11-8395,03/29/2011,03-March,3-Tuesday,11:10,1100 Hours,District 1 (Central),PRAIRIE CITY,JASPER,IA 117,IA 117/W 2ND ST,Collision with:  Vehicle in traffic,On Roadway,Broadside (front to side),FTYROW:  From driveway,None Indicated,None apparent,Daylight,Dry,Cloudy,None apparent,Non-intersection:  Driveway access (within),Paved,N/A,Property Damage Only,0,0,0,0,0,0,3500,2,4,Southbound (SB),POINT (-93.242144133844 41.596491255222)
2011624855,11-002311,03/30/2011,03-March,4-Wednesday,17:07,1700 Hours,District 4 (Southwest),PERRY,DALLAS,,WARFORD ST,Collision with:  Vehicle in traffic,On Roadway,"Sideswipe, same direction",FTYROW:  Other (explain in narrative),None Indicated,None apparent,Daylight,Dry,Cloudy,None apparent,Non-intersection:  Non-junction/no special feature,Paved,N/A,Property Damage Only,0,0,0,0,0,0,1500,2,5,N/A,POINT (-94.118465956014 41.839329078149)
2011624053,115383,03/31/2011,03-March,5-Thursday,08:54,0800 Hours,District 6 (East Central),DAVENPORT,SCOTT,US 6,US 6/E KIMBERLY RD & BRIDGE AVE,Collision with:  Vehicle in traffic,On Roadway,Rear-end (front to rear),Lost Control,None Indicated,None apparent,Daylight,Dry,Clear,None apparent,Non-intersection:  Non-junction/no special feature,Paved,N/A,Property Damage Only,0,0,0,0,0,0,2000,2,2,Westbound (WB),POINT (-90.557090189314 41.556889479763)
2011624461,11-12017,04/01/2011,04-April,6-Friday,23:40,2300 Hours,District 5 (Southeast),BURLINGTON,DES MOINES,,AETNA ST,Non-collision events:  Other non-collision (explain in narrative),Outside trafficway,Non-collision (single vehicle),Other (explain in narrative):  Other,Refused,None apparent,Dark - roadway lighted,Dry,Clear,None apparent,Intersection:  T-intersection,Paved,N/A,Property Damage Only,0,0,0,0,0,0,1900,1,1,N/A,POINT (-91.113090087615 40.806273716078)
2011624612,11-0336,04/02/2011,04-April,7-Saturday,03:37,0300 Hours,District 1 (Central),PLEASANT HILL,POLK,US 65,US 65/NW RAMP,Collision with fixed object:  Traffic sign support,Median,Non-collision (single vehicle),"Operating vehicle in an reckless, erratic, careless, negligent manner",Alcohol (Statutory),None apparent,Dark - roadway lighted,Dry,Clear,None apparent,Interchange-related:  Off-ramp,Paved,N/A,Property Damage Only,0,0,0,0,0,0,2800,1,1,Ramp,POINT (-93.514220288111 41.576158587961)
2011626031,20111342,04/03/2011,04-April,1-Sunday,21:03,2100 Hours,District 1 (Central),,GRUNDY,US 20,US 20,Collision with fixed object:  Ditch,Shoulder,Non-collision (single vehicle),Swerving/Evasive Action,None Indicated,None apparent,Dark - roadway not lighted,Dry,Severe winds,None apparent,Non-intersection:  Non-junction/no special feature,Paved,N/A,Possible/Unknown,0,1,0,0,1,0,5000,1,1,Eastbound (EB),POINT (-92.838811866533 42.463060785009)
2011626044,11A-036,04/04/2011,04-April,2-Monday,15:54,1500 Hours,District 5 (Southeast),,MARION,,JESUP DR,Collision with:  Vehicle in traffic,On Roadway,Rear-end (front to rear),FTYROW:  Other (explain in narrative),None Indicated,None apparent,Daylight,Dry,Cloudy,None apparent,Intersection:  Four-way intersection,Unpaved,N/A,Property Damage Only,0,0,0,0,0,0,7000,3,4,N/A,POINT (-92.91430857367 41.363879861326)
2011626106,,04/05/2011,04-April,3-Tuesday,17:15,1700 Hours,District 6 (East Central),CEDAR RAPIDS,LINN,IA 100,IA 100/COLLINS AVE NE,Collision with:  Vehicle in traffic,On Roadway,Rear-end (front to rear),Unknown,None Indicated,N/A,Daylight,Dry,Clear,N/A,Non-intersection:  Non-junction/no special feature,Paved,N/A,Property Damage Only,0,0,0,0,0,0,5000,2,2,Unknown - Not Indicated - Unlocated,POINT (-91.658467841344 42.028490380732)
2011625583,201105105,04/06/2011,04-April,4-Wednesday,14:23,1400 Hours,District 6 (East Central),CEDAR RAPIDS,LINN,,30TH ST DR SE,Non-collision events:  Other non-collision (explain in narrative),On Roadway,Non-collision (single vehicle),Swerving/Evasive Action,None Indicated,None apparent,Daylight,Dry,Cloudy,None apparent,Non-intersection:  Non-junction/no special feature,Paved,N/A,Possible/Unknown,0,1,0,0,1,0,7000,1,1,N/A,POINT (-91.621746889978 42.007169491939)
2011626001,2011021482,04/07/2011,04-April,5-Thursday,21:05,2100 Hours,District 5 (Southeast),,CLARKE,I-35,I-35,Collision with fixed object:  Ditch,On Roadway,Non-collision (single vehicle),Driving too fast for conditions,None Indicated,Weather conditions,Dark - roadway not lighted,Wet,Rain,Work Zone (roadway-related),Non-intersection:  Non-junction/no special feature,Paved,Yes,Property Damage Only,0,0,0,0,0,0,1800,1,1,Northbound (NB),POINT (-93.787771836299 41.135733812594)
2011627034,11-001890,04/08/2011,04-April,6-Friday,18:56,1800 Hours,District 3 (Northwest),,IDA,,Co Rd L67/EAGLE AVE & 190TH ST,Collision with:  Vehicle in traffic,On Roadway,Broadside (front to side),Ran Stop Sign,Alcohol (Statutory),None apparent,Daylight,Dry,Clear,None apparent,Intersection:  Four-way intersection,Paved,N/A,Minor Injury,0,2,0,2,0,0,7500,2,3,N/A,POINT (-95.574648969045 42.428297154129)
2011625995,2011021767,04/09/2011,04-April,7-Saturday,06:18,0600 Hours,District 1 (Central),,JASPER,I-80,I-80,Collision with:  Vehicle in traffic,On Roadway,Broadside (front to side),Ran off road - right,None Indicated,None apparent,Dark - roadway not lighted,Dry,"Fog, smoke, smog",None apparent,Non-intersection:  Non-junction/no special feature,Paved,N/A,Property Damage Only,0,0,0,0,0,0,8000,2,6,Westbound (WB),POINT (-93.165481318247 41.685717648591)
2011625304,201105298,04/10/2011,04-April,1-Sunday,10:14,1000 Hours,District 6 (East Central),CEDAR RAPIDS,LINN,,COUNTRY CLUB PKWY SE,Collision with:  Vehicle in traffic,On Roadway,Rear-end (front to rear),Driver Distraction:  Manual operation of an electronic communication device,None Indicated,None apparent,Daylight,Dry,Cloudy,None apparent,Non-intersection:  Non-junction/no special feature,Paved,N/A,Property Damage Only,0,0,0,0,0,0,10000,2,3,N/A,POINT (-91.62782749736 41.997875707037)
2011625728,11-002848,04/11/2011,04-April,2-Monday,15:30,1500 Hours,District 2 (Northeast),POSTVILLE,CLAYTON,,A AVE,Unknown,On Roadway,Non-collision (single vehicle),Driving too fast for conditions,None Indicated,None apparent,Daylight,Dry,Clear,None apparent,Non-intersection:  Non-junction/no special feature,Unpaved,N/A,Property Damage Only,0,0,0,0,0,0,5000,1,1,N/A,POINT (-91.60587363728 43.007998708938)
2011626529,2011022269,04/12/2011,04-April,3-Tuesday,07:52,0700 Hours,District 1 (Central),AMES,STORY,US 69,US 69/GRAND AVE & 13TH ST,Collision with:  Vehicle in traffic,On Roadway,"Angle, oncoming left turn",FTYROW:  Making left turn,None Indicated,Glare,Daylight,Dry,Clear,None apparent,Intersection:  Four-way intersection,Paved,N/A,Property Damage Only,0,0,0,0,0,0,7500,3,3,Both North and South,POINT (-93.620395496812 42.034528005153)
2011626063,11-011959,04/13/2011,04-April,4-Wednesday,06:18,0600 Hours,District 4 (Southwest),COUNCIL BLUFFS,POTTAWATTAMIE,US 6,US 6/KANESVILLE BLVD & N BROADWAY,Collision with fixed object:  Other fixed object (explain in narrative),Roadside,Non-collision (single vehicle),Crossed centerline (undivided),None Indicated,None apparent,Dawn,Dry,Cloudy,None apparent,Non-intersection:  Non-junction/no special feature,Paved,N/A,Possible/Unknown,0,1,0,0,1,0,7500,1,1,Westbound (WB),POINT (-95.836662189683 41.26895794615)
2011630205,20110414DW01,04/14/2011,04-April,5-Thursday,13:00,1300 Hours,District 3 (Northwest),ORANGE CITY,SIOUX,IA 10,IA 10/8TH ST SE & LINCOLN AVE SE & LINCOLN PL SE,Collision with:  Vehicle in traffic,On Roadway,Rear-end (front to rear),Followed too close,None Indicated,None apparent,Daylight,Wet,Cloudy,None apparent,Non-intersection:  Non-junction/no special feature,Paved,N/A,Possible/Unknown,0,1,0,0,1,0,9000,3,4,Eastbound (EB),POINT (-96.046369653566 42.997496112784)
2011626918,11-015599,04/15/2011,04-April,6-Friday,13:02,1300 Hours,District 5 (Southeast),MUSCATINE,MUSCATINE,IA 92,IA 92/GRANDVIEW AVE & MILL ST,Collision with:  Vehicle in traffic,On Roadway,"Sideswipe, opposite direction",Swerving/Evasive Action,None Indicated,None apparent,Daylight,Wet,Rain,None apparent,Intersection:  T-intersection,Paved,N/A,Property Damage Only,0,0,0,0,0,0,4200,3,7,Both East and West,POINT (-91.057865221254 41.413659890338)
2011626431,11-1689,04/15/2011,04-April,6-Friday,16:15,1600 Hours,District 1 (Central),WEST DES MOINES,POLK,I-235,I-235,Collision with fixed object:  Concrete traffic barrier (median or right side),On Roadway,Non-collision (single vehicle),Lost Control,None Indicated,None apparent,Daylight,Wet,Rain,"Surface condition (e.g., wet, icy)",Non-intersection:  Non-junction/no special feature,Paved,N/A,Possible/Unknown,0,1,0,0,1,0,3000,1,1,Eastbound (EB),POINT (-93.719807894328 41.593349014714)
2011627898,11-001683,04/16/2011,04-April,7-Saturday,23:45,2300 Hours,District 1 (Central),ANKENY,POLK,,SW ORALABOR FRONTAGE RD & SW IRVINEDALE DR & SW 28TH ST,Collision with:  Vehicle in traffic,On Roadway,Broadside (front to side),Ran Stop Sign,None Indicated,None apparent,Dark - roadway lighted,Wet,Rain,None apparent,Intersection:  Four-way intersection,Paved,N/A,Property Damage Only,0,0,0,0,0,0,4500,2,4,N/A,POINT (-93.637399189126 41.702713926486)
2011626432,11-1739,04/17/2011,04-April,1-Sunday,17:19,1700 Hours,District 1 (Central),WEST DES MOINES,POLK,,FULLER RD & GRAND AVE,Collision with:  Vehicle in traffic,On Roadway,"Angle, oncoming left turn",FTYROW:  Making left turn,None Indicated,None apparent,Daylight,Dry,Cloudy,None apparent,Intersection:  Four-way intersection,Paved,N/A,Property Damage Only,0,0,0,0,0,0,7000,2,2,N/A,POINT (-93.736913170425 41.559175248842)
2011630201,20110419JP01,04/19/2011,04-April,3-Tuesday,07:00,0700 Hours,District 3 (Northwest),ALTON,SIOUX,IA 60,IA 60/IOWA 60,Non-collision events:  Overturn/rollover,On Roadway,Non-collision (single vehicle),Driving too fast for conditions,None Indicated,None apparent,Daylight,Slush,Snow,None apparent,Non-intersection:  Non-junction/no special feature,Paved,N/A,Property Damage Only,0,0,0,0,0,0,5500,1,1,Southbound (SB),POINT (-96.007943067804 42.975750671546)
2011627814,2011023617,04/19/2011,04-April,3-Tuesday,22:33,2200 Hours,District 3 (Northwest),,PALO ALTO,US 18,US 18/370 ST,Collision with fixed object:  Traffic sign support,Roadside,Non-collision (single vehicle),Ran off road - right,Alcohol (Statutory),None apparent,Dark - roadway not lighted,Dry,Cloudy,None apparent,Non-intersection:  Non-junction/no special feature,Paved,N/A,Property Damage Only,0,0,0,0,0,0,4500,1,1,No Travel Direction Consistent with Route,POINT (-94.574742511993 43.112182029926)
2011627444,4511-019,04/19/2011,04-April,3-Tuesday,07:26,0700 Hours,District 2 (Northeast),,HOWARD,,Co Rd A23/45TH ST,Collision with fixed object:  Utility pole/light support,On Roadway,Non-collision (single vehicle),Crossed centerline (undivided),None Indicated,Weather conditions,Daylight,Slush,Snow,"Surface condition (e.g., wet, icy)",Non-intersection:  Driveway access (within),Paved,N/A,Property Damage Only,0,0,0,0,0,0,4500,1,2,N/A,POINT (-92.255802760378 43.450851412807)
2011627113,11-012966,04/21/2011,04-April,5-Thursday,11:24,1100 Hours,District 4 (Southwest),COUNCIL BLUFFS,POTTAWATTAMIE,,AVE B,Collision with:  Parked motor vehicle,On Roadway,"Sideswipe, same direction",Driver Distraction:  Manual operation of an electronic communication device,None Indicated,None apparent,Daylight,Dry,Cloudy,None apparent,Non-intersection:  Non-junction/no special feature,Paved,N/A,Property Damage Only,0,0,0,0,0,0,6800,2,777,N/A,POINT (-95.864755597452 41.263623500595)
2011627014,W11-038570,04/21/2011,04-April,5-Thursday,10:05,1000 Hours,District 2 (Northeast),WATERLOO,BLACK HAWK,US 218,US 218/SE RAMP,Collision with:  Vehicle in traffic,On Roadway,Rear-end (front to rear),Followed too close,None Indicated,None apparent,Daylight,Dry,Cloudy,None apparent,Interchange-related:  Off-ramp,Paved,N/A,Property Damage Only,0,0,0,0,0,0,11500,2,3,Ramp,POINT (-92.387213988374 42.535311881944)
2011627239,2011016708,04/22/2011,04-April,6-Friday,13:43,1300 Hours,District 6 (East Central),IOWA CITY,JOHNSON,IA 1,IA 1/IOWA 1 & MORMON TREK BLVD,Collision with:  Vehicle in traffic,On Roadway,Rear-end (front to rear),Followed too close,None Indicated,None apparent,Daylight,Dry,Cloudy,None apparent,Intersection:  Four-way intersection,Paved,N/A,Property Damage Only,0,0,0,0,0,0,1500,2,5,Southbound (SB),POINT (-91.564644881226 41.636125913037)
2011631378,11-13374,04/23/2011,04-April,7-Saturday,03:31,0300 Hours,District 3 (Northwest),SIOUX CITY,WOODBURY,,10TH ST,Collision with fixed object:  Ditch,On Roadway,Non-collision (single vehicle),Ran off road - left,None Indicated,Unknown,Dark - roadway lighted,Dry,Clear,None apparent,Non-intersection:  Non-junction/no special feature,Unpaved,N/A,Property Damage Only,0,0,0,0,0,0,6000,1,1,N/A,POINT (-96.364005281056 42.500993709727)
2011627798,1-11-000184,04/24/2011,04-April,1-Sunday,04:00,0400 Hours,District 4 (Southwest),,SHELBY,,MAPLE RD,Non-collision events:  Overturn/rollover,On Roadway,Non-collision (single vehicle),Swerving/Evasive Action,None Indicated,None apparent,Dark - roadway not lighted,Dry,Clear,None apparent,Non-intersection:  Non-junction/no special feature,Unpaved,N/A,Major Injury,0,1,1,0,0,0,7000,1,1,N/A,POINT (-95.308060751533 41.627513248117)
2011627427,111119,04/25/2011,04-April,2-Monday,13:38,1300 Hours,District 3 (Northwest),DENISON,CRAWFORD,,BROADWAY & 20TH ST & N 20TH ST,Collision with:  Vehicle in traffic,On Roadway,Broadside (front to side),Unknown,None Indicated,None apparent,Daylight,Wet,Rain,None apparent,Intersection:  Four-way intersection,Paved,N/A,Minor Injury,0,1,0,1,0,0,9000,2,3,N/A,POINT (-95.343871576341 42.016644386875)
2011627612,N11000217,04/26/2011,04-April,3-Tuesday,16:41,1600 Hours,District 6 (East Central),NORTH LIBERTY,JOHNSON,,HWY 965 & COMMERCIAL DR,Collision with:  Vehicle in traffic,On Roadway,"Angle, oncoming left turn",FTYROW:  Making left turn,None Indicated,None apparent,Daylight,Dry,Cloudy,None apparent,Intersection:  T-intersection,Paved,N/A,Property Damage Only,0,0,0,0,0,0,5500,2,3,N/A,POINT (-91.60760391525 41.746384748608)
2011627729,111215,04/27/2011,04-April,4-Wednesday,07:59,0700 Hours,District 3 (Northwest),DENISON,CRAWFORD,US 30,US 30/4TH AVE S & 20TH ST,Collision with:  Vehicle in traffic,On Roadway,"Angle, oncoming left turn",Made improper turn,None Indicated,None apparent,Daylight,Dry,Clear,None apparent,Intersection:  T-intersection,Paved,N/A,Possible/Unknown,0,1,0,0,1,0,12000,3,3,Both East and West,POINT (-95.344079200696 42.012434413696)
2011640366,11-1299,04/28/2011,04-April,5-Thursday,18:25,1800 Hours,District 1 (Central),FORT DODGE,WEBSTER,,1ST AVE S & 1ST AVE S CONNECTOR,Collision with:  Vehicle in traffic,On Roadway,Rear-end (front to rear),Other (explain in narrative):  Other,None Indicated,None apparent,Daylight,Dry,Clear,None apparent,Non-intersection:  Non-junction/no special feature,Paved,N/A,Property Damage Only,0,0,0,0,0,0,4500,2,3,N/A,POINT (-94.181693653494 42.505046971164)
2011628641,,04/29/2011,04-April,6-Friday,14:20,1400 Hours,District 4 (Southwest),SIDNEY,FREMONT,,ILLINOIS ST,Collision with:  Vehicle in traffic,On Roadway,Rear-end (front to rear),Improper Backing,None Indicated,None apparent,Daylight,Dry,Clear,None apparent,Non-intersection:  Non-junction/no special feature,Paved,N/A,Property Damage Only,0,0,0,0,0,0,2000,2,2,N/A,POINT (-95.647290358661 40.747371149198)
2011629811,11-041794,04/30/2011,04-April,7-Saturday,06:50,0600 Hours,District 2 (Northeast),WATERLOO,BLACK HAWK,,Co Rd D35/E SCHROCK RD & HAMMOND AVE,Collision with:  Vehicle in traffic,Shoulder,Broadside (front to side),Ran Stop Sign,None Indicated,None apparent,Daylight,"Mud, dirt",Cloudy,None apparent,Intersection:  Four-way intersection,Paved,N/A,Property Damage Only,0,0,0,0,0,0,40000,2,2,N/A,POINT (-92.337843646143 42.399480776022)
2011628123,20110013047,04/30/2011,04-April,7-Saturday,22:27,2200 Hours,District 1 (Central),DES MOINES,POLK,,E 25TH ST,Collision with:  Parked motor vehicle,On Roadway,Rear-end (front to rear),Unknown,None Indicated,None apparent,Dark - roadway lighted,Dry,Clear,None apparent,Non-intersection:  Non-junction/no special feature,Paved,N/A,Property Damage Only,0,0,0,0,0,0,2500,2,1,N/A,POINT (-93.570496876091 41.600032589472)
2011628260,W11-042591,05/02/2011,05-May,2-Monday,14:54,1400 Hours,District 2 (Northeast),WATERLOO,BLACK HAWK,,ANSBOROUGH AVE & W 4TH ST,Collision with:  Vehicle in traffic,On Roadway,Broadside (front to side),Ran Traffic Signal,None Indicated,None apparent,Daylight,Dry,Clear,None apparent,Intersection:  Four-way intersection,Paved,N/A,Possible/Unknown,0,1,0,0,1,0,7500,2,2,N/A,POINT (-92.376679507717 42.472943755269)