Iowa DOT Case Number,Law Enforcement Case Number,Date of Crash,Month of Crash,Day of Week,Time of Crash,Hour,DOT District,City Name,County Name,Route with System,Location Description,First Harmful Event,Location of First Harmful Event,Manner of Crash/Collision,Major Cause,Drug or Alcohol ,Environmental Conditions,Light Conditions,Surface Conditions,Weather Conditions,Roadway Contribution,Roadway Type,Roadway Surface,Work Zone,Crash Severity,Number of Fatalities,Number of Injuries,Number of Major Injuries,Number of Minor Injuries,Number of Possible Injuries,Number of Unknown Injuries,Amount of Property Damage,Number of Vehicles Involved,Total Number of Occupants,Travel Direction,Location
2011637397,11005564,06/19/2011,06-June,1-Sunday,04:00,0400 Hours,District 3 (Northwest),,CARROLL,,Co Rd E25/170TH ST & HAWTHORNE AVE,Collision with:  Vehicle in traffic,On Roadway,Rear-end (front to rear),Ran Stop Sign,Alcohol (Statutory),None apparent,Dark - roadway not lighted,Dry,"Fog, smoke, smog",None apparent,Intersection:  Four-way intersection,Unpaved,N/A,Property Damage Only,0,0,0,0,0,0,6000,2,3,N/A,POINT (-94.955984402677 42.10760577614)
2011635735,11-14325,06/20/2011,06-June,2-Monday,18:30,1800 Hours,District 6 (East Central),BETTENDORF,SCOTT,,CROW CREEK RD & GREENBRIAR DR,Collision with:  Vehicle in traffic,On Roadway,"Angle, oncoming left turn",FTYROW:  From stop sign,None Indicated,None apparent,Daylight,Dry,Cloudy,None apparent,Intersection:  Four-way intersection,Paved,N/A,Property Damage Only,0,0,0,0,0,0,5800,2,4,N/A,POINT (-90.506804822483 41.567724891632)
2011635190,11-021170,06/21/2011,06-June,3-Tuesday,17:00,1700 Hours,District 4 (Southwest),COUNCIL BLUFFS,POTTAWATTAMIE,,6TH AVE & S 24TH ST,Collision with:  Vehicle in traffic,On Roadway,Broadside (front to side),Other (explain in narrative):  Other,None Indicated,None apparent,Daylight,Wet,Rain,"Surface condition (e.g., wet, icy)",Non-intersection:  Non-junction/no special feature,Paved,N/A,Property Damage Only,0,0,0,0,0,0,7000,2,3,N/A,POINT (-95.87956667661 41.256255789992)
2011636478,2011036170,06/21/2011,06-June,3-Tuesday,21:00,2100 Hours,District 3 (Northwest),,CRAWFORD,IA 39,IA 39/IOWA 39,Collision with:  Animal,N/A,N/A,Animal,None Indicated,N/A,N/A,N/A,N/A,N/A,N/A,Paved,N/A,Property Damage Only,0,0,0,0,0,0,1500,1,1,Northbound (NB),POINT (-95.350082187057 42.064572335628)
2011635438,1106222711,06/22/2011,06-June,4-Wednesday,05:29,0500 Hours,District 6 (East Central),,CLINTON,,Co Rd Y44/170 AVE & 225 ST,Collision with:  Animal,N/A,N/A,Animal,None Indicated,N/A,N/A,N/A,N/A,N/A,N/A,Paved,N/A,Property Damage Only,0,0,0,0,0,0,2000,1,1,N/A,POINT (-90.762286799986 41.851017870565)
2011635828,01-11-32752,06/23/2011,06-June,5-Thursday,17:21,1700 Hours,District 6 (East Central),DUBUQUE,DUBUQUE,,PENNSYLVANIA AVE,Collision with:  Vehicle in traffic,On Roadway,Rear-end (front to rear),Lost Control,None Indicated,None apparent,Daylight,Dry,Cloudy,None apparent,Non-intersection:  Driveway access (within),Paved,N/A,Property Damage Only,0,0,0,0,0,0,4500,2,2,N/A,POINT (-90.743333873145 42.500605654453)
2011635639,11-002912,06/24/2011,06-June,6-Friday,21:47,2100 Hours,District 3 (Northwest),ONAWA,MONONA,,CAMEO ST & 10TH ST,Collision with:  Vehicle in traffic,On Roadway,"Angle, oncoming left turn",Ran Stop Sign,None Indicated,None apparent,Dark - roadway lighted,Dry,Clear,None apparent,Intersection:  Four-way intersection,Paved,N/A,Property Damage Only,0,0,0,0,0,0,2500,2,2,N/A,POINT (-96.09721948123 42.030736147419)
2011635616,201109293,06/24/2011,06-June,6-Friday,16:52,1600 Hours,District 6 (East Central),CEDAR RAPIDS,LINN,,COUNCIL ST NE,Collision with:  Vehicle in traffic,On Roadway,"Angle, oncoming left turn",Other (explain in narrative):  Vision obstructed,None Indicated,None apparent,Daylight,Dry,Cloudy,None apparent,Non-intersection:  Non-junction/no special feature,Paved,N/A,Property Damage Only,0,0,0,0,0,0,3000,2,2,N/A,POINT (-91.658354040809 42.036198491749)
2011638797,2011-3005,06/25/2011,06-June,7-Saturday,12:15,1200 Hours,District 1 (Central),,HARDIN,,115TH ST,Non-collision events:  Overturn/rollover,Outside trafficway,Non-collision (single vehicle),Crossed centerline (undivided),None Indicated,Visual obstruction,Daylight,"Mud, dirt",Cloudy,None apparent,Non-intersection:  Non-junction/no special feature,Unpaved,N/A,Possible/Unknown,0,1,0,0,1,0,5000,1,1,N/A,POINT (-93.212790186734 42.536419511775)
2011636964,201100021396,06/26/2011,06-June,1-Sunday,06:00,0600 Hours,District 6 (East Central),,LINN,I-380,I-380,Collision with:  Animal,N/A,N/A,Animal,None Indicated,N/A,N/A,N/A,N/A,N/A,N/A,Paved,N/A,Property Damage Only,0,0,0,0,0,0,2000,1,1,Northbound (NB),POINT (-91.719465793379 42.12733798609)
2011636116,20110020314,06/27/2011,06-June,2-Monday,16:15,1600 Hours,District 1 (Central),DES MOINES,POLK,,UNIVERSITY AVE & 6TH AVE,Collision with:  Vehicle in traffic,On Roadway,Broadside (front to side),Ran Traffic Signal,None Indicated,None apparent,Daylight,Dry,Clear,None apparent,Intersection:  Four-way intersection,Paved,N/A,Possible/Unknown,0,2,0,0,2,0,6000,3,4,N/A,POINT (-93.625739250595 41.600790026125)
2011640290,11-2030,06/28/2011,06-June,3-Tuesday,11:12,1100 Hours,District 1 (Central),FORT DODGE,WEBSTER,,S 28TH ST,Collision with:  Parked motor vehicle,Shoulder,Unknown,Other (explain in narrative):  Other,None Indicated,None apparent,Daylight,Dry,Clear,None apparent,Non-intersection:  Non-junction/no special feature,Paved,N/A,Property Damage Only,0,0,0,0,0,0,2000,2,1,N/A,POINT (-94.159790483302 42.492149417783)
2011636529,1106282971,06/28/2011,06-June,3-Tuesday,00:01,0000 Hours,District 6 (East Central),,CLINTON,,Co Rd Y34/140 AVE,Collision with:  Animal,N/A,N/A,Animal,None Indicated,N/A,N/A,N/A,N/A,N/A,N/A,Paved,N/A,Property Damage Only,0,0,0,0,0,0,3000,1,1,N/A,POINT (-90.820531262311 41.937381308484)
2011640125,2011-15025,06/29/2011,06-June,4-Wednesday,18:20,1800 Hours,District 6 (East Central),BETTENDORF,SCOTT,US 67,US 67/GRANT ST & 13TH ST,Collision with:  Vehicle in traffic,On Roadway,"Angle, oncoming left turn",Made improper turn,None Indicated,None apparent,Daylight,Dry,Clear,None apparent,Non-intersection:  Non-junction/no special feature,Paved,N/A,Property Damage Only,0,0,0,0,0,0,4000,2,4,No Travel Direction Consistent with Route,POINT (-90.515124204501 41.526196696253)
2011637787,201100028846,06/30/2011,06-June,5-Thursday,10:35,1000 Hours,District 5 (Southeast),OTTUMWA,WAPELLO,,N QUINCY AVE,Collision with:  Vehicle in traffic,On Roadway,"Angle, oncoming left turn",FTYROW:  Making left turn,None Indicated,None apparent,Daylight,Dry,Clear,None apparent,Intersection:  Four-way intersection,Paved,N/A,Property Damage Only,0,0,0,0,0,0,2000,2,2,N/A,POINT (-92.438444904154 41.013657262553)
2011639452,,06/30/2011,06-June,5-Thursday,12:00,1200 Hours,District 2 (Northeast),,WINNESHIEK,,Co Rd W14/CO RD W14,Non-collision events:  Overturn/rollover,Outside trafficway,Non-collision (single vehicle),Ran off road - right,None Indicated,None apparent,Daylight,Dry,Clear,None apparent,Non-intersection:  Non-junction/no special feature,Paved,N/A,Minor Injury,0,1,0,1,0,0,7500,1,1,N/A,POINT (-91.963188378046 43.190179501272)
2011636803,2011-216555,07/01/2011,07-July,6-Friday,10:16,1000 Hours,District 6 (East Central),DAVENPORT,SCOTT,,IA 461/W RIVER DR,Collision with:  Vehicle in traffic,On Roadway,"Sideswipe, same direction",FTYROW:  Other (explain in narrative),None Indicated,None apparent,Daylight,Dry,Clear,None apparent,Non-intersection:  Non-junction/no special feature,Paved,N/A,Property Damage Only,0,0,0,0,0,0,2750,2,2,No Travel Direction Consistent with Route,POINT (-90.631464461654 41.501480512561)
2011636685,20110020934,07/02/2011,07-July,7-Saturday,00:01,0000 Hours,District 1 (Central),DES MOINES,POLK,,E WATROUS AVE,Collision with:  Parked motor vehicle,On Roadway,Rear-end (front to rear),Other (explain in narrative):  Other,None Indicated,None apparent,Dark - roadway lighted,Dry,Clear,None apparent,Non-intersection:  Non-junction/no special feature,Paved,N/A,Property Damage Only,0,0,0,0,0,0,1501,2,1,N/A,POINT (-93.610795130696 41.548141805428)
2011640132,2011-217309,07/03/2011,07-July,1-Sunday,21:39,2100 Hours,District 6 (East Central),DAVENPORT,SCOTT,,IA 461/HARRISON ST,Collision with:  Vehicle in traffic,On Roadway,Rear-end (front to rear),Followed too close,None Indicated,None apparent,Dark - roadway lighted,Dry,Cloudy,None apparent,Non-intersection:  Non-junction/no special feature,Paved,N/A,Property Damage Only,0,0,0,0,0,0,1700,2,2,No Travel Direction Consistent with Route,POINT (-90.577230476622 41.538699621535)
2011636751,11-023039,07/04/2011,07-July,2-Monday,20:27,2000 Hours,District 4 (Southwest),COUNCIL BLUFFS,POTTAWATTAMIE,,RAILROAD HWY,Collision with:  Vehicle in traffic,On Roadway,"Sideswipe, same direction",Other (explain in narrative):  Other,None Indicated,None apparent,Daylight,Dry,Clear,None apparent,Non-intersection:  Non-junction/no special feature,Paved,N/A,Property Damage Only,0,0,0,0,0,0,4000,2,2,N/A,POINT (-95.807724704122 41.279493830574)
2011636987,11-3207,07/05/2011,07-July,3-Tuesday,16:06,1600 Hours,District 1 (Central),WEST DES MOINES,POLK,,19TH ST,Collision with:  Parked motor vehicle,On Roadway,Rear-end (front to rear),Unknown,None Indicated,None apparent,Daylight,Dry,Clear,None apparent,Non-intersection:  Non-junction/no special feature,Paved,N/A,Property Damage Only,0,0,0,0,0,0,5500,3,3,N/A,POINT (-93.732300434494 41.578669400164)
2011637709,11-15557,07/06/2011,07-July,4-Wednesday,14:36,1400 Hours,District 6 (East Central),BETTENDORF,SCOTT,US 67,US 67/STATE ST & 12TH ST,Collision with:  Vehicle in traffic,On Roadway,"Sideswipe, same direction",FTYROW:  Making left turn,None Indicated,None apparent,Daylight,Dry,Clear,None apparent,Intersection:  Four-way intersection,Paved,N/A,Minor Injury,0,1,0,1,0,0,4350,2,2,No Travel Direction Consistent with Route,POINT (-90.516101297275 41.525092020227)
2011639314,,07/06/2011,07-July,4-Wednesday,15:18,1500 Hours,District 5 (Southeast),FORT MADISON,LEE,IA 2,IA 2/AVE H,Collision with fixed object:  Utility pole/light support,On Roadway,Non-collision (single vehicle),Unknown,None Indicated,None apparent,Daylight,Dry,Clear,None apparent,Non-intersection:  Non-junction/no special feature,Paved,N/A,Minor Injury,0,1,0,1,0,0,1500,1,1,Eastbound (EB),POINT (-91.325350189994 40.63017245589)
2011638312,2011039433,07/07/2011,07-July,5-Thursday,09:45,0900 Hours,District 5 (Southeast),,WARREN,US 65,US 65,Collision with fixed object:  Tree,On Roadway,Non-collision (single vehicle),Ran off road - straight,None Indicated,None apparent,Daylight,Wet,Rain,None apparent,Non-intersection:  Non-junction/no special feature,Paved,N/A,Property Damage Only,0,0,0,0,0,0,5000,1,3,Northbound (NB),POINT (-93.500360770303 41.251209455012)
2011638182,C11002160,07/08/2011,07-July,6-Friday,10:37,1000 Hours,District 6 (East Central),CORALVILLE,JOHNSON,I-80,I-80,Collision with:  Vehicle in traffic,On Roadway,Rear-end (front to rear),Followed too close,None Indicated,None apparent,Daylight,Dry,Clear,Work Zone (roadway-related),Interchange-related:  On-ramp,Paved,Yes,Property Damage Only,0,0,0,0,0,0,2000,2,4,Ramp,POINT (-91.563480043815 41.684766456381)
2011638926,,07/09/2011,07-July,7-Saturday,11:15,1100 Hours,District 3 (Northwest),SCHALLER,SAC,US 20,US 20/MAIN ST & W STATE ST & 4TH ST,Collision with:  Parked motor vehicle,Shoulder,Rear-end (front to rear),FTYROW:  From driveway,None Indicated,None apparent,Daylight,Dry,Clear,"Shoulders (none, low, soft, high)",Non-intersection:  Driveway access (within),Paved,N/A,Property Damage Only,0,0,0,0,0,0,1500,3,1,Eastbound (EB),POINT (-95.292660667636 42.496513923392)
2011638345,,07/10/2011,07-July,1-Sunday,16:30,1600 Hours,District 4 (Southwest),,MONTGOMERY,,Co Rd H14/110 ST,Collision with:  Animal,On Roadway,Non-collision (single vehicle),Animal,None Indicated,N/A,Daylight,Dry,Cloudy,N/A,Non-intersection:  Non-junction/no special feature,Paved,N/A,Property Damage Only,0,0,0,0,0,0,2500,1,1,N/A,POINT (-95.018073468107 41.144743514131)
2011639322,,07/11/2011,07-July,2-Monday,16:00,1600 Hours,District 1 (Central),TOLEDO,TAMA,,GRACE ST & BROADWAY ST,Collision with:  Vehicle in traffic,On Roadway,Broadside (front to side),FTYROW:  From stop sign,None Indicated,None apparent,Daylight,Dry,Clear,None apparent,Intersection:  Four-way intersection,Paved,N/A,Possible/Unknown,0,1,0,0,1,0,2500,2,4,N/A,POINT (-92.578399463405 41.990829583)
2011638435,11-000857,07/11/2011,07-July,2-Monday,06:35,0600 Hours,District 1 (Central),JOHNSTON,POLK,,PIONEER PKWY & MERLE HAY RD,Collision with:  Vehicle in traffic,On Roadway,Broadside (front to side),Ran Traffic Signal,None Indicated,None apparent,Dawn,Wet,Cloudy,"Surface condition (e.g., wet, icy)",Intersection:  Four-way intersection,Paved,N/A,Property Damage Only,0,0,0,0,0,0,7000,2,2,N/A,POINT (-93.697666399205 41.66199407309)
2011639148,11-15209,07/12/2011,07-July,3-Tuesday,08:47,0800 Hours,District 1 (Central),AMES,STORY,US 69,US 69/LINCOLN WAY & CLARK AVE & S WALNUT ST,Collision with:  Non-motorist (see non-motorist section - NOT a unit),On Roadway,Non-collision (single vehicle),FTYROW:  Making right turn on red signal,None Indicated,None apparent,Daylight,Dry,Cloudy,None apparent,Intersection:  Four-way intersection,Paved,N/A,Possible/Unknown,0,1,0,0,1,0,500,1,1,Northbound (NB),POINT (-93.616888086836 42.02288340509)
2011639293,,07/13/2011,07-July,4-Wednesday,12:30,1200 Hours,District 1 (Central),,HARDIN,,X AVE & 260TH ST,Collision with fixed object:  Ditch,Roadside,Non-collision (single vehicle),Unknown,None Indicated,N/A,Daylight,"Mud, dirt",Clear,N/A,Intersection:  Four-way intersection,Unpaved,N/A,Minor Injury,0,1,0,1,0,0,2000,1,5,N/A,POINT (-93.041046106396 42.324788863605)
2011639564,,07/14/2011,07-July,5-Thursday,08:06,0800 Hours,District 3 (Northwest),HINTON,PLYMOUTH,US 75,US 75/FLOYD AVE,Collision with:  Vehicle in traffic,On Roadway,Rear-end (front to rear),Other (explain in narrative):  Vision obstructed,None Indicated,Weather conditions,Daylight,Wet,Rain,None apparent,Non-intersection:  Non-junction/no special feature,Paved,N/A,Possible/Unknown,0,1,0,0,1,0,4500,3,4,Southbound (SB),POINT (-96.291734916786 42.627374661593)
2011640564,07-14-11EL,07/14/2011,07-July,5-Thursday,11:27,1100 Hours,District 3 (Northwest),,DICKINSON,US 71,US 71 & Co Rd M60/280TH AVE,Collision with:  Vehicle in traffic,On Roadway,"Sideswipe, same direction",Other (explain in narrative):  No improper action,None Indicated,None apparent,Daylight,Dry,Clear,None apparent,Non-intersection:  Non-junction/no special feature,Paved,N/A,Property Damage Only,0,0,0,0,0,0,4000,2,3,No Travel Direction Consistent with Route,POINT (-95.032396833774 43.430517452994)
2011638511,11070382,07/15/2011,07-July,6-Friday,10:39,1000 Hours,District 2 (Northeast),CEDAR FALLS,BLACK HAWK,,GREENHILL RD,Collision with:  Animal,N/A,N/A,Animal,None Indicated,N/A,N/A,N/A,N/A,N/A,N/A,Paved,N/A,Property Damage Only,0,0,0,0,0,0,5000,1,1,N/A,POINT (-92.433457582136 42.498202726332)
2011638663,20110022660,07/16/2011,07-July,7-Saturday,17:11,1700 Hours,District 1 (Central),DES MOINES,POLK,,CLARK ST & MLK JR PKWY,Collision with:  Vehicle in traffic,On Roadway,Broadside (front to side),Ran Traffic Signal,None Indicated,None apparent,Daylight,Dry,Clear,None apparent,Intersection:  Four-way intersection,Paved,N/A,Property Damage Only,0,0,0,0,0,0,1500,2,2,N/A,POINT (-93.643861897767 41.605896133708)
2011639018,201100031799,07/17/2011,07-July,1-Sunday,22:51,2200 Hours,District 5 (Southeast),OTTUMWA,WAPELLO,US 34,US 34 & IA 149/IOWA 149 & WAPELLO ST,Collision with:  Vehicle in traffic,On Roadway,Rear-end (front to rear),Followed too close,None Indicated,None apparent,Dark - roadway lighted,Dry,Clear,None apparent,Intersection:  Four-way intersection,Paved,N/A,Property Damage Only,0,0,0,0,0,0,2200,2,3,Westbound (WB),POINT (-92.423326899836 41.015285158359)
2011640008,20110022912,07/18/2011,07-July,2-Monday,17:22,1700 Hours,District 1 (Central),DES MOINES,POLK,,DOUGLAS AVE,Collision with fixed object:  Other fixed object (explain in narrative),Outside trafficway,Non-collision (single vehicle),Exceeded authorized speed,Alcohol (Statutory),None apparent,Daylight,Dry,Clear,None apparent,Non-intersection:  Non-junction/no special feature,Paved,N/A,Property Damage Only,0,0,0,0,0,0,6000,1,1,N/A,POINT (-93.620722799625 41.629532205453)
2011640186,11-15875,07/19/2011,07-July,3-Tuesday,13:44,1300 Hours,District 1 (Central),AMES,STORY,,5TH ST,Collision with fixed object:  Utility pole/light support,On Roadway,Non-collision (single vehicle),Lost Control,None Indicated,None apparent,Daylight,Dry,Clear,None apparent,Non-intersection:  Driveway access (within),Paved,N/A,Property Damage Only,0,0,0,0,0,0,1862,1,1,N/A,POINT (-93.618305631431 42.02582092751)
2011641057,2011041946,07/19/2011,07-July,3-Tuesday,10:37,1000 Hours,District 1 (Central),,POWESHIEK,US 6,US 6,Collision with:  Vehicle in traffic,On Roadway,Rear-end (front to rear),Other (explain in narrative):  Vision obstructed,None Indicated,Visual obstruction,Daylight,Dry,Clear,Debris,Non-intersection:  Non-junction/no special feature,Paved,N/A,Property Damage Only,0,0,0,0,0,0,11000,2,2,Westbound (WB),POINT (-92.756341382123 41.74053988107)
2011640195,11-15920,07/20/2011,07-July,4-Wednesday,02:00,0200 Hours,District 1 (Central),AMES,STORY,,TRIPP ST,Collision with:  Vehicle in traffic,On Roadway,"Sideswipe, same direction",Unknown,Alcohol (Statutory),None apparent,Dark - roadway lighted,Dry,Clear,Work Zone (roadway-related),Intersection:  T-intersection,Paved,Yes,Possible/Unknown,0,1,0,0,0,1,6000,2,1,N/A,POINT (-93.662710283481 42.020034096925)
2011651121,11-9564,07/21/2011,07-July,5-Thursday,03:10,0300 Hours,District 1 (Central),AMES,STORY,I-35,I-35,Collision with:  Animal,N/A,N/A,Animal,None Indicated,N/A,N/A,N/A,N/A,N/A,N/A,Paved,N/A,Property Damage Only,0,0,0,0,0,0,4000,1,777,Unknown - Not Indicated - Unlocated,POINT (-93.569797841317 41.936870127778)
2011639771,11-20212,07/22/2011,07-July,6-Friday,12:00,1200 Hours,District 1 (Central),NEWTON,JASPER,,N 2ND AVE E & E 20TH ST N,Collision with:  Vehicle in traffic,On Roadway,Broadside (front to side),FTYROW:  At uncontrolled intersection,None Indicated,None apparent,Daylight,Dry,Clear,None apparent,Intersection:  Four-way intersection,Paved,N/A,Property Damage Only,0,0,0,0,0,0,1800,2,3,N/A,POINT (-93.027197931413 41.700479190272)
2011643797,,07/23/2011,07-July,7-Saturday,16:44,1600 Hours,District 5 (Southeast),MUSCATINE,MUSCATINE,,PETTIBONE AVE,Non-collision events:  Overturn/rollover,Shoulder,Non-collision (single vehicle),Driving too fast for conditions,None Indicated,None apparent,Daylight,Wet,Rain,None apparent,Non-intersection:  Non-junction/no special feature,Paved,N/A,Property Damage Only,0,0,0,0,0,0,6000,1,2,N/A,POINT (-91.075562201436 41.38726972319)
2011640758,11014752,07/24/2011,07-July,1-Sunday,14:19,1400 Hours,District 2 (Northeast),MASON CITY,CERRO GORDO,IA 122,IA 122/4TH ST SW,Collision with:  Vehicle in traffic,On Roadway,"Sideswipe, same direction",FTYROW:  Other (explain in narrative),None Indicated,None apparent,Daylight,Dry,Cloudy,None apparent,Non-intersection:  Non-junction/no special feature,Paved,N/A,Property Damage Only,0,0,0,0,0,0,1900,2,2,Westbound (WB),POINT (-93.239915352516 43.148341376088)
2011639449,,07/25/2011,07-July,2-Monday,10:42,1000 Hours,District 4 (Southwest),,MILLS,,Co Rd H10/BUNGE AVE,Collision with fixed object:  Utility pole/light support,On Roadway,Non-collision (single vehicle),Disregarded RR Signal,None Indicated,None apparent,Daylight,Dry,Clear,Traffic control obscured,Non-intersection:  Railroad grade crossing,Paved,N/A,Property Damage Only,0,0,0,0,0,0,2100,1,1,N/A,POINT (-95.815659011144 41.149300763435)
2011641155,02-11-9874,07/26/2011,07-July,3-Tuesday,23:30,2300 Hours,District 6 (East Central),,DUBUQUE,,Co Rd Y17/NORTH CASCADE RD,Collision with:  Animal,N/A,N/A,Animal,None Indicated,N/A,N/A,N/A,N/A,N/A,N/A,Paved,N/A,Property Damage Only,0,0,0,0,0,0,2000,1,1,N/A,POINT (-90.939936804842 42.360726963068)
2011639961,11-5313,07/27/2011,07-July,4-Wednesday,05:35,0500 Hours,District 1 (Central),,POLK,IA 415,IA 415,Collision with:  Animal,On Roadway,Non-collision (single vehicle),Animal,None Indicated,Animal in roadway,Dawn,Dry,Clear,None apparent,Non-intersection:  Non-junction/no special feature,Paved,N/A,Property Damage Only,0,0,0,0,0,0,5000,1,3,Northbound (NB),POINT (-93.672453684612 41.739181787533)
2011641260,11-26495,07/28/2011,07-July,5-Thursday,23:45,2300 Hours,District 3 (Northwest),SIOUX CITY,WOODBURY,,FRELON DR,Collision with fixed object:  Other fixed object (explain in narrative),Shoulder,Non-collision (single vehicle),Crossed centerline (undivided),None Indicated,Animal in roadway,Dark - roadway lighted,Dry,Clear,None apparent,Non-intersection:  Non-junction/no special feature,Paved,N/A,Minor Injury,0,1,0,1,0,0,5500,1,1,N/A,POINT (-96.34087142153 42.55642752549)
2011640554,CL11002866,07/29/2011,07-July,6-Friday,10:07,1000 Hours,District 6 (East Central),CLINTON,CLINTON,,13TH AVE N & N 11TH ST & 11TH ST NW,Collision with:  Vehicle in traffic,On Roadway,Broadside (front to side),FTYROW:  From stop sign,None Indicated,None apparent,Daylight,Dry,Cloudy,None apparent,Intersection:  Four-way intersection,Paved,N/A,Property Damage Only,0,0,0,0,0,0,4250,2,2,N/A,POINT (-90.21136626338 41.859362676447)
2011641620,SO11-829,07/29/2011,07-July,6-Friday,12:30,1200 Hours,District 2 (Northeast),,WRIGHT,,VICTOR AVE,Collision with fixed object:  Ditch,On Roadway,Non-collision (single vehicle),Swerving/Evasive Action,None Indicated,None apparent,Daylight,Dry,Clear,Ruts/holes/bumps,Non-intersection:  Non-junction/no special feature,Unpaved,N/A,Major Injury,0,2,1,1,0,0,2500,1,2,N/A,POINT (-93.558120199238 42.870407560671)
2011640718,11-009366,07/30/2011,07-July,7-Saturday,01:30,0100 Hours,District 1 (Central),,TAMA,,PP AVE,Non-collision events:  Overturn/rollover,Outside trafficway,Non-collision (single vehicle),Ran off road - left,Alcohol (Statutory),None apparent,Dark - roadway not lighted,"Mud, dirt",Cloudy,None apparent,Non-intersection:  Non-junction/no special feature,Unpaved,N/A,Property Damage Only,0,0,0,0,0,0,5000,1,1,N/A,POINT (-92.465547728543 42.152918229057)
2011640843,20110024589,07/31/2011,07-July,1-Sunday,02:01,0200 Hours,District 1 (Central),DES MOINES,POLK,,E COURT AVE & E 2ND ST,Collision with:  Vehicle in traffic,On Roadway,"Angle, oncoming left turn",Ran Stop Sign,None Indicated,None apparent,Dark - roadway lighted,Dry,Clear,None apparent,Intersection:  Four-way intersection,Paved,N/A,Property Damage Only,0,0,0,0,0,0,4000,2,5,N/A,POINT (-93.614264448083 41.586566419422)
2011641253,11-17003,08/01/2011,08-August,2-Monday,19:04,1900 Hours,District 1 (Central),AMES,STORY,US 69,US 69/S DUFF AVE,Collision with:  Vehicle in traffic,On Roadway,"Angle, oncoming left turn",FTYROW:  Making left turn,None Indicated,None apparent,Daylight,Dry,Clear,None apparent,Non-intersection:  Driveway access (within),Paved,N/A,Property Damage Only,0,0,0,0,0,0,3000,2,3,Northbound (NB),POINT (-93.610275307913 42.010930987377)
2011641394,11-27092,08/02/2011,08-August,3-Tuesday,17:44,1700 Hours,District 3 (Northwest),SIOUX CITY,WOODBURY,,OUTER DR N & INDIAN HILLS DR,Collision with:  Vehicle in traffic,On Roadway,"Angle, oncoming left turn",FTYROW:  Making left turn,None Indicated,None apparent,Daylight,Dry,Clear,None apparent,Intersection:  Four-way intersection,Paved,N/A,Possible/Unknown,0,1,0,0,1,0,10000,2,2,N/A,POINT (-96.374476709727 42.536811494377)
2011641546,11-003775,08/03/2011,08-August,4-Wednesday,14:29,1400 Hours,District 1 (Central),ANKENY,POLK,,NE 22 ST,Collision with:  Vehicle in traffic,On Roadway,"Sideswipe, same direction",Other (explain in narrative):  No improper action,None Indicated,None apparent,Daylight,Dry,Cloudy,Debris,Non-intersection:  Non-junction/no special feature,Paved,N/A,Property Damage Only,0,0,0,0,0,0,1600,3,6,N/A,POINT (-93.581269642355 41.659831435852)
2011664456,2011-226319,08/03/2011,08-August,4-Wednesday,00:27,0000 Hours,District 6 (East Central),DAVENPORT,SCOTT,,W COLORADO ST & CLARK ST,Collision with fixed object:  Traffic sign support,Outside trafficway,Non-collision (single vehicle),Lost Control,None Indicated,None apparent,Dark - roadway lighted,Dry,Clear,None apparent,Non-intersection:  Non-junction/no special feature,Paved,N/A,Property Damage Only,0,0,0,0,0,0,2900,1,1,N/A,POINT (-90.621281361602 41.544645375868)
2011649195,,08/04/2011,08-August,5-Thursday,10:08,1000 Hours,District 2 (Northeast),,WINNESHIEK,,Co Rd W38/LOCUST RD,Collision with:  Animal,On Roadway,Non-collision (single vehicle),Animal,None Indicated,None apparent,Daylight,Dry,Clear,None apparent,Non-intersection:  Non-junction/no special feature,Paved,N/A,Property Damage Only,0,0,0,0,0,0,2500,1,2,N/A,POINT (-91.759367421102 43.363036494184)
2011643418,201102227,08/05/2011,08-August,6-Friday,21:31,2100 Hours,District 1 (Central),,BOONE,,Co Rd E57/270TH ST,Collision with:  Animal,N/A,N/A,Animal,None Indicated,N/A,N/A,N/A,N/A,N/A,N/A,Paved,N/A,Property Damage Only,0,0,0,0,0,0,5000,1,1,N/A,POINT (-93.875116556331 41.965949789047)
2011643056,,08/05/2011,08-August,6-Friday,12:18,1200 Hours,District 5 (Southeast),FORT MADISON,LEE,IA 2,IA 2/AVE L & 27TH ST,Collision with:  Vehicle in traffic,On Roadway,Rear-end (front to rear),Followed too close,None Indicated,None apparent,Daylight,Dry,Clear,None apparent,Intersection:  Four-way intersection,Paved,N/A,Property Damage Only,0,0,0,0,0,0,2000,2,3,Eastbound (EB),POINT (-91.344619199937 40.626973155666)
2011645759,2011-227344,08/06/2011,08-August,7-Saturday,13:35,1300 Hours,District 6 (East Central),DAVENPORT,SCOTT,,E 53RD ST & ELMORE CIR,Collision with:  Vehicle in traffic,On Roadway,"Sideswipe, opposite direction",Improper Backing,None Indicated,None apparent,Daylight,Dry,Clear,None apparent,Non-intersection:  Non-junction/no special feature,Paved,N/A,Property Damage Only,0,0,0,0,0,0,2000,2,5,N/A,POINT (-90.531045423035 41.574867921429)
2011642032,20110025562,08/07/2011,08-August,1-Sunday,14:29,1400 Hours,District 1 (Central),DES MOINES,POLK,US 69,US 69/SE 14TH ST,Collision with:  Vehicle in traffic,On Roadway,Rear-end (front to rear),Other (explain in narrative):  Other,None Indicated,None apparent,Daylight,Dry,Clear,None apparent,Non-intersection:  Non-junction/no special feature,Paved,N/A,Property Damage Only,0,0,0,0,0,0,4000,2,2,Southbound (SB),POINT (-93.596847537207 41.586910357302)
2011642443,,08/08/2011,08-August,2-Monday,15:00,1500 Hours,District 6 (East Central),CEDAR RAPIDS,LINN,I-380,I-380 & BLAIRS FERRY RD NE,Collision with:  Vehicle in traffic,On Roadway,"Sideswipe, same direction",Illegally Parked/Unattended,None Indicated,N/A,Daylight,Dry,Clear,N/A,Interchange-related:  Off-ramp,Paved,N/A,Property Damage Only,0,0,0,0,0,0,1866,2,3,Ramp,POINT (-91.675321877341 42.034756449259)