Iowa DOT Case Number,Law Enforcement Case Number,Date of Crash,Month of Crash,Day of Week,Time of Crash,Hour,DOT District,City Name,County Name,Route with System,Location Description,First Harmful Event,Location of First Harmful Event,Manner of Crash/Collision,Major Cause,Drug or Alcohol ,Environmental Conditions,Light Conditions,Surface Conditions,Weather Conditions,Roadway Contribution,Roadway Type,Roadway Surface,Work Zone,Crash Severity,Number of Fatalities,Number of Injuries,Number of Major Injuries,Number of Minor Injuries,Number of Possible Injuries,Number of Unknown Injuries,Amount of Property Damage,Number of Vehicles Involved,Total Number of Occupants,Travel Direction,Location
2011642079,11-027855,08/09/2011,08-August,3-Tuesday,02:05,0200 Hours,District 4 (Southwest),COUNCIL BLUFFS,POTTAWATTAMIE,,AVE G,Collision with:  Parked motor vehicle,On Roadway,Rear-end (front to rear),Lost Control,None Indicated,None apparent,Dark - roadway not lighted,Dry,Cloudy,None apparent,Non-intersection:  Non-junction/no special feature,Paved,N/A,Property Damage Only,0,0,0,0,0,0,4000,2,1,N/A,POINT (-95.887846375461 41.268098702188)
2011642328,01-11-41936,08/09/2011,08-August,3-Tuesday,17:47,1700 Hours,District 6 (East Central),DUBUQUE,DUBUQUE,US 52,US 52/E 9TH ST & WHITE ST,Collision with:  Vehicle in traffic,On Roadway,"Sideswipe, same direction",FTYROW:  Other (explain in narrative),None Indicated,None apparent,Daylight,Dry,Clear,None apparent,Non-intersection:  Driveway access (within),Paved,N/A,Property Damage Only,0,0,0,0,0,0,7000,2,2,No Travel Direction Consistent with Route,POINT (-90.664559342243 42.502565706855)
2011642342,201111971,08/10/2011,08-August,4-Wednesday,16:00,1600 Hours,District 6 (East Central),CEDAR RAPIDS,LINN,IA 922,IA 922/1ST AVE E,Collision with:  Vehicle in traffic,On Roadway,Rear-end (front to rear),Lost Control,None Indicated,None apparent,Daylight,Dry,Clear,None apparent,Non-intersection:  Non-junction/no special feature,Paved,N/A,Property Damage Only,0,0,0,0,0,0,7000,4,4,No Travel Direction Consistent with Route,POINT (-91.667684624925 41.979305709484)
2011642877,2011046757,08/11/2011,08-August,5-Thursday,09:31,0900 Hours,District 3 (Northwest),,OSCEOLA,IA 60,IA 60/IOWA 60 & Co Rd A52/250TH ST,Collision with:  Vehicle in traffic,On Roadway,"Sideswipe, same direction",Swerving/Evasive Action,None Indicated,None apparent,Daylight,Dry,Clear,None apparent,Intersection:  Four-way intersection,Paved,N/A,Property Damage Only,0,0,0,0,0,0,14000,2,2,Southbound (SB),POINT (-95.798360108465 43.286942391828)
2011646295,A11061,08/12/2011,08-August,6-Friday,08:15,0800 Hours,District 5 (Southeast),KNOXVILLE,MARION,IA 14,IA 14/LINCOLN ST & W PLEASANT ST,Collision with:  Vehicle in traffic,On Roadway,Rear-end (front to rear),Lost Control,None Indicated,None apparent,Daylight,Dry,Cloudy,None apparent,Intersection:  Four-way intersection,Paved,N/A,Property Damage Only,0,0,0,0,0,0,4900,3,3,Southbound (SB),POINT (-93.109519954311 41.320748800125)
2011646059,2011-229111,08/13/2011,08-August,7-Saturday,00:20,0000 Hours,District 6 (East Central),DAVENPORT,SCOTT,,E 53RD ST & ELMORE AVE,Collision with:  Vehicle in traffic,On Roadway,"Angle, oncoming left turn",Ran Traffic Signal,Refused,None apparent,Dark - roadway lighted,Dry,Clear,None apparent,Intersection:  Four-way intersection,Paved,N/A,Minor Injury,0,2,0,1,1,0,10000,2,3,N/A,POINT (-90.528586978467 41.574860104694)
2011648634,201100004859,08/13/2011,08-August,7-Saturday,00:35,0000 Hours,District 6 (East Central),ELDRIDGE,SCOTT,,155 AVE,Collision with fixed object:  Ditch,On Roadway,Non-collision (single vehicle),"Operating vehicle in an reckless, erratic, careless, negligent manner",Alcohol (Statutory),None apparent,Dark - roadway lighted,Dry,Clear,None apparent,Non-intersection:  Non-junction/no special feature,Paved,N/A,Minor Injury,0,1,0,1,0,0,6500,1,1,N/A,POINT (-90.59788574248 41.65411726521)
2011643294,2011022167,08/15/2011,08-August,2-Monday,17:05,1700 Hours,District 6 (East Central),IOWA CITY,JOHNSON,,W BENTON ST & MICHAEL ST,Collision with:  Vehicle in traffic,On Roadway,Rear-end (front to rear),Followed too close,None Indicated,None apparent,Daylight,Dry,Clear,None apparent,Intersection:  T-intersection,Paved,N/A,Possible/Unknown,0,2,0,0,2,0,1000,2,3,N/A,POINT (-91.544922722403 41.650360978925)
2011642916,W11-082047,08/15/2011,08-August,2-Monday,12:29,1200 Hours,District 2 (Northeast),WATERLOO,BLACK HAWK,US 63,US 63/SERGEANT RD & W RIDGEWAY AVE,Collision with:  Vehicle in traffic,On Roadway,Broadside (front to side),Ran Traffic Signal,None Indicated,None apparent,Daylight,Dry,Cloudy,None apparent,Intersection:  Four-way intersection,Paved,N/A,Property Damage Only,0,0,0,0,0,0,3500,2,2,Southbound (SB),POINT (-92.394560459434 42.469347193934)
2011644186,2011022212,08/16/2011,08-August,3-Tuesday,12:37,1200 Hours,District 6 (East Central),IOWA CITY,JOHNSON,,E HARRISON ST,Collision with:  Parked motor vehicle,On Roadway,Broadside (front to side),Other (explain in narrative):  No improper action,None Indicated,None apparent,Daylight,Dry,Cloudy,Work Zone (roadway-related),Non-intersection:  Non-junction/no special feature,Paved,Yes,Property Damage Only,0,0,0,0,0,0,1800,2,1,N/A,POINT (-91.535751418481 41.655513507174)
2011643449,01-11-43407,08/17/2011,08-August,4-Wednesday,08:19,0800 Hours,District 6 (East Central),DUBUQUE,DUBUQUE,US 20,US 20/DODGE ST & IA 946/IOWA 946,Collision with:  Vehicle in traffic,On Roadway,Rear-end (front to rear),Lost Control,None Indicated,None apparent,Daylight,Dry,Cloudy,None apparent,Intersection:  Four-way intersection,Paved,N/A,Property Damage Only,0,0,0,0,0,0,277000,2,2,No Travel Direction Consistent with Route,POINT (-90.665098532771 42.492004571194)
2011643742,11-29220,08/18/2011,08-August,5-Thursday,06:43,0600 Hours,District 3 (Northwest),SIOUX CITY,WOODBURY,,21ST ST,Collision with:  Parked motor vehicle,On Roadway,"Sideswipe, opposite direction",Driver Distraction:  Reaching for object(s)/fallen object(s),None Indicated,None apparent,Daylight,Dry,Cloudy,None apparent,Non-intersection:  Non-junction/no special feature,Paved,N/A,Property Damage Only,0,0,0,0,0,0,2700,2,1,N/A,POINT (-96.405790606019 42.512148314602)
2011645961,,08/18/2011,08-August,5-Thursday,01:30,0100 Hours,District 1 (Central),DES MOINES,POLK,,PARK AVE & SW 18TH ST,Collision with:  Non-motorist (see non-motorist section - NOT a unit),On Roadway,Non-collision (single vehicle),Unknown,None Indicated,None apparent,Dark - roadway lighted,Dry,Clear,None apparent,Intersection:  T-intersection,Paved,N/A,Possible/Unknown,0,1,0,0,1,0,0,1,1,N/A,POINT (-93.639715407568 41.555433592666)
2011644907,1-11-000443,08/19/2011,08-August,6-Friday,15:34,1500 Hours,District 4 (Southwest),,SHELBY,,Co Rd M16/ROAD M16,Collision with fixed object:  Ditch,On Roadway,Non-collision (single vehicle),Driving too fast for conditions,None Indicated,None apparent,Daylight,Dry,Clear,None apparent,Non-intersection:  Non-junction/no special feature,Paved,N/A,Possible/Unknown,0,1,0,0,1,0,15000,1,1,N/A,POINT (-95.421901638916 41.613335620061)
2011646610,11-025187,08/20/2011,08-August,7-Saturday,22:31,2200 Hours,District 5 (Southeast),,LEE,,Co Rd J48/175 ST,Collision with fixed object:  Ditch,Shoulder,Non-collision (single vehicle),Ran off road - left,Under Influence of Alcohol/Drugs/Medications,None apparent,Dark - roadway not lighted,Dry,Clear,None apparent,Non-intersection:  Non-junction/no special feature,Paved,N/A,Minor Injury,0,1,0,1,0,0,3800,1,1,N/A,POINT (-91.255228783833 40.709837810373)
2011678144,SO1102860,08/21/2011,08-August,1-Sunday,16:53,1600 Hours,District 5 (Southeast),,JEFFERSON,US 34,US 34,Collision with:  Vehicle in traffic,On Roadway,Rear-end (front to rear),Driving too fast for conditions,Refused,None apparent,Daylight,Dry,Clear,None apparent,Non-intersection:  Non-junction/no special feature,Paved,N/A,Possible/Unknown,0,2,0,0,0,2,6000,2,2,Westbound (WB),POINT (-91.881262448836 41.002380468102)
2011644019,01-11-44544,08/22/2011,08-August,2-Monday,17:05,1700 Hours,District 6 (East Central),DUBUQUE,DUBUQUE,US 20,US 20/RAMP,Collision with:  Vehicle in traffic,On Roadway,Rear-end (front to rear),Other (explain in narrative):  Other,None Indicated,None apparent,Daylight,Dry,Clear,None apparent,Intersection:  T-intersection,Paved,N/A,Possible/Unknown,0,1,0,0,1,0,1000,2,3,Ramp,POINT (-90.679554221918 42.490686379404)
2011646765,11-592,08/23/2011,08-August,3-Tuesday,07:30,0700 Hours,District 5 (Southeast),,WAYNE,,55TH & FILLMORE,Collision with fixed object:  Ditch,On Roadway,Non-collision (single vehicle),Driving too fast for conditions,None Indicated,None apparent,Daylight,"Mud, dirt",Clear,None apparent,Intersection:  Four-way intersection,Unpaved,N/A,Property Damage Only,0,0,0,0,0,0,8500,1,1,N/A,POINT (-93.465498495266 40.652656930829)
2011644588,11-23684,08/24/2011,08-August,4-Wednesday,14:42,1400 Hours,District 1 (Central),NEWTON,JASPER,,S 3RD AVE W & W 4TH ST S,Collision with:  Vehicle in traffic,On Roadway,Broadside (front to side),Ran Stop Sign,None Indicated,None apparent,Daylight,Dry,Clear,None apparent,Intersection:  Other intersection (explain in narrative),Paved,N/A,Possible/Unknown,0,1,0,0,1,0,6000,2,2,N/A,POINT (-93.057397921424 41.697585790057)
2011644347,201112858,08/24/2011,08-August,4-Wednesday,17:19,1700 Hours,District 6 (East Central),CEDAR RAPIDS,LINN,,FRONTAGE RD & NORTHLAND AVE NE,Collision with:  Vehicle in traffic,On Roadway,Broadside (front to side),Ran Stop Sign,None Indicated,None apparent,Daylight,Dry,Clear,None apparent,Intersection:  Four-way intersection,Paved,N/A,Property Damage Only,0,0,0,0,0,0,8000,2,4,N/A,POINT (-91.631715438743 42.028291619164)
2011644743,,08/25/2011,08-August,5-Thursday,16:45,1600 Hours,District 5 (Southeast),GARDEN GROVE,DECATUR,,MAIN ST,Collision with:  Parked motor vehicle,On Roadway,"Sideswipe, opposite direction",Unknown,None Indicated,N/A,Daylight,Dry,Clear,N/A,Non-intersection:  Non-junction/no special feature,Paved,N/A,Property Damage Only,0,0,0,0,0,0,3500,2,2,N/A,POINT (-93.610925393217 40.827015624271)
2011645159,,08/26/2011,08-August,6-Friday,17:06,1700 Hours,District 4 (Southwest),,MILLS,US 34,US 34 & US 275 & 270TH ST,Collision with:  Vehicle in traffic,On Roadway,Rear-end (front to rear),Followed too close,None Indicated,None apparent,Daylight,Wet,Rain,None apparent,Intersection:  T-intersection,Paved,N/A,Property Damage Only,0,0,0,0,0,0,7500,2,6,No Travel Direction Consistent with Route,POINT (-95.671041547569 41.030643025167)
2011645464,02-11-11546,08/27/2011,08-August,7-Saturday,22:49,2200 Hours,District 6 (East Central),,DUBUQUE,,BAKEY LN,Collision with fixed object:  Ditch,On Roadway,Non-collision (single vehicle),Swerving/Evasive Action,None Indicated,Animal in roadway,Dark - roadway not lighted,"Mud, dirt",Clear,None apparent,Non-intersection:  Non-junction/no special feature,Unpaved,N/A,Possible/Unknown,0,1,0,0,0,1,6000,1,2,N/A,POINT (-90.796580435003 42.411039445814)
2011644664,20110028047,08/27/2011,08-August,7-Saturday,16:16,1600 Hours,District 1 (Central),DES MOINES,POLK,,31ST ST,Collision with:  Vehicle in traffic,On Roadway,Rear-end (front to rear),Followed too close,None Indicated,None apparent,Daylight,Dry,Clear,None apparent,Non-intersection:  Non-junction/no special feature,Paved,N/A,Property Damage Only,0,0,0,0,0,0,1500,2,4,N/A,POINT (-93.659315143355 41.600800532768)
2011644922,11080494,08/28/2011,08-August,1-Sunday,21:53,2100 Hours,District 5 (Southeast),,WAPELLO,,EDDYVILLE RD,Collision with:  Animal,N/A,N/A,Animal,None Indicated,N/A,N/A,N/A,N/A,N/A,N/A,Paved,N/A,Property Damage Only,0,0,0,0,0,0,5000,1,1,N/A,POINT (-92.447336291574 41.045480934149)
2011645264,11-30642,08/29/2011,08-August,2-Monday,07:33,0700 Hours,District 3 (Northwest),SIOUX CITY,WOODBURY,,7TH ST & PEARL ST,Collision with fixed object:  Utility pole/light support,Roadside,Non-collision (single vehicle),Other (explain in narrative):  Other,None Indicated,None apparent,Daylight,Dry,Clear,None apparent,Intersection:  Four-way intersection,Paved,N/A,Property Damage Only,0,0,0,0,0,0,2100,1,1,N/A,POINT (-96.407898332513 42.497417305549)
2011645081,11-4269,08/30/2011,08-August,3-Tuesday,16:20,1600 Hours,District 1 (Central),WEST DES MOINES,POLK,,WESTOWN PKWY,Collision with:  Vehicle in traffic,On Roadway,Broadside (front to side),FTYROW:  From driveway,None Indicated,None apparent,Daylight,Wet,Cloudy,None apparent,Non-intersection:  Driveway access (within),Paved,N/A,Property Damage Only,0,0,0,0,0,0,1500,2,2,N/A,POINT (-93.747886473696 41.594565904022)
2011645091,11-030817,08/30/2011,08-August,3-Tuesday,10:47,1000 Hours,District 4 (Southwest),COUNCIL BLUFFS,POTTAWATTAMIE,IA 192,IA 192/S 6TH ST,Collision with:  Vehicle in traffic,On Roadway,"Sideswipe, same direction",FTYROW:  Other (explain in narrative),None Indicated,None apparent,Daylight,Wet,Cloudy,None apparent,Non-intersection:  Non-junction/no special feature,Paved,N/A,Property Damage Only,0,0,0,0,0,0,2000,2,4,Northbound (NB),POINT (-95.852147961359 41.260811566289)
2011645234,11-4279,08/31/2011,08-August,4-Wednesday,07:33,0700 Hours,District 1 (Central),WEST DES MOINES,POLK,,PLEASANT ST & 50TH ST,Collision with:  Vehicle in traffic,On Roadway,Broadside (front to side),FTYROW:  From stop sign,None Indicated,None apparent,Daylight,Dry,Clear,None apparent,Intersection:  T-intersection,Paved,N/A,Property Damage Only,0,0,0,0,0,0,7000,2,2,N/A,POINT (-93.771131198983 41.590800449091)
2011646011,1109011831,09/01/2011,09-September,5-Thursday,18:31,1800 Hours,District 6 (East Central),,JONES,US 151,US 151,Collision with fixed object:  Ditch,On Roadway,Non-collision (single vehicle),Ran off road - left,None Indicated,None apparent,Daylight,Dry,Clear,None apparent,"Interchange-related:  Off-ramp, diverge area",Paved,N/A,Property Damage Only,0,0,0,0,0,0,3500,1,1,Northbound (NB),POINT (-91.331718301521 42.070749474582)
2011646223,11008423,09/02/2011,09-September,6-Friday,20:24,2000 Hours,District 3 (Northwest),,CARROLL,,Co Rd E46/245TH ST,Collision with:  Vehicle in traffic,On Roadway,Head-on (front to front),Crossed centerline (undivided),None Indicated,None apparent,Dark - roadway not lighted,Wet,Rain,None apparent,Non-intersection:  Non-junction/no special feature,Paved,N/A,Possible/Unknown,0,2,0,0,2,0,8000,2,4,N/A,POINT (-94.943975602574 42.000683062608)
2011646450,2011051192,09/02/2011,09-September,6-Friday,17:05,1700 Hours,District 4 (Southwest),,ADAMS,US 34,US 34 & IA 148,Collision with:  Vehicle in traffic,On Roadway,Broadside (front to side),FTYROW:  From stop sign,None Indicated,None apparent,Daylight,Dry,Clear,None apparent,Intersection:  Four-way intersection,Paved,N/A,Fatal,1,0,0,0,0,0,6500,2,2,Eastbound (EB),POINT (-94.732797611954 40.978696229459)
2011651529,2011-234825,09/03/2011,09-September,7-Saturday,11:15,1100 Hours,District 6 (East Central),DAVENPORT,SCOTT,,S CONCORD ST,Collision with:  Parked motor vehicle,On Roadway,"Sideswipe, same direction",Other (explain in narrative):  Other,None Indicated,None apparent,Daylight,Dry,Cloudy,None apparent,Non-intersection:  Non-junction/no special feature,Paved,N/A,Property Damage Only,0,0,0,0,0,0,2200,2,1,N/A,POINT (-90.624428101472 41.505190093278)
2011647167,2011051472,09/04/2011,09-September,1-Sunday,10:00,1000 Hours,District 1 (Central),,HAMILTON,I-35,I-35,Collision with:  Animal,On Roadway,Non-collision (single vehicle),Animal,None Indicated,Animal in roadway,N/A,N/A,N/A,N/A,N/A,Paved,N/A,Property Damage Only,0,0,0,0,0,0,3000,1,1,Southbound (SB),POINT (-93.570541213856 42.397136447338)
2011646508,11090347,09/05/2011,09-September,2-Monday,08:55,0800 Hours,District 2 (Northeast),CEDAR FALLS,BLACK HAWK,,18TH ST & WALNUT ST,Collision with:  Vehicle in traffic,On Roadway,Broadside (front to side),Ran Stop Sign,Alcohol (Statutory),None apparent,Daylight,Dry,Clear,None apparent,Intersection:  Four-way intersection,Paved,N/A,Property Damage Only,0,0,0,0,0,0,6000,2,3,N/A,POINT (-92.453414321038 42.522201107937)
2011646218,11090906,09/06/2011,09-September,3-Tuesday,19:16,1900 Hours,District 2 (Northeast),CEDAR FALLS,BLACK HAWK,,GREENHILL RD & S MAIN ST RD,Collision with:  Vehicle in traffic,On Roadway,"Angle, oncoming left turn",FTYROW:  Making left turn,None Indicated,None apparent,Dusk,Dry,Clear,None apparent,Intersection:  Four-way intersection,Paved,N/A,Property Damage Only,0,0,0,0,0,0,5000,2,2,N/A,POINT (-92.445879739254 42.498596676783)
2011648097,2011052137,09/07/2011,09-September,4-Wednesday,15:54,1500 Hours,District 1 (Central),DES MOINES,POLK,,E 12TH ST,Collision with:  Vehicle in traffic,On Roadway,"Sideswipe, opposite direction",Other (explain in narrative):  No improper action,None Indicated,None apparent,Daylight,Dry,Clear,None apparent,Non-intersection:  Non-junction/no special feature,Paved,N/A,Property Damage Only,0,0,0,0,0,0,1500,2,2,N/A,POINT (-93.601207158007 41.591283182899)
2011646361,11-20283,09/07/2011,09-September,4-Wednesday,09:03,0900 Hours,District 6 (East Central),BETTENDORF,SCOTT,US 67,US 67/GRANT ST & 16TH ST,Collision with:  Vehicle in traffic,On Roadway,Broadside (front to side),Other (explain in narrative):  Vision obstructed,None Indicated,Other (explain in narrative),Daylight,Dry,Clear,None apparent,Intersection:  Four-way intersection,Paved,N/A,Property Damage Only,0,0,0,0,0,0,3000,2,3,Northbound (NB),POINT (-90.510052610314 41.526249049214)
2011646394,11-2874,09/08/2011,09-September,5-Thursday,13:40,1300 Hours,District 1 (Central),FORT DODGE,WEBSTER,,5TH AVE S,Collision with:  Vehicle in traffic,On Roadway,Rear-end (front to rear),Followed too close,None Indicated,None apparent,Daylight,Dry,Cloudy,None apparent,Non-intersection:  Non-junction/no special feature,Paved,N/A,Possible/Unknown,0,1,0,0,1,0,2000,2,2,N/A,POINT (-94.17556963635 42.501048386259)
2011646561,01-11-47714,09/09/2011,09-September,6-Friday,07:30,0700 Hours,District 6 (East Central),DUBUQUE,DUBUQUE,,LORAS BLVD & GLEN OAK ST,Collision with:  Vehicle in traffic,On Roadway,Broadside (front to side),Ran Stop Sign,None Indicated,None apparent,Daylight,Dry,Clear,None apparent,Intersection:  Other intersection (explain in narrative),Paved,N/A,Possible/Unknown,0,1,0,0,1,0,14000,2,3,N/A,POINT (-90.684066381415 42.501619993005)
2011648071,201100040684,09/09/2011,09-September,6-Friday,12:00,1200 Hours,District 5 (Southeast),OTTUMWA,WAPELLO,,STELLER AVE & CENTER AVE & N IOWA AVE & MORRELL DR,Collision with:  Vehicle in traffic,On Roadway,Broadside (front to side),Ran Stop Sign,None Indicated,None apparent,Daylight,Dry,Cloudy,None apparent,Intersection:  Four-way intersection,Paved,N/A,Property Damage Only,0,0,0,0,0,0,3000,2,3,N/A,POINT (-92.395591751162 41.01664741919)
2011648977,2011052707,09/10/2011,09-September,7-Saturday,14:55,1400 Hours,District 6 (East Central),,JONES,IA 38,IA 38/IOWA 38 & IA 64/IOWA 64,Collision with:  Vehicle in traffic,On Roadway,Broadside (front to side),Ran Stop Sign,Drug,None apparent,Daylight,Dry,Cloudy,None apparent,Intersection:  T-intersection,Paved,N/A,Property Damage Only,0,0,0,0,0,0,12000,2,2,Northbound (NB),POINT (-91.13580266128 42.067066977548)
2011647469,2011-23771,09/11/2011,09-September,1-Sunday,11:05,1100 Hours,District 6 (East Central),LE CLAIRE,SCOTT,,VALLEY DR & WOODLAND LN,Collision with fixed object:  Utility pole/light support,On Roadway,Non-collision (single vehicle),FTYROW:  From stop sign,None Indicated,None apparent,Daylight,Dry,Cloudy,None apparent,Intersection:  T-intersection,Paved,N/A,Property Damage Only,0,0,0,0,0,0,2500,1,1,N/A,POINT (-90.385056822349 41.582896129137)
2011646708,11-032628,09/12/2011,09-September,2-Monday,05:45,0500 Hours,District 4 (Southwest),COUNCIL BLUFFS,POTTAWATTAMIE,,AVE M,Collision with fixed object:  Other fixed object (explain in narrative),Outside trafficway,Non-collision (single vehicle),Unknown,None Indicated,None apparent,Dark - roadway lighted,Dry,Clear,None apparent,Non-intersection:  Non-junction/no special feature,Paved,N/A,Property Damage Only,0,0,0,0,0,0,4500,1,1,N/A,POINT (-95.892879351053 41.273673234633)
2011651571,2011053253,09/13/2011,09-September,3-Tuesday,22:36,2200 Hours,District 1 (Central),,POWESHIEK,I-80,I-80,Collision with:  Vehicle in traffic,On Roadway,Rear-end (front to rear),Followed too close,None Indicated,None apparent,Dark - roadway not lighted,Dry,Clear,None apparent,Non-intersection:  Non-junction/no special feature,Paved,N/A,Possible/Unknown,0,1,0,0,1,0,5500,2,3,Eastbound (EB),POINT (-92.622405557981 41.695790874337)
2011648016,11008300,09/14/2011,09-September,4-Wednesday,20:20,2000 Hours,District 2 (Northeast),,FAYETTE,,Co Rd W45/G AVE & 30TH ST,Collision with:  Animal,N/A,N/A,Animal,None Indicated,N/A,N/A,N/A,N/A,N/A,N/A,Paved,N/A,Property Damage Only,0,0,0,0,0,0,2800,1,1,N/A,POINT (-91.725973243735 42.672110159603)
2011648357,11-004438,09/14/2011,09-September,4-Wednesday,18:22,1800 Hours,District 1 (Central),ANKENY,POLK,IA 160,IA 160/SE ORALABOR RD & SE DELAWARE AVE,Collision with:  Vehicle in traffic,On Roadway,Rear-end (front to rear),Other (explain in narrative):  Other,None Indicated,None apparent,Daylight,Dry,Clear,None apparent,Non-intersection:  Non-junction/no special feature,Paved,N/A,Property Damage Only,0,0,0,0,0,0,2500,2,3,No Travel Direction Consistent with Route,POINT (-93.581272792724 41.702903441997)
2011647391,115520,09/15/2011,09-September,5-Thursday,07:44,0700 Hours,District 4 (Southwest),,DALLAS,,250TH ST,Collision with:  Vehicle in traffic,On Roadway,Rear-end (front to rear),Other (explain in narrative):  Vision obstructed,None Indicated,Glare,Daylight,"Mud, dirt",Clear,None apparent,Non-intersection:  Non-junction/no special feature,Unpaved,N/A,Property Damage Only,0,0,0,0,0,0,10000,2,2,N/A,POINT (-93.992321870194 41.672707813323)
2011647918,11-32896,09/16/2011,09-September,6-Friday,06:59,0600 Hours,District 3 (Northwest),SIOUX CITY,WOODBURY,,6TH ST & JENNINGS ST,Collision with:  Vehicle in traffic,On Roadway,Rear-end (front to rear),Other (explain in narrative):  Other,None Indicated,None apparent,Dawn,Dry,Cloudy,None apparent,Non-intersection:  Non-junction/no special feature,Paved,N/A,Property Damage Only,0,0,0,0,0,0,2650,2,3,N/A,POINT (-96.399383965592 42.496355806327)
2011647721,2011-238664,09/17/2011,09-September,7-Saturday,14:30,1400 Hours,District 6 (East Central),DAVENPORT,SCOTT,,SCHMIT RD,Collision with:  Vehicle in traffic,On Roadway,"Sideswipe, opposite direction",Other (explain in narrative):  Other,None Indicated,None apparent,Daylight,Dry,Cloudy,None apparent,Non-intersection:  Non-junction/no special feature,Paved,N/A,Property Damage Only,0,0,0,0,0,0,1600,2,2,N/A,POINT (-90.608004370601 41.513585777441)
2011649472,,09/18/2011,09-September,1-Sunday,15:13,1500 Hours,District 5 (Southeast),DES MOINES,WARREN,US 65,US 65 & US 69 & IA 5,Collision with:  Vehicle in traffic,On Roadway,Rear-end (front to rear),Unknown,None Indicated,N/A,Daylight,Wet,Rain,N/A,Intersection:  Four-way intersection,Paved,N/A,Possible/Unknown,0,1,0,0,1,0,3342,2,2,Unknown - Not Indicated - Unlocated,POINT (-93.57191270953 41.506151307246)
2011648525,A11-071,09/19/2011,09-September,2-Monday,11:58,1100 Hours,District 4 (Southwest),WINTERSET,MADISON,,W JEFFERSON ST & N 8TH AVE,Collision with:  Vehicle in traffic,On Roadway,Broadside (front to side),Swerving/Evasive Action,None Indicated,None apparent,Daylight,Dry,Clear,None apparent,Intersection:  Four-way intersection,Paved,N/A,Property Damage Only,0,0,0,0,0,0,1800,2,3,N/A,POINT (-94.022954563496 41.335432211386)
2011647837,11-008470,09/19/2011,09-September,2-Monday,17:21,1700 Hours,District 6 (East Central),MANCHESTER,DELAWARE,IA 13,IA 13/N FRANKLIN ST,Collision with:  Vehicle in traffic,On Roadway,Rear-end (front to rear),Followed too close,None Indicated,None apparent,Daylight,Dry,Clear,None apparent,Non-intersection:  Non-junction/no special feature,Paved,N/A,Property Damage Only,0,0,0,0,0,0,2250,2,2,Northbound (NB),POINT (-91.457970773683 42.488579801031)
2011648303,01-11-49867,09/20/2011,09-September,3-Tuesday,17:10,1700 Hours,District 6 (East Central),DUBUQUE,DUBUQUE,,ASBURY RD,Collision with:  Vehicle in traffic,On Roadway,Rear-end (front to rear),Followed too close,None Indicated,None apparent,Daylight,Dry,Clear,None apparent,Non-intersection:  Non-junction/no special feature,Paved,N/A,Property Damage Only,0,0,0,0,0,0,4000,3,5,N/A,POINT (-90.740138787181 42.515311271207)
2011648890,2011-239625,09/21/2011,09-September,4-Wednesday,09:21,0900 Hours,District 6 (East Central),DAVENPORT,SCOTT,US 6,US 6/E KIMBERLY RD & SPRING ST,Collision with:  Vehicle in traffic,On Roadway,Rear-end (front to rear),Followed too close,None Indicated,None apparent,Daylight,Dry,Clear,None apparent,Intersection:  Four-way intersection,Paved,N/A,Property Damage Only,0,0,0,0,0,0,2750,2,2,Westbound (WB),POINT (-90.547737592208 41.556888426314)
2011648322,11-26438,09/22/2011,09-September,5-Thursday,15:50,1500 Hours,District 1 (Central),,JASPER,,N 95TH AVE W,Collision with fixed object:  Ditch,On Roadway,Non-collision (single vehicle),Swerving/Evasive Action,None Indicated,None apparent,Daylight,Dry,Clear,None apparent,Non-intersection:  Non-junction/no special feature,Unpaved,N/A,Property Damage Only,0,0,0,0,0,0,6300,1,1,N/A,POINT (-93.167880487953 41.827277919386)
2011648452,W11-097295,09/23/2011,09-September,6-Friday,12:48,1200 Hours,District 2 (Northeast),WATERLOO,BLACK HAWK,US 63,US 63/SE RAMP CURV & W 4TH ST,Collision with:  Vehicle in traffic,On Roadway,Broadside (front to side),Ran Traffic Signal,None Indicated,None apparent,Daylight,Dry,Cloudy,None apparent,Intersection:  Four-way intersection,Paved,N/A,Property Damage Only,0,0,0,0,0,0,4000,2,2,Ramp,POINT (-92.342555570252 42.492764101478)
2011648905,2011-240246,09/23/2011,09-September,6-Friday,08:22,0800 Hours,District 6 (East Central),DAVENPORT,SCOTT,,IA 461/HARRISON ST & W 18TH ST,Non-collision events:  Other non-collision (explain in narrative),On Roadway,Non-collision (single vehicle),Other (explain in narrative):  No improper action,None Indicated,None apparent,Daylight,Dry,Cloudy,Work Zone (roadway-related),Intersection:  Other intersection (explain in narrative),Paved,Yes,Minor Injury,0,1,0,1,0,0,1500,1,1,No Travel Direction Consistent with Route,POINT (-90.577227597611 41.537492701912)
2011648513,201004081675,09/24/2011,09-September,7-Saturday,16:47,1600 Hours,District 5 (Southeast),RICHLAND,KEOKUK,,MAIN ST,Collision with fixed object:  Ditch,On Roadway,Non-collision (single vehicle),Driving too fast for conditions,None Indicated,None apparent,Daylight,Wet,Rain,"Surface condition (e.g., wet, icy)",Non-intersection:  Non-junction/no special feature,Paved,N/A,Property Damage Only,0,0,0,0,0,0,2000,1,1,N/A,POINT (-92.00322664698 41.184135241036)
2011649484,,09/25/2011,09-September,1-Sunday,02:20,0200 Hours,District 5 (Southeast),,LUCAS,US 34,US 34,Collision with:  Animal,On Roadway,Non-collision (single vehicle),Animal,None Indicated,Animal in roadway,Dark - roadway not lighted,Dry,"Fog, smoke, smog",None apparent,Non-intersection:  Non-junction/no special feature,Paved,N/A,Possible/Unknown,0,1,0,0,1,0,6150,1,1,Eastbound (EB),POINT (-93.231840156195 41.000405889904)