Iowa DOT Case Number,Law Enforcement Case Number,Date of Crash,Month of Crash,Day of Week,Time of Crash,Hour,DOT District,City Name,County Name,Route with System,Location Description,First Harmful Event,Location of First Harmful Event,Manner of Crash/Collision,Major Cause,Drug or Alcohol ,Environmental Conditions,Light Conditions,Surface Conditions,Weather Conditions,Roadway Contribution,Roadway Type,Roadway Surface,Work Zone,Crash Severity,Number of Fatalities,Number of Injuries,Number of Major Injuries,Number of Minor Injuries,Number of Possible Injuries,Number of Unknown Injuries,Amount of Property Damage,Number of Vehicles Involved,Total Number of Occupants,Travel Direction,Location
2011649667,11-1184,09/26/2011,09-September,2-Monday,06:32,0600 Hours,District 1 (Central),CLIVE,POLK,US 6,US 6/HICKMAN RD & 128TH ST & NW 128TH ST,Collision with:  Vehicle in traffic,On Roadway,Rear-end (front to rear),Other (explain in narrative):  Other,None Indicated,None apparent,Dark - roadway lighted,Dry,Cloudy,None apparent,Intersection:  Four-way intersection,Paved,N/A,Minor Injury,0,1,0,1,0,0,9500,2,2,Eastbound (EB),POINT (-93.791594931154 41.614944751503)
2011650211,,09/27/2011,09-September,3-Tuesday,17:35,1700 Hours,District 2 (Northeast),HAMPTON,FRANKLIN,,1ST AVE SW & 3RD ST SW,Collision with:  Vehicle in traffic,On Roadway,Broadside (front to side),FTYROW:  At uncontrolled intersection,None Indicated,None apparent,Daylight,Dry,Clear,None apparent,Intersection:  Four-way intersection,Paved,N/A,Property Damage Only,0,0,0,0,0,0,5500,2,2,N/A,POINT (-93.211154265017 42.740823910756)
2011649249,11-7069,09/28/2011,09-September,4-Wednesday,16:30,1600 Hours,District 1 (Central),DES MOINES,POLK,US 69,US 69/NE 14TH ST,Collision with:  Vehicle in traffic,On Roadway,Rear-end (front to rear),FTYROW:  Other (explain in narrative),None Indicated,None apparent,Daylight,Dry,Clear,None apparent,Non-intersection:  Non-junction/no special feature,Paved,N/A,Property Damage Only,0,0,0,0,0,0,10200,3,3,Northbound (NB),POINT (-93.600530898266 41.655499053909)
2011649359,,09/28/2011,09-September,4-Wednesday,15:30,1500 Hours,District 2 (Northeast),FENTON,KOSSUTH,IA 15,IA 15/20 AVE & Co Rd B19/310 ST,Collision with:  Vehicle in traffic,On Roadway,Broadside (front to side),FTYROW:  From stop sign,None Indicated,None apparent,Daylight,Dry,Clear,None apparent,Intersection:  Four-way intersection,Paved,N/A,Property Damage Only,0,0,0,0,0,0,10000,2,2,Northbound (NB),POINT (-94.423373426849 43.212487232322)
2011649663,11-7076,09/29/2011,09-September,5-Thursday,07:44,0700 Hours,District 1 (Central),GRIMES,POLK,IA 141,IA 141/IOWA 141,Collision with:  Vehicle in traffic,On Roadway,Rear-end (front to rear),Followed too close,None Indicated,None apparent,Daylight,Dry,Cloudy,None apparent,Non-intersection:  Non-junction/no special feature,Paved,N/A,Property Damage Only,0,0,0,0,0,0,10000,3,3,No Travel Direction Consistent with Route,POINT (-93.774984972382 41.663174057209)
2011650351,,09/30/2011,09-September,6-Friday,13:58,1300 Hours,District 2 (Northeast),HUMBOLDT,HUMBOLDT,US 169,US 169/13TH ST N & 9TH AVE N,Collision with:  Vehicle in traffic,On Roadway,Broadside (front to side),FTYROW:  From yield sign,None Indicated,None apparent,Daylight,Dry,Clear,None apparent,Intersection:  Four-way intersection,Paved,N/A,Property Damage Only,0,0,0,0,0,0,1700,2,3,Northbound (NB),POINT (-94.227019321367 42.731077397818)
2011649543,11006274,09/30/2011,09-September,6-Friday,19:45,1900 Hours,District 2 (Northeast),,CERRO GORDO,,Co Rd B35/245TH ST,Collision with:  Animal,On Roadway,Non-collision (single vehicle),Animal,None Indicated,Animal in roadway,N/A,N/A,N/A,N/A,N/A,Paved,N/A,Property Damage Only,0,0,0,0,0,0,1500,1,1,N/A,POINT (-93.177686748471 43.118891924661)
2011650499,11-34851,10/01/2011,10-October,7-Saturday,22:00,2200 Hours,District 3 (Northwest),SIOUX CITY,WOODBURY,,MARSHALL AVE & S CECELIA ST,Collision with fixed object:  Curb/island/raised median,On Roadway,Non-collision (single vehicle),Ran off road - right,Drug,None apparent,Dark - roadway lighted,Dry,Clear,None apparent,Intersection:  Four-way intersection,Paved,N/A,Property Damage Only,0,0,0,0,0,0,1500,1,2,N/A,POINT (-96.366906262975 42.483862879118)
2011650191,2011056272,10/02/2011,10-October,1-Sunday,23:20,2300 Hours,District 4 (Southwest),COUNCIL BLUFFS,POTTAWATTAMIE,I-80,I-80,Collision with:  Animal,N/A,N/A,Animal,None Indicated,N/A,N/A,N/A,N/A,N/A,N/A,Paved,N/A,Property Damage Only,0,0,0,0,0,0,3500,1,1,Westbound (WB),POINT (-95.785045136941 41.279324638389)
2011671098,1110032040,10/03/2011,10-October,2-Monday,21:07,2100 Hours,District 6 (East Central),,JONES,IA 38,IA 38/IOWA 38,Collision with:  Animal,N/A,N/A,Animal,None Indicated,N/A,N/A,N/A,N/A,N/A,N/A,Paved,N/A,Property Damage Only,0,0,0,0,0,0,1500,1,1,Unknown - Not Indicated - Unlocated,POINT (-91.141848136293 41.971609939363)
2011649928,20110032431,10/03/2011,10-October,2-Monday,09:40,0900 Hours,District 1 (Central),DES MOINES,POLK,US 6,US 6/E EUCLID AVE,Collision with:  Vehicle in traffic,On Roadway,Broadside (front to side),Made improper turn,None Indicated,None apparent,Daylight,Dry,Clear,None apparent,Non-intersection:  Non-junction/no special feature,Paved,N/A,Possible/Unknown,0,1,0,0,1,0,3500,2,3,Eastbound (EB),POINT (-93.577980354514 41.627773477934)
2011651932,20110032596,10/04/2011,10-October,3-Tuesday,13:59,1300 Hours,District 1 (Central),DES MOINES,POLK,US 6,US 6/MERLE HAY RD/HICKMAN RD & MERKLIN WAY,Collision with:  Vehicle in traffic,On Roadway,"Angle, oncoming left turn",FTYROW:  Making left turn,None Indicated,None apparent,Daylight,Dry,Clear,None apparent,Intersection:  Four-way intersection,Paved,N/A,Possible/Unknown,0,1,0,0,1,0,9000,2,3,Both East and West,POINT (-93.697758630335 41.614886081694)
2011656079,01-11-52507,10/05/2011,10-October,4-Wednesday,16:08,1600 Hours,District 6 (East Central),DUBUQUE,DUBUQUE,,ROCKDALE RD & MAQUOKETA ST,Collision with:  Vehicle in traffic,On Roadway,Broadside (front to side),FTYROW:  From stop sign,None Indicated,None apparent,Daylight,Dry,Clear,None apparent,Intersection:  Four-way intersection,Paved,N/A,Minor Injury,0,1,0,1,0,0,3500,2,3,N/A,POINT (-90.678483990761 42.454814756042)
2011650315,11-4876,10/05/2011,10-October,4-Wednesday,15:29,1500 Hours,District 1 (Central),WEST DES MOINES,POLK,,RAILROAD AVE & S 13TH ST,Collision with:  Vehicle in traffic,On Roadway,Rear-end (front to rear),Other (explain in narrative):  Other,None Indicated,None apparent,Daylight,Dry,Clear,None apparent,Intersection:  T-intersection,Paved,N/A,Possible/Unknown,0,1,0,0,1,0,7000,2,3,N/A,POINT (-93.721154590391 41.569885723292)
2011650823,S11-6109,10/06/2011,10-October,5-Thursday,19:43,1900 Hours,District 3 (Northwest),,WOODBURY,I-29,I-29,Collision with:  Animal,N/A,N/A,Animal,None Indicated,N/A,N/A,N/A,N/A,N/A,N/A,Paved,N/A,Property Damage Only,0,0,0,0,0,0,5000,1,1,Southbound (SB),POINT (-96.330963975969 42.345216545734)
2011650970,11-12957,10/07/2011,10-October,6-Friday,22:00,2200 Hours,District 3 (Northwest),,SIOUX,,410TH ST,Collision with:  Animal,On Roadway,Non-collision (single vehicle),Animal,None Indicated,Animal in roadway,Dark - roadway not lighted,"Mud, dirt",Cloudy,None apparent,Non-intersection:  Non-junction/no special feature,Unpaved,N/A,Possible/Unknown,0,1,0,0,1,0,2000,1,1,N/A,POINT (-96.040009087012 43.055760226729)
2011651577,,10/07/2011,10-October,6-Friday,14:42,1400 Hours,District 2 (Northeast),SUMNER,BREMER,,CARPENTER ST,Collision with:  Vehicle in traffic,On Roadway,Broadside (front to side),FTYROW:  From parked position,None Indicated,None apparent,Daylight,Dry,Cloudy,None apparent,Intersection:  Other intersection (explain in narrative),Paved,N/A,Property Damage Only,0,0,0,0,0,0,10000,2,5,N/A,POINT (-92.097807530952 42.847546213684)
2011652657,2011057422,10/08/2011,10-October,7-Saturday,14:37,1400 Hours,District 2 (Northeast),,FAYETTE,,Co Rd C24/BUSH RD,Collision with fixed object:  Ditch,On Roadway,Non-collision (single vehicle),Crossed centerline (undivided),None Indicated,None apparent,Daylight,Dry,Clear,None apparent,Non-intersection:  Non-junction/no special feature,Paved,N/A,Major Injury,0,1,1,0,0,0,10000,1,1,N/A,POINT (-91.631677424937 42.830289780323)
2011653768,,10/09/2011,10-October,1-Sunday,17:55,1700 Hours,District 1 (Central),DES MOINES,POLK,,E KENYON AVE & SE 5TH ST,Collision with:  Vehicle in traffic,On Roadway,"Angle, oncoming left turn",FTYROW:  Making left turn,None Indicated,None apparent,Daylight,Dry,Clear,None apparent,Intersection:  Four-way intersection,Paved,N/A,Possible/Unknown,0,2,0,0,2,0,10000,2,2,N/A,POINT (-93.606479928824 41.535446300249)
2011652143,2011025676,10/10/2011,10-October,2-Monday,17:00,1700 Hours,District 6 (East Central),IOWA CITY,JOHNSON,,W PRENTISS ST,Collision with:  Parked motor vehicle,On Roadway,Rear-end (front to rear),Other (explain in narrative):  No improper action,None Indicated,None apparent,Daylight,Dry,Clear,None apparent,Non-intersection:  Non-junction/no special feature,Paved,N/A,Property Damage Only,0,0,0,0,0,0,2030,2,1,N/A,POINT (-91.536976499476 41.654448286506)
2011651458,20110033482,10/11/2011,10-October,3-Tuesday,12:58,1200 Hours,District 1 (Central),DES MOINES,POLK,,6TH AVE,Collision with:  Vehicle in traffic,On Roadway,Broadside (front to side),Ran Traffic Signal,None Indicated,None apparent,Daylight,Dry,Clear,None apparent,Intersection:  Intersection with ramp,Paved,N/A,Property Damage Only,0,0,0,0,0,0,5000,2,4,N/A,POINT (-93.625678271718 41.59571928465)
2011651633,201115537,10/11/2011,10-October,3-Tuesday,13:44,1300 Hours,District 6 (East Central),CEDAR RAPIDS,LINN,,WILSON AVE SW & 6TH ST SW,Collision with:  Vehicle in traffic,On Roadway,"Angle, oncoming left turn",FTYROW:  Making left turn,None Indicated,None apparent,Daylight,Dry,Clear,None apparent,Intersection:  Four-way intersection,Paved,N/A,Minor Injury,0,2,0,2,0,0,8000,2,4,N/A,POINT (-91.677145546413 41.956088402573)
2011651588,11014669,10/12/2011,10-October,4-Wednesday,17:15,1700 Hours,District 5 (Southeast),CENTERVILLE,APPANOOSE,,W VAN BUREN ST,Collision with:  Parked motor vehicle,On Roadway,Broadside (front to side),Lost Control,None Indicated,None apparent,Daylight,Dry,Cloudy,None apparent,Non-intersection:  Non-junction/no special feature,Paved,N/A,Property Damage Only,0,0,0,0,0,0,3000,2,2,N/A,POINT (-92.882694345043 40.734956373309)
2011651425,11021466,10/12/2011,10-October,4-Wednesday,12:15,1200 Hours,District 6 (East Central),MARION,LINN,,8TH AVE & 10TH ST,Collision with:  Vehicle in traffic,On Roadway,Broadside (front to side),Driving too fast for conditions,None Indicated,Weather conditions,Daylight,Wet,Cloudy,"Surface condition (e.g., wet, icy)",Intersection:  Four-way intersection,Paved,N/A,Property Damage Only,0,0,0,0,0,0,6500,2,3,N/A,POINT (-91.599308618838 42.034205096893)
2011652272,,10/13/2011,10-October,5-Thursday,17:30,1700 Hours,District 6 (East Central),MOUNT VERNON,LINN,US 30,US 30 & IA 1/S 1ST AVE,Collision with:  Vehicle in traffic,On Roadway,Broadside (front to side),FTYROW:  From stop sign,None Indicated,None apparent,Daylight,Dry,Clear,None apparent,Intersection:  Four-way intersection,Paved,N/A,Property Damage Only,0,0,0,0,0,0,9850,2,2,Eastbound (EB),POINT (-91.423031618556 41.916096535848)
2011651829,11147129,10/14/2011,10-October,6-Friday,17:22,1700 Hours,District 6 (East Central),TIFFIN,JOHNSON,US 6,US 6 & JASPER AVE,Collision with:  Vehicle in traffic,On Roadway,Rear-end (front to rear),Other (explain in narrative):  Other,None Indicated,None apparent,Daylight,Dry,Cloudy,None apparent,Intersection:  Four-way intersection,Paved,N/A,Possible/Unknown,0,1,0,0,1,0,2200,2,4,Eastbound (EB),POINT (-91.647068675789 41.706028438685)
2011652206,11-23649,10/14/2011,10-October,6-Friday,14:30,1400 Hours,District 1 (Central),AMES,STORY,,LINCOLN WAY & WELCH AVE & WELCH RD,Collision with:  Vehicle in traffic,On Roadway,Rear-end (front to rear),Other (explain in narrative):  Other,None Indicated,None apparent,Daylight,Dry,Clear,None apparent,Intersection:  Four-way intersection,Paved,N/A,Property Damage Only,0,0,0,0,0,0,1800,2,3,N/A,POINT (-93.65015263248 42.022789871845)
2011652309,11-168,10/15/2011,10-October,7-Saturday,21:30,2100 Hours,District 2 (Northeast),WAVERLY,BREMER,IA 3,IA 3/E BREMER AVE,Collision with:  Animal,On Roadway,Non-collision (single vehicle),Animal,None Indicated,None apparent,Dark - roadway not lighted,Dry,Clear,None apparent,Non-intersection:  Non-junction/no special feature,Paved,N/A,Property Damage Only,0,0,0,0,0,0,5000,1,2,Eastbound (EB),POINT (-92.428339897906 42.714880833695)
2011652931,137-2011,10/15/2011,10-October,7-Saturday,19:30,1900 Hours,District 4 (Southwest),,HARRISON,,Co Rd L20/LOESS HILLS TRL,Collision with:  Animal,N/A,N/A,Animal,None Indicated,N/A,N/A,N/A,N/A,N/A,N/A,Paved,N/A,Property Damage Only,0,0,0,0,0,0,2500,1,1,N/A,POINT (-95.926695384576 41.655079462353)
2011667230,2011-1585,10/16/2011,10-October,1-Sunday,10:09,1000 Hours,District 5 (Southeast),,WARREN,IA 28,IA 28/IOWA 28,Collision with:  Vehicle in traffic,On Roadway,"Sideswipe, same direction",Made improper turn,None Indicated,None apparent,Daylight,Dry,Cloudy,None apparent,Non-intersection:  Non-junction/no special feature,Paved,N/A,Minor Injury,0,4,0,2,0,2,4500,2,4,Southbound (SB),POINT (-93.694488367398 41.433903498929)
2011653418,11148709,10/17/2011,10-October,2-Monday,06:44,0600 Hours,District 6 (East Central),IOWA CITY,JOHNSON,,ANGLE RD,Collision with:  Vehicle in traffic,On Roadway,Head-on (front to front),Crossed centerline (undivided),None Indicated,None apparent,Dawn,"Mud, dirt",Clear,None apparent,Intersection:  T-intersection,Unpaved,N/A,Property Damage Only,0,0,0,0,0,0,2000,2,2,N/A,POINT (-91.712332361629 41.583644276771)
2011655614,2011059151,10/18/2011,10-October,3-Tuesday,21:45,2100 Hours,District 4 (Southwest),,CASS,I-80,I-80,Non-collision events:  Overturn/rollover,On Roadway,Non-collision (single vehicle),Swerving/Evasive Action,None Indicated,None apparent,Dark - roadway not lighted,Dry,Clear,None apparent,Non-intersection:  Non-junction/no special feature,Paved,N/A,Possible/Unknown,0,1,0,0,1,0,6000,1,1,Eastbound (EB),POINT (-94.91495248394 41.497123207859)
2011652801,11-13382,10/19/2011,10-October,4-Wednesday,09:04,0900 Hours,District 3 (Northwest),,SIOUX,US 18,US 18/310TH ST/US 75,Collision with:  Vehicle in traffic,On Roadway,Broadside (front to side),FTYROW:  From stop sign,None Indicated,None apparent,Daylight,Dry,Cloudy,None apparent,Intersection:  Four-way intersection,Paved,N/A,Minor Injury,0,1,0,1,0,0,21000,2,2,Eastbound (EB),POINT (-96.177353070968 43.200177165217)
2011654830,11-003121,10/19/2011,10-October,4-Wednesday,17:08,1700 Hours,District 4 (Southwest),CARTER LAKE,POTTAWATTAMIE,,AVE K & N 13TH ST,Collision with:  Vehicle in traffic,On Roadway,Broadside (front to side),FTYROW:  From stop sign,None Indicated,None apparent,Daylight,Dry,Clear,None apparent,Intersection:  Four-way intersection,Paved,N/A,Property Damage Only,0,0,0,0,0,0,3500,2,3,N/A,POINT (-95.913218544633 41.286750397823)
2011652767,20110034490,10/20/2011,10-October,5-Thursday,08:24,0800 Hours,District 1 (Central),DES MOINES,POLK,,BEAVER AVE,Collision with:  Vehicle in traffic,On Roadway,Rear-end (front to rear),Driving too fast for conditions,None Indicated,None apparent,Daylight,Dry,Clear,None apparent,Non-intersection:  Non-junction/no special feature,Paved,N/A,Property Damage Only,0,0,0,0,0,0,14500,3,3,N/A,POINT (-93.673064305061 41.615546726927)
2011655633,2011059596,10/21/2011,10-October,6-Friday,15:04,1500 Hours,District 1 (Central),DES MOINES,POLK,,E UNIVERSITY AVE,Collision with:  Vehicle in traffic,On Roadway,Rear-end (front to rear),Driver Distraction:  Passenger,None Indicated,None apparent,Daylight,Dry,Clear,None apparent,Non-intersection:  Non-junction/no special feature,Paved,N/A,Possible/Unknown,0,1,0,0,1,0,3250,2,5,N/A,POINT (-93.600645627905 41.600599607963)
2011654111,2011-11764,10/21/2011,10-October,6-Friday,21:27,2100 Hours,District 3 (Northwest),,SAC,,Co Rd D59/360TH ST,Collision with fixed object:  Ditch,Gore,Non-collision (single vehicle),Ran Stop Sign,None Indicated,None apparent,Dark - roadway lighted,Dry,Clear,None apparent,Intersection:  T-intersection,Paved,N/A,Possible/Unknown,0,1,0,0,0,1,1500,1,1,N/A,POINT (-95.108790278596 42.269118410132)
2011653043,20110034738,10/22/2011,10-October,7-Saturday,09:00,0900 Hours,District 1 (Central),DES MOINES,POLK,,E 6TH ST,Collision with:  Parked motor vehicle,On Roadway,Unknown,Unknown,None Indicated,Unknown,Daylight,Unknown,Unknown,Unknown,Non-intersection:  Non-junction/no special feature,Paved,N/A,Property Damage Only,0,0,0,0,0,0,4000,2,777,N/A,POINT (-93.61197279816 41.599251835661)
2011655750,11-009341,10/23/2011,10-October,1-Sunday,00:45,0000 Hours,District 4 (Southwest),,CASS,,BUCK CREEK RD,Collision with fixed object:  Bridge overhead structure,On Roadway,"Sideswipe, same direction",Driving too fast for conditions,None Indicated,None apparent,Dark - roadway not lighted,"Mud, dirt",Cloudy,Unknown,Non-intersection:  Other non-intersection (explain in narrative),Unpaved,N/A,Property Damage Only,0,0,0,0,0,0,15000,2,6,N/A,POINT (-95.022235893341 41.418611230758)
2011653608,,10/24/2011,10-October,2-Monday,17:30,1700 Hours,District 6 (East Central),CAMANCHE,CLINTON,,7TH AVE,Collision with fixed object:  Other fixed object (explain in narrative),On Roadway,Non-collision (single vehicle),Swerving/Evasive Action,None Indicated,None apparent,Daylight,"Mud, dirt",N/A,Debris,Non-intersection:  Non-junction/no special feature,Paved,N/A,Possible/Unknown,0,1,0,0,1,0,1500,1,1,N/A,POINT (-90.256904071709 41.788017609203)
2011656116,01-11-55717,10/24/2011,10-October,2-Monday,05:40,0500 Hours,District 6 (East Central),DUBUQUE,DUBUQUE,,RHOMBERG AVE & FENGLER ST,Collision with:  Vehicle in traffic,On Roadway,Broadside (front to side),Ran Stop Sign,None Indicated,None apparent,Dark - roadway not lighted,Dry,Clear,None apparent,Intersection:  Four-way intersection,Paved,N/A,Property Damage Only,0,0,0,0,0,0,4500,2,2,N/A,POINT (-90.659715435316 42.520180067175)
2011653958,2011026486,10/25/2011,10-October,3-Tuesday,16:49,1600 Hours,District 6 (East Central),IOWA CITY,JOHNSON,,E WASHINGTON ST & S CLINTON ST,Collision with:  Vehicle in traffic,On Roadway,Rear-end (front to rear),Followed too close,None Indicated,None apparent,Daylight,Dry,Cloudy,None apparent,Intersection:  Four-way intersection,Paved,N/A,Possible/Unknown,0,1,0,0,1,0,2000,2,3,N/A,POINT (-91.534614563187 41.660101520474)
2011653878,11-018212,10/26/2011,10-October,4-Wednesday,07:39,0700 Hours,District 3 (Northwest),,CLAY,,Co Rd B24/350 ST,Collision with:  Animal,On Roadway,Non-collision (single vehicle),Animal,None Indicated,Animal in roadway,N/A,N/A,N/A,N/A,N/A,Paved,N/A,Property Damage Only,0,0,0,0,0,0,4500,1,1,N/A,POINT (-95.254673160419 43.141689895507)
2011656657,20110035214,10/26/2011,10-October,4-Wednesday,11:22,1100 Hours,District 1 (Central),DES MOINES,POLK,US 6,US 6/E EUCLID AVE,Collision with:  Vehicle in traffic,On Roadway,"Sideswipe, same direction",Other (explain in narrative):  Vision obstructed,None Indicated,None apparent,Daylight,Dry,Clear,None apparent,Non-intersection:  Non-junction/no special feature,Paved,N/A,Property Damage Only,0,0,0,0,0,0,10000,2,4,Eastbound (EB),POINT (-93.60173758466 41.627714622836)
2011653884,1110272771,10/27/2011,10-October,5-Thursday,18:30,1800 Hours,District 6 (East Central),LOW MOOR,CLINTON,,Co Rd F12/220 ST,Collision with:  Animal,N/A,N/A,Animal,None Indicated,N/A,N/A,N/A,N/A,N/A,N/A,Paved,N/A,Property Damage Only,0,0,0,0,0,0,2000,1,1,N/A,POINT (-90.262958242908 41.859172787648)
2011653928,2011-2145,10/28/2011,10-October,6-Friday,16:18,1600 Hours,District 1 (Central),JEFFERSON,GREENE,IA 4,IA 4/N ELM ST & W WASHINGTON ST & E WASHINGTON ST,Collision with:  Vehicle in traffic,On Roadway,Head-on (front to front),FTYROW:  Making left turn,None Indicated,None apparent,Daylight,Dry,Cloudy,None apparent,Intersection:  Four-way intersection,Paved,N/A,Minor Injury,0,2,0,2,0,0,7100,2,2,Both North and South,POINT (-94.377407932725 42.017248762929)
2011654100,11-039068,10/28/2011,10-October,6-Friday,11:57,1100 Hours,District 4 (Southwest),COUNCIL BLUFFS,POTTAWATTAMIE,I-29,I-29,Collision with:  Vehicle in traffic,On Roadway,Rear-end (front to rear),Followed too close,None Indicated,None apparent,Daylight,Dry,Clear,None apparent,Non-intersection:  Non-junction/no special feature,Paved,N/A,Property Damage Only,0,0,0,0,0,0,6500,3,3,Ramp,POINT (-95.90293465812 41.243320828697)
2011654169,11-3487,10/29/2011,10-October,7-Saturday,11:06,1100 Hours,District 1 (Central),FORT DODGE,WEBSTER,,1ST AVE S & S 25TH ST,Collision with:  Vehicle in traffic,On Roadway,Rear-end (front to rear),FTYROW:  Other (explain in narrative),None Indicated,None apparent,Daylight,Dry,Clear,None apparent,Intersection:  Four-way intersection,Paved,N/A,Possible/Unknown,0,2,0,0,2,0,1000,2,4,N/A,POINT (-94.163136067731 42.505236838397)
2011655695,,10/30/2011,10-October,1-Sunday,21:55,2100 Hours,District 5 (Southeast),FORT MADISON,LEE,,AVE G,Collision with:  Parked motor vehicle,On Roadway,"Sideswipe, same direction","Operating vehicle in an reckless, erratic, careless, negligent manner",Alcohol (Statutory),None apparent,Dark - roadway not lighted,Dry,Clear,None apparent,Non-intersection:  Non-junction/no special feature,Paved,N/A,Property Damage Only,0,0,0,0,0,0,4299,2,2,N/A,POINT (-91.341604320781 40.631271861926)
2011664477,2011-250713,10/30/2011,10-October,1-Sunday,02:56,0200 Hours,District 6 (East Central),DAVENPORT,SCOTT,,W LOMBARD ST,Collision with:  Vehicle in traffic,On Roadway,Head-on (front to front),Lost Control,None Indicated,None apparent,Dark - roadway lighted,Dry,Clear,None apparent,Intersection:  Four-way intersection,Paved,N/A,Property Damage Only,0,0,0,0,0,0,2000,2,4,N/A,POINT (-90.577364054398 41.541863686277)
2011654240,11-41082,10/31/2011,10-October,2-Monday,17:05,1700 Hours,District 5 (Southeast),BURLINGTON,DES MOINES,,MT PLEASANT ST,Collision with:  Vehicle in traffic,On Roadway,"Angle, oncoming left turn",FTYROW:  Making left turn,None Indicated,None apparent,Daylight,Dry,Clear,None apparent,Non-intersection:  Driveway access (within),Paved,N/A,Property Damage Only,0,0,0,0,0,0,2000,2,3,N/A,POINT (-91.143424148825 40.825916609338)
2011678235,SO1103740,11/01/2011,11-November,3-Tuesday,21:01,2100 Hours,District 5 (Southeast),,JEFFERSON,US 34,US 34 & DEWBERRY AVE,Collision with:  Animal,N/A,N/A,Animal,None Indicated,N/A,N/A,N/A,N/A,N/A,N/A,Paved,N/A,Property Damage Only,0,0,0,0,0,0,2500,1,1,Eastbound (EB),POINT (-92.116738995649 41.009812318747)
2011654538,11-015736,11/01/2011,11-November,3-Tuesday,17:25,1700 Hours,District 5 (Southeast),CENTERVILLE,APPANOOSE,,N 13TH ST,Collision with:  Vehicle in traffic,On Roadway,Broadside (front to side),FTYROW:  From parked position,None Indicated,None apparent,Daylight,Dry,Clear,None apparent,Non-intersection:  Non-junction/no special feature,Paved,N/A,Property Damage Only,0,0,0,0,0,0,3000,2,3,N/A,POINT (-92.873269381252 40.733838345912)
2011656214,01-11-57360,11/02/2011,11-November,4-Wednesday,09:17,0900 Hours,District 6 (East Central),DUBUQUE,DUBUQUE,,W 9TH ST,Collision with:  Vehicle in traffic,On Roadway,Broadside (front to side),Ran Traffic Signal,None Indicated,None apparent,Daylight,Wet,Rain,None apparent,Intersection:  Four-way intersection,Paved,N/A,Property Damage Only,0,0,0,0,0,0,7000,2,2,N/A,POINT (-90.66956632443 42.501118787018)
2011675791,2011110201,11/02/2011,11-November,4-Wednesday,06:00,0600 Hours,District 4 (Southwest),SHENANDOAH,PAGE,,W THOMAS AVE & S IOWA ST,Collision with:  Vehicle in traffic,On Roadway,Broadside (front to side),FTYROW:  From yield sign,None Indicated,Weather conditions,Dark - roadway lighted,Wet,Rain,Unknown,Intersection:  Four-way intersection,Paved,N/A,Property Damage Only,0,0,0,0,0,0,1700,2,3,N/A,POINT (-95.383594648024 40.764975739687)
2011654606,1111031-A,11/03/2011,11-November,5-Thursday,12:39,1200 Hours,District 4 (Southwest),RED OAK,MONTGOMERY,,JOY ST & 8TH ST,Collision with:  Vehicle in traffic,On Roadway,Broadside (front to side),FTYROW:  From yield sign,None Indicated,None apparent,Daylight,Dry,Clear,None apparent,Intersection:  Four-way intersection,Paved,N/A,Minor Injury,0,1,0,1,0,0,12000,2,2,N/A,POINT (-95.223156041561 41.012181847075)
2011655502,201100037220,11/03/2011,11-November,5-Thursday,06:55,0600 Hours,District 6 (East Central),,LINN,US 151,US 151/DUBUQUE RD,Collision with:  Animal,N/A,N/A,Animal,None Indicated,N/A,N/A,N/A,N/A,N/A,N/A,Paved,N/A,Property Damage Only,0,0,0,0,0,0,4000,1,1,Unknown - Not Indicated - Unlocated,POINT (-91.500746654987 42.045802711302)
2011659726,11009712,11/04/2011,11-November,6-Friday,04:18,0400 Hours,District 4 (Southwest),,CASS,I-80,I-80,Collision with:  Animal,On Roadway,Non-collision (single vehicle),Animal,None Indicated,Animal in roadway,N/A,N/A,N/A,N/A,N/A,Paved,N/A,Property Damage Only,0,0,0,0,0,0,7000,1,1,Eastbound (EB),POINT (-94.808441454061 41.496830271029)
2011655102,SO1103781,11/04/2011,11-November,6-Friday,00:07,0000 Hours,District 5 (Southeast),,JEFFERSON,,Co Rd V63/PACKWOOD RD,Collision with:  Animal,On Roadway,Non-collision (single vehicle),Animal,None Indicated,Animal in roadway,Dark - roadway not lighted,Dry,Cloudy,None apparent,Non-intersection:  Non-junction/no special feature,Paved,N/A,Property Damage Only,0,0,0,0,0,0,4315,1,1,N/A,POINT (-92.08128103946 41.090796301564)
2011660956,11022622,11/05/2011,11-November,7-Saturday,16:44,1600 Hours,District 2 (Northeast),MASON CITY,CERRO GORDO,,9TH ST SE & S VIRGINIA AVE,Collision with:  Vehicle in traffic,Outside trafficway,Broadside (front to side),FTYROW:  Other (explain in narrative),None Indicated,None apparent,Daylight,Dry,Clear,None apparent,Non-intersection:  Alley,Paved,N/A,Property Damage Only,0,0,0,0,0,0,2300,2,2,N/A,POINT (-93.186117612337 43.142651407992)
2011655518,201117021,11/06/2011,11-November,1-Sunday,20:10,2000 Hours,District 6 (East Central),CEDAR RAPIDS,LINN,,WHITE OAK RD SE & 36TH ST SE,Collision with fixed object:  Tree,Roadside,Non-collision (single vehicle),Exceeded authorized speed,None Indicated,None apparent,Dark - roadway lighted,Dry,Cloudy,None apparent,Intersection:  T-intersection,Paved,N/A,Property Damage Only,0,0,0,0,0,0,4500,1,2,N/A,POINT (-91.616104869537 41.982775324856)
2011655908,11-39220,11/07/2011,11-November,2-Monday,19:52,1900 Hours,District 3 (Northwest),SIOUX CITY,WOODBURY,,HIAWATHA TRL & TETON TRACE,Collision with fixed object:  Tree,Outside trafficway,Non-collision (single vehicle),Ran off road - right,None Indicated,None apparent,Dark - roadway lighted,Dry,Clear,None apparent,Intersection:  T-intersection,Paved,N/A,Property Damage Only,0,0,0,0,0,0,4500,1,1,N/A,POINT (-96.388925741483 42.536969901794)