Iowa DOT Case Number,Law Enforcement Case Number,Date of Crash,Month of Crash,Day of Week,Time of Crash,Hour,DOT District,City Name,County Name,Route with System,Location Description,First Harmful Event,Location of First Harmful Event,Manner of Crash/Collision,Major Cause,Drug or Alcohol ,Environmental Conditions,Light Conditions,Surface Conditions,Weather Conditions,Roadway Contribution,Roadway Type,Roadway Surface,Work Zone,Crash Severity,Number of Fatalities,Number of Injuries,Number of Major Injuries,Number of Minor Injuries,Number of Possible Injuries,Number of Unknown Injuries,Amount of Property Damage,Number of Vehicles Involved,Total Number of Occupants,Travel Direction,Location
2011655724,W11-114706,11/07/2011,11-November,2-Monday,10:13,1000 Hours,District 2 (Northeast),WATERLOO,BLACK HAWK,,W 3RD ST & LAWNHILL AVE,Collision with:  Vehicle in traffic,On Roadway,Rear-end (front to rear),Driver Distraction:  Manual operation of an electronic communication device,None Indicated,None apparent,Daylight,Dry,Clear,None apparent,Non-intersection:  Non-junction/no special feature,Paved,N/A,Property Damage Only,0,0,0,0,0,0,1700,2,3,N/A,POINT (-92.365361032188 42.486669616413)
2011656955,,11/08/2011,11-November,3-Tuesday,17:30,1700 Hours,District 4 (Southwest),,PAGE,IA 2,IA 2/IOWA 2,Collision with:  Animal,On Roadway,Non-collision (single vehicle),Animal,None Indicated,N/A,Dark - roadway not lighted,Wet,Rain,N/A,Non-intersection:  Non-junction/no special feature,Paved,N/A,Property Damage Only,0,0,0,0,0,0,6000,1,1,Unknown - Not Indicated - Unlocated,POINT (-95.332750629472 40.742703808007)
2011656954,,11/08/2011,11-November,3-Tuesday,17:40,1700 Hours,District 2 (Northeast),,WINNESHIEK,,337TH ST,Collision with:  Animal,On Roadway,Non-collision (single vehicle),Animal,None Indicated,N/A,Dark - roadway not lighted,Dry,Clear,N/A,Non-intersection:  Non-junction/no special feature,Unpaved,N/A,Property Damage Only,0,0,0,0,0,0,6700,1,1,N/A,POINT (-91.828858350475 43.428618660616)
2011666537,,11/09/2011,11-November,4-Wednesday,18:35,1800 Hours,District 2 (Northeast),,WINNESHIEK,,Co Rd A52/OLD STAGE RD,Collision with:  Animal,On Roadway,Head-on (front to front),Animal,None Indicated,Animal in roadway,Dark - roadway not lighted,Dry,Clear,None apparent,Non-intersection:  Non-junction/no special feature,Paved,N/A,Property Damage Only,0,0,0,0,0,0,1500,1,1,N/A,POINT (-91.752575173742 43.290332739405)
2011659978,20110036829,11/09/2011,11-November,4-Wednesday,04:47,0400 Hours,District 1 (Central),DES MOINES,POLK,US 69,US 69/SE 14TH ST,Unknown,On Roadway,Unknown,Driving too fast for conditions,None Indicated,Weather conditions,Dark - roadway lighted,Snow,Snow,"Surface condition (e.g., wet, icy)",Non-intersection:  Other non-intersection (explain in narrative),Paved,N/A,Property Damage Only,0,0,0,0,0,0,8000,2,2,Southbound (SB),POINT (-93.596847423076 41.585595297996)
2011656016,11-0004602,11/10/2011,11-November,5-Thursday,07:45,0700 Hours,District 2 (Northeast),MARQUETTE,CLAYTON,US 18,US 18 & ROUNDHOUSE ADD,Collision with:  Animal,N/A,N/A,Animal,None Indicated,N/A,N/A,N/A,N/A,N/A,N/A,Paved,N/A,Property Damage Only,0,0,0,0,0,0,1500,1,1,Westbound (WB),POINT (-91.202744627794 43.042078969871)
2011656567,107-11,11/10/2011,11-November,5-Thursday,12:15,1200 Hours,District 4 (Southwest),,MADISON,,Co Rd P53/PITZER RD & 200TH ST,Collision with:  Vehicle in traffic,On Roadway,Broadside (front to side),FTYROW:  From stop sign,None Indicated,None apparent,Daylight,Dry,Clear,None apparent,Intersection:  Four-way intersection,Paved,N/A,Property Damage Only,0,0,0,0,0,0,3500,2,7,N/A,POINT (-94.184557763994 41.359346348922)
2011656693,20110037075,11/11/2011,11-November,6-Friday,07:35,0700 Hours,District 1 (Central),DES MOINES,POLK,,E UNIVERSITY AVE & E 13TH ST,Collision with:  Vehicle in traffic,On Roadway,Head-on (front to front),FTYROW:  Making left turn,None Indicated,None apparent,Daylight,Dry,Clear,None apparent,Intersection:  Four-way intersection,Paved,N/A,Property Damage Only,0,0,0,0,0,0,10000,2,3,N/A,POINT (-93.603355711021 41.600396265041)
2011657330,11-008179,11/11/2011,11-November,6-Friday,00:43,0000 Hours,District 1 (Central),,HAMILTON,,Co Rd R27/TUNNEL MILL RD,Non-collision events:  Overturn/rollover,Shoulder,Non-collision (single vehicle),Ran off road - right,None Indicated,None apparent,Dark - roadway not lighted,Dry,Clear,None apparent,Non-intersection:  Non-junction/no special feature,Paved,N/A,Property Damage Only,0,0,0,0,0,0,2000,1,1,N/A,POINT (-93.835475087496 42.381921774346)
2011657697,2011-254319,11/12/2011,11-November,7-Saturday,00:27,0000 Hours,District 6 (East Central),DAVENPORT,SCOTT,,IA 461/WELCOME WAY & W 53RD ST,Collision with:  Vehicle in traffic,On Roadway,Broadside (front to side),Ran Traffic Signal,None Indicated,None apparent,Dark - roadway lighted,Dry,Clear,None apparent,Intersection:  Four-way intersection,Paved,N/A,Minor Injury,0,1,0,1,0,0,14000,2,3,No Travel Direction Consistent with Route,POINT (-90.571669859423 41.574517729531)
2011656618,20110037275,11/12/2011,11-November,7-Saturday,23:55,2300 Hours,District 1 (Central),DES MOINES,POLK,,MERLE HAY RD,Collision with:  Vehicle in traffic,On Roadway,Rear-end (front to rear),Traveling wrong way or on wrong side of road,None Indicated,None apparent,Dark - roadway lighted,Dry,Cloudy,None apparent,Intersection:  Four-way intersection,Paved,N/A,Minor Injury,0,1,0,1,0,0,3500,2,5,N/A,POINT (-93.697753769933 41.61109408146)
2011658006,,11/13/2011,11-November,1-Sunday,01:42,0100 Hours,District 6 (East Central),IOWA CITY,JOHNSON,,S CLINTON ST,Collision with:  Vehicle in traffic,On Roadway,"Sideswipe, same direction",Improper or erratic lane changing,None Indicated,None apparent,Dark - roadway lighted,Dry,Cloudy,None apparent,Non-intersection:  Non-junction/no special feature,Paved,N/A,Property Damage Only,0,0,0,0,0,0,2300,2,4,N/A,POINT (-91.534642980492 41.658318525441)
2011656548,11-35231,11/14/2011,11-November,2-Monday,06:49,0600 Hours,District 5 (Southeast),,LEE,IA 2,IA 2/IOWA 2,Collision with:  Animal,N/A,N/A,Animal,None Indicated,N/A,N/A,N/A,N/A,N/A,N/A,Paved,N/A,Property Damage Only,0,0,0,0,0,0,1500,1,1,Westbound (WB),POINT (-91.454370538206 40.631251063408)
2011656563,11024173,11/14/2011,11-November,2-Monday,05:47,0500 Hours,District 6 (East Central),MARION,LINN,,8TH AVE & 10TH ST,Collision with:  Vehicle in traffic,On Roadway,Broadside (front to side),FTYROW:  Other (explain in narrative),None Indicated,None apparent,Dawn,Dry,Clear,None apparent,Intersection:  Four-way intersection,Paved,N/A,Property Damage Only,0,0,0,0,0,0,11000,2,2,N/A,POINT (-91.599308618838 42.034205096893)
2011657628,201117527,11/15/2011,11-November,3-Tuesday,18:37,1800 Hours,District 6 (East Central),CEDAR RAPIDS,LINN,I-380,I-380,Collision with:  Vehicle in traffic,On Roadway,"Sideswipe, same direction",Other (explain in narrative):  Other,None Indicated,None apparent,Dark - roadway lighted,Dry,Clear,None apparent,Intersection:  Four-way intersection,Paved,N/A,Property Damage Only,0,0,0,0,0,0,4000,2,4,Ramp,POINT (-91.677048471117 41.975361115198)
2011657386,11-5700,11/15/2011,11-November,3-Tuesday,21:19,2100 Hours,District 1 (Central),WEST DES MOINES,POLK,I-35,I-35,Collision with:  Animal,On Roadway,Non-collision (single vehicle),Animal,None Indicated,Animal in roadway,Dark - roadway not lighted,Dry,Clear,None apparent,Non-intersection:  Non-junction/no special feature,Paved,N/A,Property Damage Only,0,0,0,0,0,0,2500,1,1,Northbound (NB),POINT (-93.77557497553 41.543041145906)
2011657734,11-26221,11/16/2011,11-November,4-Wednesday,15:24,1500 Hours,District 1 (Central),AMES,STORY,US 30,US 30/NE RAMP CURV/NW RAMP CURV & UNIVERSITY BLVD,Collision with:  Animal,On Roadway,Non-collision (single vehicle),Animal,None Indicated,None apparent,Daylight,Dry,Clear,None apparent,Non-intersection:  Other non-intersection (explain in narrative),Paved,N/A,Property Damage Only,0,0,0,0,0,0,1500,1,1,Ramp,POINT (-93.639451269816 42.00355787812)
2011657627,201117594,11/16/2011,11-November,4-Wednesday,16:34,1600 Hours,District 6 (East Central),CEDAR RAPIDS,LINN,,33RD AVE SW & J ST SW,Collision with:  Vehicle in traffic,On Roadway,Rear-end (front to rear),Followed too close,None Indicated,None apparent,Dusk,Dry,Cloudy,None apparent,Non-intersection:  Non-junction/no special feature,Paved,N/A,Property Damage Only,0,0,0,0,0,0,5800,3,5,N/A,POINT (-91.66684260149 41.945017328739)
2011660483,11-10741,11/17/2011,11-November,5-Thursday,13:23,1300 Hours,District 3 (Northwest),CARROLL,CARROLL,,2ND ST,Collision with:  Parked motor vehicle,On Roadway,Broadside (front to side),Lost Control,None Indicated,None apparent,Daylight,Dry,Clear,None apparent,Non-intersection:  Non-junction/no special feature,Paved,N/A,Property Damage Only,0,0,0,0,0,0,2000,2,1,N/A,POINT (-94.869892596478 42.061795805936)
2011660996,01-11-60014,11/18/2011,11-November,6-Friday,07:00,0700 Hours,District 6 (East Central),DUBUQUE,DUBUQUE,,W 3RD ST & LOCUST ST S,Collision with:  Vehicle in traffic,On Roadway,Broadside (front to side),Ran Stop Sign,None Indicated,None apparent,Daylight,Dry,Clear,None apparent,Intersection:  Four-way intersection,Paved,N/A,Property Damage Only,0,0,0,0,0,0,2150,2,2,N/A,POINT (-90.666052104259 42.496463579946)
2011658440,S11-021138,11/18/2011,11-November,6-Friday,08:35,0800 Hours,District 4 (Southwest),TREYNOR,POTTAWATTAMIE,IA 92,IA 92/IOWA 92,Collision with:  Vehicle in traffic,On Roadway,Rear-end (front to rear),Crossed centerline (undivided),None Indicated,None apparent,Daylight,Dry,Cloudy,Work Zone (roadway-related),Non-intersection:  Non-junction/no special feature,Paved,Yes,Minor Injury,0,1,0,1,0,0,8000,2,3,Eastbound (EB),POINT (-95.684305119716 41.232777930699)
2011659462,2011064890,11/19/2011,11-November,7-Saturday,16:20,1600 Hours,District 3 (Northwest),SIOUX CITY,WOODBURY,IA 12,IA 12/IOWA 12,Non-collision events:  Overturn/rollover,On Roadway,Non-collision (single vehicle),Over correcting/over steering,None Indicated,Weather conditions,Daylight,Ice/frost,Clear,"Surface condition (e.g., wet, icy)",Non-intersection:  Other non-intersection (explain in narrative),Paved,N/A,Possible/Unknown,0,1,0,0,1,0,1501,1,2,No Travel Direction Consistent with Route,POINT (-96.325755846055 42.475475841193)
2011658104,201117769,11/19/2011,11-November,7-Saturday,13:06,1300 Hours,District 6 (East Central),CEDAR RAPIDS,LINN,IA 922,IA 922/1ST AVE W & 5TH ST SW,Collision with:  Vehicle in traffic,On Roadway,Rear-end (front to rear),Driver Distraction:  Manual operation of an electronic communication device,None Indicated,None apparent,Daylight,Dry,Cloudy,None apparent,Intersection:  Four-way intersection,Paved,N/A,Possible/Unknown,0,2,0,0,2,0,100,2,4,No Travel Direction Consistent with Route,POINT (-91.678207670657 41.974753024617)
2011658224,11-15925,11/20/2011,11-November,1-Sunday,19:48,1900 Hours,District 1 (Central),,STORY,US 30,US 30,Collision with:  Animal,N/A,N/A,Animal,None Indicated,N/A,N/A,N/A,N/A,N/A,N/A,Paved,N/A,Property Damage Only,0,0,0,0,0,0,1500,1,1,Westbound (WB),POINT (-93.687725806618 42.011168576215)
2011659554,PD1108740,11/21/2011,11-November,2-Monday,17:14,1700 Hours,District 5 (Southeast),FAIRFIELD,JEFFERSON,,W STONE AVE & N 23RD ST,Collision with:  Vehicle in traffic,On Roadway,Broadside (front to side),Other (explain in narrative):  Other,None Indicated,None apparent,Dusk,Dry,Cloudy,None apparent,Intersection:  Other intersection (explain in narrative),Paved,N/A,Property Damage Only,0,0,0,0,0,0,4000,2,2,N/A,POINT (-91.987517502292 41.013947255221)
2011659244,,11/21/2011,11-November,2-Monday,17:15,1700 Hours,District 6 (East Central),CEDAR RAPIDS,LINN,,15TH AVE SW & C ST SW,Collision with:  Vehicle in traffic,On Roadway,Broadside (front to side),Unknown,None Indicated,N/A,Dark - roadway lighted,Dry,Clear,N/A,Intersection:  T-intersection,Paved,N/A,Property Damage Only,0,0,0,0,0,0,4000,2,3,N/A,POINT (-91.662429401214 41.964528053942)
2011658652,201100039642,11/22/2011,11-November,3-Tuesday,02:30,0200 Hours,District 6 (East Central),,LINN,I-380,I-380,Collision with:  Animal,N/A,N/A,Animal,None Indicated,N/A,N/A,N/A,N/A,N/A,N/A,Paved,N/A,Property Damage Only,0,0,0,0,0,0,1500,1,1,Southbound (SB),POINT (-91.757534967944 42.158539870869)
2011658876,11-1942,11/22/2011,11-November,3-Tuesday,15:42,1500 Hours,District 1 (Central),,GREENE,,Co Rd E33/190TH & Co Rd P14/J AVE,Collision with:  Vehicle in traffic,On Roadway,Broadside (front to side),Ran Stop Sign,None Indicated,None apparent,Daylight,Dry,Clear,None apparent,Intersection:  Four-way intersection,Paved,N/A,Possible/Unknown,0,1,0,0,1,0,7000,2,2,N/A,POINT (-94.456309809251 42.078030782943)
2011659426,11-40988,11/23/2011,11-November,4-Wednesday,20:47,2000 Hours,District 3 (Northwest),SIOUX CITY,WOODBURY,,W 4TH ST & HAMILTON BLVD,Collision with:  Non-motorist (see non-motorist section - NOT a unit),On Roadway,Non-collision (single vehicle),Other (explain in narrative):  No improper action,None Indicated,None apparent,Dark - roadway lighted,Dry,Clear,None apparent,Intersection:  Other intersection (explain in narrative),Paved,N/A,Major Injury,0,1,1,0,0,0,1000,1,1,N/A,POINT (-96.420453535358 42.500275449997)
2011659969,11-005626,11/24/2011,11-November,5-Thursday,18:34,1800 Hours,District 1 (Central),ANKENY,POLK,,SE 10TH ST,Collision with:  Parked motor vehicle,On Roadway,Rear-end (front to rear),Improper Backing,None Indicated,None apparent,Dark - roadway not lighted,Dry,Clear,None apparent,Non-intersection:  Non-junction/no special feature,Paved,N/A,Property Damage Only,0,0,0,0,0,0,3000,2,1,N/A,POINT (-93.58336782773 41.720600719566)
2011659077,11-042485,11/25/2011,11-November,6-Friday,09:50,0900 Hours,District 4 (Southwest),COUNCIL BLUFFS,POTTAWATTAMIE,US 6,US 6/W BROADWAY & S 29TH ST & N 29TH ST,Collision with:  Vehicle in traffic,On Roadway,"Angle, oncoming left turn",Made improper turn,None Indicated,None apparent,Daylight,Dry,Cloudy,None apparent,Non-intersection:  Non-junction/no special feature,Paved,N/A,Property Damage Only,0,0,0,0,0,0,6000,2,2,Both East and West,POINT (-95.890785792361 41.261945610189)
2011664749,,11/26/2011,11-November,7-Saturday,11:18,1100 Hours,District 2 (Northeast),HAMPTON,FRANKLIN,,3RD AVE NW,Collision with:  Parked motor vehicle,Median,"Angle, oncoming left turn",Other (explain in narrative):  Other,None Indicated,None apparent,Daylight,Dry,"Blowing sand, soil, dirt",None apparent,N/A,Paved,N/A,Property Damage Only,0,0,0,0,0,0,5200,3,1,N/A,POINT (-93.209810585924 42.744518631854)
2011658887,11170212,11/26/2011,11-November,7-Saturday,13:58,1300 Hours,District 6 (East Central),HILLS,JOHNSON,,BRADY ST & EAST AVE,Collision with:  Vehicle in traffic,On Roadway,Broadside (front to side),FTYROW:  At uncontrolled intersection,None Indicated,None apparent,Daylight,Wet,Rain,None apparent,Intersection:  Four-way intersection,Paved,N/A,Property Damage Only,0,0,0,0,0,0,11000,2,2,N/A,POINT (-91.534294574209 41.553356282816)
2011659618,2011-5458,11/28/2011,11-November,2-Monday,12:32,1200 Hours,District 5 (Southeast),INDIANOLA,WARREN,IA 92,IA 92/E 2ND AVE & S 9TH ST,Collision with:  Vehicle in traffic,On Roadway,Broadside (front to side),Made improper turn,None Indicated,None apparent,Daylight,Dry,Clear,None apparent,Intersection:  T-intersection,Paved,N/A,Property Damage Only,0,0,0,0,0,0,6000,2,2,Westbound (WB),POINT (-93.547504880783 41.358060538522)
2011660647,,11/28/2011,11-November,2-Monday,07:37,0700 Hours,District 1 (Central),MONROE,JASPER,IA 14,IA 14/S MONROE ST/IOWA 14 & COUNTY LINE RD,Collision with:  Vehicle in traffic,N/A,N/A,Other (explain in narrative):  Other,None Indicated,N/A,N/A,N/A,N/A,N/A,N/A,Paved,N/A,Property Damage Only,0,0,0,0,0,0,3000,2,2,Southbound (SB),POINT (-93.101027984456 41.508294523562)
2011670775,11-005685,11/29/2011,11-November,3-Tuesday,08:55,0800 Hours,District 1 (Central),ANKENY,POLK,US 69,US 69/S ANKENY BLVD & SW SOUTHLAWN DR & SE EAST LAWN DR,Collision with:  Vehicle in traffic,On Roadway,Rear-end (front to rear),Other (explain in narrative):  Other,None Indicated,None apparent,Daylight,Dry,Clear,None apparent,Non-intersection:  Non-junction/no special feature,Paved,N/A,Minor Injury,0,1,0,1,0,0,12000,2,2,Northbound (NB),POINT (-93.600408832602 41.725070509535)
2011660817,2011-259268,11/30/2011,11-November,4-Wednesday,15:30,1500 Hours,District 6 (East Central),DAVENPORT,SCOTT,I-74,I-74,Collision with:  Vehicle in traffic,On Roadway,Rear-end (front to rear),Followed too close,None Indicated,None apparent,Daylight,Dry,Cloudy,None apparent,Interchange-related:  Off-ramp,Paved,N/A,Property Damage Only,0,0,0,0,0,0,1500,2,3,Ramp,POINT (-90.520253636045 41.574797656022)
2011660554,11050809,12/01/2011,12-December,5-Thursday,14:53,1400 Hours,District 5 (Southeast),MUSCATINE,MUSCATINE,,E 7TH ST & SPRING ST,Collision with:  Vehicle in traffic,On Roadway,Broadside (front to side),Ran Stop Sign,None Indicated,None apparent,Daylight,Dry,Clear,None apparent,Intersection:  Four-way intersection,Paved,N/A,Property Damage Only,0,0,0,0,0,0,4000,2,3,N/A,POINT (-91.042172549669 41.429426138347)
2011665592,,12/01/2011,12-December,5-Thursday,18:49,1800 Hours,District 1 (Central),DES MOINES,POLK,US 69,US 69/SE 14TH ST & INDIANOLA AVE,Collision with:  Vehicle in traffic,On Roadway,Rear-end (front to rear),Other (explain in narrative):  Other,None Indicated,None apparent,Dark - roadway lighted,Wet,Cloudy,None apparent,Intersection:  Four-way intersection,Paved,N/A,Property Damage Only,0,0,0,0,0,0,2000,2,2,Southbound (SB),POINT (-93.578594523242 41.51238702502)
2011662039,198-2011,12/02/2011,12-December,6-Friday,22:30,2200 Hours,District 4 (Southwest),,HARRISON,,Co Rd L20/LOESS HILLS TRL,Collision with fixed object:  Bridge overhead structure,Unknown,Non-collision (single vehicle),Other (explain in narrative):  Other,None Indicated,None apparent,Dark - roadway not lighted,Wet,Rain,None apparent,Non-intersection:  Other non-intersection (explain in narrative),Paved,N/A,Property Damage Only,0,0,0,0,0,0,10000,1,2,N/A,POINT (-95.885279583267 41.522650391019)
2011660965,1124360,12/02/2011,12-December,6-Friday,17:22,1700 Hours,District 2 (Northeast),MASON CITY,CERRO GORDO,IA 122,IA 122/4TH ST SW,Collision with:  Vehicle in traffic,On Roadway,Rear-end (front to rear),Followed too close,None Indicated,None apparent,Dark - roadway not lighted,Dry,Clear,None apparent,Non-intersection:  Non-junction/no special feature,Paved,N/A,Possible/Unknown,0,1,0,0,1,0,3000,3,6,Eastbound (EB),POINT (-93.231195924448 43.148359326678)
2011660879,2011067406,12/03/2011,12-December,7-Saturday,14:15,1400 Hours,District 2 (Northeast),,FLOYD,,Co Rd B30/RUDD PARK RD,Collision with:  Vehicle in traffic,On Roadway,Head-on (front to front),Crossed centerline (undivided),None Indicated,Weather conditions,Daylight,Snow,Snow,"Surface condition (e.g., wet, icy)",Non-intersection:  Non-junction/no special feature,Paved,N/A,Minor Injury,0,2,0,1,1,0,15000,2,3,N/A,POINT (-92.916999692766 43.138531379998)
2011666604,2011-1203-JJ,12/03/2011,12-December,7-Saturday,18:47,1800 Hours,District 3 (Northwest),,DICKINSON,,Co Rd A34/220TH ST,Collision with:  Vehicle in traffic,On Roadway,Head-on (front to front),Crossed centerline (undivided),None Indicated,None apparent,Dark - roadway not lighted,Ice/frost,Snow,"Surface condition (e.g., wet, icy)",Non-intersection:  Non-junction/no special feature,Paved,N/A,Possible/Unknown,0,2,0,0,2,0,10300,2,9,N/A,POINT (-95.064693813906 43.328011649846)
2011660233,20110039537,12/03/2011,12-December,7-Saturday,21:21,2100 Hours,District 1 (Central),DES MOINES,POLK,I-235,I-235 & DAY ST & 7TH ST,Collision with:  Vehicle in traffic,On Roadway,Broadside (front to side),Unknown,None Indicated,None apparent,Dark - roadway lighted,Wet,Cloudy,None apparent,Intersection:  Four-way intersection,Paved,N/A,Property Damage Only,0,0,0,0,0,0,11400,2,2,Ramp,POINT (-93.626883423745 41.596262161157)
2011665586,,12/04/2011,12-December,1-Sunday,17:53,1700 Hours,District 1 (Central),DES MOINES,POLK,IA 163,IA 163/E UNIVERSITY AVE & E 30TH ST,Collision with:  Vehicle in traffic,On Roadway,"Angle, oncoming left turn",FTYROW:  Making left turn,None Indicated,None apparent,Dark - roadway lighted,Dry,Clear,None apparent,Intersection:  Four-way intersection,Paved,N/A,Minor Injury,0,1,0,1,0,0,2000,2,6,Both East and West,POINT (-93.558393313337 41.600524361579)
2011660577,11-2824,12/04/2011,12-December,1-Sunday,15:19,1500 Hours,District 1 (Central),URBANDALE,POLK,I-35,I-35,Collision with:  Vehicle in traffic,On Roadway,"Sideswipe, same direction",Crossed centerline (undivided),None Indicated,None apparent,Daylight,Dry,Cloudy,None apparent,Intersection:  Intersection with ramp,Paved,N/A,Property Damage Only,0,0,0,0,0,0,3500,2,2,No Travel Direction Consistent with Route,POINT (-93.730888371778 41.652330135583)
2011665853,11-124597,12/05/2011,12-December,2-Monday,14:00,1400 Hours,District 2 (Northeast),,BLACK HAWK,,Co Rd C57/E CEDAR-WAPSI RD,Collision with:  Animal,N/A,N/A,Animal,None Indicated,N/A,N/A,N/A,N/A,N/A,N/A,Paved,N/A,Property Damage Only,0,0,0,0,0,0,5500,1,1,N/A,POINT (-92.142332755598 42.613350886089)
2011661543,11-037787,12/06/2011,12-December,3-Tuesday,18:20,1800 Hours,District 5 (Southeast),,LEE,US 61,US 61/US 61 SW RAMP,Collision with:  Animal,N/A,N/A,Animal,None Indicated,N/A,N/A,N/A,N/A,N/A,N/A,Paved,N/A,Property Damage Only,0,0,0,0,0,0,5000,1,1,Ramp,POINT (-91.329639939472 40.670095883751)
2011660784,11-043890,12/06/2011,12-December,3-Tuesday,17:30,1700 Hours,District 4 (Southwest),COUNCIL BLUFFS,POTTAWATTAMIE,,S EXPRESSWAY,Collision with:  Vehicle in traffic,On Roadway,Rear-end (front to rear),Followed too close,None Indicated,None apparent,Dark - roadway lighted,Dry,Clear,None apparent,Intersection:  Four-way intersection,Paved,N/A,Property Damage Only,0,0,0,0,0,0,3500,2,3,N/A,POINT (-95.850725018608 41.224262908883)
2011661399,,12/06/2011,12-December,3-Tuesday,10:21,1000 Hours,District 6 (East Central),,CEDAR,,Co Rd E63/120TH/122ND & Co Rd Y24/HOOVER HWY,Collision with:  Vehicle in traffic,On Roadway,Broadside (front to side),Ran Stop Sign,None Indicated,Weather conditions,Daylight,Snow,Snow,None apparent,Intersection:  Four-way intersection,Paved,N/A,Property Damage Only,0,0,0,0,0,0,10000,2,3,N/A,POINT (-90.922836563084 41.914853866619)
2011662865,2011068044,12/06/2011,12-December,3-Tuesday,21:21,2100 Hours,District 6 (East Central),,LINN,,IRISH LN,Non-collision events:  Overturn/rollover,On Roadway,Non-collision (single vehicle),Ran off road - left,None Indicated,None apparent,Dark - roadway not lighted,Ice/frost,Cloudy,"Surface condition (e.g., wet, icy)",Non-intersection:  Non-junction/no special feature,Unpaved,N/A,Property Damage Only,0,0,0,0,0,0,2500,1,1,N/A,POINT (-91.453319636031 41.931684424565)
2011660746,11-8867,12/07/2011,12-December,4-Wednesday,01:20,0100 Hours,District 1 (Central),,POLK,US 69,US 69/NE 14TH ST,Collision with fixed object:  Traffic sign support,Roadside,Non-collision (single vehicle),"Operating vehicle in an reckless, erratic, careless, negligent manner",Alcohol (Statutory),None apparent,Dark - roadway not lighted,Dry,Clear,None apparent,Non-intersection:  Non-junction/no special feature,Paved,N/A,Minor Injury,0,1,0,1,0,0,6200,1,1,Southbound (SB),POINT (-93.600786645618 41.668801264357)
2011662087,11-001546,12/08/2011,12-December,5-Thursday,20:19,2000 Hours,District 1 (Central),JOHNSTON,POLK,,NW 62ND AVE & NW 86TH ST,Collision with:  Vehicle in traffic,On Roadway,Broadside (front to side),Driving too fast for conditions,None Indicated,Weather conditions,Dark - roadway lighted,Snow,Snow,None apparent,Non-intersection:  Non-junction/no special feature,Paved,N/A,Property Damage Only,0,0,0,0,0,0,5700,2,3,N/A,POINT (-93.736479803212 41.672974770192)
2011661411,,12/08/2011,12-December,5-Thursday,08:15,0800 Hours,District 6 (East Central),CEDAR RAPIDS,LINN,IA 100,IA 100 & EDGEWOOD RD NE & BUFFALO RD NE,Collision with:  Vehicle in traffic,On Roadway,Rear-end (front to rear),Unknown,None Indicated,N/A,Daylight,Dry,Cloudy,N/A,Non-intersection:  Other non-intersection (explain in narrative),Paved,N/A,Minor Injury,0,1,0,1,0,0,0,2,2,Ramp,POINT (-91.701715749196 42.029564188519)
2011663523,11-009856,12/08/2011,12-December,5-Thursday,19:59,1900 Hours,District 4 (Southwest),PERRY,DALLAS,IA 141,IA 141/IOWA 141,Collision with:  Vehicle in traffic,On Roadway,Broadside (front to side),FTYROW:  Making left turn,None Indicated,Weather conditions,Dark - roadway lighted,Snow,Snow,None apparent,Non-intersection:  Driveway access (within),Paved,N/A,Property Damage Only,0,0,0,0,0,0,12000,2,3,Westbound (WB),POINT (-94.104328720398 41.830378084959)
2011661641,20110040232,12/09/2011,12-December,6-Friday,21:06,2100 Hours,District 1 (Central),DES MOINES,POLK,,GUTHRIE AVE & YORK ST,Collision with:  Vehicle in traffic,On Roadway,Broadside (front to side),Driver Distraction:  Manual operation of an electronic communication device,None Indicated,None apparent,Dark - roadway lighted,Ice/frost,Cloudy,"Surface condition (e.g., wet, icy)",Non-intersection:  Non-junction/no special feature,Paved,N/A,Property Damage Only,0,0,0,0,0,0,3000,2,2,N/A,POINT (-93.601775306895 41.614987246069)
2011663724,2011068617,12/09/2011,12-December,6-Friday,08:03,0800 Hours,District 4 (Southwest),,HARRISON,I-29,I-29,Collision with fixed object:  Guardrail - face,Shoulder,Non-collision (single vehicle),Swerving/Evasive Action,None Indicated,Weather conditions,Daylight,Ice/frost,Snow,"Surface condition (e.g., wet, icy)",Non-intersection:  Other non-intersection (explain in narrative),Paved,N/A,Property Damage Only,0,0,0,0,0,0,7000,1,3,Northbound (NB),POINT (-96.072743624661 41.821001950192)
2011662077,20110040310,12/10/2011,12-December,7-Saturday,18:08,1800 Hours,District 1 (Central),DES MOINES,POLK,US 69,US 69/SE 14TH ST & MAURY ST,Collision with:  Vehicle in traffic,On Roadway,Rear-end (front to rear),Followed too close,None Indicated,None apparent,Dark - roadway lighted,Wet,Clear,"Surface condition (e.g., wet, icy)",Intersection:  Four-way intersection,Paved,N/A,Property Damage Only,0,0,0,0,0,0,5000,2,6,Southbound (SB),POINT (-93.596867424919 41.581253692923)
2011662417,11-42698,12/10/2011,12-December,7-Saturday,12:07,1200 Hours,District 3 (Northwest),SIOUX CITY,WOODBURY,IA 12,IA 12/SIOUX RIVER RD,Collision with:  Animal,On Roadway,Non-collision (single vehicle),Animal,None Indicated,None apparent,Daylight,Dry,Clear,None apparent,Non-intersection:  Non-junction/no special feature,Paved,N/A,Property Damage Only,0,0,0,0,0,0,2000,1,2,Southbound (SB),POINT (-96.475078252302 42.527264199904)
2011667062,2011-1850,12/11/2011,12-December,1-Sunday,07:18,0700 Hours,District 5 (Southeast),,WARREN,,HWY S23,Collision with fixed object:  Mailbox,Shoulder,Non-collision (single vehicle),Ran off road - straight,None Indicated,Weather conditions,Dawn,Ice/frost,"Fog, smoke, smog","Surface condition (e.g., wet, icy)",Non-intersection:  Non-junction/no special feature,Paved,N/A,Possible/Unknown,0,1,0,0,0,1,1550,1,2,N/A,POINT (-93.491241073022 41.357746976461)