Iowa DOT Case Number,Law Enforcement Case Number,Date of Crash,Month of Crash,Day of Week,Time of Crash,Hour,DOT District,City Name,County Name,Route with System,Location Description,First Harmful Event,Location of First Harmful Event,Manner of Crash/Collision,Major Cause,Drug or Alcohol ,Environmental Conditions,Light Conditions,Surface Conditions,Weather Conditions,Roadway Contribution,Roadway Type,Roadway Surface,Work Zone,Crash Severity,Number of Fatalities,Number of Injuries,Number of Major Injuries,Number of Minor Injuries,Number of Possible Injuries,Number of Unknown Injuries,Amount of Property Damage,Number of Vehicles Involved,Total Number of Occupants,Travel Direction,Location
2011663932,11-005902,12/12/2011,12-December,2-Monday,17:10,1700 Hours,District 1 (Central),ANKENY,POLK,,SE 3RD ST,Collision with:  Non-motorist (see non-motorist section - NOT a unit),On Roadway,Non-collision (single vehicle),Unknown,None Indicated,Non-motorist action,Dark - roadway lighted,Dry,Cloudy,None apparent,Non-intersection:  Non-junction/no special feature,Paved,N/A,Major Injury,0,1,1,0,0,0,1500,1,2,N/A,POINT (-93.581369513298 41.729644914625)
2011664324,A11-101,12/12/2011,12-December,2-Monday,14:44,1400 Hours,District 4 (Southwest),WINTERSET,MADISON,,N 1ST AVE,Collision with:  Vehicle in traffic,On Roadway,Rear-end (front to rear),Followed too close,None Indicated,None apparent,Daylight,Dry,Cloudy,None apparent,Non-intersection:  Non-junction/no special feature,Paved,N/A,Possible/Unknown,0,1,0,0,1,0,200,2,4,N/A,POINT (-94.014551202676 41.336083080685)
2011662612,11-42996,12/13/2011,12-December,3-Tuesday,14:06,1400 Hours,District 3 (Northwest),SIOUX CITY,WOODBURY,I-29,I-29,Collision with:  Vehicle in traffic,On Roadway,Rear-end (front to rear),Other (explain in narrative):  Other,None Indicated,None apparent,Daylight,Wet,Cloudy,None apparent,Interchange-related:  On-ramp merge area,Paved,N/A,Property Damage Only,0,0,0,0,0,0,2000,2,5,Southbound (SB),POINT (-96.403501952831 42.488831760932)
2011662763,20110040733,12/14/2011,12-December,4-Wednesday,09:50,0900 Hours,District 1 (Central),DES MOINES,POLK,,2ND AVE,Collision with:  Vehicle in traffic,On Roadway,"Sideswipe, same direction",Made improper turn,None Indicated,None apparent,Daylight,Wet,Rain,None apparent,Non-intersection:  Other non-intersection (explain in narrative),Paved,N/A,Property Damage Only,0,0,0,0,0,0,2000,2,2,N/A,POINT (-93.619772403614 41.595472049532)
2011664051,,12/15/2011,12-December,5-Thursday,12:41,1200 Hours,District 6 (East Central),IOWA CITY,JOHNSON,IA 1,IA 1/IOWA 1 & NAPLES AVE,Collision with:  Vehicle in traffic,On Roadway,Rear-end (front to rear),Followed too close,None Indicated,None apparent,Daylight,Dry,Cloudy,None apparent,Intersection:  Four-way intersection,Paved,N/A,Property Damage Only,0,0,0,0,0,0,4000,2,2,Northbound (NB),POINT (-91.570807171856 41.631636205616)
2011664061,11128364,12/16/2011,12-December,6-Friday,14:43,1400 Hours,District 2 (Northeast),CEDAR FALLS,BLACK HAWK,IA 27,IA 27/IOWA 58,Collision with:  Vehicle in traffic,On Roadway,"Sideswipe, same direction",Other (explain in narrative):  Other,None Indicated,None apparent,Daylight,Dry,Clear,None apparent,Intersection:  Four-way intersection,Paved,N/A,Property Damage Only,0,0,0,0,0,0,1500,2,2,Northbound (NB),POINT (-92.452817136421 42.498548956438)
2011667254,,12/16/2011,12-December,6-Friday,13:00,1300 Hours,District 2 (Northeast),WATERLOO,BLACK HAWK,,WILLISTON AVE & HAMMOND AVE,Collision with:  Vehicle in traffic,On Roadway,Broadside (front to side),Unknown,None Indicated,N/A,Daylight,Dry,Clear,N/A,Intersection:  Four-way intersection,Paved,N/A,Possible/Unknown,0,1,0,0,1,0,847,2,3,N/A,POINT (-92.337635559492 42.483892032964)
2011666234,111712AH01,12/17/2011,12-December,7-Saturday,20:54,2000 Hours,District 3 (Northwest),ORANGE CITY,SIOUX,,MICHIGAN AVE SW,Collision with:  Vehicle in traffic,On Roadway,Rear-end (front to rear),Followed too close,None Indicated,None apparent,Dark - roadway lighted,Dry,Cloudy,None apparent,Non-intersection:  Non-junction/no special feature,Paved,N/A,Property Damage Only,0,0,0,0,0,0,6000,3,8,N/A,POINT (-96.071680786346 42.99979938627)
2011663122,11-6279,12/17/2011,12-December,7-Saturday,01:28,0100 Hours,District 1 (Central),WEST DES MOINES,POLK,I-35,I-35,Collision with fixed object:  Ditch,Median,Non-collision (single vehicle),Driving too fast for conditions,Under Influence of Alcohol/Drugs/Medications,None apparent,Dark - roadway lighted,Dry,Clear,None apparent,Interchange-related:  Off-ramp,Paved,N/A,Possible/Unknown,0,2,0,0,2,0,10000,1,2,Ramp,POINT (-93.771754635606 41.591769044679)
2011702010,,12/18/2011,12-December,1-Sunday,22:20,2200 Hours,District 2 (Northeast),,WORTH,,Co Rd A38/410TH ST,Collision with fixed object:  Traffic sign support,Outside trafficway,Non-collision (single vehicle),Crossed centerline (undivided),None Indicated,None apparent,Dark - roadway not lighted,Ice/frost,Clear,"Surface condition (e.g., wet, icy)",Non-intersection:  Non-junction/no special feature,Paved,N/A,Property Damage Only,0,0,0,0,0,0,1500,1,1,N/A,POINT (-93.308167253359 43.357734888905)
2011663488,W11-129352,12/19/2011,12-December,2-Monday,07:05,0700 Hours,District 2 (Northeast),WATERLOO,BLACK HAWK,,MARTIN LUTHER KING JR DR,Non-collision events:  Overturn/rollover,On Roadway,Non-collision (single vehicle),Ran off road - left,None Indicated,None apparent,Dark - roadway lighted,Ice/frost,Cloudy,"Surface condition (e.g., wet, icy)",Non-intersection:  Non-junction/no special feature,Paved,N/A,Major Injury,0,1,1,0,0,0,11000,1,2,N/A,POINT (-92.314059042354 42.503602205877)
2011666614,L11191303,12/19/2011,12-December,2-Monday,13:03,1300 Hours,District 2 (Northeast),SHEFFIELD,FRANKLIN,,GILMAN ST & 1ST ST,Collision with:  Vehicle in traffic,On Roadway,"Sideswipe, same direction",Ran Stop Sign,None Indicated,None apparent,Daylight,Dry,Cloudy,None apparent,Intersection:  Four-way intersection,Paved,N/A,Property Damage Only,0,0,0,0,0,0,3000,2,3,N/A,POINT (-93.212824825345 42.893263801166)
2011663434,1219181411,12/19/2011,12-December,2-Monday,18:14,1800 Hours,District 5 (Southeast),WASHINGTON,WASHINGTON,IA 92,IA 92/E WASHINGTON ST,Collision with:  Non-motorist (see non-motorist section - NOT a unit),On Roadway,Non-collision (single vehicle),Other (explain in narrative):  Vision obstructed,None Indicated,None apparent,Dark - roadway lighted,Dry,Clear,None apparent,Intersection:  T-intersection,Paved,N/A,Possible/Unknown,0,1,0,0,1,0,0,1,2,Westbound (WB),POINT (-91.674834765361 41.298147874589)
2011664119,201119370,12/20/2011,12-December,3-Tuesday,14:45,1400 Hours,District 6 (East Central),CEDAR RAPIDS,LINN,,4TH AVE SE & 7TH ST SE,Collision with:  Vehicle in traffic,On Roadway,Broadside (front to side),Ran Stop Sign,None Indicated,None apparent,Daylight,Wet,Snow,None apparent,Intersection:  Four-way intersection,Paved,N/A,Possible/Unknown,0,1,0,0,1,0,14000,3,3,N/A,POINT (-91.66053857746 41.979321611894)
2011664038,2011070760,12/21/2011,12-December,4-Wednesday,10:40,1000 Hours,District 2 (Northeast),,CERRO GORDO,I-35,I-35,Collision with:  Vehicle in traffic,On Roadway,Rear-end (front to rear),Lost Control,None Indicated,None apparent,Daylight,Dry,Clear,None apparent,Non-intersection:  Non-junction/no special feature,Paved,N/A,Property Damage Only,0,0,0,0,0,0,3700,2,2,Northbound (NB),POINT (-93.356375938484 43.179347674004)
2011664946,11025532,12/22/2011,12-December,5-Thursday,00:52,0000 Hours,District 2 (Northeast),MASON CITY,CERRO GORDO,,13TH ST NW & N WASHINGTON AVE,Collision with:  Parked motor vehicle,On Roadway,Unknown,Unknown,None Indicated,Weather conditions,Dark - roadway not lighted,Snow,Snow,"Surface condition (e.g., wet, icy)",Non-intersection:  Non-junction/no special feature,Paved,N/A,Property Damage Only,0,0,0,0,0,0,2000,2,1,N/A,POINT (-93.202295996753 43.163605237634)
2011664121,201119496,12/22/2011,12-December,5-Thursday,18:45,1800 Hours,District 6 (East Central),CEDAR RAPIDS,LINN,US 30,US 30/SE RAMP/SE LOOP & C STREET RD SW & C ST RD SW,Collision with:  Vehicle in traffic,On Roadway,Rear-end (front to rear),Lost Control,None Indicated,None apparent,Dark - roadway lighted,Dry,Cloudy,None apparent,Non-intersection:  Other non-intersection (explain in narrative),Paved,N/A,Minor Injury,0,2,0,2,0,0,15000,2,2,Ramp,POINT (-91.637387843665 41.924929252749)
2011664401,20110041759,12/23/2011,12-December,6-Friday,14:40,1400 Hours,District 1 (Central),DES MOINES,POLK,,E ARMY POST RD,Collision with:  Vehicle in traffic,On Roadway,"Sideswipe, same direction",Unknown,None Indicated,None apparent,Daylight,Dry,Clear,None apparent,Non-intersection:  Non-junction/no special feature,Paved,N/A,Property Damage Only,0,0,0,0,0,0,1500,2,3,N/A,POINT (-93.600725202424 41.526316036462)
2011664630,S201102599,12/24/2011,12-December,7-Saturday,11:13,1100 Hours,District 3 (Northwest),,PALO ALTO,US 18,US 18/360 ST,Collision with:  Vehicle in traffic,On Roadway,Head-on (front to front),Ran off road - right,None Indicated,None apparent,Daylight,Dry,Clear,None apparent,Non-intersection:  Other non-intersection (explain in narrative),Paved,N/A,Minor Injury,0,2,0,2,0,0,8500,2,4,Both East and West,POINT (-94.70491631594 43.126443374635)
2011664792,W11-131618,12/25/2011,12-December,1-Sunday,22:45,2200 Hours,District 2 (Northeast),WATERLOO,BLACK HAWK,US 63,US 63/UNIVERSITY AVE & IA 934,Collision with:  Vehicle in traffic,On Roadway,"Sideswipe, opposite direction","Operating vehicle in an reckless, erratic, careless, negligent manner",Alcohol (Statutory),None apparent,Dark - roadway lighted,Dry,Clear,None apparent,Intersection:  Four-way intersection,Paved,N/A,Property Damage Only,0,0,0,0,0,0,4500,2,5,Both North and South,POINT (-92.354376722331 42.49582124219)
2011664409,11-6428,12/26/2011,12-December,2-Monday,14:21,1400 Hours,District 4 (Southwest),WEST DES MOINES,DALLAS,,JORDAN CREEK PKWY,Collision with:  Vehicle in traffic,On Roadway,Rear-end (front to rear),Driver Distraction:  Passenger,None Indicated,None apparent,Daylight,Dry,Cloudy,None apparent,Intersection:  Four-way intersection,Paved,N/A,Possible/Unknown,0,3,0,0,3,0,25000,5,11,N/A,POINT (-93.809130492703 41.584198217774)
2011670267,,12/27/2011,12-December,3-Tuesday,18:50,1800 Hours,District 2 (Northeast),,WINNESHIEK,,Co Rd A46/CO RD A46,Collision with:  Animal,On Roadway,Non-collision (single vehicle),Animal,None Indicated,Animal in roadway,Dark - roadway not lighted,Dry,Clear,None apparent,Non-intersection:  Non-junction/no special feature,Paved,N/A,Property Damage Only,0,0,0,0,0,0,4500,1,3,N/A,POINT (-92.052127306975 43.2990605306)
2011667026,20110042152,12/28/2011,12-December,4-Wednesday,02:30,0200 Hours,District 1 (Central),DES MOINES,POLK,,GREENWOOD DR & TONAWANDA DR SB,Non-collision events:  Other non-collision (explain in narrative),Outside trafficway,Non-collision (single vehicle),Ran off road - right,None Indicated,None apparent,Dark - roadway lighted,Dry,Clear,None apparent,Non-intersection:  Non-junction/no special feature,Paved,N/A,Minor Injury,0,1,0,1,0,0,10000,1,1,N/A,POINT (-93.670837472876 41.581332287771)
2011665348,,12/29/2011,12-December,5-Thursday,18:30,1800 Hours,District 2 (Northeast),,HUMBOLDT,,Co Rd C26/170TH ST,Non-collision events:  Overturn/rollover,Outside trafficway,Non-collision (single vehicle),Swerving/Evasive Action,Under Influence of Alcohol/Drugs/Medications,None apparent,Dark - roadway not lighted,Dry,Cloudy,None apparent,Non-intersection:  Non-junction/no special feature,Paved,N/A,Minor Injury,0,1,0,1,0,0,9000,1,1,N/A,POINT (-94.276225797708 42.803860583515)
2011666518,2011072221,12/30/2011,12-December,6-Friday,07:15,0700 Hours,District 2 (Northeast),,HOWARD,IA 9,IA 9/IOWA 9 & CHERRY ST,Collision with fixed object:  Ditch,On Roadway,Non-collision (single vehicle),Swerving/Evasive Action,None Indicated,Weather conditions,Dawn,Ice/frost,"Sleet, hail","Surface condition (e.g., wet, icy)",Non-intersection:  Non-junction/no special feature,Paved,N/A,Minor Injury,0,2,0,1,0,1,21000,2,2,Westbound (WB),POINT (-92.408327201283 43.371197873179)
2011665168,1100001195,12/31/2011,12-December,7-Saturday,19:25,1900 Hours,District 1 (Central),,MARSHALL,IA 330,IA 330/160TH ST,Collision with:  Animal,N/A,N/A,Animal,None Indicated,N/A,N/A,N/A,N/A,N/A,N/A,Paved,N/A,Property Damage Only,0,0,0,0,0,0,1700,1,1,Eastbound (EB),POINT (-92.93285564746 42.12316119938)
2012665906,2012-0001,01/01/2012,01-January,1-Sunday,00:53,0000 Hours,District 2 (Northeast),,HANCOCK,US 69,US 69,Collision with:  Vehicle in traffic,On Roadway,"Sideswipe, opposite direction",Crossed centerline (undivided),Alcohol (Statutory),None apparent,Dark - roadway not lighted,Other (explain in narrative),Severe winds,None apparent,Non-intersection:  Non-junction/no special feature,Paved,N/A,Property Damage Only,0,0,0,0,0,0,1500,2,3,Both North and South,POINT (-93.636174553988 43.198943990756)
2012665287,12-0003,01/02/2012,01-January,2-Monday,14:45,1400 Hours,District 1 (Central),,WEBSTER,,380TH ST,Non-collision events:  Overturn/rollover,On Roadway,Non-collision (single vehicle),Swerving/Evasive Action,None Indicated,None apparent,Daylight,"Mud, dirt",Clear,None apparent,Non-intersection:  Non-junction/no special feature,Unpaved,N/A,Property Damage Only,0,0,0,0,0,0,10000,1,1,N/A,POINT (-94.095414986105 42.238959526692)
2012666128,A12001,01/03/2012,01-January,3-Tuesday,11:27,1100 Hours,District 5 (Southeast),KNOXVILLE,MARION,IA 14,IA 14/LINCOLN ST & W ROBINSON ST,Collision with:  Vehicle in traffic,On Roadway,Broadside (front to side),Ran Traffic Signal,None Indicated,None apparent,Daylight,Dry,Cloudy,None apparent,Intersection:  Four-way intersection,Paved,N/A,Property Damage Only,0,0,0,0,0,0,3500,2,3,Southbound (SB),POINT (-93.109527272997 41.317983418236)
2012667759,12-0017,01/04/2012,01-January,4-Wednesday,07:00,0700 Hours,District 1 (Central),,GREENE,IA 25,IA 25/E AVE,Collision with fixed object:  Ditch,N/A,N/A,Swerving/Evasive Action,None Indicated,N/A,N/A,N/A,N/A,N/A,N/A,Paved,N/A,Property Damage Only,0,0,0,0,0,0,2000,1,1,Northbound (NB),POINT (-94.551393989879 41.991765373736)
2012665401,12000095,01/04/2012,01-January,4-Wednesday,07:57,0700 Hours,District 6 (East Central),MANCHESTER,DELAWARE,,CLARA AVE & NEW ST,Collision with:  Vehicle in traffic,On Roadway,Broadside (front to side),FTYROW:  From stop sign,None Indicated,None apparent,Daylight,Dry,Clear,None apparent,Intersection:  Four-way intersection,Paved,N/A,Property Damage Only,0,0,0,0,0,0,2500,2,4,N/A,POINT (-91.453874881138 42.491847674748)
2012666812,C12000041,01/05/2012,01-January,5-Thursday,12:05,1200 Hours,District 6 (East Central),CORALVILLE,JOHNSON,US 6,US 6/2ND ST,Collision with:  Vehicle in traffic,On Roadway,"Sideswipe, same direction",FTYROW:  Other (explain in narrative),None Indicated,None apparent,Daylight,Dry,Clear,None apparent,Non-intersection:  Non-junction/no special feature,Paved,N/A,Property Damage Only,0,0,0,0,0,0,2500,2,3,Westbound (WB),POINT (-91.567743210032 41.669697181836)
2012666438,1200000017,01/06/2012,01-January,6-Friday,22:15,2200 Hours,District 1 (Central),,MARSHALL,,182ND ST,Collision with:  Vehicle in traffic,On Roadway,Head-on (front to front),Lost Control,None Indicated,None apparent,Dark - roadway not lighted,"Mud, dirt",Clear,None apparent,Non-intersection:  Driveway access (within),Unpaved,N/A,Property Damage Only,0,0,0,0,0,0,4700,2,3,N/A,POINT (-92.910292567988 42.088957105715)
2012666103,C12000063,01/07/2012,01-January,7-Saturday,21:56,2100 Hours,District 6 (East Central),CORALVILLE,JOHNSON,,CAMP CARDINAL BLVD,Collision with:  Animal,On Roadway,Non-collision (single vehicle),Animal,None Indicated,None apparent,Dark - roadway not lighted,Dry,Clear,None apparent,Non-intersection:  Non-junction/no special feature,Paved,N/A,Property Damage Only,0,0,0,0,0,0,1500,1,1,N/A,POINT (-91.599253991185 41.675129446959)
2012668211,S201200045,01/08/2012,01-January,1-Sunday,02:19,0200 Hours,District 3 (Northwest),RUTHVEN,PALO ALTO,,CENTER ST,Collision with:  Vehicle in traffic,On Roadway,Rear-end (front to rear),Exceeded authorized speed,Alcohol (Statutory),None apparent,Dark - roadway not lighted,Dry,Clear,None apparent,Non-intersection:  Non-junction/no special feature,Paved,N/A,Minor Injury,0,1,0,1,0,0,20000,2,4,N/A,POINT (-94.899129125807 43.13200120138)
2012668171,12-000269,01/09/2012,01-January,2-Monday,20:31,2000 Hours,District 2 (Northeast),,FAYETTE,US 18,US 18/HARDING RD,Collision with:  Animal,N/A,N/A,Animal,None Indicated,N/A,N/A,N/A,N/A,N/A,N/A,Paved,N/A,Property Damage Only,0,0,0,0,0,0,5000,1,1,Eastbound (EB),POINT (-91.723756234582 42.987636203867)
2012666886,12-672,01/10/2012,01-January,3-Tuesday,13:58,1300 Hours,District 1 (Central),AMES,STORY,,LINCOLN WAY & STATE AVE,Collision with:  Vehicle in traffic,On Roadway,Rear-end (front to rear),Driving too fast for conditions,None Indicated,None apparent,Daylight,Dry,Clear,None apparent,Intersection:  T-intersection,Paved,N/A,Property Damage Only,0,0,0,0,0,0,1700,2,3,N/A,POINT (-93.659150829003 42.022729544302)
2012668128,,01/11/2012,01-January,4-Wednesday,16:45,1600 Hours,District 1 (Central),DES MOINES,POLK,US 6,US 6/EUCLID AVE/E EUCLID AVE & IA 415/2ND AVE,Collision with:  Vehicle in traffic,On Roadway,Rear-end (front to rear),Followed too close,None Indicated,None apparent,Dusk,Dry,Cloudy,None apparent,Intersection:  Four-way intersection,Paved,N/A,Property Damage Only,0,0,0,0,0,0,3000,2,3,No Travel Direction Consistent with Route,POINT (-93.619912891254 41.627699109396)
2012667973,12-275,01/11/2012,01-January,4-Wednesday,12:50,1200 Hours,District 1 (Central),ANKENY,POLK,,Co Rd F38/NE 78 AVE & NE 29 ST & SE FOUR MILE DR,Collision with:  Vehicle in traffic,On Roadway,Broadside (front to side),Ran Stop Sign,None Indicated,None apparent,Daylight,Dry,Cloudy,None apparent,Intersection:  Four-way intersection,Paved,N/A,Property Damage Only,0,0,0,0,0,0,5500,2,2,N/A,POINT (-93.5608642329 41.702851737972)
2012667742,01-12-1979,01/12/2012,01-January,5-Thursday,13:48,1300 Hours,District 6 (East Central),DUBUQUE,DUBUQUE,,ELM ST,Collision with:  Parked motor vehicle,On Roadway,"Sideswipe, same direction",Lost Control,None Indicated,Weather conditions,Daylight,Slush,Snow,"Surface condition (e.g., wet, icy)",Non-intersection:  Non-junction/no special feature,Paved,N/A,Property Damage Only,0,0,0,0,0,0,2550,2,1,N/A,POINT (-90.665703791086 42.511053930202)
2012667572,2012-2783,01/12/2012,01-January,5-Thursday,07:57,0700 Hours,District 6 (East Central),DAVENPORT,SCOTT,,N LINCOLN AVE,Collision with:  Vehicle in traffic,On Roadway,"Sideswipe, opposite direction",Ran off road - right,None Indicated,Weather conditions,Daylight,Snow,Snow,"Surface condition (e.g., wet, icy)",Non-intersection:  Non-junction/no special feature,Paved,N/A,Property Damage Only,0,0,0,0,0,0,3500,2,4,N/A,POINT (-90.614600304855 41.530069577382)
2012669961,12-984,01/12/2012,01-January,5-Thursday,09:17,0900 Hours,District 1 (Central),NEWTON,JASPER,,N 2ND AVE W & W 3RD ST N,Collision with:  Vehicle in traffic,On Roadway,Broadside (front to side),Ran Stop Sign,None Indicated,None apparent,Daylight,Snow,Snow,None apparent,Intersection:  Four-way intersection,Paved,N/A,Possible/Unknown,0,1,0,0,1,0,3000,2,2,N/A,POINT (-93.056150550331 41.700459684201)
2012667554,S79120022,01/13/2012,01-January,6-Friday,21:30,2100 Hours,District 1 (Central),BROOKLYN,POWESHIEK,,CLAY ST,Collision with fixed object:  Tree,On Roadway,Non-collision (single vehicle),Driving too fast for conditions,None Indicated,Weather conditions,Dark - roadway lighted,Snow,Snow,"Surface condition (e.g., wet, icy)",Non-intersection:  Non-junction/no special feature,Paved,N/A,Property Damage Only,0,0,0,0,0,0,2000,1,1,N/A,POINT (-92.444180839505 41.73387855584)
2012667479,12-001913,01/13/2012,01-January,6-Friday,22:33,2200 Hours,District 5 (Southeast),MUSCATINE,MUSCATINE,IA 92,IA 92/MISSISSIPPI DR,Collision with fixed object:  Ditch,On Roadway,Non-collision (single vehicle),Crossed centerline (undivided),None Indicated,None apparent,Dark - roadway not lighted,Snow,Clear,"Surface condition (e.g., wet, icy)",Non-intersection:  Non-junction/no special feature,Paved,N/A,Minor Injury,0,1,0,1,0,0,5000,1,3,Westbound (WB),POINT (-91.049472523862 41.417841189681)
2012670737,2012-04-AC,01/14/2012,01-January,7-Saturday,23:47,2300 Hours,District 3 (Northwest),,DICKINSON,IA 86,IA 86/IOWA 86,Collision with fixed object:  Other fixed object (explain in narrative),Shoulder,Non-collision (single vehicle),Crossed centerline (undivided),Alcohol (Statutory),None apparent,Dark - roadway not lighted,Dry,Clear,None apparent,Non-intersection:  Driveway access (within),Paved,N/A,Property Damage Only,0,0,0,0,0,0,6500,1,1,Northbound (NB),POINT (-95.181167533626 43.489119730592)
2012667336,12-000263,01/15/2012,01-January,1-Sunday,08:44,0800 Hours,District 3 (Northwest),MARCUS,CHEROKEE,,OAK ST,Collision with:  Vehicle in traffic,On Roadway,"Sideswipe, same direction",Improper Backing,None Indicated,None apparent,Daylight,Snow,Clear,None apparent,Non-intersection:  Non-junction/no special feature,Paved,N/A,Property Damage Only,0,0,0,0,0,0,3000,2,1,N/A,POINT (-95.805425202429 42.822716789286)
2012667845,12-1585,01/16/2012,01-January,2-Monday,07:52,0700 Hours,District 3 (Northwest),SIOUX CITY,WOODBURY,,6TH AVE & S LAKEPORT ST,Collision with:  Vehicle in traffic,On Roadway,Rear-end (front to rear),Followed too close,None Indicated,None apparent,Daylight,Dry,Clear,None apparent,Intersection:  Four-way intersection,Paved,N/A,Property Damage Only,0,0,0,0,0,0,2000,3,3,N/A,POINT (-96.346462014611 42.467326658209)
2012667830,S12-335,01/17/2012,01-January,3-Tuesday,16:08,1600 Hours,District 3 (Northwest),,WOODBURY,,Co Rd D25/OLD HWY 141,Non-collision events:  Other non-collision (explain in narrative),Shoulder,Non-collision (single vehicle),Crossed centerline (undivided),None Indicated,None apparent,Daylight,Dry,Clear,None apparent,Non-intersection:  Crossover-related,Paved,N/A,Property Damage Only,0,0,0,0,0,0,10000,1,1,N/A,POINT (-96.227226866522 42.390247682627)
2012667984,12-000066,01/17/2012,01-January,3-Tuesday,15:39,1500 Hours,District 1 (Central),JOHNSTON,POLK,,N WINWOOD DR & MERLE HAY RD,Collision with:  Vehicle in traffic,On Roadway,"Angle, oncoming left turn",FTYROW:  Making left turn,None Indicated,None apparent,Daylight,Snow,Clear,"Surface condition (e.g., wet, icy)",Intersection:  T-intersection,Paved,N/A,Property Damage Only,0,0,0,0,0,0,4500,2,3,N/A,POINT (-93.697698331843 41.668289853141)
2012667832,12-1296,01/17/2012,01-January,3-Tuesday,08:30,0800 Hours,District 3 (Northwest),SIOUX CITY,WOODBURY,,BUSHNELL AVE & S LEMON ST,Collision with:  Vehicle in traffic,On Roadway,Broadside (front to side),Ran Stop Sign,None Indicated,None apparent,Daylight,Snow,Cloudy,"Surface condition (e.g., wet, icy)",Intersection:  Four-way intersection,Paved,N/A,Property Damage Only,0,0,0,0,0,0,1500,2,2,N/A,POINT (-96.342397704743 42.463861567851)
2012667928,W12-006173,01/18/2012,01-January,4-Wednesday,01:06,0100 Hours,District 2 (Northeast),WATERLOO,BLACK HAWK,,W PARKER ST,Collision with fixed object:  Tree,On Roadway,Non-collision (single vehicle),Driving too fast for conditions,None Indicated,None apparent,Dark - roadway lighted,Snow,Clear,"Surface condition (e.g., wet, icy)",Non-intersection:  Non-junction/no special feature,Paved,N/A,Property Damage Only,0,0,0,0,0,0,2000,1,1,N/A,POINT (-92.340807351579 42.516700532986)
2012668141,W12-006610,01/19/2012,01-January,5-Thursday,10:15,1000 Hours,District 2 (Northeast),WATERLOO,BLACK HAWK,US 218,US 218/WASHINGTON ST,Collision with:  Vehicle in traffic,On Roadway,"Sideswipe, same direction",Improper or erratic lane changing,None Indicated,None apparent,Daylight,Dry,Cloudy,None apparent,Non-intersection:  Non-junction/no special feature,Paved,N/A,Property Damage Only,0,0,0,0,0,0,3000,2,3,Northbound (NB),POINT (-92.384385875747 42.513295565143)
2012667974,12-447,01/19/2012,01-January,5-Thursday,00:00,0000 Hours,District 1 (Central),,POLK,,Co Rd R38/NW 58 ST,Collision with fixed object:  Ditch,On Roadway,Non-collision (single vehicle),Crossed centerline (undivided),Alcohol (< Statutory),None apparent,Dark - roadway not lighted,Ice/frost,Clear,None apparent,Non-intersection:  Non-junction/no special feature,Paved,N/A,Major Injury,0,1,1,0,0,0,6500,1,1,N/A,POINT (-93.698051089587 41.8518407232)
2012668724,12-002285,01/20/2012,01-January,6-Friday,10:51,1000 Hours,District 4 (Southwest),COUNCIL BLUFFS,POTTAWATTAMIE,,23RD AVE,Collision with fixed object:  Utility pole/light support,Roadside,Non-collision (single vehicle),Driving too fast for conditions,None Indicated,None apparent,Daylight,Dry,Cloudy,None apparent,Non-intersection:  Non-junction/no special feature,Paved,N/A,Property Damage Only,0,0,0,0,0,0,2000,1,1,N/A,POINT (-95.896987720928 41.240516654765)
2012694109,120210,01/20/2012,01-January,6-Friday,00:00,0000 Hours,District 1 (Central),ELDORA,HARDIN,,WASHINGTON ST,Collision with:  Vehicle in traffic,On Roadway,"Sideswipe, same direction",Ran off road - right,None Indicated,Weather conditions,Dark - unknown roadway lighting,Snow,Snow,"Surface condition (e.g., wet, icy)",Non-intersection:  Other non-intersection (explain in narrative),Paved,N/A,Property Damage Only,0,0,0,0,0,0,4000,2,1,N/A,POINT (-93.099552464839 42.360498312665)
2012668195,201200977,01/20/2012,01-January,6-Friday,13:40,1300 Hours,District 6 (East Central),CEDAR RAPIDS,LINN,I-380,I-380,Collision with fixed object:  Guardrail - face,Median,Non-collision (single vehicle),Ran off road - left,None Indicated,Weather conditions,Daylight,Snow,Snow,"Surface condition (e.g., wet, icy)",Non-intersection:  Non-junction/no special feature,Paved,N/A,Property Damage Only,0,0,0,0,0,0,9500,1,2,Northbound (NB),POINT (-91.670193059301 41.874895214523)
2012668519,01-12-3507,01/21/2012,01-January,7-Saturday,16:41,1600 Hours,District 6 (East Central),DUBUQUE,DUBUQUE,,W 5TH ST,Collision with:  Parked motor vehicle,On Roadway,Rear-end (front to rear),Lost Control,None Indicated,Weather conditions,Dusk,Slush,Cloudy,None apparent,Non-intersection:  Non-junction/no special feature,Paved,N/A,Property Damage Only,0,0,0,0,0,0,4000,2,2,N/A,POINT (-90.678364926032 42.49684887575)
2012668770,2012-4875,01/21/2012,01-January,7-Saturday,07:46,0700 Hours,District 6 (East Central),DAVENPORT,SCOTT,I-280,I-280 & US 6/W KIMBERLY RD,Collision with fixed object:  Traffic sign support,Shoulder,Non-collision (single vehicle),Made improper turn,None Indicated,Weather conditions,Daylight,Snow,Cloudy,"Surface condition (e.g., wet, icy)",Interchange-related:  On-ramp merge area,Paved,N/A,Property Damage Only,0,0,0,0,0,0,3000,1,1,Ramp,POINT (-90.677499542739 41.592376524893)
2012670222,2012004539,01/22/2012,01-January,1-Sunday,18:41,1800 Hours,District 1 (Central),,STORY,I-35,I-35,Collision with fixed object:  Ditch,Gore,Non-collision (single vehicle),Driving too fast for conditions,None Indicated,None apparent,Dark - roadway not lighted,Wet,"Fog, smoke, smog",None apparent,Interchange-related:  On-ramp merge area,Paved,N/A,Possible/Unknown,0,2,0,0,2,0,1000,1,2,Ramp,POINT (-93.569915318072 42.009625360082)