Iowa DOT Case Number,Law Enforcement Case Number,Date of Crash,Month of Crash,Day of Week,Time of Crash,Hour,DOT District,City Name,County Name,Route with System,Location Description,First Harmful Event,Location of First Harmful Event,Manner of Crash/Collision,Major Cause,Drug or Alcohol ,Environmental Conditions,Light Conditions,Surface Conditions,Weather Conditions,Roadway Contribution,Roadway Type,Roadway Surface,Work Zone,Crash Severity,Number of Fatalities,Number of Injuries,Number of Major Injuries,Number of Minor Injuries,Number of Possible Injuries,Number of Unknown Injuries,Amount of Property Damage,Number of Vehicles Involved,Total Number of Occupants,Travel Direction,Location
2012670707,S12-007906,01/22/2012,01-January,1-Sunday,23:19,2300 Hours,District 2 (Northeast),,BLACK HAWK,,Co Rd V37/DYSART RD,Collision with fixed object:  Ditch,On Roadway,Non-collision (single vehicle),Ran off road - right,None Indicated,Weather conditions,Dark - roadway not lighted,Ice/frost,Cloudy,"Surface condition (e.g., wet, icy)",Non-intersection:  Other non-intersection (explain in narrative),Paved,N/A,Minor Injury,0,1,0,1,0,0,10000,1,2,N/A,POINT (-92.298608285278 42.351452524556)
2012669489,20120273,01/23/2012,01-January,2-Monday,06:50,0600 Hours,District 1 (Central),,GRUNDY,US 20,US 20,Collision with fixed object:  Traffic sign support,Shoulder,Non-collision (single vehicle),Ran off road - left,None Indicated,None apparent,Dawn,Ice/frost,"Blowing sand, soil, dirt","Surface condition (e.g., wet, icy)",Non-intersection:  Non-junction/no special feature,Paved,N/A,Property Damage Only,0,0,0,0,0,0,2650,1,1,Westbound (WB),POINT (-92.538168430968 42.463522552144)
2012669323,12-01636,01/23/2012,01-January,2-Monday,15:03,1500 Hours,District 1 (Central),AMES,STORY,,DUFF AVE,Collision with:  Vehicle in traffic,On Roadway,Rear-end (front to rear),Followed too close,None Indicated,None apparent,Daylight,Wet,Cloudy,None apparent,Non-intersection:  Non-junction/no special feature,Paved,N/A,Property Damage Only,0,0,0,0,0,0,5500,3,5,N/A,POINT (-93.610678584461 42.034147801036)
2012676914,CP12-0081,01/24/2012,01-January,3-Tuesday,11:52,1100 Hours,District 2 (Northeast),CLARION,WRIGHT,IA 3,IA 3/CENTRAL AVE & 8TH ST SW & 8TH ST NW,Collision with:  Vehicle in traffic,On Roadway,"Angle, oncoming left turn",FTYROW:  Making left turn,None Indicated,None apparent,Daylight,Wet,Cloudy,None apparent,Intersection:  Four-way intersection,Paved,N/A,Property Damage Only,0,0,0,0,0,0,4000,2,2,Both East and West,POINT (-93.743113375057 42.731655541459)
2012669541,12-0383,01/25/2012,01-January,4-Wednesday,17:00,1700 Hours,District 1 (Central),WEST DES MOINES,POLK,,60TH ST & WOODLAND DR,Collision with:  Vehicle in traffic,On Roadway,"Angle, oncoming left turn",FTYROW:  Making left turn,None Indicated,None apparent,Daylight,Dry,Clear,None apparent,Intersection:  T-intersection,Paved,N/A,Property Damage Only,0,0,0,0,0,0,5000,2,2,N/A,POINT (-93.790555267464 41.585822643187)
2012669802,12-003036,01/26/2012,01-January,5-Thursday,07:07,0700 Hours,District 4 (Southwest),COUNCIL BLUFFS,POTTAWATTAMIE,,14TH AVE & S 17TH ST,Collision with:  Vehicle in traffic,On Roadway,Broadside (front to side),Driving too fast for conditions,None Indicated,Weather conditions,Dark - roadway lighted,Wet,"Fog, smoke, smog",None apparent,Non-intersection:  Non-junction/no special feature,Paved,N/A,Property Damage Only,0,0,0,0,0,0,4050,2,2,N/A,POINT (-95.869173514647 41.248670936567)
2012670618,12001815,01/27/2012,01-January,6-Friday,12:23,1200 Hours,District 6 (East Central),MARION,LINN,,7TH AVE,Collision with:  Vehicle in traffic,On Roadway,Rear-end (front to rear),Followed too close,None Indicated,None apparent,Daylight,Wet,Cloudy,None apparent,Non-intersection:  Non-junction/no special feature,Paved,N/A,Possible/Unknown,0,1,0,0,1,0,900,2,2,N/A,POINT (-91.601103969599 42.033317356545)
2012670131,S12-587,01/28/2012,01-January,7-Saturday,00:01,0000 Hours,District 3 (Northwest),,WOODBURY,,SAFFORD AVE,Collision with fixed object:  Utility pole/light support,On Roadway,Non-collision (single vehicle),Ran off road - left,Alcohol (< Statutory),None apparent,Dark - roadway not lighted,"Mud, dirt",Clear,None apparent,Non-intersection:  Other non-intersection (explain in narrative),Unpaved,N/A,Property Damage Only,0,0,0,0,0,0,8500,1,1,N/A,POINT (-95.738898514652 42.218476125958)
2012670324,2012001058,01/28/2012,01-January,7-Saturday,08:50,0800 Hours,District 6 (East Central),IOWA CITY,JOHNSON,,JOHNSON ST,Collision with:  Vehicle in traffic,On Roadway,Broadside (front to side),FTYROW:  From driveway,None Indicated,None apparent,Daylight,Ice/frost,Cloudy,None apparent,Non-intersection:  Driveway access (within),Paved,N/A,Property Damage Only,0,0,0,0,0,0,2500,2,5,N/A,POINT (-91.527321109819 41.654964446681)
2012670458,,01/30/2012,01-January,2-Monday,18:28,1800 Hours,District 2 (Northeast),JANESVILLE,BREMER,US 218,US 218 & Co Rd C50/275TH ST & BARRICK RD,Collision with:  Vehicle in traffic,On Roadway,"Sideswipe, opposite direction",Made improper turn,None Indicated,Unknown,Dusk,Unknown,Unknown,Unknown,Intersection:  T-intersection,Paved,N/A,Property Damage Only,0,0,0,0,0,0,1500,2,2,No Travel Direction Consistent with Route,POINT (-92.453642963096 42.64950690198)
2012671247,2012-7424,01/31/2012,01-January,3-Tuesday,21:10,2100 Hours,District 6 (East Central),DAVENPORT,SCOTT,US 67,US 67/GAINES ST,Collision with:  Vehicle in traffic,On Roadway,"Sideswipe, same direction",FTYROW:  From yield sign,None Indicated,None apparent,Dark - roadway lighted,Dry,Cloudy,None apparent,Interchange-related:  On-ramp merge area,Paved,N/A,Property Damage Only,0,0,0,0,0,0,2000,2,2,Southbound (SB),POINT (-90.583544975817 41.52074765715)
2012671251,2012-7612,02/01/2012,02-February,4-Wednesday,15:48,1500 Hours,District 6 (East Central),DAVENPORT,SCOTT,,W 4TH ST & RIPLEY ST,Collision with:  Vehicle in traffic,On Roadway,Broadside (front to side),Ran Traffic Signal,None Indicated,None apparent,Daylight,Dry,Clear,None apparent,Intersection:  Other intersection (explain in narrative),Paved,N/A,Possible/Unknown,0,1,0,0,1,0,9000,2,3,N/A,POINT (-90.578503389492 41.523541623929)
2012671584,12-000256,02/02/2012,02-February,5-Thursday,15:18,1500 Hours,District 1 (Central),ALTOONA,POLK,I-80,I-80 & US 6/FREDERICK M HUBBELL AVE,Collision with:  Vehicle in traffic,On Roadway,Rear-end (front to rear),Followed too close,None Indicated,None apparent,Daylight,Dry,Cloudy,None apparent,Intersection:  Five points or more,Paved,N/A,Possible/Unknown,0,1,0,0,1,0,2100,2,2,Ramp,POINT (-93.496082947869 41.660699046666)
2012673029,2012-7797,02/02/2012,02-February,5-Thursday,09:45,0900 Hours,District 6 (East Central),DAVENPORT,SCOTT,US 6,US 6/W KIMBERLY RD/E KIMBERLY RD & IA 461/WELCOME WAY,Collision with:  Vehicle in traffic,On Roadway,"Angle, oncoming left turn",FTYROW:  Making left turn,None Indicated,None apparent,Daylight,Dry,Clear,None apparent,Intersection:  Other intersection (explain in narrative),Paved,N/A,Possible/Unknown,0,2,0,0,2,0,3400,2,4,Both East and West,POINT (-90.570930788692 41.560317081055)
2012671210,12-004181,02/03/2012,02-February,6-Friday,18:31,1800 Hours,District 4 (Southwest),COUNCIL BLUFFS,POTTAWATTAMIE,I-29,I-29 & NEBRASKA AVE,Collision with:  Vehicle in traffic,On Roadway,"Angle, oncoming left turn",Made improper turn,None Indicated,None apparent,Dark - roadway lighted,Wet,Rain,None apparent,Non-intersection:  Non-junction/no special feature,Paved,N/A,Property Damage Only,0,0,0,0,0,0,4500,2,3,No Travel Direction Consistent with Route,POINT (-95.904777153635 41.242085487485)
2012675908,,02/04/2012,02-February,7-Saturday,12:50,1200 Hours,District 4 (Southwest),TABOR,FREMONT,US 275,US 275/MAIN ST & WAUBONSIE AVE,Collision with:  Vehicle in traffic,On Roadway,Broadside (front to side),Ran Stop Sign,None Indicated,None apparent,Daylight,Wet,Snow,None apparent,Intersection:  Four-way intersection,Paved,N/A,Property Damage Only,0,0,0,0,0,0,1500,2,2,Southbound (SB),POINT (-95.671389475656 40.901457972428)
2012671163,20120003753,02/04/2012,02-February,7-Saturday,20:17,2000 Hours,District 1 (Central),DES MOINES,POLK,,19TH ST,Collision with:  Vehicle in traffic,On Roadway,"Sideswipe, same direction",Unknown,None Indicated,None apparent,Dark - roadway lighted,Snow,Cloudy,None apparent,Non-intersection:  Non-junction/no special feature,Paved,N/A,Property Damage Only,0,0,0,0,0,0,1500,2,4,N/A,POINT (-93.642534289511 41.596671153958)
2012670969,120735,02/05/2012,02-February,1-Sunday,19:30,1900 Hours,District 4 (Southwest),,DALLAS,,B AVE,Collision with fixed object:  Ditch,On Roadway,Non-collision (single vehicle),Ran off road - right,None Indicated,None apparent,Dark - roadway not lighted,Ice/frost,Cloudy,"Surface condition (e.g., wet, icy)",Non-intersection:  Non-junction/no special feature,Unpaved,N/A,Property Damage Only,0,0,0,0,0,0,1500,1,1,N/A,POINT (-94.260785943912 41.83349563698)
2012671745,12-0162,02/06/2012,02-February,2-Monday,17:02,1700 Hours,District 4 (Southwest),CLIVE,DALLAS,US 6,US 6/HICKMAN AVE,Collision with:  Vehicle in traffic,On Roadway,Rear-end (front to rear),Driver Distraction:  Passenger,None Indicated,None apparent,Daylight,Dry,Cloudy,None apparent,Non-intersection:  Non-junction/no special feature,Paved,N/A,Property Damage Only,0,0,0,0,0,0,4500,2,4,Westbound (WB),POINT (-93.832509566094 41.614799842613)
2012674841,2012008034,02/07/2012,02-February,3-Tuesday,18:00,1800 Hours,District 6 (East Central),CEDAR RAPIDS,LINN,,66TH AVE SW & KIRKWOOD BLVD SW & KIRKWOOD COMM COLL,Collision with:  Vehicle in traffic,On Roadway,Rear-end (front to rear),Driver Distraction:  Manual operation of an electronic communication device,None Indicated,None apparent,Dark - roadway lighted,Wet,Cloudy,None apparent,Intersection:  Four-way intersection,Paved,N/A,Property Damage Only,0,0,0,0,0,0,5500,2,4,N/A,POINT (-91.656670359442 41.914663896469)
2012671849,12014083,02/08/2012,02-February,4-Wednesday,06:15,0600 Hours,District 2 (Northeast),CEDAR FALLS,BLACK HAWK,IA 27,IA 27/SW RAMP/NW RAMP & IA 934/UNIVERSITY AVE,Collision with:  Vehicle in traffic,On Roadway,"Angle, oncoming left turn",FTYROW:  Making left turn,None Indicated,None apparent,Dark - roadway lighted,Dry,Cloudy,None apparent,Intersection:  Four-way intersection,Paved,N/A,Property Damage Only,0,0,0,0,0,0,11200,2,2,Ramp,POINT (-92.444047454103 42.513096199822)
2012677103,2012008313,02/09/2012,02-February,5-Thursday,06:45,0600 Hours,District 2 (Northeast),DECORAH,WINNESHIEK,IA 9,IA 9/IOWA 9,Collision with:  Animal,On Roadway,Non-collision (single vehicle),Animal,None Indicated,Animal in roadway,Dark - roadway not lighted,Dry,Clear,None apparent,Non-intersection:  Non-junction/no special feature,Paved,N/A,Property Damage Only,0,0,0,0,0,0,2000,1,1,Westbound (WB),POINT (-91.784912884904 43.289474269426)
2012672167,12-0185,02/10/2012,02-February,6-Friday,08:50,0800 Hours,District 1 (Central),CLIVE,POLK,,UNIVERSITY AVE,Collision with:  Vehicle in traffic,On Roadway,Broadside (front to side),Ran Traffic Signal,None Indicated,None apparent,Daylight,Dry,Cloudy,None apparent,Intersection:  Four-way intersection,Paved,N/A,Minor Injury,0,2,0,2,0,0,13000,2,3,N/A,POINT (-93.757914628825 41.600481015443)
2012672417,201202089,02/10/2012,02-February,6-Friday,14:23,1400 Hours,District 6 (East Central),CEDAR RAPIDS,LINN,IA 922,IA 922/1ST AVE E,Collision with:  Vehicle in traffic,On Roadway,Broadside (front to side),FTYROW:  From driveway,None Indicated,None apparent,Daylight,Dry,Cloudy,None apparent,Non-intersection:  Driveway access (within),Paved,N/A,Property Damage Only,0,0,0,0,0,0,2800,2,2,Southbound (SB),POINT (-91.654709706878 41.98671977318)
2012672422,201202141,02/11/2012,02-February,7-Saturday,14:55,1400 Hours,District 6 (East Central),CEDAR RAPIDS,LINN,IA 100,IA 100/COLLINS AVE NE,Collision with:  Vehicle in traffic,On Roadway,Rear-end (front to rear),Other (explain in narrative):  Other,None Indicated,None apparent,Daylight,Dry,Clear,None apparent,Non-intersection:  Non-junction/no special feature,Paved,N/A,Property Damage Only,0,0,0,0,0,0,1500,2,3,Westbound (WB),POINT (-91.64756271982 42.02835337952)
2012672756,12-4599,02/13/2012,02-February,2-Monday,18:15,1800 Hours,District 3 (Northwest),SIOUX CITY,WOODBURY,I-129,I-129,Collision with fixed object:  Concrete traffic barrier (median or right side),On Roadway,Non-collision (single vehicle),Over correcting/over steering,None Indicated,Weather conditions,Dark - roadway not lighted,Ice/frost,Snow,None apparent,Non-intersection:  Other non-intersection (explain in narrative),Paved,N/A,Possible/Unknown,0,1,0,0,1,0,3500,1,2,Westbound (WB),POINT (-96.375959036463 42.446362526269)
2012677542,2012009017,02/13/2012,02-February,2-Monday,07:15,0700 Hours,District 4 (Southwest),COUNCIL BLUFFS,POTTAWATTAMIE,I-29,I-29,Non-collision events:  Other non-collision (explain in narrative),On Roadway,Non-collision (single vehicle),Driving too fast for conditions,None Indicated,None apparent,Daylight,Snow,Snow,None apparent,Non-intersection:  Other non-intersection (explain in narrative),Paved,N/A,Possible/Unknown,0,1,0,0,1,0,10000,1,1,Northbound (NB),POINT (-95.823695762086 41.181338155963)
2012675420,12-3225,02/13/2012,02-February,2-Monday,10:58,1000 Hours,District 1 (Central),AMES,STORY,,13TH ST & CLARK AVE,Collision with:  Vehicle in traffic,On Roadway,"Sideswipe, opposite direction",Crossed centerline (undivided),None Indicated,Weather conditions,Daylight,Snow,Snow,None apparent,Non-intersection:  Non-junction/no special feature,Paved,N/A,Property Damage Only,0,0,0,0,0,0,3000,2,4,N/A,POINT (-93.617108976232 42.034482676567)
2012677490,2012009110,02/13/2012,02-February,2-Monday,08:30,0800 Hours,District 3 (Northwest),WAHPETON,DICKINSON,IA 86,IA 86/IOWA 86,Collision with fixed object:  Other fixed object (explain in narrative),Roadside,Non-collision (single vehicle),Over correcting/over steering,None Indicated,Weather conditions,Daylight,Snow,Snow,None apparent,Non-intersection:  Non-junction/no special feature,Paved,N/A,Possible/Unknown,0,1,0,0,0,1,12500,1,2,Northbound (NB),POINT (-95.179967194839 43.357647438495)
2012673257,12-1973,02/13/2012,02-February,2-Monday,19:08,1900 Hours,District 1 (Central),,STORY,,Co Rd E57/280TH ST,Non-collision events:  Overturn/rollover,On Roadway,Non-collision (single vehicle),Swerving/Evasive Action,None Indicated,Weather conditions,Dark - roadway not lighted,Ice/frost,"Sleet, hail","Surface condition (e.g., wet, icy)",Non-intersection:  Non-junction/no special feature,Paved,N/A,Property Damage Only,0,0,0,0,0,0,3500,1,1,N/A,POINT (-93.655159397993 41.950384157511)
2012672893,20120004539,02/13/2012,02-February,2-Monday,10:37,1000 Hours,District 1 (Central),DES MOINES,POLK,,HICKMAN RD,Collision with fixed object:  Utility pole/light support,On Roadway,Non-collision (single vehicle),Ran off road - right,None Indicated,Weather conditions,Daylight,Snow,Snow,"Surface condition (e.g., wet, icy)",Non-intersection:  Non-junction/no special feature,Paved,N/A,Property Damage Only,0,0,0,0,0,0,8000,1,1,N/A,POINT (-93.651069924809 41.614997857269)
2012672705,2012001357,02/14/2012,02-February,3-Tuesday,13:06,1300 Hours,District 1 (Central),MARSHALLTOWN,MARSHALL,,N 3RD ST & N CENTER ST,Collision with:  Vehicle in traffic,On Roadway,Head-on (front to front),Made improper turn,None Indicated,None apparent,Daylight,Wet,Cloudy,None apparent,Intersection:  T-intersection,Paved,N/A,Property Damage Only,0,0,0,0,0,0,6000,2,2,N/A,POINT (-92.917814602284 42.060015689148)
2012673017,2012-11069,02/15/2012,02-February,4-Wednesday,12:18,1200 Hours,District 6 (East Central),DAVENPORT,SCOTT,,N LINCOLN AVE,Collision with:  Vehicle in traffic,On Roadway,"Sideswipe, same direction",Improper or erratic lane changing,None Indicated,None apparent,Daylight,Dry,Cloudy,None apparent,Non-intersection:  Non-junction/no special feature,Paved,N/A,Property Damage Only,0,0,0,0,0,0,2000,2,3,N/A,POINT (-90.61322214238 41.534301015767)
2012673887,12001277,02/15/2012,02-February,4-Wednesday,16:03,1600 Hours,District 6 (East Central),INDEPENDENCE,BUCHANAN,,10TH ST NE & 2ND AVE NE,Collision with:  Vehicle in traffic,On Roadway,Broadside (front to side),FTYROW:  From stop sign,None Indicated,None apparent,Daylight,Dry,Cloudy,None apparent,Intersection:  Four-way intersection,Paved,N/A,Property Damage Only,0,0,0,0,0,0,4000,2,4,N/A,POINT (-91.893332544651 42.477283910244)
2012673212,201202323,02/16/2012,02-February,5-Thursday,06:45,0600 Hours,District 6 (East Central),CEDAR RAPIDS,LINN,,15TH AVE SW & 8TH ST SW,Collision with:  Vehicle in traffic,On Roadway,"Sideswipe, same direction",FTYROW:  Other (explain in narrative),None Indicated,None apparent,Daylight,Dry,Clear,None apparent,Non-intersection:  Non-junction/no special feature,Paved,N/A,Property Damage Only,0,0,0,0,0,0,3000,2,2,N/A,POINT (-91.679707917683 41.962890770392)
2012674119,891201381,02/17/2012,02-February,6-Friday,23:15,2300 Hours,District 5 (Southeast),,VAN BUREN,IA 16,IA 16/IOWA 16,Collision with:  Animal,N/A,N/A,Animal,None Indicated,N/A,N/A,N/A,N/A,N/A,N/A,Paved,N/A,Property Damage Only,0,0,0,0,0,0,2000,1,1,Westbound (WB),POINT (-92.095008717507 40.856891999003)
2012673783,12-1206,02/18/2012,02-February,7-Saturday,22:21,2200 Hours,District 1 (Central),RUNNELLS,POLK,,NE 112 ST,Collision with:  Animal,N/A,N/A,Animal,None Indicated,N/A,N/A,N/A,N/A,N/A,N/A,Paved,N/A,Property Damage Only,0,0,0,0,0,0,3000,1,1,N/A,POINT (-93.367450672376 41.592069749518)
2012673926,12-000719,02/19/2012,02-February,1-Sunday,17:10,1700 Hours,District 3 (Northwest),,MONONA,IA 183,IA 183/IOWA 183 & PEACH AVE,Collision with:  Animal,On Roadway,Non-collision (single vehicle),Animal,None Indicated,Glare,Dark - roadway not lighted,Dry,Cloudy,None apparent,Non-intersection:  Non-junction/no special feature,Paved,N/A,Property Damage Only,0,0,0,0,0,0,2000,1,2,Southbound (SB),POINT (-95.891918985404 41.887623568489)
2012677842,2012010706,02/20/2012,02-February,2-Monday,19:59,1900 Hours,District 1 (Central),,HAMILTON,I-35,I-35,Collision with fixed object:  Traffic sign support,On Roadway,Non-collision (single vehicle),Ran off road - right,None Indicated,None apparent,Dark - roadway not lighted,Wet,Snow,None apparent,"Interchange-related:  Off-ramp, diverge area",Paved,N/A,Property Damage Only,0,0,0,0,0,0,2200,1,2,Northbound (NB),POINT (-93.567860370319 42.512047173793)
2012674314,201202593,02/21/2012,02-February,3-Tuesday,17:45,1700 Hours,District 6 (East Central),CEDAR RAPIDS,LINN,IA 100,IA 100/COLLINS AVE & NORTHLAND AVE NE,Collision with:  Vehicle in traffic,On Roadway,Rear-end (front to rear),Followed too close,None Indicated,None apparent,Daylight,Dry,Clear,None apparent,Intersection:  Four-way intersection,Paved,N/A,Property Damage Only,0,0,0,0,0,0,1700,2,2,Westbound (WB),POINT (-91.631723936019 42.027895440962)
2012674750,2012002467,02/22/2012,02-February,4-Wednesday,19:00,1900 Hours,District 6 (East Central),IOWA CITY,JOHNSON,,E MARKET ST,Collision with:  Vehicle in traffic,On Roadway,"Sideswipe, same direction",Other (explain in narrative):  Other,None Indicated,None apparent,Dark - roadway lighted,Unknown,Unknown,None apparent,Non-intersection:  Driveway access (within),Paved,N/A,Property Damage Only,0,0,0,0,0,0,2050,2,1,N/A,POINT (-91.532301901422 41.66356666492)
2012674767,12002672,02/23/2012,02-February,5-Thursday,18:26,1800 Hours,District 5 (Southeast),OSKALOOSA,MAHASKA,US 63,US 63/N MARKET ST,Collision with:  Non-motorist (see non-motorist section - NOT a unit),On Roadway,Non-collision (single vehicle),FTYROW:  To pedestrian,None Indicated,Weather conditions,Dark - unknown roadway lighting,Wet,Rain,None apparent,Non-intersection:  Non-junction/no special feature,Paved,N/A,Minor Injury,0,1,0,1,0,0,0,1,1,Northbound (NB),POINT (-92.645553203592 41.308761317789)
2012674218,120550,02/23/2012,02-February,5-Thursday,15:43,1500 Hours,District 3 (Northwest),DENISON,CRAWFORD,,3RD AVE S & S 18TH ST,Collision with:  Vehicle in traffic,On Roadway,Broadside (front to side),Unknown,None Indicated,Visual obstruction,Daylight,Wet,Rain,None apparent,Intersection:  Four-way intersection,Paved,N/A,Property Damage Only,0,0,0,0,0,0,5500,2,2,N/A,POINT (-95.346674790452 42.01339901215)
2012674404,20120005613,02/24/2012,02-February,6-Friday,07:50,0700 Hours,District 1 (Central),DES MOINES,POLK,,BELL AVE & SW 23RD ST,Collision with:  Vehicle in traffic,On Roadway,Broadside (front to side),Ran Stop Sign,None Indicated,None apparent,Daylight,Ice/frost,Clear,"Surface condition (e.g., wet, icy)",Intersection:  T-intersection,Paved,N/A,Property Damage Only,0,0,0,0,0,0,3500,2,3,N/A,POINT (-93.648613982475 41.562715676825)
2012674361,SO12000446,02/24/2012,02-February,6-Friday,17:40,1700 Hours,District 3 (Northwest),,PLYMOUTH,US 75,US 75 & LAKE AVE,Collision with fixed object:  Bridge overhead structure,Shoulder,Non-collision (single vehicle),Ran off road - right,None Indicated,Weather conditions,Daylight,Snow,Severe winds,"Surface condition (e.g., wet, icy)",Non-intersection:  Other non-intersection (explain in narrative),Paved,N/A,Possible/Unknown,0,2,0,0,2,0,23000,1,3,Southbound (SB),POINT (-96.194028943488 42.81196914237)
2012675870,12S-013,02/24/2012,02-February,6-Friday,00:08,0000 Hours,District 4 (Southwest),,UNION,US 34,US 34,Collision with:  Vehicle in traffic,On Roadway,Rear-end (front to rear),Ran off road - right,None Indicated,Unknown,Dark - roadway not lighted,Snow,Snow,None apparent,Non-intersection:  Non-junction/no special feature,Paved,N/A,Property Damage Only,0,0,0,0,0,0,2000,2,3,Westbound (WB),POINT (-94.417213361908 41.014166926339)
2012674342,12000834,02/25/2012,02-February,7-Saturday,08:45,0800 Hours,District 3 (Northwest),ONAWA,MONONA,,GRANITE ST & 6TH ST,Collision with:  Vehicle in traffic,On Roadway,Broadside (front to side),FTYROW:  At uncontrolled intersection,None Indicated,None apparent,Daylight,Ice/frost,Clear,None apparent,Intersection:  Other intersection (explain in narrative),Paved,N/A,Property Damage Only,0,0,0,0,0,0,5000,2,5,N/A,POINT (-96.091790114879 42.022642861368)
2012675620,12-2101,02/26/2012,02-February,1-Sunday,13:20,1300 Hours,District 3 (Northwest),,SIOUX,US 75,US 75,Collision with fixed object:  Tree,Roadside,Non-collision (single vehicle),Driving too fast for conditions,None Indicated,Weather conditions,Daylight,Snow,Clear,"Surface condition (e.g., wet, icy)",Non-intersection:  Non-junction/no special feature,Paved,N/A,Minor Injury,0,1,0,1,0,0,2500,1,3,Northbound (NB),POINT (-96.175220464105 43.036976273444)
2012676578,2012-13703,02/27/2012,02-February,2-Monday,17:09,1700 Hours,District 6 (East Central),DAVENPORT,SCOTT,,BOIES AVE,Collision with:  Parked motor vehicle,On Roadway,"Sideswipe, same direction",Other (explain in narrative):  Other,None Indicated,None apparent,Daylight,Dry,Clear,None apparent,Non-intersection:  Non-junction/no special feature,Paved,N/A,Property Damage Only,0,0,0,0,0,0,4500,2,1,N/A,POINT (-90.624900754348 41.510612759337)
2012677254,0228123012,02/28/2012,02-February,3-Tuesday,12:30,1200 Hours,District 5 (Southeast),,WASHINGTON,IA 22,IA 22,Non-collision events:  Overturn/rollover,Shoulder,Non-collision (single vehicle),Ran off road - right,None Indicated,None apparent,Daylight,Dry,Clear,None apparent,Intersection:  T-intersection,Paved,N/A,Minor Injury,0,1,0,1,0,0,50000,1,1,Westbound (WB),POINT (-91.888926612127 41.468438057825)
2012675484,12003811,02/29/2012,02-February,4-Wednesday,11:30,1100 Hours,District 2 (Northeast),MASON CITY,CERRO GORDO,,12TH ST NE & N CAROLINA AVE,Collision with:  Vehicle in traffic,On Roadway,Broadside (front to side),Ran Stop Sign,None Indicated,None apparent,Daylight,Wet,Cloudy,None apparent,Intersection:  Four-way intersection,Paved,N/A,Property Damage Only,0,0,0,0,0,0,3500,2,2,N/A,POINT (-93.189770960301 43.162879296302)
2012675636,12030015,03/01/2012,03-March,5-Thursday,19:10,1900 Hours,District 5 (Southeast),ELDON,WAPELLO,,45TH ST,Collision with:  Animal,N/A,N/A,Animal,None Indicated,N/A,N/A,N/A,N/A,N/A,N/A,Unpaved,N/A,Property Damage Only,0,0,0,0,0,0,4000,1,1,N/A,POINT (-92.218666760671 40.950247771926)
2012676205,01-12-10395,03/02/2012,03-March,6-Friday,14:22,1400 Hours,District 6 (East Central),DUBUQUE,DUBUQUE,US 20,US 20/DODGE ST,Collision with:  Vehicle in traffic,On Roadway,"Sideswipe, same direction",FTYROW:  Other (explain in narrative),None Indicated,None apparent,Daylight,Wet,Snow,None apparent,Non-intersection:  Other non-intersection (explain in narrative),Paved,N/A,Property Damage Only,0,0,0,0,0,0,2500,2,4,Westbound (WB),POINT (-90.687586374587 42.491308073246)
2012676211,02-12-3003,03/02/2012,03-March,6-Friday,13:42,1300 Hours,District 6 (East Central),,DUBUQUE,US 52,US 52,Collision with:  Vehicle in traffic,On Roadway,Head-on (front to front),Crossed centerline (undivided),None Indicated,Weather conditions,Daylight,Slush,Snow,None apparent,Non-intersection:  Non-junction/no special feature,Paved,N/A,Property Damage Only,0,0,0,0,0,0,5500,2,2,Both North and South,POINT (-90.65278902614 42.448608853103)
2012676384,S12-004959,03/03/2012,03-March,7-Saturday,00:00,0000 Hours,District 4 (Southwest),COUNCIL BLUFFS,POTTAWATTAMIE,,Co Rd H10/BUNGE AVE & Co Rd L35/WABASH AVE,Collision with fixed object:  Ditch,On Roadway,Non-collision (single vehicle),Swerving/Evasive Action,None Indicated,Unknown,Unknown,Unknown,Unknown,Unknown,Intersection:  T-intersection,Paved,N/A,Possible/Unknown,0,1,0,0,0,1,2001,1,1,N/A,POINT (-95.792049296383 41.166853225977)
2012677614,12032862,03/04/2012,03-March,1-Sunday,20:11,2000 Hours,District 6 (East Central),,JOHNSON,,360TH ST,Non-collision events:  Overturn/rollover,On Roadway,Non-collision (single vehicle),Swerving/Evasive Action,None Indicated,Weather conditions,Dark - roadway not lighted,Snow,Snow,"Surface condition (e.g., wet, icy)",Non-intersection:  Other non-intersection (explain in narrative),Unpaved,N/A,Property Damage Only,0,0,0,0,0,0,8000,1,2,N/A,POINT (-91.646761867702 41.671933850959)
2012675837,2012-4194,03/04/2012,03-March,1-Sunday,01:30,0100 Hours,District 6 (East Central),WALCOTT,SCOTT,,MEMORIAL RD,Non-collision events:  Overturn/rollover,On Roadway,Non-collision (single vehicle),Ran off road - left,None Indicated,None apparent,Dark - roadway not lighted,"Mud, dirt",Clear,None apparent,Non-intersection:  Non-junction/no special feature,Unpaved,N/A,Minor Injury,0,2,0,1,1,0,2000,1,3,N/A,POINT (-90.756646789436 41.581610039846)
2012675186,W12-023421,03/04/2012,03-March,1-Sunday,16:08,1600 Hours,District 2 (Northeast),WATERLOO,BLACK HAWK,US 63,US 63/W 1ST ST,Collision with:  Vehicle in traffic,On Roadway,"Sideswipe, same direction",FTYROW:  Other (explain in narrative),None Indicated,None apparent,Daylight,Wet,Snow,None apparent,Non-intersection:  Non-junction/no special feature,Paved,N/A,Property Damage Only,0,0,0,0,0,0,6000,2,5,Northbound (NB),POINT (-92.34440321482 42.497619824717)