Iowa DOT Case Number,Law Enforcement Case Number,Date of Crash,Month of Crash,Day of Week,Time of Crash,Hour,DOT District,City Name,County Name,Route with System,Location Description,First Harmful Event,Location of First Harmful Event,Manner of Crash/Collision,Major Cause,Drug or Alcohol ,Environmental Conditions,Light Conditions,Surface Conditions,Weather Conditions,Roadway Contribution,Roadway Type,Roadway Surface,Work Zone,Crash Severity,Number of Fatalities,Number of Injuries,Number of Major Injuries,Number of Minor Injuries,Number of Possible Injuries,Number of Unknown Injuries,Amount of Property Damage,Number of Vehicles Involved,Total Number of Occupants,Travel Direction,Location
2012679546,12-01975,03/05/2012,03-March,2-Monday,21:52,2100 Hours,District 5 (Southeast),MOUNT PLEASANT,HENRY,US 34,US 34,Collision with fixed object:  Guardrail - face,On Roadway,Non-collision (single vehicle),Crossed centerline (undivided),None Indicated,None apparent,Dark - roadway not lighted,Dry,Cloudy,None apparent,Non-intersection:  Other non-intersection (explain in narrative),Paved,N/A,Possible/Unknown,0,1,0,0,1,0,18772,1,1,No Travel Direction Consistent with Route,POINT (-91.516820587074 40.963199238252)
2012676395,12-4398,03/05/2012,03-March,2-Monday,21:31,2100 Hours,District 6 (East Central),BETTENDORF,SCOTT,US 67,US 67/STATE ST,Collision with:  Parked motor vehicle,On Roadway,Rear-end (front to rear),Lost Control,None Indicated,None apparent,Dark - roadway lighted,Dry,Clear,None apparent,Non-intersection:  Non-junction/no special feature,Paved,N/A,Property Damage Only,0,0,0,0,0,0,14000,2,1,No Travel Direction Consistent with Route,POINT (-90.51101539791 41.525207151723)
2012676047,12-263,03/06/2012,03-March,3-Tuesday,07:50,0700 Hours,District 1 (Central),WINDSOR HEIGHTS,POLK,I-235,I-235,Collision with fixed object:  Concrete traffic barrier (median or right side),On Roadway,Non-collision (single vehicle),Swerving/Evasive Action,None Indicated,None apparent,Daylight,Dry,Clear,None apparent,Non-intersection:  Non-junction/no special feature,Paved,N/A,Possible/Unknown,0,1,0,0,1,0,5000,1,1,Ramp,POINT (-93.707604747441 41.593289662439)
2012682152,03072012,03/07/2012,03-March,4-Wednesday,12:00,1200 Hours,District 6 (East Central),WILLIAMSBURG,IOWA,IA 149,IA 149/HIGHLAND ST & NORTH ST,Collision with:  Vehicle in traffic,On Roadway,Rear-end (front to rear),Other (explain in narrative):  Other,None Indicated,Weather conditions,Daylight,Wet,Rain,None apparent,Non-intersection:  Driveway access (within),Paved,N/A,Property Damage Only,0,0,0,0,0,0,3000,2,2,Southbound (SB),POINT (-92.007333239943 41.664661557493)
2012676452,12-7106,03/08/2012,03-March,5-Thursday,07:14,0700 Hours,District 3 (Northwest),SIOUX CITY,WOODBURY,,SUNNYBROOK DR,Collision with fixed object:  Culvert/pipe opening,Outside trafficway,Non-collision (single vehicle),Ran off road - right,None Indicated,Glare,Daylight,Dry,Clear,None apparent,Non-intersection:  Non-junction/no special feature,Paved,N/A,Property Damage Only,0,0,0,0,0,0,5000,1,1,N/A,POINT (-96.335663649887 42.454315011335)
2012677073,2012-16462,03/09/2012,03-March,6-Friday,14:53,1400 Hours,District 6 (East Central),DAVENPORT,SCOTT,,N DIVISION ST,Collision with:  Vehicle in traffic,On Roadway,Rear-end (front to rear),Followed too close,None Indicated,None apparent,Daylight,Dry,Clear,None apparent,Non-intersection:  Non-junction/no special feature,Paved,N/A,Property Damage Only,0,0,0,0,0,0,3800,2,2,N/A,POINT (-90.60119096695 41.522864539249)
2012676632,12--001980,03/10/2012,03-March,7-Saturday,16:54,1600 Hours,District 6 (East Central),INDEPENDENCE,BUCHANAN,,1ST ST W,Collision with:  Vehicle in traffic,On Roadway,Rear-end (front to rear),Followed too close,None Indicated,None apparent,Daylight,Dry,Clear,None apparent,Intersection:  Four-way intersection,Paved,N/A,Minor Injury,0,3,0,2,1,0,5000,2,3,N/A,POINT (-91.903813016325 42.468595000678)
2012677046,20120007173,03/11/2012,03-March,1-Sunday,04:09,0400 Hours,District 1 (Central),DES MOINES,POLK,,E HARTFORD AVE,Collision with fixed object:  Utility pole/light support,On Roadway,Non-collision (single vehicle),Crossed centerline (undivided),Under Influence of Alcohol/Drugs/Medications,None apparent,Dark - roadway lighted,Dry,Clear,None apparent,Non-intersection:  Non-junction/no special feature,Paved,N/A,Possible/Unknown,0,1,0,0,1,0,20000,1,1,N/A,POINT (-93.612894029849 41.569784183777)
2012679169,2012015116,03/12/2012,03-March,2-Monday,05:45,0500 Hours,District 6 (East Central),,DUBUQUE,US 52,US 52,Collision with:  Animal,On Roadway,Non-collision (single vehicle),Animal,None Indicated,Animal in roadway,N/A,N/A,N/A,N/A,N/A,Paved,N/A,Property Damage Only,0,0,0,0,0,0,5000,1,1,Northbound (NB),POINT (-90.583879343049 42.39327969366)
2012676880,20120007432,03/13/2012,03-March,3-Tuesday,15:44,1500 Hours,District 1 (Central),DES MOINES,POLK,US 6,US 6/HUBBELL AVE & NE 46 ST,Collision with:  Vehicle in traffic,On Roadway,"Sideswipe, opposite direction",Unknown,None Indicated,None apparent,Daylight,Dry,Clear,None apparent,Non-intersection:  Non-junction/no special feature,Paved,N/A,Property Damage Only,0,0,0,0,0,0,2000,2,3,No Travel Direction Consistent with Route,POINT (-93.522306819172 41.641829939143)
2012677049,20120007527,03/14/2012,03-March,4-Wednesday,13:15,1300 Hours,District 1 (Central),DES MOINES,POLK,,LAUREL ST & 6TH AVE,Collision with:  Vehicle in traffic,On Roadway,Broadside (front to side),Unknown,None Indicated,None apparent,Daylight,Dry,Cloudy,None apparent,Intersection:  Four-way intersection,Paved,N/A,Possible/Unknown,0,1,0,0,1,0,4100,2,2,N/A,POINT (-93.62565854285 41.597403745471)
2012677227,12-1257,03/15/2012,03-March,5-Thursday,16:02,1600 Hours,District 1 (Central),WEST DES MOINES,POLK,,WOODLAND AVE,Collision with:  Vehicle in traffic,On Roadway,Rear-end (front to rear),Followed too close,None Indicated,None apparent,Daylight,Dry,Clear,None apparent,Non-intersection:  Non-junction/no special feature,Paved,N/A,Property Damage Only,0,0,0,0,0,0,4600,2,2,N/A,POINT (-93.762218256218 41.58889631292)
2012682153,031612-1MH,03/16/2012,03-March,6-Friday,12:00,1200 Hours,District 6 (East Central),WILLIAMSBURG,IOWA,I-80,I-80 & IA 149/P AVE,Collision with:  Vehicle in traffic,On Roadway,Rear-end (front to rear),Other (explain in narrative):  Other,None Indicated,None apparent,Daylight,Dry,Cloudy,None apparent,Intersection:  Intersection with ramp,Paved,N/A,Property Damage Only,0,0,0,0,0,0,1700,2,4,Ramp,POINT (-92.008115472995 41.685690695493)
2012679105,2012016063,03/16/2012,03-March,6-Friday,17:16,1700 Hours,District 1 (Central),,JASPER,I-80,I-80,Collision with:  Vehicle in traffic,On Roadway,"Sideswipe, same direction",Over correcting/over steering,None Indicated,None apparent,Daylight,Dry,Clear,None apparent,Non-intersection:  Non-junction/no special feature,Paved,N/A,Property Damage Only,0,0,0,0,0,0,8000,2,4,Eastbound (EB),POINT (-92.836381211505 41.695168816192)
2012677658,20120007928,03/17/2012,03-March,7-Saturday,21:45,2100 Hours,District 1 (Central),DES MOINES,POLK,,E 22ND ST,Collision with:  Vehicle in traffic,On Roadway,"Sideswipe, opposite direction","Operating vehicle in an reckless, erratic, careless, negligent manner",None Indicated,None apparent,Dark - roadway lighted,Dry,Clear,None apparent,Non-intersection:  Non-junction/no special feature,Paved,N/A,Property Damage Only,0,0,0,0,0,0,1500,2,6,N/A,POINT (-93.577518374769 41.600213706072)
2012678032,03-12-251,03/19/2012,03-March,2-Monday,11:45,1100 Hours,District 3 (Northwest),LE MARS,PLYMOUTH,,5TH AVE SW & 1ST ST SW,Collision with:  Vehicle in traffic,On Roadway,Broadside (front to side),FTYROW:  From stop sign,None Indicated,None apparent,Daylight,Dry,Cloudy,None apparent,Intersection:  Other intersection (explain in narrative),Paved,N/A,Property Damage Only,0,0,0,0,0,0,4000,2,2,N/A,POINT (-96.173772921641 42.791831981714)
2012679959,2012016610,03/19/2012,03-March,2-Monday,13:10,1300 Hours,District 6 (East Central),,JOHNSON,I-380,I-380,Collision with:  Vehicle in traffic,On Roadway,"Sideswipe, same direction",Lost Control,None Indicated,None apparent,Daylight,Dry,Cloudy,None apparent,"Interchange-related:  Off-ramp, diverge area",Paved,N/A,Minor Injury,0,1,0,1,0,0,17000,3,8,Northbound (NB),POINT (-91.64229552379 41.747781721984)
2012679943,2012016857,03/20/2012,03-March,3-Tuesday,18:00,1800 Hours,District 6 (East Central),,JOHNSON,I-80,I-80,Collision with fixed object:  Guardrail - face,Median,Non-collision (single vehicle),Swerving/Evasive Action,None Indicated,None apparent,Daylight,Dry,Cloudy,None apparent,Non-intersection:  Non-junction/no special feature,Paved,N/A,Property Damage Only,0,0,0,0,0,0,1800,1,2,Westbound (WB),POINT (-91.737263810293 41.69481470816)
2012678311,20120008400,03/21/2012,03-March,4-Wednesday,16:19,1600 Hours,District 1 (Central),DES MOINES,POLK,US 6,US 6/E EUCLID AVE & DIXON ST,Collision with:  Vehicle in traffic,On Roadway,"Angle, oncoming left turn",FTYROW:  Making left turn,None Indicated,None apparent,Daylight,Wet,Rain,None apparent,Intersection:  Four-way intersection,Paved,N/A,Property Damage Only,0,0,0,0,0,0,7000,2,2,No Travel Direction Consistent with Route,POINT (-93.590164970414 41.627729582781)
2012678637,12-0338,03/22/2012,03-March,5-Thursday,17:56,1700 Hours,District 1 (Central),CLIVE,POLK,I-35,I-35 & UNIVERSITY AVE,Collision with:  Vehicle in traffic,On Roadway,Rear-end (front to rear),Driving too fast for conditions,None Indicated,None apparent,Daylight,Dry,Cloudy,None apparent,Intersection:  Four-way intersection,Paved,N/A,Property Damage Only,0,0,0,0,0,0,3500,2,2,Ramp,POINT (-93.77927390336 41.600446302591)
2012678838,35-2012,03/23/2012,03-March,6-Friday,07:05,0700 Hours,District 4 (Southwest),,HARRISON,US 30,US 30,Collision with:  Animal,On Roadway,Non-collision (single vehicle),Animal,None Indicated,Animal in roadway,N/A,N/A,N/A,N/A,N/A,Paved,N/A,Property Damage Only,0,0,0,0,0,0,7000,1,1,Eastbound (EB),POINT (-96.013594601224 41.551165496957)
2012678811,W12-031156,03/24/2012,03-March,7-Saturday,09:28,0900 Hours,District 2 (Northeast),WATERLOO,BLACK HAWK,US 63,US 63/W 1ST ST & COMMERCIAL ST,Collision with:  Vehicle in traffic,On Roadway,Broadside (front to side),Ran Traffic Signal,None Indicated,None apparent,Daylight,Dry,Cloudy,None apparent,Intersection:  Four-way intersection,Paved,N/A,Property Damage Only,0,0,0,0,0,0,7000,2,4,Northbound (NB),POINT (-92.343998336531 42.497932711977)
2012679300,,03/25/2012,03-March,1-Sunday,02:46,0200 Hours,District 2 (Northeast),LANSING,ALLAMAKEE,IA 9,IA 9/N 2ND ST/IOWA 9 & IA 26,Collision with fixed object:  Other fixed object (explain in narrative),Roadside,Non-collision (single vehicle),Driving too fast for conditions,None Indicated,Weather conditions,Dark - roadway lighted,Dry,"Fog, smoke, smog",None apparent,Intersection:  T-intersection,Paved,N/A,Property Damage Only,0,0,0,0,0,0,10000,1,2,Westbound (WB),POINT (-91.217160207007 43.364404087259)
2012678911,12-010898,03/26/2012,03-March,2-Monday,08:02,0800 Hours,District 4 (Southwest),COUNCIL BLUFFS,POTTAWATTAMIE,US 6,US 6/W BROADWAY & S 35TH ST & N 35TH ST,Collision with:  Vehicle in traffic,On Roadway,Rear-end (front to rear),Other (explain in narrative):  Other,None Indicated,None apparent,Daylight,Dry,Cloudy,None apparent,Intersection:  Four-way intersection,Paved,N/A,Property Damage Only,0,0,0,0,0,0,7300,3,3,Westbound (WB),POINT (-95.902086334575 41.261886239215)
2012680702,,03/27/2012,03-March,3-Tuesday,19:51,1900 Hours,District 6 (East Central),IOWA CITY,JOHNSON,,BROADWAY ST & SANDUSKY DR & SANDUSKY AVE,Collision with:  Vehicle in traffic,On Roadway,Broadside (front to side),Made improper turn,Alcohol (Statutory),None apparent,Dark - roadway lighted,Dry,Clear,None apparent,Intersection:  T-intersection,Paved,N/A,Property Damage Only,0,0,0,0,0,0,2500,2,4,N/A,POINT (-91.520985342067 41.637409755479)
2012679304,,03/28/2012,03-March,4-Wednesday,20:30,2000 Hours,District 2 (Northeast),,HUMBOLDT,IA 3,IA 3/220TH ST,Collision with:  Animal,On Roadway,Non-collision (single vehicle),Animal,None Indicated,Animal in roadway,N/A,N/A,N/A,N/A,N/A,Paved,N/A,Property Damage Only,0,0,0,0,0,0,2500,1,1,Unknown - Not Indicated - Unlocated,POINT (-94.408469448461 42.732348400064)
2012679358,000325,03/29/2012,03-March,5-Thursday,16:44,1600 Hours,District 2 (Northeast),,MITCHELL,US 218,US 218,Non-collision events:  Overturn/rollover,Shoulder,Non-collision (single vehicle),"Operating vehicle in an reckless, erratic, careless, negligent manner",None Indicated,None apparent,Daylight,Dry,Clear,None apparent,Non-intersection:  Non-junction/no special feature,Paved,N/A,Property Damage Only,0,0,0,0,0,0,5000,1,1,Southbound (SB),POINT (-92.81036353846 43.337849690138)
2012679707,2012-21947,03/30/2012,03-March,6-Friday,08:37,0800 Hours,District 6 (East Central),DAVENPORT,SCOTT,,ZENITH AVE,Collision with:  Parked motor vehicle,On Roadway,Head-on (front to front),Driver Distraction:  Reaching for object(s)/fallen object(s),None Indicated,None apparent,Daylight,Wet,Cloudy,None apparent,Non-intersection:  Non-junction/no special feature,Paved,N/A,Possible/Unknown,0,2,0,0,2,0,5000,2,2,N/A,POINT (-90.632907291376 41.506598904612)
2012679816,12002207,03/31/2012,03-March,7-Saturday,10:25,1000 Hours,District 1 (Central),WEBSTER CITY,HAMILTON,,Co Rd D41/265TH ST,Collision with:  Parked motor vehicle,Shoulder,Broadside (front to side),Improper Backing,None Indicated,None apparent,Daylight,Wet,Rain,None apparent,Non-intersection:  Driveway access (within),Paved,N/A,Property Damage Only,0,0,0,0,0,0,2000,2,777,N/A,POINT (-93.786668246675 42.405421417646)
2012680774,K12-10284,04/01/2012,04-April,1-Sunday,01:47,0100 Hours,District 5 (Southeast),KEOKUK,LEE,IA 136,US 136/MAIN ST,Non-collision events:  Other non-collision (explain in narrative),On Roadway,Non-collision (single vehicle),Exceeded authorized speed,Alcohol (Statutory),None apparent,Dark - roadway lighted,Dry,Clear,None apparent,Non-intersection:  Other non-intersection (explain in narrative),Paved,N/A,Fatal,1,0,0,0,0,0,10000,1,1,No Travel Direction Consistent with Route,POINT (-91.377084931448 40.391079729511)
2012681215,12-6994,04/02/2012,04-April,2-Monday,00:45,0000 Hours,District 1 (Central),AMES,STORY,,WHEELER ST,Collision with:  Vehicle in traffic,Roadside,Rear-end (front to rear),Lost Control,Alcohol (Statutory),None apparent,Dark - roadway lighted,Dry,Clear,None apparent,Non-intersection:  Non-junction/no special feature,Paved,N/A,Property Damage Only,0,0,0,0,0,0,10000,3,1,N/A,POINT (-93.625436810049 42.053360344377)
2012680684,2012019417,04/03/2012,04-April,3-Tuesday,19:25,1900 Hours,District 1 (Central),,POLK,I-80,I-80,Collision with:  Vehicle in traffic,On Roadway,"Sideswipe, same direction",Unknown,None Indicated,None apparent,Daylight,Dry,Clear,None apparent,Non-intersection:  Non-junction/no special feature,Paved,N/A,Possible/Unknown,0,1,0,0,1,0,1600,2,4,Westbound (WB),POINT (-93.572725051662 41.652506476992)
2012682094,A12029,04/04/2012,04-April,4-Wednesday,11:05,1100 Hours,District 5 (Southeast),KNOXVILLE,MARION,,W MAIN ST & E MAIN ST & S ROCHE ST & N ROCHE ST,Collision with:  Vehicle in traffic,On Roadway,"Sideswipe, opposite direction",Driving too fast for conditions,None Indicated,None apparent,Daylight,Dry,Cloudy,None apparent,Non-intersection:  Driveway access (within),Paved,N/A,Possible/Unknown,0,1,0,0,1,0,1800,2,2,N/A,POINT (-93.099922571499 41.318955984579)
2012682201,,04/04/2012,04-April,4-Wednesday,13:05,1300 Hours,District 6 (East Central),,CEDAR,I-80,I-80,Non-collision events:  Overturn/rollover,On Roadway,Non-collision (single vehicle),Swerving/Evasive Action,None Indicated,None apparent,Daylight,Dry,Clear,None apparent,Non-intersection:  Non-junction/no special feature,Paved,N/A,Minor Injury,0,1,0,1,0,0,5000,2,2,Westbound (WB),POINT (-91.2815943904 41.663549616873)
2012680310,12-11118,04/05/2012,04-April,5-Thursday,14:58,1400 Hours,District 5 (Southeast),BURLINGTON,DES MOINES,,MAPLE ST & SUMMER ST,Collision with fixed object:  Concrete traffic barrier (median or right side),On Roadway,Non-collision (single vehicle),Crossed centerline (undivided),None Indicated,None apparent,Daylight,Dry,Clear,None apparent,Intersection:  Four-way intersection,Paved,N/A,Property Damage Only,0,0,0,0,0,0,4100,1,1,N/A,POINT (-91.113472878825 40.804478413155)
2012680564,12-1648,04/06/2012,04-April,6-Friday,17:55,1700 Hours,District 4 (Southwest),WEST DES MOINES,DALLAS,,JORDAN CREEK PKWY & WOODLAND AVE,Collision with:  Vehicle in traffic,On Roadway,Rear-end (front to rear),Other (explain in narrative):  No improper action,None Indicated,None apparent,Daylight,Dry,Clear,None apparent,Intersection:  T-intersection,Paved,N/A,Possible/Unknown,0,1,0,0,1,0,6100,3,4,N/A,POINT (-93.809124568943 41.584684648959)
2012681993,2012020210,04/07/2012,04-April,7-Saturday,06:00,0600 Hours,District 3 (Northwest),WHITING,MONONA,I-29,I-29,Collision with:  Animal,N/A,N/A,Animal,None Indicated,N/A,N/A,N/A,N/A,N/A,N/A,Paved,N/A,Property Damage Only,0,0,0,0,0,0,10000,1,1,Northbound (NB),POINT (-96.169092717853 42.0716368426)
2012683534,12-002952,04/08/2012,04-April,1-Sunday,21:37,2100 Hours,District 6 (East Central),,DELAWARE,US 20,US 20,Collision with:  Animal,N/A,N/A,Animal,None Indicated,N/A,N/A,N/A,N/A,N/A,N/A,Paved,N/A,Property Damage Only,0,0,0,0,0,0,1500,1,1,Westbound (WB),POINT (-91.471643856529 42.465735599037)
2012680720,W12-036946,04/09/2012,04-April,2-Monday,04:06,0400 Hours,District 2 (Northeast),WATERLOO,BLACK HAWK,US 63,US 63/SPECIAL CASE & W MULLAN AVE,Collision with:  Non-motorist (see non-motorist section - NOT a unit),On Roadway,Non-collision (single vehicle),FTYROW:  To pedestrian,None Indicated,None apparent,Dark - roadway lighted,Dry,Clear,None apparent,Non-intersection:  Non-junction/no special feature,Paved,N/A,Fatal,1,0,0,0,0,0,0,1,1,Unknown - Not Indicated - Unlocated,POINT (-92.347983575632 42.496217328614)
2012681520,20120010409,04/09/2012,04-April,2-Monday,02:19,0200 Hours,District 1 (Central),DES MOINES,POLK,IA 28,IA 28/63RD ST,Collision with fixed object:  Utility pole/light support,Roadside,Non-collision (single vehicle),Ran off road - right,None Indicated,None apparent,Dark - roadway lighted,Dry,Clear,None apparent,Non-intersection:  Non-junction/no special feature,Paved,N/A,Property Damage Only,0,0,0,0,0,0,9250,2,1,Both North and South,POINT (-93.703397134096 41.584803648122)
2012681263,12-011,04/10/2012,04-April,3-Tuesday,16:58,1600 Hours,District 3 (Northwest),,CALHOUN,,Co Rd N37/HARRIS AVE,Collision with:  Vehicle in traffic,On Roadway,Rear-end (front to rear),Driving too fast for conditions,None Indicated,None apparent,Daylight,"Mud, dirt",Clear,None apparent,Non-intersection:  Non-junction/no special feature,Paved,N/A,Minor Injury,0,3,0,3,0,0,10000,3,5,N/A,POINT (-94.764684314676 42.2885752868)
2012681484,01-12-17614,04/11/2012,04-April,4-Wednesday,11:17,1100 Hours,District 6 (East Central),DUBUQUE,DUBUQUE,,E 21ST ST & ELM ST,Collision with:  Vehicle in traffic,On Roadway,Broadside (front to side),FTYROW:  From stop sign,None Indicated,None apparent,Daylight,Dry,Clear,None apparent,Intersection:  Four-way intersection,Paved,N/A,Property Damage Only,0,0,0,0,0,0,8200,2,2,N/A,POINT (-90.667150216653 42.513397735057)
2012682769,,04/12/2012,04-April,5-Thursday,12:30,1200 Hours,District 6 (East Central),IOWA CITY,JOHNSON,,KIRKWOOD AVE & SUMMIT ST,Collision with:  Vehicle in traffic,On Roadway,Rear-end (front to rear),Unknown,None Indicated,None apparent,Daylight,Dry,Clear,None apparent,Intersection:  T-intersection,Paved,N/A,Possible/Unknown,0,1,0,0,1,0,500,2,2,N/A,POINT (-91.520974279022 41.649442794308)
2012682692,12055404,04/13/2012,04-April,6-Friday,23:19,2300 Hours,District 6 (East Central),,JOHNSON,,Co Rd F36/STRAWBRIDGE RD,Collision with fixed object:  Ditch,Shoulder,Non-collision (single vehicle),Driving too fast for conditions,Alcohol (Statutory),None apparent,Dark - roadway not lighted,Dry,Clear,None apparent,Non-intersection:  Non-junction/no special feature,Unpaved,N/A,Possible/Unknown,0,1,0,0,1,0,6500,1,1,N/A,POINT (-91.412520813627 41.743917616365)
2012681528,20120011054,04/14/2012,04-April,7-Saturday,20:02,2000 Hours,District 1 (Central),DES MOINES,POLK,,50TH ST,Collision with:  Vehicle in traffic,On Roadway,"Sideswipe, same direction",Unknown,None Indicated,Weather conditions,Dark - roadway lighted,Water (standing or moving),Rain,"Surface condition (e.g., wet, icy)",Non-intersection:  Non-junction/no special feature,Paved,N/A,Property Damage Only,0,0,0,0,0,0,2000,2,3,N/A,POINT (-93.687742655329 41.627889765294)
2012681660,W12-038847,04/14/2012,04-April,7-Saturday,12:41,1200 Hours,District 2 (Northeast),WATERLOO,BLACK HAWK,US 63,US 63/E MULLAN AVE & MULBERRY ST,Collision with:  Vehicle in traffic,On Roadway,Broadside (front to side),FTYROW:  From stop sign,None Indicated,None apparent,Daylight,Dry,Clear,None apparent,Intersection:  Four-way intersection,Paved,N/A,Property Damage Only,0,0,0,0,0,0,20000,2,2,Southbound (SB),POINT (-92.33935402493 42.503273505737)
2012682347,12005704,04/16/2012,04-April,2-Monday,13:16,1300 Hours,District 5 (Southeast),CENTERVILLE,APPANOOSE,,S DRAKE AVE,Collision with:  Vehicle in traffic,On Roadway,Rear-end (front to rear),Swerving/Evasive Action,None Indicated,None apparent,Daylight,Dry,Clear,None apparent,Non-intersection:  Non-junction/no special feature,Paved,N/A,Possible/Unknown,0,1,0,0,1,0,1000,2,3,N/A,POINT (-92.872668126683 40.732405308234)
2012682452,201205488,04/17/2012,04-April,3-Tuesday,10:17,1000 Hours,District 6 (East Central),CEDAR RAPIDS,LINN,,CENTER POINT RD NE,Collision with:  Vehicle in traffic,On Roadway,"Angle, oncoming left turn",FTYROW:  Making left turn,None Indicated,None apparent,Daylight,Dry,Clear,None apparent,Intersection:  Four-way intersection,Paved,N/A,Property Damage Only,0,0,0,0,0,0,2000,2,2,N/A,POINT (-91.663014518672 42.010395588422)
2012682795,12-059,04/18/2012,04-April,4-Wednesday,15:21,1500 Hours,District 2 (Northeast),WAVERLY,BREMER,IA 116,IA 116/4TH ST SW,Collision with:  Vehicle in traffic,On Roadway,Rear-end (front to rear),Lost Control,None Indicated,None apparent,Daylight,Dry,Clear,None apparent,Non-intersection:  Non-junction/no special feature,Paved,N/A,Property Damage Only,0,0,0,0,0,0,3100,2,3,Southbound (SB),POINT (-92.475644818994 42.71844820982)
2012682207,W12-040318,04/18/2012,04-April,4-Wednesday,15:04,1500 Hours,District 2 (Northeast),WATERLOO,BLACK HAWK,,W 9TH ST,Collision with:  Vehicle in traffic,On Roadway,Rear-end (front to rear),Followed too close,None Indicated,None apparent,Daylight,Dry,Clear,None apparent,Non-intersection:  Non-junction/no special feature,Paved,N/A,Possible/Unknown,0,1,0,0,1,0,4000,2,3,N/A,POINT (-92.342740479155 42.466963377961)
2012683237,2012004861,04/19/2012,04-April,5-Thursday,21:04,2100 Hours,District 6 (East Central),IOWA CITY,JOHNSON,IA 1,IA 1/GOVERNOR ST,Collision with fixed object:  Tree,On Roadway,Non-collision (single vehicle),Ran off road - left,None Indicated,None apparent,Dark - roadway lighted,Wet,Rain,None apparent,Non-intersection:  Non-junction/no special feature,Paved,N/A,Possible/Unknown,0,1,0,0,1,0,2600,1,1,Northbound (NB),POINT (-91.522857957554 41.659500660075)
2012682508,12-0870,04/20/2012,04-April,6-Friday,17:06,1700 Hours,District 1 (Central),URBANDALE,POLK,I-35,I-35,Collision with:  Vehicle in traffic,On Roadway,Rear-end (front to rear),Followed too close,None Indicated,None apparent,Daylight,Dry,Clear,None apparent,Non-intersection:  Non-junction/no special feature,Paved,N/A,Property Damage Only,0,0,0,0,0,0,5000,3,6,No Travel Direction Consistent with Route,POINT (-93.726290290266 41.652467367845)
2012682991,201205663,04/21/2012,04-April,7-Saturday,00:15,0000 Hours,District 6 (East Central),CEDAR RAPIDS,LINN,,OAKLAND RD NE,Collision with fixed object:  Curb/island/raised median,On Roadway,Non-collision (single vehicle),Ran off road - right,Alcohol (Statutory),None apparent,Dark - roadway lighted,Dry,Clear,None apparent,Non-intersection:  Non-junction/no special feature,Paved,N/A,Major Injury,0,2,2,0,0,0,1000,1,1,N/A,POINT (-91.659859727831 42.002478197747)
2012683116,12-1799,04/22/2012,04-April,1-Sunday,15:45,1500 Hours,District 6 (East Central),HIAWATHA,LINN,,BOYSON RD & DRY RUN CREEK CT,Collision with:  Vehicle in traffic,On Roadway,Rear-end (front to rear),Lost Control,None Indicated,None apparent,Daylight,Dry,Cloudy,Non-highway work,Non-intersection:  Non-junction/no special feature,Paved,N/A,Possible/Unknown,0,2,0,0,2,0,10000,2,4,N/A,POINT (-91.667342127243 42.047777303095)
2012683900,12-012971,04/23/2012,04-April,2-Monday,20:26,2000 Hours,District 5 (Southeast),,LEE,,Co Rd J40/CO RD 103,Collision with:  Animal,N/A,N/A,Animal,None Indicated,N/A,N/A,N/A,N/A,N/A,N/A,Paved,N/A,Property Damage Only,0,0,0,0,0,0,3000,1,1,N/A,POINT (-91.440956464944 40.716297689655)
2012682846,20120012100,04/24/2012,04-April,3-Tuesday,07:55,0700 Hours,District 1 (Central),DES MOINES,POLK,,PARK ST & 3RD ST,Collision with:  Vehicle in traffic,On Roadway,Rear-end (front to rear),Followed too close,None Indicated,None apparent,Daylight,Dry,Clear,None apparent,Intersection:  Four-way intersection,Paved,N/A,Property Damage Only,0,0,0,0,0,0,4500,2,2,N/A,POINT (-93.62148837854 41.590481780144)
2012682928,CL12001556,04/25/2012,04-April,4-Wednesday,15:59,1500 Hours,District 6 (East Central),CLINTON,CLINTON,,13TH AVE N & N 11TH ST & 11TH ST NW,Collision with:  Vehicle in traffic,On Roadway,Broadside (front to side),FTYROW:  From stop sign,None Indicated,None apparent,Daylight,Dry,Cloudy,None apparent,Intersection:  Four-way intersection,Paved,N/A,Minor Injury,0,1,0,1,0,0,10000,2,5,N/A,POINT (-90.21136626338 41.859362676447)
2012683399,12-8172,04/26/2012,04-April,5-Thursday,18:06,1800 Hours,District 6 (East Central),,SCOTT,,Co Rd Z16/UTICA RIDGE RD,Collision with:  Other non-fixed object (explain in narrative),On Roadway,Non-collision (single vehicle),Other (explain in narrative):  No improper action,None Indicated,Visual obstruction,Daylight,Dry,"Blowing sand, soil, dirt",Debris,Intersection:  Four-way intersection,Paved,N/A,Property Damage Only,0,0,0,0,0,0,5000,1,1,N/A,POINT (-90.502316485859 41.611974357548)
2012683307,20120012361,04/26/2012,04-April,5-Thursday,15:07,1500 Hours,District 1 (Central),DES MOINES,POLK,,48TH ST,Collision with:  Vehicle in traffic,On Roadway,Rear-end (front to rear),"Operating vehicle in an reckless, erratic, careless, negligent manner",None Indicated,None apparent,Daylight,Dry,Clear,None apparent,Non-intersection:  Non-junction/no special feature,Paved,N/A,Property Damage Only,0,0,0,0,0,0,1800,2,2,N/A,POINT (-93.682617640398 41.60636609938)
2012684519,201206075,04/27/2012,04-April,6-Friday,18:24,1800 Hours,District 6 (East Central),CEDAR RAPIDS,LINN,IA 922,IA 922/1ST AVE E,Collision with:  Vehicle in traffic,On Roadway,Rear-end (front to rear),Lost Control,None Indicated,None apparent,Daylight,Dry,Cloudy,None apparent,Non-intersection:  Non-junction/no special feature,Paved,N/A,Property Damage Only,0,0,0,0,0,0,5500,2,5,No Travel Direction Consistent with Route,POINT (-91.668515536491 41.97881999687)