Iowa DOT Case Number,Law Enforcement Case Number,Date of Crash,Month of Crash,Day of Week,Time of Crash,Hour,DOT District,City Name,County Name,Route with System,Location Description,First Harmful Event,Location of First Harmful Event,Manner of Crash/Collision,Major Cause,Drug or Alcohol ,Environmental Conditions,Light Conditions,Surface Conditions,Weather Conditions,Roadway Contribution,Roadway Type,Roadway Surface,Work Zone,Crash Severity,Number of Fatalities,Number of Injuries,Number of Major Injuries,Number of Minor Injuries,Number of Possible Injuries,Number of Unknown Injuries,Amount of Property Damage,Number of Vehicles Involved,Total Number of Occupants,Travel Direction,Location
2012683198,12006355,04/28/2012,04-April,7-Saturday,13:48,1300 Hours,District 5 (Southeast),CENTERVILLE,APPANOOSE,IA 5,IA 5/S 18TH ST & E STEWART ST,Collision with:  Vehicle in traffic,On Roadway,Rear-end (front to rear),Ran off road - left,None Indicated,None apparent,Daylight,Dry,Clear,None apparent,Non-intersection:  Non-junction/no special feature,Paved,N/A,Minor Injury,0,1,0,1,0,0,5500,2,5,Southbound (SB),POINT (-92.867903014471 40.716652803158)
2012683938,20120012657,04/29/2012,04-April,1-Sunday,01:43,0100 Hours,District 1 (Central),DES MOINES,POLK,,GUTHRIE AVE & DELAWARE AVE,Collision with fixed object:  Utility pole/light support,On Roadway,Non-collision (single vehicle),Unknown,None Indicated,Unknown,Dark - roadway lighted,Dry,Cloudy,Unknown,Intersection:  Four-way intersection,Paved,N/A,Property Damage Only,0,0,0,0,0,0,5500,1,1,N/A,POINT (-93.581275462293 41.615047692643)
2012683591,12-2955,04/30/2012,04-April,2-Monday,14:36,1400 Hours,District 1 (Central),DES MOINES,POLK,,NE 34 ST,Collision with fixed object:  Mailbox,Shoulder,Non-collision (single vehicle),Ran off road - right,None Indicated,None apparent,Daylight,Dry,Clear,None apparent,Non-intersection:  Non-junction/no special feature,Paved,N/A,Property Damage Only,0,0,0,0,0,0,2100,1,1,N/A,POINT (-93.550283559321 41.641726433211)
2012689348,2012-32335,05/01/2012,05-May,3-Tuesday,10:30,1000 Hours,District 6 (East Central),DAVENPORT,SCOTT,,MAIN ST,Collision with:  Vehicle in traffic,On Roadway,Rear-end (front to rear),FTYROW:  From parked position,None Indicated,None apparent,Daylight,Wet,Rain,None apparent,Non-intersection:  Alley,Paved,N/A,Property Damage Only,0,0,0,0,0,0,2000,2,2,N/A,POINT (-90.575550224438 41.538754252911)
2012684136,2012-4066,05/02/2012,05-May,4-Wednesday,15:54,1500 Hours,District 3 (Northwest),WALL LAKE,SAC,,Co Rd M64/NEEDHAM AVE,Collision with fixed object:  Ditch,Roadside,Non-collision (single vehicle),Swerving/Evasive Action,Under Influence of Alcohol/Drugs/Medications,None apparent,Daylight,Dry,Cloudy,None apparent,Non-intersection:  Non-junction/no special feature,Paved,N/A,Major Injury,0,1,1,0,0,0,2000,1,1,N/A,POINT (-95.090762893493 42.247925038549)
2012683873,01-12-21175,05/02/2012,05-May,4-Wednesday,13:26,1300 Hours,District 6 (East Central),DUBUQUE,DUBUQUE,,UNIVERSITY AVE,Collision with:  Vehicle in traffic,On Roadway,Broadside (front to side),FTYROW:  From driveway,None Indicated,None apparent,Daylight,Dry,Clear,None apparent,Non-intersection:  Driveway access (within),Paved,N/A,Property Damage Only,0,0,0,0,0,0,5500,2,2,N/A,POINT (-90.687677962928 42.498397042536)
2012685985,2012024867,05/03/2012,05-May,5-Thursday,08:55,0800 Hours,District 2 (Northeast),WATERLOO,BLACK HAWK,US 218,US 218/WASHINGTON ST,Collision with:  Vehicle in traffic,On Roadway,"Sideswipe, same direction",Swerving/Evasive Action,None Indicated,None apparent,Daylight,Wet,Cloudy,None apparent,Non-intersection:  Non-junction/no special feature,Paved,N/A,Property Damage Only,0,0,0,0,0,0,3500,2,2,Southbound (SB),POINT (-92.331745708058 42.486262403892)
2012684614,12-14221,05/04/2012,05-May,6-Friday,09:25,0900 Hours,District 3 (Northwest),SIOUX CITY,WOODBURY,,FLOYD BLVD & OUTER DR N,Collision with:  Vehicle in traffic,On Roadway,"Angle, oncoming left turn",FTYROW:  Making left turn,None Indicated,None apparent,Daylight,Dry,Clear,None apparent,Intersection:  Four-way intersection,Paved,N/A,Property Damage Only,0,0,0,0,0,0,1500,2,2,N/A,POINT (-96.37021977528 42.533956433994)
2012684616,12-14249,05/04/2012,05-May,6-Friday,13:34,1300 Hours,District 3 (Northwest),SIOUX CITY,WOODBURY,,SUMMIT ST,Collision with:  Parked motor vehicle,On Roadway,Broadside (front to side),FTYROW:  From driveway,None Indicated,None apparent,Daylight,Dry,Cloudy,None apparent,Non-intersection:  Driveway access (within),Paved,N/A,Property Damage Only,0,0,0,0,0,0,2000,2,1,N/A,POINT (-96.40950368876 42.50545551721)
2012684598,201200021810,05/05/2012,05-May,7-Saturday,17:04,1700 Hours,District 5 (Southeast),OTTUMWA,WAPELLO,,ALBIA RD,Collision with:  Vehicle in traffic,On Roadway,Rear-end (front to rear),Followed too close,None Indicated,None apparent,Daylight,Dry,Cloudy,None apparent,Non-intersection:  Non-junction/no special feature,Paved,N/A,Property Damage Only,0,0,0,0,0,0,3000,2,3,N/A,POINT (-92.439432019476 41.009446248454)
2012684768,2012025626,05/06/2012,05-May,1-Sunday,08:25,0800 Hours,District 4 (Southwest),,CASS,I-80,I-80,Collision with:  Animal,N/A,N/A,Animal,None Indicated,N/A,N/A,N/A,N/A,N/A,N/A,Paved,N/A,Property Damage Only,0,0,0,0,0,0,5000,1,1,Eastbound (EB),POINT (-94.907718751224 41.497198425928)
2012685086,12-047434,05/07/2012,05-May,2-Monday,13:34,1300 Hours,District 2 (Northeast),WATERLOO,BLACK HAWK,,Co Rd V43/N ELK RUN RD,Collision with:  Vehicle in traffic,On Roadway,"Sideswipe, same direction",Crossed centerline (undivided),None Indicated,None apparent,Daylight,Dry,Cloudy,None apparent,Non-intersection:  Driveway access (within),Paved,N/A,Property Damage Only,0,0,0,0,0,0,5000,2,2,N/A,POINT (-92.258406799194 42.547347858239)
2012684736,12-017018,05/08/2012,05-May,3-Tuesday,07:50,0700 Hours,District 4 (Southwest),COUNCIL BLUFFS,POTTAWATTAMIE,,5TH AVE,Collision with:  Vehicle in traffic,On Roadway,"Angle, oncoming left turn",Made improper turn,None Indicated,None apparent,Daylight,Dry,Clear,None apparent,Non-intersection:  Non-junction/no special feature,Paved,N/A,Property Damage Only,0,0,0,0,0,0,5000,2,5,N/A,POINT (-95.875046158088 41.257134392253)
2012685319,12-001078,05/08/2012,05-May,3-Tuesday,13:15,1300 Hours,District 1 (Central),ALTOONA,POLK,I-80,I-80 & US 6/FREDERICK M HUBBELL AVE,Collision with:  Vehicle in traffic,On Roadway,"Sideswipe, same direction",Other (explain in narrative):  Other,None Indicated,None apparent,Daylight,Dry,Clear,None apparent,Non-intersection:  Non-junction/no special feature,Paved,N/A,Property Damage Only,0,0,0,0,0,0,1800,2,2,Ramp,POINT (-93.496082947869 41.660699046666)
2012686295,12-001707,05/09/2012,05-May,4-Wednesday,13:50,1300 Hours,District 3 (Northwest),,LYON,,Co Rd K64/JACKSON AVE,Collision with:  Vehicle in traffic,On Roadway,"Sideswipe, same direction",Other (explain in narrative):  Other,None Indicated,Other (explain in narrative),Daylight,"Mud, dirt",Clear,None apparent,Non-intersection:  Non-junction/no special feature,Unpaved,N/A,Property Damage Only,0,0,0,0,0,0,1500,2,2,N/A,POINT (-96.059328858394 43.281677221806)
2012684971,W12-048471,05/10/2012,05-May,5-Thursday,11:12,1100 Hours,District 2 (Northeast),WATERLOO,BLACK HAWK,,W 5TH ST,Collision with:  Vehicle in traffic,On Roadway,"Sideswipe, same direction",FTYROW:  Other (explain in narrative),None Indicated,None apparent,Daylight,Dry,Clear,None apparent,Intersection:  Four-way intersection,Paved,N/A,Property Damage Only,0,0,0,0,0,0,5000,2,4,N/A,POINT (-92.344056349036 42.49005293704)
2012691068,12S-024,05/10/2012,05-May,5-Thursday,06:00,0600 Hours,District 4 (Southwest),,UNION,,Co Rd H24/150TH ST,Collision with:  Animal,Roadside,Non-collision (single vehicle),Animal,None Indicated,Animal in roadway,Dawn,Dry,Clear,None apparent,Non-intersection:  Driveway access (within),Paved,N/A,Major Injury,0,1,1,0,0,0,7500,1,1,N/A,POINT (-94.417336678184 41.085885324363)
2012684995,12-15476,05/11/2012,05-May,6-Friday,08:18,0800 Hours,District 5 (Southeast),BURLINGTON,DES MOINES,,VALLEY ST & CENTRAL AVE,Collision with:  Vehicle in traffic,On Roadway,Rear-end (front to rear),Followed too close,None Indicated,None apparent,Daylight,Dry,Clear,None apparent,Intersection:  Four-way intersection,Paved,N/A,Possible/Unknown,0,2,0,0,2,0,7000,2,3,N/A,POINT (-91.111847332559 40.810802326303)
2012685991,,05/12/2012,05-May,7-Saturday,22:15,2200 Hours,District 4 (Southwest),,MILLS,,Co Rd L55/287TH ST,Collision with fixed object:  Traffic sign support,On Roadway,Non-collision (single vehicle),Swerving/Evasive Action,None Indicated,Animal in roadway,Dark - roadway not lighted,Dry,Clear,None apparent,Non-intersection:  Non-junction/no special feature,Paved,N/A,Property Damage Only,0,0,0,0,0,0,4200,1,1,N/A,POINT (-96.643700150779 40.233091251088)
2012685724,12-000647,05/12/2012,05-May,7-Saturday,13:03,1300 Hours,District 1 (Central),JOHNSTON,POLK,,NW 63RD PL,Collision with:  Parked motor vehicle,On Roadway,"Sideswipe, opposite direction",Other (explain in narrative):  Vision obstructed,None Indicated,None apparent,Daylight,Dry,Cloudy,None apparent,Non-intersection:  Non-junction/no special feature,Paved,N/A,Property Damage Only,0,0,0,0,0,0,4000,2,5,N/A,POINT (-93.695192283302 41.675411645285)
2012686025,20121022,05/14/2012,05-May,2-Monday,07:36,0700 Hours,District 2 (Northeast),KLEMME,HANCOCK,US 69,US 69 & 168,Collision with:  Vehicle in traffic,On Roadway,"Sideswipe, same direction",FTYROW:  From stop sign,None Indicated,None apparent,Daylight,Dry,Clear,None apparent,Intersection:  T-intersection,Paved,N/A,Property Damage Only,0,0,0,0,0,0,2000,2,2,Southbound (SB),POINT (-93.616362121778 43.007032121374)
2012685732,S12-011027,05/14/2012,05-May,2-Monday,15:40,1500 Hours,District 4 (Southwest),AVOCA,POTTAWATTAMIE,,W HIGH ST & S ELM ST & N ELM ST,Collision with:  Vehicle in traffic,On Roadway,Broadside (front to side),Ran Stop Sign,None Indicated,None apparent,Daylight,Dry,Clear,None apparent,Intersection:  Four-way intersection,Paved,N/A,Property Damage Only,0,0,0,0,0,0,2000,2,2,N/A,POINT (-95.339437481723 41.476587877196)
2012685565,12-2326,05/15/2012,05-May,3-Tuesday,05:06,0500 Hours,District 1 (Central),WEST DES MOINES,POLK,I-35,I-35,Collision with:  Animal,On Roadway,Non-collision (single vehicle),Animal,None Indicated,Animal in roadway,Dark - roadway lighted,Dry,Clear,None apparent,Non-intersection:  Non-junction/no special feature,Paved,N/A,Property Damage Only,0,0,0,0,0,0,2000,1,3,Southbound (SB),POINT (-93.775627449046 41.543419097957)
2012685669,56-2012,05/15/2012,05-May,3-Tuesday,00:05,0000 Hours,District 4 (Southwest),,HARRISON,I-29,I-29,Collision with:  Animal,N/A,N/A,Animal,None Indicated,N/A,N/A,N/A,N/A,N/A,N/A,Paved,N/A,Property Damage Only,0,0,0,0,0,0,5000,1,1,Southbound (SB),POINT (-95.93390081816 41.577832449059)
2012685876,20120014710,05/16/2012,05-May,4-Wednesday,14:20,1400 Hours,District 1 (Central),DES MOINES,POLK,,GRAND AVE & 3RD ST,Collision with:  Vehicle in traffic,On Roadway,Rear-end (front to rear),Followed too close,None Indicated,None apparent,Daylight,Dry,Clear,Work Zone (roadway-related),Intersection:  Four-way intersection,Paved,Yes,Property Damage Only,0,0,0,0,0,0,4000,2,2,N/A,POINT (-93.621494145657 41.588581219325)
2012687488,2012027733,05/17/2012,05-May,5-Thursday,21:48,2100 Hours,District 4 (Southwest),,POTTAWATTAMIE,I-80,I-80,Collision with:  Animal,N/A,N/A,Animal,None Indicated,N/A,N/A,N/A,N/A,N/A,N/A,Paved,N/A,Property Damage Only,0,0,0,0,0,0,6500,1,1,No Travel Direction Consistent with Route,POINT (-95.676335744554 41.37552716171)
2012687470,2012027981,05/18/2012,05-May,6-Friday,23:40,2300 Hours,District 4 (Southwest),,DALLAS,I-80,I-80,Collision with:  Animal,On Roadway,Non-collision (single vehicle),Animal,None Indicated,Animal in roadway,Dark - roadway not lighted,Dry,Clear,None apparent,Non-intersection:  Non-junction/no special feature,Paved,N/A,Property Damage Only,0,0,0,0,0,0,3500,1,1,Westbound (WB),POINT (-93.890388832802 41.560917469613)
2012686549,12-021344,05/18/2012,05-May,6-Friday,07:51,0700 Hours,District 5 (Southeast),MUSCATINE,MUSCATINE,,CLAY ST & GRAND AVE,Collision with:  Vehicle in traffic,On Roadway,"Sideswipe, same direction",FTYROW:  Other (explain in narrative),None Indicated,None apparent,Daylight,Dry,Clear,None apparent,Non-intersection:  Non-junction/no special feature,Paved,N/A,Property Damage Only,0,0,0,0,0,0,5000,2,2,N/A,POINT (-91.031876575156 41.442229324894)
2012686289,12-2345,05/19/2012,05-May,7-Saturday,18:40,1800 Hours,District 6 (East Central),HIAWATHA,LINN,,BLAIRS FERRY RD & 10TH AVE,Collision with:  Vehicle in traffic,On Roadway,"Angle, oncoming left turn",FTYROW:  Making left turn,None Indicated,None apparent,Daylight,Dry,Clear,None apparent,Intersection:  Four-way intersection,Paved,N/A,Possible/Unknown,0,1,0,0,0,1,2300,2,2,N/A,POINT (-91.68295690555 42.034763268649)
2012687794,2012028256,05/20/2012,05-May,1-Sunday,16:35,1600 Hours,District 4 (Southwest),VAN METER,DALLAS,I-80,I-80,Collision with:  Vehicle in traffic,On Roadway,Rear-end (front to rear),Followed too close,None Indicated,None apparent,Daylight,Dry,Clear,None apparent,Non-intersection:  Non-junction/no special feature,Paved,N/A,Property Damage Only,0,0,0,0,0,0,5500,2,4,Eastbound (EB),POINT (-93.948274229165 41.549285686794)
2012696999,,05/21/2012,05-May,2-Monday,06:40,0600 Hours,District 6 (East Central),,LINN,US 151,US 151,Collision with:  Animal,On Roadway,Non-collision (single vehicle),Animal,None Indicated,Animal in roadway,N/A,N/A,N/A,N/A,N/A,Paved,N/A,Property Damage Only,0,0,0,0,0,0,3000,1,1,Unknown - Not Indicated - Unlocated,POINT (-91.550464270614 41.951820671554)
2012686930,S12-011572,05/21/2012,05-May,2-Monday,09:10,0900 Hours,District 4 (Southwest),,POTTAWATTAMIE,,Co Rd G66/PIONEER TRL,Collision with:  Vehicle in traffic,On Roadway,"Angle, oncoming left turn",FTYROW:  Making left turn,None Indicated,None apparent,Daylight,Dry,Clear,None apparent,Intersection:  Four-way intersection,Paved,N/A,Minor Injury,0,1,0,1,0,0,8000,2,2,N/A,POINT (-95.763377615263 41.210029028287)
2012690085,12004314,05/22/2012,05-May,3-Tuesday,15:26,1500 Hours,District 6 (East Central),,DELAWARE,,Co Rd D5X/JEFFERSON RD/240TH ST & Co Rd X21,Collision with:  Vehicle in traffic,On Roadway,Broadside (front to side),Ran Stop Sign,None Indicated,None apparent,Daylight,Dry,Clear,None apparent,Intersection:  Other intersection (explain in narrative),Paved,N/A,Minor Injury,0,1,0,1,0,0,5000,2,2,N/A,POINT (-91.406174536484 42.441510105251)
2012687012,01-12-25138,05/23/2012,05-May,4-Wednesday,12:13,1200 Hours,District 6 (East Central),DUBUQUE,DUBUQUE,US 52,US 52/E 11TH ST,Collision with:  Vehicle in traffic,On Roadway,"Sideswipe, same direction",FTYROW:  Other (explain in narrative),None Indicated,None apparent,Daylight,Dry,Clear,None apparent,Non-intersection:  Non-junction/no special feature,Paved,N/A,Property Damage Only,0,0,0,0,0,0,5300,2,2,No Travel Direction Consistent with Route,POINT (-90.664783855285 42.504380331684)
2012689375,2012-40170,05/24/2012,05-May,5-Thursday,12:46,1200 Hours,District 6 (East Central),DAVENPORT,SCOTT,US 67,US 67/E RIVER DR,Collision with:  Vehicle in traffic,On Roadway,"Sideswipe, same direction",Other (explain in narrative):  Other,None Indicated,None apparent,Daylight,Dry,Clear,None apparent,Intersection:  T-intersection,Paved,N/A,Property Damage Only,0,0,0,0,0,0,4500,2,2,No Travel Direction Consistent with Route,POINT (-90.565917249724 41.522330095076)
2012687006,12-17198,05/24/2012,05-May,5-Thursday,09:30,0900 Hours,District 5 (Southeast),BURLINGTON,DES MOINES,,HARRISON AVE & SUMMER ST,Collision with:  Vehicle in traffic,On Roadway,Rear-end (front to rear),Improper Backing,None Indicated,None apparent,Daylight,Dry,Clear,None apparent,Intersection:  Four-way intersection,Paved,N/A,Property Damage Only,0,0,0,0,0,0,3000,2,5,N/A,POINT (-91.116049187119 40.789252239667)
2012689172,12004385,05/25/2012,05-May,6-Friday,18:38,1800 Hours,District 3 (Northwest),,CARROLL,,210TH ST,Non-collision events:  Overturn/rollover,On Roadway,Non-collision (single vehicle),Ran off road - right,None Indicated,None apparent,Daylight,Dry,Clear,None apparent,Non-intersection:  Non-junction/no special feature,Unpaved,N/A,Possible/Unknown,0,1,0,0,1,0,2000,1,1,N/A,POINT (-94.900326997079 42.049722947691)
2012698259,,05/26/2012,05-May,7-Saturday,21:30,2100 Hours,District 6 (East Central),,LINN,,ABBE HILLS RD,Collision with fixed object:  Culvert/pipe opening,Roadside,Non-collision (single vehicle),Driving too fast for conditions,None Indicated,None apparent,Dark - roadway lighted,"Mud, dirt",Cloudy,None apparent,Non-intersection:  Non-junction/no special feature,Unpaved,N/A,Minor Injury,0,3,0,3,0,0,4500,1,5,N/A,POINT (-91.381652414387 41.947376251388)
2012736759,2012-34-AC,05/27/2012,05-May,1-Sunday,15:48,1500 Hours,District 3 (Northwest),,DICKINSON,,Co Rd N16/320TH AVE,Non-collision events:  Overturn/rollover,On Roadway,Non-collision (single vehicle),Crossed centerline (undivided),None Indicated,None apparent,Daylight,Dry,Clear,None apparent,Non-intersection:  Non-junction/no special feature,Paved,N/A,Major Injury,0,2,1,0,1,0,1500,2,2,N/A,POINT (-94.953727115761 43.464483905351)
2012687243,12-13967,05/27/2012,05-May,1-Sunday,18:54,1800 Hours,District 1 (Central),MONROE,JASPER,IA 14,IA 14/IOWA 14 S,Collision with:  Vehicle in traffic,On Roadway,"Angle, oncoming left turn",FTYROW:  Making left turn,None Indicated,None apparent,Daylight,Dry,Clear,None apparent,Intersection:  T-intersection,Paved,N/A,Possible/Unknown,0,4,0,0,4,0,20000,2,4,Both North and South,POINT (-93.097004106479 41.574069934668)
2012691330,01-12-25938,05/28/2012,05-May,2-Monday,13:44,1300 Hours,District 6 (East Central),DUBUQUE,DUBUQUE,,YALE CT,Collision with:  Parked motor vehicle,Outside trafficway,Rear-end (front to rear),Improper Backing,None Indicated,None apparent,Daylight,Dry,Cloudy,None apparent,Non-intersection:  Other non-intersection (explain in narrative),Paved,N/A,Possible/Unknown,0,1,0,0,0,1,2300,2,1,N/A,POINT (-90.676869574644 42.498781697537)
2012690332,E201201111,05/29/2012,05-May,3-Tuesday,11:38,1100 Hours,District 3 (Northwest),EMMETSBURG,PALO ALTO,IA 4,IA 4/BROADWAY ST & 11TH ST,Collision with:  Vehicle in traffic,On Roadway,"Sideswipe, same direction",FTYROW:  Other (explain in narrative),None Indicated,None apparent,Daylight,Dry,Clear,None apparent,Intersection:  Four-way intersection,Paved,N/A,Property Damage Only,0,0,0,0,0,0,3500,2,2,Southbound (SB),POINT (-94.678875532184 43.110151924761)
2012689105,2012030250,05/30/2012,05-May,4-Wednesday,14:58,1400 Hours,District 3 (Northwest),,IDA,,220TH ST,Collision with fixed object:  Ditch,Outside trafficway,Non-collision (single vehicle),Ran off road - right,None Indicated,None apparent,Daylight,"Mud, dirt",Cloudy,None apparent,Non-intersection:  Non-junction/no special feature,Unpaved,N/A,Minor Injury,0,1,0,1,0,0,2000,1,1,N/A,POINT (-95.430288738568 42.38484826186)
2012688638,,05/31/2012,05-May,5-Thursday,15:40,1500 Hours,District 5 (Southeast),NORWALK,WARREN,IA 28,IA 28/IOWA 28 & BEARDSLEY ST,Collision with:  Vehicle in traffic,On Roadway,Broadside (front to side),FTYROW:  Making right turn on red signal,None Indicated,None apparent,Daylight,Wet,Rain,None apparent,Intersection:  Four-way intersection,Paved,N/A,Property Damage Only,0,0,0,0,0,0,1600,2,4,Southbound (SB),POINT (-93.674147745631 41.496995437765)
2012687988,12-020377,05/31/2012,05-May,5-Thursday,10:00,1000 Hours,District 4 (Southwest),COUNCIL BLUFFS,POTTAWATTAMIE,,2ND AVE & S 10TH ST,Collision with:  Vehicle in traffic,On Roadway,Broadside (front to side),Ran Stop Sign,None Indicated,None apparent,Daylight,Wet,Rain,None apparent,Intersection:  Four-way intersection,Paved,N/A,Property Damage Only,0,0,0,0,0,0,3000,2,4,N/A,POINT (-95.858925338659 41.259670651568)
2012687933,12-3789,06/01/2012,06-June,6-Friday,09:55,0900 Hours,District 1 (Central),,POLK,IA 141,IA 141/IOWA 141,Non-collision events:  Overturn/rollover,On Roadway,Non-collision (single vehicle),Crossed centerline (undivided),None Indicated,None apparent,Daylight,Dry,Clear,None apparent,Non-intersection:  Non-junction/no special feature,Paved,N/A,Property Damage Only,0,0,0,0,0,0,6100,1,3,No Travel Direction Consistent with Route,POINT (-93.777223577731 41.740394310065)
2012688439,12-060602-02,06/02/2012,06-June,7-Saturday,17:30,1700 Hours,District 6 (East Central),,IOWA,,Co Rd F15/F15 BLVD,Collision with fixed object:  Ditch,On Roadway,Non-collision (single vehicle),Crossed centerline (undivided),None Indicated,None apparent,Daylight,Dry,Clear,None apparent,Non-intersection:  Non-junction/no special feature,Paved,N/A,Property Damage Only,0,0,0,0,0,0,5000,1,2,N/A,POINT (-92.007335959817 41.810501700658)
2012690985,F12020649,06/02/2012,06-June,7-Saturday,06:49,0600 Hours,District 2 (Northeast),,FRANKLIN,,Co Rd C55/70TH ST & NETTLE AVE,Collision with:  Vehicle in traffic,On Roadway,"Sideswipe, same direction",FTYROW:  Making left turn,None Indicated,None apparent,Daylight,Dry,Clear,None apparent,Intersection:  T-intersection,Paved,N/A,Property Damage Only,0,0,0,0,0,0,3000,2,2,N/A,POINT (-93.243315821538 42.629559187425)
2012692502,,06/03/2012,06-June,1-Sunday,09:50,0900 Hours,District 1 (Central),DES MOINES,POLK,,49TH ST,Collision with:  Vehicle in traffic,On Roadway,Broadside (front to side),FTYROW:  From driveway,None Indicated,None apparent,Daylight,Dry,Clear,None apparent,Non-intersection:  Other non-intersection (explain in narrative),Paved,N/A,Possible/Unknown,0,1,0,0,1,0,7000,2,2,N/A,POINT (-93.68523257726 41.622122145396)
2012688696,12-68-0303,06/04/2012,06-June,2-Monday,10:48,1000 Hours,District 5 (Southeast),,MONROE,US 34,US 34,Collision with fixed object:  Ditch,Roadside,Non-collision (single vehicle),Swerving/Evasive Action,None Indicated,None apparent,Daylight,Dry,Clear,None apparent,Non-intersection:  Non-junction/no special feature,Paved,N/A,Property Damage Only,0,0,0,0,0,0,5000,1,1,Westbound (WB),POINT (-92.735828509703 41.015596244021)
2012689740,A12-054,06/05/2012,06-June,3-Tuesday,13:32,1300 Hours,District 4 (Southwest),WINTERSET,MADISON,,S 2ND AVE,Collision with:  Parked motor vehicle,On Roadway,Rear-end (front to rear),Improper Backing,None Indicated,None apparent,Daylight,Dry,Clear,None apparent,Non-intersection:  Non-junction/no special feature,Unpaved,N/A,Property Damage Only,0,0,0,0,0,0,2000,2,1,N/A,POINT (-94.015767412268 41.329749064365)
2012688850,12-12152,06/06/2012,06-June,4-Wednesday,08:10,0800 Hours,District 1 (Central),AMES,STORY,I-35,I-35 & US 30,Collision with:  Vehicle in traffic,On Roadway,Rear-end (front to rear),Driving too fast for conditions,None Indicated,Other (explain in narrative),Daylight,Wet,Clear,Work Zone (roadway-related),Intersection:  Intersection with ramp,Paved,Yes,Property Damage Only,0,0,0,0,0,0,10998,2,2,Ramp,POINT (-93.57221573818 42.007587429098)
2012688823,20120017153,06/06/2012,06-June,4-Wednesday,16:55,1600 Hours,District 1 (Central),DES MOINES,POLK,I-235,I-235,Collision with:  Vehicle in traffic,On Roadway,Rear-end (front to rear),Followed too close,None Indicated,None apparent,Daylight,Dry,Cloudy,None apparent,Non-intersection:  Non-junction/no special feature,Paved,N/A,Property Damage Only,0,0,0,0,0,0,5000,2,2,Westbound (WB),POINT (-93.69838486346 41.592823620402)
2012688891,W12-059246,06/07/2012,06-June,5-Thursday,22:20,2200 Hours,District 2 (Northeast),WATERLOO,BLACK HAWK,,W COMMERCIAL ST,Non-collision events:  Overturn/rollover,On Roadway,Non-collision (single vehicle),Ran off road - right,None Indicated,None apparent,Dark - roadway not lighted,Dry,Clear,None apparent,Non-intersection:  Non-junction/no special feature,Paved,N/A,Minor Injury,0,2,0,2,0,0,3000,1,2,N/A,POINT (-92.354156750609 42.499458359097)
2012688927,12004079,06/08/2012,06-June,6-Friday,00:15,0000 Hours,District 1 (Central),RANDALL,HAMILTON,,Co Rd D65/380TH ST,Collision with:  Animal,N/A,N/A,Animal,None Indicated,N/A,N/A,N/A,N/A,N/A,N/A,Paved,N/A,Property Damage Only,0,0,0,0,0,0,4000,1,1,N/A,POINT (-93.574368425106 42.238321358342)
2012690049,,06/08/2012,06-June,6-Friday,21:25,2100 Hours,District 5 (Southeast),,LUCAS,IA 14,IA 14,Collision with:  Animal,On Roadway,Non-collision (single vehicle),Animal,None Indicated,Animal in roadway,Dark - roadway not lighted,Dry,Clear,None apparent,Non-intersection:  Non-junction/no special feature,Paved,N/A,Property Damage Only,0,0,0,0,0,0,2000,1,1,Northbound (NB),POINT (-93.301632688524 41.064607775166)
2012689318,12-2805,06/09/2012,06-June,7-Saturday,17:18,1700 Hours,District 1 (Central),WEST DES MOINES,POLK,,50TH ST,Collision with:  Vehicle in traffic,On Roadway,Broadside (front to side),FTYROW:  Other (explain in narrative),None Indicated,None apparent,Daylight,Dry,Clear,None apparent,Non-intersection:  Non-junction/no special feature,Paved,N/A,Property Damage Only,0,0,0,0,0,0,6000,2,11,N/A,POINT (-93.770908566272 41.5710761122)
2012689271,20110017657,06/10/2012,06-June,1-Sunday,18:37,1800 Hours,District 1 (Central),DES MOINES,POLK,US 6,US 6/MERLE HAY RD,Collision with:  Vehicle in traffic,On Roadway,"Angle, oncoming left turn",FTYROW:  Making left turn,None Indicated,None apparent,Daylight,Dry,Cloudy,None apparent,Non-intersection:  Driveway access (within),Paved,N/A,Property Damage Only,0,0,0,0,0,0,7000,2,3,No Travel Direction Consistent with Route,POINT (-93.697746544289 41.627126918224)
2012689581,2012-46421,06/11/2012,06-June,2-Monday,23:31,2300 Hours,District 6 (East Central),DAVENPORT,SCOTT,,W CENTRAL PARK AVE,Collision with fixed object:  Curb/island/raised median,On Roadway,Non-collision (single vehicle),Other (explain in narrative):  No improper action,None Indicated,None apparent,Dark - roadway lighted,Dry,Clear,None apparent,Non-intersection:  Non-junction/no special feature,Paved,N/A,Property Damage Only,0,0,0,0,0,0,7800,1,1,N/A,POINT (-90.61249910022 41.545480998376)
2012689595,2012-46399,06/11/2012,06-June,2-Monday,22:29,2200 Hours,District 6 (East Central),DAVENPORT,SCOTT,,W LOCUST ST & EAGLES CREST AVE,Collision with:  Vehicle in traffic,On Roadway,Rear-end (front to rear),Followed too close,None Indicated,None apparent,Dark - roadway lighted,Dry,Clear,None apparent,Intersection:  T-intersection,Paved,N/A,Minor Injury,0,3,0,2,1,0,9500,2,4,N/A,POINT (-90.641452438329 41.538198168716)
2012690526,01718,06/12/2012,06-June,3-Tuesday,12:46,1200 Hours,District 6 (East Central),DYERSVILLE,DUBUQUE,,3RD ST SW,Collision with:  Vehicle in traffic,On Roadway,Rear-end (front to rear),FTYROW:  From driveway,None Indicated,None apparent,Daylight,Dry,Clear,None apparent,Non-intersection:  Driveway access (within),Paved,N/A,Possible/Unknown,0,1,0,0,1,0,3000,2,3,N/A,POINT (-91.128318133377 42.477680430338)
2012690855,12-68-0327,06/13/2012,06-June,4-Wednesday,06:30,0600 Hours,District 5 (Southeast),ALBIA,MONROE,IA 5,IA 5/IOWA 5,Collision with:  Animal,N/A,N/A,Animal,None Indicated,N/A,N/A,N/A,N/A,N/A,N/A,Paved,N/A,Property Damage Only,0,0,0,0,0,0,3573,1,1,Southbound (SB),POINT (-92.818042397067 40.995315685272)