Iowa DOT Case Number,Law Enforcement Case Number,Date of Crash,Month of Crash,Day of Week,Time of Crash,Hour,DOT District,City Name,County Name,Route with System,Location Description,First Harmful Event,Location of First Harmful Event,Manner of Crash/Collision,Major Cause,Drug or Alcohol ,Environmental Conditions,Light Conditions,Surface Conditions,Weather Conditions,Roadway Contribution,Roadway Type,Roadway Surface,Work Zone,Crash Severity,Number of Fatalities,Number of Injuries,Number of Major Injuries,Number of Minor Injuries,Number of Possible Injuries,Number of Unknown Injuries,Amount of Property Damage,Number of Vehicles Involved,Total Number of Occupants,Travel Direction,Location
2012691104,,06/14/2012,06-June,5-Thursday,05:45,0500 Hours,District 2 (Northeast),OSCEOLA,KOSSUTH,US 34,US 34/W MC LANE ST/E MC LANE ST & US 69/S MAIN ST & Co Rd C10/105 ST,Collision with fixed object:  Ditch,On Roadway,Non-collision (single vehicle),Swerving/Evasive Action,None Indicated,Animal in roadway,Dawn,Dry,Clear,None apparent,Non-intersection:  Non-junction/no special feature,Paved,N/A,Property Damage Only,0,0,0,0,0,0,6542,1,1,Westbound (WB),POINT (-94.271394319535 42.915370987724)
2012690499,,06/15/2012,06-June,6-Friday,16:09,1600 Hours,District 1 (Central),DES MOINES,POLK,IA 163,IA 163/E UNIVERSITY AVE,Collision with:  Vehicle in traffic,On Roadway,Rear-end (front to rear),Followed too close,None Indicated,Weather conditions,Daylight,Wet,Rain,"Surface condition (e.g., wet, icy)",Non-intersection:  Non-junction/no special feature,Paved,N/A,Property Damage Only,0,0,0,0,0,0,4500,2,2,Westbound (WB),POINT (-93.574856608282 41.600461234601)
2012691243,CL12002256,06/15/2012,06-June,6-Friday,16:25,1600 Hours,District 6 (East Central),CLINTON,CLINTON,,13TH AVE N,Collision with:  Vehicle in traffic,On Roadway,"Sideswipe, same direction",Crossed centerline (undivided),None Indicated,None apparent,Daylight,Dry,Clear,None apparent,Non-intersection:  Non-junction/no special feature,Paved,N/A,Property Damage Only,0,0,0,0,0,0,3500,2,3,N/A,POINT (-90.206367101544 41.859358166569)
2012690267,12-20379,06/16/2012,06-June,7-Saturday,18:12,1800 Hours,District 5 (Southeast),,DES MOINES,US 34,US 34,Non-collision events:  Other non-collision (explain in narrative),On Roadway,Non-collision (single vehicle),Ran off road - right,None Indicated,Weather conditions,Daylight,Wet,Rain,"Surface condition (e.g., wet, icy)",Non-intersection:  Non-junction/no special feature,Paved,N/A,Property Damage Only,0,0,0,0,0,0,2300,1,1,Eastbound (EB),POINT (-91.311674847525 40.834654660321)
2012692075,261200972,06/17/2012,06-June,1-Sunday,09:05,0900 Hours,District 5 (Southeast),BLOOMFIELD,DAVIS,,MONARCH TRL,Collision with:  Vehicle in traffic,On Roadway,Head-on (front to front),FTYROW:  Other (explain in narrative),None Indicated,None apparent,Daylight,"Mud, dirt",Clear,None apparent,Non-intersection:  Non-junction/no special feature,Unpaved,N/A,Minor Injury,0,1,0,1,0,0,10500,2,5,N/A,POINT (-92.348814907409 40.889736931468)
2012691269,CL12002287,06/18/2012,06-June,2-Monday,17:30,1700 Hours,District 6 (East Central),CLINTON,CLINTON,,VALLEY WEST CT & MANUFACTURING DR,Collision with:  Vehicle in traffic,On Roadway,"Angle, oncoming left turn",FTYROW:  Making left turn,None Indicated,None apparent,Daylight,Dry,Clear,None apparent,Intersection:  Four-way intersection,Paved,N/A,Minor Injury,0,2,0,1,0,1,2000,2,2,N/A,POINT (-90.242702545353 41.820890766661)
2012690813,12-20112,06/18/2012,06-June,2-Monday,19:00,1900 Hours,District 3 (Northwest),SIOUX CITY,WOODBURY,,W 7TH ST & PERRY ST,Collision with:  Non-motorist (see non-motorist section - NOT a unit),On Roadway,Non-collision (single vehicle),Unknown,None Indicated,None apparent,Daylight,Dry,Clear,None apparent,Intersection:  Four-way intersection,Paved,N/A,Possible/Unknown,0,1,0,0,1,0,0,1,1,N/A,POINT (-96.409751778873 42.499054954443)
2012691671,2012007378,06/19/2012,06-June,3-Tuesday,15:04,1500 Hours,District 6 (East Central),IOWA CITY,JOHNSON,US 6,US 6 & HEINZ RD & S HEINZ RD,Collision with:  Vehicle in traffic,On Roadway,Rear-end (front to rear),Other (explain in narrative):  Other,None Indicated,None apparent,Daylight,Dry,Clear,None apparent,Intersection:  Four-way intersection,Paved,N/A,Property Damage Only,0,0,0,0,0,0,1500,2,2,Westbound (WB),POINT (-91.491075843143 41.63182398756)
2012690858,12-0750,06/20/2012,06-June,4-Wednesday,16:50,1600 Hours,District 1 (Central),CLIVE,POLK,I-35,I-35,Collision with:  Vehicle in traffic,On Roadway,Rear-end (front to rear),Driving too fast for conditions,None Indicated,None apparent,Daylight,Dry,Cloudy,None apparent,Non-intersection:  Non-junction/no special feature,Paved,N/A,Property Damage Only,0,0,0,0,0,0,3500,2,2,Southbound (SB),POINT (-93.776851012135 41.614540931975)
2012691060,12-3012,06/21/2012,06-June,5-Thursday,18:30,1800 Hours,District 1 (Central),WEST DES MOINES,POLK,,PRAIRIE VIEW DR,Collision with:  Vehicle in traffic,On Roadway,Broadside (front to side),FTYROW:  Making left turn,None Indicated,None apparent,Daylight,Dry,Clear,None apparent,Intersection:  Four-way intersection,Paved,N/A,Property Damage Only,0,0,0,0,0,0,5500,2,2,N/A,POINT (-93.779895524354 41.584301169906)
2012694071,2012034766,06/22/2012,06-June,6-Friday,12:50,1200 Hours,District 3 (Northwest),WESTSIDE,CRAWFORD,US 30,US 30,Collision with fixed object:  Ditch,On Roadway,Non-collision (single vehicle),Crossed centerline (undivided),None Indicated,None apparent,Daylight,Dry,Clear,None apparent,Non-intersection:  Non-junction/no special feature,Paved,N/A,Possible/Unknown,0,1,0,0,1,0,8000,1,1,Westbound (WB),POINT (-95.148531799631 42.079484664976)
2012691520,2012-49488,06/22/2012,06-June,6-Friday,08:34,0800 Hours,District 6 (East Central),DAVENPORT,SCOTT,,W LOMBARD ST & MARQUETTE ST,Collision with fixed object:  Utility pole/light support,On Roadway,Non-collision (single vehicle),Made improper turn,None Indicated,None apparent,Daylight,Dry,Clear,None apparent,Non-intersection:  Non-junction/no special feature,Paved,N/A,Property Damage Only,0,0,0,0,0,0,1500,1,1,N/A,POINT (-90.591329324261 41.541878019346)
2012692027,,06/23/2012,06-June,7-Saturday,09:50,0900 Hours,District 1 (Central),,JASPER,,,Collision with:  Vehicle in traffic,On Roadway,"Sideswipe, same direction",Unknown,None Indicated,N/A,Daylight,Dry,Clear,N/A,Non-intersection:  Non-junction/no special feature,N/A,N/A,Property Damage Only,0,0,0,0,0,0,4000,2,4,N/A,POINT (-96.643700150779 40.233091251088)
2012693356,2012035208,06/24/2012,06-June,1-Sunday,18:35,1800 Hours,District 4 (Southwest),COUNCIL BLUFFS,POTTAWATTAMIE,IA 192,IA 192/S EXPRESSWAY/SE RAMP & 19TH AVE,Collision with:  Vehicle in traffic,On Roadway,Rear-end (front to rear),"Operating vehicle in an reckless, erratic, careless, negligent manner",None Indicated,None apparent,Daylight,Dry,Clear,None apparent,Intersection:  Four-way intersection,Paved,N/A,Property Damage Only,0,0,0,0,0,0,4000,2,2,Ramp,POINT (-95.853784999682 41.243866015257)
2012692965,1206252421,06/25/2012,06-June,2-Monday,01:00,0100 Hours,District 6 (East Central),,CLINTON,,Co Rd E50/140 ST,Collision with fixed object:  Ditch,On Roadway,Non-collision (single vehicle),Swerving/Evasive Action,Under Influence of Alcohol/Drugs/Medications,Animal in roadway,Dark - roadway not lighted,Dry,Cloudy,None apparent,Non-intersection:  Non-junction/no special feature,Paved,N/A,Minor Injury,0,1,0,1,0,0,1000,1,1,N/A,POINT (-90.242102777203 41.975368878015)
2012693045,12-002629,06/26/2012,06-June,3-Tuesday,19:01,1900 Hours,District 1 (Central),ANKENY,POLK,,W 1ST ST,Collision with:  Vehicle in traffic,On Roadway,"Angle, oncoming left turn",FTYROW:  From driveway,None Indicated,None apparent,Daylight,Dry,Clear,None apparent,Non-intersection:  Driveway access (within),Paved,N/A,Property Damage Only,0,0,0,0,0,0,4500,2,3,N/A,POINT (-93.605402296133 41.731889657652)
2012692541,12013001,06/26/2012,06-June,3-Tuesday,14:05,1400 Hours,District 2 (Northeast),MASON CITY,CERRO GORDO,,S MONROE AVE,Collision with:  Non-motorist (see non-motorist section - NOT a unit),On Roadway,Non-collision (single vehicle),Other (explain in narrative):  No improper action,None Indicated,None apparent,Daylight,Dry,Cloudy,None apparent,Non-intersection:  Non-junction/no special feature,Paved,N/A,Possible/Unknown,0,1,0,0,1,0,1000,1,1,N/A,POINT (-93.209153059156 43.139883146324)
2012692051,123663PD,06/27/2012,06-June,4-Wednesday,09:37,0900 Hours,District 1 (Central),BOONE,BOONE,,S MARSHALL ST,Collision with:  Vehicle in traffic,On Roadway,Broadside (front to side),FTYROW:  From driveway,None Indicated,None apparent,Daylight,Dry,Clear,None apparent,Non-intersection:  Driveway access (within),Paved,N/A,Property Damage Only,0,0,0,0,0,0,3000,2,2,N/A,POINT (-93.878282436875 42.04086911289)
2012692120,20120019857,06/28/2012,06-June,5-Thursday,22:21,2200 Hours,District 1 (Central),DES MOINES,POLK,US 69,US 69/SE 14TH ST,Collision with:  Vehicle in traffic,On Roadway,Rear-end (front to rear),Other (explain in narrative):  Other,None Indicated,None apparent,Dark - roadway lighted,Dry,Clear,None apparent,Non-intersection:  Non-junction/no special feature,Paved,N/A,Possible/Unknown,0,1,0,0,1,0,5500,2,2,Southbound (SB),POINT (-93.596828480391 41.55356548904)
2012699307,C12-0003175,06/29/2012,06-June,6-Friday,15:00,1500 Hours,District 2 (Northeast),MCGREGOR,CLAYTON,,A ST,Collision with:  Parked motor vehicle,On Roadway,Rear-end (front to rear),FTYROW:  From parked position,None Indicated,None apparent,Daylight,Dry,Clear,None apparent,Non-intersection:  Non-junction/no special feature,Paved,N/A,Property Damage Only,0,0,0,0,0,0,1500,2,2,N/A,POINT (-91.1758830124 43.024688960166)
2012692410,2012-52381,06/30/2012,06-June,7-Saturday,07:57,0700 Hours,District 6 (East Central),DAVENPORT,SCOTT,,IA 461/BRADY ST,Collision with:  Vehicle in traffic,On Roadway,Broadside (front to side),Ran Traffic Signal,None Indicated,None apparent,Daylight,Wet,Rain,None apparent,Intersection:  Four-way intersection,Paved,N/A,Property Damage Only,0,0,0,0,0,0,11000,2,2,No Travel Direction Consistent with Route,POINT (-90.568225960743 41.560178819407)
2012700659,,06/30/2012,06-June,7-Saturday,11:56,1100 Hours,District 1 (Central),,BOONE,,KEY LN,Collision with:  Railway vehicle/train,On Roadway,Broadside (front to side),FTYROW:  Other (explain in narrative),None Indicated,None apparent,Daylight,"Mud, dirt",Clear,None apparent,Non-intersection:  Railroad grade crossing,Unpaved,N/A,Fatal,1,0,0,0,0,0,18000,2,2,N/A,POINT (-93.958199428132 42.060476230196)
2012694406,2012036424,07/01/2012,07-July,1-Sunday,00:15,0000 Hours,District 3 (Northwest),,SIOUX,,360TH ST,Non-collision events:  Overturn/rollover,Roadside,Non-collision (single vehicle),Crossed centerline (undivided),None Indicated,Other (explain in narrative),Dark - roadway not lighted,Dry,Cloudy,None apparent,Non-intersection:  Non-junction/no special feature,Unpaved,N/A,Property Damage Only,0,0,0,0,0,0,15000,1,1,N/A,POINT (-96.04345263097 43.128007430562)
2012696293,32052-12,07/02/2012,07-July,2-Monday,22:24,2200 Hours,District 3 (Northwest),,EMMET,IA 15,IA 15/IOWA 15,Collision with:  Animal,On Roadway,Non-collision (single vehicle),Animal,None Indicated,Animal in roadway,Dark - roadway not lighted,Dry,Clear,None apparent,Non-intersection:  Non-junction/no special feature,Paved,N/A,Minor Injury,0,1,0,1,0,0,3000,1,2,Southbound (SB),POINT (-94.452263562369 43.457133494069)
2012692627,2012-53456,07/03/2012,07-July,3-Tuesday,09:05,0900 Hours,District 6 (East Central),DAVENPORT,SCOTT,,W LOMBARD ST & MAIN ST,Collision with:  Vehicle in traffic,On Roadway,"Sideswipe, same direction",Made improper turn,None Indicated,None apparent,Daylight,Dry,Clear,None apparent,Intersection:  T-intersection,Paved,N/A,Property Damage Only,0,0,0,0,0,0,4500,2,16,N/A,POINT (-90.575551621722 41.541924537192)
2012692810,20120020497,07/04/2012,07-July,4-Wednesday,11:55,1100 Hours,District 1 (Central),DES MOINES,POLK,IA 163,IA 163/E UNIVERSITY AVE & E 33RD ST,Collision with:  Vehicle in traffic,On Roadway,"Angle, oncoming left turn",Unknown,None Indicated,None apparent,Daylight,Dry,Clear,None apparent,Intersection:  Four-way intersection,Paved,N/A,Possible/Unknown,0,1,0,0,1,0,5500,2,5,Both East and West,POINT (-93.551457580996 41.600548832125)
2012694139,,07/05/2012,07-July,5-Thursday,13:19,1300 Hours,District 2 (Northeast),,FLOYD,,Co Rd B60/270TH ST,Collision with fixed object:  Traffic sign support,On Roadway,Non-collision (single vehicle),Swerving/Evasive Action,None Indicated,None apparent,Daylight,Dry,Clear,None apparent,Non-intersection:  Non-junction/no special feature,Paved,N/A,Property Damage Only,0,0,0,0,0,0,4200,1,1,N/A,POINT (-92.806202413223 42.965339178022)
2012693120,W12-070256,07/06/2012,07-July,6-Friday,16:25,1600 Hours,District 2 (Northeast),WATERLOO,BLACK HAWK,US 218,US 218 & W 9TH ST,Collision with:  Vehicle in traffic,On Roadway,"Sideswipe, same direction",Made improper turn,None Indicated,None apparent,Daylight,Dry,Clear,None apparent,Intersection:  Other intersection (explain in narrative),Paved,N/A,Property Damage Only,0,0,0,0,0,0,3000,2,2,Southbound (SB),POINT (-92.336906102777 42.489597521677)
2012700826,12-0401,07/06/2012,07-July,6-Friday,06:53,0600 Hours,District 1 (Central),,WEBSTER,,Co Rd D43/290TH ST,Collision with fixed object:  Ditch,On Roadway,Non-collision (single vehicle),Swerving/Evasive Action,None Indicated,None apparent,Daylight,Dry,Clear,None apparent,Non-intersection:  Non-junction/no special feature,Paved,N/A,Minor Injury,0,1,0,1,0,0,4000,1,1,N/A,POINT (-94.232402067512 42.368723535214)
2012693512,20120020889,07/07/2012,07-July,7-Saturday,20:45,2000 Hours,District 1 (Central),DES MOINES,POLK,,,Non-collision events:  Other non-collision (explain in narrative),Outside trafficway,Non-collision (single vehicle),Swerving/Evasive Action,Alcohol (Statutory),None apparent,Dusk,Dry,Clear,None apparent,Non-intersection:  Non-junction/no special feature,N/A,N/A,Property Damage Only,0,0,0,0,0,0,2000,1,1,N/A,POINT (-96.643700150779 40.233091251088)
2012693464,01-12-33633,07/08/2012,07-July,1-Sunday,01:05,0100 Hours,District 6 (East Central),DUBUQUE,DUBUQUE,,LORAS BLVD & BLUFF ST,Collision with:  Vehicle in traffic,On Roadway,Broadside (front to side),Ran Traffic Signal,None Indicated,None apparent,Dark - roadway lighted,Dry,Clear,None apparent,Intersection:  Other intersection (explain in narrative),Paved,N/A,Property Damage Only,0,0,0,0,0,0,2000,2,3,N/A,POINT (-90.671714354378 42.505214815682)
2012694038,2012-55620,07/09/2012,07-July,2-Monday,14:29,1400 Hours,District 6 (East Central),DAVENPORT,SCOTT,,E LOCUST ST & GRAND AVE,Collision with:  Vehicle in traffic,On Roadway,Rear-end (front to rear),Followed too close,None Indicated,None apparent,Daylight,Dry,Clear,None apparent,Intersection:  Four-way intersection,Paved,N/A,Possible/Unknown,0,1,0,0,1,0,0,3,3,N/A,POINT (-90.564863918167 41.538267141764)
2012693721,12-13476,07/10/2012,07-July,3-Tuesday,16:06,1600 Hours,District 6 (East Central),,SCOTT,US 61,US 61,Collision with:  Vehicle in traffic,On Roadway,Rear-end (front to rear),Followed too close,None Indicated,None apparent,Daylight,Dry,Clear,None apparent,Non-intersection:  Non-junction/no special feature,Paved,N/A,Property Damage Only,0,0,0,0,0,0,17000,2,2,No Travel Direction Consistent with Route,POINT (-90.741085201343 41.509072845209)
2012693857,12-026567,07/11/2012,07-July,4-Wednesday,13:05,1300 Hours,District 4 (Southwest),COUNCIL BLUFFS,POTTAWATTAMIE,US 6,US 6/W BROADWAY & S 31ST ST & N 31ST ST,Collision with:  Vehicle in traffic,On Roadway,Broadside (front to side),Ran Stop Sign,None Indicated,None apparent,Daylight,Dry,Clear,None apparent,Intersection:  Four-way intersection,Paved,N/A,Possible/Unknown,0,2,0,0,2,0,2500,2,3,Eastbound (EB),POINT (-95.894163047883 41.261932743557)
2012695711,2012-56760,07/12/2012,07-July,5-Thursday,11:45,1100 Hours,District 6 (East Central),DAVENPORT,SCOTT,,GAINES ST,Collision with:  Non-motorist (see non-motorist section - NOT a unit),On Roadway,Non-collision (single vehicle),FTYROW:  Making right turn on red signal,None Indicated,None apparent,Daylight,Dry,Clear,None apparent,Non-intersection:  Non-junction/no special feature,Paved,N/A,Possible/Unknown,0,1,0,0,1,0,70,1,1,N/A,POINT (-90.582960465395 41.522284474011)
2012694220,C12002244,07/12/2012,07-July,5-Thursday,18:45,1800 Hours,District 6 (East Central),CORALVILLE,JOHNSON,,CORAL RIDGE AVE,Collision with:  Vehicle in traffic,On Roadway,"Sideswipe, same direction",Improper or erratic lane changing,None Indicated,None apparent,Daylight,Dry,Clear,None apparent,Non-intersection:  Non-junction/no special feature,Paved,N/A,Property Damage Only,0,0,0,0,0,0,4000,2,3,N/A,POINT (-91.608392526901 41.69927075014)
2012694964,,07/13/2012,07-July,6-Friday,12:14,1200 Hours,District 6 (East Central),CEDAR RAPIDS,LINN,,BLAIRS FERRY RD NE & DRY CREEK LN NE,Collision with:  Vehicle in traffic,On Roadway,Rear-end (front to rear),Unknown,None Indicated,N/A,Daylight,Wet,Rain,N/A,Intersection:  T-intersection,Paved,N/A,Property Damage Only,0,0,0,0,0,0,3300,3,3,N/A,POINT (-91.655365920983 42.035244871225)
2012694366,2012-57344,07/14/2012,07-July,7-Saturday,07:21,0700 Hours,District 6 (East Central),DAVENPORT,SCOTT,,BRIDGE AVE,Collision with:  Vehicle in traffic,On Roadway,Rear-end (front to rear),Lost Control,Alcohol (Statutory),None apparent,Daylight,Dry,Cloudy,None apparent,Non-intersection:  Non-junction/no special feature,Paved,N/A,Possible/Unknown,0,2,0,0,2,0,13500,2,4,N/A,POINT (-90.557940109928 41.547694021127)
2012694934,2012039384,07/15/2012,07-July,1-Sunday,19:09,1900 Hours,District 6 (East Central),,IOWA,I-80,I-80,Collision with fixed object:  Guardrail - face,Median,Non-collision (single vehicle),Ran off road - left,None Indicated,None apparent,Daylight,Dry,Clear,None apparent,Non-intersection:  Non-junction/no special feature,Paved,N/A,Property Damage Only,0,0,0,0,0,0,5500,1,1,Eastbound (EB),POINT (-92.213722456636 41.695892108115)
2012695330,2012039528,07/16/2012,07-July,2-Monday,11:30,1100 Hours,District 1 (Central),HUXLEY,STORY,I-35,I-35 & IA 210/IOWA 210,Collision with:  Vehicle in traffic,On Roadway,Unknown,FTYROW:  Other (explain in narrative),None Indicated,None apparent,Daylight,Dry,Clear,None apparent,Intersection:  Intersection with ramp,Paved,N/A,Property Damage Only,0,0,0,0,0,0,2500,2,3,Ramp,POINT (-93.573358265639 41.877795051118)
2012695941,12-003021,07/17/2012,07-July,3-Tuesday,15:30,1500 Hours,District 1 (Central),ANKENY,POLK,,SW KENWORTHY DR & SW FRANKLIN DR,Collision with fixed object:  Curb/island/raised median,Roadside,Non-collision (single vehicle),Ran Stop Sign,None Indicated,None apparent,Daylight,Dry,Clear,None apparent,Intersection:  T-intersection,Paved,N/A,Property Damage Only,0,0,0,0,0,0,2500,1,1,N/A,POINT (-93.617112114451 41.725414357199)
2012695205,C12002300,07/18/2012,07-July,4-Wednesday,13:15,1300 Hours,District 6 (East Central),CORALVILLE,JOHNSON,US 6,US 6/2ND ST,Collision with:  Vehicle in traffic,On Roadway,"Sideswipe, same direction",Improper or erratic lane changing,None Indicated,None apparent,Daylight,Dry,Clear,None apparent,Non-intersection:  Non-junction/no special feature,Paved,N/A,Property Damage Only,0,0,0,0,0,0,1500,2,2,Westbound (WB),POINT (-91.56531116403 41.668865233599)
2012695519,12-24098,07/19/2012,07-July,5-Thursday,16:58,1600 Hours,District 3 (Northwest),SIOUX CITY,WOODBURY,,27TH ST & COURT ST,Collision with:  Vehicle in traffic,On Roadway,Broadside (front to side),Ran Stop Sign,None Indicated,None apparent,Daylight,Dry,Clear,None apparent,Intersection:  Four-way intersection,Paved,N/A,Property Damage Only,0,0,0,0,0,0,7000,2,6,N/A,POINT (-96.396042512269 42.517552469435)
2012695701,2012-58956,07/19/2012,07-July,5-Thursday,14:59,1400 Hours,District 6 (East Central),DAVENPORT,SCOTT,,W 15TH ST & WARREN ST,Collision with:  Vehicle in traffic,On Roadway,Broadside (front to side),Ran Stop Sign,None Indicated,None apparent,Daylight,Dry,Clear,None apparent,Intersection:  Four-way intersection,Paved,N/A,Property Damage Only,0,0,0,0,0,0,3000,2,2,N/A,POINT (-90.585754944199 41.535114321583)
2012695561,,07/20/2012,07-July,6-Friday,12:15,1200 Hours,District 6 (East Central),IOWA CITY,JOHNSON,,MELROSE AVE & EMERALD ST,Collision with:  Vehicle in traffic,On Roadway,Broadside (front to side),FTYROW:  From stop sign,None Indicated,None apparent,Daylight,Dry,Clear,None apparent,Intersection:  T-intersection,Paved,N/A,Minor Injury,0,1,0,1,0,0,4000,2,4,N/A,POINT (-91.564545438061 41.655750682466)
2012695228,12-023821,07/21/2012,07-July,7-Saturday,21:20,2100 Hours,District 5 (Southeast),,LEE,,Co Rd J62/255 ST & 180 AVE,Collision with fixed object:  Other fixed object (explain in narrative),On Roadway,Non-collision (single vehicle),Other (explain in narrative):  Other,None Indicated,None apparent,Dark - roadway not lighted,Dry,Clear,None apparent,Intersection:  Other intersection (explain in narrative),Paved,N/A,Property Damage Only,0,0,0,0,0,0,8920,1,4,N/A,POINT (-91.564712933909 40.590389955249)
2012695727,2012-59878,07/22/2012,07-July,1-Sunday,03:00,0300 Hours,District 6 (East Central),DAVENPORT,SCOTT,,,Collision with:  Parked motor vehicle,Outside trafficway,Rear-end (front to rear),Lost Control,None Indicated,None apparent,Dark - unknown roadway lighting,Dry,Clear,None apparent,Non-intersection:  Non-junction/no special feature,N/A,N/A,Property Damage Only,0,0,0,0,0,0,1800,2,1,N/A,POINT (-96.643700150779 40.233091251088)
2012695874,,07/23/2012,07-July,2-Monday,18:15,1800 Hours,District 3 (Northwest),OKOBOJI,DICKINSON,US 71,US 71,Collision with:  Vehicle in traffic,On Roadway,Rear-end (front to rear),Followed too close,None Indicated,None apparent,Daylight,Dry,Clear,None apparent,Non-intersection:  Non-junction/no special feature,Paved,N/A,Property Damage Only,0,0,0,0,0,0,5000,2,2,Northbound (NB),POINT (-95.127914587666 43.377689969897)
2012695880,,07/24/2012,07-July,3-Tuesday,00:00,0000 Hours,District 1 (Central),,HARDIN,US 20,US 20,Collision with:  Animal,On Roadway,Non-collision (single vehicle),Animal,None Indicated,N/A,Dark - roadway not lighted,Dry,Clear,N/A,Non-intersection:  Non-junction/no special feature,Paved,N/A,Property Damage Only,0,0,0,0,0,0,2468,1,2,Unknown - Not Indicated - Unlocated,POINT (-93.150822229947 42.426420619662)
2012695820,20120022916,07/25/2012,07-July,4-Wednesday,09:50,0900 Hours,District 1 (Central),DES MOINES,POLK,,CARPENTER AVE & MLK JR PKWY,Collision with fixed object:  Utility pole/light support,On Roadway,Non-collision (single vehicle),Ran off road - right,None Indicated,None apparent,Daylight,Dry,Clear,None apparent,Intersection:  Four-way intersection,Paved,N/A,Property Damage Only,0,0,0,0,0,0,5050,1,1,N/A,POINT (-93.643861633482 41.602248210186)
2012698967,1200000692,07/25/2012,07-July,4-Wednesday,18:00,1800 Hours,District 1 (Central),,MARSHALL,,Co Rd E41/235TH ST,Collision with:  Parked motor vehicle,Shoulder,"Sideswipe, same direction",Unknown,None Indicated,None apparent,Daylight,Dry,Clear,None apparent,Non-intersection:  Non-junction/no special feature,Paved,N/A,Property Damage Only,0,0,0,0,0,0,3500,2,3,N/A,POINT (-93.100606701156 42.015391295598)
2012696109,12-040726-01,07/26/2012,07-July,5-Thursday,18:10,1800 Hours,District 6 (East Central),,IOWA,I-80,I-80,Non-collision events:  Overturn/rollover,Shoulder,Non-collision (single vehicle),Other (explain in narrative):  No improper action,None Indicated,None apparent,Daylight,Dry,Cloudy,None apparent,Interchange-related:  On-ramp merge area,Paved,N/A,Possible/Unknown,0,1,0,0,1,0,10200,1,1,Ramp,POINT (-92.069930833705 41.689360062013)
2012697344,20120023132,07/27/2012,07-July,6-Friday,02:00,0200 Hours,District 1 (Central),DES MOINES,POLK,,21ST ST,Collision with:  Parked motor vehicle,On Roadway,"Sideswipe, same direction",Unknown,None Indicated,Unknown,Unknown,Dry,Unknown,Unknown,Non-intersection:  Non-junction/no special feature,Paved,N/A,Property Damage Only,0,0,0,0,0,0,2000,2,1,N/A,POINT (-93.644941895812 41.598657278451)
2012696275,12-012602,07/28/2012,07-July,7-Saturday,15:34,1500 Hours,District 3 (Northwest),FOSTORIA,CLAY,,Co Rd B14/280 ST,Non-collision events:  Other non-collision (explain in narrative),On Roadway,Non-collision (single vehicle),Lost Control,None Indicated,None apparent,Daylight,Wet,Rain,None apparent,Non-intersection:  Non-junction/no special feature,Paved,N/A,Property Damage Only,0,0,0,0,0,0,1500,1,2,N/A,POINT (-95.149050606127 43.241348887707)
2012697295,12006361,07/29/2012,07-July,1-Sunday,07:29,0700 Hours,District 6 (East Central),HAZLETON,BUCHANAN,IA 150,IA 150/MAIN ST & SUFFICOOL ST,Collision with:  Vehicle in traffic,On Roadway,Broadside (front to side),FTYROW:  From stop sign,None Indicated,None apparent,Daylight,Dry,Clear,None apparent,Intersection:  Four-way intersection,Paved,N/A,Property Damage Only,0,0,0,0,0,0,1700,2,2,Southbound (SB),POINT (-91.905517717529 42.615601829899)
2012696759,,07/30/2012,07-July,2-Monday,09:31,0900 Hours,District 6 (East Central),IOWA CITY,JOHNSON,,MUSCATINE AVE & S 1ST AVE,Collision with:  Vehicle in traffic,On Roadway,"Angle, oncoming left turn",FTYROW:  Making left turn,None Indicated,None apparent,Daylight,Dry,Cloudy,None apparent,Intersection:  Four-way intersection,Paved,N/A,Property Damage Only,0,0,0,0,0,0,10000,2,2,N/A,POINT (-91.501986308385 41.649548119633)
2012696359,12-029285,07/30/2012,07-July,2-Monday,15:44,1500 Hours,District 4 (Southwest),COUNCIL BLUFFS,POTTAWATTAMIE,I-29,I-29 & IA 192/S EXPRESSWAY & 30TH AVE,Collision with:  Vehicle in traffic,On Roadway,Rear-end (front to rear),Followed too close,None Indicated,None apparent,Daylight,Dry,Clear,None apparent,Intersection:  Four-way intersection,Paved,N/A,Possible/Unknown,0,1,0,0,1,0,1001,2,2,Ramp,POINT (-95.851384835878 41.230659116069)
2012697907,12-8587,07/31/2012,07-July,3-Tuesday,07:20,0700 Hours,District 3 (Northwest),,SIOUX,IA 10,IA 10/450TH ST,Collision with:  Animal,N/A,N/A,Animal,None Indicated,N/A,N/A,N/A,N/A,N/A,N/A,Paved,N/A,Property Damage Only,0,0,0,0,0,0,5000,1,1,Eastbound (EB),POINT (-96.027193547389 42.997438099167)
2012698542,2012042665,08/01/2012,08-August,4-Wednesday,08:46,0800 Hours,District 6 (East Central),,BENTON,I-380,I-380,Non-collision events:  Overturn/rollover,On Roadway,Non-collision (single vehicle),Swerving/Evasive Action,None Indicated,None apparent,Daylight,Dry,Clear,None apparent,Non-intersection:  Non-junction/no special feature,Paved,N/A,Possible/Unknown,0,2,0,0,2,0,4000,1,2,Northbound (NB),POINT (-91.835829123692 42.207274090392)
2012698194,2012-63375,08/02/2012,08-August,5-Thursday,15:58,1500 Hours,District 6 (East Central),DAVENPORT,SCOTT,,E 32ND ST,Collision with:  Parked motor vehicle,On Roadway,Broadside (front to side),FTYROW:  From parked position,None Indicated,None apparent,Daylight,Dry,Clear,None apparent,Non-intersection:  Non-junction/no special feature,Paved,N/A,Property Damage Only,0,0,0,0,0,0,2000,2,2,N/A,POINT (-90.568203543936 41.552784107936)