Iowa DOT Case Number,Law Enforcement Case Number,Date of Crash,Month of Crash,Day of Week,Time of Crash,Hour,DOT District,City Name,County Name,Route with System,Location Description,First Harmful Event,Location of First Harmful Event,Manner of Crash/Collision,Major Cause,Drug or Alcohol ,Environmental Conditions,Light Conditions,Surface Conditions,Weather Conditions,Roadway Contribution,Roadway Type,Roadway Surface,Work Zone,Crash Severity,Number of Fatalities,Number of Injuries,Number of Major Injuries,Number of Minor Injuries,Number of Possible Injuries,Number of Unknown Injuries,Amount of Property Damage,Number of Vehicles Involved,Total Number of Occupants,Travel Direction,Location
2012696945,12-1853,08/02/2012,08-August,5-Thursday,11:26,1100 Hours,District 1 (Central),URBANDALE,POLK,,MEREDITH DR,Collision with:  Vehicle in traffic,On Roadway,"Sideswipe, same direction",Other (explain in narrative):  Other,None Indicated,None apparent,Daylight,Dry,Clear,None apparent,Non-intersection:  Non-junction/no special feature,Paved,N/A,Property Damage Only,0,0,0,0,0,0,1501,2,2,N/A,POINT (-93.735703760271 41.643850723165)
2012697435,,08/03/2012,08-August,6-Friday,19:37,1900 Hours,District 1 (Central),DES MOINES,POLK,US 6,US 6/EUCLID AVE & 6TH AVE,Collision with:  Vehicle in traffic,On Roadway,"Angle, oncoming left turn",FTYROW:  Making left turn,None Indicated,None apparent,Dusk,Dry,Clear,None apparent,Intersection:  Four-way intersection,Paved,N/A,Minor Injury,0,1,0,1,0,0,2500,2,3,Both East and West,POINT (-93.624762711677 41.627681860335)
2012697269,201200037359,08/04/2012,08-August,7-Saturday,11:41,1100 Hours,District 5 (Southeast),OTTUMWA,WAPELLO,,E MARY ST & BRUCE ST,Collision with fixed object:  Utility pole/light support,On Roadway,Non-collision (single vehicle),Crossed centerline (undivided),None Indicated,None apparent,Daylight,Wet,Clear,None apparent,Intersection:  Four-way intersection,Paved,N/A,Minor Injury,0,1,0,1,0,0,4500,1,3,N/A,POINT (-92.411461250743 40.994830698698)
2012697199,12-030042,08/04/2012,08-August,7-Saturday,14:30,1400 Hours,District 4 (Southwest),COUNCIL BLUFFS,POTTAWATTAMIE,,MANAWA CENTRE DR,Collision with:  Vehicle in traffic,On Roadway,"Angle, oncoming left turn",Made improper turn,None Indicated,None apparent,Daylight,Dry,Clear,None apparent,Non-intersection:  Non-junction/no special feature,Paved,N/A,Property Damage Only,0,0,0,0,0,0,5000,2,5,N/A,POINT (-95.847509980905 41.22659412165)
2012697628,12-26265,08/06/2012,08-August,2-Monday,07:05,0700 Hours,District 3 (Northwest),SIOUX CITY,WOODBURY,I-29,I-29,Collision with:  Vehicle in traffic,On Roadway,"Sideswipe, same direction",FTYROW:  From yield sign,None Indicated,None apparent,Daylight,Dry,Clear,Work Zone (roadway-related),Interchange-related:  On-ramp merge area,Paved,Yes,Property Damage Only,0,0,0,0,0,0,5500,2,2,Ramp,POINT (-96.422792353368 42.49207451)
2012697376,12-030313,08/06/2012,08-August,2-Monday,15:04,1500 Hours,District 4 (Southwest),COUNCIL BLUFFS,POTTAWATTAMIE,IA 192,IA 192/S EXPRESSWAY,Collision with:  Vehicle in traffic,On Roadway,Rear-end (front to rear),Followed too close,None Indicated,None apparent,Daylight,Dry,Clear,None apparent,Intersection:  Four-way intersection,Paved,N/A,Property Damage Only,0,0,0,0,0,0,1500,2,2,Southbound (SB),POINT (-95.851324435718 41.23365974229)
2012705501,,08/07/2012,08-August,3-Tuesday,14:45,1400 Hours,District 2 (Northeast),GARNER,HANCOCK,,E 8TH ST,Collision with:  Vehicle in traffic,On Roadway,Rear-end (front to rear),Unknown,None Indicated,N/A,Daylight,Dry,Clear,N/A,Non-intersection:  Driveway access (within),Paved,N/A,Property Damage Only,0,0,0,0,0,0,2000,2,2,N/A,POINT (-93.601444564792 43.097791564604)
2012704809,2012044048,08/08/2012,08-August,4-Wednesday,08:30,0800 Hours,District 1 (Central),,POLK,I-35,I-35,Collision with:  Vehicle in traffic,On Roadway,"Sideswipe, same direction",FTYROW:  Other (explain in narrative),None Indicated,None apparent,Daylight,Dry,Clear,None apparent,Interchange-related:  On-ramp merge area,Paved,N/A,Property Damage Only,0,0,0,0,0,0,15000,3,3,No Travel Direction Consistent with Route,POINT (-93.696550467155 41.652065978653)
2012698698,2012044192,08/09/2012,08-August,5-Thursday,02:15,0200 Hours,District 4 (Southwest),GLENWOOD,MILLS,I-29,I-29,Collision with:  Animal,N/A,N/A,Animal,None Indicated,N/A,N/A,N/A,N/A,N/A,N/A,Paved,N/A,Property Damage Only,0,0,0,0,0,0,1500,1,1,No Travel Direction Consistent with Route,POINT (-95.826395723502 41.078300085648)
2012731091,125673,08/10/2012,08-August,6-Friday,14:47,1400 Hours,District 4 (Southwest),,DALLAS,,MIDLAND TRL,Non-collision events:  Overturn/rollover,On Roadway,Non-collision (single vehicle),Ran off road - left,None Indicated,None apparent,Daylight,Dry,Clear,None apparent,Non-intersection:  Non-junction/no special feature,Unpaved,N/A,Property Damage Only,0,0,0,0,0,0,5500,1,2,N/A,POINT (-94.042701990558 41.722367532209)
2012698120,20120025032,08/11/2012,08-August,7-Saturday,16:08,1600 Hours,District 1 (Central),DES MOINES,POLK,US 6,US 6/MERLE HAY RD,Collision with:  Vehicle in traffic,On Roadway,Rear-end (front to rear),Followed too close,None Indicated,None apparent,Daylight,Dry,Clear,None apparent,Non-intersection:  Non-junction/no special feature,Paved,N/A,Property Damage Only,0,0,0,0,0,0,5000,2,2,No Travel Direction Consistent with Route,POINT (-93.697737901463 41.626325332098)
2012704808,2012044832,08/12/2012,08-August,1-Sunday,09:09,0900 Hours,District 1 (Central),ANKENY,POLK,I-35,I-35,Collision with fixed object:  Concrete traffic barrier (median or right side),On Roadway,Non-collision (single vehicle),Driving too fast for conditions,None Indicated,Weather conditions,Daylight,Wet,Rain,"Surface condition (e.g., wet, icy)",Non-intersection:  Non-junction/no special feature,Paved,N/A,Property Damage Only,0,0,0,0,0,0,10000,1,1,Northbound (NB),POINT (-93.575645845138 41.655482262902)
2012704356,12-4251,08/13/2012,08-August,2-Monday,19:11,1900 Hours,District 3 (Northwest),IDA GROVE,IDA,,MARKET AVE,Non-collision events:  Overturn/rollover,Shoulder,Non-collision (single vehicle),Ran off road - right,None Indicated,None apparent,Daylight,Dry,Clear,None apparent,Non-intersection:  Non-junction/no special feature,Unpaved,N/A,Property Damage Only,0,0,0,0,0,0,2000,1,1,N/A,POINT (-95.420124395182 42.323250636526)
2012698785,12-004516,08/13/2012,08-August,2-Monday,13:35,1300 Hours,District 3 (Northwest),,MONONA,,SUMAC AVE,Collision with:  Vehicle in traffic,On Roadway,"Sideswipe, opposite direction",Crossed centerline (undivided),None Indicated,None apparent,Daylight,Dry,Clear,None apparent,Non-intersection:  Non-junction/no special feature,Unpaved,N/A,Property Damage Only,0,0,0,0,0,0,19500,2,2,N/A,POINT (-95.730129689687 41.99631368439)
2012698475,12-5594,08/14/2012,08-August,3-Tuesday,15:06,1500 Hours,District 1 (Central),,POLK,,NW LOVINGTON DR,Collision with:  Vehicle in traffic,On Roadway,Broadside (front to side),FTYROW:  From driveway,None Indicated,None apparent,Daylight,Dry,Cloudy,None apparent,Non-intersection:  Driveway access (within),Paved,N/A,Property Damage Only,0,0,0,0,0,0,3800,2,2,N/A,POINT (-93.678934780688 41.646550923454)
2012698765,01-12-40669,08/15/2012,08-August,4-Wednesday,17:33,1700 Hours,District 6 (East Central),DUBUQUE,DUBUQUE,,PERU RD & SALEM ST & ROOSEVELT ST,Collision with:  Vehicle in traffic,On Roadway,Rear-end (front to rear),Followed too close,None Indicated,Weather conditions,Daylight,Wet,Rain,None apparent,Intersection:  T-intersection,Paved,N/A,Property Damage Only,0,0,0,0,0,0,2500,2,3,N/A,POINT (-90.67643199678 42.540800073807)
2012699875,,08/16/2012,08-August,5-Thursday,12:31,1200 Hours,District 6 (East Central),BELLEVUE,JACKSON,US 52,US 52/1ST ST,Collision with:  Vehicle in traffic,On Roadway,"Sideswipe, same direction",Crossed centerline (undivided),None Indicated,None apparent,Daylight,Dry,Cloudy,None apparent,Intersection:  Other intersection (explain in narrative),Paved,N/A,Property Damage Only,0,0,0,0,0,0,3600,2,3,Southbound (SB),POINT (-90.420345493134 42.252257561777)
2012699289,12085991,08/17/2012,08-August,6-Friday,08:30,0800 Hours,District 2 (Northeast),CEDAR FALLS,BLACK HAWK,,W VIKING RD & NORDIC DR,Collision with:  Vehicle in traffic,On Roadway,"Angle, oncoming left turn",FTYROW:  Making left turn,None Indicated,None apparent,Daylight,Dry,Clear,None apparent,Intersection:  Four-way intersection,Paved,N/A,Property Damage Only,0,0,0,0,0,0,7000,2,2,N/A,POINT (-92.447650863328 42.484033751376)
2012700628,0817233412,08/17/2012,08-August,6-Friday,23:34,2300 Hours,District 5 (Southeast),,WASHINGTON,,275TH ST & PALM AVE,Non-collision events:  Overturn/rollover,Shoulder,Non-collision (single vehicle),Driving too fast for conditions,Alcohol (Statutory),None apparent,Dark - unknown roadway lighting,"Mud, dirt",Unknown,None apparent,Intersection:  Four-way intersection,Unpaved,N/A,Minor Injury,0,1,0,1,0,0,3000,1,8,N/A,POINT (-91.658748765643 41.257788189911)
2012705146,,08/18/2012,08-August,7-Saturday,14:30,1400 Hours,District 2 (Northeast),,WINNESHIEK,,MIDDLE OSSIAN RD & 177TH ST,Non-collision events:  Overturn/rollover,On Roadway,Non-collision (single vehicle),Ran Stop Sign,None Indicated,Other (explain in narrative),Daylight,Dry,Cloudy,None apparent,Intersection:  T-intersection,Unpaved,N/A,Property Damage Only,0,0,0,0,0,0,8000,1,1,N/A,POINT (-91.783714472487 43.194274110604)
2012699665,,08/19/2012,08-August,1-Sunday,20:15,2000 Hours,District 4 (Southwest),ADEL,DALLAS,US 6,US 6,Collision with:  Vehicle in traffic,Shoulder,"Sideswipe, same direction",Swerving/Evasive Action,None Indicated,None apparent,Dark - roadway not lighted,Dry,Clear,None apparent,Non-intersection:  Driveway access (within),Paved,N/A,Property Damage Only,0,0,0,0,0,0,4200,2,4,Westbound (WB),POINT (-93.955111939094 41.61463018265)
2012699652,12-28123,08/20/2012,08-August,2-Monday,17:38,1700 Hours,District 3 (Northwest),SIOUX CITY,WOODBURY,,FREDETTE AVE & BOIES ST,Collision with:  Vehicle in traffic,On Roadway,Rear-end (front to rear),Followed too close,None Indicated,None apparent,Daylight,Dry,Clear,None apparent,Non-intersection:  Non-junction/no special feature,Paved,N/A,Property Damage Only,0,0,0,0,0,0,3500,2,3,N/A,POINT (-96.478205082114 42.521532475021)
2012700461,2012-68928,08/21/2012,08-August,3-Tuesday,17:10,1700 Hours,District 6 (East Central),DAVENPORT,SCOTT,US 6,US 6/E KIMBERLY RD,Collision with:  Vehicle in traffic,On Roadway,Rear-end (front to rear),Followed too close,None Indicated,None apparent,Daylight,Dry,Clear,None apparent,Intersection:  Other intersection (explain in narrative),Paved,N/A,Property Damage Only,0,0,0,0,0,0,2500,3,4,Eastbound (EB),POINT (-90.570690816991 41.560321014853)
2012699733,201212829,08/22/2012,08-August,4-Wednesday,16:00,1600 Hours,District 6 (East Central),CEDAR RAPIDS,LINN,,14TH AVE SE & 16TH ST SE,Collision with:  Vehicle in traffic,On Roadway,Rear-end (front to rear),Other (explain in narrative):  Vision obstructed,None Indicated,None apparent,Daylight,Dry,Cloudy,None apparent,Non-intersection:  Non-junction/no special feature,Paved,N/A,Property Damage Only,0,0,0,0,0,0,3600,2,17,N/A,POINT (-91.647637054534 41.971821079347)
2012702996,2012-1913,08/23/2012,08-August,5-Thursday,10:50,1000 Hours,District 1 (Central),JEFFERSON,GREENE,,E MC KINLEY ST & N WILSON AVE,Collision with:  Vehicle in traffic,On Roadway,Broadside (front to side),Ran Stop Sign,None Indicated,None apparent,Daylight,Dry,Clear,None apparent,Intersection:  Four-way intersection,Paved,N/A,Possible/Unknown,0,1,0,0,1,0,6000,2,2,N/A,POINT (-94.37477006769 42.02150437612)
2012700393,W12-088228,08/23/2012,08-August,5-Thursday,11:38,1100 Hours,District 2 (Northeast),WATERLOO,BLACK HAWK,,WEBSTER ST,Collision with:  Vehicle in traffic,On Roadway,"Sideswipe, same direction",Other (explain in narrative):  Other,None Indicated,None apparent,Daylight,Dry,Clear,None apparent,Non-intersection:  Non-junction/no special feature,Paved,N/A,Property Damage Only,0,0,0,0,0,0,1700,2,2,N/A,POINT (-92.333414205247 42.511326331977)
2012705158,,08/24/2012,08-August,6-Friday,07:18,0700 Hours,District 5 (Southeast),,MUSCATINE,IA 22,IA 22/IOWA 22,Collision with fixed object:  Ditch,Median,Non-collision (single vehicle),Ran off road - left,None Indicated,None apparent,Daylight,Dry,Clear,None apparent,Non-intersection:  Non-junction/no special feature,Paved,N/A,Possible/Unknown,0,1,0,0,1,0,1000,1,1,Westbound (WB),POINT (-91.111686455409 41.438289430603)
2012700656,,08/25/2012,08-August,7-Saturday,15:56,1500 Hours,District 2 (Northeast),CHARLES CITY,FLOYD,,FREEMAN ST,Collision with:  Vehicle in traffic,On Roadway,Rear-end (front to rear),Followed too close,None Indicated,None apparent,Daylight,Wet,Rain,None apparent,Non-intersection:  Driveway access (within),Paved,N/A,Possible/Unknown,0,2,0,0,2,0,1300,2,3,N/A,POINT (-92.676599914778 43.062697241169)
2012704284,12-079,08/26/2012,08-August,1-Sunday,20:30,2000 Hours,District 3 (Northwest),SIOUX CENTER,SIOUX,US 75,US 75/N MAIN AVE & 8TH ST NE,Collision with:  Vehicle in traffic,On Roadway,"Sideswipe, same direction",Made improper turn,None Indicated,None apparent,Dusk,Dry,Cloudy,None apparent,Intersection:  T-intersection,Paved,N/A,Minor Injury,0,2,0,2,0,0,6000,2,2,Northbound (NB),POINT (-96.175727676608 43.085538993881)
2012699964,201200030851,08/27/2012,08-August,2-Monday,07:05,0700 Hours,District 6 (East Central),,LINN,,Co Rd E34/COUNTY HOME RD,Collision with:  Vehicle in traffic,On Roadway,Head-on (front to front),Crossed centerline (undivided),None Indicated,None apparent,Daylight,Dry,"Fog, smoke, smog",None apparent,Non-intersection:  Non-junction/no special feature,Paved,N/A,Property Damage Only,0,0,0,0,0,0,16500,2,2,N/A,POINT (-91.592022485415 42.094431012582)
2012700424,20121049,08/28/2012,08-August,3-Tuesday,17:41,1700 Hours,District 6 (East Central),MOUNT VERNON,LINN,US 30,US 30 & 1ST ST & COUNTRY CLUB DR,Collision with:  Vehicle in traffic,On Roadway,"Angle, oncoming left turn",FTYROW:  Making left turn,None Indicated,None apparent,Daylight,Dry,Clear,None apparent,Intersection:  Four-way intersection,Paved,N/A,Minor Injury,0,2,0,2,0,0,20000,2,4,Both East and West,POINT (-91.409921462422 41.916690250967)
2012736770,2012-60-AC,08/29/2012,08-August,4-Wednesday,16:43,1600 Hours,District 3 (Northwest),,DICKINSON,,Co Rd A18/140TH ST,Collision with fixed object:  Other fixed object (explain in narrative),On Roadway,Non-collision (single vehicle),Driving too fast for conditions,None Indicated,None apparent,Daylight,Dry,Cloudy,None apparent,Non-intersection:  Non-junction/no special feature,Unpaved,N/A,Possible/Unknown,0,1,0,0,1,0,5100,1,1,N/A,POINT (-95.277204218094 43.44492790387)
2012705400,N12000491,08/30/2012,08-August,5-Thursday,16:40,1600 Hours,District 6 (East Central),NORTH LIBERTY,JOHNSON,,JORDAN ST & SARA CT,Collision with:  Vehicle in traffic,On Roadway,Broadside (front to side),FTYROW:  From stop sign,None Indicated,None apparent,Daylight,Dry,Clear,None apparent,Intersection:  Four-way intersection,Unpaved,N/A,Property Damage Only,0,0,0,0,0,0,5500,2,3,N/A,POINT (-91.60661822259 41.725224888523)
2012701813,01-12-43263,08/30/2012,08-August,5-Thursday,13:23,1300 Hours,District 6 (East Central),DUBUQUE,DUBUQUE,,JOHN F KENNEDY RD,Collision with:  Vehicle in traffic,On Roadway,Broadside (front to side),Lost Control,None Indicated,None apparent,Daylight,Dry,Clear,None apparent,Non-intersection:  Driveway access (within),Paved,N/A,Property Damage Only,0,0,0,0,0,0,4000,2,4,N/A,POINT (-90.721197148256 42.499600081849)
2012701637,12-003718,08/31/2012,08-August,6-Friday,15:42,1500 Hours,District 1 (Central),ANKENY,POLK,IA 160,IA 160/SE ORALABOR RD,Collision with:  Vehicle in traffic,On Roadway,Rear-end (front to rear),Other (explain in narrative):  Other,None Indicated,None apparent,Daylight,Dry,Cloudy,None apparent,Non-intersection:  Non-junction/no special feature,Paved,N/A,Property Damage Only,0,0,0,0,0,0,1500,3,3,Eastbound (EB),POINT (-93.582691040363 41.702905266666)
2012702296,12-008826,09/01/2012,09-September,7-Saturday,23:52,2300 Hours,District 2 (Northeast),,CLAYTON,,Co Rd C2W/DOMINO RD,Collision with:  Animal,N/A,N/A,Animal,None Indicated,N/A,N/A,N/A,N/A,N/A,N/A,Paved,N/A,Property Damage Only,0,0,0,0,0,0,3000,1,1,N/A,POINT (-91.491764070488 42.832665345425)
2012706795,12-028-AC-R,09/02/2012,09-September,1-Sunday,13:30,1300 Hours,District 3 (Northwest),WEST OKOBOJI,DICKINSON,IA 86,IA 86/IOWA 86 & 200TH ST,Collision with:  Vehicle in traffic,On Roadway,"Sideswipe, same direction",Ran off road - right,None Indicated,None apparent,Daylight,Dry,Clear,None apparent,Intersection:  Four-way intersection,Paved,N/A,Property Damage Only,0,0,0,0,0,0,3000,2,5,Northbound (NB),POINT (-95.179957289566 43.357026341538)
2012700995,20120027677,09/03/2012,09-September,2-Monday,09:58,0900 Hours,District 1 (Central),DES MOINES,POLK,,E MCKINLEY AVE,Collision with:  Vehicle in traffic,On Roadway,Rear-end (front to rear),Other (explain in narrative):  Other,None Indicated,None apparent,Daylight,Dry,Clear,None apparent,Non-intersection:  Non-junction/no special feature,Paved,N/A,Property Damage Only,0,0,0,0,0,0,5800,2,3,N/A,POINT (-93.600895768894 41.540862000523)
2012704358,12-4586,09/04/2012,09-September,3-Tuesday,08:00,0800 Hours,District 3 (Northwest),IDA GROVE,IDA,US 59,US 59/IOWA 175,Collision with:  Vehicle in traffic,On Roadway,Rear-end (front to rear),Other (explain in narrative):  Other,None Indicated,None apparent,Daylight,Dry,Clear,None apparent,Non-intersection:  Driveway access (within),Paved,N/A,Property Damage Only,0,0,0,0,0,0,1500,2,3,No Travel Direction Consistent with Route,POINT (-95.454838345565 42.34058606438)
2012701240,12-034510,09/04/2012,09-September,3-Tuesday,05:22,0500 Hours,District 4 (Southwest),COUNCIL BLUFFS,POTTAWATTAMIE,,NEBRASKA AVE & S 35TH ST,Collision with:  Vehicle in traffic,On Roadway,"Angle, oncoming left turn",Unknown,None Indicated,None apparent,Dark - roadway lighted,Dry,Clear,None apparent,Intersection:  Four-way intersection,Paved,N/A,Possible/Unknown,0,1,0,0,1,0,4000,2,3,N/A,POINT (-95.900987181439 41.244342636056)
2012702201,12-30038,09/05/2012,09-September,4-Wednesday,15:45,1500 Hours,District 3 (Northwest),SIOUX CITY,WOODBURY,,19TH ST & DOUGLAS ST,Collision with:  Vehicle in traffic,On Roadway,Broadside (front to side),FTYROW:  From stop sign,None Indicated,None apparent,Daylight,Dry,Clear,None apparent,Intersection:  Four-way intersection,Paved,N/A,Property Damage Only,0,0,0,0,0,0,5500,2,2,N/A,POINT (-96.406595886854 42.510170383965)
2012701697,201200043245,09/06/2012,09-September,5-Thursday,14:21,1400 Hours,District 5 (Southeast),OTTUMWA,WAPELLO,,E MAIN ST & S ASH ST,Collision with:  Vehicle in traffic,On Roadway,Rear-end (front to rear),Followed too close,None Indicated,None apparent,Daylight,Dry,Clear,None apparent,Intersection:  T-intersection,Paved,N/A,Property Damage Only,0,0,0,0,0,0,3000,2,2,N/A,POINT (-92.400406505017 41.010312813347)
2012701926,20120028163,09/07/2012,09-September,6-Friday,08:30,0800 Hours,District 1 (Central),DES MOINES,POLK,,BENNETT AVE & MLK JR PKWY,Collision with:  Vehicle in traffic,On Roadway,Rear-end (front to rear),Other (explain in narrative):  Other,None Indicated,None apparent,Daylight,Dry,Cloudy,None apparent,Intersection:  T-intersection,Paved,N/A,Property Damage Only,0,0,0,0,0,0,4000,2,2,N/A,POINT (-93.647392958924 41.618180151022)
2012703246,12-003515,09/08/2012,09-September,7-Saturday,15:45,1500 Hours,District 3 (Northwest),,LYON,,DOVE AVE,Collision with:  Vehicle in traffic,On Roadway,"Angle, oncoming left turn",FTYROW:  Making left turn,None Indicated,None apparent,Daylight,Dry,Clear,None apparent,Non-intersection:  Driveway access (within),Unpaved,N/A,Major Injury,0,1,1,0,0,0,3000,2,2,N/A,POINT (-96.331835753065 43.308054562973)
2012701769,CL12003441,09/08/2012,09-September,7-Saturday,18:50,1800 Hours,District 6 (East Central),CLINTON,CLINTON,,8TH AVE S & S 5TH ST,Collision with fixed object:  Traffic sign support,On Roadway,Non-collision (single vehicle),Other (explain in narrative):  Other,None Indicated,None apparent,Daylight,Dry,Clear,None apparent,Intersection:  Four-way intersection,Paved,N/A,Property Damage Only,0,0,0,0,0,0,1700,1,3,N/A,POINT (-90.195708617895 41.837799720994)
2012701941,20120028454,09/09/2012,09-September,1-Sunday,19:00,1900 Hours,District 1 (Central),DES MOINES,POLK,,FOREST AVE & MLK JR PKWY,Collision with:  Vehicle in traffic,On Roadway,Broadside (front to side),Other (explain in narrative):  Vision obstructed,None Indicated,Glare,Daylight,Dry,Clear,None apparent,Non-intersection:  Non-junction/no special feature,Paved,N/A,Possible/Unknown,0,2,0,0,2,0,3000,2,4,N/A,POINT (-93.643867720444 41.60406763528)
2012703924,2012-74595,09/10/2012,09-September,2-Monday,08:03,0800 Hours,District 6 (East Central),DAVENPORT,SCOTT,US 67,US 67/E RIVER DR,Collision with:  Vehicle in traffic,On Roadway,Rear-end (front to rear),Followed too close,None Indicated,None apparent,Daylight,Dry,Clear,None apparent,Intersection:  Four-way intersection,Paved,N/A,Possible/Unknown,0,2,0,0,2,0,4800,4,4,No Travel Direction Consistent with Route,POINT (-90.546318053914 41.530073158302)
2012703537,201200032633,09/11/2012,09-September,3-Tuesday,06:07,0600 Hours,District 6 (East Central),,LINN,,Co Rd E28/BUFFALO RIDGE RD,Collision with:  Animal,On Roadway,Non-collision (single vehicle),Animal,None Indicated,Animal in roadway,Dawn,Dry,Clear,None apparent,Non-intersection:  Non-junction/no special feature,Paved,N/A,Property Damage Only,0,0,0,0,0,0,9000,1,1,N/A,POINT (-91.38286119599 42.156841718518)
2012702546,12019132,09/12/2012,09-September,4-Wednesday,22:07,2200 Hours,District 2 (Northeast),MASON CITY,CERRO GORDO,,12TH ST NW,Collision with fixed object:  Ditch,On Roadway,Non-collision (single vehicle),Driving too fast for conditions,None Indicated,Weather conditions,Dark - roadway not lighted,Wet,Rain,"Surface condition (e.g., wet, icy)",Non-intersection:  Non-junction/no special feature,Paved,N/A,Property Damage Only,0,0,0,0,0,0,10000,1,1,N/A,POINT (-93.226920356943 43.162802644809)
2012702539,W12-095968,09/12/2012,09-September,4-Wednesday,15:13,1500 Hours,District 2 (Northeast),WATERLOO,BLACK HAWK,IA 934,IA 934/UNIVERSITY AVE & ANSBOROUGH AVE,Collision with:  Vehicle in traffic,On Roadway,"Sideswipe, same direction",FTYROW:  Other (explain in narrative),None Indicated,None apparent,Daylight,Dry,Clear,None apparent,Intersection:  Four-way intersection,Paved,N/A,Property Damage Only,0,0,0,0,0,0,2000,2,4,No Travel Direction Consistent with Route,POINT (-92.376912040446 42.496099076577)
2012706553,2012-75649,09/13/2012,09-September,5-Thursday,17:10,1700 Hours,District 6 (East Central),DAVENPORT,SCOTT,,WASHINGTON ST,Collision with:  Vehicle in traffic,On Roadway,Rear-end (front to rear),Followed too close,None Indicated,Weather conditions,Daylight,Wet,Rain,None apparent,Non-intersection:  Non-junction/no special feature,Paved,N/A,Property Damage Only,0,0,0,0,0,0,2700,2,5,N/A,POINT (-90.596205181163 41.53872878493)
2012711125,0914174212,09/14/2012,09-September,6-Friday,17:42,1700 Hours,District 5 (Southeast),KALONA,WASHINGTON,IA 22,IA 22/E AVE & 14TH ST,Collision with:  Vehicle in traffic,On Roadway,Rear-end (front to rear),Followed too close,None Indicated,None apparent,Daylight,Dry,Clear,None apparent,Intersection:  Four-way intersection,Paved,N/A,Possible/Unknown,0,1,0,0,1,0,5000,2,2,Eastbound (EB),POINT (-91.694984497848 41.485901615175)
2012703158,12-31210,09/15/2012,09-September,7-Saturday,05:30,0500 Hours,District 3 (Northwest),SIOUX CITY,WOODBURY,,1ST ST,Collision with:  Parked motor vehicle,On Roadway,"Sideswipe, same direction",Driver Distraction:  Inattentive/lost in thought,None Indicated,None apparent,Dark - roadway lighted,Dry,Clear,None apparent,Non-intersection:  Non-junction/no special feature,Paved,N/A,Property Damage Only,0,0,0,0,0,0,1500,2,777,N/A,POINT (-96.373851122559 42.491069135398)
2012704046,2012-17168,09/16/2012,09-September,1-Sunday,02:50,0200 Hours,District 5 (Southeast),,WARREN,IA 92,IA 92/IOWA 92,Collision with fixed object:  Ditch,Roadside,Non-collision (single vehicle),Crossed centerline (undivided),Alcohol (Statutory),None apparent,Dark - roadway not lighted,Dry,Clear,None apparent,Non-intersection:  Non-junction/no special feature,Paved,N/A,Property Damage Only,0,0,0,0,0,0,8500,1,1,Westbound (WB),POINT (-93.693475053182 41.366767506926)
2012703293,2012-76740,09/17/2012,09-September,2-Monday,13:14,1300 Hours,District 6 (East Central),DAVENPORT,SCOTT,IA 22,IA 22/SE RAMP & IA 461/W RIVER DR,Collision with:  Vehicle in traffic,On Roadway,Rear-end (front to rear),Other (explain in narrative):  Other,None Indicated,None apparent,Daylight,Dry,Clear,None apparent,Intersection:  Intersection with ramp,Paved,N/A,Possible/Unknown,0,1,0,0,1,0,7000,2,2,Ramp,POINT (-90.639376236369 41.504318192724)
2012702975,W12-097813,09/17/2012,09-September,2-Monday,17:50,1700 Hours,District 2 (Northeast),WATERLOO,BLACK HAWK,,FOWLER ST,Collision with:  Vehicle in traffic,On Roadway,Rear-end (front to rear),Unknown,None Indicated,None apparent,Daylight,Dry,Cloudy,None apparent,Non-intersection:  Non-junction/no special feature,Paved,N/A,Property Damage Only,0,0,0,0,0,0,3500,2,2,N/A,POINT (-92.325942308667 42.496405015493)
2012702965,12V09111,09/18/2012,09-September,3-Tuesday,07:50,0700 Hours,District 6 (East Central),VINTON,BENTON,,W 12TH ST,Collision with:  Parked motor vehicle,On Roadway,"Sideswipe, same direction",Other (explain in narrative):  Vision obstructed,None Indicated,Glare,Daylight,Dry,Clear,None apparent,Non-intersection:  Non-junction/no special feature,Paved,N/A,Property Damage Only,0,0,0,0,0,0,4300,2,1,N/A,POINT (-92.0250458222 42.160152602485)
2012706212,12-0904874,09/19/2012,09-September,4-Wednesday,09:40,0900 Hours,District 1 (Central),,STORY,,270TH ST,Collision with fixed object:  Ditch,On Roadway,Non-collision (single vehicle),Driving too fast for conditions,None Indicated,None apparent,Daylight,Dry,Clear,None apparent,Non-intersection:  Non-junction/no special feature,Unpaved,N/A,Property Damage Only,0,0,0,0,0,0,7000,1,1,N/A,POINT (-93.524829539299 41.965014271258)
2012703593,12-036856,09/20/2012,09-September,5-Thursday,16:45,1600 Hours,District 4 (Southwest),COUNCIL BLUFFS,POTTAWATTAMIE,IA 192,IA 192/S 7TH ST & WILLOW AVE,Collision with:  Vehicle in traffic,On Roadway,"Angle, oncoming left turn",Made improper turn,None Indicated,None apparent,Daylight,Dry,Cloudy,None apparent,Intersection:  Four-way intersection,Paved,N/A,Property Damage Only,0,0,0,0,0,0,5500,2,2,Southbound (SB),POINT (-95.854382956738 41.25896386789)
2012704405,20120029744,09/21/2012,09-September,6-Friday,02:40,0200 Hours,District 1 (Central),DES MOINES,POLK,,SW 20TH ST,Collision with:  Parked motor vehicle,On Roadway,Unknown,Unknown,None Indicated,Unknown,Unknown,Dry,Clear,Unknown,Non-intersection:  Non-junction/no special feature,Paved,N/A,Property Damage Only,0,0,0,0,0,0,2000,2,1,N/A,POINT (-93.64355587858 41.535199750834)