Iowa DOT Case Number,Law Enforcement Case Number,Date of Crash,Month of Crash,Day of Week,Time of Crash,Hour,DOT District,City Name,County Name,Route with System,Location Description,First Harmful Event,Location of First Harmful Event,Manner of Crash/Collision,Major Cause,Drug or Alcohol ,Environmental Conditions,Light Conditions,Surface Conditions,Weather Conditions,Roadway Contribution,Roadway Type,Roadway Surface,Work Zone,Crash Severity,Number of Fatalities,Number of Injuries,Number of Major Injuries,Number of Minor Injuries,Number of Possible Injuries,Number of Unknown Injuries,Amount of Property Damage,Number of Vehicles Involved,Total Number of Occupants,Travel Direction,Location
2012703941,2012-78553,09/21/2012,09-September,6-Friday,09:00,0900 Hours,District 6 (East Central),DAVENPORT,SCOTT,,E 14TH ST,Collision with:  Parked motor vehicle,On Roadway,Rear-end (front to rear),Unknown,None Indicated,None apparent,Daylight,Dry,Cloudy,None apparent,Non-intersection:  Non-junction/no special feature,Paved,N/A,Property Damage Only,0,0,0,0,0,0,2000,2,1,N/A,POINT (-90.559892866548 41.534027770071)
2012705344,,09/22/2012,09-September,7-Saturday,02:00,0200 Hours,District 6 (East Central),,CEDAR,,GARFIELD RD,Collision with:  Parked motor vehicle,Outside trafficway,Rear-end (front to rear),"Operating vehicle in an reckless, erratic, careless, negligent manner",Alcohol (Statutory),None apparent,Dark - roadway lighted,Dry,Clear,None apparent,N/A,Unpaved,N/A,Property Damage Only,0,0,0,0,0,0,6000,2,1,N/A,POINT (-91.242359029963 41.71236670507)
2012706311,12-1563,09/23/2012,09-September,1-Sunday,03:44,0300 Hours,District 1 (Central),,GREENE,,Co Rd P46/V AVE,Non-collision events:  Overturn/rollover,On Roadway,Non-collision (single vehicle),Over correcting/over steering,Alcohol (Statutory),None apparent,Dark - roadway not lighted,Dry,Clear,None apparent,Non-intersection:  Non-junction/no special feature,Paved,N/A,Property Damage Only,0,0,0,0,0,0,10000,1,1,N/A,POINT (-94.220364275856 41.913668053143)
2012704490,W12-100466,09/24/2012,09-September,2-Monday,19:10,1900 Hours,District 2 (Northeast),WATERLOO,BLACK HAWK,,WASHINGTON ST & W 6TH ST,Collision with:  Vehicle in traffic,On Roadway,"Sideswipe, same direction",Made improper turn,None Indicated,None apparent,Dark - roadway lighted,Dry,Clear,None apparent,Intersection:  Other intersection (explain in narrative),Paved,N/A,Property Damage Only,0,0,0,0,0,0,3700,2,2,N/A,POINT (-92.339654652338 42.492053974023)
2012704233,2012009934,09/24/2012,09-September,2-Monday,16:45,1600 Hours,District 1 (Central),MARSHALLTOWN,MARSHALL,,LINCOLN WAY & S 12TH ST,Collision with:  Vehicle in traffic,On Roadway,Broadside (front to side),FTYROW:  From stop sign,None Indicated,None apparent,Daylight,Dry,Clear,None apparent,Intersection:  Four-way intersection,Paved,N/A,Property Damage Only,0,0,0,0,0,0,7500,2,2,N/A,POINT (-92.932095488081 42.041894767649)
2012704441,2012-78857,09/25/2012,09-September,3-Tuesday,11:39,1100 Hours,District 6 (East Central),DAVENPORT,SCOTT,,E 13TH ST & IOWA ST,Collision with:  Vehicle in traffic,On Roadway,"Sideswipe, same direction",FTYROW:  From stop sign,None Indicated,None apparent,Daylight,Dry,Clear,None apparent,Intersection:  Four-way intersection,Paved,N/A,Possible/Unknown,0,1,0,0,1,0,16152,2,3,N/A,POINT (-90.569675537486 41.533019184331)
2012704583,12-4716,09/26/2012,09-September,4-Wednesday,21:11,2100 Hours,District 1 (Central),WEST DES MOINES,POLK,I-235,I-235,Collision with:  Vehicle in traffic,On Roadway,Rear-end (front to rear),Driving too fast for conditions,None Indicated,None apparent,Dark - roadway lighted,Dry,Clear,Work Zone (roadway-related),Non-intersection:  Non-junction/no special feature,Paved,Yes,Minor Injury,0,1,0,1,0,0,4000,2,2,Westbound (WB),POINT (-93.752983376435 41.592280830848)
2012706463,C12003202,09/27/2012,09-September,5-Thursday,08:00,0800 Hours,District 6 (East Central),CORALVILLE,JOHNSON,,12TH ST,Collision with:  Vehicle in traffic,On Roadway,Unknown,Improper Backing,None Indicated,None apparent,Daylight,Dry,Clear,None apparent,Non-intersection:  Non-junction/no special feature,Paved,N/A,Property Damage Only,0,0,0,0,0,0,1800,2,2,N/A,POINT (-91.597931105553 41.68902889877)
2012713375,12-07045,09/27/2012,09-September,5-Thursday,13:24,1300 Hours,District 2 (Northeast),OELWEIN,FAYETTE,IA 150,IA 150/1ST AVE SE & 1ST ST SE,Collision with:  Vehicle in traffic,On Roadway,Broadside (front to side),FTYROW:  From stop sign,None Indicated,None apparent,Daylight,Dry,Clear,None apparent,Intersection:  Four-way intersection,Paved,N/A,Major Injury,0,1,1,0,0,0,4000,2,2,Northbound (NB),POINT (-91.911982342815 42.677053989846)
2012705713,CL12003717,09/28/2012,09-September,6-Friday,17:00,1700 Hours,District 6 (East Central),CLINTON,CLINTON,,18TH AVE N,Collision with:  Other non-fixed object (explain in narrative),On Roadway,Non-collision (single vehicle),Other (explain in narrative):  Other,None Indicated,None apparent,Daylight,Dry,Clear,Work Zone (roadway-related),Intersection:  Four-way intersection,Paved,Yes,Property Damage Only,0,0,0,0,0,0,1505,1,1,N/A,POINT (-90.182512290531 41.864898854742)
2012705061,20120030604,09/28/2012,09-September,6-Friday,13:52,1300 Hours,District 1 (Central),DES MOINES,POLK,,FOREST AVE & MLK JR PKWY,Collision with:  Vehicle in traffic,On Roadway,Broadside (front to side),Ran Traffic Signal,None Indicated,None apparent,Daylight,Dry,Cloudy,None apparent,Intersection:  Four-way intersection,Paved,N/A,Possible/Unknown,0,1,0,0,1,0,10000,2,2,N/A,POINT (-93.643867720444 41.60406763528)
2012705823,S12-6130,09/29/2012,09-September,7-Saturday,21:46,2100 Hours,District 3 (Northwest),,WOODBURY,US 20,US 20 & Co Rd K57/FRANKLIN AVE,Collision with:  Animal,N/A,N/A,Animal,None Indicated,N/A,N/A,N/A,N/A,N/A,N/A,Paved,N/A,Property Damage Only,0,0,0,0,0,0,2000,1,1,Eastbound (EB),POINT (-96.134827362745 42.474937503255)
2012705025,1209301-A,09/30/2012,09-September,1-Sunday,11:25,1100 Hours,District 4 (Southwest),RED OAK,MONTGOMERY,,REED ST & 4TH ST,Collision with:  Vehicle in traffic,On Roadway,Rear-end (front to rear),FTYROW:  From stop sign,None Indicated,None apparent,Daylight,Dry,Clear,None apparent,Intersection:  Four-way intersection,Paved,N/A,Property Damage Only,0,0,0,0,0,0,4000,2,3,N/A,POINT (-95.227984170096 41.009719669301)
2012706033,12-003863,10/01/2012,10-October,2-Monday,07:30,0700 Hours,District 3 (Northwest),LITTLE ROCK,LYON,,SECTION LINE ST & LYON ST,Collision with:  Vehicle in traffic,On Roadway,Broadside (front to side),Unknown,None Indicated,Unknown,Daylight,Dry,Clear,None apparent,Non-intersection:  Non-junction/no special feature,Paved,N/A,Possible/Unknown,0,2,0,0,0,2,1700,2,2,N/A,POINT (-95.880459974152 43.44307344899)
2012708358,1210010816,10/01/2012,10-October,2-Monday,08:16,0800 Hours,District 6 (East Central),,JONES,,Co Rd D61/CO RD D-61,Non-collision events:  Overturn/rollover,On Roadway,Non-collision (single vehicle),Crossed centerline (undivided),None Indicated,Other (explain in narrative),Daylight,Dry,Clear,Obstruction in roadway,Non-intersection:  Non-junction/no special feature,Paved,N/A,Property Damage Only,0,0,0,0,0,0,5000,2,2,N/A,POINT (-90.934632290953 42.273502205428)
2012709985,2012-006059,10/02/2012,10-October,3-Tuesday,19:40,1900 Hours,District 6 (East Central),,BENTON,,77 ST TRL,Collision with fixed object:  Bridge overhead structure,On Roadway,Non-collision (single vehicle),Other (explain in narrative):  Other,None Indicated,None apparent,Dark - roadway not lighted,Dry,Clear,None apparent,Non-intersection:  Other non-intersection (explain in narrative),Unpaved,N/A,Property Damage Only,0,0,0,0,0,0,25000,1,1,N/A,POINT (-92.227428874301 41.896793797939)
2012705895,01-12-49298,10/03/2012,10-October,4-Wednesday,17:42,1700 Hours,District 6 (East Central),DUBUQUE,DUBUQUE,,HILLCREST RD,Collision with:  Non-motorist (see non-motorist section - NOT a unit),Outside trafficway,Non-collision (single vehicle),FTYROW:  To pedestrian,None Indicated,None apparent,Daylight,Dry,Clear,None apparent,Non-intersection:  Non-junction/no special feature,Paved,N/A,Minor Injury,0,1,0,1,0,0,0,1,3,N/A,POINT (-90.724734884053 42.507414916427)
2012707470,12103736,10/03/2012,10-October,4-Wednesday,13:13,1300 Hours,District 2 (Northeast),CEDAR FALLS,BLACK HAWK,,W LONE TREE RD & CENTER ST,Collision with:  Vehicle in traffic,On Roadway,Broadside (front to side),FTYROW:  From stop sign,Alcohol (Statutory),None apparent,Daylight,Dry,Clear,None apparent,Intersection:  Four-way intersection,Paved,N/A,Minor Injury,0,1,0,1,0,0,4500,2,2,N/A,POINT (-92.455978575199 42.562009841651)
2012705778,12-4839,10/04/2012,10-October,5-Thursday,15:38,1500 Hours,District 1 (Central),WEST DES MOINES,POLK,IA 28,IA 28/63RD ST,Collision with:  Vehicle in traffic,On Roadway,Rear-end (front to rear),Driving too fast for conditions,None Indicated,None apparent,Daylight,Dry,Clear,None apparent,Non-intersection:  Non-junction/no special feature,Paved,N/A,Property Damage Only,0,0,0,0,0,0,6200,3,6,Southbound (SB),POINT (-93.70323539207 41.568789744767)
2012716689,01-12-49664,10/05/2012,10-October,6-Friday,20:47,2000 Hours,District 6 (East Central),DUBUQUE,DUBUQUE,,NEVADA ST,Collision with:  Parked motor vehicle,Roadside,"Sideswipe, same direction",Lost Control,Alcohol (Statutory),None apparent,Dark - roadway lighted,Dry,Clear,None apparent,Non-intersection:  Non-junction/no special feature,Paved,N/A,Property Damage Only,0,0,0,0,0,0,3500,3,1,N/A,POINT (-90.680881282786 42.495603096241)
2012706191,2012-81745,10/05/2012,10-October,6-Friday,12:52,1200 Hours,District 6 (East Central),DAVENPORT,SCOTT,,IA 461/WELCOME WAY,Collision with:  Vehicle in traffic,On Roadway,"Sideswipe, same direction",Improper or erratic lane changing,None Indicated,None apparent,Daylight,Dry,Cloudy,None apparent,Non-intersection:  Non-junction/no special feature,Paved,N/A,Property Damage Only,0,0,0,0,0,0,5000,2,2,No Travel Direction Consistent with Route,POINT (-90.574251445006 41.558739054807)
2012706039,12016597,10/06/2012,10-October,7-Saturday,13:23,1300 Hours,District 5 (Southeast),OSKALOOSA,MAHASKA,US 63,US 63/N MARKET ST & IA 92/A AVE W/A AVE E,Collision with:  Vehicle in traffic,On Roadway,Rear-end (front to rear),Other (explain in narrative):  Other,None Indicated,None apparent,Daylight,Dry,Cloudy,None apparent,Intersection:  Four-way intersection,Paved,N/A,Property Damage Only,0,0,0,0,0,0,2500,2,2,Southbound (SB),POINT (-92.645059487356 41.296266058516)
2012707304,02-12-14701,10/07/2012,10-October,1-Sunday,19:14,1900 Hours,District 6 (East Central),,DUBUQUE,,Co Rd Y13/FARLEY RD,Collision with:  Animal,N/A,N/A,Animal,None Indicated,N/A,N/A,N/A,N/A,N/A,N/A,Paved,N/A,Property Damage Only,0,0,0,0,0,0,2000,1,1,N/A,POINT (-91.028645711271 42.376083698941)
2012707108,12186,10/08/2012,10-October,2-Monday,20:45,2000 Hours,District 5 (Southeast),PELLA,MARION,IA 163,IA 163/IOWA 163,Collision with:  Animal,On Roadway,Non-collision (single vehicle),Animal,None Indicated,N/A,N/A,N/A,N/A,None apparent,Non-intersection:  Non-junction/no special feature,Paved,N/A,Property Damage Only,0,0,0,0,0,0,4000,1,1,Unknown - Not Indicated - Unlocated,POINT (-92.939129373988 41.403060870601)
2012706691,20120031877,10/09/2012,10-October,3-Tuesday,18:00,1800 Hours,District 1 (Central),DES MOINES,POLK,,GRAND AVE & 42ND ST,Collision with:  Vehicle in traffic,On Roadway,"Angle, oncoming left turn",Made improper turn,None Indicated,None apparent,Daylight,Dry,Clear,None apparent,Non-intersection:  Non-junction/no special feature,Paved,N/A,Property Damage Only,0,0,0,0,0,0,3000,2,3,N/A,POINT (-93.674313656783 41.584527540365)
2012706751,12-34150,10/09/2012,10-October,3-Tuesday,13:01,1300 Hours,District 3 (Northwest),SIOUX CITY,WOODBURY,,W COTTAGE AVE & CASSELMAN ST,Collision with:  Vehicle in traffic,On Roadway,Rear-end (front to rear),Followed too close,None Indicated,None apparent,Daylight,Dry,Cloudy,None apparent,Intersection:  T-intersection,Paved,N/A,Property Damage Only,0,0,0,0,0,0,4000,2,2,N/A,POINT (-96.443107088136 42.506619775549)
2012706625,12-008864,10/10/2012,10-October,4-Wednesday,17:11,1700 Hours,District 4 (Southwest),ATLANTIC,CASS,US 6,US 6/7TH ST,Collision with:  Vehicle in traffic,On Roadway,Rear-end (front to rear),Ran off road - right,None Indicated,Glare,Daylight,Dry,Clear,None apparent,Non-intersection:  Alley,Paved,N/A,Possible/Unknown,0,1,0,0,1,0,11500,2,2,Westbound (WB),POINT (-95.015024575769 41.404029556553)
2012713647,12C0003683,10/11/2012,10-October,5-Thursday,17:00,1700 Hours,District 4 (Southwest),CRESTON,UNION,,W PAGE ST & S MAPLE ST,Collision with:  Vehicle in traffic,On Roadway,Broadside (front to side),FTYROW:  At uncontrolled intersection,None Indicated,None apparent,Daylight,Dry,Cloudy,None apparent,Intersection:  Other intersection (explain in narrative),Paved,N/A,Property Damage Only,0,0,0,0,0,0,2500,2,3,N/A,POINT (-94.362671037656 41.050333621651)
2012708521,091-12,10/12/2012,10-October,6-Friday,19:30,1900 Hours,District 4 (Southwest),,MADISON,US 169,US 169 & Co Rd G8P/330TH ST & CARVER RD,Collision with:  Animal,N/A,N/A,Animal,None Indicated,N/A,N/A,N/A,N/A,N/A,N/A,Paved,N/A,Property Damage Only,0,0,0,0,0,0,4000,1,1,Southbound (SB),POINT (-94.047598259968 41.171136316742)
2012707336,133-2012,10/12/2012,10-October,6-Friday,21:17,2100 Hours,District 4 (Southwest),MISSOURI VALLEY,HARRISON,,WILLOW RD,Non-collision events:  Other non-collision (explain in narrative),On Roadway,Non-collision (single vehicle),Lost Control,None Indicated,None apparent,Dark - roadway not lighted,Dry,Cloudy,None apparent,Non-intersection:  Non-junction/no special feature,Unpaved,N/A,Possible/Unknown,0,3,0,0,3,0,5000,1,3,N/A,POINT (-95.912234508848 41.55957033389)
2012707653,C12003417,10/13/2012,10-October,7-Saturday,20:00,2000 Hours,District 6 (East Central),CORALVILLE,JOHNSON,IA 965,IA 965/CORAL RIDGE AVE,Collision with:  Vehicle in traffic,On Roadway,Unknown,Improper Backing,None Indicated,None apparent,Dark - roadway lighted,Wet,Rain,None apparent,Non-intersection:  Non-junction/no special feature,Paved,N/A,Property Damage Only,0,0,0,0,0,0,2000,2,6,Southbound (SB),POINT (-91.608789559507 41.688656495541)
2012707437,S12-020788,10/14/2012,10-October,1-Sunday,03:51,0300 Hours,District 4 (Southwest),AVOCA,POTTAWATTAMIE,US 59,US 59,Non-collision events:  Other non-collision (explain in narrative),Shoulder,Non-collision (single vehicle),Swerving/Evasive Action,None Indicated,Weather conditions,Dark - roadway not lighted,Wet,Rain,None apparent,Non-intersection:  Non-junction/no special feature,Paved,N/A,Property Damage Only,0,0,0,0,0,0,2000,1,1,Southbound (SB),POINT (-95.337124089426 41.43186318076)
2012708853,2012055774,10/15/2012,10-October,2-Monday,02:18,0200 Hours,District 6 (East Central),,IOWA,I-80,I-80,Collision with fixed object:  Guardrail - face,Shoulder,Non-collision (single vehicle),Ran off road - right,None Indicated,None apparent,Dark - roadway not lighted,Dry,Clear,None apparent,Non-intersection:  Non-junction/no special feature,Paved,N/A,Property Damage Only,0,0,0,0,0,0,5000,1,2,Eastbound (EB),POINT (-92.125130612232 41.694017846132)
2012708433,12-166,10/15/2012,10-October,2-Monday,21:00,2100 Hours,District 4 (Southwest),,TAYLOR,,UTAH AVE,Collision with fixed object:  Ditch,On Roadway,Non-collision (single vehicle),Lost Control,None Indicated,None apparent,Dark - roadway not lighted,"Mud, dirt",Clear,"Surface condition (e.g., wet, icy)",Non-intersection:  Non-junction/no special feature,Unpaved,N/A,Minor Injury,0,3,0,3,0,0,5000,1,4,N/A,POINT (-94.546550607658 40.868368988417)
2012707525,20120032659,10/16/2012,10-October,3-Tuesday,16:38,1600 Hours,District 1 (Central),DES MOINES,POLK,,E WALNUT ST & E 16TH ST,Collision with:  Vehicle in traffic,On Roadway,Broadside (front to side),Ran Stop Sign,None Indicated,None apparent,Daylight,Dry,Clear,None apparent,Intersection:  Four-way intersection,Paved,N/A,Property Damage Only,0,0,0,0,0,0,2500,2,2,N/A,POINT (-93.591834408454 41.592358640064)
2012709016,12021519,10/17/2012,10-October,4-Wednesday,11:46,1100 Hours,District 2 (Northeast),MASON CITY,CERRO GORDO,,S MONROE AVE,Collision with:  Vehicle in traffic,On Roadway,"Angle, oncoming left turn",Ran Traffic Signal,None Indicated,None apparent,Daylight,Wet,Rain,None apparent,Intersection:  Four-way intersection,Paved,N/A,Property Damage Only,0,0,0,0,0,0,2800,2,2,N/A,POINT (-93.208613228219 43.147475228555)
2012707803,2012012504,10/17/2012,10-October,4-Wednesday,17:09,1700 Hours,District 6 (East Central),IOWA CITY,JOHNSON,,KIRKWOOD AVE & SUMMIT ST,Collision with:  Vehicle in traffic,On Roadway,Broadside (front to side),Other (explain in narrative):  Vision obstructed,None Indicated,None apparent,Daylight,Wet,Rain,None apparent,Intersection:  T-intersection,Paved,N/A,Possible/Unknown,0,1,0,0,1,0,2500,2,2,N/A,POINT (-91.520974279022 41.649442794308)
2012711362,2012056451,10/18/2012,10-October,5-Thursday,21:42,2100 Hours,District 4 (Southwest),,POTTAWATTAMIE,I-80,I-80,Non-collision events:  Overturn/rollover,On Roadway,Non-collision (single vehicle),Ran off road - left,None Indicated,None apparent,Dark - roadway not lighted,Wet,Rain,None apparent,Non-intersection:  Non-junction/no special feature,Paved,N/A,Minor Injury,0,1,0,1,0,0,100000,1,1,Westbound (WB),POINT (-95.682050697191 41.369990176103)
2012708036,2012-012563,10/19/2012,10-October,6-Friday,08:04,0800 Hours,District 6 (East Central),IOWA CITY,JOHNSON,,LAFAYETTE ST & S CAPITOL ST,Collision with:  Vehicle in traffic,On Roadway,Rear-end (front to rear),Followed too close,None Indicated,None apparent,Daylight,Wet,Cloudy,None apparent,Intersection:  T-intersection,Paved,N/A,Property Damage Only,0,0,0,0,0,0,2800,2,2,N/A,POINT (-91.536257048175 41.65227747749)
2012709357,20120032967,10/19/2012,10-October,6-Friday,12:40,1200 Hours,District 1 (Central),DES MOINES,POLK,,INGERSOLL AVE,Collision with:  Vehicle in traffic,On Roadway,"Sideswipe, same direction",Followed too close,None Indicated,None apparent,Daylight,Dry,Cloudy,None apparent,Non-intersection:  Non-junction/no special feature,Paved,N/A,Property Damage Only,0,0,0,0,0,0,4000,2,2,N/A,POINT (-93.646624721871 41.585722436155)
2012708592,12-35371,10/20/2012,10-October,7-Saturday,03:32,0300 Hours,District 3 (Northwest),SIOUX CITY,WOODBURY,,W 14TH ST,Collision with:  Parked motor vehicle,On Roadway,"Sideswipe, same direction","Operating vehicle in an reckless, erratic, careless, negligent manner",Alcohol (Statutory),None apparent,Dark - roadway lighted,Dry,Cloudy,None apparent,Non-intersection:  Non-junction/no special feature,Paved,N/A,Property Damage Only,0,0,0,0,0,0,1800,3,3,N/A,POINT (-96.426067774814 42.505032994771)
2012712313,12009514,10/21/2012,10-October,1-Sunday,10:20,1000 Hours,District 6 (East Central),DYERSVILLE,DELAWARE,US 20,US 20,Collision with:  Animal,N/A,N/A,Animal,None Indicated,N/A,N/A,N/A,N/A,N/A,N/A,Paved,N/A,Property Damage Only,0,0,0,0,0,0,4000,1,1,Eastbound (EB),POINT (-91.136577414443 42.471159994977)
2012708382,20120033245,10/22/2012,10-October,2-Monday,07:12,0700 Hours,District 1 (Central),DES MOINES,POLK,,SW 9TH ST & VIRGINIA AVE,Collision with:  Vehicle in traffic,On Roadway,Rear-end (front to rear),Followed too close,None Indicated,Unknown,Dark - roadway lighted,Wet,Rain,Unknown,Intersection:  Four-way intersection,Paved,N/A,Property Damage Only,0,0,0,0,0,0,1500,2,2,N/A,POINT (-93.625699694741 41.55816786695)
2012708562,12-041548,10/23/2012,10-October,3-Tuesday,07:31,0700 Hours,District 4 (Southwest),COUNCIL BLUFFS,POTTAWATTAMIE,I-80,I-80,Collision with:  Animal,On Roadway,Non-collision (single vehicle),Animal,None Indicated,Animal in roadway,Dawn,Dry,Rain,None apparent,Non-intersection:  Non-junction/no special feature,Paved,N/A,Property Damage Only,0,0,0,0,0,0,5000,1,1,Westbound (WB),POINT (-95.813185197344 41.2487476833)
2012709166,12-35894,10/24/2012,10-October,4-Wednesday,09:19,0900 Hours,District 3 (Northwest),SIOUX CITY,WOODBURY,I-29,I-29 & IA 376/SINGING HILLS BLVD,Collision with:  Vehicle in traffic,On Roadway,Rear-end (front to rear),Lost Control,None Indicated,None apparent,Daylight,Wet,Rain,"Surface condition (e.g., wet, icy)",Non-intersection:  Non-junction/no special feature,Paved,N/A,Possible/Unknown,0,1,0,0,1,0,6000,2,3,Ramp,POINT (-96.374050327521 42.434595800306)
2012708686,12-004203,10/24/2012,10-October,4-Wednesday,21:10,2100 Hours,District 3 (Northwest),,LYON,,Co Rd A52/260TH ST,Collision with:  Animal,On Roadway,Non-collision (single vehicle),Animal,None Indicated,Animal in roadway,N/A,N/A,N/A,N/A,N/A,Paved,N/A,Property Damage Only,0,0,0,0,0,0,7000,1,1,N/A,POINT (-96.187580427443 43.271923134579)
2012710142,12-004576,10/25/2012,10-October,5-Thursday,07:27,0700 Hours,District 1 (Central),ANKENY,POLK,,SW 3RD ST & SW STATE ST,Collision with:  Vehicle in traffic,On Roadway,"Sideswipe, opposite direction",Made improper turn,None Indicated,None apparent,Dark - roadway lighted,Wet,Rain,None apparent,Intersection:  Four-way intersection,Paved,N/A,Property Damage Only,0,0,0,0,0,0,1800,2,3,N/A,POINT (-93.622093837652 41.729584773305)
2012709834,20120034194,10/26/2012,10-October,6-Friday,11:00,1100 Hours,District 1 (Central),DES MOINES,POLK,,LOCUST ST & 5TH AVE,Collision with:  Vehicle in traffic,On Roadway,Rear-end (front to rear),Followed too close,None Indicated,None apparent,Daylight,Unknown,Unknown,None apparent,Non-intersection:  Non-junction/no special feature,Paved,N/A,Property Damage Only,0,0,0,0,0,0,1500,2,2,N/A,POINT (-93.623687298184 41.587083146415)
2012710780,,10/26/2012,10-October,6-Friday,04:00,0400 Hours,District 2 (Northeast),LU VERNE,HUMBOLDT,,Co Rd P60/105TH ST/STATES AVE,Collision with fixed object:  Ditch,Roadside,Non-collision (single vehicle),Ran Stop Sign,Under Influence of Alcohol/Drugs/Medications,None apparent,Dark - roadway lighted,Dry,Clear,None apparent,Intersection:  T-intersection,Paved,N/A,Major Injury,0,1,1,0,0,0,1600,1,1,N/A,POINT (-94.088827115151 42.899089900761)
2012720911,20121027DW01,10/27/2012,10-October,7-Saturday,11:50,1100 Hours,District 3 (Northwest),ALTON,SIOUX,IA 10,IA 10/450TH ST/KENNEDY AVE & IA 450 & KINGBIRD AVE,Non-collision events:  Overturn/rollover,On Roadway,Non-collision (single vehicle),Oversized Load/Vehicle,None Indicated,None apparent,Daylight,Dry,Clear,None apparent,Intersection:  T-intersection,Paved,N/A,Property Damage Only,0,0,0,0,0,0,7500,1,1,No Travel Direction Consistent with Route,POINT (-95.997833396582 42.997329147458)
2012710375,12-034499,10/28/2012,10-October,1-Sunday,23:29,2300 Hours,District 5 (Southeast),,LEE,US 61,US 61 & 187 ST,Collision with:  Animal,On Roadway,Non-collision (single vehicle),Animal,None Indicated,Animal in roadway,N/A,N/A,N/A,N/A,N/A,Paved,N/A,Property Damage Only,0,0,0,0,0,0,5000,1,1,Southbound (SB),POINT (-91.251074918556 40.684002825086)
2012710301,123716,10/29/2012,10-October,2-Monday,18:45,1800 Hours,District 3 (Northwest),,CRAWFORD,,Co Rd M14/KENWOOD RD,Collision with:  Animal,N/A,N/A,Animal,None Indicated,N/A,N/A,N/A,N/A,N/A,N/A,Paved,N/A,Property Damage Only,0,0,0,0,0,0,2200,1,1,N/A,POINT (-95.514507327251 42.023784023908)
2012716213,2012058078,10/29/2012,10-October,2-Monday,07:47,0700 Hours,District 4 (Southwest),,DALLAS,,Co Rd P58/L AVE & 352ND PL,Collision with:  Animal,On Roadway,Non-collision (single vehicle),Animal,None Indicated,None apparent,Daylight,Dry,Cloudy,None apparent,Non-intersection:  Non-junction/no special feature,Paved,N/A,Property Damage Only,0,0,0,0,0,0,7000,2,2,N/A,POINT (-94.079991207145 41.527911799513)
2012709688,12023037,10/30/2012,10-October,3-Tuesday,15:44,1500 Hours,District 6 (East Central),MARION,LINN,,10TH ST,Collision with:  Vehicle in traffic,On Roadway,Rear-end (front to rear),Followed too close,None Indicated,None apparent,Daylight,Dry,Clear,None apparent,Intersection:  Four-way intersection,Paved,N/A,Property Damage Only,0,0,0,0,0,0,3700,2,4,N/A,POINT (-91.599408917087 42.053840090164)
2012710797,,10/31/2012,10-October,4-Wednesday,03:00,0300 Hours,District 6 (East Central),IOWA CITY,JOHNSON,US 218,US 218,Collision with:  Animal,On Roadway,Non-collision (single vehicle),Animal,None Indicated,N/A,Dark - roadway not lighted,Dry,Severe winds,N/A,Intersection:  Four-way intersection,Paved,N/A,Property Damage Only,0,0,0,0,0,0,6000,1,1,Unknown - Not Indicated - Unlocated,POINT (-91.588903964099 41.650675246613)
2012710106,201216630,10/31/2012,10-October,4-Wednesday,16:30,1600 Hours,District 6 (East Central),CEDAR RAPIDS,LINN,,35TH ST NE & EASTERN AVE NE,Collision with:  Vehicle in traffic,On Roadway,"Angle, oncoming left turn",Lost Control,None Indicated,None apparent,Daylight,Dry,Clear,None apparent,Non-intersection:  Non-junction/no special feature,Paved,N/A,Possible/Unknown,0,1,0,0,1,0,3300,2,2,N/A,POINT (-91.648137277156 42.013778836785)
2012713642,12S-051,11/01/2012,11-November,5-Thursday,14:28,1400 Hours,District 4 (Southwest),CRESTON,UNION,IA 25,IA 25/W TOWNLINE ST & LINCOLN ST & N LINCOLN ST,Collision with:  Vehicle in traffic,On Roadway,Broadside (front to side),Ran Traffic Signal,None Indicated,None apparent,Daylight,Dry,Clear,None apparent,Intersection:  Four-way intersection,Paved,N/A,Property Damage Only,0,0,0,0,0,0,11000,3,5,Both North and South,POINT (-94.375812326882 41.071120556703)
2012711917,20120034524,11/01/2012,11-November,5-Thursday,12:00,1200 Hours,District 1 (Central),DES MOINES,POLK,US 69,US 69/SE 14TH ST & E RAILROAD AVE,Collision with:  Vehicle in traffic,On Roadway,Rear-end (front to rear),Followed too close,None Indicated,None apparent,Daylight,Dry,Clear,None apparent,Non-intersection:  Non-junction/no special feature,Paved,N/A,Property Damage Only,0,0,0,0,0,0,2800,2,3,Southbound (SB),POINT (-93.596881682148 41.578893714374)
2012716278,2012006713,11/02/2012,11-November,6-Friday,08:00,0800 Hours,District 6 (East Central),,BENTON,US 218,US 218/58 ST,Collision with:  Vehicle in traffic,On Roadway,Rear-end (front to rear),Swerving/Evasive Action,None Indicated,None apparent,Daylight,Dry,Clear,None apparent,Intersection:  T-intersection,Paved,N/A,Minor Injury,0,1,0,1,0,0,10000,2,2,No Travel Direction Consistent with Route,POINT (-92.049099837323 42.181068933601)
2012710633,201216767,11/02/2012,11-November,6-Friday,19:42,1900 Hours,District 6 (East Central),CEDAR RAPIDS,LINN,IA 100,IA 100/COLLINS AVE NE & COUNCIL ST NE,Collision with:  Vehicle in traffic,On Roadway,Head-on (front to front),FTYROW:  Making left turn,None Indicated,None apparent,Dark - roadway lighted,Dry,Clear,None apparent,Intersection:  Four-way intersection,Paved,N/A,Possible/Unknown,0,3,0,0,3,0,8000,2,3,No Travel Direction Consistent with Route,POINT (-91.658286500032 42.028497267138)
2012710338,12-30840,11/03/2012,11-November,7-Saturday,23:53,2300 Hours,District 1 (Central),,JASPER,,Co Rd F62/HWY 225 E & Co Rd T33/HWY T-33 S,Non-collision events:  Overturn/rollover,Shoulder,Non-collision (single vehicle),Ran off road - right,None Indicated,None apparent,Dark - roadway not lighted,Dry,Clear,None apparent,Non-intersection:  Non-junction/no special feature,Paved,N/A,Property Damage Only,0,0,0,0,0,0,5000,1,1,N/A,POINT (-92.834366218593 41.581080320911)