Iowa DOT Case Number,Law Enforcement Case Number,Date of Crash,Month of Crash,Day of Week,Time of Crash,Hour,DOT District,City Name,County Name,Route with System,Location Description,First Harmful Event,Location of First Harmful Event,Manner of Crash/Collision,Major Cause,Drug or Alcohol ,Environmental Conditions,Light Conditions,Surface Conditions,Weather Conditions,Roadway Contribution,Roadway Type,Roadway Surface,Work Zone,Crash Severity,Number of Fatalities,Number of Injuries,Number of Major Injuries,Number of Minor Injuries,Number of Possible Injuries,Number of Unknown Injuries,Amount of Property Damage,Number of Vehicles Involved,Total Number of Occupants,Travel Direction,Location
2012710524,12-3485,11/03/2012,11-November,7-Saturday,03:10,0300 Hours,District 1 (Central),FORT DODGE,WEBSTER,,KNOLLCREST DR,Collision with:  Parked motor vehicle,On Roadway,"Sideswipe, same direction",Unknown,None Indicated,Unknown,Dark - roadway lighted,Dry,Clear,None apparent,Non-intersection:  Non-junction/no special feature,Paved,N/A,Property Damage Only,0,0,0,0,0,0,5000,2,1,N/A,POINT (-94.151964323267 42.5205603138)
2012717021,2012059066,11/04/2012,11-November,1-Sunday,00:21,0000 Hours,District 4 (Southwest),,ADAIR,I-80,I-80,Collision with:  Animal,N/A,N/A,Animal,None Indicated,N/A,N/A,N/A,N/A,N/A,N/A,Paved,N/A,Property Damage Only,0,0,0,0,0,0,2000,1,1,Eastbound (EB),POINT (-94.68684076115 41.496732997783)
2012710646,12A-146,11/05/2012,11-November,2-Monday,22:58,2200 Hours,District 5 (Southeast),,MARION,IA 163,IA 163/IOWA 163,Collision with:  Animal,N/A,N/A,Animal,None Indicated,N/A,N/A,N/A,N/A,N/A,N/A,Paved,N/A,Property Damage Only,0,0,0,0,0,0,2500,1,1,No Travel Direction Consistent with Route,POINT (-92.998491825639 41.436134782155)
2012710733,2012-90067,11/06/2012,11-November,3-Tuesday,09:44,0900 Hours,District 6 (East Central),DAVENPORT,SCOTT,,KIMBERLY RD,Collision with:  Vehicle in traffic,On Roadway,Rear-end (front to rear),Lost Control,None Indicated,None apparent,Daylight,Wet,Rain,None apparent,Non-intersection:  Driveway access (within),Paved,N/A,Property Damage Only,0,0,0,0,0,0,7500,2,2,N/A,POINT (-90.522416118673 41.548662886644)
2012712019,12-21588,11/06/2012,11-November,3-Tuesday,18:24,1800 Hours,District 6 (East Central),BETTENDORF,SCOTT,,MIDDLE RD,Collision with:  Vehicle in traffic,On Roadway,Rear-end (front to rear),Swerving/Evasive Action,None Indicated,None apparent,Dark - roadway lighted,Wet,Cloudy,None apparent,Non-intersection:  Non-junction/no special feature,Paved,N/A,Property Damage Only,0,0,0,0,0,0,4900,2,3,N/A,POINT (-90.484993448278 41.550957178411)
2012711486,12217,11/07/2012,11-November,4-Wednesday,13:30,1300 Hours,District 5 (Southeast),PELLA,MARION,,WASHINGTON ST & MAIN ST,Collision with:  Vehicle in traffic,On Roadway,Broadside (front to side),FTYROW:  From parked position,None Indicated,None apparent,Daylight,Dry,Cloudy,None apparent,Non-intersection:  Non-junction/no special feature,Paved,N/A,Property Damage Only,0,0,0,0,0,0,3000,2,2,N/A,POINT (-92.916451997416 41.408072880885)
2012711267,20120035269,11/07/2012,11-November,4-Wednesday,18:05,1800 Hours,District 1 (Central),DES MOINES,POLK,,PAYTON AVE & E PAYTON AVE & S UNION ST,Collision with:  Vehicle in traffic,On Roadway,Broadside (front to side),FTYROW:  From stop sign,None Indicated,None apparent,Dark - roadway lighted,Dry,Clear,None apparent,Intersection:  Four-way intersection,Paved,N/A,Property Damage Only,0,0,0,0,0,0,4500,2,5,N/A,POINT (-93.616079061509 41.530062929926)
2012715952,,11/08/2012,11-November,5-Thursday,14:14,1400 Hours,District 2 (Northeast),HAMPTON,FRANKLIN,,2ND AVE NW & 3RD ST NW,Collision with:  Vehicle in traffic,On Roadway,Broadside (front to side),FTYROW:  At uncontrolled intersection,None Indicated,None apparent,Daylight,Dry,Clear,None apparent,Intersection:  Four-way intersection,Paved,N/A,Property Damage Only,0,0,0,0,0,0,7500,2,2,N/A,POINT (-93.211151429036 42.743588602246)
2012717088,2012059895,11/09/2012,11-November,6-Friday,02:30,0200 Hours,District 1 (Central),,POLK,I-80,I-80,Collision with fixed object:  Other fixed object (explain in narrative),Median,Non-collision (single vehicle),Animal,None Indicated,None apparent,Dark - roadway not lighted,Dry,Clear,None apparent,Non-intersection:  Non-junction/no special feature,Paved,N/A,Property Damage Only,0,0,0,0,0,0,5100,1,5,Westbound (WB),POINT (-93.399479983345 41.680485821914)
2012711774,12-31484,11/09/2012,11-November,6-Friday,16:50,1600 Hours,District 1 (Central),NEWTON,JASPER,,Co Rd F27/N 39TH AVE E,Non-collision events:  Other non-collision (explain in narrative),On Roadway,Non-collision (single vehicle),Ran off road - right,None Indicated,None apparent,Dusk,"Mud, dirt",Clear,None apparent,Non-intersection:  Non-junction/no special feature,Unpaved,N/A,Possible/Unknown,0,1,0,0,1,0,16000,1,1,N/A,POINT (-93.015031271556 41.735293912225)
2012711392,,11/10/2012,11-November,7-Saturday,21:45,2100 Hours,District 4 (Southwest),,MONTGOMERY,US 71,US 71,Collision with:  Animal,On Roadway,Non-collision (single vehicle),Animal,None Indicated,N/A,Dark - roadway not lighted,Dry,Severe winds,N/A,Non-intersection:  Non-junction/no special feature,Paved,N/A,Property Damage Only,0,0,0,0,0,0,3500,1,1,Unknown - Not Indicated - Unlocated,POINT (-94.984896403168 41.097968764173)
2012711396,,11/10/2012,11-November,7-Saturday,22:05,2200 Hours,District 2 (Northeast),,KOSSUTH,,Co Rd A42/360 ST,Collision with:  Animal,On Roadway,Non-collision (single vehicle),Animal,None Indicated,Animal in roadway,Dark - roadway not lighted,Wet,Rain,None apparent,Non-intersection:  Non-junction/no special feature,Paved,N/A,Minor Injury,0,1,0,1,0,0,7500,1,1,N/A,POINT (-94.098645349943 43.28439392111)
2012711915,20120035639,11/11/2012,11-November,1-Sunday,11:30,1100 Hours,District 1 (Central),DES MOINES,POLK,US 69,US 69/E 14TH ST & E COURT AVE,Collision with:  Vehicle in traffic,On Roadway,"Sideswipe, same direction",Improper or erratic lane changing,None Indicated,None apparent,Daylight,Wet,Rain,None apparent,Intersection:  Four-way intersection,Paved,N/A,Property Damage Only,0,0,0,0,0,0,2000,2,3,Southbound (SB),POINT (-93.596849425623 41.589720611489)
2012711524,12-5504,11/12/2012,11-November,2-Monday,02:35,0200 Hours,District 1 (Central),WEST DES MOINES,POLK,I-80,I-80,Collision with fixed object:  Other fixed object (explain in narrative),On Roadway,Non-collision (single vehicle),"Operating vehicle in an reckless, erratic, careless, negligent manner",None Indicated,None apparent,Dark - roadway lighted,Dry,Clear,None apparent,Non-intersection:  Non-junction/no special feature,Paved,N/A,Property Damage Only,0,0,0,0,0,0,5500,1,1,Westbound (WB),POINT (-93.781970149749 41.592186404894)
2012712034,2012-92053,11/13/2012,11-November,3-Tuesday,17:31,1700 Hours,District 6 (East Central),DAVENPORT,SCOTT,I-280,I-280,Collision with:  Animal,On Roadway,Non-collision (single vehicle),Animal,None Indicated,None apparent,Dark - roadway lighted,Dry,Cloudy,None apparent,Non-intersection:  Non-junction/no special feature,Paved,N/A,Property Damage Only,0,0,0,0,0,0,3500,1,1,No Travel Direction Consistent with Route,POINT (-90.675033132989 41.531046718006)
2012712367,02-12-16466,11/13/2012,11-November,3-Tuesday,09:30,0900 Hours,District 6 (East Central),,DUBUQUE,,OLDE MASSEY RD,N/A,On Roadway,Non-collision (single vehicle),Ran off road - right,None Indicated,Other (explain in narrative),Daylight,Dry,Clear,None apparent,Non-intersection:  Non-junction/no special feature,Paved,N/A,Property Damage Only,0,0,0,0,0,0,5000,1,1,N/A,POINT (-90.60674552856 42.436669814406)
2012720105,032-139-12,11/14/2012,11-November,4-Wednesday,12:09,1200 Hours,District 3 (Northwest),ESTHERVILLE,EMMET,,S 28TH ST,Collision with:  Vehicle in traffic,On Roadway,Rear-end (front to rear),Improper Backing,None Indicated,None apparent,Daylight,Dry,Cloudy,None apparent,Non-intersection:  Non-junction/no special feature,Paved,N/A,Property Damage Only,0,0,0,0,0,0,1550,2,3,N/A,POINT (-94.806659565611 43.398921559616)
2012712267,W12-118292,11/15/2012,11-November,5-Thursday,11:49,1100 Hours,District 2 (Northeast),WATERLOO,BLACK HAWK,,FOWLER ST & IRVING ST,Collision with:  Vehicle in traffic,On Roadway,"Sideswipe, same direction",Made improper turn,None Indicated,None apparent,Daylight,Dry,Clear,None apparent,Intersection:  Four-way intersection,Paved,N/A,Property Damage Only,0,0,0,0,0,0,5800,2,4,N/A,POINT (-92.326587261671 42.496408807008)
2012712710,S12-7156,11/15/2012,11-November,5-Thursday,14:25,1400 Hours,District 3 (Northwest),SIOUX CITY,WOODBURY,US 20,US 20 & Co Rd K39/CARROLL AVE,Non-collision events:  Overturn/rollover,On Roadway,Non-collision (single vehicle),Swerving/Evasive Action,None Indicated,None apparent,Daylight,Dry,Clear,None apparent,Non-intersection:  Non-junction/no special feature,Paved,N/A,Property Damage Only,0,0,0,0,0,0,20210,1,2,Eastbound (EB),POINT (-96.282600252472 42.475280578358)
2012714104,1116053312,11/16/2012,11-November,6-Friday,05:33,0500 Hours,District 5 (Southeast),,WASHINGTON,,Co Rd G26/190TH ST,Non-collision events:  Overturn/rollover,On Roadway,Non-collision (single vehicle),Swerving/Evasive Action,None Indicated,Animal in roadway,Dark - roadway not lighted,Dry,Clear,None apparent,Non-intersection:  Non-junction/no special feature,Paved,N/A,Minor Injury,0,1,0,1,0,0,8000,1,1,N/A,POINT (-91.885959178256 41.380785782172)
2012712686,12-15634,11/16/2012,11-November,6-Friday,17:37,1700 Hours,District 1 (Central),AMES,STORY,US 30,US 30/SE RAMP CURV & US 69/S DUFF AVE,Collision with:  Vehicle in traffic,On Roadway,"Angle, oncoming left turn",Ran Traffic Signal,None Indicated,None apparent,Dark - roadway lighted,Dry,Clear,None apparent,Intersection:  Four-way intersection,Paved,N/A,Minor Injury,0,1,0,1,0,0,7000,2,2,Ramp,POINT (-93.61002687644 42.003889145294)
2012713441,12-004536,11/17/2012,11-November,7-Saturday,01:10,0100 Hours,District 3 (Northwest),,LYON,,Co Rd A16/120TH ST,Non-collision events:  Overturn/rollover,On Roadway,Non-collision (single vehicle),Ran off road - left,None Indicated,None apparent,Dark - roadway not lighted,Dry,Clear,None apparent,Non-intersection:  Non-junction/no special feature,Unpaved,N/A,Possible/Unknown,0,1,0,0,1,0,5000,1,1,N/A,POINT (-96.141301250964 43.476454553374)
2012713636,12-013911,11/18/2012,11-November,1-Sunday,11:13,1100 Hours,District 1 (Central),,TAMA,US 30,US 30 & TRADING POST RD,Collision with:  Vehicle in traffic,On Roadway,Broadside (front to side),Other (explain in narrative):  Other,None Indicated,None apparent,Daylight,Dry,Clear,None apparent,Non-intersection:  Non-junction/no special feature,Paved,N/A,Property Damage Only,0,0,0,0,0,0,12000,2,4,Eastbound (EB),POINT (-92.673331216278 41.999875432913)
2012714990,12119659,11/19/2012,11-November,2-Monday,13:19,1300 Hours,District 2 (Northeast),CEDAR FALLS,BLACK HAWK,,3RD ST & TREMONT ST,Collision with:  Vehicle in traffic,On Roadway,Broadside (front to side),FTYROW:  At uncontrolled intersection,None Indicated,None apparent,Daylight,Dry,Clear,None apparent,Intersection:  Four-way intersection,Paved,N/A,Property Damage Only,0,0,0,0,0,0,1500,2,2,N/A,POINT (-92.450810170921 42.535958522006)
2012740362,12-5970,11/19/2012,11-November,2-Monday,22:06,2200 Hours,District 3 (Northwest),,IDA,US 20,US 20,Collision with:  Animal,On Roadway,Non-collision (single vehicle),Animal,None Indicated,Animal in roadway,N/A,N/A,N/A,N/A,N/A,Paved,N/A,Property Damage Only,0,0,0,0,0,0,4000,1,1,Eastbound (EB),POINT (-95.576300403791 42.474807561789)
2012713768,12-130,11/20/2012,11-November,3-Tuesday,17:24,1700 Hours,District 2 (Northeast),,BREMER,,Co Rd V14/EASTON AVE,Collision with:  Animal,N/A,N/A,Animal,None Indicated,N/A,N/A,N/A,N/A,N/A,N/A,Paved,N/A,Property Damage Only,0,0,0,0,0,0,5000,1,1,N/A,POINT (-92.475658017401 42.841480156114)
2012713469,SO12002805,11/21/2012,11-November,4-Wednesday,18:15,1800 Hours,District 3 (Northwest),,PLYMOUTH,US 75,US 75,Collision with:  Vehicle in traffic,On Roadway,"Sideswipe, same direction",Improper or erratic lane changing,None Indicated,None apparent,Dark - roadway lighted,Dry,Clear,None apparent,Non-intersection:  Non-junction/no special feature,Paved,N/A,Property Damage Only,0,0,0,0,0,0,2000,2,4,Northbound (NB),POINT (-96.290574515862 42.631730159589)
2012713932,12-015703,11/21/2012,11-November,4-Wednesday,17:07,1700 Hours,District 1 (Central),AMES,STORY,,MORTENSON PKWY & GATEWAY HILLS PARK DR & WELCH AVE & MORTENSON RD,Collision with:  Vehicle in traffic,On Roadway,"Sideswipe, same direction",Other (explain in narrative):  Other,None Indicated,None apparent,Daylight,Dry,Clear,None apparent,Non-intersection:  Non-junction/no special feature,Paved,N/A,Property Damage Only,0,0,0,0,0,0,2000,2,3,N/A,POINT (-93.649352841294 42.011851405604)
2012713424,201217877,11/22/2012,11-November,5-Thursday,14:44,1400 Hours,District 6 (East Central),CEDAR RAPIDS,LINN,,EDGEWOOD RD SW,Collision with:  Vehicle in traffic,On Roadway,Head-on (front to front),Crossed centerline (undivided),None Indicated,Weather conditions,Daylight,Dry,Cloudy,None apparent,Non-intersection:  Non-junction/no special feature,Paved,N/A,Fatal,1,0,0,0,0,0,14000,2,2,N/A,POINT (-91.715079945141 41.897265282262)
2012713855,2012012263,11/23/2012,11-November,6-Friday,17:09,1700 Hours,District 1 (Central),MARSHALLTOWN,MARSHALL,IA 14,IA 14/N 3RD AVE & E LINCOLN ST,Collision with:  Vehicle in traffic,On Roadway,"Angle, oncoming left turn",FTYROW:  Making left turn,None Indicated,None apparent,Dark - roadway lighted,Dry,Clear,None apparent,Intersection:  T-intersection,Paved,N/A,Property Damage Only,0,0,0,0,0,0,4500,2,3,Southbound (SB),POINT (-92.908069194788 42.054424219523)
2012713748,,11/24/2012,11-November,7-Saturday,13:20,1300 Hours,District 1 (Central),DES MOINES,POLK,,SW 9TH ST,Non-collision events:  Other non-collision (explain in narrative),Outside trafficway,Non-collision (single vehicle),Ran off road - right,Under Influence of Alcohol/Drugs/Medications,None apparent,Daylight,Dry,Cloudy,None apparent,Non-intersection:  Other non-intersection (explain in narrative),Paved,N/A,Property Damage Only,0,0,0,0,0,0,7500,1,1,N/A,POINT (-93.625666202448 41.506177695772)
2012714106,S12-7386,11/25/2012,11-November,1-Sunday,17:34,1700 Hours,District 3 (Northwest),,WOODBURY,US 20,US 20,Collision with:  Animal,N/A,N/A,Animal,None Indicated,N/A,N/A,N/A,N/A,N/A,N/A,Paved,N/A,Property Damage Only,0,0,0,0,0,0,5000,1,1,Westbound (WB),POINT (-95.855148118161 42.482117299648)
2012715076,1200001095,11/26/2012,11-November,2-Monday,18:15,1800 Hours,District 1 (Central),,MARSHALL,US 30,US 30/240TH ST & Co Rd S75/MARSH AVE,Collision with:  Animal,N/A,N/A,Animal,None Indicated,N/A,N/A,N/A,N/A,N/A,N/A,Paved,N/A,Property Damage Only,0,0,0,0,0,0,2000,1,1,Unknown - Not Indicated - Unlocated,POINT (-92.999855085984 42.007626618571)
2012713772,12-137,11/26/2012,11-November,2-Monday,06:14,0600 Hours,District 2 (Northeast),,BREMER,,Co Rd V49/REED AVE,Collision with:  Animal,N/A,N/A,Animal,None Indicated,N/A,N/A,N/A,N/A,N/A,N/A,Paved,N/A,Property Damage Only,0,0,0,0,0,0,2000,1,1,N/A,POINT (-92.218966846216 42.693886410107)
2012713884,20120037318,11/27/2012,11-November,3-Tuesday,06:30,0600 Hours,District 1 (Central),DES MOINES,POLK,I-235,I-235 & KEOSAUQUA WAY,Collision with:  Vehicle in traffic,On Roadway,"Sideswipe, same direction",Ran Traffic Signal,None Indicated,None apparent,Dark - roadway lighted,Dry,Clear,None apparent,Intersection:  Other intersection (explain in narrative),Paved,N/A,Property Damage Only,0,0,0,0,0,0,4500,3,3,Ramp,POINT (-93.635442536805 41.595422535292)
2012714308,12-046317,11/28/2012,11-November,4-Wednesday,13:42,1300 Hours,District 4 (Southwest),COUNCIL BLUFFS,POTTAWATTAMIE,,S 24TH ST,Collision with:  Vehicle in traffic,On Roadway,"Sideswipe, same direction",Unknown,None Indicated,None apparent,Daylight,Dry,Clear,None apparent,Non-intersection:  Non-junction/no special feature,Paved,N/A,Property Damage Only,0,0,0,0,0,0,2200,2,2,N/A,POINT (-95.879133313148 41.236614783484)
2012714764,12110558,11/29/2012,11-November,5-Thursday,17:56,1700 Hours,District 5 (Southeast),,WAPELLO,US 63,US 63,Collision with:  Animal,On Roadway,Non-collision (single vehicle),Animal,None Indicated,N/A,Dark - roadway not lighted,N/A,N/A,N/A,Non-intersection:  Non-junction/no special feature,Paved,N/A,Property Damage Only,0,0,0,0,0,0,1500,1,1,Southbound (SB),POINT (-92.513888146978 41.095100123825)
2012715424,2012-06899,11/29/2012,11-November,5-Thursday,22:39,2200 Hours,District 3 (Northwest),,MONONA,,Co Rd E16/E16,Collision with fixed object:  Ditch,On Roadway,Non-collision (single vehicle),Swerving/Evasive Action,None Indicated,Animal in roadway,Dark - unknown roadway lighting,Dry,Clear,None apparent,Non-intersection:  Non-junction/no special feature,Paved,N/A,Possible/Unknown,0,1,0,0,1,0,5000,1,1,N/A,POINT (-95.694209221075 42.168105567789)
2012714940,12-40029,11/30/2012,11-November,6-Friday,15:46,1500 Hours,District 3 (Northwest),SIOUX CITY,WOODBURY,,SINGING HILLS BLVD & SOUTHGATE DR,Collision with:  Vehicle in traffic,On Roadway,Broadside (front to side),FTYROW:  From stop sign,None Indicated,None apparent,Daylight,Dry,Clear,None apparent,Intersection:  Four-way intersection,Paved,N/A,Possible/Unknown,0,2,0,0,2,0,5000,2,2,N/A,POINT (-96.3681690488 42.435543352294)
2012716316,12-123591,12/01/2012,12-December,7-Saturday,08:57,0800 Hours,District 2 (Northeast),,BLACK HAWK,US 63,US 63/LOGAN AVE & E MT VERNON RD & W MT VERNON RD,Collision with:  Vehicle in traffic,On Roadway,Broadside (front to side),FTYROW:  Making left turn,None Indicated,None apparent,Daylight,Dry,Cloudy,None apparent,Intersection:  Other intersection (explain in narrative),Paved,N/A,Minor Injury,0,1,0,1,0,0,20000,2,5,Southbound (SB),POINT (-92.337211666136 42.585042418521)
2012716075,01-12-58618,12/01/2012,12-December,7-Saturday,01:00,0100 Hours,District 6 (East Central),DUBUQUE,DUBUQUE,,PENNSYLVANIA AVE,Collision with fixed object:  Tree,Shoulder,Non-collision (single vehicle),"Operating vehicle in an reckless, erratic, careless, negligent manner",None Indicated,None apparent,Dark - roadway lighted,Dry,Cloudy,None apparent,Non-intersection:  Non-junction/no special feature,Paved,N/A,Property Damage Only,0,0,0,0,0,0,5000,1,2,N/A,POINT (-90.736905794626 42.50168554271)
2012716293,2012-007324,12/02/2012,12-December,1-Sunday,17:38,1700 Hours,District 6 (East Central),,BENTON,,Co Rd E66/77 ST DR,Non-collision events:  Overturn/rollover,Outside trafficway,Non-collision (single vehicle),Driving too fast for conditions,None Indicated,Weather conditions,Dark - roadway not lighted,Dry,"Fog, smoke, smog",None apparent,Non-intersection:  Non-junction/no special feature,Paved,N/A,Property Damage Only,0,0,0,0,0,0,15000,1,1,N/A,POINT (-92.211431109895 41.898801635147)
2012721604,A12106,12/03/2012,12-December,2-Monday,10:52,1000 Hours,District 5 (Southeast),KNOXVILLE,MARION,,W ROBINSON ST & E ROBINSON ST & S ROCHE ST,Collision with:  Vehicle in traffic,On Roadway,Broadside (front to side),Ran Stop Sign,None Indicated,None apparent,Daylight,Wet,Cloudy,None apparent,Intersection:  Four-way intersection,Paved,N/A,Property Damage Only,0,0,0,0,0,0,2000,2,2,N/A,POINT (-93.099909192733 41.318019191474)
2012715100,12-5877,12/04/2012,12-December,3-Tuesday,17:15,1700 Hours,District 1 (Central),WEST DES MOINES,POLK,,WESTOWN PL & 35TH ST/VALLEY WEST DR,Collision with:  Vehicle in traffic,On Roadway,Rear-end (front to rear),Driver Distraction:  Manual operation of an electronic communication device,None Indicated,None apparent,Dark - roadway lighted,Dry,Clear,None apparent,Intersection:  Four-way intersection,Paved,N/A,Property Damage Only,0,0,0,0,0,0,2300,3,5,N/A,POINT (-93.751903493441 41.596413201803)
2012716372,12-005201,12/04/2012,12-December,3-Tuesday,00:11,0000 Hours,District 1 (Central),ANKENY,POLK,I-35,I-35,Collision with:  Animal,N/A,N/A,Animal,None Indicated,N/A,N/A,N/A,N/A,N/A,N/A,Paved,N/A,Property Damage Only,0,0,0,0,0,0,1500,1,1,Unknown - Not Indicated - Unlocated,POINT (-93.575640233587 41.660247074545)
2012715244,12-047318,12/05/2012,12-December,4-Wednesday,15:24,1500 Hours,District 4 (Southwest),COUNCIL BLUFFS,POTTAWATTAMIE,,UPLAND DR & MCPHERSON AVE,Collision with:  Vehicle in traffic,On Roadway,Rear-end (front to rear),Followed too close,None Indicated,None apparent,Daylight,Dry,Cloudy,None apparent,Non-intersection:  Non-junction/no special feature,Paved,N/A,Property Damage Only,0,0,0,0,0,0,3000,2,2,N/A,POINT (-95.812169242329 41.259832390325)
2012717360,,12/06/2012,12-December,5-Thursday,19:05,1900 Hours,District 5 (Southeast),,LUCAS,US 34,US 34,Collision with:  Animal,On Roadway,Non-collision (single vehicle),Animal,None Indicated,Animal in roadway,Dark - roadway not lighted,Wet,Rain,None apparent,Non-intersection:  Non-junction/no special feature,Paved,N/A,Property Damage Only,0,0,0,0,0,0,1500,1,1,Westbound (WB),POINT (-93.345871819941 41.014497241507)
2012715648,201218691,12/07/2012,12-December,6-Friday,14:01,1400 Hours,District 6 (East Central),CEDAR RAPIDS,LINN,,KIRKWOOD BLVD SW,Collision with:  Vehicle in traffic,On Roadway,Rear-end (front to rear),Lost Control,None Indicated,None apparent,Daylight,Dry,Cloudy,None apparent,Non-intersection:  Non-junction/no special feature,Paved,N/A,Minor Injury,0,1,0,1,0,0,2900,2,4,N/A,POINT (-91.656711086542 41.924220295054)
2012718249,01-12-59640,12/07/2012,12-December,6-Friday,12:11,1200 Hours,District 6 (East Central),DUBUQUE,DUBUQUE,,E 22ND ST & THOMAS ST & STAFFORD ST,Collision with:  Vehicle in traffic,On Roadway,Broadside (front to side),Other (explain in narrative):  Other,None Indicated,None apparent,Daylight,Dry,Cloudy,None apparent,Intersection:  Other intersection (explain in narrative),Paved,N/A,Property Damage Only,0,0,0,0,0,0,5500,2,2,N/A,POINT (-90.665162897218 42.517733767355)
2012715977,,12/08/2012,12-December,7-Saturday,06:20,0600 Hours,District 3 (Northwest),SPIRIT LAKE,DICKINSON,,252ND AVE,Non-collision events:  Other non-collision (explain in narrative),On Roadway,Non-collision (single vehicle),Driving too fast for conditions,None Indicated,None apparent,Dark - roadway lighted,Ice/frost,Cloudy,"Surface condition (e.g., wet, icy)",Non-intersection:  Non-junction/no special feature,Paved,N/A,Possible/Unknown,0,1,0,0,1,0,12500,1,2,N/A,POINT (-95.092509505327 43.443605237375)
2012715839,12024825,12/08/2012,12-December,7-Saturday,04:00,0400 Hours,District 2 (Northeast),MASON CITY,CERRO GORDO,,10TH ST NE,Collision with:  Parked motor vehicle,On Roadway,Rear-end (front to rear),Driver Distraction:  Reaching for object(s)/fallen object(s),None Indicated,None apparent,Dark - roadway not lighted,Dry,Clear,None apparent,Non-intersection:  Non-junction/no special feature,Paved,N/A,Property Damage Only,0,0,0,0,0,0,6500,2,1,N/A,POINT (-93.188289124876 43.161026749153)
2012715763,S79120471,12/09/2012,12-December,1-Sunday,14:15,1400 Hours,District 1 (Central),,POWESHIEK,I-80,I-80,Collision with fixed object:  Impact attenuator/crash cushion,Outside trafficway,Non-collision (single vehicle),Ran off road - right,None Indicated,None apparent,Daylight,Wet,Cloudy,None apparent,Non-intersection:  Non-junction/no special feature,Paved,N/A,Property Damage Only,0,0,0,0,0,0,4900,1,1,Eastbound (EB),POINT (-92.677063338834 41.695471074406)
2012719658,12-2778,12/10/2012,12-December,2-Monday,13:03,1300 Hours,District 2 (Northeast),OSAGE,MITCHELL,,STATE ST & S 8TH ST,Collision with:  Vehicle in traffic,On Roadway,Broadside (front to side),FTYROW:  At uncontrolled intersection,None Indicated,None apparent,Daylight,Dry,Cloudy,None apparent,Non-intersection:  Non-junction/no special feature,Paved,N/A,Property Damage Only,0,0,0,0,0,0,2400,2,2,N/A,POINT (-92.809387417102 43.283100117078)
2012716129,201218915,12/11/2012,12-December,3-Tuesday,20:47,2000 Hours,District 6 (East Central),CEDAR RAPIDS,LINN,,15TH AVE SW & 12TH ST SW,Collision with:  Non-motorist (see non-motorist section - NOT a unit),On Roadway,Non-collision (single vehicle),FTYROW:  To pedestrian,None Indicated,None apparent,Dark - roadway lighted,Dry,Cloudy,None apparent,Intersection:  T-intersection,Paved,N/A,Minor Injury,0,1,0,1,0,0,0,1,1,N/A,POINT (-91.685776374722 41.962960407972)
2012718824,201200060434,12/12/2012,12-December,4-Wednesday,12:50,1200 Hours,District 5 (Southeast),OTTUMWA,WAPELLO,,W 2ND ST,Collision with:  Vehicle in traffic,On Roadway,"Sideswipe, same direction",Crossed centerline (undivided),None Indicated,None apparent,Daylight,Dry,Clear,None apparent,Non-intersection:  Non-junction/no special feature,Paved,N/A,Property Damage Only,0,0,0,0,0,0,2000,2,3,N/A,POINT (-92.412458959942 41.019040718041)
2012716501,CL12004712,12/13/2012,12-December,5-Thursday,07:00,0700 Hours,District 6 (East Central),CLINTON,CLINTON,US 67,US 67/N 2ND ST,Collision with:  Vehicle in traffic,On Roadway,Rear-end (front to rear),Driver Distraction:  Manual operation of an electronic communication device,None Indicated,None apparent,Dawn,Dry,Clear,None apparent,Non-intersection:  Non-junction/no special feature,Paved,N/A,Property Damage Only,0,0,0,0,0,0,6000,2,2,Southbound (SB),POINT (-90.186658827374 41.853041033037)
2012716887,2012-100374,12/13/2012,12-December,5-Thursday,16:00,1600 Hours,District 6 (East Central),DAVENPORT,SCOTT,,IA 461/BRADY ST & E 31ST ST,Collision with:  Non-motorist (see non-motorist section - NOT a unit),On Roadway,Non-collision (single vehicle),Unknown,None Indicated,None apparent,Daylight,Dry,Clear,None apparent,Non-intersection:  Driveway access (within),Paved,N/A,Possible/Unknown,0,1,0,0,1,0,200,1,1,No Travel Direction Consistent with Route,POINT (-90.569819683582 41.551890636815)
2012718188,W12-127646,12/14/2012,12-December,6-Friday,12:16,1200 Hours,District 2 (Northeast),WATERLOO,BLACK HAWK,US 218,US 218/WASHINGTON ST & WISCONSIN ST,Collision with:  Vehicle in traffic,On Roadway,Rear-end (front to rear),Followed too close,None Indicated,None apparent,Daylight,Dry,Clear,None apparent,Intersection:  T-intersection,Paved,N/A,Property Damage Only,0,0,0,0,0,0,3500,2,3,Southbound (SB),POINT (-92.325568728379 42.482470782228)
2012716800,20120039334,12/15/2012,12-December,7-Saturday,21:04,2100 Hours,District 1 (Central),DES MOINES,POLK,,E LOCUST ST & E 5TH ST,Collision with:  Vehicle in traffic,On Roadway,Rear-end (front to rear),"Operating vehicle in an reckless, erratic, careless, negligent manner",None Indicated,Non-motorist action,Dark - roadway lighted,Wet,Cloudy,None apparent,Intersection:  Four-way intersection,Paved,N/A,Minor Injury,0,1,0,1,0,0,3500,2,4,N/A,POINT (-93.611198523284 41.589681254271)
2012737755,174-2012,12/15/2012,12-December,7-Saturday,01:00,0100 Hours,District 4 (Southwest),,HARRISON,,QUAY AVE,Collision with fixed object:  Ditch,On Roadway,Non-collision (single vehicle),Animal,None Indicated,Animal in roadway,Dark - roadway not lighted,Unknown,Cloudy,None apparent,Non-intersection:  Non-junction/no special feature,Unpaved,N/A,Minor Injury,0,1,0,1,0,0,500,1,1,N/A,POINT (-95.723999262323 41.814147960668)