Iowa DOT Case Number,Law Enforcement Case Number,Date of Crash,Month of Crash,Day of Week,Time of Crash,Hour,DOT District,City Name,County Name,Route with System,Location Description,First Harmful Event,Location of First Harmful Event,Manner of Crash/Collision,Major Cause,Drug or Alcohol ,Environmental Conditions,Light Conditions,Surface Conditions,Weather Conditions,Roadway Contribution,Roadway Type,Roadway Surface,Work Zone,Crash Severity,Number of Fatalities,Number of Injuries,Number of Major Injuries,Number of Minor Injuries,Number of Possible Injuries,Number of Unknown Injuries,Amount of Property Damage,Number of Vehicles Involved,Total Number of Occupants,Travel Direction,Location
2012724537,,12/16/2012,12-December,1-Sunday,17:50,1700 Hours,District 2 (Northeast),,WINNESHIEK,,Co Rd A18/CO RD A18,Collision with:  Animal,On Roadway,Non-collision (single vehicle),Animal,None Indicated,Animal in roadway,Dark - roadway not lighted,Wet,"Fog, smoke, smog",None apparent,Non-intersection:  Non-junction/no special feature,Paved,N/A,Property Damage Only,0,0,0,0,0,0,5000,1,1,N/A,POINT (-91.913306010364 43.457455791839)
2012717225,20120039533,12/17/2012,12-December,2-Monday,19:04,1900 Hours,District 1 (Central),DES MOINES,POLK,,BELL AVE & FLEUR DR,Collision with:  Vehicle in traffic,On Roadway,"Angle, oncoming left turn",FTYROW:  Making left turn,None Indicated,None apparent,Dark - roadway lighted,Dry,Cloudy,None apparent,Intersection:  Four-way intersection,Paved,N/A,Major Injury,0,1,1,0,0,0,8000,2,11,N/A,POINT (-93.645028403125 41.562744854375)
2012717982,1218125A,12/18/2012,12-December,3-Tuesday,21:00,2100 Hours,District 4 (Southwest),,PAGE,,Co Rd M63/O AVE,Collision with fixed object:  Ditch,Outside trafficway,Non-collision (single vehicle),Ran off road - right,Alcohol (Statutory),None apparent,Dark - roadway not lighted,Dry,Clear,None apparent,Non-intersection:  Non-junction/no special feature,Paved,N/A,Possible/Unknown,0,1,0,0,1,0,5500,1,1,N/A,POINT (-95.099486484623 40.793061021466)
2012717922,12-1711,12/18/2012,12-December,3-Tuesday,12:30,1200 Hours,District 2 (Northeast),WEST UNION,FAYETTE,IA 150,IA 150/LINCOLN RD,Collision with fixed object:  Traffic sign support,On Roadway,Non-collision (single vehicle),Ran off road - right,None Indicated,Weather conditions,Daylight,Ice/frost,Snow,None apparent,Non-intersection:  Non-junction/no special feature,Paved,N/A,Property Damage Only,0,0,0,0,0,0,2500,1,1,Northbound (NB),POINT (-91.8142057353 42.941044683313)
2012718277,02-12-18416,12/19/2012,12-December,4-Wednesday,20:20,2000 Hours,District 6 (East Central),EPWORTH,DUBUQUE,,MAIN ST W,Collision with:  Parked motor vehicle,On Roadway,Broadside (front to side),Driving too fast for conditions,None Indicated,Weather conditions,Dark - roadway lighted,Snow,Snow,"Surface condition (e.g., wet, icy)",Intersection:  T-intersection,Paved,N/A,Property Damage Only,0,0,0,0,0,0,2000,2,1,N/A,POINT (-90.945156905324 42.447489577904)
2012717428,12-001708,12/19/2012,12-December,4-Wednesday,02:35,0200 Hours,District 2 (Northeast),,MITCHELL,,Co Rd T40/MONUMENT AVE,Collision with fixed object:  Ditch,Outside trafficway,Non-collision (single vehicle),Swerving/Evasive Action,None Indicated,Weather conditions,Dark - roadway not lighted,Ice/frost,Snow,"Surface condition (e.g., wet, icy)",Non-intersection:  Non-junction/no special feature,Paved,N/A,Property Damage Only,0,0,0,0,0,0,2500,1,1,N/A,POINT (-92.777362266546 43.479799249588)
2012718193,W12-129620,12/20/2012,12-December,5-Thursday,09:00,0900 Hours,District 2 (Northeast),WATERLOO,BLACK HAWK,US 63,US 63/E 1ST ST & BROADWAY ST & FRANKLIN ST,Collision with:  Vehicle in traffic,On Roadway,"Sideswipe, same direction",Unknown,None Indicated,Weather conditions,Daylight,Snow,Snow,"Surface condition (e.g., wet, icy)",Non-intersection:  Non-junction/no special feature,Paved,N/A,Property Damage Only,0,0,0,0,0,0,4750,2,2,Northbound (NB),POINT (-92.337719594731 42.50360629337)
2012720042,01-12-61876,12/20/2012,12-December,5-Thursday,19:06,1900 Hours,District 6 (East Central),DUBUQUE,DUBUQUE,,WACKER DR,Collision with:  Vehicle in traffic,On Roadway,Rear-end (front to rear),Lost Control,None Indicated,None apparent,Dark - roadway lighted,Snow,"Blowing sand, soil, dirt",None apparent,Intersection:  Four-way intersection,Paved,N/A,Property Damage Only,0,0,0,0,0,0,1750,2,3,N/A,POINT (-90.720423160211 42.496117660509)
2012718738,20120039784,12/20/2012,12-December,5-Thursday,00:30,0000 Hours,District 5 (Southeast),DES MOINES,WARREN,US 65,US 65/SE LOOP,Collision with:  Parked motor vehicle,Gore,Broadside (front to side),Driving too fast for conditions,None Indicated,Weather conditions,Dark - roadway lighted,Snow,Snow,None apparent,Interchange-related:  Off-ramp,Paved,N/A,Property Damage Only,0,0,0,0,0,0,13000,2,2,Ramp,POINT (-93.570524034497 41.504933199246)
2012718413,12-8775,12/21/2012,12-December,6-Friday,12:19,1200 Hours,District 1 (Central),BONDURANT,POLK,,GRANT ST N &  2ND ST NW &  2ND ST NE,Collision with:  Vehicle in traffic,On Roadway,Broadside (front to side),Other (explain in narrative):  Other,None Indicated,None apparent,Daylight,Snow,Cloudy,"Surface condition (e.g., wet, icy)",Intersection:  Four-way intersection,Paved,N/A,Property Damage Only,0,0,0,0,0,0,11800,2,6,N/A,POINT (-93.46324733778 41.702953433402)
2012718493,2012-12079,12/21/2012,12-December,6-Friday,10:04,1000 Hours,District 3 (Northwest),,SAC,IA 39,IA 39/FOX AVE,Non-collision events:  Overturn/rollover,On Roadway,Non-collision (single vehicle),Driving too fast for conditions,None Indicated,None apparent,Daylight,Ice/frost,Clear,"Surface condition (e.g., wet, icy)",Non-intersection:  Non-junction/no special feature,Paved,N/A,Minor Injury,0,2,0,2,0,0,4000,1,2,Northbound (NB),POINT (-95.245973518059 42.222664466216)
2012743607,12-4084,12/21/2012,12-December,6-Friday,16:55,1600 Hours,District 1 (Central),FORT DODGE,WEBSTER,,5TH AVE S & S 15TH ST,Collision with:  Vehicle in traffic,On Roadway,Broadside (front to side),Ran Traffic Signal,None Indicated,None apparent,Dusk,Slush,Clear,None apparent,Intersection:  Four-way intersection,Paved,N/A,Property Damage Only,0,0,0,0,0,0,2000,2,6,N/A,POINT (-94.177650549503 42.501036025688)
2012718367,201219595,12/22/2012,12-December,7-Saturday,17:52,1700 Hours,District 6 (East Central),CEDAR RAPIDS,LINN,IA 922,IA 922/1ST AVE E & 16TH ST NE,Collision with:  Vehicle in traffic,On Roadway,"Angle, oncoming left turn",Made improper turn,None Indicated,None apparent,Dark - roadway lighted,Wet,Clear,None apparent,Intersection:  T-intersection,Paved,N/A,Property Damage Only,0,0,0,0,0,0,4000,2,4,No Travel Direction Consistent with Route,POINT (-91.650297871031 41.989270834121)
2012719729,12-005495,12/22/2012,12-December,7-Saturday,12:05,1200 Hours,District 1 (Central),ANKENY,POLK,,E 1ST ST,Collision with:  Vehicle in traffic,On Roadway,Broadside (front to side),Lost Control,None Indicated,None apparent,Daylight,Snow,Clear,"Surface condition (e.g., wet, icy)",Non-intersection:  Driveway access (within),Paved,N/A,Property Damage Only,0,0,0,0,0,0,12000,2,4,N/A,POINT (-93.586283321011 41.731853693396)
2012718470,12-6230,12/23/2012,12-December,1-Sunday,13:05,1300 Hours,District 1 (Central),WEST DES MOINES,POLK,,UNIVERSITY AVE,Collision with:  Vehicle in traffic,On Roadway,Rear-end (front to rear),Driving too fast for conditions,None Indicated,None apparent,Daylight,Snow,Cloudy,"Surface condition (e.g., wet, icy)",Non-intersection:  Non-junction/no special feature,Paved,N/A,Minor Injury,0,1,0,1,0,0,750,3,4,N/A,POINT (-93.740406322565 41.600432979007)
2012718490,12-049616,12/24/2012,12-December,2-Monday,16:23,1600 Hours,District 4 (Southwest),COUNCIL BLUFFS,POTTAWATTAMIE,IA 192,IA 192/S 7TH ST,Collision with:  Vehicle in traffic,On Roadway,"Sideswipe, same direction",FTYROW:  Other (explain in narrative),None Indicated,None apparent,Daylight,Dry,Cloudy,None apparent,Non-intersection:  Non-junction/no special feature,Paved,N/A,Property Damage Only,0,0,0,0,0,0,6000,2,5,Southbound (SB),POINT (-95.854242307267 41.259570783662)
2012721148,C12-0006447,12/24/2012,12-December,2-Monday,17:53,1700 Hours,District 2 (Northeast),MCGREGOR,CLAYTON,US 18,US 18,Collision with:  Animal,N/A,N/A,Animal,None Indicated,N/A,N/A,N/A,N/A,N/A,N/A,Paved,N/A,Property Damage Only,0,0,0,0,0,0,3000,1,1,Westbound (WB),POINT (-91.298546414112 43.004949326025)
2012718615,W12-131412,12/26/2012,12-December,4-Wednesday,11:43,1100 Hours,District 2 (Northeast),WATERLOO,BLACK HAWK,IA 934,IA 934/UNIVERSITY AVE & FRONTAGE RD,Collision with:  Vehicle in traffic,On Roadway,Broadside (front to side),Lost Control,None Indicated,None apparent,Daylight,Ice/frost,Cloudy,"Surface condition (e.g., wet, icy)",Intersection:  Four-way intersection,Paved,N/A,Property Damage Only,0,0,0,0,0,0,2500,2,2,Westbound (WB),POINT (-92.399737141553 42.504272115213)
2012720831,201219617,12/26/2012,12-December,4-Wednesday,10:10,1000 Hours,District 6 (East Central),CEDAR RAPIDS,LINN,,BLAIRS FERRY RD NE,Collision with:  Vehicle in traffic,On Roadway,"Sideswipe, same direction",FTYROW:  Other (explain in narrative),None Indicated,None apparent,Daylight,Ice/frost,Cloudy,None apparent,Non-intersection:  Driveway access (within),Paved,N/A,Property Damage Only,0,0,0,0,0,0,4200,2,2,N/A,POINT (-91.665025930653 42.034898326002)
2012719783,,12/27/2012,12-December,5-Thursday,20:50,2000 Hours,District 1 (Central),DES MOINES,POLK,,SE 19TH ST,Collision with:  Parked motor vehicle,On Roadway,Rear-end (front to rear),Unknown,None Indicated,Unknown,Dark - roadway lighted,Snow,Cloudy,Unknown,Non-intersection:  Non-junction/no special feature,Paved,N/A,Property Damage Only,0,0,0,0,0,0,2000,2,1,N/A,POINT (-93.583440993713 41.559642070303)
2012719260,12-003332,12/28/2012,12-December,6-Friday,16:35,1600 Hours,District 1 (Central),ALTOONA,POLK,,4TH ST SW & 17TH AVE SW,Collision with:  Vehicle in traffic,On Roadway,Broadside (front to side),Ran Stop Sign,None Indicated,None apparent,Dark - roadway lighted,Snow,Snow,"Surface condition (e.g., wet, icy)",Intersection:  Four-way intersection,Paved,N/A,Minor Injury,0,1,0,1,0,0,17000,2,3,N/A,POINT (-93.483653218694 41.648087935954)
2012743910,12-4158,12/28/2012,12-December,6-Friday,15:20,1500 Hours,District 1 (Central),FORT DODGE,WEBSTER,,S 12TH ST,Collision with:  Vehicle in traffic,On Roadway,"Angle, oncoming left turn",Made improper turn,None Indicated,None apparent,Daylight,Snow,Cloudy,None apparent,Non-intersection:  Non-junction/no special feature,Paved,N/A,Property Damage Only,0,0,0,0,0,0,2500,2,3,N/A,POINT (-94.182680258326 42.501857779389)
2012719375,CL12004901,12/29/2012,12-December,7-Saturday,20:51,2000 Hours,District 6 (East Central),CLINTON,CLINTON,,,Collision with:  Vehicle in traffic,On Roadway,Broadside (front to side),Ran Stop Sign,None Indicated,None apparent,Dark - roadway lighted,Dry,Clear,None apparent,Intersection:  Four-way intersection,N/A,N/A,Possible/Unknown,0,2,0,0,2,0,4000,2,9,N/A,POINT (-96.643700150779 40.233091251088)
2012769588,E201202836,12/30/2012,12-December,1-Sunday,09:12,0900 Hours,District 3 (Northwest),EMMETSBURG,PALO ALTO,,5TH ST & SUPERIOR ST,Collision with:  Vehicle in traffic,On Roadway,Broadside (front to side),FTYROW:  From stop sign,None Indicated,None apparent,Daylight,Snow,Cloudy,None apparent,Non-intersection:  Non-junction/no special feature,Paved,N/A,Property Damage Only,0,0,0,0,0,0,3450,2,2,N/A,POINT (-94.688918713702 43.1155869737)
2012719800,,12/31/2012,12-December,2-Monday,11:53,1100 Hours,District 2 (Northeast),RENWICK,HUMBOLDT,,MAIN ST & MONTGOMERY ST,Collision with fixed object:  Utility pole/light support,Roadside,Non-collision (single vehicle),Ran off road - right,None Indicated,None apparent,Daylight,Ice/frost,Cloudy,"Surface condition (e.g., wet, icy)",Intersection:  Four-way intersection,Paved,N/A,Property Damage Only,0,0,0,0,0,0,4000,1,2,N/A,POINT (-93.977258914906 42.827910997748)
2013719359,010113-089,01/01/2013,01-January,3-Tuesday,09:25,0900 Hours,District 3 (Northwest),STORM LAKE,BUENA VISTA,IA 7,IA 7/W MILWAUKEE AVE & VESTAL ST,Collision with:  Vehicle in traffic,On Roadway,Broadside (front to side),FTYROW:  From stop sign,Alcohol (Statutory),None apparent,Daylight,Dry,Cloudy,None apparent,Intersection:  Four-way intersection,Paved,N/A,Property Damage Only,0,0,0,0,0,0,12000,2,2,Westbound (WB),POINT (-95.210627531795 42.647486417081)
2013719749,13-000015,01/02/2013,01-January,4-Wednesday,11:00,1100 Hours,District 1 (Central),ALTOONA,POLK,,4TH ST SW & 25TH AVE SW,Collision with:  Vehicle in traffic,On Roadway,Unknown,Improper Backing,None Indicated,None apparent,Daylight,Snow,Clear,None apparent,Non-intersection:  Non-junction/no special feature,Paved,N/A,Property Damage Only,0,0,0,0,0,0,2000,2,2,N/A,POINT (-93.49283597014 41.649147807087)
2013720682,2013-691,01/03/2013,01-January,5-Thursday,19:26,1900 Hours,District 6 (East Central),DAVENPORT,SCOTT,,N DIVISION ST,Collision with:  Vehicle in traffic,On Roadway,Broadside (front to side),Other (explain in narrative):  Other,None Indicated,None apparent,Dark - roadway lighted,Ice/frost,Clear,None apparent,Intersection:  Four-way intersection,Paved,N/A,Property Damage Only,0,0,0,0,0,0,5806,2,2,N/A,POINT (-90.600360192646 41.574814210461)
2013720198,20130000247,01/03/2013,01-January,5-Thursday,13:30,1300 Hours,District 1 (Central),DES MOINES,POLK,,E ARMY POST RD,Collision with:  Vehicle in traffic,On Roadway,Rear-end (front to rear),Followed too close,None Indicated,None apparent,Daylight,Dry,Clear,None apparent,Non-intersection:  Non-junction/no special feature,Paved,N/A,Possible/Unknown,0,1,0,0,1,0,4000,2,2,N/A,POINT (-93.526138524064 41.525240285449)
2013721439,2013000610,01/04/2013,01-January,6-Friday,18:00,1800 Hours,District 2 (Northeast),,ALLAMAKEE,IA 76,IA 76/IOWA 76,Collision with:  Vehicle in traffic,On Roadway,Head-on (front to front),Swerving/Evasive Action,None Indicated,None apparent,Dark - roadway not lighted,Other (explain in narrative),Clear,None apparent,Non-intersection:  Non-junction/no special feature,Paved,N/A,Fatal,1,2,2,0,0,0,7500,2,3,Both North and South,POINT (-91.201337526563 43.107835948758)
2013720995,13-000143,01/05/2013,01-January,7-Saturday,17:37,1700 Hours,District 2 (Northeast),,FAYETTE,,Co Rd C33/100TH ST,Collision with:  Animal,N/A,N/A,Animal,None Indicated,N/A,N/A,N/A,N/A,N/A,N/A,Paved,N/A,Property Damage Only,0,0,0,0,0,0,10000,1,1,N/A,POINT (-92.054027430987 42.773142319455)
2013720277,13-000678,01/06/2013,01-January,1-Sunday,10:20,1000 Hours,District 4 (Southwest),COUNCIL BLUFFS,POTTAWATTAMIE,,5TH AVE & S 13TH ST,Collision with:  Vehicle in traffic,On Roadway,Broadside (front to side),Ran Stop Sign,None Indicated,None apparent,Daylight,Dry,Clear,None apparent,Intersection:  Other intersection (explain in narrative),Paved,N/A,Property Damage Only,0,0,0,0,0,0,3500,2,3,N/A,POINT (-95.863276977569 41.257103690701)
2013721230,13-000586,01/07/2013,01-January,2-Monday,07:04,0700 Hours,District 5 (Southeast),,LEE,IA 2,IA 2/IOWA 2,Collision with fixed object:  Utility pole/light support,Roadside,Non-collision (single vehicle),Ran off road - right,None Indicated,None apparent,Daylight,Dry,Clear,"Surface condition (e.g., wet, icy)",Non-intersection:  Non-junction/no special feature,Paved,N/A,Minor Injury,0,1,0,1,0,0,9000,1,4,Westbound (WB),POINT (-91.675028255264 40.633885909043)
2013720874,20130000805,01/08/2013,01-January,3-Tuesday,15:38,1500 Hours,District 1 (Central),DES MOINES,POLK,,HIGHVIEW DR & FLEUR DR,Collision with:  Vehicle in traffic,On Roadway,Broadside (front to side),Ran Traffic Signal,None Indicated,None apparent,Daylight,Wet,Clear,None apparent,Intersection:  T-intersection,Paved,N/A,Property Damage Only,0,0,0,0,0,0,3000,3,2,N/A,POINT (-93.645016060587 41.531345439156)
2013720821,010913-0229,01/09/2013,01-January,4-Wednesday,15:11,1500 Hours,District 3 (Northwest),STORM LAKE,BUENA VISTA,,EXPANSION BLVD & RADIO RD,Collision with:  Vehicle in traffic,On Roadway,Broadside (front to side),FTYROW:  From stop sign,None Indicated,None apparent,Daylight,Dry,Clear,None apparent,Intersection:  Four-way intersection,Paved,N/A,Minor Injury,0,2,0,1,1,0,13600,2,2,N/A,POINT (-95.171279072183 42.637424175417)
2013720845,13000179,01/09/2013,01-January,4-Wednesday,15:56,1500 Hours,District 3 (Northwest),SHELDON,OBRIEN,US 18,US 18/PARK ST & WESTERN AVE,Collision with:  Vehicle in traffic,On Roadway,Head-on (front to front),Made improper turn,None Indicated,None apparent,Daylight,Dry,Clear,None apparent,Intersection:  Four-way intersection,Paved,N/A,Property Damage Only,0,0,0,0,0,0,6000,2,2,No Travel Direction Consistent with Route,POINT (-95.862011703366 43.185799870955)
2013721751,,01/10/2013,01-January,5-Thursday,15:30,1500 Hours,District 2 (Northeast),CEDAR FALLS,BLACK HAWK,,ERIK RD & MARIUS DR,Collision with:  Parked motor vehicle,On Roadway,"Sideswipe, opposite direction",Made improper turn,None Indicated,None apparent,Daylight,Dry,Clear,None apparent,Intersection:  T-intersection,Paved,N/A,Property Damage Only,0,0,0,0,0,0,1700,2,20,N/A,POINT (-92.462423853604 42.490921434147)
2013734038,0111160213,01/11/2013,01-January,6-Friday,16:02,1600 Hours,District 5 (Southeast),WASHINGTON,WASHINGTON,,E 2ND ST & N 12TH AVE,Collision with:  Vehicle in traffic,On Roadway,Broadside (front to side),FTYROW:  From stop sign,None Indicated,None apparent,Daylight,Wet,Cloudy,None apparent,Intersection:  Four-way intersection,Paved,N/A,Property Damage Only,0,0,0,0,0,0,2250,2,2,N/A,POINT (-91.678494535987 41.300270675614)
2013721802,C13000120,01/11/2013,01-January,6-Friday,15:10,1500 Hours,District 6 (East Central),CORALVILLE,JOHNSON,IA 965,IA 965/CORAL RIDGE AVE,Collision with:  Vehicle in traffic,On Roadway,Rear-end (front to rear),Followed too close,None Indicated,None apparent,Daylight,Wet,Clear,None apparent,Non-intersection:  Other non-intersection (explain in narrative),Paved,N/A,Possible/Unknown,0,2,0,0,2,0,6500,2,3,Southbound (SB),POINT (-91.608508424912 41.693895073608)
2013721345,2013-2944,01/12/2013,01-January,7-Saturday,21:16,2100 Hours,District 6 (East Central),DAVENPORT,SCOTT,,E 53RD ST & GRAND AVE,Collision with:  Vehicle in traffic,On Roadway,Broadside (front to side),Made improper turn,None Indicated,None apparent,Dark - roadway lighted,Snow,Snow,"Surface condition (e.g., wet, icy)",Intersection:  T-intersection,Paved,N/A,Property Damage Only,0,0,0,0,0,0,6000,2,5,N/A,POINT (-90.565237812799 41.574606786412)
2013722905,1300237,01/14/2013,01-January,2-Monday,19:30,1900 Hours,District 2 (Northeast),,CERRO GORDO,,Co Rd B20/300TH ST,Collision with:  Animal,N/A,N/A,Animal,None Indicated,N/A,N/A,N/A,N/A,N/A,N/A,Paved,N/A,Property Damage Only,0,0,0,0,0,0,3500,1,1,N/A,POINT (-93.278379280459 43.19867218941)
2013724423,AC13-003,01/14/2013,01-January,2-Monday,07:00,0700 Hours,District 4 (Southwest),HARLAN,SHELBY,,8TH ST,Collision with:  Vehicle in traffic,On Roadway,Rear-end (front to rear),Other (explain in narrative):  Other,None Indicated,None apparent,Dawn,Dry,Clear,None apparent,Non-intersection:  Non-junction/no special feature,Paved,N/A,Minor Injury,0,1,0,1,0,0,8000,2,1,N/A,POINT (-95.319985575169 41.647060052679)
2013721777,13-01707,01/15/2013,01-January,3-Tuesday,07:20,0700 Hours,District 5 (Southeast),BURLINGTON,DES MOINES,,8TH ST,Collision with:  Parked motor vehicle,Shoulder,Head-on (front to front),"Operating vehicle in an reckless, erratic, careless, negligent manner",None Indicated,None apparent,Dark - roadway lighted,Ice/frost,Clear,Non-highway work,Non-intersection:  Non-junction/no special feature,Paved,N/A,Property Damage Only,0,0,0,0,0,0,2000,2,1,N/A,POINT (-91.106127480286 40.789314966833)
2013722100,13000856,01/16/2013,01-January,4-Wednesday,12:12,1200 Hours,District 2 (Northeast),MASON CITY,CERRO GORDO,IA 122,IA 122/4TH ST SW,Collision with:  Vehicle in traffic,On Roadway,"Sideswipe, same direction",Improper or erratic lane changing,None Indicated,None apparent,Daylight,Wet,Clear,None apparent,Non-intersection:  Non-junction/no special feature,Paved,N/A,Property Damage Only,0,0,0,0,0,0,4500,2,3,Westbound (WB),POINT (-93.223644786759 43.148365330382)
2013722064,13000704,01/17/2013,01-January,5-Thursday,13:48,1300 Hours,District 5 (Southeast),CENTERVILLE,APPANOOSE,,S DRAKE AVE,Collision with:  Vehicle in traffic,On Roadway,Broadside (front to side),FTYROW:  From driveway,None Indicated,None apparent,Daylight,Dry,Clear,None apparent,Non-intersection:  Driveway access (within),Paved,N/A,Property Damage Only,0,0,0,0,0,0,1600,2,3,N/A,POINT (-92.872668847962 40.732026945511)
2013722335,13-0254,01/18/2013,01-January,6-Friday,07:56,0700 Hours,District 1 (Central),WEST DES MOINES,POLK,,E P TRUE PKWY,Non-collision events:  Other non-collision (explain in narrative),On Roadway,Non-collision (single vehicle),Lost Control,None Indicated,None apparent,Daylight,Ice/frost,Cloudy,"Surface condition (e.g., wet, icy)",Non-intersection:  Non-junction/no special feature,Paved,N/A,Property Damage Only,0,0,0,0,0,0,6000,1,1,N/A,POINT (-93.769871982209 41.571659521299)
2013722910,130164,01/18/2013,01-January,6-Friday,06:56,0600 Hours,District 3 (Northwest),,CRAWFORD,US 59,US 59 & Co Rd E53/273RD ST,Non-collision events:  Jackknife,Shoulder,"Sideswipe, opposite direction",Crossed centerline (undivided),None Indicated,Weather conditions,Dark - roadway not lighted,Ice/frost,Clear,None apparent,Non-intersection:  Non-junction/no special feature,Paved,N/A,Possible/Unknown,0,1,0,0,1,0,20000,2,6,Both North and South,POINT (-95.34343466597 41.954080409703)
2013722365,13-002494,01/19/2013,01-January,7-Saturday,12:44,1200 Hours,District 4 (Southwest),COUNCIL BLUFFS,POTTAWATTAMIE,,MID AMERICA DR & 27TH AVE & S 24TH ST,Collision with:  Vehicle in traffic,On Roadway,"Sideswipe, same direction",Made improper turn,None Indicated,None apparent,Daylight,Dry,Clear,None apparent,Non-intersection:  Non-junction/no special feature,Paved,N/A,Property Damage Only,0,0,0,0,0,0,3000,2,2,N/A,POINT (-95.879164256112 41.235145972259)
2013722753,20130002070,01/20/2013,01-January,1-Sunday,12:58,1200 Hours,District 1 (Central),DES MOINES,POLK,I-235,I-235,Collision with:  Vehicle in traffic,On Roadway,Rear-end (front to rear),Driving too fast for conditions,None Indicated,Weather conditions,Daylight,Snow,Snow,None apparent,Intersection:  Four-way intersection,Paved,N/A,Property Damage Only,0,0,0,0,0,0,3000,3,3,Ramp,POINT (-93.674622206636 41.589966104239)
2013743718,13-0211,01/20/2013,01-January,1-Sunday,15:13,1500 Hours,District 1 (Central),FORT DODGE,WEBSTER,,5TH AVE S,Collision with:  Non-motorist (see non-motorist section - NOT a unit),Shoulder,Non-collision (single vehicle),Other (explain in narrative):  No improper action,None Indicated,None apparent,Daylight,Snow,Cloudy,"Surface condition (e.g., wet, icy)",Non-intersection:  Non-junction/no special feature,Paved,N/A,Minor Injury,0,1,0,1,0,0,0,1,1,N/A,POINT (-94.179962485136 42.501012242996)
2013722850,13-2266,01/21/2013,01-January,2-Monday,15:56,1500 Hours,District 3 (Northwest),SIOUX CITY,WOODBURY,,LARSEN PARK RD,Collision with:  Vehicle in traffic,On Roadway,"Angle, oncoming left turn",FTYROW:  From driveway,None Indicated,None apparent,Daylight,Other (explain in narrative),Clear,None apparent,Non-intersection:  Driveway access (within),Paved,N/A,Minor Injury,0,1,0,1,0,0,10000,2,4,N/A,POINT (-96.397125083741 42.487004165302)
2013723667,,01/23/2013,01-January,4-Wednesday,13:00,1300 Hours,District 6 (East Central),CEDAR RAPIDS,LINN,,76TH AVE SW & KIRKWOOD BLVD SW,Collision with:  Vehicle in traffic,On Roadway,Rear-end (front to rear),Unknown,None Indicated,N/A,Daylight,Dry,Cloudy,N/A,Intersection:  Four-way intersection,Paved,N/A,Property Damage Only,0,0,0,0,0,0,2500,2,2,N/A,POINT (-91.656571982914 41.904980716626)
2013722954,201301221,01/24/2013,01-January,5-Thursday,16:12,1600 Hours,District 6 (East Central),CEDAR RAPIDS,LINN,,A AVE NE & 7TH ST NE,Collision with:  Vehicle in traffic,On Roadway,"Angle, oncoming left turn",FTYROW:  Making left turn,None Indicated,None apparent,Daylight,Dry,Cloudy,None apparent,Intersection:  Four-way intersection,Paved,N/A,Property Damage Only,0,0,0,0,0,0,13000,2,3,N/A,POINT (-91.664075613402 41.982767265438)
2013793093,S201300177,01/25/2013,01-January,6-Friday,08:00,0800 Hours,District 3 (Northwest),,PALO ALTO,US 18,US 18/360 ST,Collision with:  Animal,N/A,N/A,Animal,None Indicated,N/A,N/A,N/A,N/A,N/A,N/A,Paved,N/A,Property Damage Only,0,0,0,0,0,0,6500,1,777,Unknown - Not Indicated - Unlocated,POINT (-94.910702053925 43.126198631092)
2013724211,13016,01/26/2013,01-January,7-Saturday,13:10,1300 Hours,District 5 (Southeast),PELLA,MARION,,INDEPENDENCE ST & MAIN ST,Collision with:  Vehicle in traffic,On Roadway,Rear-end (front to rear),Other (explain in narrative):  Other,None Indicated,None apparent,Daylight,Dry,Clear,None apparent,Non-intersection:  Non-junction/no special feature,Paved,N/A,Possible/Unknown,0,1,0,0,1,0,1000,2,3,N/A,POINT (-92.916518587642 41.402785467049)
2013735070,2013020403,01/26/2013,01-January,7-Saturday,18:20,1800 Hours,District 4 (Southwest),SHENANDOAH,PAGE,,SOUTHWEST RD,Collision with:  Parked motor vehicle,On Roadway,Rear-end (front to rear),Lost Control,None Indicated,None apparent,Dark - roadway not lighted,Dry,Clear,None apparent,Non-intersection:  Non-junction/no special feature,Paved,N/A,Possible/Unknown,0,1,0,0,1,0,11063,2,1,N/A,POINT (-95.381581431282 40.760684742835)
2013723881,C13000274,01/27/2013,01-January,1-Sunday,10:00,1000 Hours,District 6 (East Central),CORALVILLE,JOHNSON,I-380,I-380,Collision with fixed object:  Guardrail - face,On Roadway,Non-collision (single vehicle),Ran off road - left,None Indicated,Weather conditions,Daylight,Ice/frost,"Sleet, hail","Surface condition (e.g., wet, icy)",Non-intersection:  Non-junction/no special feature,Paved,N/A,Property Damage Only,0,0,0,0,0,0,5500,1,2,Northbound (NB),POINT (-91.642029372757 41.702186119111)
2013724176,2013000963,01/27/2013,01-January,1-Sunday,06:32,0600 Hours,District 6 (East Central),IOWA CITY,JOHNSON,,SUNSET ST,Collision with:  Vehicle in traffic,On Roadway,Broadside (front to side),FTYROW:  Other (explain in narrative),None Indicated,None apparent,Dawn,Dry,Cloudy,None apparent,Non-intersection:  Non-junction/no special feature,Paved,N/A,Property Damage Only,0,0,0,0,0,0,2000,2,2,N/A,POINT (-91.558878147877 41.642223471424)
2013732519,1300266,01/28/2013,01-January,2-Monday,12:40,1200 Hours,District 5 (Southeast),BLOOMFIELD,DAVIS,,FRANKLIN ST,Collision with:  Parked motor vehicle,Outside trafficway,Broadside (front to side),Crossed centerline (undivided),None Indicated,None apparent,Daylight,Wet,Clear,None apparent,Non-intersection:  Non-junction/no special feature,Paved,N/A,Property Damage Only,0,0,0,0,0,0,1556,2,1,N/A,POINT (-92.414437166731 40.750628942495)
2013723553,13-004051,01/29/2013,01-January,3-Tuesday,18:57,1800 Hours,District 5 (Southeast),MUSCATINE,MUSCATINE,,OREGON ST,Collision with:  Other non-fixed object (explain in narrative),Outside trafficway,Non-collision (single vehicle),Ran off road - right,Alcohol (Statutory),None apparent,Dark - roadway lighted,Wet,Rain,None apparent,Non-intersection:  Railroad grade crossing,Paved,N/A,Property Damage Only,0,0,0,0,0,0,4500,1,2,N/A,POINT (-91.063217374621 41.408291935368)