Iowa DOT Case Number,Law Enforcement Case Number,Date of Crash,Month of Crash,Day of Week,Time of Crash,Hour,DOT District,City Name,County Name,Route with System,Location Description,First Harmful Event,Location of First Harmful Event,Manner of Crash/Collision,Major Cause,Drug or Alcohol ,Environmental Conditions,Light Conditions,Surface Conditions,Weather Conditions,Roadway Contribution,Roadway Type,Roadway Surface,Work Zone,Crash Severity,Number of Fatalities,Number of Injuries,Number of Major Injuries,Number of Minor Injuries,Number of Possible Injuries,Number of Unknown Injuries,Amount of Property Damage,Number of Vehicles Involved,Total Number of Occupants,Travel Direction,Location
2013725836,2013-7230,01/30/2013,01-January,4-Wednesday,14:32,1400 Hours,District 6 (East Central),DAVENPORT,SCOTT,,WAVERLY RD,Collision with:  Vehicle in traffic,On Roadway,"Sideswipe, opposite direction",Lost Control,None Indicated,Weather conditions,Daylight,Ice/frost,Snow,None apparent,Non-intersection:  Non-junction/no special feature,Paved,N/A,Property Damage Only,0,0,0,0,0,0,10500,2,5,N/A,POINT (-90.620124963593 41.526167224082)
2013725021,13009737,01/30/2013,01-January,4-Wednesday,15:47,1500 Hours,District 2 (Northeast),CEDAR FALLS,BLACK HAWK,,11TH ST & WASHINGTON ST,Collision with:  Vehicle in traffic,On Roadway,"Sideswipe, same direction",Driving too fast for conditions,None Indicated,None apparent,Daylight,Snow,Clear,"Surface condition (e.g., wet, icy)",Intersection:  Four-way intersection,Paved,N/A,Property Damage Only,0,0,0,0,0,0,5000,2,2,N/A,POINT (-92.446843680355 42.528680775736)
2013724978,,01/30/2013,01-January,4-Wednesday,09:05,0900 Hours,District 5 (Southeast),RUSSELL,LUCAS,,N PRAIRIE ST & E STANTON ST,Collision with:  Vehicle in traffic,On Roadway,Broadside (front to side),Crossed centerline (undivided),None Indicated,Weather conditions,Daylight,Ice/frost,Snow,"Surface condition (e.g., wet, icy)",Intersection:  Other intersection (explain in narrative),Paved,N/A,Property Damage Only,0,0,0,0,0,0,3000,2,3,N/A,POINT (-93.197979540429 40.985641450328)
2013725055,201300004146,01/31/2013,01-January,5-Thursday,06:25,0600 Hours,District 6 (East Central),,LINN,,Co Rd E34/COUNTY HOME RD,Collision with:  Vehicle in traffic,On Roadway,Head-on (front to front),Crossed centerline (undivided),None Indicated,None apparent,Daylight,Ice/frost,Clear,None apparent,Non-intersection:  Non-junction/no special feature,Paved,N/A,Property Damage Only,0,0,0,0,0,0,3800,2,2,N/A,POINT (-91.658881125528 42.094979814964)
2013743526,13-0048,01/31/2013,01-January,5-Thursday,06:44,0600 Hours,District 1 (Central),,WEBSTER,US 169,US 169,Collision with:  Animal,On Roadway,Non-collision (single vehicle),Animal,None Indicated,Animal in roadway,N/A,N/A,N/A,N/A,N/A,Paved,N/A,Property Damage Only,0,0,0,0,0,0,5000,1,1,Southbound (SB),POINT (-94.225497206495 42.520589972894)
2013725400,13000891,02/01/2013,02-February,6-Friday,12:30,1200 Hours,District 6 (East Central),MANCHESTER,DELAWARE,IA 13,IA 13/W MAIN ST,Collision with:  Vehicle in traffic,On Roadway,"Angle, oncoming left turn",FTYROW:  Making left turn,None Indicated,Unknown,Daylight,Ice/frost,Clear,Unknown,Non-intersection:  Alley,Paved,N/A,Property Damage Only,0,0,0,0,0,0,4500,2,2,Northbound (NB),POINT (-91.458522309803 42.48395833849)
2013724305,13-0250,02/01/2013,02-February,6-Friday,08:10,0800 Hours,District 1 (Central),URBANDALE,POLK,,86TH ST,Collision with:  Vehicle in traffic,On Roadway,"Sideswipe, same direction",Other (explain in narrative):  Other,None Indicated,None apparent,Daylight,Dry,Clear,None apparent,Non-intersection:  Non-junction/no special feature,Paved,N/A,Property Damage Only,0,0,0,0,0,0,1800,2,11,N/A,POINT (-93.736486178915 41.641909177227)
2013724246,20130003288,02/01/2013,02-February,6-Friday,15:07,1500 Hours,District 1 (Central),DES MOINES,POLK,,E WALL AVE,Collision with:  Parked motor vehicle,On Roadway,Rear-end (front to rear),Driving too fast for conditions,None Indicated,None apparent,Daylight,Snow,Cloudy,None apparent,Non-intersection:  Non-junction/no special feature,Paved,N/A,Property Damage Only,0,0,0,0,0,0,4452,2,777,N/A,POINT (-93.612763629347 41.531855090264)
2013725031,13001864,02/02/2013,02-February,7-Saturday,02:37,0200 Hours,District 2 (Northeast),MASON CITY,CERRO GORDO,IA 122,IA 122/4TH ST SW,Collision with fixed object:  Curb/island/raised median,On Roadway,Non-collision (single vehicle),Driving too fast for conditions,None Indicated,Weather conditions,Dark - roadway lighted,Ice/frost,Clear,"Surface condition (e.g., wet, icy)",Non-intersection:  Non-junction/no special feature,Paved,N/A,Property Damage Only,0,0,0,0,0,0,5000,1,1,Westbound (WB),POINT (-93.215257239746 43.148336392918)
2013725880,2013006395,02/02/2013,02-February,7-Saturday,21:15,2100 Hours,District 1 (Central),,JASPER,I-80,I-80,Collision with fixed object:  Guardrail - face,Median,Non-collision (single vehicle),Driving too fast for conditions,None Indicated,None apparent,Dark - roadway not lighted,Snow,Snow,"Surface condition (e.g., wet, icy)",Non-intersection:  Non-junction/no special feature,Paved,N/A,Property Damage Only,0,0,0,0,0,0,2600,1,2,Eastbound (EB),POINT (-93.144100070695 41.683395576344)
2013725020,13001618,02/03/2013,02-February,1-Sunday,18:47,1800 Hours,District 5 (Southeast),EXLINE,APPANOOSE,,Co Rd T30/HWY T30,Collision with fixed object:  Ditch,On Roadway,Non-collision (single vehicle),Ran off road - right,None Indicated,None apparent,Dark - roadway not lighted,Dry,Clear,None apparent,Non-intersection:  Non-junction/no special feature,Paved,N/A,Property Damage Only,0,0,0,0,0,0,12050,1,1,N/A,POINT (-92.838057904609 40.617554520699)
2013725470,20131010,02/04/2013,02-February,2-Monday,16:36,1600 Hours,District 6 (East Central),MOUNT VERNON,LINN,US 30,US 30 & IA 1/S 1ST AVE,Collision with:  Vehicle in traffic,On Roadway,Broadside (front to side),FTYROW:  From stop sign,None Indicated,None apparent,Daylight,Dry,Clear,None apparent,Intersection:  Four-way intersection,Paved,N/A,Property Damage Only,0,0,0,0,0,0,13000,2,2,Westbound (WB),POINT (-91.423043672869 41.916096701425)
2013724631,20130003673,02/05/2013,02-February,3-Tuesday,08:44,0800 Hours,District 1 (Central),DES MOINES,POLK,IA 163,IA 163/E UNIVERSITY AVE & E 26TH ST,Collision with:  Vehicle in traffic,On Roadway,Broadside (front to side),Ran Traffic Signal,None Indicated,None apparent,Daylight,Dry,Clear,None apparent,Intersection:  Four-way intersection,Paved,N/A,Minor Injury,0,2,0,1,1,0,3500,2,2,Westbound (WB),POINT (-93.567872823551 41.600477928534)
2013726239,2013-8823,02/06/2013,02-February,4-Wednesday,14:18,1400 Hours,District 6 (East Central),DAVENPORT,SCOTT,,IA 461/BRADY ST,Collision with:  Vehicle in traffic,On Roadway,Rear-end (front to rear),Made improper turn,None Indicated,None apparent,Daylight,Dry,Cloudy,None apparent,Intersection:  Other intersection (explain in narrative),Paved,N/A,Property Damage Only,0,0,0,0,0,0,3000,2,3,No Travel Direction Consistent with Route,POINT (-90.574017686908 41.536461305305)
2013725454,2013001406,02/07/2013,02-February,5-Thursday,17:17,1700 Hours,District 6 (East Central),IOWA CITY,JOHNSON,,N LINN ST,Collision with:  Vehicle in traffic,On Roadway,Broadside (front to side),FTYROW:  Other (explain in narrative),None Indicated,None apparent,Dusk,Wet,Cloudy,Other (explain in narrative),Non-intersection:  Alley,Paved,N/A,Property Damage Only,0,0,0,0,0,0,1800,2,3,N/A,POINT (-91.5315935111 41.663026211145)
2013732771,2013007513,02/08/2013,02-February,6-Friday,13:50,1300 Hours,District 5 (Southeast),,WASHINGTON,US 218,US 218,Collision with fixed object:  Ditch,Outside trafficway,Non-collision (single vehicle),Ran off road - right,None Indicated,None apparent,Daylight,Dry,Cloudy,None apparent,Non-intersection:  Non-junction/no special feature,Paved,N/A,Possible/Unknown,0,1,0,0,1,0,7000,1,1,Northbound (NB),POINT (-91.551186787303 41.427155585122)
2013726462,13-24,02/09/2013,02-February,7-Saturday,18:54,1800 Hours,District 2 (Northeast),,BREMER,US 218,US 218,Collision with:  Animal,N/A,N/A,Animal,None Indicated,N/A,N/A,N/A,N/A,N/A,N/A,Paved,N/A,Property Damage Only,0,0,0,0,0,0,4800,1,1,Unknown - Not Indicated - Unlocated,POINT (-92.534207214883 42.755866962558)
2013728485,AC13-015,02/10/2013,02-February,1-Sunday,22:30,2200 Hours,District 4 (Southwest),HARLAN,SHELBY,,FARNAM ST & 8TH ST,Collision with fixed object:  Tree,Outside trafficway,Unknown,Driving too fast for conditions,None Indicated,None apparent,Dark - roadway lighted,Wet,Cloudy,None apparent,Intersection:  Four-way intersection,Paved,N/A,Property Damage Only,0,0,0,0,0,0,6800,2,1,N/A,POINT (-95.320117591875 41.654082334577)
2013726524,13-003850,02/11/2013,02-February,2-Monday,08:00,0800 Hours,District 5 (Southeast),,LEE,,Co Rd X28/MISSISSIPPI RIVER RD & KOEHLER LN,Collision with:  Animal,N/A,N/A,Animal,None Indicated,N/A,N/A,N/A,N/A,N/A,N/A,Paved,N/A,Property Damage Only,0,0,0,0,0,0,1500,1,1,N/A,POINT (-91.387111347124 40.519276169458)
2013725646,W13-014148,02/12/2013,02-February,3-Tuesday,08:00,0800 Hours,District 2 (Northeast),WATERLOO,BLACK HAWK,,BALTIMORE ST,Collision with:  Vehicle in traffic,On Roadway,Rear-end (front to rear),Other (explain in narrative):  Other,None Indicated,None apparent,Daylight,Wet,Clear,None apparent,Non-intersection:  Non-junction/no special feature,Paved,N/A,Property Damage Only,0,0,0,0,0,0,4250,2,6,N/A,POINT (-92.34965792867 42.469686588565)
2013725922,W13-014478,02/13/2013,02-February,4-Wednesday,07:14,0700 Hours,District 2 (Northeast),WATERLOO,BLACK HAWK,,NEWELL ST & IDAHO ST,Collision with:  Vehicle in traffic,On Roadway,Broadside (front to side),FTYROW:  From stop sign,None Indicated,None apparent,Dawn,Dry,Clear,None apparent,Intersection:  Four-way intersection,Paved,N/A,Property Damage Only,0,0,0,0,0,0,1700,2,2,N/A,POINT (-92.307931049581 42.512967427597)
2013726896,13-05452,02/14/2013,02-February,5-Thursday,11:13,1100 Hours,District 5 (Southeast),,DES MOINES,,GOLF COURSE RD,Collision with fixed object:  Mailbox,Shoulder,Non-collision (single vehicle),"Operating vehicle in an reckless, erratic, careless, negligent manner",Under Influence of Alcohol/Drugs/Medications,None apparent,Daylight,Dry,Cloudy,None apparent,Non-intersection:  Non-junction/no special feature,Paved,N/A,Property Damage Only,0,0,0,0,0,0,1700,1,1,N/A,POINT (-91.114420274126 40.85849558368)
2013726389,20130004693,02/15/2013,02-February,6-Friday,16:15,1600 Hours,District 1 (Central),DES MOINES,POLK,I-235,I-235 & SCHOOL ST & 7TH ST,Collision with:  Vehicle in traffic,On Roadway,Broadside (front to side),Ran Traffic Signal,None Indicated,None apparent,Daylight,Dry,Cloudy,None apparent,Intersection:  Four-way intersection,Paved,N/A,Possible/Unknown,0,4,0,0,4,0,7000,2,6,Ramp,POINT (-93.626873488288 41.59523539013)
2013726650,13-5033,02/15/2013,02-February,6-Friday,15:07,1500 Hours,District 3 (Northwest),SIOUX CITY,WOODBURY,,OMAHA ST,Collision with:  Vehicle in traffic,On Roadway,Broadside (front to side),Improper Backing,None Indicated,None apparent,Daylight,Wet,Snow,None apparent,Non-intersection:  Non-junction/no special feature,Paved,N/A,Property Damage Only,0,0,0,0,0,0,1500,2,2,N/A,POINT (-96.417408064344 42.502446439774)
2013744474,32011-13,02/17/2013,02-February,1-Sunday,17:40,1700 Hours,District 3 (Northwest),,EMMET,IA 4,IA 4/IOWA 4 & Co Rd A17/130 ST,Collision with:  Vehicle in traffic,On Roadway,Broadside (front to side),Ran Stop Sign,None Indicated,None apparent,Dusk,Dry,Cloudy,None apparent,Intersection:  Four-way intersection,Paved,N/A,Possible/Unknown,0,2,0,0,2,0,6000,2,3,Northbound (NB),POINT (-94.817409268349 43.459817370239)
2013728277,13000883,02/18/2013,02-February,2-Monday,18:18,1800 Hours,District 2 (Northeast),,CERRO GORDO,US 65,US 65,Collision with:  Animal,N/A,N/A,Animal,None Indicated,N/A,N/A,N/A,N/A,N/A,N/A,Paved,N/A,Property Damage Only,0,0,0,0,0,0,2500,1,1,Northbound (NB),POINT (-93.210897897671 43.211017938744)
2013726757,13-1245,02/19/2013,02-February,3-Tuesday,16:00,1600 Hours,District 1 (Central),ANKENY,POLK,,NE 2 ST,Collision with:  Vehicle in traffic,On Roadway,"Sideswipe, same direction",Followed too close,None Indicated,None apparent,Daylight,Dry,Clear,None apparent,Non-intersection:  Non-junction/no special feature,Paved,N/A,Property Damage Only,0,0,0,0,0,0,2500,2,4,N/A,POINT (-93.615688674392 41.690906914835)
2013726913,2013001935,02/20/2013,02-February,4-Wednesday,07:24,0700 Hours,District 6 (East Central),IOWA CITY,JOHNSON,,UNION RD,Collision with:  Vehicle in traffic,On Roadway,Rear-end (front to rear),Improper Backing,None Indicated,None apparent,Daylight,Dry,Clear,None apparent,Non-intersection:  Non-junction/no special feature,Paved,N/A,Property Damage Only,0,0,0,0,0,0,1600,2,2,N/A,POINT (-91.505083036483 41.636627565651)
2013727433,13-5697,02/21/2013,02-February,5-Thursday,16:03,1600 Hours,District 3 (Northwest),SIOUX CITY,WOODBURY,,MILITARY RD,Collision with:  Vehicle in traffic,On Roadway,"Angle, oncoming left turn",FTYROW:  Making left turn,None Indicated,Weather conditions,Daylight,Snow,Snow,"Surface condition (e.g., wet, icy)",Non-intersection:  Driveway access (within),Paved,N/A,Minor Injury,0,2,0,1,1,0,7900,2,2,N/A,POINT (-96.47008070649 42.520779579573)
2013728066,1302212601,02/21/2013,02-February,5-Thursday,03:00,0300 Hours,District 6 (East Central),,CLINTON,,180 ST,N/A,On Roadway,Non-collision (single vehicle),Ran off road - left,None Indicated,Unknown,Dark - roadway lighted,Ice/frost,Unknown,Unknown,Non-intersection:  Non-junction/no special feature,Unpaved,N/A,Property Damage Only,0,0,0,0,0,0,3000,1,1,N/A,POINT (-90.613371919565 41.916274893612)
2013730153,,02/22/2013,02-February,6-Friday,15:00,1500 Hours,District 2 (Northeast),HAMPTON,FRANKLIN,,140TH ST,Collision with:  Vehicle in traffic,On Roadway,"Sideswipe, same direction",Other (explain in narrative):  Other,None Indicated,None apparent,Daylight,Wet,Clear,None apparent,Non-intersection:  Non-junction/no special feature,Paved,N/A,Property Damage Only,0,0,0,0,0,0,9500,2,2,N/A,POINT (-93.221442788432 42.730925444493)
2013727166,,02/22/2013,02-February,6-Friday,08:52,0800 Hours,District 2 (Northeast),,ALLAMAKEE,,Co Rd A52/ELON DR,Collision with fixed object:  Other fixed object (explain in narrative),Outside trafficway,Non-collision (single vehicle),Ran off road - right,None Indicated,Weather conditions,Daylight,Ice/frost,Snow,None apparent,Non-intersection:  Non-junction/no special feature,Paved,N/A,Property Damage Only,0,0,0,0,0,0,2050,1,1,N/A,POINT (-91.427566988139 43.268947337685)
2013727170,13002613,02/23/2013,02-February,7-Saturday,17:10,1700 Hours,District 5 (Southeast),CENTERVILLE,APPANOOSE,IA 2,IA 2/E MAPLE ST & IA 5/N 18TH ST/S 18TH ST,Collision with:  Vehicle in traffic,On Roadway,Broadside (front to side),Ran Traffic Signal,None Indicated,None apparent,Daylight,Dry,Clear,None apparent,Intersection:  Four-way intersection,Paved,N/A,Property Damage Only,0,0,0,0,0,0,10000,2,3,Eastbound (EB),POINT (-92.86795454325 40.732517124826)
2013727833,,02/24/2013,02-February,1-Sunday,02:24,0200 Hours,District 6 (East Central),,JACKSON,US 52,US 52/JACKSON HWY,Collision with fixed object:  Guardrail - face,Shoulder,Non-collision (single vehicle),Crossed centerline (undivided),Alcohol (Statutory),N/A,Dark - roadway not lighted,Dry,Clear,N/A,N/A,Paved,N/A,Property Damage Only,0,0,0,0,0,0,4072,1,1,Northbound (NB),POINT (-90.172080309309 42.096273447424)
2013728031,13018738,02/25/2013,02-February,2-Monday,08:54,0800 Hours,District 2 (Northeast),CEDAR FALLS,BLACK HAWK,,7TH ST & FRANKLIN ST,Collision with:  Parked motor vehicle,On Roadway,"Sideswipe, same direction",Illegally Parked/Unattended,None Indicated,None apparent,Daylight,Dry,Clear,None apparent,Intersection:  Other intersection (explain in narrative),Paved,N/A,Property Damage Only,0,0,0,0,0,0,1500,2,1,N/A,POINT (-92.449514844343 42.532313967935)
2013729658,,02/26/2013,02-February,3-Tuesday,08:38,0800 Hours,District 1 (Central),ANKENY,POLK,I-35,I-35,Collision with:  Vehicle in traffic,On Roadway,"Sideswipe, same direction",Lost Control,None Indicated,Weather conditions,Daylight,Snow,Snow,"Surface condition (e.g., wet, icy)",Non-intersection:  Non-junction/no special feature,Paved,N/A,Property Damage Only,0,0,0,0,0,0,5200,2,2,Southbound (SB),POINT (-93.577693842783 41.736760996059)
2013727771,13-0826,02/26/2013,02-February,3-Tuesday,20:40,2000 Hours,District 4 (Southwest),WEST DES MOINES,DALLAS,I-80,I-80 & JORDAN CREEK PKWY,Collision with:  Vehicle in traffic,On Roadway,Broadside (front to side),Other (explain in narrative):  Other,None Indicated,Weather conditions,Dark - roadway lighted,Snow,Snow,None apparent,Intersection:  Intersection with ramp,Paved,N/A,Property Damage Only,0,0,0,0,0,0,4000,2,2,Ramp,POINT (-93.808980368971 41.593314566958)
2013729095,2013002167,02/26/2013,02-February,3-Tuesday,18:37,1800 Hours,District 6 (East Central),IOWA CITY,JOHNSON,,KIRKWOOD AVE,N/A,On Roadway,Non-collision (single vehicle),Driving too fast for conditions,None Indicated,Weather conditions,Dark - roadway not lighted,Snow,Snow,"Surface condition (e.g., wet, icy)",Non-intersection:  Non-junction/no special feature,Paved,N/A,Property Damage Only,0,0,0,0,0,0,2200,1,1,N/A,POINT (-91.52306377268 41.649442646232)
2013738067,,02/26/2013,02-February,3-Tuesday,14:30,1400 Hours,District 6 (East Central),WALCOTT,SCOTT,,Co Rd F58/200 ST & Co Rd Y40/60 AVE & WALCOTT RD,Collision with:  Vehicle in traffic,On Roadway,"Sideswipe, opposite direction",Driving too fast for conditions,None Indicated,Weather conditions,Daylight,Snow,Snow,None apparent,Non-intersection:  Non-junction/no special feature,Paved,N/A,Property Damage Only,0,0,0,0,0,0,14000,2,4,N/A,POINT (-90.783149278119 41.59654374701)
2013732739,2013011684,02/27/2013,02-February,4-Wednesday,00:30,0000 Hours,District 1 (Central),,STORY,I-35,I-35,Collision with fixed object:  Guardrail - face,Median,Non-collision (single vehicle),Swerving/Evasive Action,None Indicated,Weather conditions,Dark - roadway lighted,Snow,Snow,"Surface condition (e.g., wet, icy)",Non-intersection:  Non-junction/no special feature,Paved,N/A,Property Damage Only,0,0,0,0,0,0,12500,1,1,Ramp,POINT (-93.57109728155 42.004053400991)
2013728563,,02/27/2013,02-February,4-Wednesday,16:10,1600 Hours,District 2 (Northeast),,HUMBOLDT,,Co Rd C12/100TH ST,Non-collision events:  Overturn/rollover,Roadside,Non-collision (single vehicle),Ran off road - left,None Indicated,Weather conditions,Daylight,Ice/frost,"Blowing sand, soil, dirt","Surface condition (e.g., wet, icy)",Non-intersection:  Non-junction/no special feature,Paved,N/A,Property Damage Only,0,0,0,0,0,0,1500,1,1,N/A,POINT (-94.015258687541 42.907807603074)
2013729353,13019829,02/28/2013,02-February,5-Thursday,05:46,0500 Hours,District 2 (Northeast),CEDAR FALLS,BLACK HAWK,,W RIDGEWAY AVE & HUDSON RD,Collision with:  Vehicle in traffic,On Roadway,Broadside (front to side),Driving too fast for conditions,None Indicated,None apparent,Dark - roadway lighted,Ice/frost,Cloudy,"Surface condition (e.g., wet, icy)",Intersection:  Four-way intersection,Paved,N/A,Minor Injury,0,1,0,1,0,0,11000,2,2,N/A,POINT (-92.465647919735 42.469547556395)
2013728070,CL13000748,02/28/2013,02-February,5-Thursday,23:13,2300 Hours,District 6 (East Central),CLINTON,CLINTON,,S 32ND ST,Collision with fixed object:  Ditch,On Roadway,Non-collision (single vehicle),Swerving/Evasive Action,None Indicated,Animal in roadway,Dark - roadway not lighted,Snow,Snow,"Surface condition (e.g., wet, icy)",Non-intersection:  Non-junction/no special feature,Paved,N/A,Possible/Unknown,0,1,0,0,1,0,3000,1,1,N/A,POINT (-90.262414495698 41.832673864268)
2013728180,13-0869,03/01/2013,03-March,6-Friday,13:15,1300 Hours,District 4 (Southwest),WEST DES MOINES,DALLAS,,68TH ST,Collision with:  Vehicle in traffic,On Roadway,Rear-end (front to rear),Followed too close,None Indicated,None apparent,Daylight,Dry,Cloudy,None apparent,Non-intersection:  Non-junction/no special feature,Paved,N/A,Possible/Unknown,0,1,0,0,1,0,5500,2,3,N/A,POINT (-93.799897180593 41.568013789348)
2013728257,13020761,03/02/2013,03-March,7-Saturday,13:51,1300 Hours,District 2 (Northeast),CEDAR FALLS,BLACK HAWK,IA 27,IA 27,Collision with:  Vehicle in traffic,On Roadway,Rear-end (front to rear),Other (explain in narrative):  Other,None Indicated,None apparent,Daylight,Dry,Clear,None apparent,Non-intersection:  Non-junction/no special feature,Paved,N/A,Property Damage Only,0,0,0,0,0,0,10000,3,3,Southbound (SB),POINT (-92.447713343783 42.487996632786)
2013728313,13-07477,03/02/2013,03-March,7-Saturday,00:28,0000 Hours,District 5 (Southeast),BURLINGTON,DES MOINES,US 61,US 61 & MT PLEASANT ST,Collision with:  Vehicle in traffic,On Roadway,"Angle, oncoming left turn",Other (explain in narrative):  No improper action,None Indicated,None apparent,Dark - roadway lighted,Dry,Cloudy,None apparent,Intersection:  Four-way intersection,Paved,N/A,Possible/Unknown,0,1,0,0,1,0,1500,2,2,No Travel Direction Consistent with Route,POINT (-91.141361727986 40.825883390994)
2013729045,13021371,03/04/2013,03-March,2-Monday,08:00,0800 Hours,District 2 (Northeast),CEDAR FALLS,BLACK HAWK,,ERIK RD & HUDSON RD,Collision with:  Vehicle in traffic,On Roadway,Broadside (front to side),Ran Traffic Signal,None Indicated,None apparent,Daylight,Snow,Snow,"Surface condition (e.g., wet, icy)",Intersection:  Four-way intersection,Paved,N/A,Property Damage Only,0,0,0,0,0,0,6000,2,2,N/A,POINT (-92.465514646016 42.49092688404)
2013729669,13-21390,03/04/2013,03-March,2-Monday,08:26,0800 Hours,District 2 (Northeast),,BLACK HAWK,I-380,I-380,Non-collision events:  Overturn/rollover,Median,Non-collision (single vehicle),Driving too fast for conditions,None Indicated,Weather conditions,Daylight,Ice/frost,Snow,None apparent,Non-intersection:  Non-junction/no special feature,Paved,N/A,Minor Injury,0,1,0,1,0,0,3000,1,1,Northbound (NB),POINT (-92.177593334042 42.417454689069)
2013729347,,03/05/2013,03-March,3-Tuesday,19:30,1900 Hours,District 6 (East Central),CEDAR RAPIDS,LINN,,6TH ST SW & 76TH AVE SW,Collision with fixed object:  Utility pole/light support,Roadside,Non-collision (single vehicle),Unknown,None Indicated,N/A,Dark - roadway lighted,Ice/frost,"Blowing sand, soil, dirt",N/A,Non-intersection:  Non-junction/no special feature,Paved,N/A,Property Damage Only,0,0,0,0,0,0,4500,1,2,N/A,POINT (-91.676230771006 41.905236078983)
2013729334,,03/05/2013,03-March,3-Tuesday,08:30,0800 Hours,District 6 (East Central),CEDAR RAPIDS,LINN,,1ST ST SW,Unknown,Shoulder,Non-collision (single vehicle),Unknown,None Indicated,N/A,N/A,Snow,Snow,N/A,N/A,Paved,N/A,Property Damage Only,0,0,0,0,0,0,5000,1,3,N/A,POINT (-91.664849838669 41.963619560444)
2013731483,13001505,03/06/2013,03-March,4-Wednesday,16:05,1600 Hours,District 6 (East Central),,BUCHANAN,,Co Rd W13/FAIRBANK-AMISH BLVD,Collision with:  Non-motorist (see non-motorist section - NOT a unit),On Roadway,Non-collision (single vehicle),Other (explain in narrative):  No improper action,None Indicated,None apparent,Daylight,Dry,Clear,None apparent,Non-intersection:  Non-junction/no special feature,Paved,N/A,Minor Injury,0,1,0,1,0,0,300,1,2,N/A,POINT (-91.983381606262 42.630539061846)
2013729319,13-7280,03/06/2013,03-March,4-Wednesday,16:03,1600 Hours,District 3 (Northwest),SIOUX CITY,WOODBURY,IA 376,IA 376/NW RAMP,Collision with fixed object:  Bridge pier or support,Roadside,Non-collision (single vehicle),Lost Control,None Indicated,None apparent,Daylight,Dry,Clear,None apparent,Non-intersection:  Non-junction/no special feature,Paved,N/A,Minor Injury,0,1,0,1,0,0,10000,1,1,Ramp,POINT (-96.380476500556 42.490063279192)
2013730303,2013-15412,03/07/2013,03-March,5-Thursday,13:57,1300 Hours,District 6 (East Central),DAVENPORT,SCOTT,,IA 461/WELCOME WAY & E 42ND ST,Collision with:  Vehicle in traffic,On Roadway,Broadside (front to side),Ran Traffic Signal,None Indicated,None apparent,Daylight,Wet,Cloudy,None apparent,Intersection:  Four-way intersection,Paved,N/A,Property Damage Only,0,0,0,0,0,0,2500,2,3,No Travel Direction Consistent with Route,POINT (-90.569498930161 41.563646183781)
2013729400,13-31,03/08/2013,03-March,6-Friday,20:04,2000 Hours,District 2 (Northeast),,BREMER,IA 3,IA 3/IOWA 3 & ASPEN AVE,Collision with:  Vehicle in traffic,Shoulder,Broadside (front to side),FTYROW:  From driveway,None Indicated,None apparent,Dark - roadway not lighted,Dry,Cloudy,None apparent,Non-intersection:  Driveway access (within),Paved,N/A,Property Damage Only,0,0,0,0,0,0,7400,2,5,Westbound (WB),POINT (-92.544404542901 42.71505910172)
2013729766,13-0519,03/09/2013,03-March,7-Saturday,14:54,1400 Hours,District 1 (Central),URBANDALE,POLK,,MEREDITH DR,Collision with:  Vehicle in traffic,On Roadway,Rear-end (front to rear),Driving too fast for conditions,None Indicated,None apparent,Daylight,Wet,Rain,None apparent,Intersection:  Four-way intersection,Paved,N/A,Property Damage Only,0,0,0,0,0,0,4000,3,4,N/A,POINT (-93.698335977681 41.643921695048)
2013733211,2013014244,03/10/2013,03-March,1-Sunday,13:45,1300 Hours,District 4 (Southwest),,HARRISON,I-29,I-29,Collision with:  Vehicle in traffic,On Roadway,Rear-end (front to rear),Other (explain in narrative):  Vision obstructed,None Indicated,Weather conditions,Daylight,Snow,Snow,None apparent,Non-intersection:  Non-junction/no special feature,Paved,N/A,Property Damage Only,0,0,0,0,0,0,10300,2,2,Northbound (NB),POINT (-96.075465309429 41.824035938656)
2013729580,13-009260,03/10/2013,03-March,1-Sunday,09:12,0900 Hours,District 4 (Southwest),COUNCIL BLUFFS,POTTAWATTAMIE,,MADISON AVE,Collision with fixed object:  Utility pole/light support,Outside trafficway,Non-collision (single vehicle),Driving too fast for conditions,None Indicated,Weather conditions,Daylight,Snow,Snow,"Surface condition (e.g., wet, icy)",Non-intersection:  Driveway access (within),Paved,N/A,Property Damage Only,0,0,0,0,0,0,5300,1,1,N/A,POINT (-95.838670125319 41.257173114322)
2013731765,13-2318,03/11/2013,03-March,2-Monday,10:00,1000 Hours,District 3 (Northwest),,SIOUX,,Co Rd K30/ELMWOOD AVE,Non-collision events:  Overturn/rollover,Shoulder,Non-collision (single vehicle),Driving too fast for conditions,None Indicated,None apparent,Daylight,Ice/frost,Cloudy,None apparent,Non-intersection:  Non-junction/no special feature,Paved,N/A,Property Damage Only,0,0,0,0,0,0,21700,1,1,N/A,POINT (-96.293955946035 43.102542304082)
2013743793,13-0693,03/11/2013,03-March,2-Monday,12:00,1200 Hours,District 1 (Central),FORT DODGE,WEBSTER,,25TH AVE N,Collision with:  Parked motor vehicle,Outside trafficway,Unknown,Unknown,None Indicated,Weather conditions,Daylight,Snow,Snow,None apparent,Non-intersection:  Non-junction/no special feature,Paved,N/A,Property Damage Only,0,0,0,0,0,0,2000,2,1,N/A,POINT (-94.186391239323 42.530115277537)