Iowa DOT Case Number,Law Enforcement Case Number,Date of Crash,Month of Crash,Day of Week,Time of Crash,Hour,DOT District,City Name,County Name,Route with System,Location Description,First Harmful Event,Location of First Harmful Event,Manner of Crash/Collision,Major Cause,Drug or Alcohol ,Environmental Conditions,Light Conditions,Surface Conditions,Weather Conditions,Roadway Contribution,Roadway Type,Roadway Surface,Work Zone,Crash Severity,Number of Fatalities,Number of Injuries,Number of Major Injuries,Number of Minor Injuries,Number of Possible Injuries,Number of Unknown Injuries,Amount of Property Damage,Number of Vehicles Involved,Total Number of Occupants,Travel Direction,Location
2013729951,2013002164,03/12/2013,03-March,3-Tuesday,17:01,1700 Hours,District 1 (Central),MARSHALLTOWN,MARSHALL,,W MAIN ST & S 2ND ST & N 2ND ST,Collision with:  Parked motor vehicle,Roadside,Rear-end (front to rear),FTYROW:  From parked position,None Indicated,None apparent,Daylight,Snow,Clear,None apparent,Intersection:  Shared use path or trail,Paved,N/A,Property Damage Only,0,0,0,0,0,0,1500,2,1,N/A,POINT (-92.91622143047 42.049152600834)
2013733266,2013015153,03/13/2013,03-March,4-Wednesday,11:42,1100 Hours,District 4 (Southwest),,DALLAS,IA 44,IA 44/240TH ST & Co Rd P46/EL PASO AVE,Collision with:  Vehicle in traffic,On Roadway,"Sideswipe, same direction",Other (explain in narrative):  Other,None Indicated,None apparent,Daylight,Wet,Clear,None apparent,Non-intersection:  Non-junction/no special feature,Paved,N/A,Property Damage Only,0,0,0,0,0,0,6200,2,3,Westbound (WB),POINT (-94.193073690884 41.688362583784)
2013730120,13-009746,03/13/2013,03-March,4-Wednesday,20:59,2000 Hours,District 4 (Southwest),COUNCIL BLUFFS,POTTAWATTAMIE,,HARRISON ST,Collision with:  Vehicle in traffic,On Roadway,Head-on (front to front),Unknown,None Indicated,None apparent,Dark - roadway lighted,Dry,Clear,None apparent,Intersection:  Four-way intersection,Paved,N/A,Property Damage Only,0,0,0,0,0,0,3300,2,2,N/A,POINT (-95.844062414492 41.265091626801)
2013730159,13024888,03/14/2013,03-March,5-Thursday,11:15,1100 Hours,District 2 (Northeast),CEDAR FALLS,BLACK HAWK,,W VIKING RD & ENTERPRISE DR,Collision with:  Vehicle in traffic,On Roadway,"Angle, oncoming left turn",FTYROW:  Making left turn,None Indicated,None apparent,Daylight,Dry,Clear,None apparent,Non-intersection:  Driveway access (within),Paved,N/A,Possible/Unknown,0,1,0,0,1,0,4000,2,2,N/A,POINT (-92.452225740929 42.484037696159)
2013737029,13-1125,03/15/2013,03-March,6-Friday,16:15,1600 Hours,District 6 (East Central),HIAWATHA,LINN,,BLAIRS FERRY RD & 18TH AVE,Collision with:  Vehicle in traffic,On Roadway,"Angle, oncoming left turn",FTYROW:  From stop sign,None Indicated,None apparent,Daylight,Dry,Cloudy,None apparent,Intersection:  T-intersection,Paved,N/A,Possible/Unknown,0,1,0,0,1,0,15000,2,3,N/A,POINT (-91.697383555758 42.034666742844)
2013731634,13-010650,03/16/2013,03-March,7-Saturday,19:04,1900 Hours,District 5 (Southeast),MUSCATINE,MUSCATINE,IA 92,IA 92/MISSISSIPPI DR & IOWA AVE,Collision with:  Vehicle in traffic,On Roadway,Rear-end (front to rear),Followed too close,None Indicated,None apparent,Dusk,Dry,Clear,None apparent,Intersection:  Four-way intersection,Paved,N/A,Possible/Unknown,0,1,0,0,1,0,2750,2,4,Westbound (WB),POINT (-91.044811621973 41.420446111177)
2013731183,131881,03/17/2013,03-March,1-Sunday,17:53,1700 Hours,District 4 (Southwest),,DALLAS,I-80,I-80,Collision with fixed object:  Culvert/pipe opening,On Roadway,Non-collision (single vehicle),Ran off road - straight,None Indicated,None apparent,Daylight,Dry,Clear,None apparent,Interchange-related:  Off-ramp,Paved,N/A,Possible/Unknown,0,1,0,0,1,0,8000,1,1,Ramp,POINT (-94.193776084054 41.515491817016)
2013731741,2013-2895,03/18/2013,03-March,2-Monday,16:25,1600 Hours,District 3 (Northwest),,SAC,US 71,US 71/KARR AVE,Non-collision events:  Jackknife,On Roadway,Non-collision (single vehicle),Driving too fast for conditions,None Indicated,Weather conditions,Daylight,Ice/frost,Severe winds,"Surface condition (e.g., wet, icy)",Non-intersection:  Non-junction/no special feature,Paved,N/A,Property Damage Only,0,0,0,0,0,0,15000,1,1,Northbound (NB),POINT (-95.150896574709 42.545955889762)
2013730795,13-3319,03/18/2013,03-March,2-Monday,13:45,1300 Hours,District 6 (East Central),SABULA,JACKSON,,550 AVE,Collision with fixed object:  Ditch,On Roadway,Non-collision (single vehicle),Ran off road - right,None Indicated,Weather conditions,Daylight,Snow,Snow,"Surface condition (e.g., wet, icy)",Non-intersection:  Non-junction/no special feature,Unpaved,N/A,Possible/Unknown,0,1,0,0,1,0,5000,1,1,N/A,POINT (-90.25701628739 42.112691389801)
2013733304,2013016192,03/18/2013,03-March,2-Monday,07:48,0700 Hours,District 2 (Northeast),,WINNESHIEK,,Co Rd W46/CO RD W46/CENTENNIAL RD,Non-collision events:  Overturn/rollover,On Roadway,Non-collision (single vehicle),Crossed centerline (undivided),None Indicated,Weather conditions,Daylight,Snow,Snow,"Surface condition (e.g., wet, icy)",Non-intersection:  Non-junction/no special feature,Paved,N/A,Possible/Unknown,0,1,0,0,1,0,5000,1,1,N/A,POINT (-91.708152839726 43.187016419127)
2013732212,201300013460,03/19/2013,03-March,3-Tuesday,15:53,1500 Hours,District 5 (Southeast),OTTUMWA,WAPELLO,,S DAVIS ST,Collision with:  Vehicle in traffic,On Roadway,Broadside (front to side),Improper Backing,None Indicated,None apparent,Daylight,Dry,Clear,None apparent,Non-intersection:  Non-junction/no special feature,Paved,N/A,Property Damage Only,0,0,0,0,0,0,4000,2,4,N/A,POINT (-92.421142248381 40.993123123343)
2013731774,13-2658,03/21/2013,03-March,5-Thursday,11:25,1100 Hours,District 3 (Northwest),,SIOUX,IA 10,IA 10/450TH ST & ELMWOOD AVE,Collision with:  Vehicle in traffic,On Roadway,Broadside (front to side),FTYROW:  From stop sign,None Indicated,None apparent,Daylight,Dry,Clear,None apparent,Intersection:  Four-way intersection,Paved,N/A,Property Damage Only,0,0,0,0,0,0,8000,2,3,Eastbound (EB),POINT (-96.293096331026 42.997103413375)
2013731629,1300000270,03/22/2013,03-March,6-Friday,01:30,0100 Hours,District 1 (Central),,MARSHALL,,Co Rd E18/MARBLE RD,Collision with fixed object:  Ditch,Unknown,Non-collision (single vehicle),"Operating vehicle in an reckless, erratic, careless, negligent manner",None Indicated,None apparent,Dark - roadway lighted,Dry,Cloudy,None apparent,Non-intersection:  Non-junction/no special feature,Paved,N/A,Property Damage Only,0,0,0,0,0,0,3500,1,1,N/A,POINT (-93.098365416919 42.167432342765)
2013731521,13-10312,03/23/2013,03-March,7-Saturday,22:32,2200 Hours,District 5 (Southeast),BURLINGTON,DES MOINES,,WASHINGTON ST & CENTRAL AVE,Collision with fixed object:  Bridge overhead structure,On Roadway,Non-collision (single vehicle),Unknown,Refused,None apparent,Dark - roadway lighted,Wet,Snow,None apparent,Intersection:  Four-way intersection,Paved,N/A,Possible/Unknown,0,1,0,0,1,0,4000,1,1,N/A,POINT (-91.111277402311 40.812504479207)
2013733361,2013017570,03/24/2013,03-March,1-Sunday,20:50,2000 Hours,District 5 (Southeast),,MARION,IA 5,IA 5/IOWA 5 & 92ND AVE,Collision with fixed object:  Traffic sign support,On Roadway,Non-collision (single vehicle),Driving too fast for conditions,None Indicated,Weather conditions,Dark - roadway not lighted,Snow,Snow,"Surface condition (e.g., wet, icy)",Non-intersection:  Non-junction/no special feature,Paved,N/A,Possible/Unknown,0,2,0,0,2,0,2000,1,2,No Travel Direction Consistent with Route,POINT (-93.176669252935 41.324709792201)
2013731611,13005872,03/24/2013,03-March,1-Sunday,20:51,2000 Hours,District 6 (East Central),MARION,LINN,,44TH ST,Collision with:  Vehicle in traffic,On Roadway,"Sideswipe, same direction",Ran off road - right,None Indicated,Weather conditions,Dark - roadway not lighted,Snow,Snow,"Surface condition (e.g., wet, icy)",Non-intersection:  Non-junction/no special feature,Paved,N/A,Property Damage Only,0,0,0,0,0,0,2000,2,3,N/A,POINT (-91.562932723735 42.029405289747)
2013733365,2013017607,03/24/2013,03-March,1-Sunday,23:21,2300 Hours,District 3 (Northwest),SIOUX CITY,WOODBURY,,OUTER DR N,Collision with fixed object:  Concrete traffic barrier (median or right side),On Roadway,Non-collision (single vehicle),Crossed centerline (undivided),None Indicated,Weather conditions,Dark - roadway lighted,Snow,Snow,None apparent,Non-intersection:  Other non-intersection (explain in narrative),Paved,N/A,Property Damage Only,0,0,0,0,0,0,3000,1,1,N/A,POINT (-96.366149909129 42.531176751028)
2013733667,,03/25/2013,03-March,2-Monday,08:15,0800 Hours,District 1 (Central),DES MOINES,POLK,,E DOUGLAS AVE & E 8TH ST,Collision with:  Vehicle in traffic,On Roadway,Broadside (front to side),FTYROW:  From stop sign,None Indicated,None apparent,Daylight,Snow,Cloudy,"Surface condition (e.g., wet, icy)",Intersection:  Four-way intersection,Paved,N/A,Property Damage Only,0,0,0,0,0,0,2000,2,4,N/A,POINT (-93.608429438124 41.629534880027)
2013732111,CL13001028,03/25/2013,03-March,2-Monday,07:10,0700 Hours,District 6 (East Central),CLINTON,CLINTON,,18TH AVE S,Collision with:  Vehicle in traffic,On Roadway,"Sideswipe, opposite direction",Other (explain in narrative):  No improper action,None Indicated,Weather conditions,Daylight,Ice/frost,Cloudy,"Surface condition (e.g., wet, icy)",Non-intersection:  Non-junction/no special feature,Paved,N/A,Property Damage Only,0,0,0,0,0,0,7000,2,2,N/A,POINT (-90.193290355418 41.827005786712)
2013732726,2013-19533,03/26/2013,03-March,3-Tuesday,14:38,1400 Hours,District 6 (East Central),DAVENPORT,SCOTT,,W GARFIELD ST & N DIVISION ST,Collision with:  Vehicle in traffic,On Roadway,Broadside (front to side),FTYROW:  From stop sign,None Indicated,None apparent,Daylight,Dry,Cloudy,None apparent,Intersection:  Four-way intersection,Paved,N/A,Property Damage Only,0,0,0,0,0,0,2500,2,5,N/A,POINT (-90.600876498322 41.548229095633)
2013732661,20130008665,03/27/2013,03-March,4-Wednesday,12:30,1200 Hours,District 1 (Central),DES MOINES,POLK,,DUBUQUE AVE,Collision with:  Parked motor vehicle,On Roadway,Broadside (front to side),FTYROW:  From driveway,None Indicated,None apparent,Daylight,Dry,Clear,None apparent,Non-intersection:  Driveway access (within),Paved,N/A,Property Damage Only,0,0,0,0,0,0,1550,2,2,N/A,POINT (-93.537460363111 41.604245040282)
2013732677,13-1321,03/28/2013,03-March,5-Thursday,23:00,2300 Hours,District 1 (Central),WEST DES MOINES,POLK,,NW 114TH ST & UNIVERSITY AVE & 50TH ST,Collision with:  Vehicle in traffic,On Roadway,Broadside (front to side),Ran Traffic Signal,None Indicated,None apparent,Dark - roadway lighted,Dry,Clear,None apparent,Intersection:  Four-way intersection,Paved,N/A,Property Damage Only,0,0,0,0,0,0,4000,2,3,N/A,POINT (-93.771330018007 41.60044583248)
2013732631,13-0344,03/29/2013,03-March,6-Friday,18:21,1800 Hours,District 4 (Southwest),CLIVE,DALLAS,US 6,US 6/HICKMAN AVE & NW 152ND ST,Collision with:  Vehicle in traffic,On Roadway,Rear-end (front to rear),Driving too fast for conditions,None Indicated,None apparent,Daylight,Dry,Cloudy,None apparent,Intersection:  Four-way intersection,Paved,N/A,Property Damage Only,0,0,0,0,0,0,4500,2,2,No Travel Direction Consistent with Route,POINT (-93.828212621762 41.614794852307)
2013738108,13-060330-01,03/30/2013,03-March,7-Saturday,15:55,1500 Hours,District 6 (East Central),,IOWA,,Co Rd F52/F52 TRL,Collision with:  Animal,On Roadway,Non-collision (single vehicle),Animal,None Indicated,Animal in roadway,N/A,N/A,N/A,N/A,N/A,Paved,N/A,Property Damage Only,0,0,0,0,0,0,1500,1,1,N/A,POINT (-92.177136381179 41.582056109961)
2013735253,13-001584,03/31/2013,03-March,1-Sunday,17:35,1700 Hours,District 1 (Central),AMES,STORY,I-35,I-35 & US 30,Collision with:  Vehicle in traffic,On Roadway,"Sideswipe, same direction",FTYROW:  From yield sign,None Indicated,None apparent,Daylight,Dry,Clear,None apparent,Interchange-related:  On-ramp merge area,Paved,N/A,Property Damage Only,0,0,0,0,0,0,2000,2,2,Ramp,POINT (-93.569886762807 42.007779147483)
2013734100,,04/01/2013,04-April,2-Monday,12:26,1200 Hours,District 2 (Northeast),ALGONA,KOSSUTH,US 18,US 18 & US 169,Collision with:  Vehicle in traffic,On Roadway,Broadside (front to side),Unknown,None Indicated,None apparent,Daylight,Dry,Cloudy,None apparent,Intersection:  Four-way intersection,Paved,N/A,Property Damage Only,0,0,0,0,0,0,1600,2,2,Eastbound (EB),POINT (-94.236190851013 43.082807268266)
2013733627,2013-21181,04/02/2013,04-April,3-Tuesday,14:51,1400 Hours,District 6 (East Central),DAVENPORT,SCOTT,,W RUSHOLME ST & WARREN ST,Collision with:  Vehicle in traffic,On Roadway,Broadside (front to side),FTYROW:  From stop sign,None Indicated,None apparent,Daylight,Dry,Cloudy,None apparent,Intersection:  Four-way intersection,Paved,N/A,Possible/Unknown,0,2,0,0,2,0,5000,2,3,N/A,POINT (-90.585934113879 41.544151519307)
2013734355,,04/03/2013,04-April,4-Wednesday,14:10,1400 Hours,District 6 (East Central),CEDAR RAPIDS,LINN,,NORTHLAND AVE NE,Collision with:  Vehicle in traffic,On Roadway,"Angle, oncoming left turn",Unknown,None Indicated,N/A,Daylight,Dry,Clear,N/A,Intersection:  T-intersection,Paved,N/A,Property Damage Only,0,0,0,0,0,0,3600,2,5,N/A,POINT (-91.631715438743 42.028291619164)
2013743854,13-0899,04/04/2013,04-April,5-Thursday,07:47,0700 Hours,District 1 (Central),FORT DODGE,WEBSTER,IA 926,IA 926/KENYON RD & TOWER DR,Collision with:  Vehicle in traffic,On Roadway,"Angle, oncoming left turn",FTYROW:  Making left turn,None Indicated,None apparent,Daylight,Dry,Clear,None apparent,Intersection:  T-intersection,Paved,N/A,Property Damage Only,0,0,0,0,0,0,9000,2,2,No Travel Direction Consistent with Route,POINT (-94.202326983705 42.486154494645)
2013734128,2013003683,04/05/2013,04-April,6-Friday,12:31,1200 Hours,District 6 (East Central),IOWA CITY,JOHNSON,,S JAMIE LN,Collision with:  Parked motor vehicle,On Roadway,"Sideswipe, opposite direction","Operating vehicle in an reckless, erratic, careless, negligent manner",None Indicated,None apparent,Daylight,Dry,Cloudy,None apparent,Non-intersection:  Non-junction/no special feature,Paved,N/A,Property Damage Only,0,0,0,0,0,0,2500,2,1,N/A,POINT (-91.484199169216 41.639920736898)
2013733996,13-013121,04/06/2013,04-April,7-Saturday,02:00,0200 Hours,District 4 (Southwest),COUNCIL BLUFFS,POTTAWATTAMIE,,S 20TH ST,Collision with:  Parked motor vehicle,Shoulder,"Sideswipe, same direction",Lost Control,None Indicated,None apparent,Dark - roadway lighted,Dry,Clear,None apparent,Non-intersection:  Non-junction/no special feature,Paved,N/A,Property Damage Only,0,0,0,0,0,0,2250,3,2,N/A,POINT (-95.873438537166 41.256400012474)
2013735318,201300012855,04/07/2013,04-April,1-Sunday,08:54,0800 Hours,District 6 (East Central),,LINN,US 151,US 151/AMANA RD,Collision with:  Vehicle in traffic,On Roadway,Rear-end (front to rear),Followed too close,None Indicated,None apparent,Daylight,Dry,Clear,None apparent,Non-intersection:  Non-junction/no special feature,Paved,N/A,Minor Injury,0,2,0,2,0,0,8000,2,2,Northbound (NB),POINT (-91.827789153143 41.882403428903)
2013734363,13034249,04/08/2013,04-April,2-Monday,09:15,0900 Hours,District 2 (Northeast),CEDAR FALLS,BLACK HAWK,,CLAY ST,Collision with:  Parked motor vehicle,On Roadway,"Sideswipe, same direction",Other (explain in narrative):  Other,None Indicated,None apparent,Daylight,Dry,Clear,None apparent,Non-intersection:  Non-junction/no special feature,Paved,N/A,Property Damage Only,0,0,0,0,0,0,3300,2,2,N/A,POINT (-92.448184482774 42.52159967278)
2013734486,,04/09/2013,04-April,3-Tuesday,15:00,1500 Hours,District 2 (Northeast),FAYETTE,FAYETTE,,STATE ST & MAIN ST,Collision with:  Vehicle in traffic,On Roadway,Broadside (front to side),Other (explain in narrative):  Other,None Indicated,N/A,Daylight,Dry,Clear,N/A,Intersection:  T-intersection,Paved,N/A,Property Damage Only,0,0,0,0,0,0,10000,2,2,N/A,POINT (-91.802138906568 42.843285601723)
2013734605,201305018,04/10/2013,04-April,4-Wednesday,19:39,1900 Hours,District 6 (East Central),CEDAR RAPIDS,LINN,,O AVE NE & OAKLAND RD NE,Collision with:  Vehicle in traffic,On Roadway,Broadside (front to side),Ran Stop Sign,None Indicated,None apparent,Dark - roadway lighted,Wet,Rain,None apparent,Intersection:  Four-way intersection,Paved,N/A,Property Damage Only,0,0,0,0,0,0,10500,2,2,N/A,POINT (-91.659772696351 42.004323493574)
2013734966,13-11425,04/11/2013,04-April,5-Thursday,20:52,2000 Hours,District 3 (Northwest),SIOUX CITY,WOODBURY,I-29,I-29,Collision with:  Vehicle in traffic,On Roadway,"Sideswipe, same direction",FTYROW:  Other (explain in narrative),None Indicated,None apparent,Dark - roadway lighted,Wet,Cloudy,Work Zone (roadway-related),"Interchange-related:  Off-ramp, diverge area",Paved,Yes,Property Damage Only,0,0,0,0,0,0,3800,2,3,Northbound (NB),POINT (-96.407076225559 42.489454802517)
2013743634,13-0978,04/12/2013,04-April,6-Friday,15:00,1500 Hours,District 1 (Central),FORT DODGE,WEBSTER,,4TH AVE S & S 15TH ST,Collision with:  Vehicle in traffic,On Roadway,Rear-end (front to rear),Unknown,None Indicated,None apparent,Daylight,Dry,Cloudy,Unknown,Non-intersection:  Non-junction/no special feature,Paved,N/A,Minor Injury,0,1,0,1,0,0,1000,2,2,N/A,POINT (-94.177657308966 42.50204459552)
2013734747,01-13-16132,04/13/2013,04-April,7-Saturday,11:59,1100 Hours,District 6 (East Central),DUBUQUE,DUBUQUE,US 20,US 20/DODGE ST,Collision with:  Vehicle in traffic,On Roadway,Rear-end (front to rear),Followed too close,None Indicated,None apparent,Daylight,Dry,Cloudy,None apparent,Non-intersection:  Non-junction/no special feature,Paved,N/A,Property Damage Only,0,0,0,0,0,0,1500,2,3,Eastbound (EB),POINT (-90.703346677589 42.491562104269)
2013734762,13-9150,04/14/2013,04-April,1-Sunday,00:32,0000 Hours,District 1 (Central),MONROE,JASPER,IA 163,IA 163/IOWA 163 W,Non-collision events:  Other non-collision (explain in narrative),On Roadway,Non-collision (single vehicle),Swerving/Evasive Action,None Indicated,None apparent,Dark - roadway not lighted,Wet,Rain,None apparent,Non-intersection:  Non-junction/no special feature,Paved,N/A,Possible/Unknown,0,1,0,0,1,0,5500,1,1,Westbound (WB),POINT (-93.130219707459 41.538854356081)
2013734881,20130010664,04/15/2013,04-April,2-Monday,11:25,1100 Hours,District 1 (Central),DES MOINES,POLK,,ARMY POST RD,Collision with:  Vehicle in traffic,On Roadway,Rear-end (front to rear),Followed too close,None Indicated,None apparent,Daylight,Dry,Cloudy,None apparent,Non-intersection:  Driveway access (within),Paved,N/A,Possible/Unknown,0,1,0,0,1,0,2200,2,3,N/A,POINT (-93.634624326586 41.526548299717)
2013739971,04162013,04/16/2013,04-April,3-Tuesday,17:30,1700 Hours,District 5 (Southeast),OSCEOLA,CLARKE,US 69,US 69/S MAIN ST,Collision with:  Vehicle in traffic,Roadside,Rear-end (front to rear),FTYROW:  From parked position,None Indicated,None apparent,Daylight,Dry,Cloudy,None apparent,Non-intersection:  Non-junction/no special feature,Paved,N/A,Property Damage Only,0,0,0,0,0,0,4000,2,2,Northbound (NB),POINT (-93.76568263267 41.034254561306)
2013735292,2013-1501,04/17/2013,04-April,4-Wednesday,16:26,1600 Hours,District 4 (Southwest),WAUKEE,DALLAS,,312TH PL,Collision with fixed object:  Tree,On Roadway,Non-collision (single vehicle),Crossed centerline (undivided),None Indicated,Weather conditions,Daylight,"Mud, dirt",Rain,"Surface condition (e.g., wet, icy)",Non-intersection:  Non-junction/no special feature,Unpaved,N/A,Property Damage Only,0,0,0,0,0,0,4400,1,2,N/A,POINT (-93.876013475723 41.587815333697)
2013735609,W13-037934,04/18/2013,04-April,5-Thursday,15:49,1500 Hours,District 2 (Northeast),WATERLOO,BLACK HAWK,US 63,US 63/SE RAMP CURV & W PARK AVE,Collision with:  Vehicle in traffic,On Roadway,Broadside (front to side),Unknown,None Indicated,None apparent,Daylight,Wet,Rain,None apparent,Intersection:  Four-way intersection,Paved,N/A,Property Damage Only,0,0,0,0,0,0,2000,2,2,Ramp,POINT (-92.343643274652 42.493481797133)
2013735850,2013021830,04/18/2013,04-April,5-Thursday,08:36,0800 Hours,District 2 (Northeast),,CHICKASAW,US 218,US 218 & ASHERTON AVE & 300TH ST,Collision with:  Vehicle in traffic,On Roadway,Rear-end (front to rear),Lost Control,None Indicated,None apparent,Daylight,Wet,Cloudy,None apparent,Intersection:  Other intersection (explain in narrative),Paved,N/A,Possible/Unknown,0,1,0,0,1,0,10000,2,2,Northbound (NB),POINT (-92.54473862804 42.921229041226)
2013741049,,04/19/2013,04-April,6-Friday,14:18,1400 Hours,District 5 (Southeast),,MUSCATINE,US 61,US 61 & IA 22/IOWA 22,Collision with:  Vehicle in traffic,On Roadway,"Angle, oncoming left turn",FTYROW:  Making left turn,None Indicated,None apparent,Daylight,Dry,Clear,None apparent,Intersection:  Four-way intersection,Paved,N/A,Possible/Unknown,0,2,0,0,2,0,6000,2,3,No Travel Direction Consistent with Route,POINT (-91.091916082972 41.436152721448)
2013736173,2013022030,04/19/2013,04-April,6-Friday,08:15,0800 Hours,District 3 (Northwest),,PLYMOUTH,IA 60,IA 60/IOWA 60,Collision with fixed object:  Other fixed object (explain in narrative),Outside trafficway,Non-collision (single vehicle),Driving too fast for conditions,None Indicated,None apparent,Daylight,Ice/frost,Clear,"Surface condition (e.g., wet, icy)",Non-intersection:  Non-junction/no special feature,Paved,N/A,Property Damage Only,0,0,0,0,0,0,25000,1,1,Northbound (NB),POINT (-96.088296034802 42.897027892145)
2013778365,13003230,04/20/2013,04-April,7-Saturday,14:13,1400 Hours,District 6 (East Central),MANCHESTER,DELAWARE,IA 13,IA 13/N FRANKLIN ST & QUAKER MILL DR,Collision with:  Vehicle in traffic,On Roadway,Broadside (front to side),FTYROW:  From stop sign,None Indicated,None apparent,Daylight,Dry,Clear,None apparent,Intersection:  T-intersection,Paved,N/A,Minor Injury,0,1,0,1,0,0,1700,2,2,Southbound (SB),POINT (-91.457942174177 42.502123833087)
2013736002,13-12487,04/21/2013,04-April,1-Sunday,10:50,1000 Hours,District 3 (Northwest),SIOUX CITY,WOODBURY,IA 12,IA 12/GORDON DR & STONE AVE,Collision with:  Vehicle in traffic,On Roadway,Broadside (front to side),Ran Traffic Signal,None Indicated,None apparent,Daylight,Dry,Clear,None apparent,Intersection:  Four-way intersection,Paved,N/A,Possible/Unknown,0,3,0,0,3,0,8500,2,3,Southbound (SB),POINT (-96.352010500533 42.479212427168)
2013736666,13-002116,04/22/2013,04-April,2-Monday,18:41,1800 Hours,District 1 (Central),AMES,STORY,,LINCOLN WAY,Collision with:  Vehicle in traffic,On Roadway,"Sideswipe, same direction",FTYROW:  From parked position,None Indicated,None apparent,Daylight,Wet,Rain,None apparent,Non-intersection:  Non-junction/no special feature,Paved,N/A,Property Damage Only,0,0,0,0,0,0,5200,2,2,N/A,POINT (-93.650490915446 42.02279696179)
2013736217,13002090,04/23/2013,04-April,3-Tuesday,21:00,2100 Hours,District 3 (Northwest),,CHEROKEE,US 59,US 59,Collision with:  Animal,On Roadway,N/A,Animal,None Indicated,N/A,N/A,N/A,N/A,N/A,N/A,Paved,N/A,Property Damage Only,0,0,0,0,0,0,3000,1,777,Unknown - Not Indicated - Unlocated,POINT (-95.554581949972 42.697194645905)
2013736912,13-12880,04/24/2013,04-April,4-Wednesday,15:49,1500 Hours,District 3 (Northwest),SIOUX CITY,WOODBURY,,SERGEANT RD,Collision with:  Vehicle in traffic,On Roadway,Broadside (front to side),FTYROW:  From driveway,None Indicated,None apparent,Daylight,Dry,Cloudy,None apparent,Non-intersection:  Driveway access (within),Paved,N/A,Property Damage Only,0,0,0,0,0,0,2400,2,2,N/A,POINT (-96.354365147892 42.449986717312)
2013736726,13006647,04/25/2013,04-April,5-Thursday,12:23,1200 Hours,District 2 (Northeast),MASON CITY,CERRO GORDO,,12TH ST NE & N CAROLINA AVE,Collision with:  Vehicle in traffic,On Roadway,"Sideswipe, same direction",Other (explain in narrative):  Other,None Indicated,None apparent,Daylight,Dry,Clear,None apparent,Non-intersection:  Non-junction/no special feature,Paved,N/A,Property Damage Only,0,0,0,0,0,0,1500,2,3,N/A,POINT (-93.189770960301 43.162879296302)
2013736394,13-015860,04/26/2013,04-April,6-Friday,02:17,0200 Hours,District 4 (Southwest),COUNCIL BLUFFS,POTTAWATTAMIE,,MADISON AVE,Collision with fixed object:  Utility pole/light support,On Roadway,Non-collision (single vehicle),Driving too fast for conditions,Alcohol (Statutory),None apparent,Dark - roadway lighted,Dry,Clear,None apparent,Non-intersection:  Non-junction/no special feature,Paved,N/A,Property Damage Only,0,0,0,0,0,0,14262,1,1,N/A,POINT (-95.837920813703 41.25695743516)
2013736328,W13-040833,04/26/2013,04-April,6-Friday,10:02,1000 Hours,District 2 (Northeast),WATERLOO,BLACK HAWK,,LINDEN AVE,Collision with:  Vehicle in traffic,On Roadway,"Sideswipe, same direction",Made improper turn,None Indicated,None apparent,Daylight,Dry,Clear,None apparent,Intersection:  Four-way intersection,Paved,N/A,Property Damage Only,0,0,0,0,0,0,13000,2,4,N/A,POINT (-92.317912883194 42.502886730721)
2013736860,13-001642,04/27/2013,04-April,7-Saturday,11:31,1100 Hours,District 1 (Central),ANKENY,POLK,IA 415,IA 415/SW ORALABOR RD,Collision with:  Vehicle in traffic,On Roadway,Rear-end (front to rear),Other (explain in narrative):  Other,None Indicated,None apparent,Daylight,Dry,Clear,None apparent,Non-intersection:  Non-junction/no special feature,Paved,N/A,Minor Injury,0,1,0,1,0,0,8500,4,8,No Travel Direction Consistent with Route,POINT (-93.636755093541 41.70321288606)
2013736468,132931,04/28/2013,04-April,1-Sunday,17:15,1700 Hours,District 4 (Southwest),,DALLAS,IA 141,IA 141/IOWA 141,Collision with fixed object:  Ditch,On Roadway,Non-collision (single vehicle),Ran off road - right,None Indicated,None apparent,Daylight,Dry,Clear,None apparent,Non-intersection:  Non-junction/no special feature,Paved,N/A,Property Damage Only,0,0,0,0,0,0,4000,1,2,Westbound (WB),POINT (-93.84488093716 41.768829009142)
2013739547,13-03709,04/29/2013,04-April,2-Monday,17:54,1700 Hours,District 5 (Southeast),MOUNT PLEASANT,HENRY,,N JEFFERSON ST,Collision with:  Vehicle in traffic,On Roadway,Rear-end (front to rear),Improper Backing,None Indicated,None apparent,Daylight,Dry,Cloudy,None apparent,Non-intersection:  Non-junction/no special feature,Paved,N/A,Property Damage Only,0,0,0,0,0,0,5703,2,6,N/A,POINT (-91.554304915697 40.96843161638)
2013738412,13003532,04/30/2013,04-April,3-Tuesday,15:10,1500 Hours,District 6 (East Central),,DELAWARE,,WILLOW RD,Collision with fixed object:  Ditch,On Roadway,Non-collision (single vehicle),Ran off road - right,None Indicated,None apparent,Daylight,Dry,Clear,None apparent,Non-intersection:  Non-junction/no special feature,Unpaved,N/A,Possible/Unknown,0,1,0,0,1,0,15000,1,1,N/A,POINT (-91.185684499316 42.317681706205)
2013737235,20130012608,05/01/2013,05-May,4-Wednesday,17:45,1700 Hours,District 1 (Central),DES MOINES,POLK,,COLLEGE AVE & 16TH ST,Collision with:  Vehicle in traffic,On Roadway,Broadside (front to side),FTYROW:  From stop sign,None Indicated,None apparent,Daylight,Dry,Clear,None apparent,Intersection:  Four-way intersection,Paved,N/A,Property Damage Only,0,0,0,0,0,0,2500,2,5,N/A,POINT (-93.639019587865 41.607724595498)