Iowa DOT Case Number,Law Enforcement Case Number,Date of Crash,Month of Crash,Day of Week,Time of Crash,Hour,DOT District,City Name,County Name,Route with System,Location Description,First Harmful Event,Location of First Harmful Event,Manner of Crash/Collision,Major Cause,Drug or Alcohol ,Environmental Conditions,Light Conditions,Surface Conditions,Weather Conditions,Roadway Contribution,Roadway Type,Roadway Surface,Work Zone,Crash Severity,Number of Fatalities,Number of Injuries,Number of Major Injuries,Number of Minor Injuries,Number of Possible Injuries,Number of Unknown Injuries,Amount of Property Damage,Number of Vehicles Involved,Total Number of Occupants,Travel Direction,Location
2013737408,13007024,05/01/2013,05-May,4-Wednesday,15:40,1500 Hours,District 5 (Southeast),OSKALOOSA,MAHASKA,US 63,US 63/N MARKET ST & IA 92/A AVE W/A AVE E,Collision with:  Vehicle in traffic,On Roadway,Broadside (front to side),Ran Traffic Signal,None Indicated,None apparent,Daylight,Dry,Clear,None apparent,Intersection:  Four-way intersection,Paved,N/A,Property Damage Only,0,0,0,0,0,0,5000,2,5,Northbound (NB),POINT (-92.645107311393 41.296257198203)
2013741400,2013024510,05/02/2013,05-May,5-Thursday,07:00,0700 Hours,District 4 (Southwest),,ADAIR,I-80,I-80,Non-collision events:  Jackknife,On Roadway,Non-collision (single vehicle),Driving too fast for conditions,None Indicated,Weather conditions,Daylight,Snow,Snow,"Surface condition (e.g., wet, icy)",Non-intersection:  Non-junction/no special feature,Paved,N/A,Property Damage Only,0,0,0,0,0,0,5000,1,2,Eastbound (EB),POINT (-94.399347090864 41.496006366401)
2013737463,SO13001021,05/02/2013,05-May,5-Thursday,20:55,2000 Hours,District 3 (Northwest),,PLYMOUTH,US 75,US 75,Collision with:  Animal,On Roadway,Non-collision (single vehicle),Animal,None Indicated,Animal in roadway,N/A,N/A,N/A,N/A,N/A,Paved,N/A,Property Damage Only,0,0,0,0,0,0,3000,1,1,Northbound (NB),POINT (-96.288062808069 42.641455096453)
2013737947,13-1920,05/03/2013,05-May,6-Friday,18:20,1800 Hours,District 1 (Central),WEST DES MOINES,POLK,,ASHWORTH RD & 50TH ST,Collision with:  Vehicle in traffic,On Roadway,"Angle, oncoming left turn",Lost Control,None Indicated,None apparent,Daylight,Wet,Cloudy,None apparent,Non-intersection:  Non-junction/no special feature,Paved,N/A,Property Damage Only,0,0,0,0,0,0,20000,2,3,N/A,POINT (-93.770961068758 41.584568595321)
2013740018,1300000424,05/03/2013,05-May,6-Friday,07:43,0700 Hours,District 1 (Central),,MARSHALL,,Co Rd E63/295TH ST,Collision with fixed object:  Ditch,On Roadway,Non-collision (single vehicle),Ran off road - right,None Indicated,Weather conditions,Daylight,Slush,Snow,None apparent,Non-intersection:  Non-junction/no special feature,Paved,N/A,Property Damage Only,0,0,0,0,0,0,6000,1,1,N/A,POINT (-93.156878958425 41.927900060557)
2013738182,GP20130347,05/04/2013,05-May,7-Saturday,22:06,2200 Hours,District 1 (Central),GRINNELL,POWESHIEK,,7TH AVE & MAIN ST,Collision with:  Vehicle in traffic,On Roadway,Broadside (front to side),FTYROW:  At uncontrolled intersection,Alcohol (< Statutory),None apparent,Dark - roadway lighted,Wet,Rain,None apparent,Intersection:  Four-way intersection,Paved,N/A,Property Damage Only,0,0,0,0,0,0,3000,2,3,N/A,POINT (-92.725765252613 41.747622580322)
2013740118,2013025423,05/05/2013,05-May,1-Sunday,08:44,0800 Hours,District 3 (Northwest),SHELDON,OBRIEN,US 18,US 18/PARK ST & 8TH AVE,Collision with:  Vehicle in traffic,On Roadway,Head-on (front to front),Crossed centerline (undivided),Alcohol (Statutory),None apparent,Daylight,Dry,Clear,None apparent,Non-intersection:  Non-junction/no special feature,Paved,N/A,Fatal,1,2,1,1,0,0,42000,2,3,Both East and West,POINT (-95.845026707418 43.185971728575)
2013738137,201306373,05/06/2013,05-May,2-Monday,15:34,1500 Hours,District 6 (East Central),CEDAR RAPIDS,LINN,I-380,I-380,Collision with:  Vehicle in traffic,On Roadway,Rear-end (front to rear),Improper or erratic lane changing,None Indicated,None apparent,Daylight,Dry,Cloudy,None apparent,Non-intersection:  Other non-intersection (explain in narrative),Paved,N/A,Possible/Unknown,0,1,0,0,1,0,4004,2,2,Northbound (NB),POINT (-91.662529071697 41.990909077134)
2013739586,13-001812,05/07/2013,05-May,3-Tuesday,16:08,1600 Hours,District 1 (Central),ANKENY,POLK,,SW STATE ST,Collision with:  Vehicle in traffic,On Roadway,Rear-end (front to rear),Other (explain in narrative):  Other,None Indicated,None apparent,Daylight,Dry,Clear,None apparent,Non-intersection:  Driveway access (within),Paved,N/A,Possible/Unknown,0,1,0,0,1,0,3500,2,2,N/A,POINT (-93.622921646213 41.726905199638)
2013738714,2013026110,05/08/2013,05-May,4-Wednesday,19:48,1900 Hours,District 1 (Central),,HAMILTON,US 20,US 20,Collision with:  Vehicle in traffic,On Roadway,Head-on (front to front),Crossed centerline (undivided),None Indicated,None apparent,Dusk,Dry,Cloudy,Work Zone (roadway-related),Non-intersection:  Non-junction/no special feature,Paved,Yes,Major Injury,0,3,1,1,1,0,93000,2,3,Both East and West,POINT (-93.745731834978 42.448824402323)
2013745495,2013-30414,05/08/2013,05-May,4-Wednesday,14:10,1400 Hours,District 6 (East Central),DAVENPORT,SCOTT,,W 57TH ST & GAINE ST,Collision with:  Vehicle in traffic,On Roadway,Rear-end (front to rear),Improper Backing,None Indicated,None apparent,Daylight,Dry,Clear,None apparent,Non-intersection:  Non-junction/no special feature,Paved,N/A,Property Damage Only,0,0,0,0,0,0,1500,2,3,N/A,POINT (-90.581614075118 41.579302672104)
2013738657,2013-30735,05/09/2013,05-May,5-Thursday,17:18,1700 Hours,District 6 (East Central),DAVENPORT,SCOTT,,EASTERN AVE,Collision with:  Vehicle in traffic,On Roadway,Rear-end (front to rear),Driving too fast for conditions,None Indicated,None apparent,Daylight,Wet,Rain,None apparent,Non-intersection:  Non-junction/no special feature,Paved,N/A,Property Damage Only,0,0,0,0,0,0,6000,2,4,N/A,POINT (-90.551456434003 41.545727770046)
2013738597,13-3215,05/10/2013,05-May,6-Friday,10:55,1000 Hours,District 1 (Central),GRIMES,POLK,,N 3RD ST,Collision with:  Vehicle in traffic,On Roadway,Unknown,Improper Backing,None Indicated,None apparent,Daylight,Dry,Cloudy,None apparent,Non-intersection:  Non-junction/no special feature,Paved,N/A,Property Damage Only,0,0,0,0,0,0,3000,2,2,N/A,POINT (-93.790655272817 41.690277701068)
2013739140,201300022631,05/11/2013,05-May,7-Saturday,14:39,1400 Hours,District 5 (Southeast),OTTUMWA,WAPELLO,,S MADISON AVE,Collision with:  Vehicle in traffic,On Roadway,Broadside (front to side),FTYROW:  From driveway,None Indicated,None apparent,Daylight,Dry,Clear,None apparent,Non-intersection:  Driveway access (within),Paved,N/A,Minor Injury,0,1,0,1,0,0,2800,2,3,N/A,POINT (-92.409743641579 40.991452856382)
2013739593,13-001882,05/12/2013,05-May,1-Sunday,04:00,0400 Hours,District 1 (Central),ANKENY,POLK,I-35,I-35,Collision with fixed object:  Ditch,Outside trafficway,Non-collision (single vehicle),Ran off road - left,None Indicated,None apparent,Dark - roadway lighted,Dry,Clear,None apparent,"Interchange-related:  Off-ramp, diverge area",Paved,N/A,Property Damage Only,0,0,0,0,0,0,4000,1,1,Ramp,POINT (-93.575342653309 41.701014775448)
2013739917,13-002483,05/13/2013,05-May,2-Monday,16:00,1600 Hours,District 1 (Central),AMES,STORY,,13TH ST & MARSTON AVE,Collision with:  Vehicle in traffic,On Roadway,Rear-end (front to rear),Followed too close,None Indicated,None apparent,Daylight,Dry,Clear,None apparent,Non-intersection:  Non-junction/no special feature,Paved,N/A,Property Damage Only,0,0,0,0,0,0,2500,2,2,N/A,POINT (-93.623669676202 42.034546286986)
2013739665,,05/14/2013,05-May,3-Tuesday,14:21,1400 Hours,District 1 (Central),DES MOINES,POLK,,E JEFFERSON AVE,Collision with:  Vehicle in traffic,On Roadway,Broadside (front to side),Traveling wrong way or on wrong side of road,None Indicated,None apparent,Daylight,Dry,Clear,Ruts/holes/bumps,Intersection:  Other intersection (explain in narrative),Paved,N/A,Property Damage Only,0,0,0,0,0,0,3000,2,4,N/A,POINT (-93.541665966879 41.610629447666)
2013739841,13-1064,05/14/2013,05-May,3-Tuesday,17:04,1700 Hours,District 1 (Central),URBANDALE,POLK,,DOUGLAS AVE,Collision with:  Vehicle in traffic,On Roadway,Rear-end (front to rear),Other (explain in narrative):  Other,None Indicated,None apparent,Daylight,Dry,Clear,None apparent,Non-intersection:  Non-junction/no special feature,Paved,N/A,Property Damage Only,0,0,0,0,0,0,5500,2,2,N/A,POINT (-93.77660990173 41.629458423778)
2013744107,,05/15/2013,05-May,4-Wednesday,11:40,1100 Hours,District 2 (Northeast),HAMPTON,FRANKLIN,,FEDERAL ST S,Collision with:  Vehicle in traffic,On Roadway,"Sideswipe, same direction",FTYROW:  From parked position,None Indicated,None apparent,Daylight,Dry,Cloudy,None apparent,Non-intersection:  Non-junction/no special feature,Paved,N/A,Possible/Unknown,0,1,0,0,1,0,600,2,2,N/A,POINT (-93.207417489054 42.741353057705)
2013739416,201306929,05/16/2013,05-May,5-Thursday,15:48,1500 Hours,District 6 (East Central),CEDAR RAPIDS,LINN,,EDGEWOOD RD SW,Collision with:  Vehicle in traffic,On Roadway,Rear-end (front to rear),Followed too close,None Indicated,None apparent,Daylight,Dry,Clear,None apparent,Non-intersection:  Non-junction/no special feature,Paved,N/A,Property Damage Only,0,0,0,0,0,0,2150,2,5,N/A,POINT (-91.716103934891 41.948424891139)
2013740764,13-072,05/17/2013,05-May,6-Friday,05:20,0500 Hours,District 4 (Southwest),,TAYLOR,,Co Rd J20/130TH ST,Collision with:  Animal,On Roadway,Non-collision (single vehicle),Animal,None Indicated,Animal in roadway,Dark - roadway not lighted,Dry,Clear,None apparent,Non-intersection:  Non-junction/no special feature,Paved,N/A,Major Injury,0,1,1,0,0,0,1500,1,1,N/A,POINT (-94.722444680996 40.856570779784)
2013740256,2013027892,05/17/2013,05-May,6-Friday,09:15,0900 Hours,District 4 (Southwest),AVOCA,POTTAWATTAMIE,I-80,I-80 & US 59,Collision with:  Vehicle in traffic,On Roadway,"Sideswipe, same direction",Crossed centerline (undivided),None Indicated,None apparent,Daylight,Dry,Cloudy,None apparent,Intersection:  Intersection with ramp,Paved,N/A,Property Damage Only,0,0,0,0,0,0,4000,2,3,Ramp,POINT (-95.336461928496 41.496426764464)
2013739791,13009874,05/18/2013,05-May,7-Saturday,18:31,1800 Hours,District 6 (East Central),MARION,LINN,,5TH AVE & 15TH ST,Collision with:  Vehicle in traffic,On Roadway,Rear-end (front to rear),Followed too close,None Indicated,None apparent,Daylight,Dry,Clear,None apparent,Intersection:  Four-way intersection,Paved,N/A,Property Damage Only,0,0,0,0,0,0,2500,2,5,N/A,POINT (-91.593943554524 42.03151864573)
2013740059,20130014774,05/19/2013,05-May,1-Sunday,12:35,1200 Hours,District 1 (Central),DES MOINES,POLK,US 6,US 6/EUCLID AVE & 12TH ST,Collision with:  Vehicle in traffic,On Roadway,"Angle, oncoming left turn",FTYROW:  Making left turn,None Indicated,None apparent,Daylight,Dry,Cloudy,None apparent,Intersection:  Four-way intersection,Paved,N/A,Property Damage Only,0,0,0,0,0,0,2500,2,5,Both East and West,POINT (-93.634426500964 41.627664960586)
2013739989,13-18292,05/20/2013,05-May,2-Monday,12:00,1200 Hours,District 5 (Southeast),BURLINGTON,DES MOINES,,BLACKHAWK BLVD & MADISON AVE,Collision with:  Parked motor vehicle,On Roadway,Rear-end (front to rear),Improper Backing,None Indicated,None apparent,Daylight,Dry,Clear,None apparent,Non-intersection:  Non-junction/no special feature,Paved,N/A,Property Damage Only,0,0,0,0,0,0,1750,2,2,N/A,POINT (-91.108045903857 40.778933375974)
2013740458,13-8738,05/21/2013,05-May,3-Tuesday,12:56,1200 Hours,District 6 (East Central),BETTENDORF,SCOTT,,KIMBERLY RD & SHADY LN,Collision with:  Vehicle in traffic,On Roadway,"Angle, oncoming left turn",FTYROW:  Making left turn,None Indicated,None apparent,Daylight,Dry,Clear,None apparent,Non-intersection:  Driveway access (within),Paved,N/A,Possible/Unknown,0,1,0,0,1,0,4000,2,3,N/A,POINT (-90.522577068924 41.539741056244)
2013740645,13-8799,05/22/2013,05-May,4-Wednesday,07:30,0700 Hours,District 6 (East Central),BETTENDORF,SCOTT,I-74,I-74,Collision with:  Vehicle in traffic,On Roadway,Rear-end (front to rear),Followed too close,None Indicated,None apparent,Daylight,Dry,Cloudy,None apparent,Non-intersection:  Other non-intersection (explain in narrative),Paved,N/A,Property Damage Only,0,0,0,0,0,0,2000,2,2,No Travel Direction Consistent with Route,POINT (-90.513131550174 41.521587364663)
2013746067,2013-5547,05/22/2013,05-May,4-Wednesday,11:10,1100 Hours,District 2 (Northeast),FOREST CITY,HANCOCK,US 69,US 69 & S 4TH ST,Collision with:  Vehicle in traffic,On Roadway,Broadside (front to side),FTYROW:  From stop sign,None Indicated,None apparent,Daylight,Wet,Rain,None apparent,Intersection:  T-intersection,Paved,N/A,Property Damage Only,0,0,0,0,0,0,5500,2,2,Southbound (SB),POINT (-93.63674016188 43.250942985704)
2013744745,A13042,05/23/2013,05-May,5-Thursday,12:33,1200 Hours,District 5 (Southeast),KNOXVILLE,MARION,IA 14,IA 14/LINCOLN ST & W ROBINSON ST,Collision with:  Vehicle in traffic,On Roadway,Broadside (front to side),FTYROW:  Other (explain in narrative),None Indicated,None apparent,Daylight,Dry,Cloudy,None apparent,Intersection:  Four-way intersection,Paved,N/A,Property Damage Only,0,0,0,0,0,0,3000,2,2,Southbound (SB),POINT (-93.109527272997 41.317983418236)
2013740782,2013029208,05/24/2013,05-May,6-Friday,14:55,1400 Hours,District 6 (East Central),,DUBUQUE,US 52,US 52,Collision with:  Animal,On Roadway,Non-collision (single vehicle),Animal,None Indicated,Animal in roadway,N/A,N/A,N/A,N/A,N/A,Paved,N/A,Property Damage Only,0,0,0,0,0,0,6000,1,777,Northbound (NB),POINT (-91.074352018439 42.618683608859)
2013741838,13-5490,05/25/2013,05-May,7-Saturday,13:53,1300 Hours,District 3 (Northwest),ODEBOLT,SAC,IA 39,IA 39/DES MOINES ST & IA 175/MARKET ST/330TH ST & Co Rd M43/FOX AVE,Collision with:  Vehicle in traffic,On Roadway,Broadside (front to side),FTYROW:  From stop sign,None Indicated,None apparent,Daylight,Dry,Clear,None apparent,Intersection:  Four-way intersection,Paved,N/A,Property Damage Only,0,0,0,0,0,0,15000,2,5,Northbound (NB),POINT (-95.245317156878 42.312417889371)
2013741098,13010386,05/25/2013,05-May,7-Saturday,12:32,1200 Hours,District 6 (East Central),MARION,LINN,,7TH AVE & 13TH ST,Collision with:  Vehicle in traffic,On Roadway,Rear-end (front to rear),Driving too fast for conditions,None Indicated,Weather conditions,Daylight,Wet,Rain,"Surface condition (e.g., wet, icy)",Intersection:  Four-way intersection,Paved,N/A,Property Damage Only,0,0,0,0,0,0,6000,2,3,N/A,POINT (-91.59574021595 42.033314892086)
2013741246,,05/26/2013,05-May,1-Sunday,11:34,1100 Hours,District 1 (Central),ACKLEY,HARDIN,,BUTLER ST,Collision with fixed object:  Tree,Unknown,Non-collision (single vehicle),Other (explain in narrative):  No improper action,None Indicated,Unknown,Daylight,Wet,Rain,Unknown,Non-intersection:  Non-junction/no special feature,Paved,N/A,Property Damage Only,0,0,0,0,0,0,10000,1,2,N/A,POINT (-93.046627218208 42.55203453833)
2013741005,2013-35274,05/27/2013,05-May,2-Monday,07:03,0700 Hours,District 6 (East Central),DAVENPORT,SCOTT,,E LOCUST ST,Collision with fixed object:  Other fixed object (explain in narrative),On Roadway,Non-collision (single vehicle),Lost Control,None Indicated,None apparent,Daylight,Wet,Rain,None apparent,Non-intersection:  Non-junction/no special feature,Paved,N/A,Possible/Unknown,0,1,0,0,1,0,6500,1,1,N/A,POINT (-90.565235561598 41.538266009189)
2013741637,,05/28/2013,05-May,3-Tuesday,15:30,1500 Hours,District 6 (East Central),CEDAR RAPIDS,LINN,IA 100,IA 100/COLLINS AVE & NORTHLAND AVE NE,Collision with:  Vehicle in traffic,On Roadway,Rear-end (front to rear),Unknown,None Indicated,N/A,Daylight,Dry,Clear,N/A,Intersection:  Four-way intersection,Paved,N/A,Possible/Unknown,0,1,0,0,1,0,5000,2,2,Unknown - Not Indicated - Unlocated,POINT (-91.631723936019 42.027895440962)
2013742727,2013030123,05/29/2013,05-May,4-Wednesday,17:32,1700 Hours,District 1 (Central),,POLK,I-35,I-35,Collision with:  Vehicle in traffic,On Roadway,Rear-end (front to rear),Swerving/Evasive Action,None Indicated,None apparent,Daylight,Dry,Clear,None apparent,Interchange-related:  On-ramp merge area,Paved,N/A,Property Damage Only,0,0,0,0,0,0,6500,2,2,Ramp,POINT (-93.57775601734 41.652391227338)
2013741847,2013-36216,05/30/2013,05-May,5-Thursday,18:19,1800 Hours,District 6 (East Central),DAVENPORT,SCOTT,,W GARFIELD ST & FAIR AVE,Collision with:  Vehicle in traffic,On Roadway,Broadside (front to side),FTYROW:  From stop sign,None Indicated,None apparent,Daylight,Wet,Rain,None apparent,Intersection:  Other intersection (explain in narrative),Paved,N/A,Property Damage Only,0,0,0,0,0,0,6000,2,2,N/A,POINT (-90.573251152118 41.54862177673)
2013741490,13010811,05/30/2013,05-May,5-Thursday,05:49,0500 Hours,District 6 (East Central),MARION,LINN,,50TH ST,Collision with:  Vehicle in traffic,On Roadway,Rear-end (front to rear),FTYROW:  From driveway,None Indicated,None apparent,Daylight,Dry,Clear,None apparent,Non-intersection:  Driveway access (within),Paved,N/A,Property Damage Only,0,0,0,0,0,0,3500,2,2,N/A,POINT (-91.556921003481 42.037768767217)
2013742622,,05/31/2013,05-May,6-Friday,19:10,1900 Hours,District 4 (Southwest),PANORA,GUTHRIE,,S 1ST ST,Collision with:  Parked motor vehicle,On Roadway,Rear-end (front to rear),Other (explain in narrative):  Vision obstructed,None Indicated,Visual obstruction,Daylight,Dry,Clear,None apparent,Non-intersection:  Non-junction/no special feature,Paved,N/A,Property Damage Only,0,0,0,0,0,0,1800,2,1,N/A,POINT (-94.364341341986 41.691428530322)
2013741894,2013-36786,06/01/2013,06-June,7-Saturday,21:29,2100 Hours,District 6 (East Central),DAVENPORT,SCOTT,I-80,I-80,Collision with:  Other non-fixed object (explain in narrative),On Roadway,Non-collision (single vehicle),Other (explain in narrative):  No improper action,None Indicated,None apparent,Dark - roadway lighted,Dry,Cloudy,None apparent,Interchange-related:  Off-ramp,Paved,N/A,Property Damage Only,0,0,0,0,0,0,1500,1,2,Ramp,POINT (-90.564832105432 41.595609979201)
2013742167,13-17714,06/01/2013,06-June,7-Saturday,09:01,0900 Hours,District 3 (Northwest),SIOUX CITY,WOODBURY,,2ND ST & PIERCE ST,Collision with:  Vehicle in traffic,On Roadway,"Sideswipe, same direction",Other (explain in narrative):  Other,None Indicated,None apparent,Daylight,Wet,Rain,None apparent,Intersection:  T-intersection,Paved,N/A,Property Damage Only,0,0,0,0,0,0,3000,2,4,N/A,POINT (-96.404904515369 42.492031667831)
2013743294,,06/02/2013,06-June,1-Sunday,16:00,1600 Hours,District 2 (Northeast),STRAWBERRY POINT,CLAYTON,IA 3,IA 3/COMMERCIAL ST & LINCOLN ST,Collision with:  Parked motor vehicle,On Roadway,Rear-end (front to rear),Followed too close,None Indicated,None apparent,Daylight,Dry,Clear,None apparent,Non-intersection:  Non-junction/no special feature,Paved,N/A,Property Damage Only,0,0,0,0,0,0,12500,3,6,No Travel Direction Consistent with Route,POINT (-91.536443276659 42.677067352964)
2013741876,2013-37068,06/03/2013,06-June,2-Monday,01:10,0100 Hours,District 6 (East Central),DAVENPORT,SCOTT,,UTAH AVE,Collision with:  Animal,On Roadway,Non-collision (single vehicle),Animal,None Indicated,Animal in roadway,Dark - roadway not lighted,"Mud, dirt",Clear,None apparent,Non-intersection:  Non-junction/no special feature,Paved,N/A,Possible/Unknown,0,1,0,0,1,0,5000,1,1,N/A,POINT (-90.668252422849 41.551300025706)
2013742679,20130016709,06/04/2013,06-June,3-Tuesday,14:36,1400 Hours,District 1 (Central),DES MOINES,POLK,US 69,US 69/SE 14TH ST & E ARMY POST RD,Collision with:  Vehicle in traffic,On Roadway,Rear-end (front to rear),Followed too close,None Indicated,None apparent,Daylight,Dry,Cloudy,None apparent,Non-intersection:  Non-junction/no special feature,Paved,N/A,Possible/Unknown,0,1,0,0,1,0,100,2,5,Southbound (SB),POINT (-93.596781446826 41.526282525614)
2013744211,13-016095,06/04/2013,06-June,3-Tuesday,22:18,2200 Hours,District 5 (Southeast),,LEE,,BUS US 61,Collision with:  Animal,On Roadway,Non-collision (single vehicle),Animal,None Indicated,Animal in roadway,N/A,N/A,N/A,N/A,N/A,Paved,N/A,Property Damage Only,0,0,0,0,0,0,1500,1,1,N/A,POINT (-91.278990379275 40.648543013571)
2013742693,13-001350,06/05/2013,06-June,4-Wednesday,08:25,0800 Hours,District 1 (Central),ALTOONA,POLK,,8TH ST SW & 36TH AVE SW,Collision with:  Vehicle in traffic,On Roadway,"Angle, oncoming left turn",FTYROW:  Making left turn,None Indicated,None apparent,Daylight,Wet,Cloudy,None apparent,Intersection:  Four-way intersection,Paved,N/A,Property Damage Only,0,0,0,0,0,0,2500,2,4,N/A,POINT (-93.506090563625 41.64412725516)
2013742687,20130016992,06/06/2013,06-June,5-Thursday,17:02,1700 Hours,District 1 (Central),DES MOINES,POLK,,SW 13TH PL,Collision with:  Vehicle in traffic,On Roadway,"Sideswipe, opposite direction",Unknown,None Indicated,None apparent,Daylight,Dry,Cloudy,None apparent,Non-intersection:  Non-junction/no special feature,Paved,N/A,Property Damage Only,0,0,0,0,0,0,5500,2,2,N/A,POINT (-93.63415323606 41.528631594696)
2013742911,13-9847,06/07/2013,06-June,6-Friday,11:29,1100 Hours,District 6 (East Central),BETTENDORF,SCOTT,I-74,I-74,Collision with:  Vehicle in traffic,On Roadway,"Sideswipe, same direction",Other (explain in narrative):  Other,None Indicated,None apparent,Daylight,Dry,Clear,None apparent,Non-intersection:  Non-junction/no special feature,Paved,N/A,Property Damage Only,0,0,0,0,0,0,4000,2,3,No Travel Direction Consistent with Route,POINT (-90.51839504701 41.543460518895)
2013746536,2013031793,06/07/2013,06-June,6-Friday,07:44,0700 Hours,District 2 (Northeast),WATERLOO,BLACK HAWK,US 218,US 218,Collision with fixed object:  Concrete traffic barrier (median or right side),Shoulder,Non-collision (single vehicle),Exceeded authorized speed,Alcohol (Statutory),None apparent,Daylight,Dry,Cloudy,None apparent,Non-intersection:  Non-junction/no special feature,Paved,N/A,Possible/Unknown,0,1,0,0,1,0,8000,1,2,No Travel Direction Consistent with Route,POINT (-92.357453605656 42.497207421133)
2013742851,13-0675,06/08/2013,06-June,7-Saturday,10:26,1000 Hours,District 1 (Central),CLIVE,POLK,,UNIVERSITY AVE,Collision with:  Vehicle in traffic,On Roadway,"Sideswipe, same direction",Improper or erratic lane changing,None Indicated,None apparent,Daylight,Dry,Clear,None apparent,Non-intersection:  Non-junction/no special feature,Paved,N/A,Property Damage Only,0,0,0,0,0,0,2000,2,5,N/A,POINT (-93.770837957478 41.600440125646)
2013744561,201300020431,06/09/2013,06-June,1-Sunday,14:57,1400 Hours,District 6 (East Central),,LINN,US 151,US 151,Collision with:  Vehicle in traffic,On Roadway,"Sideswipe, same direction",Driver Distraction:  Passenger,None Indicated,None apparent,Daylight,Wet,Rain,None apparent,Non-intersection:  Non-junction/no special feature,Paved,N/A,Property Damage Only,0,0,0,0,0,0,3500,2,6,Southbound (SB),POINT (-91.543506598089 41.933098271369)
2013744422,,06/10/2013,06-June,2-Monday,17:30,1700 Hours,District 6 (East Central),,JOHNSON,IA 1,IA 1/IOWA 1,Collision with:  Animal,On Roadway,Non-collision (single vehicle),Animal,None Indicated,N/A,Daylight,Dry,Clear,N/A,Non-intersection:  Non-junction/no special feature,Paved,N/A,Property Damage Only,0,0,0,0,0,0,2150,1,1,Unknown - Not Indicated - Unlocated,POINT (-91.474022447988 41.739851401316)
2013744314,13-2589,06/11/2013,06-June,3-Tuesday,12:15,1200 Hours,District 1 (Central),WEST DES MOINES,POLK,,S 50TH ST,Collision with:  Vehicle in traffic,On Roadway,"Sideswipe, same direction",Unknown,None Indicated,None apparent,Daylight,Dry,Cloudy,None apparent,Non-intersection:  Driveway access (within),Paved,N/A,Property Damage Only,0,0,0,0,0,0,1500,2,3,N/A,POINT (-93.770868650531 41.558637363252)
2013744169,13-21184,06/11/2013,06-June,3-Tuesday,11:01,1100 Hours,District 5 (Southeast),,DES MOINES,,DODGEVILLE RD,Collision with fixed object:  Ditch,On Roadway,Non-collision (single vehicle),Ran off road - left,None Indicated,None apparent,Daylight,"Mud, dirt",Cloudy,None apparent,Non-intersection:  Non-junction/no special feature,Paved,N/A,Property Damage Only,0,0,0,0,0,0,1500,1,1,N/A,POINT (-91.178473431252 40.942900775721)
2013743418,13-0695,06/12/2013,06-June,4-Wednesday,17:30,1700 Hours,District 4 (Southwest),CLIVE,DALLAS,,UNIVERSITY AVE,Collision with:  Vehicle in traffic,On Roadway,Broadside (front to side),FTYROW:  From driveway,None Indicated,None apparent,Daylight,Dry,Clear,None apparent,Non-intersection:  Driveway access (within),Paved,N/A,Property Damage Only,0,0,0,0,0,0,6000,2,2,N/A,POINT (-93.812201690007 41.60047058699)
2013744163,134272,06/13/2013,06-June,5-Thursday,14:00,1400 Hours,District 4 (Southwest),,DALLAS,US 6,US 6/N AVE,Collision with:  Vehicle in traffic,On Roadway,"Sideswipe, same direction",Other (explain in narrative):  No improper action,None Indicated,None apparent,Daylight,Dry,Clear,None apparent,Non-intersection:  Non-junction/no special feature,Paved,N/A,Property Damage Only,0,0,0,0,0,0,5000,2,2,No Travel Direction Consistent with Route,POINT (-94.012781626624 41.584593169681)
2013744008,13-21629,06/14/2013,06-June,6-Friday,10:30,1000 Hours,District 5 (Southeast),BURLINGTON,DES MOINES,,AGENCY ST & COLUMBUS DR,Collision with:  Vehicle in traffic,On Roadway,Broadside (front to side),FTYROW:  Making left turn,None Indicated,None apparent,Daylight,Dry,Clear,None apparent,Intersection:  T-intersection,Paved,N/A,Property Damage Only,0,0,0,0,0,0,14750,3,3,N/A,POINT (-91.13755990517 40.814697403124)
2013744304,13-1351,06/14/2013,06-June,6-Friday,16:41,1600 Hours,District 1 (Central),URBANDALE,POLK,I-35,I-35,Collision with:  Vehicle in traffic,On Roadway,Rear-end (front to rear),Driving too fast for conditions,None Indicated,None apparent,Daylight,Wet,Rain,None apparent,Non-intersection:  Non-junction/no special feature,Paved,N/A,Possible/Unknown,0,2,0,0,2,0,4500,2,6,Ramp,POINT (-93.776812932707 41.618369237376)
2013746758,2013033507,06/15/2013,06-June,7-Saturday,21:38,2100 Hours,District 2 (Northeast),,CERRO GORDO,I-35,I-35,Collision with:  Animal,On Roadway,Non-collision (single vehicle),Animal,None Indicated,Animal in roadway,N/A,N/A,N/A,N/A,N/A,Paved,N/A,Property Damage Only,0,0,0,0,0,0,1500,1,1,Northbound (NB),POINT (-93.351019369336 42.913770608608)
2013744719,13010418,06/16/2013,06-June,1-Sunday,15:42,1500 Hours,District 2 (Northeast),MASON CITY,CERRO GORDO,,15TH ST SE,Collision with:  Vehicle in traffic,On Roadway,"Sideswipe, opposite direction",Separation of units,None Indicated,None apparent,Daylight,Dry,Clear,None apparent,Intersection:  Four-way intersection,Paved,N/A,Property Damage Only,0,0,0,0,0,0,1500,2,2,N/A,POINT (-93.191610009699 43.137293451774)
2013744467,13-005199,06/17/2013,06-June,2-Monday,13:55,1300 Hours,District 6 (East Central),MANCHESTER,DELAWARE,,E MAIN ST,Collision with:  Vehicle in traffic,On Roadway,Rear-end (front to rear),Followed too close,None Indicated,None apparent,Daylight,Dry,Clear,None apparent,Non-intersection:  Non-junction/no special feature,Paved,N/A,Property Damage Only,0,0,0,0,0,0,1750,3,3,N/A,POINT (-91.457341619911 42.483978471672)