Iowa DOT Case Number,Law Enforcement Case Number,Date of Crash,Month of Crash,Day of Week,Time of Crash,Hour,DOT District,City Name,County Name,Route with System,Location Description,First Harmful Event,Location of First Harmful Event,Manner of Crash/Collision,Major Cause,Drug or Alcohol ,Environmental Conditions,Light Conditions,Surface Conditions,Weather Conditions,Roadway Contribution,Roadway Type,Roadway Surface,Work Zone,Crash Severity,Number of Fatalities,Number of Injuries,Number of Major Injuries,Number of Minor Injuries,Number of Possible Injuries,Number of Unknown Injuries,Amount of Property Damage,Number of Vehicles Involved,Total Number of Occupants,Travel Direction,Location
2013750396,,06/17/2013,06-June,2-Monday,05:12,0500 Hours,District 5 (Southeast),,MUSCATINE,US 61,US 61,Collision with:  Animal,On Roadway,Non-collision (single vehicle),Animal,None Indicated,Animal in roadway,Dawn,Dry,Clear,None apparent,Non-intersection:  Non-junction/no special feature,Paved,N/A,Property Damage Only,0,0,0,0,0,0,5000,1,2,Southbound (SB),POINT (-90.895667709961 41.51786083404)
2013744943,2013-08764,06/18/2013,06-June,3-Tuesday,17:45,1700 Hours,District 6 (East Central),CEDAR RAPIDS,LINN,,JOHNSON AVE NW & 31ST ST NW,Collision with:  Vehicle in traffic,On Roadway,"Angle, oncoming left turn",Made improper turn,None Indicated,None apparent,Daylight,Dry,Clear,None apparent,Intersection:  T-intersection,Paved,N/A,Property Damage Only,0,0,0,0,0,0,3500,2,3,N/A,POINT (-91.712416205998 41.974592454367)
2013745602,2013006794,06/19/2013,06-June,4-Wednesday,15:40,1500 Hours,District 6 (East Central),IOWA CITY,JOHNSON,I-80,I-80 & N DUBUQUE ST,Collision with:  Vehicle in traffic,On Roadway,Rear-end (front to rear),Followed too close,None Indicated,None apparent,Daylight,Dry,Cloudy,Work Zone (roadway-related),Non-intersection:  Non-junction/no special feature,Paved,Yes,Property Damage Only,0,0,0,0,0,0,5500,3,3,Ramp,POINT (-91.537268679913 41.683454038479)
2013745988,13-2647,06/20/2013,06-June,5-Thursday,15:35,1500 Hours,District 6 (East Central),HIAWATHA,LINN,,WILLMAN ST & CENTER POINT RD,Collision with:  Vehicle in traffic,On Roadway,Broadside (front to side),FTYROW:  From stop sign,None Indicated,None apparent,Daylight,Dry,Cloudy,None apparent,Intersection:  Four-way intersection,Paved,N/A,Property Damage Only,0,0,0,0,0,0,5000,2,3,N/A,POINT (-91.671226768328 42.037059765571)
2013745522,13-0337,06/20/2013,06-June,5-Thursday,09:43,0900 Hours,District 1 (Central),FORT DODGE,WEBSTER,US 169,US 169,Collision with:  Vehicle in traffic,On Roadway,"Sideswipe, same direction",Unknown,None Indicated,None apparent,Daylight,Dry,Clear,None apparent,Interchange-related:  On-ramp merge area,Paved,N/A,Property Damage Only,0,0,0,0,0,0,3000,2,3,Southbound (SB),POINT (-94.207154512053 42.494857299721)
2013746081,,06/21/2013,06-June,6-Friday,11:12,1100 Hours,District 3 (Northwest),POCAHONTAS,POCAHONTAS,,NW 2ND ST,Collision with:  Vehicle in traffic,On Roadway,Broadside (front to side),FTYROW:  From driveway,None Indicated,None apparent,Daylight,Dry,Clear,None apparent,Non-intersection:  Driveway access (within),Paved,N/A,Property Damage Only,0,0,0,0,0,0,4500,2,3,N/A,POINT (-94.671669847836 42.733049939089)
2013745788,2013007040,06/22/2013,06-June,7-Saturday,14:15,1400 Hours,District 6 (East Central),IOWA CITY,JOHNSON,,LINDEMAN DR,Collision with:  Vehicle in traffic,On Roadway,Rear-end (front to rear),Followed too close,None Indicated,None apparent,Daylight,Unknown,Unknown,None apparent,Intersection:  Four-way intersection,Paved,N/A,Property Damage Only,0,0,0,0,0,0,2500,2,2,N/A,POINT (-91.477849636039 41.657174988171)
2013745393,13-4224,06/23/2013,06-June,1-Sunday,21:25,2100 Hours,District 1 (Central),,POLK,IA 415,IA 415/NW SAYLORVILLE DR,Collision with:  Animal,On Roadway,Non-collision (single vehicle),Animal,None Indicated,Animal in roadway,Dark - roadway not lighted,Dry,Cloudy,None apparent,Non-intersection:  Non-junction/no special feature,Paved,N/A,Property Damage Only,0,0,0,0,0,0,4000,1,2,No Travel Direction Consistent with Route,POINT (-93.760170450161 41.746471019334)
2013745904,,06/24/2013,06-June,2-Monday,19:10,1900 Hours,District 1 (Central),MADRID,BOONE,,RICE AVE & 120TH CT & ZOOK SPUR RD,Non-collision events:  Overturn/rollover,On Roadway,Non-collision (single vehicle),Ran off road - left,None Indicated,None apparent,Daylight,"Mud, dirt",Cloudy,"Surface condition (e.g., wet, icy)",Non-intersection:  Non-junction/no special feature,Unpaved,N/A,Minor Injury,0,1,0,1,0,0,5000,1,4,N/A,POINT (-93.823473760254 41.86345731576)
2013745762,13-004825,06/24/2013,06-June,2-Monday,09:04,0900 Hours,District 6 (East Central),INDEPENDENCE,BUCHANAN,IA 150,IA 150/3RD AVE SE/1ST ST E & 3RD AVE NE,Collision with:  Vehicle in traffic,On Roadway,Broadside (front to side),Ran Traffic Signal,None Indicated,None apparent,Daylight,Dry,Cloudy,None apparent,Intersection:  Five points or more,Paved,N/A,Possible/Unknown,0,2,0,0,2,0,13500,2,2,Northbound (NB),POINT (-91.891768394732 42.468713313058)
2013746328,01-13-29041,06/25/2013,06-June,3-Tuesday,22:17,2200 Hours,District 6 (East Central),DUBUQUE,DUBUQUE,,E 16TH ST,Collision with:  Vehicle in traffic,On Roadway,Rear-end (front to rear),Followed too close,None Indicated,None apparent,Dark - roadway lighted,Dry,Cloudy,None apparent,Intersection:  Four-way intersection,Paved,N/A,Property Damage Only,0,0,0,0,0,0,2300,2,2,N/A,POINT (-90.653960827921 42.512281859751)
2013746143,13-002571,06/26/2013,06-June,4-Wednesday,07:45,0700 Hours,District 1 (Central),ANKENY,POLK,US 69,US 69/S ANKENY BLVD,Collision with:  Vehicle in traffic,On Roadway,Rear-end (front to rear),Driving too fast for conditions,None Indicated,None apparent,Daylight,Dry,Cloudy,None apparent,Non-intersection:  Non-junction/no special feature,Paved,N/A,Property Damage Only,0,0,0,0,0,0,4000,2,5,Southbound (SB),POINT (-93.600451555466 41.724493835524)
2013745996,S13-4106,06/26/2013,06-June,4-Wednesday,23:00,2300 Hours,District 3 (Northwest),,OBRIEN,,Co Rd L48/REDWING AVE,Collision with:  Vehicle in traffic,On Roadway,"Sideswipe, opposite direction",Crossed centerline (undivided),None Indicated,None apparent,Dark - roadway not lighted,Dry,Clear,None apparent,Non-intersection:  Non-junction/no special feature,Paved,N/A,Minor Injury,0,2,0,1,0,1,125,2,2,N/A,POINT (-95.683101944117 42.934011206507)
2013746527,13-21147,06/27/2013,06-June,5-Thursday,10:59,1000 Hours,District 3 (Northwest),SIOUX CITY,WOODBURY,,W 14TH ST & HAMILTON BLVD,Collision with:  Vehicle in traffic,On Roadway,Broadside (front to side),Ran Traffic Signal,None Indicated,None apparent,Daylight,Wet,Rain,None apparent,Intersection:  Four-way intersection,Paved,N/A,Property Damage Only,0,0,0,0,0,0,3500,2,3,N/A,POINT (-96.416872776928 42.505127739565)
2013749515,,06/28/2013,06-June,6-Friday,13:14,1300 Hours,District 2 (Northeast),DECORAH,WINNESHIEK,,5TH AVE & OHIO ST,Collision with:  Vehicle in traffic,On Roadway,Broadside (front to side),FTYROW:  From stop sign,None Indicated,None apparent,Daylight,Dry,Clear,None apparent,Intersection:  Four-way intersection,Paved,N/A,Property Damage Only,0,0,0,0,0,0,2700,2,2,N/A,POINT (-91.802834120604 43.305889371607)
2013746382,13018867,06/29/2013,06-June,7-Saturday,12:37,1200 Hours,District 5 (Southeast),,LEE,US 61,US 61 & Co Rd W62/355 ST,Non-collision events:  Overturn/rollover,On Roadway,Non-collision (single vehicle),Ran off road - left,None Indicated,None apparent,Daylight,Dry,Clear,None apparent,Non-intersection:  Non-junction/no special feature,Paved,N/A,Major Injury,0,1,1,0,0,0,6000,1,1,No Travel Direction Consistent with Route,POINT (-91.438241320787 40.444226060526)
2013747507,20132288,06/29/2013,06-June,7-Saturday,06:30,0600 Hours,District 1 (Central),,GRUNDY,US 20,US 20,Collision with:  Animal,On Roadway,Non-collision (single vehicle),Animal,None Indicated,Animal in roadway,N/A,N/A,N/A,N/A,N/A,Paved,N/A,Property Damage Only,0,0,0,0,0,0,3500,1,1,Westbound (WB),POINT (-92.669519986327 42.463652323896)
2013746626,13-3345,06/30/2013,06-June,1-Sunday,12:50,1200 Hours,District 1 (Central),ACKLEY,HARDIN,IA 57,IA 57/SHERMAN AVE & FRANKLIN ST,Collision with:  Vehicle in traffic,On Roadway,Unknown,FTYROW:  From driveway,None Indicated,None apparent,Daylight,Dry,Clear,None apparent,Non-intersection:  Driveway access (within),Paved,N/A,Property Damage Only,0,0,0,0,0,0,3200,2,3,Eastbound (EB),POINT (-93.056290629865 42.556731223134)
2013747122,2013036410,07/01/2013,07-July,2-Monday,09:35,0900 Hours,District 6 (East Central),,SCOTT,I-80,I-80,Collision with fixed object:  Ditch,On Roadway,Non-collision (single vehicle),Ran off road - right,None Indicated,None apparent,Daylight,Dry,Clear,None apparent,Non-intersection:  Non-junction/no special feature,Paved,N/A,Minor Injury,0,2,0,1,1,0,4000,1,3,Eastbound (EB),POINT (-90.771074379753 41.614106957436)
2013746816,13066858,07/02/2013,07-July,3-Tuesday,15:16,1500 Hours,District 2 (Northeast),CEDAR FALLS,BLACK HAWK,,CHANCELLOR DR,Collision with fixed object:  Tree,On Roadway,Non-collision (single vehicle),Downhill runaway,None Indicated,None apparent,Daylight,Dry,Clear,None apparent,Non-intersection:  Non-junction/no special feature,Paved,N/A,Property Damage Only,0,0,0,0,0,0,3500,1,0,N/A,POINT (-92.454665630077 42.481896928482)
2013746892,2013007362,07/02/2013,07-July,3-Tuesday,22:02,2200 Hours,District 6 (East Central),IOWA CITY,JOHNSON,IA 1,IA 1/IOWA 1,Collision with:  Vehicle in traffic,On Roadway,Rear-end (front to rear),Lost Control,None Indicated,None apparent,Dark - roadway lighted,Dry,Clear,None apparent,Intersection:  Four-way intersection,Paved,N/A,Possible/Unknown,0,1,0,0,0,1,4000,2,3,No Travel Direction Consistent with Route,POINT (-91.558471420652 41.642155322297)
2013747596,13-1528,07/03/2013,07-July,4-Wednesday,16:18,1600 Hours,District 1 (Central),URBANDALE,POLK,,FRONTAGE RD & 100TH ST,Collision with:  Vehicle in traffic,On Roadway,Broadside (front to side),FTYROW:  Other (explain in narrative),None Indicated,None apparent,Daylight,Dry,Clear,None apparent,Non-intersection:  Non-junction/no special feature,Paved,N/A,Property Damage Only,0,0,0,0,0,0,2100,2,2,N/A,POINT (-93.755864266073 41.616040924292)
2013746957,20130020350,07/04/2013,07-July,5-Thursday,10:35,1000 Hours,District 1 (Central),DES MOINES,POLK,I-235,I-235 & 19TH ST,Collision with:  Vehicle in traffic,On Roadway,Rear-end (front to rear),Followed too close,None Indicated,None apparent,Daylight,Dry,Clear,None apparent,Interchange-related:  Off-ramp,Paved,N/A,Property Damage Only,0,0,0,0,0,0,4000,2,2,Ramp,POINT (-93.642531341554 41.596373931699)
2013748088,13A-122,07/05/2013,07-July,6-Friday,16:25,1600 Hours,District 5 (Southeast),,MARION,IA 5,IA 5/IOWA 5 & IA 92/IOWA 92 & Co Rd S45/HWY 181,Collision with:  Vehicle in traffic,On Roadway,Rear-end (front to rear),Driver Distraction:  Inattentive/lost in thought,None Indicated,None apparent,Daylight,Dry,Clear,None apparent,Non-intersection:  Non-junction/no special feature,Paved,N/A,Possible/Unknown,0,1,0,0,1,0,6500,2,6,No Travel Direction Consistent with Route,POINT (-93.261914655671 41.354470944545)
2013752391,,07/06/2013,07-July,7-Saturday,09:05,0900 Hours,District 2 (Northeast),CLEAR LAKE,CERRO GORDO,,2ND AVE S,Collision with:  Parked motor vehicle,On Roadway,"Sideswipe, same direction",Other (explain in narrative):  Other,None Indicated,None apparent,Daylight,Dry,Clear,None apparent,Non-intersection:  Non-junction/no special feature,Paved,N/A,Property Damage Only,0,0,0,0,0,0,4000,2,1,N/A,POINT (-93.376114287576 43.135539029206)
2013747422,13007801,07/06/2013,07-July,7-Saturday,22:08,2200 Hours,District 1 (Central),,TAMA,US 63,US 63,Collision with:  Animal,On Roadway,Non-collision (single vehicle),Animal,None Indicated,Animal in roadway,N/A,N/A,N/A,N/A,N/A,Paved,N/A,Property Damage Only,0,0,0,0,0,0,3000,1,1,Southbound (SB),POINT (-92.581502176596 42.058984895161)
2013751674,13-0872,07/07/2013,07-July,1-Sunday,12:30,1200 Hours,District 1 (Central),PLEASANT HILL,POLK,,NE 56TH CT,Collision with:  Parked motor vehicle,On Roadway,Unknown,Unknown,None Indicated,None apparent,Daylight,Dry,Clear,None apparent,Non-intersection:  Non-junction/no special feature,Paved,N/A,Property Damage Only,0,0,0,0,0,0,2500,2,1,N/A,POINT (-93.500601954976 41.592783074788)
2013748160,,07/08/2013,07-July,2-Monday,05:15,0500 Hours,District 4 (Southwest),,MILLS,,221ST ST,Collision with:  Animal,On Roadway,Non-collision (single vehicle),Animal,None Indicated,N/A,Dark - roadway not lighted,Dry,Clear,N/A,Non-intersection:  Non-junction/no special feature,Paved,N/A,Property Damage Only,0,0,0,0,0,0,6335,1,1,N/A,POINT (-95.76066874732 41.027079454577)
2013748048,01-13-31648,07/09/2013,07-July,3-Tuesday,14:23,1400 Hours,District 6 (East Central),DUBUQUE,DUBUQUE,,JACKSON ST,Collision with:  Vehicle in traffic,On Roadway,Broadside (front to side),Ran Traffic Signal,None Indicated,None apparent,Daylight,Dry,Cloudy,None apparent,Intersection:  Four-way intersection,Paved,N/A,Possible/Unknown,0,2,0,0,2,0,4500,2,3,N/A,POINT (-90.668313155654 42.511584353522)
2013751832,13-1087,07/10/2013,07-July,4-Wednesday,12:16,1200 Hours,District 1 (Central),SCRANTON,GREENE,,STATE ST,Collision with:  Vehicle in traffic,On Roadway,Broadside (front to side),Other (explain in narrative):  Vision obstructed,None Indicated,None apparent,Daylight,Dry,Clear,None apparent,Non-intersection:  Driveway access (within),Paved,N/A,Property Damage Only,0,0,0,0,0,0,6000,2,2,N/A,POINT (-94.551772747653 42.022750951042)
2013748252,2013007712,07/11/2013,07-July,5-Thursday,21:24,2100 Hours,District 6 (East Central),IOWA CITY,JOHNSON,,W BENTON ST & SUNSET ST,Collision with:  Vehicle in traffic,On Roadway,Rear-end (front to rear),Followed too close,None Indicated,None apparent,Dark - roadway lighted,Dry,Clear,None apparent,Intersection:  Four-way intersection,Paved,N/A,Property Damage Only,0,0,0,0,0,0,2500,2,2,N/A,POINT (-91.5594872601 41.650454394875)
2013748390,2013-48041,07/11/2013,07-July,5-Thursday,23:58,2300 Hours,District 6 (East Central),DAVENPORT,SCOTT,,TELEGRAPH RD,Collision with fixed object:  Utility pole/light support,Outside trafficway,Non-collision (single vehicle),Ran off road - right,None Indicated,None apparent,Dark - roadway lighted,Dry,Clear,None apparent,Non-intersection:  Non-junction/no special feature,Paved,N/A,Property Damage Only,0,0,0,0,0,0,11000,1,1,N/A,POINT (-90.631970973942 41.518477189027)
2013748039,13-25607,07/12/2013,07-July,6-Friday,15:26,1500 Hours,District 5 (Southeast),BURLINGTON,DES MOINES,,ASHMUN ST,Collision with:  Non-motorist (see non-motorist section - NOT a unit),On Roadway,Non-collision (single vehicle),Other (explain in narrative):  No improper action,None Indicated,None apparent,Daylight,Dry,Clear,None apparent,Intersection:  Four-way intersection,Paved,N/A,Possible/Unknown,0,1,0,0,1,0,100,1,4,N/A,POINT (-91.109788676134 40.824433443115)
2013748706,20130021412,07/13/2013,07-July,7-Saturday,12:00,1200 Hours,District 1 (Central),DES MOINES,POLK,US 69,US 69/SE 14TH ST,Collision with:  Vehicle in traffic,On Roadway,Rear-end (front to rear),Other (explain in narrative):  Other,None Indicated,None apparent,Daylight,Dry,Cloudy,None apparent,Non-intersection:  Non-junction/no special feature,Paved,N/A,Property Damage Only,0,0,0,0,0,0,5000,2,2,Northbound (NB),POINT (-93.596943350033 41.562139845918)
2013748973,2013039245,07/14/2013,07-July,1-Sunday,14:55,1400 Hours,District 6 (East Central),,JOHNSON,,Co Rd F16/HWY 382 NE & OPIE AVE,Collision with:  Vehicle in traffic,On Roadway,Broadside (front to side),FTYROW:  From stop sign,None Indicated,None apparent,Daylight,Dry,Cloudy,None apparent,Intersection:  Four-way intersection,Paved,N/A,Possible/Unknown,0,1,0,0,1,0,6000,2,4,N/A,POINT (-91.550355513738 41.818027287495)
2013751336,13000826,07/15/2013,07-July,2-Monday,18:14,1800 Hours,District 1 (Central),,STORY,,710TH AVE,Non-collision events:  Overturn/rollover,On Roadway,Non-collision (single vehicle),Swerving/Evasive Action,None Indicated,None apparent,Daylight,"Mud, dirt",Clear,Debris,Non-intersection:  Non-junction/no special feature,Unpaved,N/A,Minor Injury,0,1,0,1,0,0,6000,1,1,N/A,POINT (-93.289944581116 42.136882599738)
2013748724,13-3256,07/16/2013,07-July,3-Tuesday,17:23,1700 Hours,District 1 (Central),WEST DES MOINES,POLK,I-235,I-235 & 28TH ST,Collision with:  Vehicle in traffic,On Roadway,Rear-end (front to rear),Followed too close,None Indicated,None apparent,Daylight,Dry,Clear,None apparent,Non-intersection:  Non-junction/no special feature,Paved,N/A,Possible/Unknown,0,1,0,0,1,0,7000,2,4,Eastbound (EB),POINT (-93.742174112474 41.592387147454)
2013749115,13014883,07/17/2013,07-July,4-Wednesday,13:39,1300 Hours,District 6 (East Central),MARION,LINN,,GRAND AVE & S 22ND ST,Collision with:  Vehicle in traffic,On Roadway,Rear-end (front to rear),Followed too close,None Indicated,None apparent,Daylight,Dry,Cloudy,None apparent,Intersection:  Four-way intersection,Paved,N/A,Property Damage Only,0,0,0,0,0,0,9700,2,2,N/A,POINT (-91.588838416076 42.020378186467)
2013748963,S13-5440,07/18/2013,07-July,5-Thursday,08:30,0800 Hours,District 3 (Northwest),,WOODBURY,I-29,I-29,Collision with:  Vehicle in traffic,On Roadway,Rear-end (front to rear),Unknown,None Indicated,None apparent,Daylight,Dry,Clear,None apparent,Non-intersection:  Non-junction/no special feature,Paved,N/A,Property Damage Only,0,0,0,0,0,0,4500,2,2,Northbound (NB),POINT (-96.364997729339 42.391748191001)
2013749470,2013-49840,07/18/2013,07-July,5-Thursday,19:21,1900 Hours,District 6 (East Central),DAVENPORT,SCOTT,,W CENTRAL PARK AVE & FAIRMOUNT ST,Collision with:  Vehicle in traffic,On Roadway,Broadside (front to side),Ran Stop Sign,None Indicated,None apparent,Daylight,Dry,Clear,None apparent,Intersection:  Four-way intersection,Paved,N/A,Property Damage Only,0,0,0,0,0,0,3500,2,5,N/A,POINT (-90.629717391073 41.545405086848)
2013752145,,07/19/2013,07-July,6-Friday,15:55,1500 Hours,District 2 (Northeast),CLEAR LAKE,CERRO GORDO,,,Collision with:  Vehicle in traffic,On Roadway,Rear-end (front to rear),Made improper turn,None Indicated,None apparent,Daylight,Dry,Cloudy,Other (explain in narrative),Non-intersection:  Driveway access (within),N/A,N/A,Property Damage Only,0,0,0,0,0,0,4000,3,4,N/A,POINT (-96.643700164837 40.233091249133)
2013750709,2013007998,07/20/2013,07-July,7-Saturday,00:30,0000 Hours,District 6 (East Central),IOWA CITY,JOHNSON,,HOLLYWOOD BLVD,Collision with:  Parked motor vehicle,On Roadway,"Sideswipe, same direction",Unknown,None Indicated,None apparent,Dark - unknown roadway lighting,Dry,Cloudy,None apparent,Non-intersection:  Non-junction/no special feature,Paved,N/A,Property Damage Only,0,0,0,0,0,0,4000,2,1,N/A,POINT (-91.504937270972 41.638778312113)
2013749377,01-13-33761,07/21/2013,07-July,1-Sunday,04:30,0400 Hours,District 6 (East Central),DUBUQUE,DUBUQUE,,STAFFORD ST,Collision with:  Parked motor vehicle,On Roadway,"Sideswipe, same direction",Lost Control,Alcohol (Statutory),None apparent,Dark - unknown roadway lighting,Dry,Clear,None apparent,Non-intersection:  Non-junction/no special feature,Paved,N/A,Property Damage Only,0,0,0,0,0,0,7700,2,1,N/A,POINT (-90.666146358351 42.518456215577)
2013751347,13-003664,07/22/2013,07-July,2-Monday,12:35,1200 Hours,District 1 (Central),AMES,STORY,,E 2ND ST & DUFF AVE,Collision with:  Non-motorist (see non-motorist section - NOT a unit),On Roadway,Non-collision (single vehicle),Other (explain in narrative):  No improper action,None Indicated,None apparent,Daylight,Dry,Clear,None apparent,Intersection:  T-intersection,Paved,N/A,Minor Injury,0,1,0,1,0,0,999,1,1,N/A,POINT (-93.610360928162 42.023674851812)
2013749873,20130022585,07/22/2013,07-July,2-Monday,17:48,1700 Hours,District 1 (Central),DES MOINES,POLK,,PENNSYLVANIA AVE,Collision with:  Vehicle in traffic,On Roadway,Rear-end (front to rear),Followed too close,None Indicated,None apparent,Daylight,Dry,Clear,None apparent,Non-intersection:  Non-junction/no special feature,Paved,N/A,Possible/Unknown,0,1,0,0,1,0,1500,2,3,N/A,POINT (-93.608804901573 41.600529668007)
2013751698,13-0418,07/23/2013,07-July,3-Tuesday,22:40,2200 Hours,District 1 (Central),BADGER,WEBSTER,US 169,US 169,Collision with:  Other non-fixed object (explain in narrative),On Roadway,Non-collision (single vehicle),Equipment failure,None Indicated,None apparent,Dark - roadway not lighted,Dry,Clear,None apparent,Non-intersection:  Non-junction/no special feature,Paved,N/A,Property Damage Only,0,0,0,0,0,0,4000,2,3,Both North and South,POINT (-94.227331469938 42.617938796669)
2013751481,01-13-34332,07/24/2013,07-July,4-Wednesday,12:35,1200 Hours,District 6 (East Central),DUBUQUE,DUBUQUE,,E 20TH ST & WASHINGTON ST,Collision with:  Non-motorist (see non-motorist section - NOT a unit),On Roadway,Non-collision (single vehicle),Other (explain in narrative):  No improper action,None Indicated,None apparent,Daylight,Dry,Cloudy,None apparent,Intersection:  Four-way intersection,Paved,N/A,Possible/Unknown,0,2,0,0,2,0,500,1,1,N/A,POINT (-90.66741022002 42.511971203323)
2013750089,13-3411,07/25/2013,07-July,5-Thursday,07:36,0700 Hours,District 4 (Southwest),WEST DES MOINES,DALLAS,,JORDAN CREEK PKWY,Collision with:  Vehicle in traffic,On Roadway,Rear-end (front to rear),Other (explain in narrative):  Other,None Indicated,None apparent,Daylight,Dry,Clear,None apparent,Non-intersection:  Non-junction/no special feature,Paved,N/A,Property Damage Only,0,0,0,0,0,0,2500,2,2,N/A,POINT (-93.808956445285 41.595242275608)
2013750836,20132674,07/26/2013,07-July,6-Friday,13:35,1300 Hours,District 1 (Central),,GRUNDY,IA 14,IA 14/N AVE,Collision with:  Vehicle in traffic,On Roadway,"Sideswipe, opposite direction",Crossed centerline (undivided),None Indicated,None apparent,Daylight,Dry,Clear,None apparent,Non-intersection:  Non-junction/no special feature,Paved,N/A,Minor Injury,0,4,0,3,1,0,9700,2,4,Both North and South,POINT (-92.770142644881 42.504965171048)
2013750524,20130023090,07/27/2013,07-July,7-Saturday,07:15,0700 Hours,District 1 (Central),DES MOINES,POLK,,E GRAND AVE,Collision with:  Parked motor vehicle,Outside trafficway,Broadside (front to side),Ran off road - left,Under Influence of Alcohol/Drugs/Medications,None apparent,Daylight,Dry,Clear,None apparent,Non-intersection:  Non-junction/no special feature,Paved,N/A,Possible/Unknown,0,1,0,0,1,0,22200,2,1,N/A,POINT (-93.578915306285 41.595396811361)
2013750875,1307280344,07/28/2013,07-July,1-Sunday,03:44,0300 Hours,District 6 (East Central),OLIN,JONES,,42 ST & MAPLE ST,Collision with fixed object:  Bridge overhead structure,On Roadway,Non-collision (single vehicle),Exceeded authorized speed,None Indicated,Unknown,Dark - roadway not lighted,Dry,Clear,None apparent,Non-intersection:  Other non-intersection (explain in narrative),Paved,N/A,Minor Injury,0,1,0,1,0,0,18000,1,2,N/A,POINT (-91.131930589827 41.993802285207)
2013750184,01-13-35131,07/29/2013,07-July,2-Monday,01:40,0100 Hours,District 6 (East Central),DUBUQUE,DUBUQUE,,GRANDVIEW AVE N,Collision with fixed object:  Other fixed object (explain in narrative),Roadside,Non-collision (single vehicle),Ran off road - right,None Indicated,None apparent,Dark - roadway lighted,Dry,Clear,None apparent,Non-intersection:  Non-junction/no special feature,Paved,N/A,Minor Injury,0,2,0,1,1,0,10000,1,2,N/A,POINT (-90.690908386077 42.503865345679)
2013751376,CP13-0737,07/29/2013,07-July,2-Monday,16:09,1600 Hours,District 2 (Northeast),CLARION,WRIGHT,,2ND AVE NW & 2ND AVE NE & N MAIN ST,Non-collision events:  Other non-collision (explain in narrative),On Roadway,Unknown,FTYROW:  From stop sign,None Indicated,None apparent,Daylight,Dry,Clear,None apparent,Intersection:  Four-way intersection,Paved,N/A,Minor Injury,0,1,0,1,0,0,1000,2,2,N/A,POINT (-93.73282520358 42.733504913237)
2013751197,SO1302582,07/30/2013,07-July,3-Tuesday,16:38,1600 Hours,District 5 (Southeast),,JEFFERSON,,Co Rd H46/GLASGOW RD,Collision with fixed object:  Ditch,Shoulder,Non-collision (single vehicle),Ran off road - right,None Indicated,None apparent,Daylight,Dry,Rain,None apparent,Non-intersection:  Non-junction/no special feature,Paved,N/A,Major Injury,0,1,1,0,0,0,3000,1,1,N/A,POINT (-91.901529599731 40.974101044219)
2013751049,201311321,07/31/2013,07-July,4-Wednesday,09:00,0900 Hours,District 6 (East Central),CEDAR RAPIDS,LINN,,BLAIRS FERRY RD NE & COUNCIL ST NE,Collision with:  Vehicle in traffic,On Roadway,Rear-end (front to rear),Followed too close,None Indicated,None apparent,Daylight,Dry,Cloudy,None apparent,Intersection:  Four-way intersection,Paved,N/A,Property Damage Only,0,0,0,0,0,0,1600,2,2,N/A,POINT (-91.658349772779 42.035252774926)
2013751207,13A-143,08/01/2013,08-August,5-Thursday,21:00,2100 Hours,District 5 (Southeast),,MARION,,Co Rd T15/HWY T15/OLD HWY 92,Collision with:  Animal,On Roadway,Non-collision (single vehicle),Animal,None Indicated,Animal in roadway,N/A,N/A,N/A,N/A,N/A,Paved,N/A,Property Damage Only,0,0,0,0,0,0,2000,1,1,N/A,POINT (-93.029859005929 41.320094426616)
2013751069,13-5173,08/02/2013,08-August,6-Friday,06:40,0600 Hours,District 1 (Central),ANKENY,POLK,US 69,US 69/N 14TH ST,Collision with:  Vehicle in traffic,On Roadway,Rear-end (front to rear),Followed too close,None Indicated,None apparent,Dawn,Dry,Clear,None apparent,Non-intersection:  Non-junction/no special feature,Paved,N/A,Possible/Unknown,0,2,0,0,2,0,6500,2,2,Southbound (SB),POINT (-93.600662483735 41.686455862095)
2013753221,13006967,08/02/2013,08-August,6-Friday,20:56,2000 Hours,District 6 (East Central),,DELAWARE,,120TH ST,Collision with:  Animal,N/A,N/A,Animal,None Indicated,N/A,N/A,N/A,N/A,N/A,N/A,Paved,N/A,Property Damage Only,0,0,0,0,0,0,1500,1,1,N/A,POINT (-91.536758470361 42.618356168771)
2013752475,1300000766,08/03/2013,08-August,7-Saturday,02:00,0200 Hours,District 1 (Central),,MARSHALL,,QUARRY RD,Collision with fixed object:  Ditch,N/A,N/A,Ran off road - left,None Indicated,N/A,N/A,N/A,N/A,N/A,N/A,Unpaved,N/A,Property Damage Only,0,0,0,0,0,0,2000,1,1,N/A,POINT (-92.79864711694 42.013673617547)
2013752466,201311632,08/04/2013,08-August,1-Sunday,22:00,2200 Hours,District 6 (East Central),CEDAR RAPIDS,LINN,,TOWNE PL NE,Collision with:  Parked motor vehicle,On Roadway,"Sideswipe, same direction",Unknown,None Indicated,None apparent,Dark - roadway not lighted,Dry,Clear,None apparent,Non-intersection:  Non-junction/no special feature,Paved,N/A,Property Damage Only,0,0,0,0,0,0,6000,2,1,N/A,POINT (-91.672385702348 42.034200150745)
2013751721,13-26268,08/05/2013,08-August,2-Monday,15:00,1500 Hours,District 3 (Northwest),SIOUX CITY,WOODBURY,,W 17TH ST & HAMILTON BLVD,Collision with:  Vehicle in traffic,On Roadway,Rear-end (front to rear),Followed too close,None Indicated,None apparent,Daylight,Dry,Clear,None apparent,Intersection:  Four-way intersection,Paved,N/A,Property Damage Only,0,0,0,0,0,0,4000,2,2,N/A,POINT (-96.416710500404 42.508401201905)
2013751578,2013-54595,08/06/2013,08-August,3-Tuesday,08:41,0800 Hours,District 6 (East Central),DAVENPORT,SCOTT,,E RUSHOLME ST,Collision with:  Vehicle in traffic,On Roadway,Broadside (front to side),Improper Backing,None Indicated,None apparent,Daylight,Dry,Cloudy,None apparent,Non-intersection:  Driveway access (within),Paved,N/A,Property Damage Only,0,0,0,0,0,0,4000,2,3,N/A,POINT (-90.556407783839 41.54286104754)