Iowa DOT Case Number,Law Enforcement Case Number,Date of Crash,Month of Crash,Day of Week,Time of Crash,Hour,DOT District,City Name,County Name,Route with System,Location Description,First Harmful Event,Location of First Harmful Event,Manner of Crash/Collision,Major Cause,Drug or Alcohol ,Environmental Conditions,Light Conditions,Surface Conditions,Weather Conditions,Roadway Contribution,Roadway Type,Roadway Surface,Work Zone,Crash Severity,Number of Fatalities,Number of Injuries,Number of Major Injuries,Number of Minor Injuries,Number of Possible Injuries,Number of Unknown Injuries,Amount of Property Damage,Number of Vehicles Involved,Total Number of Occupants,Travel Direction,Location
2013751790,132422,08/07/2013,08-August,4-Wednesday,10:57,1000 Hours,District 3 (Northwest),DENISON,CRAWFORD,,2ND AVE S & S MAIN ST,Collision with:  Vehicle in traffic,On Roadway,Broadside (front to side),FTYROW:  Other (explain in narrative),None Indicated,None apparent,Daylight,Dry,Clear,None apparent,Non-intersection:  Non-junction/no special feature,Paved,N/A,Property Damage Only,0,0,0,0,0,0,4300,2,3,N/A,POINT (-95.355289904397 42.014510304146)
2013751784,W13-080084,08/07/2013,08-August,4-Wednesday,15:00,1500 Hours,District 2 (Northeast),WATERLOO,BLACK HAWK,,W RIDGEWAY AVE & GREYHOUND DR,Non-collision events:  Other non-collision (explain in narrative),On Roadway,Non-collision (single vehicle),FTYROW:  From stop sign,None Indicated,None apparent,Daylight,Dry,Clear,None apparent,Intersection:  Four-way intersection,Paved,N/A,Minor Injury,0,1,0,1,0,0,500,2,3,N/A,POINT (-92.405083393371 42.469276214302)
2013752717,13-26625,08/08/2013,08-August,5-Thursday,15:45,1500 Hours,District 3 (Northwest),SIOUX CITY,WOODBURY,,CHEYENNE BLVD,Collision with fixed object:  Mailbox,On Roadway,Non-collision (single vehicle),Ran off road - right,None Indicated,None apparent,Daylight,Dry,Cloudy,None apparent,Non-intersection:  Non-junction/no special feature,Paved,N/A,Property Damage Only,0,0,0,0,0,0,6000,1,1,N/A,POINT (-96.392723704912 42.525943993902)
2013752568,,08/09/2013,08-August,6-Friday,12:00,1200 Hours,District 6 (East Central),DE WITT,CLINTON,,10TH ST,Collision with:  Parked motor vehicle,On Roadway,Rear-end (front to rear),"Operating vehicle in an reckless, erratic, careless, negligent manner",None Indicated,None apparent,Daylight,Dry,Cloudy,None apparent,Non-intersection:  Non-junction/no special feature,Paved,N/A,Property Damage Only,0,0,0,0,0,0,4000,2,1,N/A,POINT (-90.537711429138 41.825229370957)
2013753043,20130024822,08/10/2013,08-August,7-Saturday,16:56,1600 Hours,District 1 (Central),DES MOINES,POLK,US 6,US 6/MERLE HAY RD,Collision with:  Vehicle in traffic,On Roadway,Rear-end (front to rear),Followed too close,None Indicated,None apparent,Daylight,Dry,Cloudy,None apparent,Non-intersection:  Non-junction/no special feature,Paved,N/A,Property Damage Only,0,0,0,0,0,0,5800,3,3,No Travel Direction Consistent with Route,POINT (-93.697749964782 41.625217376133)
2013752776,13014491,08/11/2013,08-August,1-Sunday,15:22,1500 Hours,District 2 (Northeast),MASON CITY,CERRO GORDO,IA 122,IA 122/4TH ST SW,Collision with:  Vehicle in traffic,On Roadway,Rear-end (front to rear),Followed too close,None Indicated,None apparent,Daylight,Dry,Clear,None apparent,Non-intersection:  Non-junction/no special feature,Paved,N/A,Possible/Unknown,0,2,0,0,1,1,3300,3,7,Eastbound (EB),POINT (-93.263294278313 43.148307976563)
2013752749,,08/12/2013,08-August,2-Monday,12:46,1200 Hours,District 6 (East Central),CEDAR RAPIDS,LINN,,WILSON AVE SW & 26TH ST SW,Collision with:  Vehicle in traffic,On Roadway,Rear-end (front to rear),Unknown,None Indicated,N/A,Daylight,Dry,Clear,N/A,N/A,Paved,N/A,Possible/Unknown,0,1,0,0,1,0,7000,2,2,N/A,POINT (-91.706881979798 41.956409214356)
2013752871,13-27208,08/13/2013,08-August,3-Tuesday,15:43,1500 Hours,District 3 (Northwest),SIOUX CITY,WOODBURY,,6TH ST & PIERCE ST,Collision with:  Vehicle in traffic,On Roadway,Rear-end (front to rear),Driver Distraction:  Manual operation of an electronic communication device,None Indicated,None apparent,Daylight,Dry,Clear,None apparent,Non-intersection:  Non-junction/no special feature,Paved,N/A,Property Damage Only,0,0,0,0,0,0,2000,2,2,N/A,POINT (-96.404944017076 42.496343639541)
2013753234,13-1096,08/14/2013,08-August,4-Wednesday,10:45,1000 Hours,District 3 (Northwest),SPIRIT LAKE,DICKINSON,,PEORIA AVE,Collision with:  Vehicle in traffic,On Roadway,"Angle, oncoming left turn",FTYROW:  Making right turn on red signal,None Indicated,None apparent,Daylight,Dry,Clear,None apparent,Intersection:  Four-way intersection,Paved,N/A,Property Damage Only,0,0,0,0,0,0,3300,2,2,N/A,POINT (-95.111882482733 43.422548600324)
2013753075,13-033132,08/15/2013,08-August,5-Thursday,16:20,1600 Hours,District 4 (Southwest),COUNCIL BLUFFS,POTTAWATTAMIE,I-29,I-29,Non-collision events:  Overturn/rollover,On Roadway,Non-collision (single vehicle),Other (explain in narrative):  No improper action,None Indicated,None apparent,Daylight,Dry,Cloudy,None apparent,Non-intersection:  Non-junction/no special feature,Paved,N/A,Property Damage Only,0,0,0,0,0,0,5000,1,1,Ramp,POINT (-95.883206452625 41.232378863055)
2013753272,201312251,08/15/2013,08-August,5-Thursday,17:06,1700 Hours,District 6 (East Central),CEDAR RAPIDS,LINN,,BLAIRS FERRY RD NE,Collision with:  Vehicle in traffic,On Roadway,Rear-end (front to rear),Lost Control,None Indicated,None apparent,Daylight,Dry,Clear,Non-highway work,Non-intersection:  Non-junction/no special feature,Paved,N/A,Possible/Unknown,0,1,0,0,1,0,4500,2,4,N/A,POINT (-91.66767459775 42.034757985802)
2013753526,2013008990,08/16/2013,08-August,6-Friday,16:51,1600 Hours,District 6 (East Central),IOWA CITY,JOHNSON,US 218,US 218/NW RAMP CURV,Collision with fixed object:  Traffic sign support,On Roadway,Non-collision (single vehicle),Over correcting/over steering,None Indicated,None apparent,Daylight,Dry,Clear,None apparent,Interchange-related:  Off-ramp,Paved,N/A,Property Damage Only,0,0,0,0,0,0,2000,1,1,Ramp,POINT (-91.569889596377 41.635128479792)
2013755317,13005060,08/17/2013,08-August,7-Saturday,23:19,2300 Hours,District 2 (Northeast),,CERRO GORDO,,295TH ST,Non-collision events:  Other non-collision (explain in narrative),On Roadway,Non-collision (single vehicle),Other (explain in narrative):  No improper action,Alcohol (Statutory),None apparent,Dark - roadway not lighted,"Mud, dirt",Clear,None apparent,Non-intersection:  Railroad grade crossing,Unpaved,N/A,Minor Injury,0,1,0,1,0,0,0,1,3,N/A,POINT (-93.072302839967 43.190982769138)
2013754487,130739,08/18/2013,08-August,1-Sunday,00:30,0000 Hours,District 6 (East Central),,CEDAR,I-80,I-80,Collision with:  Animal,Median,Non-collision (single vehicle),Animal,None Indicated,Animal in roadway,Dark - roadway not lighted,Dry,Clear,None apparent,Non-intersection:  Crossover-related,Paved,N/A,Property Damage Only,0,0,0,0,0,0,10000,1,2,Eastbound (EB),POINT (-91.078042483915 41.644248324242)
2013754068,20130025963,08/19/2013,08-August,2-Monday,15:28,1500 Hours,District 1 (Central),DES MOINES,POLK,IA 163,IA 163/E UNIVERSITY AVE & WINEGARDNER RD,Collision with:  Vehicle in traffic,On Roadway,Rear-end (front to rear),Other (explain in narrative):  Other,None Indicated,None apparent,Daylight,Dry,Cloudy,Debris,Intersection:  T-intersection,Paved,N/A,Possible/Unknown,0,2,0,0,2,0,16000,3,3,Both East and West,POINT (-93.531070455221 41.600635807891)
2013755113,13-3906,08/20/2013,08-August,3-Tuesday,02:00,0200 Hours,District 3 (Northwest),BATTLE CREEK,IDA,,5TH ST,Collision with:  Vehicle in traffic,On Roadway,Rear-end (front to rear),Unknown,None Indicated,None apparent,Dark - unknown roadway lighting,Dry,Clear,None apparent,Non-intersection:  Driveway access (within),Paved,N/A,Property Damage Only,0,0,0,0,0,0,3050,2,2,N/A,POINT (-95.594896729132 42.318543939788)
2013753673,W13-085021,08/20/2013,08-August,3-Tuesday,15:14,1500 Hours,District 2 (Northeast),WATERLOO,BLACK HAWK,,KIMBALL AVE & W SHAULIS RD & E SHAULIS RD,Collision with:  Vehicle in traffic,On Roadway,"Angle, oncoming left turn",FTYROW:  Making left turn,None Indicated,None apparent,Daylight,Dry,Clear,None apparent,Intersection:  Four-way intersection,Paved,N/A,Property Damage Only,0,0,0,0,0,0,10000,2,3,N/A,POINT (-92.356719053854 42.442987928297)
2013754591,13-9032,08/21/2013,08-August,4-Wednesday,05:50,0500 Hours,District 3 (Northwest),,SIOUX,,JAY AVE,Collision with fixed object:  Ditch,Outside trafficway,Non-collision (single vehicle),Driving too fast for conditions,None Indicated,None apparent,Dark - roadway not lighted,"Mud, dirt",Cloudy,None apparent,Non-intersection:  Driveway access (within),Unpaved,N/A,Minor Injury,0,1,0,1,0,0,3000,1,1,N/A,POINT (-96.037466294725 43.077356649447)
2013754746,2013046801,08/22/2013,08-August,5-Thursday,12:00,1200 Hours,District 3 (Northwest),HINTON,PLYMOUTH,US 75,US 75,Collision with:  Vehicle in traffic,On Roadway,"Sideswipe, same direction",FTYROW:  Other (explain in narrative),None Indicated,None apparent,Daylight,Dry,Clear,None apparent,Non-intersection:  Non-junction/no special feature,Paved,N/A,Property Damage Only,0,0,0,0,0,0,3500,2,2,Northbound (NB),POINT (-96.287573044488 42.643270051376)
2013754869,20130026508,08/23/2013,08-August,6-Friday,22:25,2200 Hours,District 1 (Central),DES MOINES,POLK,,E HULL AVE,Collision with:  Vehicle in traffic,On Roadway,Rear-end (front to rear),Exceeded authorized speed,None Indicated,None apparent,Dark - roadway lighted,Dry,Clear,None apparent,Non-intersection:  Non-junction/no special feature,Paved,N/A,Possible/Unknown,0,1,0,0,0,1,4600,2,3,N/A,POINT (-93.595168941314 41.622281449466)
2013754323,13017981,08/23/2013,08-August,6-Friday,07:41,0700 Hours,District 6 (East Central),MARION,LINN,US 151,US 151/DUBUQUE RD,Collision with:  Vehicle in traffic,On Roadway,Rear-end (front to rear),Lost Control,None Indicated,None apparent,Daylight,Dry,Clear,None apparent,Non-intersection:  Non-junction/no special feature,Paved,N/A,Property Damage Only,0,0,0,0,0,0,3800,2,4,No Travel Direction Consistent with Route,POINT (-91.545648690151 42.035663087097)
2013754627,2013047219,08/24/2013,08-August,7-Saturday,08:40,0800 Hours,District 4 (Southwest),,CASS,I-80,I-80,Collision with:  Vehicle in traffic,On Roadway,"Sideswipe, same direction",Crossed centerline (undivided),None Indicated,None apparent,Daylight,Dry,Clear,None apparent,Non-intersection:  Non-junction/no special feature,Paved,N/A,Property Damage Only,0,0,0,0,0,0,10000,2,2,Eastbound (EB),POINT (-94.939632957058 41.497177851297)
2013754372,20130026689,08/25/2013,08-August,1-Sunday,15:23,1500 Hours,District 1 (Central),DES MOINES,POLK,US 69,US 69/E 14TH ST & DES MOINES ST,Collision with:  Vehicle in traffic,On Roadway,"Sideswipe, same direction",Made improper turn,None Indicated,None apparent,Daylight,Dry,Cloudy,None apparent,Non-intersection:  Non-junction/no special feature,Paved,N/A,Possible/Unknown,0,1,0,0,1,0,4000,2,3,Southbound (SB),POINT (-93.598368928486 41.594459534086)
2013759995,13-040826-01,08/26/2013,08-August,2-Monday,06:20,0600 Hours,District 6 (East Central),,IOWA,,Co Rd F67/PP AVE,Collision with:  Animal,N/A,N/A,Animal,None Indicated,N/A,N/A,N/A,N/A,N/A,N/A,Paved,N/A,Property Damage Only,0,0,0,0,0,0,2500,1,1,N/A,POINT (-91.989400373037 41.523102211804)
2013758190,,08/27/2013,08-August,3-Tuesday,16:42,1600 Hours,District 6 (East Central),,CEDAR,US 30,US 30,Collision with fixed object:  Ditch,Roadside,Non-collision (single vehicle),Crossed centerline (undivided),None Indicated,None apparent,Daylight,Dry,Clear,None apparent,Non-intersection:  Non-junction/no special feature,Paved,N/A,Possible/Unknown,0,1,0,0,1,0,1500,1,1,Westbound (WB),POINT (-90.978787008918 41.874658315004)
2013755282,W13-087973,08/28/2013,08-August,4-Wednesday,07:20,0700 Hours,District 2 (Northeast),WATERLOO,BLACK HAWK,,E RIDGEWAY AVE & W 9TH ST,Collision with:  Vehicle in traffic,On Roadway,Rear-end (front to rear),Followed too close,None Indicated,None apparent,Daylight,Dry,Clear,None apparent,Non-intersection:  Non-junction/no special feature,Paved,N/A,Property Damage Only,0,0,0,0,0,0,2750,3,4,N/A,POINT (-92.3426426241 42.469340368177)
2013754963,2013009597,08/29/2013,08-August,5-Thursday,07:46,0700 Hours,District 6 (East Central),IOWA CITY,JOHNSON,,MELROSE AVE,Collision with:  Vehicle in traffic,On Roadway,Rear-end (front to rear),Followed too close,None Indicated,None apparent,Daylight,Dry,Clear,None apparent,Non-intersection:  Non-junction/no special feature,Paved,N/A,Property Damage Only,0,0,0,0,0,0,3000,2,2,N/A,POINT (-91.590037510224 41.657066036937)
2013755010,13-4083,08/29/2013,08-August,5-Thursday,13:25,1300 Hours,District 1 (Central),WEST DES MOINES,POLK,,8TH ST,Collision with:  Vehicle in traffic,On Roadway,"Sideswipe, same direction",Made improper turn,None Indicated,None apparent,Daylight,Dry,Clear,None apparent,Non-intersection:  Non-junction/no special feature,Paved,N/A,Property Damage Only,0,0,0,0,0,0,5000,2,2,N/A,POINT (-93.71322542674 41.588327977371)
2013755199,20130027314,08/30/2013,08-August,6-Friday,14:45,1400 Hours,District 1 (Central),DES MOINES,POLK,,30TH ST,Collision with:  Vehicle in traffic,On Roadway,Rear-end (front to rear),Followed too close,None Indicated,None apparent,Daylight,Dry,Clear,None apparent,Non-intersection:  Non-junction/no special feature,Paved,N/A,Property Damage Only,0,0,0,0,0,0,3500,2,2,N/A,POINT (-93.65845044514 41.606633159626)
2013756759,,08/30/2013,08-August,6-Friday,13:17,1300 Hours,District 4 (Southwest),,FREMONT,US 275,US 275 & IA 2/IOWA 2 & FILMORE ST,Non-collision events:  Overturn/rollover,Shoulder,Non-collision (single vehicle),Swerving/Evasive Action,None Indicated,None apparent,Daylight,Dry,Clear,None apparent,Non-intersection:  Non-junction/no special feature,Paved,N/A,Possible/Unknown,0,1,0,0,1,0,3000,1,1,Southbound (SB),POINT (-95.625772024446 40.749205119434)
2013755164,20130027419,08/31/2013,08-August,7-Saturday,09:06,0900 Hours,District 1 (Central),DES MOINES,POLK,US 69,US 69/SE 14TH ST & E DIEHL AVE,Collision with:  Vehicle in traffic,On Roadway,Rear-end (front to rear),Followed too close,None Indicated,None apparent,Daylight,Dry,Clear,None apparent,Non-intersection:  Non-junction/no special feature,Paved,N/A,Possible/Unknown,0,4,0,0,4,0,6000,2,5,Southbound (SB),POINT (-93.596804260621 41.532677624222)
2013756407,,09/01/2013,09-September,1-Sunday,20:40,2000 Hours,District 2 (Northeast),HUMBOLDT,HUMBOLDT,US 169,US 169/13TH ST S/LINCOLN AVE & 240TH ST,Collision with:  Animal,On Roadway,Non-collision (single vehicle),Animal,None Indicated,Animal in roadway,N/A,N/A,N/A,N/A,N/A,Paved,N/A,Property Damage Only,0,0,0,0,0,0,2000,1,1,Southbound (SB),POINT (-94.227025475343 42.702260148832)
2013758044,C13002930,09/02/2013,09-September,2-Monday,11:50,1100 Hours,District 6 (East Central),CORALVILLE,JOHNSON,,25TH AVE,Collision with:  Vehicle in traffic,On Roadway,Rear-end (front to rear),Followed too close,None Indicated,None apparent,Daylight,Dry,Clear,None apparent,Non-intersection:  Driveway access (within),Paved,N/A,Property Damage Only,0,0,0,0,0,0,5500,3,3,N/A,POINT (-91.60336388 41.686735266893)
2013758195,,09/03/2013,09-September,3-Tuesday,20:18,2000 Hours,District 6 (East Central),,CEDAR,US 30,US 30 & DELTA AVE,Collision with:  Vehicle in traffic,On Roadway,Broadside (front to side),Ran Stop Sign,Alcohol (Statutory),None apparent,Dark - roadway not lighted,Dry,Clear,None apparent,Intersection:  Four-way intersection,Paved,N/A,Minor Injury,0,3,0,2,1,0,6500,2,4,Westbound (WB),POINT (-91.303811248539 41.915162469067)
2013758041,13-23393,09/04/2013,09-September,4-Wednesday,18:54,1800 Hours,District 1 (Central),BAXTER,JASPER,,S MAIN ST,Collision with:  Vehicle in traffic,On Roadway,Head-on (front to front),Crossed centerline (undivided),Refused,None apparent,Daylight,Dry,Clear,None apparent,Non-intersection:  Non-junction/no special feature,Paved,N/A,Major Injury,0,2,2,0,0,0,4300,3,3,N/A,POINT (-93.151492223176 41.822671134957)
2013756712,13-30270,09/05/2013,09-September,5-Thursday,11:30,1100 Hours,District 3 (Northwest),SIOUX CITY,WOODBURY,,GRANDVIEW BLVD,Collision with:  Parked motor vehicle,On Roadway,Rear-end (front to rear),Unknown,None Indicated,None apparent,Daylight,Dry,Clear,None apparent,Non-intersection:  Non-junction/no special feature,Paved,N/A,Property Damage Only,0,0,0,0,0,0,1800,2,1,N/A,POINT (-96.408077249114 42.514358385894)
2013842418,TC04613,09/06/2013,09-September,6-Friday,01:08,0100 Hours,District 4 (Southwest),MISSOURI VALLEY,HARRISON,,N 2ND ST,Collision with:  Parked motor vehicle,Shoulder,Non-collision (single vehicle),"Operating vehicle in an reckless, erratic, careless, negligent manner",Under Influence of Alcohol/Drugs/Medications,None apparent,Dark - roadway lighted,Dry,Cloudy,None apparent,Non-intersection:  Non-junction/no special feature,Paved,N/A,Property Damage Only,0,0,0,0,0,0,15000,3,1,N/A,POINT (-95.893270674887 41.559148868384)
2013756732,2013050048,09/06/2013,09-September,6-Friday,18:55,1800 Hours,District 1 (Central),,POLK,I-80,I-80,Collision with:  Vehicle in traffic,On Roadway,Rear-end (front to rear),Followed too close,None Indicated,None apparent,Daylight,Dry,Clear,None apparent,Non-intersection:  Non-junction/no special feature,Paved,N/A,Property Damage Only,0,0,0,0,0,0,7500,2,2,Ramp,POINT (-93.369814779332 41.680359925468)
2013756127,201313601,09/07/2013,09-September,7-Saturday,23:09,2300 Hours,District 6 (East Central),CEDAR RAPIDS,LINN,,JUHL DR NE,Collision with:  Parked motor vehicle,On Roadway,Rear-end (front to rear),Lost Control,Alcohol (Statutory),None apparent,Dark - roadway lighted,Dry,Cloudy,None apparent,Non-intersection:  Non-junction/no special feature,Paved,N/A,Possible/Unknown,0,1,0,0,1,0,11000,2,1,N/A,POINT (-91.667097946284 42.007425942222)
2013756748,,09/08/2013,09-September,1-Sunday,16:53,1600 Hours,District 2 (Northeast),,BUTLER,,JAY AVE & 120 ST,Collision with:  Vehicle in traffic,On Roadway,Broadside (front to side),FTYROW:  Other (explain in narrative),None Indicated,Visual obstruction,Daylight,"Mud, dirt",Cloudy,None apparent,Intersection:  Four-way intersection,Unpaved,N/A,Property Damage Only,0,0,0,0,0,0,7000,2,5,N/A,POINT (-92.849604253059 42.876667061333)
2013757183,20130028547,09/09/2013,09-September,2-Monday,14:45,1400 Hours,District 1 (Central),DES MOINES,POLK,IA 415,IA 415/2ND AVE & MADISON AVE & E MADISON AVE,Collision with:  Vehicle in traffic,On Roadway,"Angle, oncoming left turn",FTYROW:  Making left turn,None Indicated,None apparent,Daylight,Dry,Clear,None apparent,Intersection:  Four-way intersection,Paved,N/A,Property Damage Only,0,0,0,0,0,0,8000,2,2,Both North and South,POINT (-93.619940915569 41.633130291608)
2013756781,W13-093202,09/10/2013,09-September,3-Tuesday,20:05,2000 Hours,District 2 (Northeast),WATERLOO,BLACK HAWK,,CROSSROADS BLVD,Collision with:  Vehicle in traffic,On Roadway,Broadside (front to side),FTYROW:  From stop sign,None Indicated,None apparent,Dark - roadway lighted,Dry,Clear,None apparent,Intersection:  Four-way intersection,Paved,N/A,Property Damage Only,0,0,0,0,0,0,3500,2,4,N/A,POINT (-92.324113838527 42.459380168899)
2013757317,2013-64804,09/11/2013,09-September,4-Wednesday,13:52,1300 Hours,District 6 (East Central),DAVENPORT,SCOTT,,ELMORE AVE,Collision with:  Vehicle in traffic,On Roadway,Rear-end (front to rear),Lost Control,None Indicated,None apparent,Daylight,Wet,Rain,None apparent,Non-intersection:  Non-junction/no special feature,Paved,N/A,Possible/Unknown,0,1,0,0,1,0,4500,3,3,N/A,POINT (-90.527202519026 41.557078837161)
2013756968,20130028786,09/11/2013,09-September,4-Wednesday,14:22,1400 Hours,District 1 (Central),DES MOINES,POLK,US 69,US 69/SE 14TH ST,Collision with:  Vehicle in traffic,On Roadway,Rear-end (front to rear),Followed too close,None Indicated,None apparent,Daylight,Dry,Cloudy,None apparent,Non-intersection:  Non-junction/no special feature,Paved,N/A,Property Damage Only,0,0,0,0,0,0,2000,2,2,Southbound (SB),POINT (-93.596836043689 41.555691174643)
2013757375,201303443,09/12/2013,09-September,5-Thursday,17:03,1700 Hours,District 1 (Central),,BOONE,US 30,US 30/230TH ST & W AVE,Collision with:  Vehicle in traffic,On Roadway,Broadside (front to side),FTYROW:  From stop sign,None Indicated,None apparent,Daylight,Dry,Clear,None apparent,Intersection:  Four-way intersection,Paved,N/A,Possible/Unknown,0,1,0,0,1,0,14000,2,2,Westbound (WB),POINT (-93.737764342774 42.023061758857)
2013757635,,09/13/2013,09-September,6-Friday,15:44,1500 Hours,District 1 (Central),DES MOINES,POLK,,DEAN AVE & E 18TH ST,Collision with:  Vehicle in traffic,On Roadway,Broadside (front to side),FTYROW:  From stop sign,None Indicated,Glare,Daylight,Dry,Clear,None apparent,Intersection:  Four-way intersection,Paved,N/A,Possible/Unknown,0,1,0,0,1,0,0,2,2,N/A,POINT (-93.587229611587 41.591319396366)
2013757577,13-31125,09/13/2013,09-September,6-Friday,14:14,1400 Hours,District 3 (Northwest),SIOUX CITY,WOODBURY,IA 376,IA 376/S LEWIS BLVD,Collision with:  Vehicle in traffic,On Roadway,Rear-end (front to rear),Improper or erratic lane changing,None Indicated,None apparent,Daylight,Dry,Clear,None apparent,Non-intersection:  Non-junction/no special feature,Paved,N/A,Property Damage Only,0,0,0,0,0,0,5000,2,2,Northbound (NB),POINT (-96.380372619062 42.48587925049)
2013758201,,09/14/2013,09-September,7-Saturday,09:12,0900 Hours,District 2 (Northeast),CHARLES CITY,FLOYD,,S MAIN ST,Collision with:  Parked motor vehicle,On Roadway,"Sideswipe, same direction",Other (explain in narrative):  Other,None Indicated,None apparent,Daylight,Dry,Clear,None apparent,Non-intersection:  Non-junction/no special feature,Paved,N/A,Property Damage Only,0,0,0,0,0,0,5000,2,1,N/A,POINT (-92.682511793666 43.059417970518)
2013760432,13-13397,09/15/2013,09-September,1-Sunday,02:43,0200 Hours,District 6 (East Central),MAQUOKETA,JACKSON,IA 62,IA 62/ANSEL BRIGGS HWY,Collision with fixed object:  Ditch,Roadside,Non-collision (single vehicle),Crossed centerline (undivided),Under Influence of Alcohol/Drugs/Medications,None apparent,Dark - roadway not lighted,Wet,Rain,None apparent,Non-intersection:  Non-junction/no special feature,Paved,N/A,Major Injury,0,1,1,0,0,0,8800,1,1,Southbound (SB),POINT (-90.606421655717 42.117581139194)
2013757870,091612-123,09/16/2013,09-September,2-Monday,12:51,1200 Hours,District 3 (Northwest),STORM LAKE,BUENA VISTA,,E 10TH ST,Collision with fixed object:  Tree,Outside trafficway,Non-collision (single vehicle),Other (explain in narrative):  Other,None Indicated,None apparent,Daylight,Dry,Cloudy,None apparent,Non-intersection:  Non-junction/no special feature,Paved,N/A,Property Damage Only,0,0,0,0,0,0,3000,1,1,N/A,POINT (-95.199178968782 42.651110795193)
2013757688,13011292,09/17/2013,09-September,3-Tuesday,05:51,0500 Hours,District 5 (Southeast),,HENRY,US 34,US 34 & OAKBERRY AVE,Collision with:  Animal,On Roadway,Non-collision (single vehicle),Animal,None Indicated,None apparent,Dark - roadway not lighted,N/A,N/A,None apparent,Non-intersection:  Non-junction/no special feature,Paved,N/A,Property Damage Only,0,0,0,0,0,0,2500,1,1,Unknown - Not Indicated - Unlocated,POINT (-91.443081953197 40.93300539492)
2013757726,13-2232,09/17/2013,09-September,3-Tuesday,07:50,0700 Hours,District 1 (Central),URBANDALE,POLK,,80TH ST,Collision with:  Vehicle in traffic,On Roadway,"Angle, oncoming left turn",FTYROW:  From stop sign,None Indicated,None apparent,Daylight,Wet,Rain,None apparent,Intersection:  T-intersection,Paved,N/A,Possible/Unknown,0,1,0,0,1,0,3000,2,2,N/A,POINT (-93.728308320855 41.63651195954)
2013757920,13-6315,09/18/2013,09-September,4-Wednesday,16:06,1600 Hours,District 1 (Central),,POLK,US 69,US 69/NE 14TH ST & NE 58 AVE,Collision with:  Vehicle in traffic,On Roadway,Rear-end (front to rear),"Operating vehicle in an reckless, erratic, careless, negligent manner",None Indicated,None apparent,Daylight,Dry,Cloudy,None apparent,Intersection:  Four-way intersection,Paved,N/A,Property Damage Only,0,0,0,0,0,0,4200,2,2,Northbound (NB),POINT (-93.600579260596 41.665875030062)
2013758395,20130029661,09/19/2013,09-September,5-Thursday,07:55,0700 Hours,District 1 (Central),DES MOINES,POLK,IA 163,IA 163/E UNIVERSITY AVE & HUBBELL AVE,Collision with:  Vehicle in traffic,On Roadway,Rear-end (front to rear),Followed too close,None Indicated,None apparent,Dawn,Dry,Cloudy,None apparent,Non-intersection:  Non-junction/no special feature,Paved,N/A,Property Damage Only,0,0,0,0,0,0,2500,2,2,Westbound (WB),POINT (-93.578528970234 41.600505863967)
2013758312,201326175,09/19/2013,09-September,5-Thursday,18:50,1800 Hours,District 6 (East Central),CEDAR RAPIDS,LINN,,Co Rd E44/ELLIS RD,Collision with:  Other non-fixed object (explain in narrative),On Roadway,Non-collision (single vehicle),Other (explain in narrative):  No improper action,None Indicated,Glare,Dark - roadway not lighted,Wet,Rain,Obstruction in roadway,Non-intersection:  Non-junction/no special feature,Paved,N/A,Property Damage Only,0,0,0,0,0,0,1500,1,3,N/A,POINT (-91.736071378185 41.996623964906)
2013759475,20130029812,09/20/2013,09-September,6-Friday,11:00,1100 Hours,District 1 (Central),DES MOINES,POLK,,HICKMAN RD,Collision with:  Vehicle in traffic,On Roadway,Rear-end (front to rear),Driver Distraction:  Manual operation of an electronic communication device,None Indicated,None apparent,Daylight,Dry,Clear,None apparent,Non-intersection:  Non-junction/no special feature,Paved,N/A,Property Damage Only,0,0,0,0,0,0,3000,2,2,N/A,POINT (-93.679394601625 41.614869978387)
2013758326,13-003646,09/20/2013,09-September,6-Friday,05:35,0500 Hours,District 3 (Northwest),,LYON,,HARK BLVD,Collision with fixed object:  Ditch,Shoulder,Non-collision (single vehicle),Swerving/Evasive Action,Alcohol (< Statutory),Animal in roadway,Dark - roadway lighted,Dry,Clear,None apparent,Intersection:  Other intersection (explain in narrative),Paved,N/A,Property Damage Only,0,0,0,0,0,0,7500,1,1,N/A,POINT (-96.175781340638 43.44763501478)
2013758745,13-32117,09/21/2013,09-September,7-Saturday,20:21,2000 Hours,District 3 (Northwest),SIOUX CITY,WOODBURY,,VIRGINIA ST,Collision with:  Parked motor vehicle,On Roadway,"Sideswipe, same direction",Lost Control,None Indicated,None apparent,Dark - roadway lighted,Dry,Clear,None apparent,Intersection:  Four-way intersection,Paved,N/A,Property Damage Only,0,0,0,0,0,0,2500,2,1,N/A,POINT (-96.398359408512 42.510000996496)
2013759972,201303589,09/22/2013,09-September,1-Sunday,17:12,1700 Hours,District 1 (Central),,BOONE,,B AVE & 230TH ST,Non-collision events:  Overturn/rollover,On Roadway,Non-collision (single vehicle),Ran off road - right,Refused,None apparent,Daylight,"Mud, dirt",Clear,None apparent,Non-intersection:  Non-junction/no special feature,Unpaved,N/A,Minor Injury,0,3,0,3,0,0,10000,1,3,N/A,POINT (-94.144720184578 42.022678552243)