Iowa DOT Case Number,Law Enforcement Case Number,Date of Crash,Month of Crash,Day of Week,Time of Crash,Hour,DOT District,City Name,County Name,Route with System,Location Description,First Harmful Event,Location of First Harmful Event,Manner of Crash/Collision,Major Cause,Drug or Alcohol ,Environmental Conditions,Light Conditions,Surface Conditions,Weather Conditions,Roadway Contribution,Roadway Type,Roadway Surface,Work Zone,Crash Severity,Number of Fatalities,Number of Injuries,Number of Major Injuries,Number of Minor Injuries,Number of Possible Injuries,Number of Unknown Injuries,Amount of Property Damage,Number of Vehicles Involved,Total Number of Occupants,Travel Direction,Location
2013758793,13006803,09/23/2013,09-September,2-Monday,07:20,0700 Hours,District 1 (Central),RANDALL,HAMILTON,,Co Rd D65/380TH ST,Non-collision events:  Overturn/rollover,Roadside,Non-collision (single vehicle),Swerving/Evasive Action,None Indicated,Glare,Daylight,Dry,Clear,None apparent,Non-intersection:  Driveway access (within),Paved,N/A,Property Damage Only,0,0,0,0,0,0,30000,2,2,N/A,POINT (-93.657875141798 42.238323098005)
2013759040,2013010892,09/24/2013,09-September,3-Tuesday,12:42,1200 Hours,District 6 (East Central),IOWA CITY,JOHNSON,,IOWA AVE & S GILBERT ST & N GILBERT ST,Collision with:  Vehicle in traffic,On Roadway,Rear-end (front to rear),Followed too close,None Indicated,None apparent,Daylight,Dry,Cloudy,None apparent,Intersection:  Four-way intersection,Paved,N/A,Property Damage Only,0,0,0,0,0,0,2500,2,2,N/A,POINT (-91.530144711219 41.661242346665)
2013758775,W13-098442,09/24/2013,09-September,3-Tuesday,23:12,2300 Hours,District 2 (Northeast),WATERLOO,BLACK HAWK,US 218,US 218 & W 6TH ST,Collision with:  Vehicle in traffic,On Roadway,Broadside (front to side),Ran Traffic Signal,None Indicated,None apparent,Dark - roadway lighted,Dry,Clear,None apparent,Intersection:  Four-way intersection,Paved,N/A,Property Damage Only,0,0,0,0,0,0,2700,2,4,Northbound (NB),POINT (-92.340010746875 42.491749826697)
2013759470,20130030446,09/25/2013,09-September,4-Wednesday,13:45,1300 Hours,District 1 (Central),DES MOINES,POLK,I-235,I-235 & KEOSAUQUA WAY,Collision with:  Vehicle in traffic,On Roadway,"Angle, oncoming left turn",Driver Distraction:  Manual operation of an electronic communication device,None Indicated,None apparent,Daylight,Dry,Cloudy,None apparent,Intersection:  T-intersection,Paved,N/A,Property Damage Only,0,0,0,0,0,0,3000,2,2,Ramp,POINT (-93.636317205691 41.596516580377)
2013760176,13099199,09/26/2013,09-September,5-Thursday,22:23,2200 Hours,District 2 (Northeast),CEDAR FALLS,BLACK HAWK,,UNIVERSITY AVE & S MAIN ST,Collision with:  Vehicle in traffic,On Roadway,"Angle, oncoming left turn",Ran Traffic Signal,None Indicated,None apparent,Dark - roadway lighted,Dry,Clear,None apparent,Intersection:  Four-way intersection,Paved,N/A,Property Damage Only,0,0,0,0,0,0,3000,2,3,N/A,POINT (-92.445824788522 42.513086796562)
2013759576,13-2849,09/27/2013,09-September,6-Friday,11:40,1100 Hours,District 1 (Central),FORT DODGE,WEBSTER,,N 27TH ST,Collision with:  Vehicle in traffic,On Roadway,"Sideswipe, same direction",Swerving/Evasive Action,None Indicated,None apparent,Daylight,Dry,Cloudy,Other (explain in narrative),Non-intersection:  Non-junction/no special feature,Paved,N/A,Property Damage Only,0,0,0,0,0,0,2000,2,1,N/A,POINT (-94.161389591587 42.521347729079)
2013759976,0927132791,09/27/2013,09-September,6-Friday,17:30,1700 Hours,District 6 (East Central),,CLINTON,,250 ST,Non-collision events:  Overturn/rollover,Roadside,Non-collision (single vehicle),Swerving/Evasive Action,None Indicated,None apparent,Daylight,"Mud, dirt",Clear,None apparent,Non-intersection:  Non-junction/no special feature,Unpaved,N/A,Possible/Unknown,0,1,0,0,1,0,3000,1,1,N/A,POINT (-90.66847062974 41.814675458126)
2013759400,13012063,09/28/2013,09-September,7-Saturday,13:07,1300 Hours,District 5 (Southeast),SALEM,HENRY,,JACKSON ST & HOOVER ST,Collision with:  Vehicle in traffic,On Roadway,"Angle, oncoming left turn",FTYROW:  From stop sign,None Indicated,None apparent,Daylight,Wet,Rain,None apparent,Intersection:  Four-way intersection,Paved,N/A,Property Damage Only,0,0,0,0,0,0,4000,2,7,N/A,POINT (-91.615975991028 40.85267012022)
2013759323,092913-111,09/29/2013,09-September,1-Sunday,23:15,2300 Hours,District 3 (Northwest),,BUENA VISTA,,Co Rd C63/610TH ST,Collision with:  Animal,N/A,N/A,Animal,None Indicated,N/A,N/A,N/A,N/A,N/A,N/A,Paved,N/A,Property Damage Only,0,0,0,0,0,0,2000,1,1,N/A,POINT (-95.364629470161 42.63422490697)
2013759707,13-029179,09/30/2013,09-September,2-Monday,07:00,0700 Hours,District 5 (Southeast),,LEE,,BLUFF RD,Collision with:  Animal,N/A,N/A,Animal,None Indicated,N/A,N/A,N/A,N/A,N/A,N/A,Paved,N/A,Property Damage Only,0,0,0,0,0,0,3500,1,1,N/A,POINT (-91.395409550977 40.630032332559)
2013761356,158-2013,10/01/2013,10-October,3-Tuesday,13:15,1300 Hours,District 4 (Southwest),,HARRISON,,180TH TRL,Collision with:  Vehicle in traffic,On Roadway,Broadside (front to side),Other (explain in narrative):  Other,None Indicated,None apparent,Daylight,Dry,Cloudy,None apparent,Non-intersection:  Non-junction/no special feature,Unpaved,N/A,Minor Injury,0,1,0,1,0,0,8000,2,2,N/A,POINT (-96.00112360158 41.747034007442)
2013761039,1300000970,10/01/2013,10-October,3-Tuesday,07:45,0700 Hours,District 1 (Central),,MARSHALL,US 30,US 30/240TH ST,Collision with:  Animal,On Roadway,Non-collision (single vehicle),Animal,None Indicated,Animal in roadway,N/A,N/A,N/A,N/A,N/A,Paved,N/A,Property Damage Only,0,0,0,0,0,0,4000,1,1,Eastbound (EB),POINT (-92.875004851214 42.004946636129)
2013760986,201303753,10/02/2013,10-October,4-Wednesday,13:32,1300 Hours,District 1 (Central),BOONE,BOONE,US 30,US 30/220TH ST & S STORY ST,Collision with fixed object:  Traffic sign support,On Roadway,Non-collision (single vehicle),Ran Stop Sign,Under Influence of Alcohol/Drugs/Medications,None apparent,Daylight,Dry,Cloudy,None apparent,Intersection:  Four-way intersection,Paved,N/A,Property Damage Only,0,0,0,0,0,0,1800,1,1,Westbound (WB),POINT (-93.879658536683 42.034644091307)
2013760392,01-13-47017,10/03/2013,10-October,5-Thursday,13:16,1300 Hours,District 6 (East Central),DUBUQUE,DUBUQUE,,MAIN ST,Collision with:  Parked motor vehicle,Outside trafficway,"Sideswipe, opposite direction",Lost Control,None Indicated,None apparent,Daylight,Dry,Cloudy,None apparent,Non-intersection:  Non-junction/no special feature,Paved,N/A,Property Damage Only,0,0,0,0,0,0,3200,2,1,N/A,POINT (-90.667910153991 42.502129685153)
2013769188,13-013488,10/04/2013,10-October,6-Friday,12:42,1200 Hours,District 4 (Southwest),,MILLS,,Co Rd H40/NOYES AVE,Collision with:  Vehicle in traffic,On Roadway,Rear-end (front to rear),Swerving/Evasive Action,None Indicated,None apparent,Daylight,Dry,Cloudy,None apparent,Non-intersection:  Non-junction/no special feature,Paved,N/A,Possible/Unknown,0,1,0,0,1,0,13000,2,2,N/A,POINT (-95.594897446661 40.974054805465)
2013761472,13-008203,10/04/2013,10-October,6-Friday,13:09,1300 Hours,District 2 (Northeast),,CLAYTON,US 52,US 52 & IA 13/IOWA 13,Collision with:  Vehicle in traffic,On Roadway,Broadside (front to side),FTYROW:  Making left turn,None Indicated,None apparent,Daylight,Dry,Cloudy,None apparent,Intersection:  T-intersection,Paved,N/A,Minor Injury,0,1,0,1,0,0,12500,2,2,Southbound (SB),POINT (-91.305552137858 42.991113836076)
2013762185,13-2633,10/04/2013,10-October,6-Friday,17:10,1700 Hours,District 2 (Northeast),OSAGE,MITCHELL,US 218,US 218/MAIN ST & S 10TH ST & N 10TH ST,Collision with:  Vehicle in traffic,On Roadway,Rear-end (front to rear),Swerving/Evasive Action,None Indicated,None apparent,Daylight,Wet,Rain,None apparent,Intersection:  Four-way intersection,Paved,N/A,Property Damage Only,0,0,0,0,0,0,2300,2,6,No Travel Direction Consistent with Route,POINT (-92.805945382044 43.284120858534)
2013760567,20130031635,10/05/2013,10-October,7-Saturday,15:06,1500 Hours,District 1 (Central),DES MOINES,POLK,I-235,I-235 & US 69/E 14TH ST & LYON ST,Collision with:  Vehicle in traffic,On Roadway,Broadside (front to side),Unknown,None Indicated,None apparent,Daylight,Dry,Cloudy,None apparent,Intersection:  Four-way intersection,Paved,N/A,Minor Injury,0,6,0,6,0,0,6200,2,6,Ramp,POINT (-93.598726697774 41.595520526451)
2013770534,A13-065,10/07/2013,10-October,2-Monday,06:43,0600 Hours,District 4 (Southwest),WINTERSET,MADISON,,S 4TH AVE,Collision with:  Parked motor vehicle,On Roadway,"Sideswipe, same direction",Other (explain in narrative):  Other,None Indicated,None apparent,Dark - roadway not lighted,Dry,Cloudy,None apparent,Non-intersection:  Non-junction/no special feature,Paved,N/A,Property Damage Only,0,0,0,0,0,0,4300,2,1,N/A,POINT (-94.018176416213 41.330970817428)
2013760848,201315292,10/07/2013,10-October,2-Monday,12:26,1200 Hours,District 6 (East Central),CEDAR RAPIDS,LINN,,4TH AVE SE & 8TH ST SE,Collision with:  Vehicle in traffic,On Roadway,Broadside (front to side),Ran Stop Sign,None Indicated,None apparent,Daylight,Dry,Clear,None apparent,Intersection:  Four-way intersection,Paved,N/A,Property Damage Only,0,0,0,0,0,0,7000,2,3,N/A,POINT (-91.659426456445 41.979975104824)
2013762044,20130031912,10/08/2013,10-October,3-Tuesday,08:25,0800 Hours,District 1 (Central),DES MOINES,POLK,,GRAND AVE & 15TH ST,Collision with:  Vehicle in traffic,On Roadway,Broadside (front to side),Ran Traffic Signal,None Indicated,None apparent,Daylight,Dry,Clear,None apparent,Intersection:  Four-way intersection,Paved,N/A,Property Damage Only,0,0,0,0,0,0,3400,2,2,N/A,POINT (-93.63707003868 41.585217326926)
2013764431,01-13-48114,10/09/2013,10-October,4-Wednesday,20:45,2000 Hours,District 6 (East Central),DUBUQUE,DUBUQUE,IA 32,IA 32/IA32 NW ARTERIAL & PENNSYLVANIA AVE,Collision with:  Vehicle in traffic,On Roadway,"Angle, oncoming left turn",FTYROW:  Making left turn,None Indicated,None apparent,Dark - roadway lighted,Dry,Clear,None apparent,Intersection:  Four-way intersection,Paved,N/A,Minor Injury,0,1,0,1,0,0,8500,2,5,No Travel Direction Consistent with Route,POINT (-90.740752968845 42.500969022487)
2013763924,2013-73027,10/10/2013,10-October,5-Thursday,15:21,1500 Hours,District 6 (East Central),DAVENPORT,SCOTT,,E 11TH ST & CHRISTIE ST,Collision with:  Parked motor vehicle,On Roadway,Unknown,Made improper turn,None Indicated,None apparent,Daylight,Dry,Clear,None apparent,Non-intersection:  Non-junction/no special feature,Paved,N/A,Property Damage Only,0,0,0,0,0,0,2500,2,1,N/A,POINT (-90.54512887784 41.531092506122)
2013761400,20130032188,10/10/2013,10-October,5-Thursday,15:35,1500 Hours,District 1 (Central),DES MOINES,POLK,,LEWIS AVE & SW 9TH ST,Collision with:  Vehicle in traffic,On Roadway,Rear-end (front to rear),Followed too close,None Indicated,None apparent,Daylight,Dry,Clear,None apparent,Intersection:  T-intersection,Paved,N/A,Possible/Unknown,0,1,0,0,1,0,3000,2,2,N/A,POINT (-93.625744658363 41.544179272618)
2013763311,13-008500,10/11/2013,10-October,6-Friday,07:59,0700 Hours,District 6 (East Central),INDEPENDENCE,BUCHANAN,,1ST ST W & 7TH AVE NW,Collision with:  Vehicle in traffic,On Roadway,Rear-end (front to rear),"Operating vehicle in an reckless, erratic, careless, negligent manner",None Indicated,None apparent,Daylight,Dry,Clear,None apparent,Intersection:  T-intersection,Paved,N/A,Possible/Unknown,0,1,0,0,1,0,1600,2,9,N/A,POINT (-91.901440611451 42.468617313371)
2013763984,13-34537,10/12/2013,10-October,7-Saturday,10:11,1000 Hours,District 3 (Northwest),SIOUX CITY,WOODBURY,,11TH ST & JENNINGS ST,Collision with:  Vehicle in traffic,On Roadway,Broadside (front to side),Ran Stop Sign,None Indicated,None apparent,Daylight,Dry,Clear,None apparent,Intersection:  Four-way intersection,Paved,N/A,Possible/Unknown,0,2,0,0,2,0,18000,2,2,N/A,POINT (-96.399426722682 42.501856274489)
2013762018,13-014856,10/12/2013,10-October,7-Saturday,22:42,2200 Hours,District 6 (East Central),,JACKSON,IA 64,IA 64/HWY 64,Non-collision events:  Overturn/rollover,Roadside,Non-collision (single vehicle),Ran off road - left,None Indicated,Unknown,Dark - roadway not lighted,Dry,Clear,None apparent,Non-intersection:  Non-junction/no special feature,Paved,N/A,Minor Injury,0,3,0,2,0,1,7000,1,4,Westbound (WB),POINT (-90.792452002401 42.069673431692)
2013761622,13-4807,10/13/2013,10-October,1-Sunday,05:00,0500 Hours,District 1 (Central),WEST DES MOINES,POLK,I-35,I-35 & E P TRUE PKWY,Collision with fixed object:  Concrete traffic barrier (median or right side),On Roadway,Non-collision (single vehicle),Lost Control,None Indicated,None apparent,Dark - roadway not lighted,Dry,Clear,None apparent,Non-intersection:  Other non-intersection (explain in narrative),Paved,N/A,Property Damage Only,0,0,0,0,0,0,2000,1,1,Southbound (SB),POINT (-93.777273147173 41.574708215595)
2013761528,2013011764,10/14/2013,10-October,2-Monday,06:00,0600 Hours,District 6 (East Central),IOWA CITY,JOHNSON,,HAWKINS DR,Collision with:  Vehicle in traffic,On Roadway,"Sideswipe, same direction",Made improper turn,None Indicated,None apparent,Dark - roadway lighted,Dry,Clear,None apparent,Intersection:  Four-way intersection,Paved,N/A,Possible/Unknown,0,1,0,0,0,1,3000,2,2,N/A,POINT (-91.558123532068 41.665830030622)
2013762025,2013011802,10/15/2013,10-October,3-Tuesday,08:00,0800 Hours,District 6 (East Central),IOWA CITY,JOHNSON,,E COURT ST & SUMMIT ST,Collision with:  Parked motor vehicle,On Roadway,"Sideswipe, same direction",Driving too fast for conditions,None Indicated,Weather conditions,Daylight,Wet,Rain,"Surface condition (e.g., wet, icy)",Intersection:  T-intersection,Paved,N/A,Property Damage Only,0,0,0,0,0,0,3450,2,1,N/A,POINT (-91.521192627353 41.65669612499)
2013762687,2013-74459,10/16/2013,10-October,4-Wednesday,06:06,0600 Hours,District 6 (East Central),DAVENPORT,SCOTT,IA 22,IA 22/ROCKINGHAM RD,Collision with:  Animal,On Roadway,Non-collision (single vehicle),Animal,None Indicated,None apparent,Dark - roadway not lighted,Dry,Clear,None apparent,Non-intersection:  Non-junction/no special feature,Paved,N/A,Property Damage Only,0,0,0,0,0,0,3000,1,1,Eastbound (EB),POINT (-90.652411143011 41.48343781283)
2013762446,W13-107127,10/17/2013,10-October,5-Thursday,17:11,1700 Hours,District 2 (Northeast),WATERLOO,BLACK HAWK,US 63,US 63/LOGAN AVE,Collision with:  Vehicle in traffic,On Roadway,Broadside (front to side),FTYROW:  Other (explain in narrative),None Indicated,None apparent,Daylight,Dry,Clear,Work Zone (roadway-related),Intersection:  Four-way intersection,Paved,Yes,Possible/Unknown,0,1,0,0,1,0,4000,2,2,Southbound (SB),POINT (-92.337725519142 42.519186376212)
2013762490,CL13003678,10/17/2013,10-October,5-Thursday,13:03,1300 Hours,District 6 (East Central),CLINTON,CLINTON,US 67,US 67/N 2ND ST & 20TH AVE N,Collision with:  Vehicle in traffic,On Roadway,Rear-end (front to rear),Other (explain in narrative):  Other,None Indicated,None apparent,Daylight,Dry,Cloudy,None apparent,Non-intersection:  Non-junction/no special feature,Paved,N/A,Possible/Unknown,0,3,0,0,3,0,7000,2,4,Southbound (SB),POINT (-90.181617913236 41.86770467411)
2013762622,13-004271,10/18/2013,10-October,6-Friday,15:51,1500 Hours,District 1 (Central),ANKENY,POLK,,SW STATE ST & SW MAGAZINE RD,Collision with:  Vehicle in traffic,On Roadway,Rear-end (front to rear),Other (explain in narrative):  Other,None Indicated,None apparent,Daylight,Dry,Clear,None apparent,Non-intersection:  Non-junction/no special feature,Paved,N/A,Property Damage Only,0,0,0,0,0,0,3000,3,7,N/A,POINT (-93.620146677941 41.715904593582)
2013762551,C13003556,10/18/2013,10-October,6-Friday,19:01,1900 Hours,District 6 (East Central),CORALVILLE,JOHNSON,I-80,I-80 & 1ST AVE,Collision with:  Vehicle in traffic,On Roadway,Broadside (front to side),Ran Traffic Signal,None Indicated,None apparent,Dark - roadway lighted,Dry,Clear,None apparent,Intersection:  Intersection with ramp,Paved,N/A,Property Damage Only,0,0,0,0,0,0,5000,2,3,Ramp,POINT (-91.565092423944 41.684120096785)
2013771140,,10/19/2013,10-October,7-Saturday,04:00,0400 Hours,District 2 (Northeast),DECORAH,WINNESHIEK,,VALLEY VIEW DR,Collision with fixed object:  Culvert/pipe opening,Shoulder,Non-collision (single vehicle),Ran off road - left,None Indicated,None apparent,Dark - roadway lighted,Dry,Cloudy,None apparent,Non-intersection:  Non-junction/no special feature,Paved,N/A,Property Damage Only,0,0,0,0,0,0,4400,1,2,N/A,POINT (-91.812614162646 43.312096368947)
2013762676,13-11128,10/20/2013,10-October,1-Sunday,03:00,0300 Hours,District 3 (Northwest),,SAC,,Co Rd M54/SIERRA AVE,Collision with fixed object:  Ditch,On Roadway,Non-collision (single vehicle),Swerving/Evasive Action,None Indicated,None apparent,Dark - roadway not lighted,Dry,Clear,None apparent,Non-intersection:  Non-junction/no special feature,Paved,N/A,Property Damage Only,0,0,0,0,0,0,5000,1,1,N/A,POINT (-94.992805908469 42.478960717321)
2013769366,2013062668,10/21/2013,10-October,2-Monday,09:10,0900 Hours,District 6 (East Central),,BENTON,US 30,US 30/73 ST & Co Rd W26/32 AVE,Collision with:  Other non-fixed object (explain in narrative),On Roadway,Non-collision (single vehicle),Other (explain in narrative):  No improper action,None Indicated,Other (explain in narrative),Daylight,Dry,Clear,Debris,Non-intersection:  Non-junction/no special feature,Paved,N/A,Property Damage Only,0,0,0,0,0,0,2500,1,1,Eastbound (EB),POINT (-91.8726563542 41.963434718626)
2013762941,2013-0399,10/21/2013,10-October,2-Monday,23:15,2300 Hours,District 5 (Southeast),NORWALK,WARREN,IA 28,IA 28/IOWA 28,Collision with:  Animal,On Roadway,Non-collision (single vehicle),Animal,None Indicated,None apparent,Dark - roadway lighted,Dry,Cloudy,None apparent,Non-intersection:  Non-junction/no special feature,Paved,Yes,Property Damage Only,0,0,0,0,0,0,4000,1,1,Southbound (SB),POINT (-93.678663159768 41.511786004427)
2013763188,2013012131,10/22/2013,10-October,3-Tuesday,15:25,1500 Hours,District 6 (East Central),IOWA CITY,JOHNSON,,MUSCATINE AVE & 3RD AVE & THIRD AVE,Collision with:  Vehicle in traffic,On Roadway,"Angle, oncoming left turn",FTYROW:  Making left turn,None Indicated,None apparent,Daylight,Wet,Cloudy,None apparent,Intersection:  Other intersection (explain in narrative),Paved,N/A,Property Damage Only,0,0,0,0,0,0,4000,2,2,N/A,POINT (-91.504885052623 41.649865081209)
2013763197,201316139,10/22/2013,10-October,3-Tuesday,17:15,1700 Hours,District 6 (East Central),CEDAR RAPIDS,LINN,IA 922,IA 922/WILLIAMS BLVD & WILSON AVE SW,Collision with:  Vehicle in traffic,On Roadway,Broadside (front to side),Ran Traffic Signal,None Indicated,None apparent,Dusk,Dry,Cloudy,None apparent,Intersection:  Four-way intersection,Paved,N/A,Property Damage Only,0,0,0,0,0,0,4000,2,2,Northbound (NB),POINT (-91.717891218017 41.95676687091)
2013763166,W13-109110,10/23/2013,10-October,4-Wednesday,09:37,0900 Hours,District 2 (Northeast),WATERLOO,BLACK HAWK,,ANSBOROUGH AVE & W 4TH ST,Collision with:  Vehicle in traffic,On Roadway,Rear-end (front to rear),Unknown,None Indicated,None apparent,Daylight,Dry,Cloudy,None apparent,Intersection:  Four-way intersection,Paved,N/A,Property Damage Only,0,0,0,0,0,0,1500,2,3,N/A,POINT (-92.376654553147 42.473006660671)
2013763204,201316229,10/24/2013,10-October,5-Thursday,14:35,1400 Hours,District 6 (East Central),CEDAR RAPIDS,LINN,I-380,I-380 & COLDSTREAM AVE NE & MADISON ST NE,Collision with:  Vehicle in traffic,On Roadway,Broadside (front to side),Unknown,None Indicated,None apparent,Daylight,Dry,Cloudy,None apparent,Intersection:  Four-way intersection,Paved,N/A,Property Damage Only,0,0,0,0,0,0,4400,2,2,Ramp,POINT (-91.665416970597 42.006965094425)
2013763612,13-004395,10/25/2013,10-October,6-Friday,16:02,1600 Hours,District 1 (Central),ANKENY,POLK,US 69,US 69/S ANKENY BLVD,Collision with:  Vehicle in traffic,On Roadway,Rear-end (front to rear),Driving too fast for conditions,None Indicated,None apparent,Daylight,Dry,Clear,None apparent,Non-intersection:  Non-junction/no special feature,Paved,N/A,Property Damage Only,0,0,0,0,0,0,2750,2,2,Northbound (NB),POINT (-93.600371213247 41.730069612803)
2013763550,2013012276,10/25/2013,10-October,6-Friday,17:25,1700 Hours,District 6 (East Central),IOWA CITY,JOHNSON,IA 1,IA 1/IOWA 1 & NAPLES AVE,Collision with:  Vehicle in traffic,On Roadway,"Sideswipe, same direction",FTYROW:  Other (explain in narrative),None Indicated,None apparent,Dusk,Dry,Clear,None apparent,Non-intersection:  Non-junction/no special feature,Paved,N/A,Property Damage Only,0,0,0,0,0,0,3000,2,2,No Travel Direction Consistent with Route,POINT (-91.570807171856 41.631636205616)
2013764978,2013058371,10/26/2013,10-October,7-Saturday,04:36,0400 Hours,District 1 (Central),,POLK,I-80,I-80,Non-collision events:  Overturn/rollover,Median,Non-collision (single vehicle),Ran off road - left,Refused,None apparent,Dark - roadway lighted,Dry,Clear,None apparent,Non-intersection:  Non-junction/no special feature,Paved,N/A,Possible/Unknown,0,1,0,0,1,0,6500,1,1,Westbound (WB),POINT (-93.574992270171 41.652215935695)
2013763509,01-13-50725,10/26/2013,10-October,7-Saturday,10:37,1000 Hours,District 6 (East Central),DUBUQUE,DUBUQUE,,W 13TH ST & IOWA ST,Collision with:  Parked motor vehicle,On Roadway,"Sideswipe, same direction",Lost Control,None Indicated,None apparent,Daylight,Dry,Clear,None apparent,Intersection:  Four-way intersection,Paved,N/A,Property Damage Only,0,0,0,0,0,0,2000,2,1,N/A,POINT (-90.668280828409 42.505253035043)
2013763735,2013-19493,10/27/2013,10-October,1-Sunday,02:30,0200 Hours,District 5 (Southeast),CARLISLE,WARREN,,168TH AVE & FULTON ST,Non-collision events:  Other non-collision (explain in narrative),Shoulder,Non-collision (single vehicle),Ran Stop Sign,None Indicated,Unknown,Dark - roadway not lighted,"Mud, dirt",Unknown,Unknown,Intersection:  Four-way intersection,Unpaved,N/A,Possible/Unknown,0,1,0,0,0,1,10000,1,2,N/A,POINT (-93.486352425256 41.422081902191)
2013764383,S13-8464,10/28/2013,10-October,2-Monday,07:45,0700 Hours,District 3 (Northwest),SIOUX CITY,WOODBURY,US 20,US 20,Collision with:  Animal,N/A,N/A,Animal,None Indicated,N/A,N/A,N/A,N/A,N/A,N/A,Paved,N/A,Property Damage Only,0,0,0,0,0,0,2500,1,1,Unknown - Not Indicated - Unlocated,POINT (-96.298043657892 42.475422053517)
2013763808,135944,10/29/2013,10-October,3-Tuesday,05:20,0500 Hours,District 1 (Central),,HARDIN,,Co Rd D55/CO HWY D55 & T AVE,Non-collision events:  Overturn/rollover,On Roadway,Non-collision (single vehicle),Swerving/Evasive Action,None Indicated,None apparent,Dark - roadway not lighted,Dry,Cloudy,None apparent,Intersection:  T-intersection,Paved,N/A,Possible/Unknown,0,1,0,0,1,0,29000,1,1,N/A,POINT (-93.118603272742 42.281703307129)
2013766618,13-6380,10/29/2013,10-October,3-Tuesday,05:00,0500 Hours,District 3 (Northwest),CHEROKEE,CHEROKEE,IA 3,IA 3/IOWA 3 & S AVE,Collision with:  Animal,N/A,N/A,Animal,None Indicated,N/A,N/A,N/A,N/A,N/A,N/A,Paved,N/A,Property Damage Only,0,0,0,0,0,0,5000,1,1,Unknown - Not Indicated - Unlocated,POINT (-95.505423577045 42.748834251325)
2013764455,C13003711,10/30/2013,10-October,4-Wednesday,17:04,1700 Hours,District 6 (East Central),CORALVILLE,JOHNSON,US 6,US 6/2ND ST,Collision with:  Vehicle in traffic,On Roadway,Head-on (front to front),FTYROW:  Making left turn,None Indicated,None apparent,Daylight,Wet,Rain,None apparent,Intersection:  T-intersection,Paved,N/A,Property Damage Only,0,0,0,0,0,0,8000,2,2,Both East and West,POINT (-91.602947866913 41.685415210003)
2013766158,PD1308165,10/31/2013,10-October,5-Thursday,14:50,1400 Hours,District 5 (Southeast),FAIRFIELD,JEFFERSON,,W BURLINGTON AVE & N 9TH ST,Collision with:  Vehicle in traffic,On Roadway,Rear-end (front to rear),Separation of units,None Indicated,None apparent,Daylight,Wet,Cloudy,None apparent,Intersection:  Four-way intersection,Paved,N/A,Property Damage Only,0,0,0,0,0,0,3000,2,2,N/A,POINT (-91.974527866608 41.006463853018)
2013765492,13-0616,10/31/2013,10-October,5-Thursday,07:35,0700 Hours,District 1 (Central),,WEBSTER,US 169,US 169,Collision with:  Animal,N/A,N/A,Animal,None Indicated,N/A,N/A,N/A,N/A,N/A,N/A,Paved,N/A,Property Damage Only,0,0,0,0,0,0,3500,1,1,Unknown - Not Indicated - Unlocated,POINT (-94.227233539266 42.542743295339)
2013765109,13-41411,11/01/2013,11-November,6-Friday,20:45,2000 Hours,District 5 (Southeast),,DES MOINES,,PEGTOWN RD,Collision with:  Animal,N/A,N/A,Animal,None Indicated,N/A,N/A,N/A,N/A,N/A,N/A,Unpaved,N/A,Property Damage Only,0,0,0,0,0,0,1500,1,1,N/A,POINT (-91.131471811026 41.003373108412)
2013766638,173-2013,11/01/2013,11-November,6-Friday,23:25,2300 Hours,District 4 (Southwest),,HARRISON,I-29,I-29,Collision with fixed object:  Ditch,On Roadway,Non-collision (single vehicle),Exceeded authorized speed,None Indicated,Animal in roadway,Dark - roadway not lighted,Dry,Cloudy,None apparent,Non-intersection:  Non-junction/no special feature,Paved,N/A,Property Damage Only,0,0,0,0,0,0,3000,1,1,Northbound (NB),POINT (-96.046240710221 41.721575494752)
2013765426,1311-076,11/02/2013,11-November,7-Saturday,18:15,1800 Hours,District 3 (Northwest),,OSCEOLA,IA 9,IA 9/IOWA 9 & WILSON AVE,Collision with:  Animal,On Roadway,Non-collision (single vehicle),Animal,None Indicated,Animal in roadway,Dark - roadway not lighted,Dry,Clear,None apparent,Non-intersection:  Non-junction/no special feature,Paved,N/A,Property Damage Only,0,0,0,0,0,0,3500,1,2,Westbound (WB),POINT (-95.427172470294 43.430613500773)
2013764892,2013-79720,11/03/2013,11-November,1-Sunday,16:55,1600 Hours,District 6 (East Central),DAVENPORT,SCOTT,,ARLINGTON AVE,Collision with:  Vehicle in traffic,On Roadway,"Sideswipe, same direction",Other (explain in narrative):  Other,None Indicated,None apparent,Dusk,Dry,Clear,None apparent,Non-intersection:  Non-junction/no special feature,Paved,N/A,Property Damage Only,0,0,0,0,0,0,4000,2,1,N/A,POINT (-90.562246035909 41.544453074713)
2013766313,2013110303,11/03/2013,11-November,1-Sunday,17:30,1700 Hours,District 4 (Southwest),SHENANDOAH,PAGE,,MATHEWS ST,Collision with:  Parked motor vehicle,On Roadway,Unknown,FTYROW:  From driveway,None Indicated,None apparent,Dusk,Dry,Cloudy,None apparent,Non-intersection:  Driveway access (within),Paved,N/A,Property Damage Only,0,0,0,0,0,0,10500,2,1,N/A,POINT (-95.361321177764 40.764938467942)
2013765904,13110085,11/04/2013,11-November,2-Monday,06:15,0600 Hours,District 5 (Southeast),,WAPELLO,,Co Rd H21/ROCK BLUFF RD,Collision with:  Animal,N/A,N/A,Animal,None Indicated,N/A,N/A,N/A,N/A,N/A,N/A,Unpaved,N/A,Property Damage Only,0,0,0,0,0,0,1500,1,1,N/A,POINT (-92.50831997176 41.064142790671)
2013781122,SA1300100,11/05/2013,11-November,3-Tuesday,15:51,1500 Hours,District 5 (Southeast),WELLMAN,WASHINGTON,,8TH ST & 8TH AVE,Collision with:  Vehicle in traffic,On Roadway,Broadside (front to side),FTYROW:  From stop sign,None Indicated,None apparent,Daylight,Wet,Rain,None apparent,Intersection:  Four-way intersection,Paved,N/A,Possible/Unknown,0,1,0,0,1,0,16000,2,2,N/A,POINT (-91.837748760999 41.469526578726)