Iowa DOT Case Number,Law Enforcement Case Number,Date of Crash,Month of Crash,Day of Week,Time of Crash,Hour,DOT District,City Name,County Name,Route with System,Location Description,First Harmful Event,Location of First Harmful Event,Manner of Crash/Collision,Major Cause,Drug or Alcohol ,Environmental Conditions,Light Conditions,Surface Conditions,Weather Conditions,Roadway Contribution,Roadway Type,Roadway Surface,Work Zone,Crash Severity,Number of Fatalities,Number of Injuries,Number of Major Injuries,Number of Minor Injuries,Number of Possible Injuries,Number of Unknown Injuries,Amount of Property Damage,Number of Vehicles Involved,Total Number of Occupants,Travel Direction,Location
2013766573,AC-13-0056,11/05/2013,11-November,3-Tuesday,17:20,1700 Hours,District 6 (East Central),MONTICELLO,JONES,,W SOUTH ST,Collision with:  Vehicle in traffic,On Roadway,Broadside (front to side),FTYROW:  From driveway,None Indicated,None apparent,Dark - roadway lighted,Wet,Rain,None apparent,Non-intersection:  Driveway access (within),Paved,N/A,Property Damage Only,0,0,0,0,0,0,2200,2,1,N/A,POINT (-91.189850587655 42.232399604896)
2013766906,13-001357,11/05/2013,11-November,3-Tuesday,18:19,1800 Hours,District 1 (Central),AMES,STORY,,LINCOLN WAY & UNIVERSITY BLVD,Collision with:  Vehicle in traffic,On Roadway,"Angle, oncoming left turn",FTYROW:  Making left turn,None Indicated,None apparent,Dark - roadway lighted,Wet,Rain,None apparent,Intersection:  Four-way intersection,Paved,N/A,Property Damage Only,0,0,0,0,0,0,14000,2,5,N/A,POINT (-93.63333894391 42.022811825049)
2013765596,138151,11/06/2013,11-November,4-Wednesday,06:09,0600 Hours,District 4 (Southwest),,DALLAS,US 169,US 169/N AVE,Collision with:  Animal,N/A,N/A,Animal,None Indicated,N/A,N/A,N/A,N/A,N/A,N/A,Paved,N/A,Property Damage Only,0,0,0,0,0,0,5500,1,1,Unknown - Not Indicated - Unlocated,POINT (-94.027256913014 41.719579399161)
2013765858,13-2703,11/07/2013,11-November,5-Thursday,17:50,1700 Hours,District 1 (Central),URBANDALE,POLK,,ROSELAND DR & 72ND ST,Collision with:  Vehicle in traffic,On Roadway,"Angle, oncoming left turn",FTYROW:  From stop sign,None Indicated,None apparent,Dark - roadway lighted,Dry,Clear,None apparent,Intersection:  Four-way intersection,Paved,N/A,Property Damage Only,0,0,0,0,0,0,4000,2,2,N/A,POINT (-93.717046858679 41.625738135579)
2013768475,2013060268,11/07/2013,11-November,5-Thursday,05:00,0500 Hours,District 6 (East Central),,CEDAR,I-80,I-80,Collision with:  Animal,On Roadway,Non-collision (single vehicle),Animal,None Indicated,Animal in roadway,Dark - roadway not lighted,Dry,Clear,None apparent,Non-intersection:  Non-junction/no special feature,Paved,N/A,Minor Injury,0,1,0,1,0,0,6500,1,1,Westbound (WB),POINT (-91.241976093384 41.663328578353)
2013770192,2013064073,11/08/2013,11-November,6-Friday,14:30,1400 Hours,District 1 (Central),,JASPER,IA 330,IA 330/IOWA 330 N,Collision with:  Vehicle in traffic,Shoulder,"Sideswipe, same direction",Other (explain in narrative):  Other,None Indicated,None apparent,Daylight,Dry,Clear,Work Zone (roadway-related),Non-intersection:  Non-junction/no special feature,Paved,Yes,Property Damage Only,0,0,0,0,0,0,2100,2,2,No Travel Direction Consistent with Route,POINT (-93.271396891778 41.836213003464)
2013766505,13-013067,11/08/2013,11-November,6-Friday,19:21,1900 Hours,District 1 (Central),GLADBROOK,TAMA,IA 96,IA 96/IOWA 96,Collision with:  Animal,Roadside,Non-collision (single vehicle),Animal,None Indicated,None apparent,Dark - roadway not lighted,Dry,Clear,None apparent,Non-intersection:  Non-junction/no special feature,Paved,N/A,Property Damage Only,0,0,0,0,0,0,1500,1,1,Westbound (WB),POINT (-92.597258860376 42.174134838069)
2013766916,13-001383,11/09/2013,11-November,7-Saturday,12:09,1200 Hours,District 1 (Central),,STORY,US 30,US 30,Non-collision events:  Other non-collision (explain in narrative),On Roadway,Non-collision (single vehicle),Followed too close,Under Influence of Alcohol/Drugs/Medications,None apparent,Daylight,Dry,Clear,None apparent,Non-intersection:  Driveway access (within),Paved,N/A,Minor Injury,0,1,0,1,0,0,6000,1,1,Eastbound (EB),POINT (-93.345176775035 42.008350564693)
2013774513,2013-20476,11/10/2013,11-November,1-Sunday,19:40,1900 Hours,District 5 (Southeast),INDIANOLA,WARREN,IA 92,IA 92/IOWA 92,Collision with:  Animal,N/A,N/A,Animal,None Indicated,N/A,N/A,N/A,N/A,N/A,N/A,Paved,N/A,Property Damage Only,0,0,0,0,0,0,6000,1,1,Unknown - Not Indicated - Unlocated,POINT (-93.665835867015 41.362562066088)
2013766356,20130035538,11/10/2013,11-November,1-Sunday,11:10,1100 Hours,District 1 (Central),DES MOINES,POLK,,FLEUR DR,Collision with:  Vehicle in traffic,On Roadway,"Sideswipe, same direction",Other (explain in narrative):  Other,None Indicated,None apparent,Daylight,Dry,Cloudy,None apparent,Non-intersection:  Non-junction/no special feature,Paved,N/A,Property Damage Only,0,0,0,0,0,0,2500,2,2,N/A,POINT (-93.644968823576 41.522968876612)
2013766032,W13-115906,11/11/2013,11-November,2-Monday,19:26,1900 Hours,District 2 (Northeast),WATERLOO,BLACK HAWK,US 20,US 20,Collision with:  Animal,On Roadway,Non-collision (single vehicle),Animal,None Indicated,Animal in roadway,Dark - roadway not lighted,Dry,Clear,Obstruction in roadway,Non-intersection:  Non-junction/no special feature,Paved,N/A,Property Damage Only,0,0,0,0,0,0,1500,1,2,Eastbound (EB),POINT (-92.415355825016 42.460827510826)
2013773243,2013011667,11/11/2013,11-November,2-Monday,14:14,1400 Hours,District 1 (Central),MARSHALLTOWN,MARSHALL,,SUMMIT ST,Collision with fixed object:  Traffic sign support,On Roadway,Non-collision (single vehicle),Driving too fast for conditions,None Indicated,None apparent,Daylight,Dry,Cloudy,None apparent,Non-intersection:  Non-junction/no special feature,Paved,N/A,Property Damage Only,0,0,0,0,0,0,6000,1,1,N/A,POINT (-92.922923672276 42.052786951747)
2013767705,,11/12/2013,11-November,3-Tuesday,14:00,1400 Hours,District 6 (East Central),,JOHNSON,US 6,US 6,Collision with:  Animal,On Roadway,Non-collision (single vehicle),Animal,None Indicated,N/A,Daylight,Dry,Clear,N/A,Non-intersection:  Non-junction/no special feature,Paved,N/A,Property Damage Only,0,0,0,0,0,0,5000,1,1,Unknown - Not Indicated - Unlocated,POINT (-91.743866917505 41.723537943604)
2013826759,2013-6713,11/12/2013,11-November,3-Tuesday,22:09,2200 Hours,District 6 (East Central),LE CLAIRE,SCOTT,,TERRITORIAL RD & 23RD ST,Collision with fixed object:  Ditch,Outside trafficway,Non-collision (single vehicle),Other (explain in narrative):  Other,Alcohol (Statutory),None apparent,Dark - roadway lighted,Dry,Clear,None apparent,Intersection:  Four-way intersection,Paved,N/A,Minor Injury,0,1,0,1,0,0,3500,1,1,N/A,POINT (-90.374403920898 41.612211420737)
2013773535,13900016,11/13/2013,11-November,4-Wednesday,22:30,2200 Hours,District 6 (East Central),,CEDAR,US 30,US 30,Collision with:  Animal,N/A,N/A,Animal,None Indicated,N/A,N/A,N/A,N/A,N/A,N/A,Paved,N/A,Property Damage Only,0,0,0,0,0,0,2000,1,1,Unknown - Not Indicated - Unlocated,POINT (-91.238941934068 41.897496884785)
2013767017,PD130749,11/13/2013,11-November,4-Wednesday,10:37,1000 Hours,District 1 (Central),GRUNDY CENTER,GRUNDY,,J AVE & 12TH ST,Collision with:  Vehicle in traffic,On Roadway,Broadside (front to side),FTYROW:  At uncontrolled intersection,None Indicated,None apparent,Daylight,Dry,Clear,None apparent,Intersection:  Four-way intersection,Paved,N/A,Property Damage Only,0,0,0,0,0,0,3500,2,2,N/A,POINT (-92.779286093169 42.358662968258)
2013767092,01-13-53672,11/14/2013,11-November,5-Thursday,16:05,1600 Hours,District 6 (East Central),DUBUQUE,DUBUQUE,,E 29TH ST,Collision with fixed object:  Guardrail - face,Roadside,Non-collision (single vehicle),Swerving/Evasive Action,None Indicated,Non-motorist action,Daylight,Dry,Cloudy,None apparent,Non-intersection:  Non-junction/no special feature,Paved,N/A,Property Damage Only,0,0,0,0,0,0,3500,1,1,N/A,POINT (-90.674040095231 42.525523768239)
2013767576,13-1467,11/14/2013,11-November,5-Thursday,21:47,2100 Hours,District 1 (Central),PLEASANT HILL,POLK,,NE RISING SUN DR,Collision with fixed object:  Utility pole/light support,Shoulder,Non-collision (single vehicle),"Operating vehicle in an reckless, erratic, careless, negligent manner",Under Influence of Alcohol/Drugs/Medications,None apparent,Dark - roadway lighted,Dry,Cloudy,None apparent,Non-intersection:  Non-junction/no special feature,Paved,N/A,Major Injury,0,1,1,0,0,0,10250,1,1,N/A,POINT (-93.487462149498 41.592587333395)
2013774029,13-663,11/15/2013,11-November,6-Friday,06:20,0600 Hours,District 5 (Southeast),,WAYNE,,Co Rd S22/95TH,Collision with:  Animal,On Roadway,Non-collision (single vehicle),Animal,None Indicated,Animal in roadway,Dawn,Dry,Clear,None apparent,Non-intersection:  Non-junction/no special feature,Paved,N/A,Major Injury,0,1,1,0,0,0,3500,1,1,N/A,POINT (-93.393698054858 40.644320688407)
2013768274,13-009670,11/15/2013,11-November,6-Friday,00:21,0000 Hours,District 4 (Southwest),,CASS,I-80,I-80,Collision with:  Animal,On Roadway,Non-collision (single vehicle),Animal,None Indicated,Animal in roadway,Dark - roadway not lighted,Dry,Clear,None apparent,Non-intersection:  Non-junction/no special feature,Paved,N/A,Property Damage Only,0,0,0,0,0,0,5000,1,2,Westbound (WB),POINT (-94.912641734801 41.497170677675)
2013767550,20130036226,11/16/2013,11-November,7-Saturday,14:42,1400 Hours,District 1 (Central),DES MOINES,POLK,,RUTLAND AVE & 31ST ST,Collision with:  Vehicle in traffic,On Roadway,Rear-end (front to rear),Driving too fast for conditions,None Indicated,Weather conditions,Daylight,Wet,Cloudy,"Surface condition (e.g., wet, icy)",Intersection:  T-intersection,Paved,N/A,Minor Injury,0,1,0,1,0,0,5000,3,9,N/A,POINT (-93.659354041709 41.597548700911)
2013781126,SA1300417,11/16/2013,11-November,7-Saturday,12:38,1200 Hours,District 5 (Southeast),,WASHINGTON,,Co Rd W61/RIVERSIDE RD,Collision with:  Vehicle in traffic,On Roadway,Broadside (front to side),FTYROW:  Making left turn,None Indicated,None apparent,Daylight,Dry,Cloudy,None apparent,Non-intersection:  Driveway access (within),Paved,N/A,Property Damage Only,0,0,0,0,0,0,8220,2,2,N/A,POINT (-91.580305240118 41.474851405377)
2013767752,02-13-16524,11/17/2013,11-November,1-Sunday,17:28,1700 Hours,District 6 (East Central),,JONES,US 151,US 151,Collision with:  Animal,On Roadway,Non-collision (single vehicle),Animal,None Indicated,Animal in roadway,N/A,N/A,N/A,N/A,N/A,Paved,N/A,Property Damage Only,0,0,0,0,0,0,3000,1,1,Northbound (NB),POINT (-91.038942805399 42.295326673024)
2013773063,13-013294,11/18/2013,11-November,2-Monday,10:05,1000 Hours,District 3 (Northwest),,CARROLL,,Co Rd E46/240TH ST,Non-collision events:  Overturn/rollover,On Roadway,Non-collision (single vehicle),Ran off road - right,None Indicated,None apparent,Daylight,Dry,Clear,None apparent,Non-intersection:  Non-junction/no special feature,Paved,N/A,Fatal,1,0,0,0,0,0,2500,1,1,N/A,POINT (-94.996772270261 42.00829624152)
2013769543,13243,11/19/2013,11-November,3-Tuesday,18:26,1800 Hours,District 5 (Southeast),PELLA,MARION,,ELM ST & BROADWAY ST,Collision with:  Vehicle in traffic,On Roadway,Broadside (front to side),FTYROW:  Other (explain in narrative),None Indicated,None apparent,Dark - roadway lighted,Dry,Clear,None apparent,Intersection:  Four-way intersection,Paved,N/A,Property Damage Only,0,0,0,0,0,0,2000,2,2,N/A,POINT (-92.918293669737 41.418306825083)
2013768619,CL13004036,11/19/2013,11-November,3-Tuesday,14:58,1400 Hours,District 6 (East Central),CLINTON,CLINTON,,7TH AVE S & S 9TH ST,Collision with:  Vehicle in traffic,On Roadway,Broadside (front to side),FTYROW:  From stop sign,None Indicated,None apparent,Daylight,Dry,Cloudy,None apparent,Intersection:  Four-way intersection,Paved,N/A,Property Damage Only,0,0,0,0,0,0,4000,2,3,N/A,POINT (-90.207161473059 41.838898506204)
2013767972,13-7789,11/20/2013,11-November,4-Wednesday,23:15,2300 Hours,District 1 (Central),,POLK,,Co Rd R38/NW SHELDAHL DR,Collision with fixed object:  Culvert/pipe opening,Outside trafficway,Non-collision (single vehicle),Animal,None Indicated,None apparent,Dark - roadway not lighted,Dry,Clear,None apparent,Non-intersection:  Non-junction/no special feature,Paved,N/A,Property Damage Only,0,0,0,0,0,0,5000,1,1,N/A,POINT (-93.707527256609 41.793454250481)
2013768461,13-20796,11/20/2013,11-November,4-Wednesday,16:23,1600 Hours,District 6 (East Central),BETTENDORF,SCOTT,,MIDDLE RD & 18TH ST,Collision with:  Vehicle in traffic,On Roadway,Broadside (front to side),Ran Traffic Signal,None Indicated,None apparent,Daylight,Wet,Rain,None apparent,Intersection:  Four-way intersection,Paved,N/A,Minor Injury,0,2,0,1,1,0,23500,2,3,N/A,POINT (-90.506876824991 41.544337016614)
2013769390,2013062836,11/21/2013,11-November,5-Thursday,12:30,1200 Hours,District 4 (Southwest),,POTTAWATTAMIE,I-29,I-29,Collision with fixed object:  Guardrail - face,On Roadway,Non-collision (single vehicle),Driving too fast for conditions,None Indicated,Weather conditions,Daylight,Ice/frost,"Sleet, hail","Surface condition (e.g., wet, icy)",Non-intersection:  Other non-intersection (explain in narrative),Paved,N/A,Property Damage Only,0,0,0,0,0,0,8500,1,1,Ramp,POINT (-95.900504870618 41.416761023692)
2013768716,13024450,11/21/2013,11-November,5-Thursday,17:38,1700 Hours,District 6 (East Central),MARION,LINN,IA 100,IA 100/IOWA 100,Collision with:  Animal,On Roadway,Non-collision (single vehicle),Animal,None Indicated,None apparent,Dark - roadway lighted,Wet,Rain,None apparent,Non-intersection:  Non-junction/no special feature,Paved,N/A,Property Damage Only,0,0,0,0,0,0,1500,1,1,Westbound (WB),POINT (-91.60184632428 42.015430793449)
2013768993,2013062835,11/21/2013,11-November,5-Thursday,12:15,1200 Hours,District 4 (Southwest),SHELBY,POTTAWATTAMIE,,EAST ST,Non-collision events:  Jackknife,On Roadway,"Sideswipe, same direction",Driving too fast for conditions,None Indicated,Weather conditions,Daylight,Ice/frost,"Sleet, hail","Surface condition (e.g., wet, icy)",Non-intersection:  Other non-intersection (explain in narrative),Paved,N/A,Property Damage Only,0,0,0,0,0,0,25000,2,3,N/A,POINT (-95.451112731258 41.501073282313)
2013769154,1300001187,11/22/2013,11-November,6-Friday,04:15,0400 Hours,District 1 (Central),,MARSHALL,US 30,US 30/240TH ST,Collision with fixed object:  Ditch,On Roadway,Non-collision (single vehicle),Swerving/Evasive Action,None Indicated,None apparent,Dark - roadway not lighted,Ice/frost,Cloudy,"Surface condition (e.g., wet, icy)",Non-intersection:  Non-junction/no special feature,Paved,N/A,Property Damage Only,0,0,0,0,0,0,5000,1,1,Westbound (WB),POINT (-92.866692813912 42.006855702147)
2013773548,13900365,11/22/2013,11-November,6-Friday,17:20,1700 Hours,District 6 (East Central),,CEDAR,,Co Rd F36/CEDAR VALLEY RD,Collision with:  Animal,N/A,N/A,Animal,None Indicated,N/A,N/A,N/A,N/A,N/A,N/A,Paved,N/A,Property Damage Only,0,0,0,0,0,0,1500,1,1,N/A,POINT (-91.223158601675 41.735209299455)
2013768837,13-048208,11/23/2013,11-November,7-Saturday,19:11,1900 Hours,District 4 (Southwest),COUNCIL BLUFFS,POTTAWATTAMIE,I-29,I-29,Collision with:  Animal,On Roadway,Non-collision (single vehicle),Animal,None Indicated,Animal in roadway,Dark - roadway lighted,Dry,Clear,None apparent,Non-intersection:  Non-junction/no special feature,Paved,N/A,Property Damage Only,0,0,0,0,0,0,2500,1,1,Southbound (SB),POINT (-95.858321319031 41.232144178211)
2013769020,,11/23/2013,11-November,7-Saturday,11:03,1100 Hours,District 2 (Northeast),DAKOTA CITY,HUMBOLDT,,3RD AVE S & 6TH ST S,Collision with:  Vehicle in traffic,On Roadway,Broadside (front to side),Other (explain in narrative):  No improper action,None Indicated,Other (explain in narrative),Daylight,Ice/frost,Cloudy,"Surface condition (e.g., wet, icy)",Intersection:  Four-way intersection,Paved,N/A,Property Damage Only,0,0,0,0,0,0,5500,2,2,N/A,POINT (-94.199429730154 42.718014730202)
2013768866,2013-84946,11/24/2013,11-November,1-Sunday,19:20,1900 Hours,District 6 (East Central),DAVENPORT,SCOTT,I-280,I-280,Collision with:  Animal,On Roadway,Non-collision (single vehicle),Animal,None Indicated,None apparent,Dark - roadway lighted,Dry,Clear,None apparent,Non-intersection:  Non-junction/no special feature,Paved,N/A,Property Damage Only,0,0,0,0,0,0,2000,1,1,No Travel Direction Consistent with Route,POINT (-90.676950150089 41.538768017856)
2013770821,13-07989,11/25/2013,11-November,2-Monday,11:20,1100 Hours,District 2 (Northeast),OELWEIN,FAYETTE,,5TH AVE SW,Collision with:  Parked motor vehicle,Roadside,Rear-end (front to rear),"Operating vehicle in an reckless, erratic, careless, negligent manner",None Indicated,None apparent,Daylight,Snow,Cloudy,None apparent,Non-intersection:  Non-junction/no special feature,Paved,N/A,Property Damage Only,0,0,0,0,0,0,2000,2,1,N/A,POINT (-91.921341352792 42.676467100088)
2013780769,13024682,11/25/2013,11-November,2-Monday,07:47,0700 Hours,District 6 (East Central),MARION,LINN,US 151,US 151/DUBUQUE RD,Collision with:  Vehicle in traffic,On Roadway,"Sideswipe, same direction",Crossed centerline (undivided),None Indicated,Weather conditions,Daylight,Snow,Snow,"Surface condition (e.g., wet, icy)",Non-intersection:  Non-junction/no special feature,Paved,N/A,Property Damage Only,0,0,0,0,0,0,8000,2,2,No Travel Direction Consistent with Route,POINT (-91.544308491108 42.035628081774)
2013770427,2013063831,11/26/2013,11-November,3-Tuesday,12:20,1200 Hours,District 6 (East Central),CORALVILLE,JOHNSON,I-380,I-380,Collision with:  Vehicle in traffic,On Roadway,Rear-end (front to rear),Swerving/Evasive Action,None Indicated,None apparent,Daylight,Dry,Clear,None apparent,Non-intersection:  Non-junction/no special feature,Paved,N/A,Property Damage Only,0,0,0,0,0,0,18000,2,4,Southbound (SB),POINT (-91.642090761759 41.711833163531)
2013770810,02-13-17027,11/27/2013,11-November,4-Wednesday,19:30,1900 Hours,District 6 (East Central),,DUBUQUE,US 61,US 61/RAMP & US 151,Collision with:  Vehicle in traffic,On Roadway,"Sideswipe, same direction",Lost Control,None Indicated,None apparent,Dark - roadway not lighted,Dry,Clear,None apparent,Non-intersection:  Non-junction/no special feature,Paved,N/A,Property Damage Only,0,0,0,0,0,0,5000,2,5,Ramp,POINT (-90.699618624963 42.418958654779)
2013770275,13008381,11/27/2013,11-November,4-Wednesday,23:17,2300 Hours,District 1 (Central),KAMRAR,HAMILTON,IA 17,IA 17/BRIGGS WOOD RD,Collision with:  Animal,N/A,N/A,Animal,None Indicated,N/A,N/A,N/A,N/A,N/A,N/A,Paved,N/A,Property Damage Only,0,0,0,0,0,0,3000,1,1,Unknown - Not Indicated - Unlocated,POINT (-93.796908608554 42.398398090374)
2013770028,20130037391,11/28/2013,11-November,5-Thursday,00:01,0000 Hours,District 1 (Central),DES MOINES,POLK,,E DOUGLAS AVE,Collision with:  Parked motor vehicle,On Roadway,Head-on (front to front),Unknown,None Indicated,Unknown,Dark - roadway lighted,Unknown,Unknown,None apparent,Non-intersection:  Non-junction/no special feature,Paved,N/A,Property Damage Only,0,0,0,0,0,0,2000,2,777,N/A,POINT (-93.602750807742 41.629519760209)
2013770813,02-13-17091,11/29/2013,11-November,6-Friday,08:26,0800 Hours,District 6 (East Central),CASCADE,DUBUQUE,,2ND AVE SW,Collision with:  Vehicle in traffic,On Roadway,"Sideswipe, same direction",Lost Control,None Indicated,None apparent,Daylight,Dry,Clear,None apparent,Non-intersection:  Non-junction/no special feature,Paved,N/A,Property Damage Only,0,0,0,0,0,0,2000,2,1,N/A,POINT (-91.012946612532 42.298058017525)
2013770060,13-1517,11/30/2013,11-November,7-Saturday,13:30,1300 Hours,District 1 (Central),PLEASANT HILL,POLK,IA 163,IA 163 & N HICKORY BLVD,Collision with:  Vehicle in traffic,On Roadway,Rear-end (front to rear),Swerving/Evasive Action,None Indicated,None apparent,Daylight,Dry,Clear,None apparent,Intersection:  Four-way intersection,Paved,N/A,Property Damage Only,0,0,0,0,0,0,10000,3,9,Eastbound (EB),POINT (-93.517020053949 41.59932174333)
2013769954,13-16202,12/01/2013,12-December,1-Sunday,11:36,1100 Hours,District 4 (Southwest),,MILLS,,Co Rd H12/BARRUS RD & Co Rd L55/287TH ST,Collision with fixed object:  Ditch,On Roadway,Non-collision (single vehicle),Ran Stop Sign,None Indicated,None apparent,Daylight,Dry,Cloudy,None apparent,Intersection:  T-intersection,Paved,N/A,Property Damage Only,0,0,0,0,0,0,5000,1,1,N/A,POINT (-95.637343278328 41.145724707641)
2013770690,CL13004158,12/02/2013,12-December,2-Monday,10:49,1000 Hours,District 6 (East Central),CLINTON,CLINTON,,S 2ND ST,Collision with:  Vehicle in traffic,On Roadway,"Sideswipe, same direction",Other (explain in narrative):  Other,None Indicated,None apparent,Daylight,Dry,Cloudy,None apparent,Non-intersection:  Non-junction/no special feature,Paved,N/A,Property Damage Only,0,0,0,0,0,0,7000,3,3,N/A,POINT (-90.188226778155 41.83842718142)
2013770357,13-049263,12/02/2013,12-December,2-Monday,11:58,1100 Hours,District 4 (Southwest),COUNCIL BLUFFS,POTTAWATTAMIE,,AVE H & N 31ST ST,Collision with:  Vehicle in traffic,On Roadway,Broadside (front to side),Other (explain in narrative):  No improper action,None Indicated,None apparent,Daylight,Dry,Clear,None apparent,Non-intersection:  Non-junction/no special feature,Paved,N/A,Property Damage Only,0,0,0,0,0,0,4000,2,2,N/A,POINT (-95.894143276593 41.269048226572)
2013771885,13-13250,12/03/2013,12-December,3-Tuesday,08:07,0800 Hours,District 3 (Northwest),BOYDEN,SIOUX,US 18,US 18/320TH ST,Non-collision events:  Overturn/rollover,Roadside,Non-collision (single vehicle),Crossed centerline (undivided),None Indicated,Weather conditions,Daylight,Ice/frost,"Sleet, hail","Surface condition (e.g., wet, icy)",Non-intersection:  Non-junction/no special feature,Paved,N/A,Possible/Unknown,0,1,0,0,1,0,5000,1,1,Westbound (WB),POINT (-96.017527540207 43.186212388232)
2013770947,197-2013,12/04/2013,12-December,4-Wednesday,05:35,0500 Hours,District 4 (Southwest),,HARRISON,,Co Rd L23/LAREDO AVE,Non-collision events:  Overturn/rollover,On Roadway,Non-collision (single vehicle),Crossed centerline (undivided),None Indicated,Weather conditions,Dark - roadway not lighted,Ice/frost,Rain,None apparent,Non-intersection:  Non-junction/no special feature,Paved,N/A,Property Damage Only,0,0,0,0,0,0,5000,1,1,N/A,POINT (-95.882251244563 41.689750239567)
2013776692,13-107,12/04/2013,12-December,4-Wednesday,09:10,0900 Hours,District 3 (Northwest),SIOUX CENTER,SIOUX,,6TH ST SE & 4TH AVE SE,Collision with:  Vehicle in traffic,On Roadway,Broadside (front to side),FTYROW:  From stop sign,None Indicated,None apparent,Daylight,Snow,Snow,"Surface condition (e.g., wet, icy)",Intersection:  Four-way intersection,Paved,N/A,Property Damage Only,0,0,0,0,0,0,3500,2,3,N/A,POINT (-96.16970349535 43.072353213255)
2013773744,13-40600,12/05/2013,12-December,5-Thursday,22:15,2200 Hours,District 3 (Northwest),SIOUX CITY,WOODBURY,,HAMILTON BLVD,Collision with:  Vehicle in traffic,On Roadway,Rear-end (front to rear),Other (explain in narrative):  Other,None Indicated,None apparent,Dark - roadway lighted,Dry,Clear,None apparent,Non-intersection:  Railroad grade crossing,Paved,N/A,Possible/Unknown,0,1,0,0,0,1,2000,2,2,N/A,POINT (-96.4238708137 42.496004224098)
2013773668,13-5506,12/06/2013,12-December,6-Friday,17:20,1700 Hours,District 6 (East Central),HIAWATHA,LINN,,BLAIRS FERRY RD,N/A,On Roadway,Non-collision (single vehicle),"Operating vehicle in an reckless, erratic, careless, negligent manner",Alcohol (Statutory),None apparent,Dark - roadway lighted,Dry,Clear,Work Zone (roadway-related),Non-intersection:  Non-junction/no special feature,Paved,Yes,Minor Injury,0,1,0,1,0,0,10000,1,1,N/A,POINT (-91.691582540991 42.034771871933)
2013774578,2013065677,12/06/2013,12-December,6-Friday,18:22,1800 Hours,District 1 (Central),,POLK,I-35,I-35 & Co Rd R56/NW 6 DR,Collision with:  Vehicle in traffic,On Roadway,Rear-end (front to rear),Swerving/Evasive Action,Alcohol (Statutory),None apparent,Dark - roadway lighted,Dry,Clear,None apparent,Non-intersection:  Other non-intersection (explain in narrative),Paved,N/A,Possible/Unknown,0,1,0,0,1,0,14000,2,2,No Travel Direction Consistent with Route,POINT (-93.627915476818 41.649480052559)
2013771433,20130038238,12/07/2013,12-December,7-Saturday,07:45,0700 Hours,District 1 (Central),DES MOINES,POLK,I-235,I-235,Collision with:  Vehicle in traffic,On Roadway,Rear-end (front to rear),Lost Control,None Indicated,None apparent,Daylight,Dry,Clear,Work Zone (roadway-related),Non-intersection:  Non-junction/no special feature,Paved,Yes,Possible/Unknown,0,2,0,0,2,0,5000,2,2,Westbound (WB),POINT (-93.689633103655 41.592363038755)
2013772151,13-45563,12/07/2013,12-December,7-Saturday,05:20,0500 Hours,District 5 (Southeast),BURLINGTON,DES MOINES,US 34,US 34,Non-collision events:  Overturn/rollover,On Roadway,Non-collision (single vehicle),"Operating vehicle in an reckless, erratic, careless, negligent manner",Alcohol (Statutory),Unknown,Dark - roadway lighted,Dry,Cloudy,None apparent,Interchange-related:  Off-ramp,Paved,N/A,Minor Injury,0,1,0,1,0,0,5000,1,1,Westbound (WB),POINT (-91.109492037156 40.815673000821)
2013772649,2013066093,12/08/2013,12-December,1-Sunday,17:15,1700 Hours,District 6 (East Central),,CEDAR,I-80,I-80,Collision with fixed object:  Other fixed object (explain in narrative),Median,Non-collision (single vehicle),Ran off road - left,None Indicated,None apparent,Dark - roadway not lighted,Ice/frost,Snow,"Surface condition (e.g., wet, icy)",Non-intersection:  Non-junction/no special feature,Paved,N/A,Property Damage Only,0,0,0,0,0,0,9500,1,2,Westbound (WB),POINT (-91.187170931758 41.653884624619)
2013772289,1300990,12/08/2013,12-December,1-Sunday,11:08,1100 Hours,District 5 (Southeast),WASHINGTON,WASHINGTON,IA 92,IA 92/E WASHINGTON ST & S 12TH AVE,Collision with:  Vehicle in traffic,On Roadway,Rear-end (front to rear),Unknown,None Indicated,Weather conditions,Daylight,Snow,Snow,"Surface condition (e.g., wet, icy)",Intersection:  T-intersection,Paved,N/A,Property Damage Only,0,0,0,0,0,0,2100,2,3,Eastbound (EB),POINT (-91.678499800744 41.298235050989)
2013771374,20130038324,12/08/2013,12-December,1-Sunday,00:04,0000 Hours,District 1 (Central),DES MOINES,POLK,,SE 5TH ST,Collision with fixed object:  Utility pole/light support,Outside trafficway,Non-collision (single vehicle),Exceeded authorized speed,None Indicated,None apparent,Dark - roadway lighted,Dry,Clear,None apparent,Non-intersection:  Non-junction/no special feature,Paved,N/A,Property Damage Only,0,0,0,0,0,0,1800,1,2,N/A,POINT (-93.606250210697 41.559623152747)
2013835546,2013066125,12/08/2013,12-December,1-Sunday,18:00,1800 Hours,District 1 (Central),,HAMILTON,I-35,I-35,Collision with:  Vehicle in traffic,On Roadway,"Sideswipe, same direction",Swerving/Evasive Action,None Indicated,Weather conditions,Dark - roadway not lighted,Ice/frost,Snow,"Surface condition (e.g., wet, icy)",Non-intersection:  Non-junction/no special feature,Paved,N/A,Property Damage Only,0,0,0,0,0,0,8000,2,6,Southbound (SB),POINT (-93.570438533275 42.2527869749)