Iowa DOT Case Number,Law Enforcement Case Number,Date of Crash,Month of Crash,Day of Week,Time of Crash,Hour,DOT District,City Name,County Name,Route with System,Location Description,First Harmful Event,Location of First Harmful Event,Manner of Crash/Collision,Major Cause,Drug or Alcohol ,Environmental Conditions,Light Conditions,Surface Conditions,Weather Conditions,Roadway Contribution,Roadway Type,Roadway Surface,Work Zone,Crash Severity,Number of Fatalities,Number of Injuries,Number of Major Injuries,Number of Minor Injuries,Number of Possible Injuries,Number of Unknown Injuries,Amount of Property Damage,Number of Vehicles Involved,Total Number of Occupants,Travel Direction,Location
2013773155,200-2013,12/08/2013,12-December,1-Sunday,11:00,1100 Hours,District 4 (Southwest),,HARRISON,,Co Rd L20/LOESS HILLS TRL & LAWTON TRL,Collision with fixed object:  Ditch,Shoulder,Non-collision (single vehicle),Driving too fast for conditions,None Indicated,Weather conditions,Daylight,Snow,Snow,"Surface condition (e.g., wet, icy)",Intersection:  T-intersection,Paved,N/A,Minor Injury,0,1,0,1,0,0,4000,1,1,N/A,POINT (-95.894786678094 41.608102982516)
2013772156,01-13-57424,12/09/2013,12-December,2-Monday,17:20,1700 Hours,District 6 (East Central),DUBUQUE,DUBUQUE,US 20,US 20/DODGE ST,Collision with:  Vehicle in traffic,On Roadway,Rear-end (front to rear),Lost Control,None Indicated,None apparent,Dark - roadway lighted,Dry,Cloudy,None apparent,Non-intersection:  Non-junction/no special feature,Paved,N/A,Property Damage Only,0,0,0,0,0,0,5500,2,3,Westbound (WB),POINT (-90.719546627096 42.492110886176)
2013773501,13-125162,12/09/2013,12-December,2-Monday,09:00,0900 Hours,District 2 (Northeast),EVANSDALE,BLACK HAWK,I-380,I-380,Collision with:  Vehicle in traffic,On Roadway,"Sideswipe, same direction",FTYROW:  Other (explain in narrative),None Indicated,Other (explain in narrative),Daylight,Snow,Clear,None apparent,Interchange-related:  On-ramp merge area,Paved,N/A,Property Damage Only,0,0,0,0,0,0,1500,2,2,Ramp,POINT (-92.300472857206 42.458022528539)
2013771854,00201338428,12/09/2013,12-December,2-Monday,08:45,0800 Hours,District 1 (Central),DES MOINES,POLK,IA 28,IA 28/MERLE HAY RD,Collision with:  Vehicle in traffic,On Roadway,Rear-end (front to rear),Followed too close,None Indicated,Weather conditions,Daylight,Snow,Cloudy,"Surface condition (e.g., wet, icy)",Intersection:  Four-way intersection,Paved,N/A,Possible/Unknown,0,1,0,0,1,0,3500,2,2,Southbound (SB),POINT (-93.697809442057 41.631846293992)
2013773963,2013-88501,12/10/2013,12-December,3-Tuesday,12:48,1200 Hours,District 6 (East Central),DAVENPORT,SCOTT,,W 60TH ST,Collision with fixed object:  Ditch,Roadside,Non-collision (single vehicle),Swerving/Evasive Action,None Indicated,None apparent,Daylight,Ice/frost,Clear,"Surface condition (e.g., wet, icy)",Non-intersection:  Driveway access (within),Paved,N/A,Property Damage Only,0,0,0,0,0,0,1500,1,1,N/A,POINT (-90.66640950032 41.581848502883)
2013772347,2013-0321,12/10/2013,12-December,3-Tuesday,18:43,1800 Hours,District 5 (Southeast),CARLISLE,WARREN,IA 5,IA 5/IOWA 5,Collision with:  Animal,N/A,N/A,Animal,None Indicated,N/A,N/A,N/A,N/A,N/A,N/A,Paved,N/A,Property Damage Only,0,0,0,0,0,0,1500,1,1,Unknown - Not Indicated - Unlocated,POINT (-93.446576411721 41.481773704967)
2013773356,2013-23701,12/11/2013,12-December,4-Wednesday,17:20,1700 Hours,District 6 (East Central),RIVERDALE,SCOTT,,S KENSINGTON ST,Collision with:  Animal,N/A,N/A,Animal,None Indicated,N/A,N/A,N/A,N/A,N/A,N/A,Paved,N/A,Property Damage Only,0,0,0,0,0,0,3000,1,1,N/A,POINT (-90.474404647057 41.53284740745)
2013772643,13-41022,12/11/2013,12-December,4-Wednesday,17:39,1700 Hours,District 3 (Northwest),SIOUX CITY,WOODBURY,I-29,I-29 & US 77 & WESLEY PKWY,Collision with:  Vehicle in traffic,On Roadway,Broadside (front to side),Ran Traffic Signal,None Indicated,None apparent,Dark - roadway lighted,Dry,Cloudy,None apparent,Intersection:  Four-way intersection,Paved,N/A,Possible/Unknown,0,1,0,0,1,0,6500,2,2,Northbound (NB),POINT (-96.412778916709 42.491851212594)
2013773654,201327380,12/11/2013,12-December,4-Wednesday,07:50,0700 Hours,District 6 (East Central),CENTER POINT,LINN,,FORD LN,Non-collision events:  Other non-collision (explain in narrative),On Roadway,Non-collision (single vehicle),Ran off road - left,None Indicated,Weather conditions,Daylight,Snow,Snow,"Surface condition (e.g., wet, icy)",Non-intersection:  Non-junction/no special feature,Paved,N/A,Minor Injury,0,2,0,2,0,0,1500,1,2,N/A,POINT (-91.78251511127 42.177666687468)
2013773542,13901235,12/12/2013,12-December,5-Thursday,20:19,2000 Hours,District 6 (East Central),LOWDEN,CEDAR,,4TH ST & HALL AVE,Collision with:  Vehicle in traffic,On Roadway,Unknown,Unknown,None Indicated,None apparent,Dark - roadway lighted,Snow,Clear,None apparent,Intersection:  Four-way intersection,Paved,N/A,Property Damage Only,0,0,0,0,0,0,3500,2,2,N/A,POINT (-90.923980674587 41.858333676315)
2013773183,C13004226,12/12/2013,12-December,5-Thursday,11:45,1100 Hours,District 6 (East Central),CORALVILLE,JOHNSON,,1ST AVE,Collision with:  Vehicle in traffic,On Roadway,"Sideswipe, same direction",Other (explain in narrative):  Other,None Indicated,None apparent,Daylight,Wet,Cloudy,None apparent,Non-intersection:  Non-junction/no special feature,Paved,N/A,Property Damage Only,0,0,0,0,0,0,3000,2,3,N/A,POINT (-91.565937624271 41.668782984606)
2013773278,20130038895,12/13/2013,12-December,6-Friday,07:40,0700 Hours,District 1 (Central),DES MOINES,POLK,US 6,US 6/E EUCLID AVE & DELAWARE AVE,Collision with:  Vehicle in traffic,On Roadway,Rear-end (front to rear),Lost Control,None Indicated,None apparent,Daylight,Dry,Cloudy,None apparent,Intersection:  Four-way intersection,Paved,N/A,Property Damage Only,0,0,0,0,0,0,3000,2,2,Eastbound (EB),POINT (-93.581329339201 41.627729568999)
2013773099,13022289,12/13/2013,12-December,6-Friday,09:55,0900 Hours,District 2 (Northeast),MASON CITY,CERRO GORDO,US 65,US 65/S WASHINGTON AVE & 2ND ST SW,Collision with:  Vehicle in traffic,On Roadway,"Sideswipe, same direction",Made improper turn,None Indicated,None apparent,Daylight,Slush,Cloudy,None apparent,Intersection:  Other intersection (explain in narrative),Paved,N/A,Possible/Unknown,0,1,0,0,1,0,4000,2,3,Southbound (SB),POINT (-93.202632284358 43.149971315914)
2013773212,2013014592,12/14/2013,12-December,7-Saturday,16:15,1600 Hours,District 6 (East Central),IOWA CITY,JOHNSON,,NEVADA AVE,Collision with:  Parked motor vehicle,On Roadway,Head-on (front to front),Unknown,Alcohol (Statutory),None apparent,Dusk,Wet,Clear,None apparent,Non-intersection:  Non-junction/no special feature,Paved,N/A,Minor Injury,0,1,0,1,0,0,18000,2,2,N/A,POINT (-91.502212740049 41.631996687288)
2013773725,S13-004479,12/14/2013,12-December,7-Saturday,11:35,1100 Hours,District 4 (Southwest),,POTTAWATTAMIE,,Co Rd G18/TAMARACK RD & Co Rd G8L/RAILROAD HWY,Collision with:  Animal,N/A,N/A,Animal,None Indicated,N/A,N/A,N/A,N/A,N/A,N/A,Paved,N/A,Property Damage Only,0,0,0,0,0,0,2000,1,1,N/A,POINT (-95.60878506833 41.459334932708)
2013773512,201304922,12/15/2013,12-December,1-Sunday,21:30,2100 Hours,District 1 (Central),,BOONE,,Co Rd R18/L AVE,Collision with:  Animal,N/A,N/A,Animal,None Indicated,N/A,N/A,N/A,N/A,N/A,N/A,Paved,N/A,Property Damage Only,0,0,0,0,0,0,4000,1,1,N/A,POINT (-93.95066560913 42.025341602568)
2013774813,13-016404,12/16/2013,12-December,2-Monday,13:25,1300 Hours,District 5 (Southeast),WINFIELD,HENRY,,E PEARL ST & N CHESTNUT ST,Collision with:  Vehicle in traffic,On Roadway,Broadside (front to side),FTYROW:  At uncontrolled intersection,None Indicated,None apparent,Daylight,Snow,Cloudy,"Surface condition (e.g., wet, icy)",Intersection:  Four-way intersection,Paved,N/A,Property Damage Only,0,0,0,0,0,0,3000,2,3,N/A,POINT (-91.435150019996 41.130797577182)
2013774762,01-13-58288,12/16/2013,12-December,2-Monday,15:18,1500 Hours,District 6 (East Central),DUBUQUE,DUBUQUE,,JOHN F KENNEDY RD,Collision with fixed object:  Other fixed object (explain in narrative),On Roadway,Non-collision (single vehicle),Driving too fast for conditions,None Indicated,Weather conditions,Daylight,Slush,Snow,None apparent,Non-intersection:  Non-junction/no special feature,Paved,N/A,Property Damage Only,0,0,0,0,0,0,1800,1,1,N/A,POINT (-90.721384845058 42.504817852337)
2013773953,2013-89994,12/17/2013,12-December,3-Tuesday,06:00,0600 Hours,District 6 (East Central),DAVENPORT,SCOTT,I-280,I-280,Collision with:  Animal,N/A,N/A,Animal,None Indicated,N/A,N/A,N/A,N/A,N/A,N/A,Paved,N/A,Property Damage Only,0,0,0,0,0,0,5000,1,1,Unknown - Not Indicated - Unlocated,POINT (-90.641416897675 41.4860588388)
2013775541,,12/18/2013,12-December,4-Wednesday,06:20,0600 Hours,District 3 (Northwest),,PALO ALTO,,Co Rd N18/340 AVE,Collision with:  Animal,On Roadway,Non-collision (single vehicle),Animal,None Indicated,N/A,Dark - roadway not lighted,Dry,Cloudy,N/A,Non-intersection:  Non-junction/no special feature,Paved,N/A,Property Damage Only,0,0,0,0,0,0,2300,1,1,N/A,POINT (-94.913643730402 43.09792011292)
2013776089,W-13-2672,12/18/2013,12-December,4-Wednesday,07:00,0700 Hours,District 2 (Northeast),WAUKON,ALLAMAKEE,IA 76,IA 76/9TH ST NW,Collision with:  Vehicle in traffic,Shoulder,"Sideswipe, same direction",Ran off road - right,None Indicated,None apparent,Dawn,Slush,Cloudy,None apparent,Non-intersection:  Driveway access (within),Paved,N/A,Property Damage Only,0,0,0,0,0,0,2570,2,2,Northbound (NB),POINT (-91.489254185107 43.279332593004)
2013775787,2013-90541,12/19/2013,12-December,5-Thursday,10:00,1000 Hours,District 6 (East Central),DAVENPORT,SCOTT,,IA 461/BRADY ST,Collision with fixed object:  Bridge overhead structure,On Roadway,Non-collision (single vehicle),Other (explain in narrative):  Other,None Indicated,None apparent,Daylight,Wet,Cloudy,None apparent,Non-intersection:  Non-junction/no special feature,Paved,N/A,Property Damage Only,0,0,0,0,0,0,3010,1,1,No Travel Direction Consistent with Route,POINT (-90.574062292214 41.524366628391)
2013775925,01-13-58771,12/19/2013,12-December,5-Thursday,23:19,2300 Hours,District 6 (East Central),DUBUQUE,DUBUQUE,,W 23RD ST & VALERIA ST & FRANCIS ST,Collision with:  Vehicle in traffic,On Roadway,"Sideswipe, same direction",Lost Control,None Indicated,Weather conditions,Dark - roadway lighted,Ice/frost,Rain,"Surface condition (e.g., wet, icy)",Intersection:  T-intersection,Paved,N/A,Property Damage Only,0,0,0,0,0,0,2200,2,1,N/A,POINT (-90.673958490631 42.513617242822)
2013774856,2013014811,12/20/2013,12-December,6-Friday,10:14,1000 Hours,District 6 (East Central),IOWA CITY,JOHNSON,,PARK RD,Collision with:  Vehicle in traffic,On Roadway,"Sideswipe, opposite direction",Crossed centerline (undivided),None Indicated,Weather conditions,Daylight,Ice/frost,"Sleet, hail","Surface condition (e.g., wet, icy)",Non-intersection:  Non-junction/no special feature,Paved,N/A,Property Damage Only,0,0,0,0,0,0,6000,2,2,N/A,POINT (-91.552078153804 41.671347272263)
2013775101,13-3057,12/20/2013,12-December,6-Friday,08:30,0800 Hours,District 1 (Central),URBANDALE,POLK,,ROCKLYN DR,Collision with:  Parked motor vehicle,On Roadway,"Sideswipe, opposite direction",Improper Backing,None Indicated,None apparent,Daylight,Ice/frost,Cloudy,None apparent,Non-intersection:  Non-junction/no special feature,Paved,N/A,Property Damage Only,0,0,0,0,0,0,1500,2,2,N/A,POINT (-93.711463913854 41.618017643635)
2013774803,02-13-18280,12/20/2013,12-December,6-Friday,05:55,0500 Hours,District 6 (East Central),,DUBUQUE,US 52,US 52,Collision with fixed object:  Utility pole/light support,Outside trafficway,Non-collision (single vehicle),Ran off road - right,None Indicated,Weather conditions,Dark - roadway not lighted,Ice/frost,"Sleet, hail","Surface condition (e.g., wet, icy)",Non-intersection:  Non-junction/no special feature,Paved,N/A,Property Damage Only,0,0,0,0,0,0,20100,1,1,No Travel Direction Consistent with Route,POINT (-91.040968651308 42.602709438502)
2013775118,13-6054,12/20/2013,12-December,6-Friday,20:18,2000 Hours,District 4 (Southwest),WEST DES MOINES,DALLAS,,VISTA DR & JORDAN CREEK PKWY,Collision with:  Vehicle in traffic,On Roadway,Rear-end (front to rear),Other (explain in narrative):  No improper action,None Indicated,None apparent,Dark - roadway lighted,Ice/frost,Rain,"Surface condition (e.g., wet, icy)",Non-intersection:  Non-junction/no special feature,Paved,N/A,Property Damage Only,0,0,0,0,0,0,4000,2,3,N/A,POINT (-93.809034026712 41.588963710517)
2013826748,13-7410,12/21/2013,12-December,7-Saturday,11:58,1100 Hours,District 6 (East Central),LE CLAIRE,SCOTT,I-80,I-80,Collision with:  Other non-fixed object (explain in narrative),On Roadway,Non-collision (single vehicle),Driving too fast for conditions,None Indicated,Weather conditions,Daylight,Wet,Snow,"Surface condition (e.g., wet, icy)","Interchange-related:  Off-ramp, diverge area",Paved,N/A,Property Damage Only,0,0,0,0,0,0,5500,1,1,Ramp,POINT (-90.371480035084 41.590241583461)
2013775177,13-3725,12/21/2013,12-December,7-Saturday,15:26,1500 Hours,District 1 (Central),FORT DODGE,WEBSTER,,1ST AVE S,Collision with:  Vehicle in traffic,On Roadway,Broadside (front to side),Improper Backing,None Indicated,None apparent,Daylight,Dry,Cloudy,None apparent,Non-intersection:  Non-junction/no special feature,Paved,N/A,Property Damage Only,0,0,0,0,0,0,8000,2,3,N/A,POINT (-94.180051027448 42.505072904249)
2013774992,13-8531,12/22/2013,12-December,1-Sunday,10:30,1000 Hours,District 1 (Central),GRIMES,POLK,,S MAIN ST,Collision with:  Vehicle in traffic,On Roadway,"Sideswipe, opposite direction",Swerving/Evasive Action,None Indicated,None apparent,Daylight,Ice/frost,Cloudy,None apparent,Non-intersection:  Non-junction/no special feature,Paved,N/A,Property Damage Only,0,0,0,0,0,0,1600,2,1,N/A,POINT (-93.791075867178 41.685374966965)
2013775084,20130039864,12/23/2013,12-December,2-Monday,08:00,0800 Hours,District 1 (Central),DES MOINES,POLK,,GEORGE FLAGG PKWY & FLEUR DR,Collision with:  Vehicle in traffic,On Roadway,Rear-end (front to rear),Followed too close,None Indicated,None apparent,Daylight,Ice/frost,Clear,"Surface condition (e.g., wet, icy)",Intersection:  Four-way intersection,Paved,N/A,Property Damage Only,0,0,0,0,0,0,6000,2,4,N/A,POINT (-93.644990687627 41.568599798996)
2013775580,CL13004396,12/23/2013,12-December,2-Monday,14:00,1400 Hours,District 6 (East Central),CLINTON,CLINTON,,2ND AVE S & S 11TH ST,Collision with:  Vehicle in traffic,On Roadway,Broadside (front to side),FTYROW:  From stop sign,None Indicated,None apparent,Daylight,Dry,Clear,None apparent,Intersection:  T-intersection,Paved,N/A,Property Damage Only,0,0,0,0,0,0,4500,2,3,N/A,POINT (-90.211327903521 41.844727458219)
2013775407,20130039956,12/24/2013,12-December,3-Tuesday,07:55,0700 Hours,District 1 (Central),DES MOINES,POLK,,SW 9TH ST,Collision with:  Vehicle in traffic,On Roadway,"Sideswipe, same direction",Other (explain in narrative):  No improper action,None Indicated,None apparent,Dawn,Ice/frost,Clear,None apparent,Non-intersection:  Non-junction/no special feature,Paved,N/A,Property Damage Only,0,0,0,0,0,0,10000,2,2,N/A,POINT (-93.623656255799 41.572635663207)
2013775662,SO13003089,12/25/2013,12-December,4-Wednesday,20:08,2000 Hours,District 3 (Northwest),,PLYMOUTH,US 75,US 75,Collision with fixed object:  Traffic sign support,Roadside,Non-collision (single vehicle),Ran off road - right,None Indicated,None apparent,Dark - roadway not lighted,Dry,Clear,None apparent,Non-intersection:  Non-junction/no special feature,Paved,N/A,Minor Injury,0,1,0,1,0,0,3050,1,1,Northbound (NB),POINT (-96.216269301532 42.739419416558)
2013775700,13-6121,12/25/2013,12-December,4-Wednesday,22:30,2200 Hours,District 1 (Central),WEST DES MOINES,POLK,,WALNUT ST,Collision with:  Vehicle in traffic,On Roadway,Rear-end (front to rear),Driver Distraction:  Reaching for object(s)/fallen object(s),None Indicated,None apparent,Dark - roadway lighted,Wet,Cloudy,None apparent,Non-intersection:  Non-junction/no special feature,Paved,N/A,Property Damage Only,0,0,0,0,0,0,10000,2,1,N/A,POINT (-93.70651700457 41.573858728226)
2013778143,13-7535,12/26/2013,12-December,5-Thursday,00:36,0000 Hours,District 3 (Northwest),CHEROKEE,CHEROKEE,IA 3,IA 3/IOWA 3,Collision with fixed object:  Bridge overhead structure,On Roadway,Non-collision (single vehicle),Swerving/Evasive Action,None Indicated,None apparent,Dark - roadway not lighted,Dry,Cloudy,None apparent,Non-intersection:  Other non-intersection (explain in narrative),Paved,N/A,Property Damage Only,0,0,0,0,0,0,2500,1,2,Eastbound (EB),POINT (-95.528783769958 42.759927676416)
2013778375,20134621,12/27/2013,12-December,6-Friday,02:00,0200 Hours,District 1 (Central),,GRUNDY,,Co Rd D17/120TH ST,Non-collision events:  Other non-collision (explain in narrative),Outside trafficway,Non-collision (single vehicle),Crossed centerline (undivided),None Indicated,None apparent,Dark - roadway not lighted,Dry,Clear,None apparent,Non-intersection:  Driveway access (within),Paved,N/A,Property Damage Only,0,0,0,0,0,0,3000,1,1,N/A,POINT (-92.694678011957 42.527852935846)
2013776265,13-008034,12/28/2013,12-December,7-Saturday,15:25,1500 Hours,District 3 (Northwest),,MONONA,,Co Rd L32/L32,Collision with:  Vehicle in traffic,On Roadway,Non-collision (single vehicle),Swerving/Evasive Action,None Indicated,None apparent,Daylight,"Mud, dirt",Clear,"Surface condition (e.g., wet, icy)",Intersection:  T-intersection,Paved,N/A,Minor Injury,0,2,0,1,1,0,250,1,2,N/A,POINT (-95.787755148035 42.152045752665)
2013776250,201319623,12/28/2013,12-December,7-Saturday,13:30,1300 Hours,District 6 (East Central),CEDAR RAPIDS,LINN,,3RD AVE SE & 7TH ST SE,Collision with:  Parked motor vehicle,On Roadway,Rear-end (front to rear),Lost Control,None Indicated,None apparent,Daylight,Wet,Clear,None apparent,Intersection:  Four-way intersection,Paved,N/A,Property Damage Only,0,0,0,0,0,0,6000,4,777,N/A,POINT (-91.661425912074 41.980178568238)
2013776482,W13-131892,12/30/2013,12-December,2-Monday,14:53,1400 Hours,District 2 (Northeast),WATERLOO,BLACK HAWK,US 63,US 63/E MULLAN AVE & CONGER ST & NEWELL ST,Collision with:  Vehicle in traffic,On Roadway,"Angle, oncoming left turn",FTYROW:  Making left turn,None Indicated,Weather conditions,Daylight,Snow,Snow,"Surface condition (e.g., wet, icy)",Intersection:  Four-way intersection,Paved,N/A,Possible/Unknown,0,1,0,0,1,0,4000,2,3,No Travel Direction Consistent with Route,POINT (-92.336681462018 42.513155456962)
2013777860,2013070496,12/30/2013,12-December,2-Monday,16:15,1600 Hours,District 6 (East Central),,IOWA,I-80,I-80,Collision with:  Vehicle in traffic,On Roadway,Rear-end (front to rear),Followed too close,None Indicated,Weather conditions,Daylight,Ice/frost,Snow,"Surface condition (e.g., wet, icy)",Non-intersection:  Non-junction/no special feature,Paved,N/A,Property Damage Only,0,0,0,0,0,0,7000,2,3,Westbound (WB),POINT (-91.926277481731 41.687864447602)
2013777407,2013070480,12/30/2013,12-December,2-Monday,16:00,1600 Hours,District 1 (Central),,POLK,I-35,I-35,Collision with fixed object:  Traffic sign support,On Roadway,Non-collision (single vehicle),Driving too fast for conditions,None Indicated,Weather conditions,Daylight,Snow,"Blowing sand, soil, dirt","Surface condition (e.g., wet, icy)",Non-intersection:  Non-junction/no special feature,Paved,N/A,Property Damage Only,0,0,0,0,0,0,1800,1,1,Ramp,POINT (-93.594453262533 41.650216424887)
2013777438,,12/30/2013,12-December,2-Monday,18:01,1800 Hours,District 6 (East Central),,JOHNSON,I-380,I-380,Collision with:  Vehicle in traffic,On Roadway,"Sideswipe, same direction",Unknown,None Indicated,N/A,Dark - roadway not lighted,Ice/frost,Snow,N/A,Non-intersection:  Non-junction/no special feature,Paved,N/A,Property Damage Only,0,0,0,0,0,0,3500,2,3,Unknown - Not Indicated - Unlocated,POINT (-91.663332461871 41.835735823067)
2013776833,W13-132304,12/31/2013,12-December,3-Tuesday,16:27,1600 Hours,District 2 (Northeast),WATERLOO,BLACK HAWK,,RAINBOW DR,Collision with:  Vehicle in traffic,On Roadway,"Sideswipe, opposite direction",Driving too fast for conditions,None Indicated,Weather conditions,Daylight,Snow,Snow,"Surface condition (e.g., wet, icy)",Non-intersection:  Non-junction/no special feature,Paved,N/A,Property Damage Only,0,0,0,0,0,0,3000,2,2,N/A,POINT (-92.379855082857 42.509848927336)
2013777846,2013070619,12/31/2013,12-December,3-Tuesday,08:05,0800 Hours,District 6 (East Central),CORALVILLE,JOHNSON,I-80,I-80,Collision with fixed object:  Concrete traffic barrier (median or right side),On Roadway,Non-collision (single vehicle),Ran off road - left,None Indicated,None apparent,Daylight,Ice/frost,Cloudy,"Surface condition (e.g., wet, icy)",Non-intersection:  Non-junction/no special feature,Paved,N/A,Property Damage Only,0,0,0,0,0,0,7500,1,2,Eastbound (EB),POINT (-91.583572880896 41.689537323713)
2014777123,2014000110,01/01/2014,01-January,4-Wednesday,12:20,1200 Hours,District 1 (Central),,POLK,I-35,I-35,Collision with:  Vehicle in traffic,On Roadway,"Sideswipe, same direction",Driving too fast for conditions,None Indicated,Weather conditions,Daylight,Snow,Snow,"Surface condition (e.g., wet, icy)",Non-intersection:  Other non-intersection (explain in narrative),Paved,N/A,Property Damage Only,0,0,0,0,0,0,10400,2,3,Northbound (NB),POINT (-93.665804271088 41.650698962464)
2014778079,2014000054,01/01/2014,01-January,4-Wednesday,09:38,0900 Hours,District 4 (Southwest),,POTTAWATTAMIE,I-80,I-80,Collision with:  Vehicle in traffic,On Roadway,Rear-end (front to rear),Driving too fast for conditions,None Indicated,Weather conditions,Daylight,Snow,Snow,"Surface condition (e.g., wet, icy)",Non-intersection:  Non-junction/no special feature,Paved,N/A,Minor Injury,0,2,0,2,0,0,8500,2,3,Eastbound (EB),POINT (-95.694943555124 41.35735900379)
2014777728,20140000137,01/02/2014,01-January,5-Thursday,13:01,1300 Hours,District 1 (Central),DES MOINES,POLK,US 69,US 69/E 15TH ST & CAPITOL AVE,Collision with:  Vehicle in traffic,On Roadway,"Sideswipe, same direction",Improper or erratic lane changing,None Indicated,None apparent,Daylight,Snow,Clear,None apparent,Non-intersection:  Non-junction/no special feature,Paved,N/A,Possible/Unknown,0,1,0,0,1,0,7000,2,3,Northbound (NB),POINT (-93.59494787778 41.593000099795)
2014778642,,01/02/2014,01-January,5-Thursday,15:54,1500 Hours,District 2 (Northeast),,BUTLER,IA 14,IA 14/IOWA 14,Collision with:  Vehicle in traffic,On Roadway,"Sideswipe, opposite direction",FTYROW:  Other (explain in narrative),None Indicated,None apparent,Daylight,Dry,Clear,None apparent,Non-intersection:  Non-junction/no special feature,Paved,N/A,Possible/Unknown,0,1,0,0,1,0,15750,2,3,Both North and South,POINT (-92.81004361899 42.876527212719)
2014797989,140065PD,01/03/2014,01-January,6-Friday,17:33,1700 Hours,District 1 (Central),BOONE,BOONE,,16TH ST & STORY ST,Collision with:  Vehicle in traffic,On Roadway,Rear-end (front to rear),Lost Control,None Indicated,None apparent,Dark - roadway lighted,Ice/frost,Clear,"Surface condition (e.g., wet, icy)",Non-intersection:  Other non-intersection (explain in narrative),Paved,N/A,Possible/Unknown,0,1,0,0,1,0,2200,2,4,N/A,POINT (-93.88007821995 42.072053760783)
2014777246,201400145,01/03/2014,01-January,6-Friday,15:40,1500 Hours,District 6 (East Central),CEDAR RAPIDS,LINN,IA 100,IA 100/COLLINS RD NE & C AVE NE,Collision with:  Vehicle in traffic,On Roadway,Rear-end (front to rear),Ran Traffic Signal,None Indicated,None apparent,Daylight,Ice/frost,Clear,None apparent,Intersection:  Four-way intersection,Paved,N/A,Property Damage Only,0,0,0,0,0,0,6000,3,3,Eastbound (EB),POINT (-91.638496204623 42.02810207381)
2014777754,20140000304,01/04/2014,01-January,7-Saturday,09:32,0900 Hours,District 1 (Central),DES MOINES,POLK,,HIGH ST & 29TH ST,Collision with:  Vehicle in traffic,On Roadway,Broadside (front to side),Ran Stop Sign,None Indicated,None apparent,Daylight,Slush,Cloudy,"Surface condition (e.g., wet, icy)",Intersection:  Four-way intersection,Paved,N/A,Property Damage Only,0,0,0,0,0,0,4000,2,2,N/A,POINT (-93.656584280859 41.587098142441)
2014778030,2014-774,01/04/2014,01-January,7-Saturday,15:03,1500 Hours,District 6 (East Central),DAVENPORT,SCOTT,,N DIVISION ST,Collision with fixed object:  Utility pole/light support,On Roadway,Non-collision (single vehicle),Driving too fast for conditions,None Indicated,None apparent,Daylight,Snow,Snow,"Surface condition (e.g., wet, icy)",Non-intersection:  Driveway access (within),Paved,N/A,Property Damage Only,0,0,0,0,0,0,4000,1,3,N/A,POINT (-90.601112832564 41.529194439283)
2014778209,201400290,01/06/2014,01-January,2-Monday,20:27,2000 Hours,District 6 (East Central),CEDAR RAPIDS,LINN,,32ND ST NE,Collision with fixed object:  Curb/island/raised median,On Roadway,Non-collision (single vehicle),Ran off road - right,None Indicated,None apparent,Dark - roadway lighted,Dry,Clear,None apparent,Non-intersection:  Non-junction/no special feature,Paved,N/A,Minor Injury,0,2,0,2,0,0,25500,1,3,N/A,POINT (-91.642408995698 42.009982578381)
2014779056,14S00029,01/07/2014,01-January,3-Tuesday,07:30,0700 Hours,District 4 (Southwest),,UNION,,Co Rd P17/BEECHWOOD AVE,Collision with fixed object:  Ditch,On Roadway,Non-collision (single vehicle),Swerving/Evasive Action,None Indicated,None apparent,Daylight,Dry,Cloudy,None apparent,Non-intersection:  Non-junction/no special feature,Unpaved,N/A,Property Damage Only,0,0,0,0,0,0,2700,1,2,N/A,POINT (-94.45214826331 41.059401445446)
2014778718,20140000642,01/08/2014,01-January,4-Wednesday,14:00,1400 Hours,District 1 (Central),DES MOINES,POLK,IA 28,IA 28/MERLE HAY RD & DOUGLAS AVE,Collision with:  Vehicle in traffic,On Roadway,Rear-end (front to rear),Followed too close,None Indicated,None apparent,Daylight,Dry,Cloudy,None apparent,Non-intersection:  Non-junction/no special feature,Paved,N/A,Possible/Unknown,0,1,0,0,0,1,2000,2,2,No Travel Direction Consistent with Route,POINT (-93.697807614031 41.6294503981)
2014778445,20140000736,01/09/2014,01-January,5-Thursday,11:40,1100 Hours,District 1 (Central),DES MOINES,POLK,,LYON ST,Collision with:  Vehicle in traffic,On Roadway,Broadside (front to side),FTYROW:  From driveway,None Indicated,None apparent,Daylight,Ice/frost,Cloudy,None apparent,Non-intersection:  Driveway access (within),Paved,N/A,Property Damage Only,0,0,0,0,0,0,1600,2,3,N/A,POINT (-93.571804784741 41.597305903771)
2014778969,20140000707,01/09/2014,01-January,5-Thursday,06:15,0600 Hours,District 1 (Central),DES MOINES,POLK,,CROCKER ST & 7TH ST,Collision with:  Vehicle in traffic,On Roadway,Broadside (front to side),Ran Traffic Signal,None Indicated,None apparent,Dark - roadway lighted,Dry,Clear,None apparent,Intersection:  Four-way intersection,Paved,N/A,Possible/Unknown,0,1,0,0,1,0,10000,2,2,N/A,POINT (-93.626892139829 41.593442847474)
2014778819,W14-003083,01/10/2014,01-January,6-Friday,15:00,1500 Hours,District 2 (Northeast),WATERLOO,BLACK HAWK,,BUTLER AVE & IDAHO ST,Collision with:  Vehicle in traffic,On Roadway,"Sideswipe, opposite direction",Driving too fast for conditions,None Indicated,Weather conditions,Daylight,Slush,"Sleet, hail","Surface condition (e.g., wet, icy)",Non-intersection:  Non-junction/no special feature,Paved,N/A,Property Damage Only,0,0,0,0,0,0,8000,2,3,N/A,POINT (-92.307781249646 42.492343201722)