Iowa DOT Case Number,Law Enforcement Case Number,Date of Crash,Month of Crash,Day of Week,Time of Crash,Hour,DOT District,City Name,County Name,Route with System,Location Description,First Harmful Event,Location of First Harmful Event,Manner of Crash/Collision,Major Cause,Drug or Alcohol ,Environmental Conditions,Light Conditions,Surface Conditions,Weather Conditions,Roadway Contribution,Roadway Type,Roadway Surface,Work Zone,Crash Severity,Number of Fatalities,Number of Injuries,Number of Major Injuries,Number of Minor Injuries,Number of Possible Injuries,Number of Unknown Injuries,Amount of Property Damage,Number of Vehicles Involved,Total Number of Occupants,Travel Direction,Location
2014778980,20140000806,01/10/2014,01-January,6-Friday,00:01,0000 Hours,District 1 (Central),DES MOINES,POLK,,URBANDALE AVE,Collision with:  Parked motor vehicle,On Roadway,Unknown,Unknown,None Indicated,None apparent,Dark - roadway lighted,Dry,Cloudy,None apparent,Non-intersection:  Non-junction/no special feature,Paved,N/A,Property Damage Only,0,0,0,0,0,0,4000,2,1,N/A,POINT (-93.677219238166 41.621476079455)
2014782142,14-555,01/10/2014,01-January,6-Friday,16:56,1600 Hours,District 6 (East Central),BETTENDORF,SCOTT,,WINSTON DR & GLENVALE CT,Collision with:  Parked motor vehicle,On Roadway,Rear-end (front to rear),"Operating vehicle in an reckless, erratic, careless, negligent manner",None Indicated,None apparent,Dark - roadway lighted,Slush,Rain,None apparent,Non-intersection:  Non-junction/no special feature,Paved,N/A,Property Damage Only,0,0,0,0,0,0,3500,2,3,N/A,POINT (-90.486198741633 41.564709166148)
2014779130,2014002439,01/11/2014,01-January,7-Saturday,09:10,0900 Hours,District 5 (Southeast),,WARREN,I-35,I-35,Collision with:  Vehicle in traffic,On Roadway,"Sideswipe, same direction",Unknown,None Indicated,None apparent,Daylight,Wet,Clear,Work Zone (roadway-related),Non-intersection:  Other non-intersection (explain in narrative),Paved,Yes,Property Damage Only,0,0,0,0,0,0,3000,2,3,Southbound (SB),POINT (-93.78012942542 41.482039710493)
2014779061,201400001855,01/12/2014,01-January,1-Sunday,07:50,0700 Hours,District 5 (Southeast),OTTUMWA,WAPELLO,,CHESTER AVE & N FERRY ST,Collision with:  Vehicle in traffic,On Roadway,Broadside (front to side),FTYROW:  From stop sign,None Indicated,None apparent,Daylight,Dry,Clear,None apparent,Intersection:  Four-way intersection,Paved,N/A,Property Damage Only,0,0,0,0,0,0,1900,2,3,N/A,POINT (-92.433677165897 41.00378801336)
2014780637,14000584,01/13/2014,01-January,2-Monday,18:55,1800 Hours,District 6 (East Central),,CEDAR,,Co Rd F44/290TH & Co Rd Y26/YANKEE AVE,Collision with fixed object:  Ditch,Roadside,Non-collision (single vehicle),Ran off road - left,None Indicated,None apparent,Dark - roadway not lighted,Dry,Clear,None apparent,Intersection:  Four-way intersection,Paved,N/A,Property Damage Only,0,0,0,0,0,0,2500,1,1,N/A,POINT (-90.918841468116 41.669899653582)
2014779469,14010254,01/14/2014,01-January,3-Tuesday,04:08,0400 Hours,District 5 (Southeast),,WAPELLO,US 63,US 63,Non-collision events:  Overturn/rollover,Roadside,Non-collision (single vehicle),Driving too fast for conditions,None Indicated,Weather conditions,Dark - roadway not lighted,Ice/frost,"Sleet, hail","Surface condition (e.g., wet, icy)",Non-intersection:  Non-junction/no special feature,Paved,N/A,Minor Injury,0,1,0,1,0,0,20000,1,1,No Travel Direction Consistent with Route,POINT (-92.476405237222 41.09637717349)
2014780355,PD1400405,01/14/2014,01-January,3-Tuesday,06:13,0600 Hours,District 5 (Southeast),FAIRFIELD,JEFFERSON,IA 1,IA 1/S MAIN ST & W WASHINGTON AVE & E WASHINGTON AVE,Collision with:  Vehicle in traffic,On Roadway,Rear-end (front to rear),Lost Control,None Indicated,Weather conditions,Dark - roadway lighted,Ice/frost,"Sleet, hail","Surface condition (e.g., wet, icy)",Intersection:  Four-way intersection,Paved,N/A,Property Damage Only,0,0,0,0,0,0,2000,2,1,No Travel Direction Consistent with Route,POINT (-91.96377919509 41.005638070037)
2014779860,14-803,01/15/2014,01-January,4-Wednesday,08:22,0800 Hours,District 6 (East Central),BETTENDORF,SCOTT,,CENTRAL AVE & 19TH ST,Collision with:  Vehicle in traffic,On Roadway,"Angle, oncoming left turn",FTYROW:  From stop sign,None Indicated,None apparent,Daylight,Dry,Clear,None apparent,Intersection:  Four-way intersection,Paved,N/A,Property Damage Only,0,0,0,0,0,0,2000,2,5,N/A,POINT (-90.505419222945 41.531426304106)
2014779811,20140001415,01/16/2014,01-January,5-Thursday,13:10,1300 Hours,District 1 (Central),DES MOINES,POLK,US 6,US 6/E EUCLID AVE,Collision with:  Vehicle in traffic,On Roadway,"Sideswipe, same direction",FTYROW:  Other (explain in narrative),None Indicated,None apparent,Daylight,Wet,Snow,None apparent,Non-intersection:  Non-junction/no special feature,Paved,N/A,Possible/Unknown,0,1,0,0,1,0,7000,2,2,Westbound (WB),POINT (-93.605086963101 41.627715055632)
2014782494,2014-01003,01/16/2014,01-January,5-Thursday,16:42,1600 Hours,District 5 (Southeast),,WARREN,US 65,US 65 & Co Rd G24/HWY G24,Non-collision events:  Other non-collision (explain in narrative),On Roadway,Non-collision (single vehicle),Swerving/Evasive Action,None Indicated,Weather conditions,Dark - roadway lighted,Ice/frost,"Blowing sand, soil, dirt","Surface condition (e.g., wet, icy)",Non-intersection:  Crossover-related,Paved,N/A,Property Damage Only,0,0,0,0,0,0,3510,1,4,Northbound (NB),POINT (-93.558595202354 41.4400030462)
2014780215,2014003438,01/16/2014,01-January,5-Thursday,14:05,1400 Hours,District 3 (Northwest),,SIOUX,IA 10,IA 10/460TH ST,Collision with:  Vehicle in traffic,On Roadway,Rear-end (front to rear),Driving too fast for conditions,None Indicated,Weather conditions,Daylight,Ice/frost,"Blowing sand, soil, dirt","Surface condition (e.g., wet, icy)",Non-intersection:  Non-junction/no special feature,Paved,N/A,Minor Injury,0,2,0,2,0,0,11000,2,2,Eastbound (EB),POINT (-95.92663907667 42.982416388641)
2014781237,,01/17/2014,01-January,6-Friday,11:22,1100 Hours,District 1 (Central),MONROE,JASPER,,E MILLS ST & S MAIN ST,Collision with:  Vehicle in traffic,On Roadway,Broadside (front to side),Crossed centerline (undivided),None Indicated,None apparent,Daylight,Ice/frost,Clear,"Surface condition (e.g., wet, icy)",Intersection:  T-intersection,Paved,N/A,Property Damage Only,0,0,0,0,0,0,6000,2,2,N/A,POINT (-93.100481195955 41.518905756502)
2014780225,2014003839,01/17/2014,01-January,6-Friday,21:00,2100 Hours,District 6 (East Central),,DUBUQUE,IA 136,IA 136/IOWA 136,Collision with:  Animal,N/A,N/A,Animal,None Indicated,N/A,N/A,N/A,N/A,N/A,N/A,Paved,N/A,Property Damage Only,0,0,0,0,0,0,2500,1,1,Unknown - Not Indicated - Unlocated,POINT (-91.116712857308 42.43465105449)
2014780162,14-002225,01/18/2014,01-January,7-Saturday,10:21,1000 Hours,District 4 (Southwest),COUNCIL BLUFFS,POTTAWATTAMIE,I-29,I-29 & NEBRASKA AVE & RIVER RD,Collision with:  Vehicle in traffic,On Roadway,Rear-end (front to rear),Lost Control,None Indicated,None apparent,Daylight,Wet,Rain,None apparent,Non-intersection:  Non-junction/no special feature,Paved,N/A,Property Damage Only,0,0,0,0,0,0,10500,3,5,Ramp,POINT (-95.906846082093 41.241114585849)
2014780998,P14-000784,01/18/2014,01-January,7-Saturday,12:31,1200 Hours,District 1 (Central),WEBSTER CITY,HAMILTON,,SUPERIOR ST,Collision with:  Vehicle in traffic,On Roadway,"Sideswipe, same direction",Swerving/Evasive Action,None Indicated,None apparent,Daylight,Slush,Cloudy,None apparent,Non-intersection:  Non-junction/no special feature,Paved,N/A,Property Damage Only,0,0,0,0,0,0,3500,2,4,N/A,POINT (-93.815854078054 42.462332839811)
2014780063,14-0418,01/19/2014,01-January,1-Sunday,18:04,1800 Hours,District 1 (Central),POLK CITY,POLK,IA 415,IA 415/NW POLK CITY DR,Collision with:  Vehicle in traffic,On Roadway,Broadside (front to side),FTYROW:  Other (explain in narrative),None Indicated,None apparent,Dark - roadway not lighted,Dry,Clear,None apparent,Non-intersection:  Non-junction/no special feature,Paved,N/A,Property Damage Only,0,0,0,0,0,0,4700,2,7,Northbound (NB),POINT (-93.688741034986 41.753118206218)
2014780301,W14-006550,01/20/2014,01-January,2-Monday,17:24,1700 Hours,District 2 (Northeast),WATERLOO,BLACK HAWK,US 63,US 63/W MULLAN AVE,Collision with:  Vehicle in traffic,On Roadway,Rear-end (front to rear),Driving too fast for conditions,None Indicated,None apparent,Dark - roadway lighted,Snow,Snow,"Surface condition (e.g., wet, icy)",Non-intersection:  Non-junction/no special feature,Paved,N/A,Major Injury,0,1,1,0,0,0,1200,2,2,No Travel Direction Consistent with Route,POINT (-92.344607777784 42.499007892527)
2014780999,P14-000869,01/20/2014,01-January,2-Monday,15:30,1500 Hours,District 1 (Central),WEBSTER CITY,HAMILTON,,2ND ST,Collision with:  Parked motor vehicle,Outside trafficway,Rear-end (front to rear),FTYROW:  From parked position,None Indicated,None apparent,Daylight,Wet,Snow,None apparent,Non-intersection:  Non-junction/no special feature,Paved,N/A,Property Damage Only,0,0,0,0,0,0,2000,2,1,N/A,POINT (-93.816261889522 42.469381517604)
2014785095,2014-4803,01/21/2014,01-January,3-Tuesday,23:17,2300 Hours,District 6 (East Central),DAVENPORT,SCOTT,I-80,I-80,Collision with:  Parked motor vehicle,Roadside,Rear-end (front to rear),Illegally Parked/Unattended,None Indicated,None apparent,Dark - roadway lighted,Dry,Clear,None apparent,Interchange-related:  On-ramp,Paved,N/A,Property Damage Only,0,0,0,0,0,0,8000,2,1,Ramp,POINT (-90.57271969705 41.595794885386)
2014781784,2014004445,01/21/2014,01-January,3-Tuesday,08:20,0800 Hours,District 6 (East Central),,JOHNSON,I-80,I-80,Collision with fixed object:  Traffic sign support,On Roadway,Non-collision (single vehicle),Ran off road - right,None Indicated,None apparent,Daylight,Ice/frost,Clear,"Surface condition (e.g., wet, icy)",Non-intersection:  Non-junction/no special feature,Paved,N/A,Property Damage Only,0,0,0,0,0,0,8200,1,1,Eastbound (EB),POINT (-91.407477142447 41.667173553743)
2014780766,14001397,01/21/2014,01-January,3-Tuesday,10:30,1000 Hours,District 6 (East Central),MARION,LINN,,7TH AVE & 3RD ST,Collision with:  Vehicle in traffic,On Roadway,Rear-end (front to rear),Followed too close,None Indicated,None apparent,Daylight,Ice/frost,Clear,"Surface condition (e.g., wet, icy)",Non-intersection:  Non-junction/no special feature,Paved,N/A,Property Damage Only,0,0,0,0,0,0,4000,2,2,N/A,POINT (-91.60773999041 42.033145879353)
2014781046,201401098,01/22/2014,01-January,4-Wednesday,17:01,1700 Hours,District 6 (East Central),CEDAR RAPIDS,LINN,IA 922,IA 922/1ST AVE E,Collision with:  Vehicle in traffic,On Roadway,Rear-end (front to rear),Other (explain in narrative):  Other,None Indicated,None apparent,Dusk,Slush,Cloudy,None apparent,Intersection:  Four-way intersection,Paved,N/A,Property Damage Only,0,0,0,0,0,0,2000,2,4,No Travel Direction Consistent with Route,POINT (-91.632623445254 42.019178999423)
2014781021,2014000738,01/22/2014,01-January,4-Wednesday,11:34,1100 Hours,District 6 (East Central),IOWA CITY,JOHNSON,,IOWA AVE,Collision with:  Vehicle in traffic,On Roadway,Rear-end (front to rear),Driving too fast for conditions,None Indicated,None apparent,Daylight,Ice/frost,Snow,"Surface condition (e.g., wet, icy)",Non-intersection:  Other non-intersection (explain in narrative),Paved,N/A,Property Damage Only,0,0,0,0,0,0,2000,2,3,N/A,POINT (-91.541975168002 41.661248946901)
2014781680,S14-000221,01/23/2014,01-January,5-Thursday,16:30,1600 Hours,District 4 (Southwest),COUNCIL BLUFFS,POTTAWATTAMIE,,Co Rd L35/WABASH AVE,Collision with fixed object:  Ditch,On Roadway,Non-collision (single vehicle),Crossed centerline (undivided),None Indicated,None apparent,Daylight,"Mud, dirt",Clear,None apparent,Non-intersection:  Non-junction/no special feature,Paved,N/A,Property Damage Only,0,0,0,0,0,0,6000,1,1,N/A,POINT (-95.77758002491 41.180668102257)
2014781383,14-000351,01/24/2014,01-January,6-Friday,09:08,0900 Hours,District 1 (Central),ANKENY,POLK,,SW PRAIRIE TRAIL PKWY,Collision with fixed object:  Utility pole/light support,Median,Non-collision (single vehicle),Lost Control,None Indicated,None apparent,Daylight,Dry,Cloudy,None apparent,Non-intersection:  Non-junction/no special feature,Paved,N/A,Property Damage Only,0,0,0,0,0,0,11000,1,1,N/A,POINT (-93.616145674305 41.711089325973)
2014781660,20140002161,01/24/2014,01-January,6-Friday,19:17,1900 Hours,District 1 (Central),DES MOINES,POLK,,BENNETT AVE & MLK JR PKWY,Collision with:  Vehicle in traffic,On Roadway,Rear-end (front to rear),Lost Control,Alcohol (Statutory),None apparent,Dark - roadway lighted,Dry,Cloudy,None apparent,Non-intersection:  Non-junction/no special feature,Paved,N/A,Property Damage Only,0,0,0,0,0,0,11500,2,5,N/A,POINT (-93.647392958924 41.618180151022)
2014781940,2014-5598,01/25/2014,01-January,7-Saturday,16:52,1600 Hours,District 6 (East Central),DAVENPORT,SCOTT,US 6,US 6/E KIMBERLY RD,Collision with:  Vehicle in traffic,On Roadway,"Sideswipe, same direction",FTYROW:  Other (explain in narrative),None Indicated,None apparent,Daylight,Dry,Clear,None apparent,Intersection:  Four-way intersection,Paved,N/A,Possible/Unknown,0,2,0,0,2,0,4000,2,5,Westbound (WB),POINT (-90.533676931861 41.556776659027)
2014787880,,01/26/2014,01-January,1-Sunday,19:01,1900 Hours,District 5 (Southeast),,MUSCATINE,US 61,US 61,Collision with fixed object:  Other fixed object (explain in narrative),On Roadway,Non-collision (single vehicle),Swerving/Evasive Action,None Indicated,Weather conditions,Dark - roadway not lighted,Ice/frost,"Blowing sand, soil, dirt","Surface condition (e.g., wet, icy)",Non-intersection:  Non-junction/no special feature,Paved,N/A,Property Damage Only,0,0,0,0,0,0,5500,1,1,Southbound (SB),POINT (-91.193203969977 41.343034365653)
2014783984,2014-5983,01/27/2014,01-January,2-Monday,20:15,2000 Hours,District 6 (East Central),DAVENPORT,SCOTT,,E LOCUST ST & IOWA ST,Collision with fixed object:  Utility pole/light support,On Roadway,Non-collision (single vehicle),Swerving/Evasive Action,None Indicated,None apparent,Dark - roadway lighted,Wet,Cloudy,None apparent,Non-intersection:  Non-junction/no special feature,Paved,N/A,Property Damage Only,0,0,0,0,0,0,1500,1,1,N/A,POINT (-90.569658679073 41.53826956313)
2014782351,2014006703,01/28/2014,01-January,3-Tuesday,19:47,1900 Hours,District 5 (Southeast),,MARION,IA 5,IA 5/NE RAMP,Collision with:  Other non-fixed object (explain in narrative),Roadside,Non-collision (single vehicle),Ran off road - left,Alcohol (Statutory),None apparent,Dark - roadway lighted,Dry,Clear,None apparent,Intersection:  Intersection with ramp,Paved,N/A,Property Damage Only,0,0,0,0,0,0,3000,1,1,Ramp,POINT (-93.261521201347 41.354733061732)
2014783177,,01/28/2014,01-January,3-Tuesday,15:48,1500 Hours,District 6 (East Central),CEDAR RAPIDS,LINN,,15TH AVE SW & L ST SW,Collision with fixed object:  Impact attenuator/crash cushion,On Roadway,"Angle, oncoming left turn",Unknown,None Indicated,N/A,Daylight,Wet,Clear,N/A,Intersection:  Four-way intersection,Paved,N/A,Property Damage Only,0,0,0,0,0,0,6580,2,3,N/A,POINT (-91.671494441085 41.962678922835)
2014782303,14-003875,01/29/2014,01-January,4-Wednesday,18:00,1800 Hours,District 4 (Southwest),COUNCIL BLUFFS,POTTAWATTAMIE,,AVE B,Collision with:  Vehicle in traffic,On Roadway,"Sideswipe, same direction",Lost Control,None Indicated,None apparent,Unknown,Dry,Clear,None apparent,Non-intersection:  Non-junction/no special feature,Paved,N/A,Property Damage Only,0,0,0,0,0,0,1500,2,1,N/A,POINT (-95.865149060692 41.263613701644)
2014782739,14-000419,01/30/2014,01-January,5-Thursday,17:44,1700 Hours,District 3 (Northwest),LARCHWOOD,LYON,IA 9,IA 9/HOLDER ST & RULLAND ST,Collision with:  Vehicle in traffic,On Roadway,Broadside (front to side),FTYROW:  From stop sign,None Indicated,None apparent,Dusk,Dry,Clear,None apparent,Intersection:  Four-way intersection,Paved,N/A,Property Damage Only,0,0,0,0,0,0,3000,2,2,Westbound (WB),POINT (-96.437136981709 43.452935679461)
2014794324,SO140041,01/30/2014,01-January,5-Thursday,09:28,0900 Hours,District 4 (Southwest),,ADAMS,IA 148,IA 148/JUNIPER AVE,Collision with fixed object:  Ditch,On Roadway,Non-collision (single vehicle),Ran off road - left,None Indicated,Weather conditions,Daylight,Ice/frost,"Sleet, hail","Surface condition (e.g., wet, icy)",Non-intersection:  Non-junction/no special feature,Paved,N/A,Property Damage Only,0,0,0,0,0,0,2000,1,1,No Travel Direction Consistent with Route,POINT (-94.73731756584 40.971124777583)
2014786548,,01/31/2014,01-January,6-Friday,16:31,1600 Hours,District 1 (Central),DES MOINES,POLK,,PARK AVE & SW 14TH ST,Collision with:  Vehicle in traffic,On Roadway,Rear-end (front to rear),Unknown,None Indicated,N/A,Daylight,Dry,Clear,N/A,Intersection:  Four-way intersection,Paved,N/A,Minor Injury,0,1,0,1,0,0,1500,2,3,N/A,POINT (-93.635326569131 41.555439911217)
2014782870,14-0306,02/01/2014,02-February,7-Saturday,09:30,0900 Hours,District 1 (Central),FORT DODGE,WEBSTER,,200TH ST & 5TH AVE S & OLD US 20 & S 42ND ST,Collision with:  Vehicle in traffic,On Roadway,Rear-end (front to rear),Swerving/Evasive Action,None Indicated,None apparent,Daylight,Snow,Snow,"Surface condition (e.g., wet, icy)",Non-intersection:  Non-junction/no special feature,Paved,N/A,Property Damage Only,0,0,0,0,0,0,1600,2,2,N/A,POINT (-94.128838867615 42.50125708486)
2014783145,14-3196,02/01/2014,02-February,7-Saturday,12:21,1200 Hours,District 3 (Northwest),SIOUX CITY,WOODBURY,US 20,US 20/RAMP,Collision with:  Vehicle in traffic,On Roadway,Rear-end (front to rear),Followed too close,None Indicated,None apparent,Daylight,Dry,Cloudy,None apparent,Interchange-related:  Off-ramp,Paved,N/A,Minor Injury,0,1,0,1,0,0,4200,3,8,Ramp,POINT (-96.348896703771 42.442519919693)
2014791230,032-020-14,02/01/2014,02-February,7-Saturday,22:00,2200 Hours,District 3 (Northwest),ESTHERVILLE,EMMET,,N 7TH ST,Collision with:  Parked motor vehicle,On Roadway,Rear-end (front to rear),Unknown,None Indicated,None apparent,Dark - roadway lighted,Ice/frost,Clear,"Surface condition (e.g., wet, icy)",Non-intersection:  Non-junction/no special feature,Paved,N/A,Property Damage Only,0,0,0,0,0,0,1500,2,1,N/A,POINT (-94.835374982535 43.402362984329)
2014783059,14-0081,02/03/2014,02-February,2-Monday,19:45,1900 Hours,District 1 (Central),WINDSOR HEIGHTS,POLK,I-235,I-235,Collision with:  Vehicle in traffic,On Roadway,Rear-end (front to rear),Followed too close,None Indicated,None apparent,Dark - roadway lighted,Dry,Clear,None apparent,Non-intersection:  Non-junction/no special feature,Paved,N/A,Minor Injury,0,2,0,2,0,0,2500,2,2,Ramp,POINT (-93.707604747441 41.593289662439)
2014784590,2014-02194,02/03/2014,02-February,2-Monday,15:31,1500 Hours,District 5 (Southeast),INDIANOLA,WARREN,US 65,US 65/N JEFFERSON WAY,Collision with:  Vehicle in traffic,On Roadway,"Angle, oncoming left turn",FTYROW:  Making left turn,None Indicated,None apparent,Daylight,Dry,Clear,None apparent,Intersection:  Four-way intersection,Paved,N/A,Property Damage Only,0,0,0,0,0,0,8500,2,2,Both North and South,POINT (-93.558431474736 41.373384027554)
2014784141,14001734,02/04/2014,02-February,3-Tuesday,14:14,1400 Hours,District 2 (Northeast),MASON CITY,CERRO GORDO,,16TH ST NW & N PRESIDENT AVE,Collision with:  Vehicle in traffic,On Roadway,Broadside (front to side),FTYROW:  From driveway,None Indicated,None apparent,Daylight,Snow,Cloudy,None apparent,Non-intersection:  Driveway access (within),Paved,N/A,Property Damage Only,0,0,0,0,0,0,3000,2,2,N/A,POINT (-93.203688221456 43.167961102941)
2014785703,2014008259,02/04/2014,02-February,3-Tuesday,20:34,2000 Hours,District 1 (Central),,POLK,I-35,I-35,Collision with fixed object:  Concrete traffic barrier (median or right side),On Roadway,Non-collision (single vehicle),Driving too fast for conditions,None Indicated,None apparent,Dark - roadway lighted,Snow,Snow,None apparent,Non-intersection:  Non-junction/no special feature,Paved,N/A,Property Damage Only,0,0,0,0,0,0,2500,1,1,No Travel Direction Consistent with Route,POINT (-93.591320351575 41.650376699341)
2014783238,14-2871,02/04/2014,02-February,3-Tuesday,10:10,1000 Hours,District 1 (Central),,JASPER,IA 163,IA 163/IOWA 163 W,Non-collision events:  Overturn/rollover,Roadside,Non-collision (single vehicle),Driving too fast for conditions,None Indicated,Weather conditions,Daylight,Snow,Snow,None apparent,Non-intersection:  Non-junction/no special feature,Paved,N/A,Major Injury,0,1,1,0,0,0,2500,1,1,Westbound (WB),POINT (-93.260329211233 41.598054814521)
2014783704,14-000546,02/05/2014,02-February,4-Wednesday,14:00,1400 Hours,District 1 (Central),AMES,STORY,US 69,US 69/GRAND AVE & 9TH ST,Non-collision events:  Other non-collision (explain in narrative),On Roadway,Non-collision (single vehicle),Ran off road - right,None Indicated,None apparent,Daylight,Snow,Clear,"Surface condition (e.g., wet, icy)",Non-intersection:  Non-junction/no special feature,Paved,N/A,Property Damage Only,0,0,0,0,0,0,1600,1,2,Northbound (NB),POINT (-93.620293059899 42.030205409452)
2014784203,01-14-5150,02/05/2014,02-February,4-Wednesday,08:10,0800 Hours,District 6 (East Central),DUBUQUE,DUBUQUE,,W 5TH ST & COLLEGE ST,Collision with:  Other non-fixed object (explain in narrative),Roadside,Non-collision (single vehicle),Lost Control,None Indicated,Weather conditions,Daylight,Snow,Snow,None apparent,Non-intersection:  Non-junction/no special feature,Paved,N/A,Property Damage Only,0,0,0,0,0,0,1500,1,1,N/A,POINT (-90.684542551083 42.497622293131)
2014783918,14-0249,02/05/2014,02-February,4-Wednesday,11:48,1100 Hours,District 1 (Central),URBANDALE,POLK,I-35,I-35,Collision with:  Vehicle in traffic,On Roadway,Rear-end (front to rear),Other (explain in narrative):  Other,None Indicated,None apparent,Daylight,Snow,Clear,None apparent,Interchange-related:  Off-ramp,Paved,N/A,Possible/Unknown,0,1,0,0,1,0,500,2,2,Ramp,POINT (-93.778762884539 41.629795136733)
2014785022,201400359,02/06/2014,02-February,5-Thursday,08:05,0800 Hours,District 6 (East Central),,LINN,I-380,I-380,Collision with:  Parked motor vehicle,Shoulder,Rear-end (front to rear),Driving too fast for conditions,None Indicated,None apparent,Daylight,Ice/frost,Cloudy,None apparent,Non-intersection:  Non-junction/no special feature,Paved,N/A,Property Damage Only,0,0,0,0,0,0,4000,2,3,Southbound (SB),POINT (-91.829347323988 42.201417157485)
2014784656,2014008893,02/06/2014,02-February,5-Thursday,14:39,1400 Hours,District 1 (Central),DES MOINES,POLK,I-35,I-35,Collision with:  Vehicle in traffic,On Roadway,"Sideswipe, same direction",Improper or erratic lane changing,None Indicated,None apparent,Daylight,Dry,Clear,None apparent,Non-intersection:  Non-junction/no special feature,Paved,N/A,Possible/Unknown,0,1,0,0,1,0,8000,2,2,No Travel Direction Consistent with Route,POINT (-93.626582465443 41.649478319728)
2014785036,1400000098,02/07/2014,02-February,6-Friday,17:05,1700 Hours,District 1 (Central),,MARSHALL,IA 14,IA 14/REED AVE,Collision with:  Vehicle in traffic,On Roadway,Broadside (front to side),FTYROW:  From driveway,None Indicated,None apparent,Daylight,Dry,Cloudy,None apparent,Non-intersection:  Driveway access (within),Paved,N/A,Possible/Unknown,0,1,0,0,1,0,10000,2,2,Southbound (SB),POINT (-92.912362166253 41.990822749701)
2014785173,2014009033,02/07/2014,02-February,6-Friday,07:55,0700 Hours,District 2 (Northeast),,CLAYTON,US 52,US 52 & IA 13/IOWA 13,Collision with:  Vehicle in traffic,On Roadway,Broadside (front to side),FTYROW:  From stop sign,None Indicated,None apparent,Daylight,Dry,Clear,None apparent,Intersection:  T-intersection,Paved,N/A,Minor Injury,0,4,0,4,0,0,140000,2,4,Northbound (NB),POINT (-91.305552137858 42.991113836076)
2014787384,20141012,02/08/2014,02-February,7-Saturday,12:10,1200 Hours,District 6 (East Central),MOUNT VERNON,LINN,US 30,US 30 & IA 1/S 1ST AVE,Collision with:  Vehicle in traffic,On Roadway,"Sideswipe, same direction",FTYROW:  From yield sign,None Indicated,Weather conditions,Daylight,Snow,Snow,"Surface condition (e.g., wet, icy)",Intersection:  Other intersection (explain in narrative),Paved,N/A,Property Damage Only,0,0,0,0,0,0,3500,2,6,Eastbound (EB),POINT (-91.423031618556 41.916096535848)
2014784123,W14-013120,02/08/2014,02-February,7-Saturday,12:35,1200 Hours,District 2 (Northeast),WATERLOO,BLACK HAWK,,FRANKLIN ST,Collision with:  Vehicle in traffic,On Roadway,"Sideswipe, opposite direction",Crossed centerline (undivided),None Indicated,None apparent,Daylight,Snow,Snow,"Surface condition (e.g., wet, icy)",Non-intersection:  Non-junction/no special feature,Paved,N/A,Property Damage Only,0,0,0,0,0,0,14000,2,2,N/A,POINT (-92.31571915788 42.495344784425)
2014784136,14000721,02/08/2014,02-February,7-Saturday,11:33,1100 Hours,District 2 (Northeast),,CERRO GORDO,,Co Rd S25/GROUSE AVE,Collision with:  Vehicle in traffic,On Roadway,Rear-end (front to rear),Driving too fast for conditions,None Indicated,Weather conditions,Daylight,Snow,"Blowing sand, soil, dirt",None apparent,Non-intersection:  Non-junction/no special feature,Paved,N/A,Property Damage Only,0,0,0,0,0,0,3100,2,2,N/A,POINT (-93.379490915715 42.963496386324)
2014784488,14-0699,02/09/2014,02-February,1-Sunday,12:24,1200 Hours,District 1 (Central),WEST DES MOINES,POLK,,GRAND AVE & VINE ST,Collision with:  Vehicle in traffic,On Roadway,"Angle, oncoming left turn",Ran Traffic Signal,None Indicated,None apparent,Daylight,Wet,Cloudy,None apparent,Intersection:  Four-way intersection,Paved,N/A,Property Damage Only,0,0,0,0,0,0,2000,2,2,N/A,POINT (-93.727727390669 41.577365364188)
2014785318,201401965,02/09/2014,02-February,1-Sunday,15:51,1500 Hours,District 6 (East Central),CEDAR RAPIDS,LINN,IA 100,IA 100/COLLINS RD NE & C AVE NE,Collision with:  Vehicle in traffic,On Roadway,Rear-end (front to rear),Followed too close,None Indicated,None apparent,Daylight,Slush,Clear,None apparent,Intersection:  Four-way intersection,Paved,N/A,Property Damage Only,0,0,0,0,0,0,3000,2,3,No Travel Direction Consistent with Route,POINT (-91.638496204623 42.02810207381)
2014784858,14-4065,02/10/2014,02-February,2-Monday,14:13,1400 Hours,District 3 (Northwest),SIOUX CITY,WOODBURY,,6TH ST & NEBRASKA ST,Collision with:  Vehicle in traffic,On Roadway,"Sideswipe, same direction",FTYROW:  Other (explain in narrative),None Indicated,None apparent,Daylight,Dry,Clear,None apparent,Non-intersection:  Non-junction/no special feature,Paved,N/A,Property Damage Only,0,0,0,0,0,0,2000,3,3,N/A,POINT (-96.403472127394 42.496351392055)
2014785040,14-005833,02/10/2014,02-February,2-Monday,17:19,1700 Hours,District 5 (Southeast),MUSCATINE,MUSCATINE,,,Collision with:  Vehicle in traffic,On Roadway,Broadside (front to side),FTYROW:  At uncontrolled intersection,None Indicated,None apparent,Daylight,Snow,Clear,"Surface condition (e.g., wet, icy)",Intersection:  T-intersection,N/A,N/A,Possible/Unknown,0,1,0,0,1,0,3500,2,3,N/A,POINT (-96.643700150801 40.233091251088)