Iowa DOT Case Number,Law Enforcement Case Number,Date of Crash,Month of Crash,Day of Week,Time of Crash,Hour,DOT District,City Name,County Name,Route with System,Location Description,First Harmful Event,Location of First Harmful Event,Manner of Crash/Collision,Major Cause,Drug or Alcohol ,Environmental Conditions,Light Conditions,Surface Conditions,Weather Conditions,Roadway Contribution,Roadway Type,Roadway Surface,Work Zone,Crash Severity,Number of Fatalities,Number of Injuries,Number of Major Injuries,Number of Minor Injuries,Number of Possible Injuries,Number of Unknown Injuries,Amount of Property Damage,Number of Vehicles Involved,Total Number of Occupants,Travel Direction,Location
2014785304,2014001581,02/11/2014,02-February,3-Tuesday,17:23,1700 Hours,District 6 (East Central),IOWA CITY,JOHNSON,,N GILBERT ST,Collision with:  Vehicle in traffic,On Roadway,"Angle, oncoming left turn",FTYROW:  Making left turn,None Indicated,None apparent,Dusk,Wet,Cloudy,None apparent,Non-intersection:  Driveway access (within),Paved,N/A,Property Damage Only,0,0,0,0,0,0,3250,2,3,N/A,POINT (-91.530119366578 41.663412673038)
2014786088,2014010091,02/12/2014,02-February,4-Wednesday,07:30,0700 Hours,District 1 (Central),,JASPER,I-80,I-80,Collision with fixed object:  Guardrail - face,Median,Non-collision (single vehicle),Driving too fast for conditions,None Indicated,None apparent,Daylight,Snow,Snow,"Surface condition (e.g., wet, icy)",Non-intersection:  Non-junction/no special feature,Paved,N/A,Property Damage Only,0,0,0,0,0,0,8500,2,2,Westbound (WB),POINT (-93.334075259512 41.68120795388)
2014785391,20140003985,02/12/2014,02-February,4-Wednesday,18:21,1800 Hours,District 1 (Central),DES MOINES,POLK,,UNIVERSITY AVE & 4TH ST,Collision with:  Parked motor vehicle,Unknown,Unknown,Unknown,None Indicated,Unknown,Unknown,Unknown,Unknown,Unknown,Unknown,Paved,N/A,Property Damage Only,0,0,0,0,0,0,2000,2,1,N/A,POINT (-93.623322970677 41.600343783373)
2014785297,14-3560,02/12/2014,02-February,4-Wednesday,10:00,1000 Hours,District 1 (Central),,JASPER,I-80,I-80,Collision with:  Vehicle in traffic,On Roadway,Rear-end (front to rear),Unknown,None Indicated,Weather conditions,Daylight,Snow,Snow,"Surface condition (e.g., wet, icy)",Non-intersection:  Other non-intersection (explain in narrative),Paved,N/A,Property Damage Only,0,0,0,0,0,0,4000,2,3,Westbound (WB),POINT (-93.198152819316 41.697663482387)
2014786321,14006224,02/13/2014,02-February,5-Thursday,07:57,0700 Hours,District 5 (Southeast),MUSCATINE,MUSCATINE,,W 8TH ST,Collision with:  Vehicle in traffic,On Roadway,Rear-end (front to rear),Followed too close,None Indicated,None apparent,Daylight,Dry,Cloudy,None apparent,Non-intersection:  Non-junction/no special feature,Paved,N/A,Property Damage Only,0,0,0,0,0,0,2800,3,3,N/A,POINT (-91.053380152162 41.424419397444)
2014787244,,02/14/2014,02-February,6-Friday,20:36,2000 Hours,District 2 (Northeast),CHARLES CITY,FLOYD,,8TH AVE & D ST,Collision with:  Vehicle in traffic,On Roadway,Broadside (front to side),FTYROW:  At uncontrolled intersection,None Indicated,None apparent,Dark - roadway lighted,Snow,Clear,None apparent,Intersection:  Four-way intersection,Paved,N/A,Property Damage Only,0,0,0,0,0,0,15000,2,4,N/A,POINT (-92.667926633413 43.070038472446)
2014785909,14-000704,02/14/2014,02-February,6-Friday,08:12,0800 Hours,District 1 (Central),ANKENY,POLK,,NW 16TH ST & NW 18TH ST & NW IRVINEDALE DR,Collision with:  Vehicle in traffic,On Roadway,Broadside (front to side),Ran Stop Sign,None Indicated,Weather conditions,Daylight,Snow,Snow,"Surface condition (e.g., wet, icy)",Intersection:  Four-way intersection,Paved,N/A,Property Damage Only,0,0,0,0,0,0,9000,2,4,N/A,POINT (-93.639044568329 41.746271822931)
2014786092,2014010789,02/14/2014,02-February,6-Friday,04:00,0400 Hours,District 4 (Southwest),,MILLS,I-29,I-29,Collision with fixed object:  Tree,Outside trafficway,Non-collision (single vehicle),Crossed centerline (undivided),None Indicated,None apparent,Dark - roadway not lighted,Wet,Cloudy,None apparent,Non-intersection:  Non-junction/no special feature,Paved,N/A,Property Damage Only,0,0,0,0,0,0,10500,1,1,Southbound (SB),POINT (-95.829307156444 41.085956238237)
2014785860,2014001341,02/14/2014,02-February,6-Friday,14:11,1400 Hours,District 1 (Central),MARSHALLTOWN,MARSHALL,IA 14,IA 14/3RD AVE,Collision with:  Vehicle in traffic,On Roadway,"Sideswipe, same direction",Made improper turn,None Indicated,None apparent,Daylight,Snow,Clear,None apparent,Non-intersection:  Non-junction/no special feature,Paved,N/A,Property Damage Only,0,0,0,0,0,0,3000,2,4,Southbound (SB),POINT (-92.907983343313 42.046921663987)
2014786190,CL14000462,02/15/2014,02-February,7-Saturday,20:38,2000 Hours,District 6 (East Central),CLINTON,CLINTON,US 67,US 67/N 2ND ST & IA 136/IOWA 136 & 19TH AVE N,Collision with:  Vehicle in traffic,On Roadway,Broadside (front to side),Ran Traffic Signal,None Indicated,None apparent,Dark - roadway lighted,Snow,Cloudy,None apparent,Intersection:  Four-way intersection,Paved,N/A,Possible/Unknown,0,2,0,0,2,0,16000,3,3,Southbound (SB),POINT (-90.182163763986 41.866250154107)
2014789402,140695,02/15/2014,02-February,7-Saturday,17:04,1700 Hours,District 1 (Central),IOWA FALLS,HARDIN,,HICKORY ST & COLLEGE AVE,Collision with:  Vehicle in traffic,On Roadway,Broadside (front to side),FTYROW:  From stop sign,None Indicated,Weather conditions,Daylight,Snow,Cloudy,"Surface condition (e.g., wet, icy)",Intersection:  Four-way intersection,Paved,N/A,Property Damage Only,0,0,0,0,0,0,2300,2,3,N/A,POINT (-93.266631809525 42.523230430083)
2014785926,20140004353,02/16/2014,02-February,1-Sunday,12:22,1200 Hours,District 1 (Central),DES MOINES,POLK,US 69,US 69/SE 14TH ST,Collision with:  Vehicle in traffic,On Roadway,Rear-end (front to rear),Other (explain in narrative):  Other,None Indicated,None apparent,Daylight,Wet,Cloudy,None apparent,Non-intersection:  Non-junction/no special feature,Paved,N/A,Property Damage Only,0,0,0,0,0,0,1500,2,3,Southbound (SB),POINT (-93.596943350033 41.562139845918)
2014787192,20140011398,02/16/2014,02-February,1-Sunday,07:20,0700 Hours,District 6 (East Central),,JONES,US 151,US 151/SE LOOP,Collision with fixed object:  Other fixed object (explain in narrative),On Roadway,Non-collision (single vehicle),Ran off road - left,None Indicated,Weather conditions,Daylight,Ice/frost,Cloudy,None apparent,Non-intersection:  Non-junction/no special feature,Paved,N/A,Property Damage Only,0,0,0,0,0,0,5000,1,1,Ramp,POINT (-91.33453081625 42.070898409074)
2014786598,14-3974,02/17/2014,02-February,2-Monday,12:35,1200 Hours,District 1 (Central),,JASPER,I-80,I-80,Non-collision events:  Other non-collision (explain in narrative),Median,Non-collision (single vehicle),Ran off road - left,None Indicated,None apparent,Daylight,Wet,Clear,None apparent,Non-intersection:  Non-junction/no special feature,Paved,N/A,Property Damage Only,0,0,0,0,0,0,8000,1,1,Westbound (WB),POINT (-93.011330390923 41.682917901949)
2014813011,,02/17/2014,02-February,2-Monday,12:05,1200 Hours,District 6 (East Central),CEDAR RAPIDS,LINN,,,Collision with:  Vehicle in traffic,On Roadway,Unknown,Unknown,None Indicated,N/A,N/A,N/A,N/A,N/A,N/A,N/A,N/A,Property Damage Only,0,0,0,0,0,0,1878,2,2,N/A,POINT (-96.643700150801 40.233091251088)
2014786720,14-001814,02/18/2014,02-February,3-Tuesday,16:28,1600 Hours,District 1 (Central),TOLEDO,TAMA,US 30,US 30/US30 RAMP,Collision with fixed object:  Traffic sign support,Shoulder,Non-collision (single vehicle),Ran off road - left,None Indicated,None apparent,Daylight,Ice/frost,Clear,"Shoulders (none, low, soft, high)",Non-intersection:  Other non-intersection (explain in narrative),Paved,N/A,Property Damage Only,0,0,0,0,0,0,2000,1,1,Ramp,POINT (-92.613645655263 41.991962361953)
2014786254,4514-012,02/18/2014,02-February,3-Tuesday,03:25,0300 Hours,District 2 (Northeast),,HOWARD,,Co Rd V58/VICTORY AVE,Collision with:  Animal,N/A,N/A,Animal,None Indicated,N/A,N/A,N/A,N/A,N/A,N/A,Paved,N/A,Property Damage Only,0,0,0,0,0,0,6000,1,1,N/A,POINT (-92.129556188867 43.452274177169)
2014787433,20140004683,02/19/2014,02-February,4-Wednesday,16:15,1600 Hours,District 1 (Central),DES MOINES,POLK,,CRESTON AVE & SW 9TH ST,Collision with:  Vehicle in traffic,On Roadway,Broadside (front to side),Unknown,None Indicated,None apparent,Daylight,Wet,Cloudy,None apparent,Non-intersection:  Non-junction/no special feature,Paved,N/A,Possible/Unknown,0,1,0,0,1,0,2500,2,2,N/A,POINT (-93.625706903249 41.560158440099)
2014786861,20140004620,02/19/2014,02-February,4-Wednesday,06:39,0600 Hours,District 1 (Central),DES MOINES,POLK,,DENNIS DR,Collision with:  Vehicle in traffic,On Roadway,Rear-end (front to rear),Swerving/Evasive Action,None Indicated,None apparent,Dawn,Ice/frost,Clear,"Surface condition (e.g., wet, icy)",Non-intersection:  Non-junction/no special feature,Paved,N/A,Property Damage Only,0,0,0,0,0,0,2000,2,2,N/A,POINT (-93.723600730825 41.627831766157)
2014787134,20140004782,02/20/2014,02-February,5-Thursday,18:00,1800 Hours,District 1 (Central),DES MOINES,POLK,US 6,US 6/DOUGLAS AVE & BEAVER AVE,Collision with:  Vehicle in traffic,On Roadway,Rear-end (front to rear),Driving too fast for conditions,None Indicated,None apparent,Dark - roadway lighted,Wet,Rain,None apparent,Non-intersection:  Non-junction/no special feature,Paved,N/A,Property Damage Only,0,0,0,0,0,0,4500,2,2,Westbound (WB),POINT (-93.678047310068 41.629478582602)
2014787058,01-14-7357,02/20/2014,02-February,5-Thursday,20:51,2000 Hours,District 6 (East Central),DUBUQUE,DUBUQUE,,NEVADA ST,Collision with:  Vehicle in traffic,On Roadway,Broadside (front to side),FTYROW:  Other (explain in narrative),None Indicated,None apparent,Dark - roadway lighted,Wet,Rain,None apparent,Non-intersection:  Non-junction/no special feature,Paved,N/A,Property Damage Only,0,0,0,0,0,0,4000,2,2,N/A,POINT (-90.680595867404 42.497398363315)
2014788087,2014-11302,02/21/2014,02-February,6-Friday,17:23,1700 Hours,District 6 (East Central),DAVENPORT,SCOTT,,E 53RD ST,Collision with:  Vehicle in traffic,On Roadway,Rear-end (front to rear),Other (explain in narrative):  Other,None Indicated,None apparent,Dusk,Dry,Cloudy,None apparent,Non-intersection:  Non-junction/no special feature,Paved,N/A,Minor Injury,0,1,0,1,0,0,3500,2,2,N/A,POINT (-90.560066487513 41.574659214143)
2014787374,201402584,02/21/2014,02-February,6-Friday,19:13,1900 Hours,District 6 (East Central),CEDAR RAPIDS,LINN,IA 100,IA 100/COLLINS RD NE,Collision with:  Vehicle in traffic,On Roadway,Rear-end (front to rear),Driver Distraction:  Passenger,None Indicated,None apparent,Dark - roadway lighted,Dry,Cloudy,None apparent,Non-intersection:  Non-junction/no special feature,Paved,N/A,Property Damage Only,0,0,0,0,0,0,2000,2,6,Eastbound (EB),POINT (-91.622995889807 42.027079545376)
2014787395,14-002170,02/22/2014,02-February,7-Saturday,17:04,1700 Hours,District 4 (Southwest),GLENWOOD,MILLS,,HICKORY RIDGE LN,Collision with:  Parked motor vehicle,On Roadway,Unknown,Other (explain in narrative):  No improper action,None Indicated,None apparent,Daylight,Dry,Clear,None apparent,Non-intersection:  Non-junction/no special feature,Paved,N/A,Property Damage Only,0,0,0,0,0,0,1500,2,777,N/A,POINT (-95.762335066813 41.044737708304)
2014790336,2014013590,02/24/2014,02-February,2-Monday,23:45,2300 Hours,District 6 (East Central),,IOWA,I-80,I-80,Collision with fixed object:  Guardrail - face,Median,Non-collision (single vehicle),Driving too fast for conditions,None Indicated,Weather conditions,Dark - roadway lighted,Snow,Snow,None apparent,Non-intersection:  Other non-intersection (explain in narrative),Paved,N/A,Property Damage Only,0,0,0,0,0,0,11110,2,2,Ramp,POINT (-91.907224934577 41.687585773295)
2014787272,W14-018612,02/24/2014,02-February,2-Monday,07:31,0700 Hours,District 2 (Northeast),WATERLOO,BLACK HAWK,,,Collision with:  Parked motor vehicle,On Roadway,Head-on (front to front),Other (explain in narrative):  Other,None Indicated,Glare,Daylight,Dry,Clear,None apparent,Non-intersection:  Other non-intersection (explain in narrative),N/A,N/A,Property Damage Only,0,0,0,0,0,0,3000,2,2,N/A,POINT (-96.643700150801 40.233091251088)
2014788458,2014013729,02/25/2014,02-February,3-Tuesday,16:32,1600 Hours,District 6 (East Central),,JONES,IA 136,IA 136/IOWA 136,Non-collision events:  Overturn/rollover,Roadside,Non-collision (single vehicle),Swerving/Evasive Action,Drug/Alcohol (Statutory),None apparent,Daylight,Dry,Clear,None apparent,Non-intersection:  Non-junction/no special feature,Paved,N/A,Fatal,1,0,0,0,0,0,4500,1,1,Southbound (SB),POINT (-91.000426262748 42.208719561364)
2014787784,14-1265,02/25/2014,02-February,3-Tuesday,02:13,0200 Hours,District 1 (Central),,POLK,,NE 22ND ST,Collision with:  Vehicle in traffic,On Roadway,Broadside (front to side),Crossed centerline (undivided),None Indicated,Weather conditions,Dark - roadway lighted,Snow,Snow,None apparent,Intersection:  Other intersection (explain in narrative),Paved,N/A,Property Damage Only,0,0,0,0,0,0,13000,2,2,N/A,POINT (-93.581305060546 41.653084898853)
2014820413,2014-23-AC,02/26/2014,02-February,4-Wednesday,20:45,2000 Hours,District 3 (Northwest),,DICKINSON,IA 86,IA 86/IOWA 86,Unknown,On Roadway,Non-collision (single vehicle),Ran off road - left,None Indicated,Weather conditions,Dark - roadway not lighted,Ice/frost,Snow,"Surface condition (e.g., wet, icy)",Non-intersection:  Non-junction/no special feature,Paved,N/A,Minor Injury,0,1,0,1,0,0,2500,1,1,Southbound (SB),POINT (-95.182924869279 43.414622985221)
2014788497,14003003,02/26/2014,02-February,4-Wednesday,16:53,1600 Hours,District 2 (Northeast),MASON CITY,CERRO GORDO,,TENNESSEE PL,Collision with fixed object:  Tree,On Roadway,Non-collision (single vehicle),Swerving/Evasive Action,Alcohol (< Statutory),None apparent,Daylight,Snow,Cloudy,None apparent,Non-intersection:  Non-junction/no special feature,Paved,N/A,Possible/Unknown,0,1,0,0,1,0,3000,1,3,N/A,POINT (-93.178782678431 43.149092571965)
2014789377,14001646,02/27/2014,02-February,5-Thursday,11:49,1100 Hours,District 2 (Northeast),EDGEWOOD,CLAYTON,IA 3,IA 3/W UNION ST/E UNION ST & N WASHINGTON ST & S WASHINGTON ST,Collision with:  Vehicle in traffic,On Roadway,"Sideswipe, same direction",Other (explain in narrative):  Other,None Indicated,None apparent,Daylight,Dry,Cloudy,None apparent,Intersection:  Four-way intersection,Paved,N/A,Property Damage Only,0,0,0,0,0,0,1500,2,3,Westbound (WB),POINT (-91.401186110661 42.644442721056)
2014788889,14-0449,02/28/2014,02-February,6-Friday,15:40,1500 Hours,District 1 (Central),URBANDALE,POLK,,MEREDITH DR & 84TH ST,Collision with:  Vehicle in traffic,On Roadway,"Sideswipe, same direction",Unknown,None Indicated,None apparent,Daylight,Dry,Cloudy,None apparent,Non-intersection:  Non-junction/no special feature,Paved,N/A,Property Damage Only,0,0,0,0,0,0,2000,2,2,N/A,POINT (-93.733278139402 41.643848208653)
2014789943,14-293,03/01/2014,03-March,7-Saturday,11:30,1100 Hours,District 3 (Northwest),SPIRIT LAKE,DICKINSON,,20TH ST & KEOKUK AVE,Collision with:  Vehicle in traffic,On Roadway,Broadside (front to side),Ran Stop Sign,None Indicated,None apparent,Daylight,Ice/frost,Cloudy,None apparent,Intersection:  Four-way intersection,Paved,N/A,Property Damage Only,0,0,0,0,0,0,5000,2,3,N/A,POINT (-95.106263433045 43.420815444874)
2014790221,C14000647,03/01/2014,03-March,7-Saturday,15:30,1500 Hours,District 6 (East Central),CORALVILLE,JOHNSON,,HEARTLAND DR & COMMERCE DR,Collision with:  Vehicle in traffic,On Roadway,Broadside (front to side),Other (explain in narrative):  Other,None Indicated,Weather conditions,Daylight,Snow,Snow,"Surface condition (e.g., wet, icy)",Intersection:  Four-way intersection,Paved,N/A,Property Damage Only,0,0,0,0,0,0,7000,3,8,N/A,POINT (-91.617200008103 41.695981504844)
2014788742,14-5027,03/01/2014,03-March,7-Saturday,18:37,1800 Hours,District 1 (Central),OAKLAND ACRES,JASPER,I-80,I-80,Collision with fixed object:  Guardrail - face,Median,Non-collision (single vehicle),Ran off road - left,None Indicated,Weather conditions,Dark - roadway not lighted,Snow,Snow,None apparent,Non-intersection:  Non-junction/no special feature,Paved,N/A,Property Damage Only,0,0,0,0,0,0,3500,1,1,Westbound (WB),POINT (-92.779177005466 41.695388388504)
2014788883,20140005687,03/02/2014,03-March,1-Sunday,12:05,1200 Hours,District 1 (Central),DES MOINES,POLK,,KINSEY AVE & E 33RD ST,Collision with:  Vehicle in traffic,On Roadway,Broadside (front to side),Lost Control,None Indicated,Weather conditions,Daylight,Snow,Cloudy,"Surface condition (e.g., wet, icy)",Non-intersection:  Non-junction/no special feature,Paved,N/A,Property Damage Only,0,0,0,0,0,0,2800,2,3,N/A,POINT (-93.551487571858 41.606889785944)
2014789028,14-6195,03/02/2014,03-March,1-Sunday,12:29,1200 Hours,District 3 (Northwest),SIOUX CITY,WOODBURY,,24TH ST & GRANDVIEW BLVD,Collision with:  Vehicle in traffic,On Roadway,Broadside (front to side),FTYROW:  Other (explain in narrative),None Indicated,None apparent,Daylight,Slush,Clear,"Surface condition (e.g., wet, icy)",Non-intersection:  Driveway access (within),Paved,N/A,Possible/Unknown,0,1,0,0,1,0,4000,2,5,N/A,POINT (-96.408074612132 42.515204883437)
2014789222,14-001027,03/03/2014,03-March,2-Monday,14:35,1400 Hours,District 1 (Central),ANKENY,POLK,IA 160,IA 160/SE ORALABOR RD,Collision with:  Vehicle in traffic,On Roadway,Rear-end (front to rear),Driver Distraction:  Inattentive/lost in thought,None Indicated,None apparent,Daylight,Dry,Clear,None apparent,Non-intersection:  Non-junction/no special feature,Paved,N/A,Property Damage Only,0,0,0,0,0,0,5500,2,2,Westbound (WB),POINT (-93.583760918483 41.702926858163)
2014789598,14-001474,03/03/2014,03-March,2-Monday,12:31,1200 Hours,District 5 (Southeast),,LOUISA,,Co Rd W66/90TH ST,Collision with:  Vehicle in traffic,On Roadway,Rear-end (front to rear),Followed too close,None Indicated,Animal in roadway,Daylight,Dry,Cloudy,None apparent,Non-intersection:  Non-junction/no special feature,Paved,N/A,Possible/Unknown,0,1,0,0,1,0,11500,2,3,N/A,POINT (-91.460576242303 41.191265592799)
2014790184,14-21046,03/03/2014,03-March,2-Monday,09:35,0900 Hours,District 2 (Northeast),,BLACK HAWK,,RIPPLE RD,Collision with fixed object:  Ditch,Roadside,Non-collision (single vehicle),Ran off road - right,None Indicated,None apparent,Daylight,Snow,Clear,None apparent,Non-intersection:  Non-junction/no special feature,Unpaved,N/A,Minor Injury,0,1,0,1,0,0,70000,1,1,N/A,POINT (-92.247364813656 42.366167664913)
2014790298,14-001090,03/04/2014,03-March,3-Tuesday,15:03,1500 Hours,District 1 (Central),AMES,STORY,,LINCOLN WAY & S HYLAND AVE,Collision with:  Vehicle in traffic,On Roadway,"Angle, oncoming left turn",FTYROW:  Making left turn,None Indicated,None apparent,Daylight,Wet,Clear,None apparent,Intersection:  Four-way intersection,Paved,N/A,Property Damage Only,0,0,0,0,0,0,8000,2,5,N/A,POINT (-93.655587566184 42.0227319385)
2014792259,2014-13435,03/05/2014,03-March,4-Wednesday,15:49,1500 Hours,District 6 (East Central),DAVENPORT,SCOTT,,IA 461/HARRISON ST & W LOCUST ST,Collision with:  Vehicle in traffic,On Roadway,Rear-end (front to rear),Followed too close,None Indicated,None apparent,Daylight,Wet,Cloudy,None apparent,Non-intersection:  Non-junction/no special feature,Paved,N/A,Possible/Unknown,0,1,0,0,1,0,5500,2,3,No Travel Direction Consistent with Route,POINT (-90.577233957706 41.538285400096)
2014789658,2014-13383,03/05/2014,03-March,4-Wednesday,09:45,0900 Hours,District 6 (East Central),DAVENPORT,SCOTT,US 67,US 67/E RIVER DR,Collision with:  Vehicle in traffic,On Roadway,"Sideswipe, opposite direction",Ran off road - left,None Indicated,None apparent,Daylight,Ice/frost,Snow,None apparent,Non-intersection:  Non-junction/no special feature,Paved,N/A,Property Damage Only,0,0,0,0,0,0,3500,2,2,No Travel Direction Consistent with Route,POINT (-90.54899498558 41.529328707391)
2014790239,14-000883,03/06/2014,03-March,5-Thursday,12:19,1200 Hours,District 3 (Northwest),,LYON,,Co Rd A34/210TH ST,Collision with fixed object:  Ditch,Gore,Non-collision (single vehicle),Driving too fast for conditions,None Indicated,None apparent,Daylight,Slush,Cloudy,"Surface condition (e.g., wet, icy)",Non-intersection:  Non-junction/no special feature,Paved,N/A,Possible/Unknown,0,1,0,0,1,0,4000,1,1,N/A,POINT (-96.147322278797 43.34612272925)
2014789978,201403306,03/07/2014,03-March,6-Friday,17:12,1700 Hours,District 6 (East Central),CEDAR RAPIDS,LINN,,WEST POST RD SW & 20TH AVE SW,Collision with:  Vehicle in traffic,On Roadway,"Angle, oncoming left turn",Made improper turn,None Indicated,None apparent,Daylight,Dry,Cloudy,None apparent,Intersection:  T-intersection,Paved,N/A,Property Damage Only,0,0,0,0,0,0,2500,2,4,N/A,POINT (-91.740432097647 41.960384841602)
2014792886,14-23005,03/08/2014,03-March,7-Saturday,16:04,1600 Hours,District 2 (Northeast),EVANSDALE,BLACK HAWK,I-380,I-380 & MCCOY RD,Collision with fixed object:  Guardrail - face,On Roadway,Non-collision (single vehicle),Lost Control,Alcohol (Statutory),None apparent,Daylight,Dry,Clear,None apparent,Non-intersection:  Non-junction/no special feature,Paved,N/A,Property Damage Only,0,0,0,0,0,0,3000,1,1,No Travel Direction Consistent with Route,POINT (-92.263558558095 42.460258901498)
2014790003,14-1553,03/09/2014,03-March,1-Sunday,04:25,0400 Hours,District 1 (Central),DES MOINES,POLK,US 69,US 69/NE 14TH ST,Collision with:  Vehicle in traffic,On Roadway,Rear-end (front to rear),Followed too close,None Indicated,None apparent,Dark - roadway not lighted,Dry,Clear,None apparent,Non-intersection:  Non-junction/no special feature,Paved,N/A,Property Damage Only,0,0,0,0,0,0,5000,2,2,Northbound (NB),POINT (-93.600562855562 41.664109717051)
2014792866,2014016500,03/10/2014,03-March,2-Monday,07:00,0700 Hours,District 1 (Central),,JASPER,I-80,I-80,Collision with fixed object:  Guardrail - face,On Roadway,Non-collision (single vehicle),Lost Control,None Indicated,None apparent,Dawn,Dry,Cloudy,None apparent,Non-intersection:  Non-junction/no special feature,Paved,N/A,Property Damage Only,0,0,0,0,0,0,11000,1,1,Westbound (WB),POINT (-93.092647447986 41.681367914591)
2014790431,20140006558,03/11/2014,03-March,3-Tuesday,14:30,1400 Hours,District 1 (Central),DES MOINES,POLK,US 69,US 69/SE 14TH ST & MAURY ST,Collision with:  Vehicle in traffic,On Roadway,Rear-end (front to rear),Followed too close,None Indicated,None apparent,Daylight,Dry,Cloudy,None apparent,Non-intersection:  Non-junction/no special feature,Paved,N/A,Property Damage Only,0,0,0,0,0,0,3000,2,2,No Travel Direction Consistent with Route,POINT (-93.596867424919 41.581253692923)
2014791770,0312146A,03/12/2014,03-March,4-Wednesday,23:30,2300 Hours,District 4 (Southwest),CLARINDA,PAGE,,T AVE,Collision with:  Animal,N/A,N/A,Animal,None Indicated,N/A,N/A,N/A,N/A,N/A,N/A,Paved,N/A,Property Damage Only,0,0,0,0,0,0,6800,1,1,N/A,POINT (-95.008150808655 40.726885754268)
2014792642,2014017287,03/13/2014,03-March,5-Thursday,15:28,1500 Hours,District 6 (East Central),NORTH LIBERTY,JOHNSON,,HWY 965 & GOLFVIEW DR,Collision with:  Vehicle in traffic,On Roadway,Rear-end (front to rear),Driver Distraction:  Manual operation of an electronic communication device,None Indicated,None apparent,Daylight,Dry,Clear,None apparent,Intersection:  Four-way intersection,Paved,N/A,Property Damage Only,0,0,0,0,0,0,3500,2,2,N/A,POINT (-91.60762377626 41.737117025941)
2014791084,14-4819,03/14/2014,03-March,6-Friday,16:49,1600 Hours,District 6 (East Central),BETTENDORF,SCOTT,I-74,I-74 & US 67/STATE ST & 14TH ST,Collision with:  Vehicle in traffic,On Roadway,Broadside (front to side),Ran Traffic Signal,None Indicated,None apparent,Daylight,Dry,Cloudy,None apparent,Intersection:  Four-way intersection,Paved,N/A,Possible/Unknown,0,1,0,0,1,0,5000,2,2,Ramp,POINT (-90.513078153034 41.525170746979)
2014791078,14-010131,03/15/2014,03-March,7-Saturday,15:20,1500 Hours,District 4 (Southwest),COUNCIL BLUFFS,POTTAWATTAMIE,IA 192,IA 192/N 16TH ST & AVE A,Collision with:  Vehicle in traffic,On Roadway,Broadside (front to side),FTYROW:  From stop sign,None Indicated,None apparent,Daylight,Dry,Clear,None apparent,Intersection:  Four-way intersection,Paved,N/A,Possible/Unknown,0,1,0,0,0,1,8000,2,2,Southbound (SB),POINT (-95.867499808689 41.26278058431)
2014791461,2014017788,03/16/2014,03-March,1-Sunday,04:45,0400 Hours,District 4 (Southwest),,ADAIR,I-80,I-80,Collision with:  Vehicle in traffic,On Roadway,"Sideswipe, same direction",Crossed centerline (undivided),None Indicated,None apparent,Dark - roadway not lighted,Snow,Snow,None apparent,Non-intersection:  Non-junction/no special feature,Paved,N/A,Property Damage Only,0,0,0,0,0,0,4000,2,2,Eastbound (EB),POINT (-94.340343081385 41.493034302758)
2014792645,2014018060,03/17/2014,03-March,2-Monday,16:38,1600 Hours,District 5 (Southeast),,HENRY,US 218,US 218 & Co Rd J20/SALEM RD,Collision with:  Vehicle in traffic,On Roadway,Broadside (front to side),FTYROW:  From stop sign,None Indicated,None apparent,Daylight,Dry,Cloudy,None apparent,Intersection:  Four-way intersection,Paved,N/A,Property Damage Only,0,0,0,0,0,0,20000,2,2,Southbound (SB),POINT (-91.564846912738 40.846505278028)
2014791621,14-6526,03/18/2014,03-March,3-Tuesday,08:41,0800 Hours,District 1 (Central),NEWTON,JASPER,,Co Rd S74/HWY S-74 S,Collision with fixed object:  Ditch,On Roadway,Non-collision (single vehicle),Ran off road - left,None Indicated,None apparent,Daylight,Dry,Cloudy,None apparent,Non-intersection:  Non-junction/no special feature,Paved,N/A,Major Injury,0,1,1,0,0,0,2600,1,1,N/A,POINT (-93.039165145582 41.655502914169)
2014791648,20140007369,03/19/2014,03-March,4-Wednesday,17:09,1700 Hours,District 1 (Central),DES MOINES,POLK,,BANCROFT ST & SW 9TH ST,Collision with:  Vehicle in traffic,On Roadway,Rear-end (front to rear),Followed too close,None Indicated,None apparent,Daylight,Dry,Cloudy,None apparent,Non-intersection:  Non-junction/no special feature,Paved,N/A,Property Damage Only,0,0,0,0,0,0,4500,2,2,N/A,POINT (-93.622802190201 41.569884065644)
2014798714,S14-C2001,03/20/2014,03-March,5-Thursday,05:50,0500 Hours,District 5 (Southeast),,CLARKE,,Co Rd H50/MORMON TRL,Non-collision events:  Overturn/rollover,Shoulder,Non-collision (single vehicle),Ran off road - right,None Indicated,None apparent,Dark - roadway not lighted,"Mud, dirt",Clear,None apparent,Non-intersection:  Non-junction/no special feature,Unpaved,N/A,Minor Injury,0,1,0,1,0,0,12000,1,1,N/A,POINT (-93.742092074796 40.918653909488)
2014792286,14-0001362,03/21/2014,03-March,6-Friday,20:49,2000 Hours,District 1 (Central),AMES,STORY,,LINCOLN WAY & CAMPUS AVE,Collision with:  Vehicle in traffic,On Roadway,"Sideswipe, same direction",Made improper turn,None Indicated,None apparent,Dark - roadway lighted,Dry,Clear,None apparent,Intersection:  T-intersection,Paved,N/A,Possible/Unknown,0,1,0,0,1,0,3800,2,4,N/A,POINT (-93.657049124748 42.022732587889)