Iowa DOT Case Number,Law Enforcement Case Number,Date of Crash,Month of Crash,Day of Week,Time of Crash,Hour,DOT District,City Name,County Name,Route with System,Location Description,First Harmful Event,Location of First Harmful Event,Manner of Crash/Collision,Major Cause,Drug or Alcohol ,Environmental Conditions,Light Conditions,Surface Conditions,Weather Conditions,Roadway Contribution,Roadway Type,Roadway Surface,Work Zone,Crash Severity,Number of Fatalities,Number of Injuries,Number of Major Injuries,Number of Minor Injuries,Number of Possible Injuries,Number of Unknown Injuries,Amount of Property Damage,Number of Vehicles Involved,Total Number of Occupants,Travel Direction,Location
2014798008,141856PD,03/22/2014,03-March,7-Saturday,16:27,1600 Hours,District 1 (Central),BOONE,BOONE,,MCHOSE DR,Collision with:  Other non-fixed object (explain in narrative),Outside trafficway,Non-collision (single vehicle),"Operating vehicle in an reckless, erratic, careless, negligent manner",None Indicated,None apparent,Daylight,"Mud, dirt",Cloudy,None apparent,Non-intersection:  Non-junction/no special feature,Unpaved,N/A,Minor Injury,0,1,0,1,0,0,6000,1,3,N/A,POINT (-93.888341792267 42.043097353174)
2014791978,14-002931,03/23/2014,03-March,1-Sunday,20:38,2000 Hours,District 2 (Northeast),,FAYETTE,,Co Rd W42/JUNIPER RD,Collision with:  Animal,N/A,N/A,Animal,None Indicated,N/A,N/A,N/A,N/A,N/A,N/A,Paved,N/A,Property Damage Only,0,0,0,0,0,0,1500,1,1,N/A,POINT (-91.794388289346 43.021918461869)
2014792475,W14-028524,03/24/2014,03-March,2-Monday,07:44,0700 Hours,District 2 (Northeast),WATERLOO,BLACK HAWK,,KIMBALL AVE,Collision with fixed object:  Other fixed object (explain in narrative),On Roadway,Non-collision (single vehicle),Lost Control,None Indicated,Weather conditions,Daylight,Ice/frost,Clear,"Surface condition (e.g., wet, icy)",Intersection:  Other intersection (explain in narrative),Paved,N/A,Property Damage Only,0,0,0,0,0,0,3500,1,1,N/A,POINT (-92.356659514595 42.452371753069)
2014792214,14-0292,03/24/2014,03-March,2-Monday,07:45,0700 Hours,District 1 (Central),PLEASANT HILL,POLK,,Co Rd S14/NE 64TH ST & NE RISING SUN DR,Collision with:  Vehicle in traffic,On Roadway,Broadside (front to side),Other (explain in narrative):  Other,None Indicated,Weather conditions,Daylight,Snow,Cloudy,None apparent,Intersection:  Other intersection (explain in narrative),Paved,N/A,Property Damage Only,0,0,0,0,0,0,2000,2,2,N/A,POINT (-93.481931101784 41.594231959752)
2014792850,14-000418,03/25/2014,03-March,3-Tuesday,00:20,0000 Hours,District 1 (Central),AMES,STORY,,STANTON AVE,Unknown,Outside trafficway,"Sideswipe, same direction",Unknown,None Indicated,None apparent,Unknown,Dry,Other (explain in narrative),None apparent,Non-intersection:  Other non-intersection (explain in narrative),Paved,N/A,Property Damage Only,0,0,0,0,0,0,1600,2,1,N/A,POINT (-93.648501752488 42.02198861958)
2014795116,2014-18094,03/26/2014,03-March,4-Wednesday,18:49,1800 Hours,District 6 (East Central),DAVENPORT,SCOTT,,W 8TH ST,Collision with:  Parked motor vehicle,On Roadway,Broadside (front to side),Ran off road - right,Alcohol (Statutory),None apparent,Daylight,Dry,Cloudy,None apparent,Non-intersection:  Non-junction/no special feature,Paved,N/A,Property Damage Only,0,0,0,0,0,0,8000,2,1,N/A,POINT (-90.590989145805 41.527793846692)
2014793479,140739,03/27/2014,03-March,5-Thursday,14:55,1400 Hours,District 3 (Northwest),DENISON,CRAWFORD,,1ST AVE N & N MAIN ST,Collision with:  Vehicle in traffic,On Roadway,Unknown,Improper Backing,None Indicated,None apparent,Daylight,Wet,Rain,None apparent,Non-intersection:  Non-junction/no special feature,Paved,N/A,Property Damage Only,0,0,0,0,0,0,1600,2,2,N/A,POINT (-95.355303888337 42.017833171454)
2014793075,201404305,03/28/2014,03-March,6-Friday,14:33,1400 Hours,District 6 (East Central),CEDAR RAPIDS,LINN,,20TH AVE SW,Collision with:  Parked motor vehicle,On Roadway,"Angle, oncoming left turn",Lost Control,None Indicated,None apparent,Daylight,Dry,Cloudy,None apparent,Non-intersection:  Non-junction/no special feature,Paved,N/A,Property Damage Only,0,0,0,0,0,0,3000,2,1,N/A,POINT (-91.677743159706 41.958698159354)
2014792700,W14-030234,03/29/2014,03-March,7-Saturday,00:13,0000 Hours,District 2 (Northeast),WATERLOO,BLACK HAWK,,CATARACT AVE & BALTIMORE ST,Non-collision events:  Other non-collision (explain in narrative),Roadside,Non-collision (single vehicle),Ran off road - left,Alcohol (Statutory),None apparent,Dark - roadway lighted,Dry,Clear,None apparent,Non-intersection:  Non-junction/no special feature,Paved,N/A,Property Damage Only,0,0,0,0,0,0,8000,1,1,N/A,POINT (-92.349558015326 42.467587652285)
2014793442,14-9434,03/30/2014,03-March,1-Sunday,15:30,1500 Hours,District 3 (Northwest),SIOUX CITY,WOODBURY,,W 16TH ST & CENTER ST,Collision with:  Vehicle in traffic,On Roadway,Broadside (front to side),FTYROW:  From stop sign,None Indicated,None apparent,Daylight,Dry,Clear,None apparent,Intersection:  Four-way intersection,Paved,N/A,Property Damage Only,0,0,0,0,0,0,2000,2,4,N/A,POINT (-96.421090909051 42.507270876547)
2014793068,2014003435,03/31/2014,03-March,2-Monday,12:04,1200 Hours,District 6 (East Central),IOWA CITY,JOHNSON,US 6,US 6/S RIVERSIDE DR,Collision with:  Vehicle in traffic,On Roadway,Rear-end (front to rear),Followed too close,None Indicated,None apparent,Daylight,Wet,Cloudy,None apparent,Intersection:  Four-way intersection,Paved,N/A,Minor Injury,0,1,0,1,0,0,1000,2,2,No Travel Direction Consistent with Route,POINT (-91.540206261959 41.650229109961)
2014793400,2014-19487,04/01/2014,04-April,3-Tuesday,07:25,0700 Hours,District 6 (East Central),DAVENPORT,SCOTT,,N DIVISION ST,Collision with:  Vehicle in traffic,On Roadway,Rear-end (front to rear),Followed too close,None Indicated,None apparent,Daylight,Dry,Cloudy,None apparent,Non-intersection:  Non-junction/no special feature,Paved,N/A,Property Damage Only,0,0,0,0,0,0,4000,2,2,N/A,POINT (-90.601205996259 41.534131911538)
2014794055,B14-612,04/02/2014,04-April,4-Wednesday,16:05,1600 Hours,District 3 (Northwest),SERGEANT BLUFF,WOODBURY,I-29,I-29 & 1ST ST,Collision with:  Vehicle in traffic,On Roadway,"Angle, oncoming left turn",FTYROW:  From stop sign,None Indicated,None apparent,Daylight,Dry,Cloudy,None apparent,Intersection:  Four-way intersection,Paved,N/A,Possible/Unknown,0,1,0,0,1,0,4000,2,2,Ramp,POINT (-96.368366112201 42.400662778531)
2014793515,20140008815,04/03/2014,04-April,5-Thursday,16:25,1600 Hours,District 1 (Central),DES MOINES,POLK,,PARK AVE & SW 9TH ST,Collision with:  Vehicle in traffic,On Roadway,Rear-end (front to rear),"Operating vehicle in an reckless, erratic, careless, negligent manner",None Indicated,None apparent,Daylight,Wet,Rain,None apparent,Non-intersection:  Non-junction/no special feature,Paved,N/A,Property Damage Only,0,0,0,0,0,0,1700,2,2,N/A,POINT (-93.625829776611 41.555491991099)
2014794738,14-6152,04/04/2014,04-April,6-Friday,20:36,2000 Hours,District 6 (East Central),BETTENDORF,SCOTT,US 67,US 67/STATE ST & 13TH ST,Collision with:  Vehicle in traffic,On Roadway,"Sideswipe, same direction",Made improper turn,None Indicated,None apparent,Dark - roadway lighted,Dry,Cloudy,None apparent,Intersection:  T-intersection,Paved,N/A,Property Damage Only,0,0,0,0,0,0,2500,2,3,Southbound (SB),POINT (-90.514853858673 41.525119092382)
2014795655,2014-06774,04/04/2014,04-April,6-Friday,19:35,1900 Hours,District 5 (Southeast),,WARREN,,Co Rd S31/240TH AVE & POLK ST,Collision with:  Vehicle in traffic,On Roadway,Rear-end (front to rear),Ran Stop Sign,Alcohol (Statutory),None apparent,Dusk,"Mud, dirt",Clear,None apparent,Intersection:  T-intersection,Unpaved,N/A,Property Damage Only,0,0,0,0,0,0,2500,2,2,N/A,POINT (-93.347393739385 41.262834190025)
2014794250,201404754,04/05/2014,04-April,7-Saturday,22:10,2200 Hours,District 6 (East Central),CEDAR RAPIDS,LINN,,7TH ST SW,Collision with:  Parked motor vehicle,On Roadway,Rear-end (front to rear),Lost Control,Under Influence of Alcohol/Drugs/Medications,None apparent,Dark - roadway not lighted,Dry,Clear,None apparent,Non-intersection:  Non-junction/no special feature,Paved,N/A,Property Damage Only,0,0,0,0,0,0,4250,3,1,N/A,POINT (-91.680327379845 41.973219297981)
2014794178,2014021607,04/06/2014,04-April,1-Sunday,18:09,1800 Hours,District 5 (Southeast),OSCEOLA,CLARKE,I-35,I-35,Collision with:  Animal,N/A,N/A,Animal,None Indicated,N/A,N/A,N/A,N/A,N/A,N/A,Paved,N/A,Property Damage Only,0,0,0,0,0,0,4500,1,1,Northbound (NB),POINT (-93.794055046611 41.019361391109)
2014799722,14-030407-01,04/07/2014,04-April,2-Monday,21:00,2100 Hours,District 6 (East Central),,IOWA,IA 212,IA 212/212 BLVD,Collision with:  Animal,N/A,N/A,Animal,None Indicated,N/A,N/A,N/A,N/A,N/A,N/A,Paved,N/A,Property Damage Only,0,0,0,0,0,0,2000,1,1,Unknown - Not Indicated - Unlocated,POINT (-92.215800669632 41.82933518408)
2014795176,14002762,04/08/2014,04-April,3-Tuesday,06:10,0600 Hours,District 6 (East Central),,DELAWARE,,Co Rd D42/275TH ST,Collision with:  Animal,N/A,N/A,Animal,None Indicated,N/A,N/A,N/A,N/A,N/A,N/A,Paved,N/A,Property Damage Only,0,0,0,0,0,0,3000,1,1,N/A,POINT (-91.37032277235 42.390664137766)
2014794364,14-11658,04/09/2014,04-April,4-Wednesday,08:30,0800 Hours,District 5 (Southeast),BURLINGTON,DES MOINES,US 61,US 61 & AGENCY ST,Collision with:  Vehicle in traffic,On Roadway,"Sideswipe, same direction",Other (explain in narrative):  Other,None Indicated,None apparent,Daylight,Dry,Clear,None apparent,Intersection:  Four-way intersection,Paved,N/A,Property Damage Only,0,0,0,0,0,0,6000,2,3,Northbound (NB),POINT (-91.141444514881 40.814850142766)
2014794796,14-10703,04/10/2014,04-April,5-Thursday,14:15,1400 Hours,District 3 (Northwest),SIOUX CITY,WOODBURY,,VIRGINIA ST,Collision with:  Non-motorist (see non-motorist section - NOT a unit),On Roadway,Non-collision (single vehicle),Other (explain in narrative):  No improper action,None Indicated,None apparent,Daylight,Dry,Clear,None apparent,Non-intersection:  Non-junction/no special feature,Paved,N/A,Minor Injury,0,1,0,1,0,0,0,1,3,N/A,POINT (-96.397389252349 42.506698138876)
2014794662,20140009687,04/11/2014,04-April,6-Friday,16:58,1600 Hours,District 1 (Central),DES MOINES,POLK,US 69,US 69/E 15TH ST & CAPITOL AVE,Collision with:  Vehicle in traffic,On Roadway,Rear-end (front to rear),Followed too close,None Indicated,None apparent,Daylight,Dry,Clear,None apparent,Non-intersection:  Non-junction/no special feature,Paved,N/A,Property Damage Only,0,0,0,0,0,0,4600,5,5,Northbound (NB),POINT (-93.594935797147 41.592991155049)
2014795291,C14-0001077,04/11/2014,04-April,6-Friday,14:27,1400 Hours,District 2 (Northeast),MCGREGOR,CLAYTON,IA 76,IA 76/RIVER ST,Collision with:  Vehicle in traffic,On Roadway,Rear-end (front to rear),Swerving/Evasive Action,None Indicated,None apparent,Daylight,Dry,Clear,None apparent,Non-intersection:  Railroad grade crossing,Paved,N/A,Possible/Unknown,0,2,0,0,1,1,24500,4,5,Northbound (NB),POINT (-91.175486487702 43.035587355576)
2014794544,14-12144,04/12/2014,04-April,7-Saturday,16:11,1600 Hours,District 5 (Southeast),BURLINGTON,DES MOINES,,FRANKLIN ST & CENTRAL AVE,Collision with:  Vehicle in traffic,On Roadway,"Angle, oncoming left turn",Made improper turn,None Indicated,None apparent,Daylight,Dry,Clear,None apparent,Non-intersection:  Non-junction/no special feature,Paved,N/A,Property Damage Only,0,0,0,0,0,0,6000,2,2,N/A,POINT (-91.109144621894 40.81872095075)
2014794746,14-6761,04/13/2014,04-April,1-Sunday,04:19,0400 Hours,District 6 (East Central),BETTENDORF,SCOTT,,14TH ST,Collision with:  Parked motor vehicle,On Roadway,Head-on (front to front),Crossed centerline (undivided),Alcohol (Statutory),None apparent,Dark - roadway lighted,Wet,Cloudy,None apparent,Non-intersection:  Non-junction/no special feature,Paved,N/A,Property Damage Only,0,0,0,0,0,0,8000,2,777,N/A,POINT (-90.512946479102 41.532985425792)
2014797572,141733,04/14/2014,04-April,2-Monday,14:47,1400 Hours,District 1 (Central),IOWA FALLS,HARDIN,,OHIO AVE,Collision with:  Vehicle in traffic,On Roadway,"Sideswipe, same direction",Other (explain in narrative):  No improper action,None Indicated,None apparent,Daylight,Dry,Clear,None apparent,Non-intersection:  Alley,Paved,N/A,Property Damage Only,0,0,0,0,0,0,1501,2,2,N/A,POINT (-93.280724254669 42.519135143492)
2014795052,2014003466,04/14/2014,04-April,2-Monday,09:59,0900 Hours,District 1 (Central),MARSHALLTOWN,MARSHALL,IA 14,IA 14/S CENTER ST & E OLIVE ST,Collision with:  Vehicle in traffic,On Roadway,Broadside (front to side),Ran Traffic Signal,None Indicated,None apparent,Daylight,Dry,Cloudy,None apparent,Intersection:  Four-way intersection,Paved,N/A,Property Damage Only,0,0,0,0,0,0,3000,2,2,Southbound (SB),POINT (-92.912600534101 42.028371661594)
2014795390,14-11323,04/15/2014,04-April,3-Tuesday,15:43,1500 Hours,District 3 (Northwest),SIOUX CITY,WOODBURY,IA 376,IA 376/LEWIS BLVD,Collision with:  Vehicle in traffic,On Roadway,Rear-end (front to rear),Followed too close,None Indicated,None apparent,Daylight,Dry,Cloudy,None apparent,Non-intersection:  Non-junction/no special feature,Paved,N/A,Property Damage Only,0,0,0,0,0,0,4000,2,2,Southbound (SB),POINT (-96.372294817582 42.511897378377)
2014795249,14-004113,04/16/2014,04-April,4-Wednesday,20:31,2000 Hours,District 1 (Central),GARWIN,TAMA,,H AVE,Collision with:  Animal,N/A,Non-collision (single vehicle),Animal,None Indicated,N/A,N/A,N/A,N/A,N/A,N/A,Unpaved,N/A,Property Damage Only,0,0,0,0,0,0,15000,1,1,N/A,POINT (-92.630186555597 42.135563196679)
2014795292,140945,04/17/2014,04-April,5-Thursday,13:04,1300 Hours,District 3 (Northwest),DENISON,CRAWFORD,US 30,US 30/4TH AVE S & S MAIN ST,Collision with:  Vehicle in traffic,On Roadway,"Sideswipe, same direction",Improper or erratic lane changing,None Indicated,None apparent,Daylight,Dry,Clear,None apparent,Intersection:  Four-way intersection,Paved,N/A,Property Damage Only,0,0,0,0,0,0,5000,2,2,Westbound (WB),POINT (-95.355283576597 42.012376049473)
2014795558,20140010324,04/18/2014,04-April,6-Friday,15:06,1500 Hours,District 1 (Central),DES MOINES,POLK,,E 27TH ST,Collision with:  Vehicle in traffic,On Roadway,Broadside (front to side),FTYROW:  From driveway,None Indicated,None apparent,Daylight,Dry,Clear,None apparent,Non-intersection:  Driveway access (within),Paved,N/A,Property Damage Only,0,0,0,0,0,0,4000,2,3,N/A,POINT (-93.563681129499 41.620728791106)
2014795838,14-001927,04/19/2014,04-April,7-Saturday,12:20,1200 Hours,District 1 (Central),AMES,STORY,US 69,US 69/S DUFF AVE/LINCOLN WAY,Collision with:  Vehicle in traffic,On Roadway,"Sideswipe, same direction",Improper or erratic lane changing,None Indicated,None apparent,Daylight,Dry,Clear,None apparent,Non-intersection:  Non-junction/no special feature,Paved,N/A,Property Damage Only,0,0,0,0,0,0,3999,2,3,Northbound (NB),POINT (-93.610365512512 42.022891255239)
2014795509,2014004215,04/19/2014,04-April,7-Saturday,05:06,0500 Hours,District 6 (East Central),IOWA CITY,JOHNSON,,N 7TH AVE,Collision with:  Parked motor vehicle,Outside trafficway,Broadside (front to side),"Operating vehicle in an reckless, erratic, careless, negligent manner",Refused,None apparent,Dark - roadway not lighted,Dry,Clear,None apparent,Non-intersection:  Non-junction/no special feature,Paved,N/A,Minor Injury,0,2,0,2,0,0,18000,3,2,N/A,POINT (-91.51077160459 41.666964451613)
2014795726,W14-038827,04/21/2014,04-April,2-Monday,18:14,1800 Hours,District 2 (Northeast),WATERLOO,BLACK HAWK,,W 6TH ST,Collision with:  Vehicle in traffic,On Roadway,Head-on (front to front),Other (explain in narrative):  Other,None Indicated,None apparent,Daylight,Dry,Clear,None apparent,Non-intersection:  Non-junction/no special feature,Paved,N/A,Possible/Unknown,0,1,0,0,1,0,5000,2,2,N/A,POINT (-92.347242376972 42.47621111838)
2014795932,2014004336,04/22/2014,04-April,3-Tuesday,07:48,0700 Hours,District 6 (East Central),IOWA CITY,JOHNSON,US 218,US 218/NW RAMP CURV,Collision with:  Vehicle in traffic,On Roadway,Rear-end (front to rear),Followed too close,None Indicated,None apparent,Daylight,Dry,Clear,None apparent,Interchange-related:  Off-ramp,Paved,N/A,Possible/Unknown,0,1,0,0,1,0,1600,2,2,Ramp,POINT (-91.569314705003 41.633437032889)
2014796101,14-0878,04/23/2014,04-April,4-Wednesday,16:51,1600 Hours,District 1 (Central),URBANDALE,POLK,US 6,US 6/HICKMAN RD,Collision with:  Vehicle in traffic,On Roadway,Rear-end (front to rear),Other (explain in narrative):  Other,None Indicated,None apparent,Daylight,Wet,Rain,None apparent,Non-intersection:  Non-junction/no special feature,Paved,N/A,Property Damage Only,0,0,0,0,0,0,1500,2,2,Westbound (WB),POINT (-93.776050909009 41.614879601594)
2014796364,14-003334,04/24/2014,04-April,5-Thursday,15:39,1500 Hours,District 4 (Southwest),ATLANTIC,CASS,,14TH ST,Collision with:  Vehicle in traffic,On Roadway,Broadside (front to side),Improper Backing,None Indicated,None apparent,Daylight,Dry,Cloudy,None apparent,Non-intersection:  Non-junction/no special feature,Paved,N/A,Possible/Unknown,0,2,0,0,2,0,7500,2,5,N/A,POINT (-95.004113997609 41.396618354309)
2014796088,20140010950,04/24/2014,04-April,5-Thursday,07:27,0700 Hours,District 1 (Central),DES MOINES,POLK,,SE 1ST CT,Collision with:  Vehicle in traffic,On Roadway,Broadside (front to side),Other (explain in narrative):  Other,None Indicated,None apparent,Daylight,Wet,Cloudy,None apparent,Intersection:  Four-way intersection,Paved,N/A,Possible/Unknown,0,3,0,0,3,0,10000,2,4,N/A,POINT (-93.61430751361 41.535395744454)
2014796609,2014-25794,04/25/2014,04-April,6-Friday,12:22,1200 Hours,District 6 (East Central),DAVENPORT,SCOTT,,E 53RD ST,Collision with:  Vehicle in traffic,On Roadway,Rear-end (front to rear),Other (explain in narrative):  Other,None Indicated,None apparent,Daylight,Dry,Clear,None apparent,Non-intersection:  Non-junction/no special feature,Paved,N/A,Possible/Unknown,0,1,0,0,1,0,6000,2,2,N/A,POINT (-90.531237510848 41.574863042127)
2014796478,2014 05796,04/26/2014,04-April,7-Saturday,14:22,1400 Hours,District 6 (East Central),CEDAR RAPIDS,LINN,IA 922,IA 922/1ST AVE W & 5TH ST NW,Collision with:  Vehicle in traffic,On Roadway,Broadside (front to side),Unknown,None Indicated,None apparent,Daylight,Dry,Clear,None apparent,Intersection:  Four-way intersection,Paved,N/A,Property Damage Only,0,0,0,0,0,0,6000,2,3,Southbound (SB),POINT (-91.678206739598 41.974798046146)
2014796851,14040838,04/27/2014,04-April,1-Sunday,10:30,1000 Hours,District 2 (Northeast),CEDAR FALLS,BLACK HAWK,,W LONE TREE RD & CENTER ST,Collision with:  Vehicle in traffic,On Roadway,Broadside (front to side),Ran Stop Sign,None Indicated,None apparent,Daylight,Wet,Cloudy,None apparent,Intersection:  Four-way intersection,Paved,N/A,Minor Injury,0,1,0,1,0,0,11000,2,2,N/A,POINT (-92.455954446002 42.561982709848)
2014796740,14-591,04/28/2014,04-April,2-Monday,08:20,0800 Hours,District 3 (Northwest),SPIRIT LAKE,DICKINSON,US 71,US 71/18TH ST & HILL AVE,Collision with fixed object:  Utility pole/light support,On Roadway,Non-collision (single vehicle),Ran off road - right,None Indicated,None apparent,Daylight,Dry,Rain,None apparent,Intersection:  Four-way intersection,Paved,N/A,Property Damage Only,0,0,0,0,0,0,4500,1,1,Northbound (NB),POINT (-95.102286430124 43.422617440645)
2014796782,20140011530,04/29/2014,04-April,3-Tuesday,10:58,1000 Hours,District 1 (Central),DES MOINES,POLK,,UNIVERSITY AVE & 41ST ST,Collision with:  Vehicle in traffic,On Roadway,Broadside (front to side),FTYROW:  From driveway,None Indicated,None apparent,Daylight,Wet,Rain,None apparent,Non-intersection:  Driveway access (within),Paved,N/A,Property Damage Only,0,0,0,0,0,0,4500,2,3,N/A,POINT (-93.672894303857 41.600343551768)
2014797527,2014026481,04/30/2014,04-April,4-Wednesday,13:43,1300 Hours,District 5 (Southeast),,CLARKE,US 69,US 69,Collision with:  Vehicle in traffic,On Roadway,Broadside (front to side),FTYROW:  From driveway,None Indicated,Weather conditions,Daylight,Wet,Rain,None apparent,Non-intersection:  Driveway access (within),Paved,N/A,Major Injury,0,1,1,0,0,0,2550,2,3,Southbound (SB),POINT (-93.767825909946 40.900117579119)
2014798242,14-14466,04/30/2014,04-April,4-Wednesday,16:30,1600 Hours,District 5 (Southeast),BURLINGTON,DES MOINES,,MAIN ST & JEFFERSON ST,Collision with:  Non-motorist (see non-motorist section - NOT a unit),On Roadway,Non-collision (single vehicle),FTYROW:  To pedestrian,None Indicated,None apparent,Daylight,Dry,Cloudy,None apparent,Intersection:  Four-way intersection,Paved,N/A,Minor Injury,0,1,0,1,0,0,0,1,1,N/A,POINT (-91.101539760819 40.809732346941)
2014797473,2014-27444,05/01/2014,05-May,5-Thursday,12:45,1200 Hours,District 6 (East Central),DAVENPORT,SCOTT,,E 35TH ST,Collision with:  Vehicle in traffic,On Roadway,"Angle, oncoming left turn",Followed too close,None Indicated,None apparent,Daylight,Dry,Cloudy,None apparent,Non-intersection:  Driveway access (within),Paved,N/A,Property Damage Only,0,0,0,0,0,0,4000,2,3,N/A,POINT (-90.570466540161 41.554786356653)
2014797323,14-007040,05/02/2014,05-May,6-Friday,17:20,1700 Hours,District 5 (Southeast),,HENRY,,LOGAN AVE,Collision with fixed object:  Ditch,On Roadway,Non-collision (single vehicle),Ran off road - left,None Indicated,None apparent,Daylight,"Mud, dirt",Cloudy,None apparent,Non-intersection:  Non-junction/no special feature,Unpaved,N/A,Property Damage Only,0,0,0,0,0,0,3000,1,2,N/A,POINT (-91.506526911844 40.920089674712)
2014797684,141117,05/03/2014,05-May,7-Saturday,21:10,2100 Hours,District 3 (Northwest),DENISON,CRAWFORD,US 30,US 30/4TH AVE S,Collision with:  Vehicle in traffic,On Roadway,Rear-end (front to rear),Followed too close,None Indicated,None apparent,Dark - roadway lighted,Dry,Clear,None apparent,Non-intersection:  Non-junction/no special feature,Paved,N/A,Property Damage Only,0,0,0,0,0,0,9000,2,4,Eastbound (EB),POINT (-95.341447762994 42.012794347952)
2014797464,2014-8740,05/03/2014,05-May,7-Saturday,08:55,0800 Hours,District 6 (East Central),WALCOTT,SCOTT,,HENRY ST,Collision with:  Vehicle in traffic,On Roadway,"Sideswipe, same direction",Other (explain in narrative):  Other,None Indicated,None apparent,Daylight,Dry,Clear,None apparent,Non-intersection:  Driveway access (within),Paved,N/A,Property Damage Only,0,0,0,0,0,0,3000,2,3,N/A,POINT (-90.773050536969 41.589458519908)
2014797906,2014-28605,05/05/2014,05-May,2-Monday,16:26,1600 Hours,District 6 (East Central),DAVENPORT,SCOTT,,DIVISION ST,Collision with fixed object:  Ditch,On Roadway,Non-collision (single vehicle),"Operating vehicle in an reckless, erratic, careless, negligent manner",None Indicated,None apparent,Daylight,Dry,Clear,None apparent,Non-intersection:  Non-junction/no special feature,Paved,N/A,Property Damage Only,0,0,0,0,0,0,9000,1,1,N/A,POINT (-90.598014907371 41.614122977788)
2014798864,,05/06/2014,05-May,3-Tuesday,23:00,2300 Hours,District 3 (Northwest),,LYON,,,Collision with:  Animal,On Roadway,Non-collision (single vehicle),Animal,None Indicated,N/A,Dark - roadway not lighted,Dry,Clear,N/A,Non-intersection:  Non-junction/no special feature,N/A,N/A,Property Damage Only,0,0,0,0,0,0,3500,1,2,N/A,POINT (-96.643700150801 40.233091251088)
2014802959,A14033,05/06/2014,05-May,3-Tuesday,16:44,1600 Hours,District 5 (Southeast),KNOXVILLE,MARION,,E MAIN ST & S 2ND ST & N 2ND ST,Collision with:  Vehicle in traffic,Roadside,Rear-end (front to rear),FTYROW:  From parked position,None Indicated,None apparent,Daylight,Dry,Clear,None apparent,Non-intersection:  Non-junction/no special feature,Paved,N/A,Property Damage Only,0,0,0,0,0,0,4000,2,2,N/A,POINT (-93.09766434306 41.318939907304)
2014798207,W14-044622,05/07/2014,05-May,4-Wednesday,18:21,1800 Hours,District 2 (Northeast),WATERLOO,BLACK HAWK,IA 934,IA 934/UNIVERSITY AVE,Non-collision events:  Other non-collision (explain in narrative),On Roadway,Non-collision (single vehicle),Lost Control,None Indicated,None apparent,Daylight,Dry,Clear,None apparent,Non-intersection:  Non-junction/no special feature,Paved,N/A,Minor Injury,0,1,0,1,0,0,7500,1,1,Eastbound (EB),POINT (-92.364900450176 42.4961141953)
2014798119,20140012530,05/08/2014,05-May,5-Thursday,17:17,1700 Hours,District 1 (Central),DES MOINES,POLK,,6TH AVE,Collision with:  Vehicle in traffic,On Roadway,Rear-end (front to rear),Followed too close,None Indicated,None apparent,Daylight,Dry,Cloudy,None apparent,Intersection:  Four-way intersection,Paved,N/A,Possible/Unknown,0,1,0,0,1,0,1500,3,3,N/A,POINT (-93.624551256726 41.585853469958)
2014798237,141196,05/09/2014,05-May,6-Friday,19:17,1900 Hours,District 3 (Northwest),,CRAWFORD,,Co Rd M36/DONNA REED RD,Collision with fixed object:  Ditch,Shoulder,Non-collision (single vehicle),Swerving/Evasive Action,None Indicated,None apparent,Daylight,Dry,Clear,None apparent,Non-intersection:  Non-junction/no special feature,Paved,N/A,Minor Injury,0,1,0,1,0,0,5000,1,1,N/A,POINT (-95.312214285242 41.978867655704)
2014798289,14-2258,05/09/2014,05-May,6-Friday,21:15,2100 Hours,District 6 (East Central),HIAWATHA,LINN,I-380,I-380 & BLAIRS FERRY RD,Collision with:  Vehicle in traffic,On Roadway,Rear-end (front to rear),Unknown,None Indicated,None apparent,Dark - roadway lighted,Dry,Clear,None apparent,Interchange-related:  Off-ramp,Paved,N/A,Property Damage Only,0,0,0,0,0,0,1500,2,2,Ramp,POINT (-91.676820118608 42.034746714512)
2014798224,14004006,05/10/2014,05-May,7-Saturday,14:55,1400 Hours,District 6 (East Central),,BUCHANAN,,Co Rd W13/FAIRBANK-AMISH BLVD & 140TH ST,Collision with:  Vehicle in traffic,On Roadway,Broadside (front to side),Ran Stop Sign,None Indicated,None apparent,Daylight,Dry,Clear,None apparent,Intersection:  Four-way intersection,Paved,N/A,Possible/Unknown,0,2,0,0,2,0,13500,2,3,N/A,POINT (-91.983701618124 42.58386592947)
2014798378,20140012893,05/11/2014,05-May,1-Sunday,22:44,2200 Hours,District 1 (Central),DES MOINES,POLK,,URBANDALE AVE & MLK JR PKWY,Collision with:  Vehicle in traffic,On Roadway,Broadside (front to side),Ran Traffic Signal,None Indicated,None apparent,Dark - roadway lighted,Wet,Rain,None apparent,Intersection:  T-intersection,Paved,N/A,Property Damage Only,0,0,0,0,0,0,5000,2,5,N/A,POINT (-93.649955944013 41.624785976217)
2014799655,2014-30656,05/12/2014,05-May,2-Monday,20:29,2000 Hours,District 6 (East Central),DAVENPORT,SCOTT,,IA 461/W RIVER DR & MARQUETTE ST,Collision with:  Vehicle in traffic,On Roadway,Rear-end (front to rear),Unknown,None Indicated,None apparent,Dark - roadway lighted,Wet,Rain,Obstruction in roadway,Non-intersection:  Non-junction/no special feature,Paved,N/A,Property Damage Only,0,0,0,0,0,0,7000,2,3,No Travel Direction Consistent with Route,POINT (-90.590873898085 41.519919803036)
2014799104,14-000552,05/13/2014,05-May,3-Tuesday,16:22,1600 Hours,District 1 (Central),JOHNSTON,POLK,,NORTHGLENN DR,Collision with fixed object:  Utility pole/light support,Outside trafficway,Non-collision (single vehicle),Ran off road - right,None Indicated,None apparent,Daylight,Dry,Cloudy,None apparent,Non-intersection:  Non-junction/no special feature,Paved,N/A,Possible/Unknown,0,1,0,0,1,0,3000,1,1,N/A,POINT (-93.705592745087 41.686093721991)