Iowa DOT Case Number,Law Enforcement Case Number,Date of Crash,Month of Crash,Day of Week,Time of Crash,Hour,DOT District,City Name,County Name,Route with System,Location Description,First Harmful Event,Location of First Harmful Event,Manner of Crash/Collision,Major Cause,Drug or Alcohol ,Environmental Conditions,Light Conditions,Surface Conditions,Weather Conditions,Roadway Contribution,Roadway Type,Roadway Surface,Work Zone,Crash Severity,Number of Fatalities,Number of Injuries,Number of Major Injuries,Number of Minor Injuries,Number of Possible Injuries,Number of Unknown Injuries,Amount of Property Damage,Number of Vehicles Involved,Total Number of Occupants,Travel Direction,Location
2014798914,20140013198,05/14/2014,05-May,4-Wednesday,18:00,1800 Hours,District 1 (Central),DES MOINES,POLK,US 6,US 6/EUCLID AVE & 12TH ST,Collision with:  Vehicle in traffic,On Roadway,"Sideswipe, same direction",FTYROW:  Other (explain in narrative),None Indicated,None apparent,Daylight,Dry,Clear,None apparent,Non-intersection:  Non-junction/no special feature,Paved,N/A,Property Damage Only,0,0,0,0,0,0,2500,2,3,Eastbound (EB),POINT (-93.634390135005 41.627629132544)
2014799357,S79140157,05/15/2014,05-May,5-Thursday,22:48,2200 Hours,District 1 (Central),,POWESHIEK,I-80,I-80,Collision with:  Vehicle in traffic,On Roadway,Rear-end (front to rear),Followed too close,None Indicated,None apparent,Dark - roadway not lighted,Wet,Rain,None apparent,Non-intersection:  Non-junction/no special feature,Paved,N/A,Possible/Unknown,0,1,0,0,1,0,40000,2,4,Eastbound (EB),POINT (-92.360868002136 41.695642755096)
2014799930,14-5075,05/16/2014,05-May,6-Friday,12:09,1200 Hours,District 3 (Northwest),CARROLL,CARROLL,US 30,US 30/6TH ST,Collision with:  Vehicle in traffic,On Roadway,Rear-end (front to rear),Lost Control,None Indicated,None apparent,Daylight,Dry,Clear,None apparent,Non-intersection:  Non-junction/no special feature,Paved,N/A,Property Damage Only,0,0,0,0,0,0,2700,2,2,Eastbound (EB),POINT (-94.858959131334 42.064008854054)
2014799306,20140013377,05/16/2014,05-May,6-Friday,12:15,1200 Hours,District 1 (Central),DES MOINES,POLK,I-235,I-235,Collision with fixed object:  Concrete traffic barrier (median or right side),On Roadway,Non-collision (single vehicle),Swerving/Evasive Action,None Indicated,None apparent,Daylight,Dry,Cloudy,None apparent,Non-intersection:  Non-junction/no special feature,Paved,N/A,Minor Injury,0,1,0,1,0,0,4000,1,1,Eastbound (EB),POINT (-93.594348591173 41.596993409635)
2014802882,14003568,05/17/2014,05-May,7-Saturday,13:40,1300 Hours,District 4 (Southwest),PERRY,DALLAS,IA 144,IA 144/1ST AVE,Collision with:  Vehicle in traffic,On Roadway,"Sideswipe, same direction",Made improper turn,None Indicated,None apparent,Daylight,Dry,Clear,None apparent,Non-intersection:  Non-junction/no special feature,Paved,N/A,Property Damage Only,0,0,0,0,0,0,3000,2,3,Southbound (SB),POINT (-94.106592277419 41.838741572661)
2014806812,32039-14,05/18/2014,05-May,1-Sunday,22:20,2200 Hours,District 3 (Northwest),,EMMET,IA 4,IA 4/IOWA 4,Collision with:  Animal,N/A,N/A,Animal,None Indicated,N/A,N/A,N/A,N/A,N/A,N/A,Paved,N/A,Property Damage Only,0,0,0,0,0,0,5500,1,1,Unknown - Not Indicated - Unlocated,POINT (-94.805283741472 43.363394598389)
2014820435,2014-39-AC,05/19/2014,05-May,2-Monday,18:32,1800 Hours,District 3 (Northwest),SPIRIT LAKE,DICKINSON,,Co Rd A48/240TH ST,Non-collision events:  Overturn/rollover,On Roadway,Non-collision (single vehicle),Exceeded authorized speed,None Indicated,None apparent,Daylight,"Mud, dirt",Cloudy,None apparent,Non-intersection:  Non-junction/no special feature,Unpaved,N/A,Property Damage Only,0,0,0,0,0,0,2500,1,1,N/A,POINT (-95.064851355725 43.2991682175)
2014799244,14010079,05/19/2014,05-May,2-Monday,12:01,1200 Hours,District 6 (East Central),MARION,LINN,IA 100,IA 100/COLLINS RD SE,Collision with:  Vehicle in traffic,On Roadway,Rear-end (front to rear),Followed too close,None Indicated,None apparent,Daylight,Dry,Cloudy,None apparent,Intersection:  Four-way intersection,Paved,N/A,Property Damage Only,0,0,0,0,0,0,5200,2,5,Eastbound (EB),POINT (-91.58826448042 42.015201482644)
2014799465,E14201053,05/20/2014,05-May,3-Tuesday,10:50,1000 Hours,District 2 (Northeast),,FRANKLIN,US 65,US 65,Collision with:  Vehicle in traffic,On Roadway,"Sideswipe, same direction",FTYROW:  Other (explain in narrative),None Indicated,None apparent,Daylight,Dry,Clear,None apparent,Non-intersection:  Driveway access (within),Paved,N/A,Property Damage Only,0,0,0,0,0,0,2000,2,2,Southbound (SB),POINT (-93.203411525751 42.659490706283)
2014799772,20140013918,05/21/2014,05-May,4-Wednesday,23:43,2300 Hours,District 1 (Central),DES MOINES,POLK,,LELAND AVE & SW 18TH ST,Collision with:  Parked motor vehicle,On Roadway,Rear-end (front to rear),Driving too fast for conditions,None Indicated,Unknown,Dark - roadway not lighted,Wet,Rain,Unknown,Non-intersection:  Non-junction/no special feature,Paved,N/A,Property Damage Only,0,0,0,0,0,0,25000,2,1,N/A,POINT (-93.640131993084 41.52837328634)
2014809971,143480PD,05/22/2014,05-May,5-Thursday,14:28,1400 Hours,District 1 (Central),BOONE,BOONE,,11TH ST & STORY ST,Collision with:  Vehicle in traffic,On Roadway,Head-on (front to front),FTYROW:  Making left turn,None Indicated,None apparent,Daylight,Dry,Clear,None apparent,Intersection:  Four-way intersection,Paved,N/A,Property Damage Only,0,0,0,0,0,0,1800,2,2,N/A,POINT (-93.880043447221 42.066911345802)
2014803591,B14-0975,05/23/2014,05-May,6-Friday,19:45,1900 Hours,District 3 (Northwest),SERGEANT BLUFF,WOODBURY,,COFFIE FARM RD,Collision with:  Vehicle in traffic,On Roadway,Broadside (front to side),"Operating vehicle in an reckless, erratic, careless, negligent manner",None Indicated,None apparent,Daylight,Dry,Cloudy,None apparent,Non-intersection:  Non-junction/no special feature,Paved,N/A,Property Damage Only,0,0,0,0,0,0,2100,2,1,N/A,POINT (-96.354179131905 42.391840467934)
2014812783,PD140355,05/23/2014,05-May,6-Friday,04:53,0400 Hours,District 1 (Central),GRUNDY CENTER,GRUNDY,IA 14,IA 14/240TH ST & COMMERCE DR CONN,Collision with:  Vehicle in traffic,On Roadway,Rear-end (front to rear),Driver Distraction:  Inattentive/lost in thought,None Indicated,None apparent,Dawn,Dry,Clear,None apparent,Intersection:  T-intersection,Paved,N/A,Property Damage Only,0,0,0,0,0,0,16000,2,3,No Travel Direction Consistent with Route,POINT (-92.792901066604 42.361597337057)
2014800469,2014-10867,05/24/2014,05-May,7-Saturday,09:07,0900 Hours,District 5 (Southeast),INDIANOLA,WARREN,IA 92,IA 92/W 2ND AVE,Collision with:  Parked motor vehicle,On Roadway,Broadside (front to side),Illegally Parked/Unattended,None Indicated,None apparent,Daylight,Dry,Clear,None apparent,Non-intersection:  Non-junction/no special feature,Paved,N/A,Property Damage Only,0,0,0,0,0,0,6000,2,2,Both East and West,POINT (-93.573961109598 41.357976670883)
2014800429,14-001107,05/25/2014,05-May,1-Sunday,15:15,1500 Hours,District 1 (Central),ALTOONA,POLK,US 6,US 6/FREDERICK M HUBBELL AVE & 34TH AVE SW & 34TH AVE NW,Collision with:  Vehicle in traffic,On Roadway,Rear-end (front to rear),Other (explain in narrative):  Other,None Indicated,None apparent,Daylight,Dry,Cloudy,None apparent,Intersection:  Four-way intersection,Paved,N/A,Possible/Unknown,0,3,0,0,3,0,1550,2,6,No Travel Direction Consistent with Route,POINT (-93.503113628184 41.655066030283)
2014800936,2014031476,05/26/2014,05-May,2-Monday,01:11,0100 Hours,District 6 (East Central),DAVENPORT,SCOTT,US 61,US 61/BRADY ST,Collision with fixed object:  Other fixed object (explain in narrative),Outside trafficway,Non-collision (single vehicle),Downhill runaway,None Indicated,None apparent,Dark - roadway lighted,Dry,Cloudy,None apparent,Non-intersection:  Non-junction/no special feature,Paved,N/A,Property Damage Only,0,0,0,0,0,0,3500,1,1,Southbound (SB),POINT (-90.565792970522 41.605474247103)
2014800716,2014031304,05/27/2014,05-May,3-Tuesday,00:41,0000 Hours,District 6 (East Central),,IOWA,I-80,I-80,Collision with:  Animal,On Roadway,Non-collision (single vehicle),Animal,None Indicated,None apparent,Dark - roadway not lighted,Dry,Clear,None apparent,Non-intersection:  Non-junction/no special feature,Paved,N/A,Property Damage Only,0,0,0,0,0,0,10000,1,1,Westbound (WB),POINT (-91.872648793418 41.687269787824)
2014851995,2014005179,05/28/2014,05-May,4-Wednesday,21:39,2100 Hours,District 1 (Central),MARSHALLTOWN,MARSHALL,US 30,US 30/240TH ST,Collision with:  Animal,On Roadway,Non-collision (single vehicle),Animal,None Indicated,Animal in roadway,Dark - roadway not lighted,Dry,Clear,None apparent,Non-intersection:  Non-junction/no special feature,Paved,N/A,Property Damage Only,0,0,0,0,0,0,5000,1,1,Eastbound (EB),POINT (-92.932402015803 42.003472659208)
2014800954,201402386,05/28/2014,05-May,4-Wednesday,13:03,1300 Hours,District 1 (Central),,BOONE,,E AVE & 105TH ST,Collision with:  Vehicle in traffic,On Roadway,Broadside (front to side),FTYROW:  At uncontrolled intersection,None Indicated,None apparent,Daylight,"Mud, dirt",Cloudy,None apparent,Intersection:  Four-way intersection,Unpaved,N/A,Minor Injury,0,2,0,2,0,0,20500,2,2,N/A,POINT (-94.086609813327 42.202568341446)
2014801470,,05/29/2014,05-May,5-Thursday,22:00,2200 Hours,District 3 (Northwest),OKOBOJI,DICKINSON,,LAKE SHORE DR,Collision with:  Vehicle in traffic,On Roadway,Rear-end (front to rear),Other (explain in narrative):  No improper action,None Indicated,None apparent,Dark - roadway lighted,Dry,Clear,None apparent,Non-intersection:  Non-junction/no special feature,Paved,N/A,Property Damage Only,0,0,0,0,0,0,4500,2,3,N/A,POINT (-95.12957648518 43.377559977113)
2014801061,20140015032,05/30/2014,05-May,6-Friday,11:40,1100 Hours,District 1 (Central),DES MOINES,POLK,,PROSPECT RD,Collision with fixed object:  Utility pole/light support,Outside trafficway,Non-collision (single vehicle),Lost Control,None Indicated,None apparent,Daylight,Dry,Clear,None apparent,Non-intersection:  Other non-intersection (explain in narrative),Paved,N/A,Property Damage Only,0,0,0,0,0,0,2750,1,2,N/A,POINT (-93.63919099381 41.617793703105)
2014801330,14-021895,05/30/2014,05-May,6-Friday,12:59,1200 Hours,District 4 (Southwest),COUNCIL BLUFFS,POTTAWATTAMIE,,GIFFORD RD,Non-collision events:  Overturn/rollover,Outside trafficway,Non-collision (single vehicle),Other (explain in narrative):  Other,None Indicated,None apparent,Daylight,Dry,Cloudy,None apparent,Non-intersection:  Driveway access (within),Paved,N/A,Possible/Unknown,0,1,0,0,1,0,0,1,1,N/A,POINT (-95.879914906532 41.215835534705)
2014801744,14-060531-01,05/31/2014,05-May,7-Saturday,18:00,1800 Hours,District 6 (East Central),,IOWA,,Co Rd V66/M AVE,Non-collision events:  Overturn/rollover,On Roadway,Non-collision (single vehicle),Crossed centerline (undivided),None Indicated,None apparent,Daylight,Wet,Rain,None apparent,Non-intersection:  Non-junction/no special feature,Paved,N/A,Minor Injury,0,1,0,1,0,0,3000,1,1,N/A,POINT (-92.064828554011 41.784359918254)
2014803276,14V06004,06/01/2014,06-June,1-Sunday,14:30,1400 Hours,District 6 (East Central),VINTON,BENTON,,W 4TH ST,Collision with:  Other non-fixed object (explain in narrative),On Roadway,Non-collision (single vehicle),Equipment failure,None Indicated,None apparent,Daylight,Dry,Cloudy,None apparent,Non-intersection:  Non-junction/no special feature,Paved,N/A,Property Damage Only,0,0,0,0,0,0,2600,1,2,N/A,POINT (-92.032119938731 42.167777778776)
2014804639,14-139,06/02/2014,06-June,2-Monday,23:39,2300 Hours,District 4 (Southwest),NEW MARKET,TAYLOR,,4TH ST & ADAMS ST,Collision with:  Parked motor vehicle,Roadside,Rear-end (front to rear),Crossed centerline (undivided),Drug/Alcohol (Statutory),None apparent,Dark - roadway not lighted,Dry,Clear,None apparent,Non-intersection:  Non-junction/no special feature,Paved,N/A,Minor Injury,0,1,0,1,0,0,5001,2,1,N/A,POINT (-94.898158202529 40.730035748813)
2014802149,14-002654,06/02/2014,06-June,2-Monday,13:03,1300 Hours,District 1 (Central),AMES,STORY,US 69,US 69/GRAND AVE & 8TH ST,Collision with:  Vehicle in traffic,On Roadway,Rear-end (front to rear),Driver Distraction:  Reaching for object(s)/fallen object(s),None Indicated,None apparent,Daylight,Dry,Clear,None apparent,Intersection:  Four-way intersection,Paved,N/A,Minor Injury,0,1,0,1,0,0,5000,2,2,Southbound (SB),POINT (-93.620267496429 42.028818536507)
2014801779,20140015513,06/03/2014,06-June,3-Tuesday,13:45,1300 Hours,District 1 (Central),DES MOINES,POLK,I-235,I-235 & US 6/E EUCLID AVE,Collision with:  Vehicle in traffic,On Roadway,Broadside (front to side),Ran Traffic Signal,None Indicated,None apparent,Daylight,Dry,Clear,None apparent,Intersection:  Four-way intersection,Paved,N/A,Possible/Unknown,0,2,0,0,2,0,24000,2,3,Ramp,POINT (-93.577356045065 41.627767608033)
2014801974,14C02557,06/04/2014,06-June,4-Wednesday,18:33,1800 Hours,District 4 (Southwest),CRESTON,UNION,,HARSH ST & N VINE ST,Collision with:  Vehicle in traffic,On Roadway,Broadside (front to side),FTYROW:  At uncontrolled intersection,None Indicated,None apparent,Daylight,Dry,Clear,None apparent,Non-intersection:  Non-junction/no special feature,Paved,N/A,Property Damage Only,0,0,0,0,0,0,1500,2,5,N/A,POINT (-94.357919947921 41.066946037739)
2014801928,14-3720,06/05/2014,06-June,5-Thursday,12:06,1200 Hours,District 1 (Central),BONDURANT,POLK,,32ND ST SW,Collision with:  Vehicle in traffic,On Roadway,Broadside (front to side),FTYROW:  From yield sign,None Indicated,None apparent,Daylight,Dry,Cloudy,None apparent,Intersection:  Four-way intersection,Paved,N/A,Possible/Unknown,0,1,0,0,1,0,6000,2,3,N/A,POINT (-93.480441197152 41.673177351553)
2014803104,,06/05/2014,06-June,5-Thursday,23:40,2300 Hours,District 6 (East Central),WEST BRANCH,JOHNSON,I-80,I-80,Collision with:  Animal,On Roadway,Non-collision (single vehicle),Animal,None Indicated,N/A,Dark - roadway not lighted,Dry,Clear,N/A,Non-intersection:  Non-junction/no special feature,Paved,N/A,Property Damage Only,0,0,0,0,0,0,7000,1,3,Unknown - Not Indicated - Unlocated,POINT (-91.434911483174 41.668189970887)
2014802778,1400000484,06/06/2014,06-June,6-Friday,16:40,1600 Hours,District 1 (Central),,MARSHALL,,IOWA AVE W & OAKS AVE & HIGHLAND ACRES RD,Collision with:  Vehicle in traffic,On Roadway,Broadside (front to side),FTYROW:  From stop sign,None Indicated,None apparent,Daylight,Dry,Clear,None apparent,Intersection:  Four-way intersection,Paved,N/A,Property Damage Only,0,0,0,0,0,0,6000,2,4,N/A,POINT (-92.961489172593 42.007512078941)
2014802356,20140015965,06/07/2014,06-June,7-Saturday,12:45,1200 Hours,District 1 (Central),DES MOINES,POLK,,UNIVERSITY AVE,Collision with:  Vehicle in traffic,On Roadway,Broadside (front to side),FTYROW:  From driveway,None Indicated,None apparent,Daylight,Wet,Rain,None apparent,Non-intersection:  Driveway access (within),Paved,N/A,Property Damage Only,0,0,0,0,0,0,5500,2,2,N/A,POINT (-93.660054414096 41.600336922286)
2014803810,14083303,06/07/2014,06-June,7-Saturday,11:39,1100 Hours,District 6 (East Central),,JOHNSON,IA 1,IA 1/IOWA 1,Collision with:  Vehicle in traffic,On Roadway,Rear-end (front to rear),Swerving/Evasive Action,None Indicated,None apparent,Daylight,Dry,Cloudy,Work Zone (roadway-related),Non-intersection:  Non-junction/no special feature,Paved,Yes,Property Damage Only,0,0,0,0,0,0,4000,2,3,Northbound (NB),POINT (-91.606891824227 41.624540453738)
2014802916,14-060608-01,06/08/2014,06-June,1-Sunday,14:30,1400 Hours,District 6 (East Central),,IOWA,,Co Rd F52/F52 TRL,Collision with:  Animal,N/A,N/A,Animal,None Indicated,N/A,N/A,N/A,N/A,N/A,N/A,Paved,N/A,Property Damage Only,0,0,0,0,0,0,1800,1,1,N/A,POINT (-92.099659942857 41.588374994152)
2014810703,140609BJ02,06/09/2014,06-June,2-Monday,13:25,1300 Hours,District 3 (Northwest),ORANGE CITY,SIOUX,IA 10,IA 10/8TH ST SE & FRANKFORD PL SE & FRANKFORT AVE SE,Collision with:  Vehicle in traffic,On Roadway,Rear-end (front to rear),Followed too close,None Indicated,None apparent,Daylight,Wet,Cloudy,"Surface condition (e.g., wet, icy)",Intersection:  Four-way intersection,Paved,N/A,Property Damage Only,0,0,0,0,0,0,2000,2,3,Eastbound (EB),POINT (-96.051927268842 42.997509995039)
2014804343,,06/10/2014,06-June,3-Tuesday,11:46,1100 Hours,District 2 (Northeast),NEW HAMPTON,CHICKASAW,IA 24,IA 24/200TH & CANTY AVE,Collision with:  Vehicle in traffic,On Roadway,"Angle, oncoming left turn",FTYROW:  Making left turn,None Indicated,None apparent,Daylight,Dry,Clear,None apparent,Non-intersection:  Driveway access (within),Paved,N/A,Property Damage Only,0,0,0,0,0,0,8000,2,2,Westbound (WB),POINT (-92.325190923336 43.066846760802)
2014802927,201408273,06/11/2014,06-June,4-Wednesday,16:35,1600 Hours,District 6 (East Central),CEDAR RAPIDS,LINN,,WILEY BLVD SW,Collision with:  Vehicle in traffic,On Roadway,"Angle, oncoming left turn",Made improper turn,None Indicated,None apparent,Daylight,Dry,Clear,None apparent,Non-intersection:  Driveway access (within),Paved,N/A,Possible/Unknown,0,1,0,0,1,0,9000,2,2,N/A,POINT (-91.725803604552 41.961160073014)
2014804211,2014-3206,06/11/2014,06-June,4-Wednesday,17:25,1700 Hours,District 1 (Central),IOWA FALLS,HARDIN,US 20,US 20/SPECIAL CASE/NE RAMP & US 65,Collision with:  Vehicle in traffic,On Roadway,Rear-end (front to rear),Followed too close,None Indicated,None apparent,Daylight,Dry,Clear,None apparent,"Interchange-related:  Off-ramp, diverge area",Paved,N/A,Property Damage Only,0,0,0,0,0,0,1500,2,3,Ramp,POINT (-93.261136354972 42.448998499832)
2014802973,14-024578,06/12/2014,06-June,5-Thursday,12:25,1200 Hours,District 5 (Southeast),MUSCATINE,MUSCATINE,,MULBERRY AVE,Collision with:  Vehicle in traffic,On Roadway,Rear-end (front to rear),Followed too close,None Indicated,None apparent,Daylight,Dry,Clear,None apparent,Non-intersection:  Non-junction/no special feature,Paved,N/A,Property Damage Only,0,0,0,0,0,0,1600,2,2,N/A,POINT (-91.084423228382 41.44715169886)
2014803900,2014-39259,06/13/2014,06-June,6-Friday,17:04,1700 Hours,District 6 (East Central),DAVENPORT,SCOTT,,IA 461/HARRISON ST & W CENTRAL PARK AVE,Collision with:  Vehicle in traffic,On Roadway,Rear-end (front to rear),Followed too close,None Indicated,None apparent,Daylight,Dry,Clear,None apparent,Non-intersection:  Non-junction/no special feature,Paved,N/A,Property Damage Only,0,0,0,0,0,0,5000,2,2,No Travel Direction Consistent with Route,POINT (-90.576952073893 41.545511600615)
2014803608,,06/13/2014,06-June,6-Friday,12:25,1200 Hours,District 4 (Southwest),,AUDUBON,,130 ST,Collision with fixed object:  Ditch,Gore,Non-collision (single vehicle),Ran off road - right,None Indicated,None apparent,Daylight,Dry,Clear,None apparent,Non-intersection:  Non-junction/no special feature,Unpaved,N/A,Property Damage Only,0,0,0,0,0,0,3200,1,1,N/A,POINT (-94.974422971726 41.819876622173)
2014803497,14-024509,06/14/2014,06-June,7-Saturday,09:55,0900 Hours,District 4 (Southwest),COUNCIL BLUFFS,POTTAWATTAMIE,,METRO DR,Collision with:  Vehicle in traffic,On Roadway,Broadside (front to side),FTYROW:  From stop sign,None Indicated,None apparent,Daylight,Dry,Cloudy,None apparent,Non-intersection:  Driveway access (within),Paved,N/A,Possible/Unknown,0,1,0,0,1,0,3000,2,3,N/A,POINT (-95.839316689698 41.224716118565)
2014803451,20140016848,06/15/2014,06-June,1-Sunday,14:11,1400 Hours,District 1 (Central),DES MOINES,POLK,,UNIVERSITY AVE & 13TH ST,Collision with:  Vehicle in traffic,On Roadway,"Angle, oncoming left turn",FTYROW:  Making left turn,None Indicated,None apparent,Daylight,Dry,Cloudy,None apparent,Intersection:  Four-way intersection,Paved,N/A,Property Damage Only,0,0,0,0,0,0,9000,2,4,N/A,POINT (-93.634219657177 41.600428302592)
2014803965,2014035516,06/16/2014,06-June,2-Monday,16:40,1600 Hours,District 6 (East Central),,JACKSON,IA 62,IA 62/ANSEL BRIGGS HWY & 92 ST,Non-collision events:  Overturn/rollover,Roadside,Non-collision (single vehicle),Equipment failure,None Indicated,None apparent,Daylight,Dry,Cloudy,None apparent,Non-intersection:  Driveway access (within),Paved,N/A,Possible/Unknown,0,1,0,0,1,0,46000,1,1,Southbound (SB),POINT (-90.608962294247 42.112744051063)
2014804389,14005421,06/16/2014,06-June,2-Monday,16:15,1600 Hours,District 6 (East Central),,BUCHANAN,,Co Rd D22/220TH ST,Collision with:  Animal,N/A,N/A,Animal,None Indicated,N/A,N/A,N/A,N/A,N/A,N/A,Paved,N/A,Property Damage Only,0,0,0,0,0,0,8000,1,1,N/A,POINT (-91.794998906135 42.468259025433)
2014803686,20140017076,06/17/2014,06-June,3-Tuesday,13:00,1300 Hours,District 1 (Central),DES MOINES,POLK,,PHILIP ST,Collision with:  Vehicle in traffic,On Roadway,Broadside (front to side),Driver Distraction:  Manual operation of an electronic communication device,None Indicated,None apparent,Daylight,Dry,Cloudy,None apparent,Non-intersection:  Driveway access (within),Paved,N/A,Property Damage Only,0,0,0,0,0,0,1600,2,1,N/A,POINT (-93.616863838589 41.544533504899)
2014804092,14-025155,06/18/2014,06-June,4-Wednesday,13:39,1300 Hours,District 4 (Southwest),COUNCIL BLUFFS,POTTAWATTAMIE,I-29,I-29,Collision with:  Vehicle in traffic,On Roadway,"Sideswipe, same direction",Improper or erratic lane changing,None Indicated,None apparent,Daylight,Dry,Cloudy,None apparent,Non-intersection:  Non-junction/no special feature,Paved,N/A,Property Damage Only,0,0,0,0,0,0,1950,2,3,No Travel Direction Consistent with Route,POINT (-95.84585126163 41.23180483598)
2014804071,14-002647,06/18/2014,06-June,4-Wednesday,09:54,0900 Hours,District 1 (Central),ANKENY,POLK,US 69,US 69/S ANKENY BLVD/N 14TH ST & IA 160/SW ORALABOR RD/SE ORALABOR RD,Collision with:  Vehicle in traffic,On Roadway,Rear-end (front to rear),Driving too fast for conditions,None Indicated,None apparent,Daylight,Wet,Clear,None apparent,Intersection:  Four-way intersection,Paved,N/A,Property Damage Only,0,0,0,0,0,0,2500,2,3,Southbound (SB),POINT (-93.600526745399 41.70286748992)
2014804319,2014036102,06/19/2014,06-June,5-Thursday,12:53,1200 Hours,District 1 (Central),,POWESHIEK,I-80,I-80 & IA 21/IOWA 21,Collision with:  Vehicle in traffic,On Roadway,"Angle, oncoming left turn",Crossed centerline (undivided),None Indicated,None apparent,Daylight,Dry,Cloudy,None apparent,Intersection:  Intersection with ramp,Paved,N/A,Property Damage Only,0,0,0,0,0,0,3000,2,2,Ramp,POINT (-92.357799946779 41.697210897192)
2014809335,062014A,06/20/2014,06-June,6-Friday,10:40,1000 Hours,District 4 (Southwest),,FREMONT,I-29,I-29,Collision with:  Vehicle in traffic,On Roadway,Rear-end (front to rear),Followed too close,None Indicated,None apparent,Daylight,Dry,Clear,Other (explain in narrative),Interchange-related:  Off-ramp,Paved,N/A,Property Damage Only,0,0,0,0,0,0,6000,2,3,Ramp,POINT (-95.781526659339 40.688935377708)
2014804594,14-025508,06/20/2014,06-June,6-Friday,13:24,1300 Hours,District 4 (Southwest),COUNCIL BLUFFS,POTTAWATTAMIE,US 6,US 6/W BROADWAY,Collision with:  Vehicle in traffic,On Roadway,Rear-end (front to rear),Followed too close,None Indicated,None apparent,Daylight,Dry,Clear,None apparent,Non-intersection:  Non-junction/no special feature,Paved,N/A,Possible/Unknown,0,2,0,0,2,0,1000,2,7,Eastbound (EB),POINT (-95.867852692692 41.261844134407)
2014804418,01-14-26964,06/21/2014,06-June,7-Saturday,13:08,1300 Hours,District 6 (East Central),DUBUQUE,DUBUQUE,,W LOCUST ST,Collision with fixed object:  Utility pole/light support,Outside trafficway,Non-collision (single vehicle),Ran off road - right,Alcohol (Statutory),None apparent,Daylight,Dry,Cloudy,None apparent,Non-intersection:  Non-junction/no special feature,Paved,N/A,Property Damage Only,0,0,0,0,0,0,3250,1,1,N/A,POINT (-90.689658719743 42.508054591143)
2014822520,EP14-001151,06/22/2014,06-June,1-Sunday,01:00,0100 Hours,District 2 (Northeast),EAGLE GROVE,WRIGHT,IA 17,IA 17/N COMMERCIAL AVE & 12TH ST NW,Collision with:  Vehicle in traffic,On Roadway,Rear-end (front to rear),Swerving/Evasive Action,None Indicated,None apparent,Dark - roadway lighted,Dry,Cloudy,None apparent,Non-intersection:  Non-junction/no special feature,Paved,N/A,Property Damage Only,0,0,0,0,0,0,1900,2,3,Northbound (NB),POINT (-93.905825884416 42.675478798478)
2014804536,20140017761,06/23/2014,06-June,2-Monday,12:33,1200 Hours,District 1 (Central),DES MOINES,POLK,,FOREST AVE & 12TH ST,Collision with:  Vehicle in traffic,On Roadway,Broadside (front to side),Ran Stop Sign,None Indicated,None apparent,Daylight,Dry,Cloudy,Traffic control obscured,Intersection:  Four-way intersection,Paved,N/A,Property Damage Only,0,0,0,0,0,0,6500,2,5,N/A,POINT (-93.632971124584 41.604056088915)
2014819371,1406-044,06/24/2014,06-June,3-Tuesday,21:10,2100 Hours,District 3 (Northwest),HARRIS,OSCEOLA,IA 9,IA 9/IOWA 9 & Co Rd M20/YEW AVE,Collision with:  Animal,On Roadway,Non-collision (single vehicle),Animal,None Indicated,None apparent,Dark - roadway not lighted,Dry,Clear,None apparent,Non-intersection:  Non-junction/no special feature,Paved,N/A,Property Damage Only,0,0,0,0,0,0,3000,1,1,Eastbound (EB),POINT (-95.407548965848 43.430506333574)
2014805211,2014037311,06/25/2014,06-June,4-Wednesday,14:22,1400 Hours,District 4 (Southwest),,FREMONT,I-29,I-29,Collision with:  Vehicle in traffic,On Roadway,"Sideswipe, same direction",Other (explain in narrative):  Other,Under Influence of Alcohol/Drugs/Medications,None apparent,Daylight,Dry,Cloudy,None apparent,Non-intersection:  Non-junction/no special feature,Paved,N/A,Property Damage Only,0,0,0,0,0,0,3500,2,2,Southbound (SB),POINT (-95.809927915489 40.772805131981)
2014805448,14010378,06/25/2014,06-June,4-Wednesday,12:47,1200 Hours,District 2 (Northeast),MASON CITY,CERRO GORDO,IA 122,IA 122/IOWA 122 & SEDARS DR,Collision with:  Vehicle in traffic,On Roadway,Rear-end (front to rear),FTYROW:  At uncontrolled intersection,None Indicated,None apparent,Daylight,Dry,Clear,None apparent,Non-intersection:  Crossover-related,Paved,N/A,Property Damage Only,0,0,0,0,0,0,7000,2,2,Eastbound (EB),POINT (-93.270513619591 43.148363175042)
2014804992,14003782,06/26/2014,06-June,5-Thursday,00:05,0000 Hours,District 2 (Northeast),,CERRO GORDO,US 65,US 65,Collision with:  Animal,N/A,N/A,Animal,None Indicated,N/A,N/A,N/A,N/A,N/A,N/A,Paved,N/A,Property Damage Only,0,0,0,0,0,0,3000,1,1,Unknown - Not Indicated - Unlocated,POINT (-93.201723072667 42.996690306686)
2014805559,20140018184,06/27/2014,06-June,6-Friday,12:20,1200 Hours,District 1 (Central),DES MOINES,POLK,US 6,US 6/MERLE HAY RD & BOSTON AVE,Collision with:  Vehicle in traffic,On Roadway,Broadside (front to side),FTYROW:  From stop sign,None Indicated,None apparent,Daylight,Dry,Cloudy,None apparent,Intersection:  T-intersection,Paved,N/A,Property Damage Only,0,0,0,0,0,0,5000,2,2,Eastbound (EB),POINT (-93.697750667062 41.623055648857)
2014805897,2014037700,06/27/2014,06-June,6-Friday,12:20,1200 Hours,District 1 (Central),,STORY,I-35,I-35,Collision with:  Vehicle in traffic,On Roadway,Rear-end (front to rear),Followed too close,None Indicated,None apparent,Daylight,Wet,Rain,None apparent,Non-intersection:  Non-junction/no special feature,Paved,N/A,Property Damage Only,0,0,0,0,0,0,4000,2,5,Northbound (NB),POINT (-93.570620203505 41.910034966892)