Iowa DOT Case Number,Law Enforcement Case Number,Date of Crash,Month of Crash,Day of Week,Time of Crash,Hour,DOT District,City Name,County Name,Route with System,Location Description,First Harmful Event,Location of First Harmful Event,Manner of Crash/Collision,Major Cause,Drug or Alcohol ,Environmental Conditions,Light Conditions,Surface Conditions,Weather Conditions,Roadway Contribution,Roadway Type,Roadway Surface,Work Zone,Crash Severity,Number of Fatalities,Number of Injuries,Number of Major Injuries,Number of Minor Injuries,Number of Possible Injuries,Number of Unknown Injuries,Amount of Property Damage,Number of Vehicles Involved,Total Number of Occupants,Travel Direction,Location
2014805915,2014037979,06/28/2014,06-June,7-Saturday,21:30,2100 Hours,District 1 (Central),,POLK,I-35,I-35,Collision with fixed object:  Guardrail - face,On Roadway,Non-collision (single vehicle),Swerving/Evasive Action,None Indicated,None apparent,Dark - roadway not lighted,Dry,Cloudy,None apparent,Non-intersection:  Non-junction/no special feature,Paved,N/A,Property Damage Only,0,0,0,0,0,0,10160,1,2,Northbound (NB),POINT (-93.570452705007 41.808510704208)
2014806004,2014-43575,06/29/2014,06-June,1-Sunday,17:21,1700 Hours,District 6 (East Central),DAVENPORT,SCOTT,,W LOCUST ST,Collision with:  Vehicle in traffic,On Roadway,"Angle, oncoming left turn",FTYROW:  Making left turn,None Indicated,None apparent,Daylight,Dry,Clear,None apparent,Non-intersection:  Driveway access (within),Paved,N/A,Major Injury,0,2,1,1,0,0,9200,2,3,N/A,POINT (-90.617490679827 41.538181292263)
2014805734,14-004167,06/30/2014,06-June,2-Monday,10:48,1000 Hours,District 2 (Northeast),WHITTEMORE,KOSSUTH,,BROAD ST,Collision with:  Other non-fixed object (explain in narrative),Shoulder,Non-collision (single vehicle),Improper Backing,None Indicated,None apparent,Daylight,Wet,Rain,None apparent,Non-intersection:  Non-junction/no special feature,Paved,N/A,Property Damage Only,0,0,0,0,0,0,5100,1,1,N/A,POINT (-94.424879696428 43.063900153521)
2014806113,1-14-28651,07/01/2014,07-July,3-Tuesday,08:30,0800 Hours,District 6 (East Central),DUBUQUE,DUBUQUE,,GLEN OAK ST,Collision with:  Parked motor vehicle,On Roadway,Broadside (front to side),Improper Backing,None Indicated,None apparent,Daylight,Dry,Clear,None apparent,Non-intersection:  Non-junction/no special feature,Paved,N/A,Property Damage Only,0,0,0,0,0,0,4500,2,2,N/A,POINT (-90.683331608605 42.496472154994)
2014806092,14003941,07/01/2014,07-July,3-Tuesday,13:20,1300 Hours,District 2 (Northeast),,CERRO GORDO,,SOUTHSHORE DR,Collision with:  Vehicle in traffic,On Roadway,Rear-end (front to rear),Lost Control,None Indicated,None apparent,Daylight,Dry,Cloudy,None apparent,Non-intersection:  Non-junction/no special feature,Paved,N/A,Property Damage Only,0,0,0,0,0,0,1750,2,6,N/A,POINT (-93.422147436026 43.115576732655)
2014806449,2014-44517,07/02/2014,07-July,4-Wednesday,15:07,1500 Hours,District 6 (East Central),DAVENPORT,SCOTT,,E LOCUST ST & BROADLAWN AVE,Collision with:  Vehicle in traffic,On Roadway,"Angle, oncoming left turn",FTYROW:  Making left turn,None Indicated,None apparent,Daylight,Dry,Cloudy,None apparent,Intersection:  T-intersection,Paved,N/A,Property Damage Only,0,0,0,0,0,0,8000,2,2,N/A,POINT (-90.524051504365 41.538484920442)
2014806096,144649,07/03/2014,07-July,5-Thursday,00:09,0000 Hours,District 4 (Southwest),,DALLAS,I-80,I-80,Collision with fixed object:  Guardrail - face,Median,Non-collision (single vehicle),Ran off road - left,None Indicated,None apparent,Dark - roadway not lighted,Dry,Clear,None apparent,Non-intersection:  Non-junction/no special feature,Paved,N/A,Property Damage Only,0,0,0,0,0,0,7000,1,1,Eastbound (EB),POINT (-93.947712726732 41.549425424569)
2014806202,W-14-1364,07/03/2014,07-July,5-Thursday,12:09,1200 Hours,District 2 (Northeast),WAUKON,ALLAMAKEE,IA 9,IA 9/ROSSVILLE RD & 2ND AVE SE,Collision with:  Vehicle in traffic,On Roadway,Rear-end (front to rear),Improper Backing,None Indicated,None apparent,Daylight,Dry,Clear,None apparent,Intersection:  T-intersection,Paved,N/A,Property Damage Only,0,0,0,0,0,0,2500,2,2,Westbound (WB),POINT (-91.475479509338 43.267326940893)
2014806267,W14-066998,07/04/2014,07-July,6-Friday,09:43,0900 Hours,District 2 (Northeast),WATERLOO,BLACK HAWK,US 63,US 63/SERGEANT RD/UNIVERSITY AVE & IA 934,Collision with:  Vehicle in traffic,On Roadway,Broadside (front to side),Unknown,None Indicated,None apparent,Daylight,Dry,Clear,None apparent,Non-intersection:  Non-junction/no special feature,Paved,N/A,Possible/Unknown,0,1,0,0,1,0,3900,2,2,Northbound (NB),POINT (-92.354376814969 42.495812236872)
2014806427,14-3167,07/05/2014,07-July,7-Saturday,04:43,0400 Hours,District 1 (Central),WEST DES MOINES,POLK,I-35,I-35,Collision with:  Animal,On Roadway,Non-collision (single vehicle),Animal,None Indicated,None apparent,Dark - roadway not lighted,Dry,Clear,None apparent,Non-intersection:  Non-junction/no special feature,Paved,N/A,Minor Injury,0,1,0,1,0,0,3000,1,1,Northbound (NB),POINT (-93.777257259501 41.592389501035)
2014807603,,07/06/2014,07-July,1-Sunday,20:00,2000 Hours,District 3 (Northwest),,MONONA,IA 183,IA 183/IOWA 183,Collision with:  Animal,On Roadway,Non-collision (single vehicle),Animal,None Indicated,N/A,Daylight,Dry,Clear,N/A,Non-intersection:  Non-junction/no special feature,Paved,N/A,Property Damage Only,0,0,0,0,0,0,4525,1,1,Unknown - Not Indicated - Unlocated,POINT (-95.737585464517 42.033337958312)
2014806786,01-14-29808,07/07/2014,07-July,2-Monday,17:19,1700 Hours,District 6 (East Central),DUBUQUE,DUBUQUE,US 20,US 20/DODGE ST,Collision with:  Vehicle in traffic,On Roadway,Rear-end (front to rear),Lost Control,None Indicated,None apparent,Daylight,Dry,Clear,None apparent,Non-intersection:  Non-junction/no special feature,Paved,N/A,Property Damage Only,0,0,0,0,0,0,2500,2,2,Westbound (WB),POINT (-90.698458812548 42.491130807669)
2014806748,070714-74,07/07/2014,07-July,2-Monday,09:34,0900 Hours,District 3 (Northwest),,BUENA VISTA,,Co Rd C49/590TH ST,Non-collision events:  Overturn/rollover,Shoulder,Non-collision (single vehicle),Ran off road - left,None Indicated,None apparent,Daylight,Dry,Clear,None apparent,Non-intersection:  Non-junction/no special feature,Paved,N/A,Major Injury,0,1,1,0,0,0,4000,1,1,N/A,POINT (-95.039238441583 42.661653192296)
2014806602,20140019315,07/08/2014,07-July,3-Tuesday,06:27,0600 Hours,District 1 (Central),DES MOINES,POLK,,E ARMY POST RD & SE 5TH ST,Collision with:  Vehicle in traffic,On Roadway,Broadside (front to side),Ran Traffic Signal,None Indicated,Glare,Daylight,Dry,Clear,None apparent,Intersection:  Four-way intersection,Paved,N/A,Minor Injury,0,1,0,1,0,0,13000,2,3,N/A,POINT (-93.606443078337 41.526367092145)
2014808545,14-016568,07/09/2014,07-July,4-Wednesday,22:45,2200 Hours,District 5 (Southeast),,MARION,,Co Rd G44/HWY G44 & 138TH PL,Collision with:  Animal,N/A,N/A,Animal,None Indicated,N/A,N/A,N/A,N/A,N/A,N/A,Paved,N/A,Property Damage Only,0,0,0,0,0,0,3500,1,1,N/A,POINT (-93.083009632161 41.342254377961)
2014808407,2014-47314,07/10/2014,07-July,5-Thursday,13:47,1300 Hours,District 6 (East Central),DAVENPORT,SCOTT,US 6,US 6/W KIMBERLY RD,Collision with:  Vehicle in traffic,On Roadway,"Sideswipe, same direction",FTYROW:  Other (explain in narrative),None Indicated,None apparent,Daylight,Dry,Clear,None apparent,Non-intersection:  Non-junction/no special feature,Paved,N/A,Property Damage Only,0,0,0,0,0,0,2500,2,2,Eastbound (EB),POINT (-90.586179455236 41.560107005164)
2014807109,14-23814,07/10/2014,07-July,5-Thursday,14:20,1400 Hours,District 5 (Southeast),WEST BURLINGTON,DES MOINES,,W GLASGOW ST & S SUMMER ST,Collision with:  Vehicle in traffic,On Roadway,Broadside (front to side),FTYROW:  From yield sign,None Indicated,None apparent,Daylight,Dry,Clear,None apparent,Intersection:  Four-way intersection,Paved,N/A,Possible/Unknown,0,1,0,0,0,1,5200,2,2,N/A,POINT (-91.160361927255 40.824053165836)
2014807411,14-002973,07/11/2014,07-July,6-Friday,17:48,1700 Hours,District 1 (Central),ANKENY,POLK,,NW 10TH ST & NW STATE ST,Collision with:  Vehicle in traffic,On Roadway,Rear-end (front to rear),Driver Distraction:  Manual operation of an electronic communication device,None Indicated,None apparent,Daylight,Dry,Cloudy,None apparent,Intersection:  T-intersection,Paved,N/A,Property Damage Only,0,0,0,0,0,0,7500,2,2,N/A,POINT (-93.621366226818 41.74017196302)
2014807515,2014-48047,07/12/2014,07-July,7-Saturday,12:37,1200 Hours,District 6 (East Central),DAVENPORT,SCOTT,,W PLEASANT ST & N DIVISION ST,Collision with:  Vehicle in traffic,On Roadway,"Angle, oncoming left turn",FTYROW:  Making left turn,None Indicated,None apparent,Daylight,Dry,Clear,None apparent,Intersection:  Four-way intersection,Paved,N/A,Minor Injury,0,1,0,1,0,0,6000,2,2,N/A,POINT (-90.601008686 41.539468606743)
2014809858,14-070444,07/13/2014,07-July,1-Sunday,21:35,2100 Hours,District 2 (Northeast),WATERLOO,BLACK HAWK,,WILLISTON AVE,Collision with:  Vehicle in traffic,On Roadway,"Sideswipe, opposite direction",Traveling wrong way or on wrong side of road,None Indicated,None apparent,Dark - roadway lighted,Dry,Clear,None apparent,Non-intersection:  Non-junction/no special feature,Paved,N/A,Possible/Unknown,0,1,0,0,1,0,15000,2,3,N/A,POINT (-92.354146410529 42.483905212137)
2014807446,20140020066,07/14/2014,07-July,2-Monday,12:50,1200 Hours,District 1 (Central),DES MOINES,POLK,IA 28,IA 28/IOWA 5 & ARMY POST RD,Collision with:  Vehicle in traffic,On Roadway,Broadside (front to side),Ran Traffic Signal,None Indicated,None apparent,Daylight,Dry,Clear,None apparent,Intersection:  T-intersection,Paved,N/A,Property Damage Only,0,0,0,0,0,0,5500,2,2,Northbound (NB),POINT (-93.685231337877 41.516448895426)
2014808300,201410101,07/14/2014,07-July,2-Monday,11:41,1100 Hours,District 6 (East Central),CEDAR RAPIDS,LINN,,16TH AVE SW,Collision with:  Vehicle in traffic,On Roadway,Broadside (front to side),FTYROW:  From driveway,None Indicated,None apparent,Daylight,Dry,Cloudy,None apparent,Non-intersection:  Driveway access (within),Paved,N/A,Property Damage Only,0,0,0,0,0,0,10200,2,2,N/A,POINT (-91.697480351184 41.962436336017)
2014807793,14010330,07/15/2014,07-July,3-Tuesday,22:45,2200 Hours,District 6 (East Central),,CEDAR,,OLD LINCOLN HWY,Non-collision events:  Overturn/rollover,Outside trafficway,Non-collision (single vehicle),Swerving/Evasive Action,None Indicated,Animal in roadway,Dark - roadway not lighted,Dry,Clear,None apparent,Non-intersection:  Non-junction/no special feature,Paved,N/A,Property Damage Only,0,0,0,0,0,0,1500,1,1,N/A,POINT (-90.94016858092 41.861444215885)
2014808490,,07/16/2014,07-July,4-Wednesday,21:20,2100 Hours,District 6 (East Central),DE WITT,CLINTON,,245 ST,Collision with:  Animal,N/A,Non-collision (single vehicle),Animal,None Indicated,N/A,N/A,N/A,N/A,N/A,N/A,Paved,N/A,Property Damage Only,0,0,0,0,0,0,5000,1,3,N/A,POINT (-90.522973369628 41.826488358018)
2014808178,14-029911,07/17/2014,07-July,5-Thursday,19:00,1900 Hours,District 4 (Southwest),COUNCIL BLUFFS,POTTAWATTAMIE,,WOODBURY AVE & MADISON AVE,Collision with:  Vehicle in traffic,On Roadway,"Angle, oncoming left turn",FTYROW:  Making left turn,None Indicated,None apparent,Daylight,Dry,Clear,None apparent,Intersection:  Four-way intersection,Paved,N/A,Property Damage Only,0,0,0,0,0,0,2000,2,2,N/A,POINT (-95.825651948877 41.242849192371)
2014808360,20140020611,07/18/2014,07-July,6-Friday,23:30,2300 Hours,District 1 (Central),DES MOINES,POLK,,GUTHRIE AVE & TICHENOR ST,Collision with:  Parked motor vehicle,On Roadway,Rear-end (front to rear),Improper Backing,None Indicated,None apparent,Dark - roadway lighted,Dry,Clear,None apparent,Non-intersection:  Non-junction/no special feature,Paved,N/A,Property Damage Only,0,0,0,0,0,0,1700,2,1,N/A,POINT (-93.578982669668 41.615014226885)
2014811263,,07/19/2014,07-July,7-Saturday,13:10,1300 Hours,District 5 (Southeast),FORT MADISON,LEE,,48TH ST,Collision with:  Vehicle in traffic,On Roadway,Rear-end (front to rear),Followed too close,None Indicated,None apparent,Daylight,Dry,Clear,None apparent,Non-intersection:  Non-junction/no special feature,Paved,N/A,Property Damage Only,0,0,0,0,0,0,2000,2,5,N/A,POINT (-91.373099646734 40.627531117268)
2014808663,14-012275,07/20/2014,07-July,1-Sunday,17:51,1700 Hours,District 5 (Southeast),,HENRY,,Co Rd W55/FRANKLIN AVE,Non-collision events:  Other non-collision (explain in narrative),On Roadway,Non-collision (single vehicle),Equipment failure,None Indicated,None apparent,Daylight,Dry,Clear,None apparent,Non-intersection:  Non-junction/no special feature,Paved,N/A,Property Damage Only,0,0,0,0,0,0,17500,1,3,N/A,POINT (-91.622298265973 40.864168060016)
2014808601,14-23482,07/21/2014,07-July,2-Monday,09:51,0900 Hours,District 3 (Northwest),SIOUX CITY,WOODBURY,I-29,I-29,Collision with:  Vehicle in traffic,On Roadway,"Sideswipe, same direction",FTYROW:  Other (explain in narrative),None Indicated,None apparent,Daylight,Dry,Cloudy,Work Zone (roadway-related),Non-intersection:  Other non-intersection (explain in narrative),Paved,Yes,Property Damage Only,0,0,0,0,0,0,4500,2,3,No Travel Direction Consistent with Route,POINT (-96.394419735554 42.486246995498)
2014809475,,07/22/2014,07-July,3-Tuesday,09:40,0900 Hours,District 4 (Southwest),,ADAIR,I-80,I-80,Collision with:  Vehicle in traffic,On Roadway,"Sideswipe, same direction",Unknown,None Indicated,N/A,Daylight,Dry,Clear,N/A,Non-intersection:  Non-junction/no special feature,Paved,N/A,Property Damage Only,0,0,0,0,0,0,1500,2,2,Unknown - Not Indicated - Unlocated,POINT (-94.419136830552 41.495934984125)
2014808665,PD1406275,07/22/2014,07-July,3-Tuesday,10:10,1000 Hours,District 5 (Southeast),FAIRFIELD,JEFFERSON,IA 1,IA 1/N 4TH ST,Collision with:  Vehicle in traffic,On Roadway,"Sideswipe, same direction",FTYROW:  Other (explain in narrative),None Indicated,None apparent,Daylight,Dry,Cloudy,None apparent,Non-intersection:  Non-junction/no special feature,Paved,N/A,Property Damage Only,0,0,0,0,0,0,2000,2,2,Southbound (SB),POINT (-91.968081015523 41.021819021819)
2014811093,2014042832,07/23/2014,07-July,4-Wednesday,16:29,1600 Hours,District 5 (Southeast),,WAPELLO,,Co Rd H27/WHISKEY RIDGE RD,Collision with fixed object:  Ditch,Shoulder,Non-collision (single vehicle),Ran off road - right,None Indicated,None apparent,Daylight,"Mud, dirt",Cloudy,None apparent,Non-intersection:  Non-junction/no special feature,Unpaved,N/A,Property Damage Only,0,0,0,0,0,0,2000,1,1,N/A,POINT (-92.555150737179 41.054009793997)
2014811270,,07/24/2014,07-July,5-Thursday,11:31,1100 Hours,District 2 (Northeast),CHARLES CITY,FLOYD,,CLARK ST & MAIN ST,Collision with:  Vehicle in traffic,On Roadway,Rear-end (front to rear),FTYROW:  Making left turn,None Indicated,None apparent,Daylight,Dry,Cloudy,None apparent,Intersection:  Four-way intersection,Paved,N/A,Property Damage Only,0,0,0,0,0,0,2300,2,2,N/A,POINT (-92.678786091617 43.067376981856)
2014809113,14-19154,07/25/2014,07-July,6-Friday,18:43,1800 Hours,District 1 (Central),COLFAX,JASPER,,Co Rd F48/HWY F-48 W,Collision with:  Vehicle in traffic,On Roadway,Broadside (front to side),FTYROW:  From driveway,None Indicated,Glare,Daylight,Dry,Cloudy,None apparent,Non-intersection:  Driveway access (within),Paved,N/A,Property Damage Only,0,0,0,0,0,0,10000,2,2,N/A,POINT (-93.200289392488 41.685193887375)
2014809631,2014043175,07/25/2014,07-July,6-Friday,12:33,1200 Hours,District 2 (Northeast),,CHICKASAW,US 218,US 218,Non-collision events:  Other non-collision (explain in narrative),Shoulder,Non-collision (single vehicle),Ran off road - right,None Indicated,None apparent,Daylight,Dry,Cloudy,None apparent,Non-intersection:  Non-junction/no special feature,Paved,N/A,Minor Injury,0,1,0,1,0,0,18000,1,1,Southbound (SB),POINT (-92.544697560097 42.921814215474)
2014810419,14-0816,07/26/2014,07-July,7-Saturday,08:40,0800 Hours,District 1 (Central),PLEASANT HILL,POLK,,FAIRVIEW DR & N PLEASANT HILL BLVD,Collision with:  Vehicle in traffic,On Roadway,"Angle, oncoming left turn",Crossed centerline (undivided),None Indicated,None apparent,Daylight,Dry,Clear,None apparent,Intersection:  Four-way intersection,Paved,N/A,Property Damage Only,0,0,0,0,0,0,2000,2,4,N/A,POINT (-93.520197211359 41.590011918369)
2014810539,14-022965,07/27/2014,07-July,1-Sunday,01:54,0100 Hours,District 5 (Southeast),,LEE,IA 27,IA 27/IOWA 27,Collision with:  Animal,N/A,N/A,Animal,None Indicated,N/A,N/A,N/A,N/A,N/A,N/A,Paved,N/A,Property Damage Only,0,0,0,0,0,0,1500,1,1,Unknown - Not Indicated - Unlocated,POINT (-91.567563237955 40.473863991879)
2014809599,14-24339,07/28/2014,07-July,2-Monday,16:48,1600 Hours,District 3 (Northwest),SIOUX CITY,WOODBURY,,W 19TH ST,Collision with:  Vehicle in traffic,On Roadway,Rear-end (front to rear),Followed too close,None Indicated,None apparent,Daylight,Dry,Clear,None apparent,Non-intersection:  Non-junction/no special feature,Paved,N/A,Possible/Unknown,0,1,0,0,1,0,3500,2,2,N/A,POINT (-96.438696996885 42.510083984599)
2014810326,2014043937,07/29/2014,07-July,3-Tuesday,12:30,1200 Hours,District 2 (Northeast),ELKPORT,CLAYTON,,CO RD X3C,Collision with fixed object:  Other fixed object (explain in narrative),On Roadway,Non-collision (single vehicle),Crossed centerline (undivided),None Indicated,None apparent,Daylight,Dry,Cloudy,Work Zone (roadway-related),Non-intersection:  Non-junction/no special feature,Paved,Yes,Major Injury,0,1,1,0,0,0,2000,1,1,N/A,POINT (-91.279486844827 42.737675507511)
2014810805,2014044154,07/30/2014,07-July,4-Wednesday,15:37,1500 Hours,District 1 (Central),,POLK,I-80,I-80,Collision with fixed object:  Ditch,Roadside,Non-collision (single vehicle),Ran off road - right,None Indicated,None apparent,Daylight,Dry,Clear,None apparent,Non-intersection:  Non-junction/no special feature,Paved,N/A,Possible/Unknown,0,1,0,0,1,0,500,1,2,Westbound (WB),POINT (-93.541598983551 41.657124908052)
2014810715,14003534,07/31/2014,07-July,5-Thursday,23:12,2300 Hours,District 1 (Central),AMES,STORY,US 69,US 69/S DUFF AVE & CHESTNUT ST,Collision with:  Vehicle in traffic,On Roadway,Broadside (front to side),Ran Traffic Signal,None Indicated,None apparent,Dark - roadway lighted,Dry,Clear,None apparent,Intersection:  Four-way intersection,Paved,N/A,Property Damage Only,0,0,0,0,0,0,3500,2,6,Northbound (NB),POINT (-93.610292893917 42.011507316014)
2014810442,S14-7558,07/31/2014,07-July,5-Thursday,18:00,1800 Hours,District 3 (Northwest),SERGEANT BLUFF,WOODBURY,I-29,I-29,Collision with:  Vehicle in traffic,On Roadway,Rear-end (front to rear),Unknown,None Indicated,None apparent,Daylight,Dry,Cloudy,Work Zone (roadway-related),Interchange-related:  On-ramp merge area,Paved,Yes,Property Damage Only,0,0,0,0,0,0,3100,3,3,Northbound (NB),POINT (-96.366480622374 42.406066961598)
2014810550,201411163,08/01/2014,08-August,6-Friday,15:04,1500 Hours,District 6 (East Central),CEDAR RAPIDS,LINN,,DIAGONAL DR SW & 1ST ST SW,Collision with:  Vehicle in traffic,On Roadway,Broadside (front to side),Ran Traffic Signal,None Indicated,None apparent,Daylight,Dry,Cloudy,None apparent,Intersection:  Four-way intersection,Paved,N/A,Property Damage Only,0,0,0,0,0,0,7500,2,3,N/A,POINT (-91.669325900893 41.970624521176)
2014810910,S14-7622,08/02/2014,08-August,7-Saturday,22:51,2200 Hours,District 3 (Northwest),SMITHLAND,WOODBURY,,Co Rd D25/OLD HWY 141,Non-collision events:  Overturn/rollover,Roadside,Non-collision (single vehicle),Crossed centerline (undivided),None Indicated,None apparent,Dark - roadway not lighted,Dry,Cloudy,None apparent,Non-intersection:  Non-junction/no special feature,Paved,N/A,Minor Injury,0,1,0,1,0,0,15100,1,1,N/A,POINT (-95.942704943188 42.233839381189)
2014811769,14-000902,08/03/2014,08-August,1-Sunday,22:45,2200 Hours,District 1 (Central),JOHNSTON,POLK,,NW 62ND AVE,Collision with fixed object:  Traffic sign support,On Roadway,Non-collision (single vehicle),Ran off road - left,None Indicated,None apparent,Dark - roadway lighted,Dry,Clear,None apparent,Intersection:  Other intersection (explain in narrative),Paved,N/A,Property Damage Only,0,0,0,0,0,0,5050,1,1,N/A,POINT (-93.720510438796 41.672643652622)
2014811083,14-25228,08/04/2014,08-August,2-Monday,20:50,2000 Hours,District 3 (Northwest),SIOUX CITY,WOODBURY,IA 376,IA 376/SINGING HILLS BLVD/S LEWIS BLVD,Collision with:  Vehicle in traffic,On Roadway,Rear-end (front to rear),Followed too close,None Indicated,None apparent,Dark - roadway lighted,Dry,Clear,None apparent,Intersection:  Four-way intersection,Paved,N/A,Property Damage Only,0,0,0,0,0,0,11500,2,2,No Travel Direction Consistent with Route,POINT (-96.369856645048 42.435277586624)
2014810612,20140022489,08/04/2014,08-August,2-Monday,11:26,1100 Hours,District 5 (Southeast),DES MOINES,WARREN,IA 5,IA 5/IOWA 5 & FLEUR DR,Collision with fixed object:  Bridge pier or support,Shoulder,Non-collision (single vehicle),Ran off road - right,None Indicated,None apparent,Daylight,Dry,Clear,None apparent,Non-intersection:  Other non-intersection (explain in narrative),Paved,N/A,Fatal,1,0,0,0,0,0,25500,1,1,No Travel Direction Consistent with Route,POINT (-93.64498404755 41.507602235392)
2014811018,14-003348,08/05/2014,08-August,3-Tuesday,14:41,1400 Hours,District 1 (Central),ANKENY,POLK,,E 1ST ST & NE SHERMAN DR,Collision with:  Vehicle in traffic,On Roadway,Rear-end (front to rear),Other (explain in narrative):  Other,None Indicated,None apparent,Daylight,Dry,Clear,None apparent,Non-intersection:  Non-junction/no special feature,Paved,N/A,Property Damage Only,0,0,0,0,0,0,3500,2,3,N/A,POINT (-93.596359705834 41.731855881127)
2014811581,14-013348,08/06/2014,08-August,4-Wednesday,21:14,2100 Hours,District 5 (Southeast),,HENRY,,Co Rd H18/140TH ST,Collision with fixed object:  Ditch,Roadside,Non-collision (single vehicle),Exceeded authorized speed,None Indicated,Animal in roadway,Dark - roadway not lighted,"Mud, dirt",Cloudy,None apparent,Non-intersection:  Non-junction/no special feature,Unpaved,N/A,Property Damage Only,0,0,0,0,0,0,3500,1,1,N/A,POINT (-91.557883018751 41.105178538627)
2014811326,20140022801,08/07/2014,08-August,5-Thursday,09:18,0900 Hours,District 1 (Central),DES MOINES,POLK,,SW 3RD ST & W MLK JR PKWY,Collision with:  Vehicle in traffic,On Roadway,Broadside (front to side),Ran Traffic Signal,None Indicated,None apparent,Daylight,Wet,Rain,None apparent,Intersection:  Four-way intersection,Paved,N/A,Possible/Unknown,0,1,0,0,1,0,6000,2,2,N/A,POINT (-93.619297645581 41.582206927114)
2014811849,14-11955,08/08/2014,08-August,6-Friday,15:18,1500 Hours,District 3 (Northwest),SPENCER,CLAY,US 18,US 18/S GRAND AVE/11TH ST SE & US 71/11TH ST SW & GRAND PLAZA DR,Collision with:  Vehicle in traffic,On Roadway,Rear-end (front to rear),Improper Backing,None Indicated,None apparent,Daylight,Dry,Clear,None apparent,Intersection:  Four-way intersection,Paved,N/A,Property Damage Only,0,0,0,0,0,0,1550,2,2,No Travel Direction Consistent with Route,POINT (-95.143658752614 43.126482034211)
2014811705,14-15145,08/08/2014,08-August,6-Friday,13:12,1300 Hours,District 6 (East Central),BETTENDORF,SCOTT,,MIDDLE RD,Collision with:  Vehicle in traffic,On Roadway,"Angle, oncoming left turn",FTYROW:  Making left turn,None Indicated,None apparent,Daylight,Dry,Cloudy,None apparent,Intersection:  Four-way intersection,Paved,N/A,Property Damage Only,0,0,0,0,0,0,6500,2,2,N/A,POINT (-90.51936194496 41.539806799376)
2014811643,20140023116,08/09/2014,08-August,7-Saturday,18:00,1800 Hours,District 1 (Central),DES MOINES,POLK,I-235,I-235 & DAY ST & 7TH ST,Collision with:  Vehicle in traffic,On Roadway,Broadside (front to side),Unknown,None Indicated,None apparent,Daylight,Dry,Clear,None apparent,Intersection:  Four-way intersection,Paved,N/A,Property Damage Only,0,0,0,0,0,0,3000,2,2,Ramp,POINT (-93.626883423745 41.596262161174)
2014812169,08-14-013,08/11/2014,08-August,2-Monday,07:56,0700 Hours,District 3 (Northwest),LE MARS,PLYMOUTH,,4TH ST SW & 1ST AVE SW,Collision with:  Vehicle in traffic,On Roadway,"Angle, oncoming left turn",FTYROW:  Making left turn,None Indicated,None apparent,Daylight,Dry,Clear,None apparent,Intersection:  Four-way intersection,Paved,N/A,Minor Injury,0,2,0,2,0,0,7000,2,6,N/A,POINT (-96.167815772715 42.788179252965)
2014813043,144635,08/11/2014,08-August,2-Monday,14:02,1400 Hours,District 1 (Central),,HARDIN,,S AVE & 145TH ST,Collision with:  Vehicle in traffic,On Roadway,Broadside (front to side),FTYROW:  At uncontrolled intersection,None Indicated,Visual obstruction,Daylight,"Mud, dirt",Cloudy,None apparent,Intersection:  Four-way intersection,Unpaved,N/A,Minor Injury,0,2,0,2,0,0,14200,2,2,N/A,POINT (-93.124665800159 42.489628746433)
2014811898,14-3905,08/12/2014,08-August,3-Tuesday,07:36,0700 Hours,District 1 (Central),WEST DES MOINES,POLK,I-35,I-35,Collision with:  Vehicle in traffic,On Roadway,Rear-end (front to rear),Followed too close,None Indicated,None apparent,Daylight,Dry,Clear,None apparent,Interchange-related:  On-ramp merge area,Paved,N/A,Property Damage Only,0,0,0,0,0,0,2100,2,2,Southbound (SB),POINT (-93.77683919309 41.603552248103)
2014812054,14-033999,08/13/2014,08-August,4-Wednesday,01:15,0100 Hours,District 4 (Southwest),COUNCIL BLUFFS,POTTAWATTAMIE,US 6,US 6/W BROADWAY & S 25TH ST & N 25TH ST,Non-collision events:  Other non-collision (explain in narrative),On Roadway,Non-collision (single vehicle),Ran off road - left,None Indicated,None apparent,Dark - roadway lighted,Dry,Clear,None apparent,Intersection:  Four-way intersection,Paved,N/A,Property Damage Only,0,0,0,0,0,0,2200,1,2,Westbound (WB),POINT (-95.88190427947 41.261916274412)
2014822707,14-034054,08/13/2014,08-August,4-Wednesday,16:57,1600 Hours,District 5 (Southeast),WEST LIBERTY,MUSCATINE,US 6,US 6/3RD ST & CLARK ST,Collision with:  Vehicle in traffic,On Roadway,"Angle, oncoming left turn",FTYROW:  Making left turn,None Indicated,None apparent,Daylight,Dry,Clear,None apparent,Intersection:  Four-way intersection,Paved,N/A,Minor Injury,0,1,0,1,0,0,3500,2,3,Both East and West,POINT (-91.25759706782 41.569905090837)
2014812968,2014047616,08/14/2014,08-August,5-Thursday,13:00,1300 Hours,District 4 (Southwest),,ADAIR,I-80,I-80,Collision with fixed object:  Ditch,On Roadway,Non-collision (single vehicle),Swerving/Evasive Action,None Indicated,None apparent,Daylight,Dry,Clear,None apparent,Non-intersection:  Non-junction/no special feature,Paved,N/A,Property Damage Only,0,0,0,0,0,0,5000,1,1,Eastbound (EB),POINT (-94.538591344382 41.496461371076)
2014826454,2014-5804,08/15/2014,08-August,6-Friday,14:40,1400 Hours,District 6 (East Central),LE CLAIRE,SCOTT,,BLACKSTONE WAY,Collision with:  Vehicle in traffic,On Roadway,"Sideswipe, same direction",FTYROW:  From driveway,None Indicated,None apparent,Daylight,Dry,Clear,None apparent,Non-intersection:  Driveway access (within),Paved,N/A,Property Damage Only,0,0,0,0,0,0,1501,2,37,N/A,POINT (-90.394821647491 41.592718553656)
2014812604,20140023882,08/16/2014,08-August,7-Saturday,05:21,0500 Hours,District 1 (Central),DES MOINES,POLK,,UNIVERSITY AVE,Collision with:  Vehicle in traffic,On Roadway,Rear-end (front to rear),Other (explain in narrative):  Other,None Indicated,None apparent,Dark - roadway lighted,Wet,Rain,None apparent,Non-intersection:  Non-junction/no special feature,Paved,N/A,Property Damage Only,0,0,0,0,0,0,3000,2,777,N/A,POINT (-93.68329845965 41.60037225704)