Iowa DOT Case Number,Law Enforcement Case Number,Date of Crash,Month of Crash,Day of Week,Time of Crash,Hour,DOT District,City Name,County Name,Route with System,Location Description,First Harmful Event,Location of First Harmful Event,Manner of Crash/Collision,Major Cause,Drug or Alcohol ,Environmental Conditions,Light Conditions,Surface Conditions,Weather Conditions,Roadway Contribution,Roadway Type,Roadway Surface,Work Zone,Crash Severity,Number of Fatalities,Number of Injuries,Number of Major Injuries,Number of Minor Injuries,Number of Possible Injuries,Number of Unknown Injuries,Amount of Property Damage,Number of Vehicles Involved,Total Number of Occupants,Travel Direction,Location
2014813345,14-035345,08/17/2014,08-August,1-Sunday,17:00,1700 Hours,District 4 (Southwest),COUNCIL BLUFFS,POTTAWATTAMIE,I-29,I-29,Collision with:  Vehicle in traffic,On Roadway,"Sideswipe, same direction",Unknown,None Indicated,Other (explain in narrative),Daylight,Unknown,Unknown,Work Zone (roadway-related),Interchange-related:  On-ramp merge area,Paved,Yes,Property Damage Only,0,0,0,0,0,0,1599,2,5,No Travel Direction Consistent with Route,POINT (-95.883634682552 41.232350118165)
2014813329,14-004773,08/18/2014,08-August,2-Monday,12:05,1200 Hours,District 2 (Northeast),,HANCOCK,US 18,US 18,Collision with:  Vehicle in traffic,On Roadway,Rear-end (front to rear),Driver Distraction:  Manual operation of an electronic communication device,None Indicated,None apparent,Daylight,Dry,Clear,None apparent,Non-intersection:  Driveway access (within),Paved,N/A,Property Damage Only,0,0,0,0,0,0,3700,2,2,Eastbound (EB),POINT (-93.701413926633 43.104723519159)
2014814427,2014048477,08/19/2014,08-August,3-Tuesday,08:20,0800 Hours,District 6 (East Central),,SCOTT,,60 AVE & 315 ST,Non-collision events:  Overturn/rollover,Shoulder,Non-collision (single vehicle),Ran off road - right,None Indicated,None apparent,Daylight,"Mud, dirt",Clear,None apparent,Unknown,Unpaved,N/A,Major Injury,0,1,1,0,0,0,10000,1,1,N/A,POINT (-90.782447784904 41.765291727231)
2014813121,1406758,08/19/2014,08-August,3-Tuesday,10:32,1000 Hours,District 5 (Southeast),WASHINGTON,WASHINGTON,,W WASHINGTON ST,Collision with:  Vehicle in traffic,On Roadway,Rear-end (front to rear),FTYROW:  From parked position,None Indicated,None apparent,Daylight,Dry,Cloudy,None apparent,Non-intersection:  Non-junction/no special feature,Paved,N/A,Property Damage Only,0,0,0,0,0,0,1550,2,2,N/A,POINT (-91.691968995709 41.298415933947)
2014813213,W14-083815,08/20/2014,08-August,4-Wednesday,15:10,1500 Hours,District 2 (Northeast),WATERLOO,BLACK HAWK,,CORNWALL AVE & KIMBALL AVE,Collision with:  Vehicle in traffic,On Roadway,Rear-end (front to rear),Other (explain in narrative):  Other,None Indicated,None apparent,Daylight,Dry,Cloudy,None apparent,Intersection:  T-intersection,Paved,N/A,Property Damage Only,0,0,0,0,0,0,20000,3,4,N/A,POINT (-92.357038035843 42.474807538897)
2014813423,14-035408,08/21/2014,08-August,5-Thursday,18:15,1800 Hours,District 4 (Southwest),COUNCIL BLUFFS,POTTAWATTAMIE,,AVE C & N 26TH ST,Collision with:  Vehicle in traffic,On Roadway,Broadside (front to side),FTYROW:  At uncontrolled intersection,None Indicated,None apparent,Daylight,Dry,Clear,None apparent,Intersection:  Four-way intersection,Paved,N/A,Property Damage Only,0,0,0,0,0,0,2500,2,3,N/A,POINT (-95.884348837656 41.264574917592)
2014813741,14-0466,08/22/2014,08-August,6-Friday,16:28,1600 Hours,District 1 (Central),FORT DODGE,WEBSTER,US 169,US 169 & IA 7/190TH ST & 3RD AVE NW,Collision with:  Vehicle in traffic,On Roadway,"Angle, oncoming left turn",FTYROW:  From stop sign,None Indicated,None apparent,Daylight,Dry,Clear,None apparent,Intersection:  Four-way intersection,Paved,N/A,Property Damage Only,0,0,0,0,0,0,5000,2,2,Southbound (SB),POINT (-94.223729177297 42.515457625408)
2014813869,14-014322,08/22/2014,08-August,6-Friday,20:15,2000 Hours,District 5 (Southeast),,HENRY,US 34,US 34,Collision with:  Animal,N/A,N/A,Animal,None Indicated,N/A,N/A,N/A,N/A,N/A,N/A,Paved,N/A,Property Damage Only,0,0,0,0,0,0,7000,1,1,Unknown - Not Indicated - Unlocated,POINT (-91.710532437792 40.984436613289)
2014814378,2014008669,08/23/2014,08-August,7-Saturday,09:09,0900 Hours,District 1 (Central),MARSHALLTOWN,MARSHALL,,S 7TH ST,Collision with:  Parked motor vehicle,On Roadway,Broadside (front to side),Improper Backing,None Indicated,Weather conditions,Daylight,Wet,Rain,None apparent,Non-intersection:  Non-junction/no special feature,Paved,N/A,Property Damage Only,0,0,0,0,0,0,2100,2,1,N/A,POINT (-92.924174631353 42.047545950852)
2014815820,14-14415,08/24/2014,08-August,1-Sunday,11:49,1100 Hours,District 5 (Southeast),,HENRY,US 218,US 218,N/A,Shoulder,Non-collision (single vehicle),Swerving/Evasive Action,None Indicated,None apparent,Daylight,Dry,Clear,None apparent,Non-intersection:  Crossover-related,Paved,N/A,Property Damage Only,0,0,0,0,0,0,2000,1,1,Northbound (NB),POINT (-91.541780863394 40.920829204877)
2014814374,14-001002,08/25/2014,08-August,2-Monday,17:51,1700 Hours,District 1 (Central),JOHNSTON,POLK,,NW 62ND AVE,Collision with:  Vehicle in traffic,On Roadway,Rear-end (front to rear),Followed too close,None Indicated,None apparent,Daylight,Dry,Cloudy,None apparent,Intersection:  T-intersection,Paved,N/A,Property Damage Only,0,0,0,0,0,0,5000,2,4,N/A,POINT (-93.706025520468 41.672922696208)
2014814119,146515PD,08/26/2014,08-August,3-Tuesday,07:38,0700 Hours,District 1 (Central),BOONE,BOONE,US 30,US 30/220TH ST & SNEDDEN DR,Collision with:  Vehicle in traffic,On Roadway,Broadside (front to side),FTYROW:  From stop sign,None Indicated,None apparent,Daylight,Dry,Cloudy,None apparent,Intersection:  Four-way intersection,Paved,N/A,Possible/Unknown,0,1,0,0,1,0,17500,2,3,Westbound (WB),POINT (-93.853876143797 42.034550592729)
2014816515,2014050227,08/27/2014,08-August,4-Wednesday,16:45,1600 Hours,District 4 (Southwest),,POTTAWATTAMIE,I-680,I-680,Collision with fixed object:  Guardrail - face,Shoulder,Non-collision (single vehicle),Ran off road - left,None Indicated,None apparent,Daylight,Dry,Cloudy,None apparent,Non-intersection:  Non-junction/no special feature,Paved,N/A,Property Damage Only,0,0,0,0,0,0,7742,1,1,Eastbound (EB),POINT (-95.855618297369 41.493464183118)
2014814309,201412720,08/28/2014,08-August,5-Thursday,20:52,2000 Hours,District 6 (East Central),CEDAR RAPIDS,LINN,I-380,I-380,Collision with:  Vehicle in traffic,On Roadway,Rear-end (front to rear),Other (explain in narrative):  Other,None Indicated,None apparent,Dark - roadway lighted,Dry,Clear,Work Zone (roadway-related),Interchange-related:  On-ramp merge area,Paved,Yes,Possible/Unknown,0,1,0,0,1,0,13000,3,3,No Travel Direction Consistent with Route,POINT (-91.674186391505 41.978345251962)
2014814908,14-13030,08/28/2014,08-August,5-Thursday,07:55,0700 Hours,District 3 (Northwest),,CLAY,US 18,US 18 & Co Rd M27/130TH AVE,Collision with fixed object:  Other fixed object (explain in narrative),Outside trafficway,Non-collision (single vehicle),Other (explain in narrative):  Other,None Indicated,None apparent,Daylight,Wet,Rain,None apparent,Non-intersection:  Non-junction/no special feature,Paved,N/A,Property Damage Only,0,0,0,0,0,0,1700,1,1,No Travel Direction Consistent with Route,POINT (-95.328560099951 43.183727328022)
2014814680,C14002709,08/29/2014,08-August,6-Friday,12:50,1200 Hours,District 6 (East Central),CORALVILLE,JOHNSON,US 6,US 6/2ND ST,Collision with:  Vehicle in traffic,On Roadway,Rear-end (front to rear),Followed too close,None Indicated,None apparent,Daylight,Dry,Cloudy,None apparent,Non-intersection:  Non-junction/no special feature,Paved,N/A,Possible/Unknown,0,1,0,0,1,0,9000,3,4,Westbound (WB),POINT (-91.601391830173 41.684585664797)
2014815007,14-004019,08/29/2014,08-August,6-Friday,21:34,2100 Hours,District 1 (Central),AMES,STORY,,20TH ST,Collision with:  Vehicle in traffic,On Roadway,Broadside (front to side),FTYROW:  Making left turn,None Indicated,None apparent,Dark - roadway lighted,Dry,Rain,None apparent,Non-intersection:  Driveway access (within),Paved,N/A,Property Damage Only,0,0,0,0,0,0,1800,2,3,N/A,POINT (-93.630339072076 42.041940257266)
2014816186,14-30915,08/30/2014,08-August,7-Saturday,20:24,2000 Hours,District 5 (Southeast),BURLINGTON,DES MOINES,,SUNNYSIDE AVE & BITTERSWEET PL,Collision with fixed object:  Curb/island/raised median,On Roadway,Non-collision (single vehicle),Lost Control,None Indicated,None apparent,Dusk,Dry,Clear,None apparent,Non-intersection:  Non-junction/no special feature,Paved,N/A,Major Injury,0,1,1,0,0,0,16000,1,1,N/A,POINT (-91.122907798487 40.833115037992)
2014814746,14-1937,08/31/2014,08-August,1-Sunday,22:20,2200 Hours,District 1 (Central),URBANDALE,POLK,I-35,I-35,Collision with fixed object:  Guardrail - face,Shoulder,Non-collision (single vehicle),Ran off road - right,None Indicated,None apparent,Dark - roadway not lighted,Wet,Rain,None apparent,Non-intersection:  Non-junction/no special feature,Paved,N/A,Property Damage Only,0,0,0,0,0,0,8500,1,1,No Travel Direction Consistent with Route,POINT (-93.706739386696 41.652517187716)
2014816271,14-021767,09/01/2014,09-September,2-Monday,19:35,1900 Hours,District 5 (Southeast),,MARION,IA 5,IA 5/IOWA 5,N/A,On Roadway,Non-collision (single vehicle),Crossed centerline (undivided),None Indicated,None apparent,Dusk,Dry,Cloudy,None apparent,Non-intersection:  Non-junction/no special feature,Paved,N/A,Minor Injury,0,1,0,1,0,0,5000,1,1,No Travel Direction Consistent with Route,POINT (-93.205105527032 41.327608157815)
2014815139,14015296,09/02/2014,09-September,3-Tuesday,16:24,1600 Hours,District 2 (Northeast),MASON CITY,CERRO GORDO,,1ST ST NW & N ADAMS AVE,Collision with:  Non-motorist (see non-motorist section - NOT a unit),On Roadway,Non-collision (single vehicle),Other (explain in narrative):  No improper action,None Indicated,None apparent,Daylight,Dry,Cloudy,None apparent,Intersection:  Four-way intersection,Paved,N/A,Property Damage Only,0,0,0,0,0,0,3500,1,1,N/A,POINT (-93.204277169128 43.152723874517)
2014815163,14018772,09/03/2014,09-September,4-Wednesday,17:14,1700 Hours,District 6 (East Central),MARION,LINN,IA 100,IA 100/COLLINS RD SE & S 22ND ST,Collision with:  Vehicle in traffic,On Roadway,Rear-end (front to rear),Followed too close,None Indicated,None apparent,Daylight,Dry,Clear,None apparent,Intersection:  Four-way intersection,Paved,N/A,Property Damage Only,0,0,0,0,0,0,1500,2,2,Westbound (WB),POINT (-91.588881047088 42.015173039966)
2014817965,132-14,09/03/2014,09-September,4-Wednesday,08:10,0800 Hours,District 3 (Northwest),ROCK VALLEY,SIOUX,,SUNSET DR,Collision with:  Parked motor vehicle,On Roadway,Rear-end (front to rear),Lost Control,None Indicated,None apparent,Dawn,Dry,Clear,None apparent,Non-intersection:  Non-junction/no special feature,Paved,N/A,Property Damage Only,0,0,0,0,0,0,7500,2,2,N/A,POINT (-96.295474907843 43.190943630229)
2014825534,2014051602,09/04/2014,09-September,5-Thursday,01:03,0100 Hours,District 5 (Southeast),,WASHINGTON,US 218,US 218,Collision with:  Vehicle in traffic,On Roadway,Broadside (front to side),Made improper turn,None Indicated,None apparent,Dark - roadway not lighted,Dry,Clear,None apparent,Non-intersection:  Crossover-related,Paved,N/A,Fatal,1,1,1,0,0,0,19000,2,3,Northbound (NB),POINT (-91.536351297663 41.300541442078)
2014818430,14-013734,09/05/2014,09-September,6-Friday,22:23,2200 Hours,District 2 (Northeast),CHARLES CITY,FLOYD,US 18,US 18/BRANTINGHAM ST/GILBERT ST & IA 14 & FREEMAN ST,Collision with:  Vehicle in traffic,On Roadway,Broadside (front to side),FTYROW:  Making right turn on red signal,None Indicated,None apparent,Dark - roadway lighted,Dry,Clear,None apparent,Intersection:  Four-way intersection,Paved,N/A,Property Damage Only,0,0,0,0,0,0,5000,2,3,Eastbound (EB),POINT (-92.6766117698 43.062778319499)
2014815571,14-005284,09/06/2014,09-September,7-Saturday,22:50,2200 Hours,District 3 (Northwest),,OBRIEN,,Co Rd B40/390TH ST,Collision with:  Animal,On Roadway,Non-collision (single vehicle),Animal,None Indicated,Animal in roadway,Dark - roadway not lighted,Dry,Clear,None apparent,Non-intersection:  Non-junction/no special feature,Paved,N/A,Minor Injury,0,1,0,1,0,0,3500,1,1,N/A,POINT (-95.7191442588 43.084415353357)
2014826658,,09/06/2014,09-September,7-Saturday,13:00,1300 Hours,District 2 (Northeast),,WINNESHIEK,IA 9,IA 9/IOWA 9,Collision with:  Vehicle in traffic,On Roadway,Broadside (front to side),"Operating vehicle in an reckless, erratic, careless, negligent manner",None Indicated,None apparent,Daylight,Dry,Cloudy,None apparent,Intersection:  T-intersection,Paved,N/A,Property Damage Only,0,0,0,0,0,0,6000,2,3,Eastbound (EB),POINT (-91.709378180828 43.251467156194)
2014815942,14-29523,09/07/2014,09-September,1-Sunday,13:09,1300 Hours,District 3 (Northwest),SIOUX CITY,WOODBURY,IA 12,IA 12/GORDON DR & S CLEVELAND ST,Collision with:  Vehicle in traffic,On Roadway,"Angle, oncoming left turn",FTYROW:  Making left turn,None Indicated,None apparent,Daylight,Dry,Clear,None apparent,Intersection:  T-intersection,Paved,N/A,Property Damage Only,0,0,0,0,0,0,13000,2,2,No Travel Direction Consistent with Route,POINT (-96.350970998249 42.478198331297)
2014815858,20140026550,09/08/2014,09-September,2-Monday,16:54,1600 Hours,District 1 (Central),DES MOINES,POLK,IA 415,IA 415/2ND AVE,Collision with:  Vehicle in traffic,On Roadway,Broadside (front to side),FTYROW:  From driveway,None Indicated,Visual obstruction,Daylight,Wet,Rain,None apparent,Non-intersection:  Driveway access (within),Paved,N/A,Property Damage Only,0,0,0,0,0,0,3800,3,3,Southbound (SB),POINT (-93.619884902242 41.628536929004)
2014816237,14000427,09/09/2014,09-September,3-Tuesday,17:58,1700 Hours,District 5 (Southeast),ALBIA,MONROE,,A AVE E & N 3RD ST,Collision with:  Vehicle in traffic,On Roadway,Broadside (front to side),FTYROW:  From stop sign,None Indicated,None apparent,Daylight,Wet,Rain,None apparent,Intersection:  Four-way intersection,Paved,N/A,Possible/Unknown,0,1,0,0,1,0,2000,2,2,N/A,POINT (-92.804605521846 41.028092598054)
2014824112,K14-028184,09/10/2014,09-September,4-Wednesday,09:05,0900 Hours,District 5 (Southeast),KEOKUK,LEE,,13TH ST N & CONCERT ST,Collision with:  Other non-fixed object (explain in narrative),On Roadway,Broadside (front to side),Ran Stop Sign,None Indicated,None apparent,Daylight,Dry,Cloudy,None apparent,Intersection:  Four-way intersection,Paved,N/A,Minor Injury,0,1,0,1,0,0,8000,2,2,N/A,POINT (-91.387760790087 40.403363696163)
2014816286,20140026764,09/10/2014,09-September,4-Wednesday,15:39,1500 Hours,District 1 (Central),DES MOINES,POLK,,CROCKER ST & 9TH ST,Collision with:  Vehicle in traffic,On Roadway,Head-on (front to front),FTYROW:  From stop sign,None Indicated,None apparent,Daylight,Dry,Cloudy,None apparent,Intersection:  Four-way intersection,Paved,N/A,Possible/Unknown,0,2,0,0,2,0,8000,2,4,N/A,POINT (-93.629243734084 41.593430000819)
2014818136,2014052980,09/11/2014,09-September,5-Thursday,17:00,1700 Hours,District 1 (Central),ALTOONA,POLK,I-80,I-80 & NE 72ND ST & 1ST AVE N,Collision with:  Vehicle in traffic,On Roadway,Rear-end (front to rear),Separation of units,None Indicated,None apparent,Daylight,Dry,Cloudy,None apparent,"Interchange-related:  Off-ramp, diverge area",Paved,N/A,Property Damage Only,0,0,0,0,0,0,4000,2,2,Ramp,POINT (-93.464577176643 41.665613512256)
2014817198,2014-64353,09/12/2014,09-September,6-Friday,16:34,1600 Hours,District 6 (East Central),DAVENPORT,SCOTT,,W 6TH ST & WASHINGTON ST,Collision with:  Vehicle in traffic,On Roadway,Broadside (front to side),Made improper turn,None Indicated,None apparent,Daylight,Wet,Rain,None apparent,Non-intersection:  Driveway access (within),Paved,N/A,Property Damage Only,0,0,0,0,0,0,4000,2,3,N/A,POINT (-90.597060077411 41.525678326895)
2014816601,14-6013,09/12/2014,09-September,6-Friday,17:27,1700 Hours,District 1 (Central),GRIMES,POLK,IA 141,IA 141/IOWA 141,Collision with:  Vehicle in traffic,On Roadway,Rear-end (front to rear),Followed too close,None Indicated,Animal in roadway,Daylight,Dry,Clear,None apparent,Non-intersection:  Non-junction/no special feature,Paved,N/A,Property Damage Only,0,0,0,0,0,0,8000,2,2,No Travel Direction Consistent with Route,POINT (-93.774475832949 41.692846802515)
2014817201,2014-64501,09/13/2014,09-September,7-Saturday,08:11,0800 Hours,District 6 (East Central),DAVENPORT,SCOTT,,W 36TH ST,Collision with:  Vehicle in traffic,On Roadway,Rear-end (front to rear),FTYROW:  From driveway,None Indicated,None apparent,Daylight,Dry,Clear,None apparent,Non-intersection:  Driveway access (within),Paved,N/A,Property Damage Only,0,0,0,0,0,0,2400,2,2,N/A,POINT (-90.603981173142 41.556354604207)
2014817396,2014-012763,09/14/2014,09-September,1-Sunday,20:19,2000 Hours,District 6 (East Central),,DUBUQUE,US 52,US 52 & BELLEVUE EXIT RD,Collision with:  Animal,N/A,N/A,Animal,None Indicated,N/A,N/A,N/A,N/A,N/A,N/A,Paved,N/A,Property Damage Only,0,0,0,0,0,0,3500,1,1,Southbound (SB),POINT (-90.660710489275 42.455317713981)
2014817031,2014-005589,09/15/2014,09-September,2-Monday,08:00,0800 Hours,District 6 (East Central),VAN HORNE,BENTON,,3RD ST,Collision with:  Vehicle in traffic,On Roadway,Broadside (front to side),FTYROW:  At uncontrolled intersection,None Indicated,None apparent,Daylight,Dry,Clear,None apparent,Non-intersection:  Non-junction/no special feature,Paved,N/A,Property Damage Only,0,0,0,0,0,0,14000,2,2,N/A,POINT (-92.088411584047 42.00923973633)
2014817295,,09/16/2014,09-September,3-Tuesday,07:50,0700 Hours,District 1 (Central),DYSART,TAMA,,TILFORD ST,Collision with:  Parked motor vehicle,On Roadway,"Sideswipe, same direction","Operating vehicle in an reckless, erratic, careless, negligent manner",None Indicated,None apparent,Daylight,Dry,Clear,None apparent,Non-intersection:  Non-junction/no special feature,Paved,N/A,Minor Injury,0,1,0,1,0,0,6000,2,2,N/A,POINT (-92.309124361813 42.168078200751)
2014817970,,09/16/2014,09-September,3-Tuesday,16:51,1600 Hours,District 6 (East Central),CEDAR RAPIDS,LINN,I-380,I-380,Collision with:  Vehicle in traffic,On Roadway,Rear-end (front to rear),Unknown,None Indicated,N/A,Daylight,Dry,Cloudy,N/A,Non-intersection:  Other non-intersection (explain in narrative),Paved,N/A,Property Damage Only,0,0,0,0,0,0,8000,2,2,Unknown - Not Indicated - Unlocated,POINT (-91.67094632584 41.890881616061)
2014817721,14-004347,09/17/2014,09-September,4-Wednesday,07:58,0700 Hours,District 1 (Central),AMES,STORY,,CESSNA ST & BEACH AVE & S 4TH ST,Collision with:  Vehicle in traffic,On Roadway,Broadside (front to side),FTYROW:  From stop sign,None Indicated,None apparent,Daylight,Dry,Clear,None apparent,Intersection:  Four-way intersection,Paved,N/A,Property Damage Only,0,0,0,0,0,0,8000,2,2,N/A,POINT (-93.639421014198 42.016212309262)
2014818241,02638,09/18/2014,09-September,5-Thursday,12:00,1200 Hours,District 6 (East Central),DYERSVILLE,DUBUQUE,,3RD AVE SW,Collision with:  Parked motor vehicle,Shoulder,Rear-end (front to rear),Unknown,None Indicated,None apparent,Daylight,Dry,Clear,None apparent,Non-intersection:  Non-junction/no special feature,Paved,N/A,Property Damage Only,0,0,0,0,0,0,2500,2,1,N/A,POINT (-91.126585085497 42.482758213625)
2014819131,2014-037911,09/18/2014,09-September,5-Thursday,22:53,2200 Hours,District 6 (East Central),DUBUQUE,DUBUQUE,US 20,US 20/DODGE ST & DEVON DR,Collision with:  Vehicle in traffic,On Roadway,"Angle, oncoming left turn",Ran Traffic Signal,None Indicated,None apparent,Dark - roadway lighted,Dry,Clear,None apparent,Intersection:  Four-way intersection,Paved,N/A,Property Damage Only,0,0,0,0,0,0,15000,2,2,Both East and West,POINT (-90.701368713165 42.491414367469)
2014817518,14-039998,09/19/2014,09-September,6-Friday,05:43,0500 Hours,District 4 (Southwest),COUNCIL BLUFFS,POTTAWATTAMIE,US 6,US 6/W BROADWAY & S 32ND ST & N 32ND ST,Collision with:  Vehicle in traffic,On Roadway,Broadside (front to side),Unknown,None Indicated,None apparent,Dark - roadway lighted,Dry,Clear,None apparent,Intersection:  Four-way intersection,Paved,N/A,Possible/Unknown,0,1,0,0,1,0,17000,2,2,Westbound (WB),POINT (-95.896418389205 41.261921011892)
2014852948,,09/20/2014,09-September,7-Saturday,19:30,1900 Hours,District 6 (East Central),WALCOTT,SCOTT,,WALKER ST & 60TH AVE,Collision with:  Vehicle in traffic,On Roadway,"Sideswipe, same direction",FTYROW:  Other (explain in narrative),None Indicated,None apparent,Dusk,Dry,Clear,None apparent,Non-intersection:  Driveway access (within),Paved,N/A,Property Damage Only,0,0,0,0,0,0,2200,2,3,N/A,POINT (-90.783044038193 41.618886785081)
2014829746,A390914-2207,09/21/2014,09-September,1-Sunday,19:55,1900 Hours,District 4 (Southwest),,GUTHRIE,,Co Rd F32/190TH RD,Collision with:  Animal,N/A,Non-collision (single vehicle),Animal,None Indicated,N/A,N/A,N/A,N/A,N/A,N/A,Paved,N/A,Property Damage Only,0,0,0,0,0,0,2500,1,1,N/A,POINT (-94.661625911352 41.732025030503)
2014818576,14-0529,09/21/2014,09-September,1-Sunday,06:15,0600 Hours,District 1 (Central),,WEBSTER,,220TH ST & HAYES AVE,Collision with:  Animal,On Roadway,Non-collision (single vehicle),Animal,None Indicated,Animal in roadway,Dawn,"Mud, dirt",Clear,None apparent,Intersection:  T-intersection,Unpaved,N/A,Property Damage Only,0,0,0,0,0,0,25000,1,1,N/A,POINT (-94.26232791647 42.472982315363)
2014818013,20140028063,09/22/2014,09-September,2-Monday,07:23,0700 Hours,District 1 (Central),DES MOINES,POLK,I-235,I-235,Non-collision events:  Other non-collision (explain in narrative),On Roadway,Non-collision (single vehicle),Other (explain in narrative):  No improper action,None Indicated,None apparent,Dawn,Dry,Clear,Debris,Non-intersection:  Non-junction/no special feature,Paved,N/A,Property Damage Only,0,0,0,0,0,0,1500,1,2,Westbound (WB),POINT (-93.646352282025 41.595694985496)
2014818210,14-4726,09/23/2014,09-September,3-Tuesday,16:57,1600 Hours,District 4 (Southwest),WEST DES MOINES,DALLAS,,BOONEVILLE RD & S JORDAN CREEK PKWY,Collision with:  Vehicle in traffic,On Roadway,Broadside (front to side),Unknown,None Indicated,None apparent,Daylight,"Mud, dirt",Cloudy,"Surface condition (e.g., wet, icy)",Intersection:  Other intersection (explain in narrative),Paved,N/A,Minor Injury,0,1,0,1,0,0,16500,2,2,N/A,POINT (-93.807924647648 41.543268768988)
2014818792,14-004466,09/23/2014,09-September,3-Tuesday,19:17,1900 Hours,District 1 (Central),AMES,STORY,,LINCOLN WAY,Collision with:  Vehicle in traffic,On Roadway,Rear-end (front to rear),Followed too close,None Indicated,None apparent,Dark - roadway lighted,Dry,Cloudy,None apparent,Non-intersection:  Non-junction/no special feature,Paved,N/A,Property Damage Only,0,0,0,0,0,0,3300,2,2,N/A,POINT (-93.65872809115 42.022731971167)
2014818167,14145242,09/24/2014,09-September,4-Wednesday,12:33,1200 Hours,District 6 (East Central),TIFFIN,JOHNSON,US 6,US 6 & DEER VIEW AVE,Collision with:  Vehicle in traffic,On Roadway,Broadside (front to side),FTYROW:  From stop sign,None Indicated,None apparent,Daylight,Dry,Cloudy,None apparent,Intersection:  T-intersection,Paved,N/A,Property Damage Only,0,0,0,0,0,0,7000,2,2,Westbound (WB),POINT (-91.676135222217 41.708168384922)
2014818519,14020164,09/25/2014,09-September,5-Thursday,16:53,1600 Hours,District 6 (East Central),MARION,LINN,,29TH AVE & 10TH ST,Collision with:  Vehicle in traffic,On Roadway,Rear-end (front to rear),Followed too close,None Indicated,None apparent,Daylight,Dry,Clear,None apparent,Intersection:  Four-way intersection,Paved,N/A,Property Damage Only,0,0,0,0,0,0,5000,2,2,N/A,POINT (-91.599386066462 42.050480459844)
2014818589,14-041071,09/26/2014,09-September,6-Friday,05:03,0500 Hours,District 4 (Southwest),COUNCIL BLUFFS,POTTAWATTAMIE,I-29,I-29 & S 24TH ST,Non-collision events:  Overturn/rollover,On Roadway,Non-collision (single vehicle),Ran off road - right,None Indicated,None apparent,Dark - roadway lighted,Dry,Clear,None apparent,Non-intersection:  Non-junction/no special feature,Paved,N/A,Property Damage Only,0,0,0,0,0,0,10000,1,1,No Travel Direction Consistent with Route,POINT (-95.879227328692 41.232235338396)
2014819182,2014010775,09/26/2014,09-September,6-Friday,17:46,1700 Hours,District 6 (East Central),IOWA CITY,JOHNSON,,CARROLL ST,Collision with:  Vehicle in traffic,On Roadway,Rear-end (front to rear),Unknown,None Indicated,None apparent,Daylight,Dry,Clear,None apparent,Non-intersection:  Non-junction/no special feature,Paved,N/A,Property Damage Only,0,0,0,0,0,0,2000,2,1,N/A,POINT (-91.525040570057 41.646486761273)
2014823231,2014-68376,09/27/2014,09-September,7-Saturday,12:55,1200 Hours,District 6 (East Central),DAVENPORT,SCOTT,I-74,I-74 & E 53RD ST,Collision with:  Vehicle in traffic,On Roadway,Rear-end (front to rear),Followed too close,None Indicated,None apparent,Daylight,Dry,Clear,None apparent,Non-intersection:  Non-junction/no special feature,Paved,N/A,Property Damage Only,0,0,0,0,0,0,1800,2,2,Ramp,POINT (-90.524041946291 41.574843319881)
2014821778,2014055661,09/27/2014,09-September,7-Saturday,13:15,1300 Hours,District 1 (Central),DES MOINES,POLK,US 69,US 69/E 14TH ST,Collision with:  Vehicle in traffic,On Roadway,Rear-end (front to rear),FTYROW:  Other (explain in narrative),None Indicated,Other (explain in narrative),Daylight,Dry,Cloudy,None apparent,Non-intersection:  Other non-intersection (explain in narrative),Paved,N/A,Property Damage Only,0,0,0,0,0,0,4500,2,2,Southbound (SB),POINT (-93.599293370753 41.597111856052)
2014818737,20140028769,09/28/2014,09-September,1-Sunday,14:59,1400 Hours,District 1 (Central),DES MOINES,POLK,,E HULL AVE & 2ND AVE,Collision with:  Vehicle in traffic,On Roadway,Broadside (front to side),Lost Control,Alcohol (Statutory),None apparent,Daylight,Dry,Clear,None apparent,Intersection:  T-intersection,Paved,N/A,Property Damage Only,0,0,0,0,0,0,2500,2,3,N/A,POINT (-93.619956724391 41.622249520188)
2014819181,14-34740,09/29/2014,09-September,2-Monday,14:02,1400 Hours,District 5 (Southeast),BURLINGTON,DES MOINES,,WASHINGTON ST & CENTRAL AVE,Collision with:  Vehicle in traffic,On Roadway,Rear-end (front to rear),Other (explain in narrative):  Other,None Indicated,None apparent,Daylight,Dry,Clear,Work Zone (roadway-related),Non-intersection:  Other non-intersection (explain in narrative),Paved,Yes,Property Damage Only,0,0,0,0,0,0,2500,2,2,N/A,POINT (-91.111265551916 40.812504285149)
2014819793,W-14-2138,09/30/2014,09-September,3-Tuesday,12:08,1200 Hours,District 2 (Northeast),WAUKON,ALLAMAKEE,IA 76,IA 76/W MAIN ST,Collision with fixed object:  Tree,On Roadway,Non-collision (single vehicle),Other (explain in narrative):  Other,None Indicated,None apparent,Daylight,Dry,Clear,None apparent,Non-intersection:  Non-junction/no special feature,Paved,N/A,Property Damage Only,0,0,0,0,0,0,6000,1,1,No Travel Direction Consistent with Route,POINT (-91.481420344184 43.269242891222)