Iowa DOT Case Number,Law Enforcement Case Number,Date of Crash,Month of Crash,Day of Week,Time of Crash,Hour,DOT District,City Name,County Name,Route with System,Location Description,First Harmful Event,Location of First Harmful Event,Manner of Crash/Collision,Major Cause,Drug or Alcohol ,Environmental Conditions,Light Conditions,Surface Conditions,Weather Conditions,Roadway Contribution,Roadway Type,Roadway Surface,Work Zone,Crash Severity,Number of Fatalities,Number of Injuries,Number of Major Injuries,Number of Minor Injuries,Number of Possible Injuries,Number of Unknown Injuries,Amount of Property Damage,Number of Vehicles Involved,Total Number of Occupants,Travel Direction,Location
2014819386,14C04470,10/01/2014,10-October,4-Wednesday,12:27,1200 Hours,District 4 (Southwest),CRESTON,UNION,IA 25,IA 25/N SUMNER AVE/S SUMNER AVE & W ADAMS ST,Collision with:  Vehicle in traffic,On Roadway,"Angle, oncoming left turn",FTYROW:  Making left turn,None Indicated,None apparent,Daylight,Dry,Cloudy,None apparent,Intersection:  Four-way intersection,Paved,N/A,Minor Injury,0,1,0,1,0,0,13000,2,2,Both North and South,POINT (-94.372644314119 41.057295371482)
2014819549,CL14003491,10/01/2014,10-October,4-Wednesday,09:00,0900 Hours,District 6 (East Central),CLINTON,CLINTON,,4TH AVE N,Collision with:  Parked motor vehicle,On Roadway,Head-on (front to front),Lost Control,None Indicated,None apparent,Daylight,Dry,Clear,None apparent,Non-intersection:  Non-junction/no special feature,Paved,N/A,Major Injury,0,1,1,0,0,0,3500,2,2,N/A,POINT (-90.188323522467 41.848038639319)
2014820637,14017298,10/02/2014,10-October,5-Thursday,08:41,0800 Hours,District 2 (Northeast),MASON CITY,CERRO GORDO,,8TH ST SE & S KENTUCKY AVE,Collision with:  Vehicle in traffic,On Roadway,Broadside (front to side),FTYROW:  From stop sign,None Indicated,None apparent,Daylight,Wet,Cloudy,None apparent,Intersection:  Four-way intersection,Paved,N/A,Minor Injury,0,3,0,1,2,0,11000,3,3,N/A,POINT (-93.181164644141 43.143595862855)
2014820106,14-042176,10/03/2014,10-October,6-Friday,16:31,1600 Hours,District 4 (Southwest),COUNCIL BLUFFS,POTTAWATTAMIE,,VALLEY VIEW DR & LONGVIEW LOOP,Collision with:  Vehicle in traffic,On Roadway,Rear-end (front to rear),Followed too close,None Indicated,None apparent,Daylight,Dry,Cloudy,None apparent,Non-intersection:  Non-junction/no special feature,Paved,N/A,Property Damage Only,0,0,0,0,0,0,4500,2,2,N/A,POINT (-95.818105096781 41.23050635986)
2014819829,P14-011386,10/03/2014,10-October,6-Friday,18:47,1800 Hours,District 1 (Central),WEBSTER CITY,HAMILTON,,E 2ND ST & PARK AVE,Collision with:  Vehicle in traffic,On Roadway,Broadside (front to side),FTYROW:  From stop sign,None Indicated,None apparent,Dark - unknown roadway lighting,Dry,Cloudy,None apparent,Intersection:  Four-way intersection,Paved,N/A,Property Damage Only,0,0,0,0,0,0,6000,2,3,N/A,POINT (-93.808452927598 42.469427860808)
2014821458,2014056926,10/04/2014,10-October,7-Saturday,19:40,1900 Hours,District 2 (Northeast),,WORTH,I-35,I-35,Collision with:  Animal,N/A,N/A,Animal,None Indicated,N/A,N/A,N/A,N/A,N/A,N/A,Paved,N/A,Property Damage Only,0,0,0,0,0,0,2500,1,1,Southbound (SB),POINT (-93.349265498283 43.268057152982)
2014820496,14-012153,10/05/2014,10-October,1-Sunday,03:21,0300 Hours,District 1 (Central),,TAMA,US 30,US 30,Collision with:  Animal,N/A,N/A,Animal,None Indicated,N/A,N/A,N/A,N/A,N/A,N/A,Paved,N/A,Property Damage Only,0,0,0,0,0,0,7500,1,2,Eastbound (EB),POINT (-92.393214058175 41.963979892541)
2014820765,,10/06/2014,10-October,2-Monday,17:48,1700 Hours,District 4 (Southwest),,ADAIR,IA 92,IA 92/IOWA 92,Collision with:  Vehicle in traffic,On Roadway,Broadside (front to side),Swerving/Evasive Action,None Indicated,Other (explain in narrative),Daylight,Dry,Cloudy,None apparent,Non-intersection:  Driveway access (within),Paved,N/A,Property Damage Only,0,0,0,0,0,0,13000,2,2,Westbound (WB),POINT (-94.480223449293 41.303536085772)
2014820199,20140029683,10/07/2014,10-October,3-Tuesday,10:46,1000 Hours,District 1 (Central),DES MOINES,POLK,,E PORTER AVE & SE 8TH ST,Collision with:  Vehicle in traffic,On Roadway,"Angle, oncoming left turn",Made improper turn,None Indicated,None apparent,Daylight,Dry,Clear,None apparent,Intersection:  T-intersection,Paved,N/A,Possible/Unknown,0,1,0,0,1,0,4300,2,4,N/A,POINT (-93.602207073176 41.533595229053)
2014820170,1410072711,10/07/2014,10-October,3-Tuesday,07:35,0700 Hours,District 6 (East Central),,CLINTON,,210 ST,Collision with fixed object:  Ditch,On Roadway,Non-collision (single vehicle),Crossed centerline (undivided),None Indicated,None apparent,Daylight,Dry,Clear,None apparent,Non-intersection:  Non-junction/no special feature,Unpaved,N/A,Possible/Unknown,0,3,0,0,3,0,10000,1,3,N/A,POINT (-90.344963471125 41.873644267385)
2014821174,2014-038517,10/08/2014,10-October,4-Wednesday,06:06,0600 Hours,District 6 (East Central),DUBUQUE,DUBUQUE,,MT CARMEL ST & GRANDVIEW AVE S,Collision with:  Other non-fixed object (explain in narrative),On Roadway,Non-collision (single vehicle),Swerving/Evasive Action,None Indicated,Animal in roadway,Dark - roadway lighted,Dry,Clear,None apparent,Non-intersection:  Non-junction/no special feature,Paved,N/A,Property Damage Only,0,0,0,0,0,0,13500,1,1,N/A,POINT (-90.661295818623 42.478788359923)
2014821073,2014-71081,10/09/2014,10-October,5-Thursday,08:05,0800 Hours,District 6 (East Central),DAVENPORT,SCOTT,,ROCKINGHAM RD,Collision with:  Vehicle in traffic,On Roadway,Rear-end (front to rear),Followed too close,None Indicated,None apparent,Daylight,Wet,Cloudy,None apparent,Non-intersection:  Non-junction/no special feature,Paved,N/A,Property Damage Only,0,0,0,0,0,0,3500,2,2,N/A,POINT (-90.612083526275 41.514751369223)
2014822714,,10/10/2014,10-October,6-Friday,07:05,0700 Hours,District 3 (Northwest),,LYON,,Co Rd K52/HARRISON AVE,Collision with:  Animal,On Roadway,Non-collision (single vehicle),Animal,None Indicated,N/A,Dawn,Dry,Cloudy,N/A,Non-intersection:  Non-junction/no special feature,Paved,N/A,Property Damage Only,0,0,0,0,0,0,7663,1,1,N/A,POINT (-96.15606324083 43.469330969996)
2014820767,W14-101274,10/10/2014,10-October,6-Friday,06:35,0600 Hours,District 2 (Northeast),WATERLOO,BLACK HAWK,,CONGER ST,Collision with:  Vehicle in traffic,On Roadway,Broadside (front to side),FTYROW:  At uncontrolled intersection,None Indicated,None apparent,Dark - roadway lighted,Dry,Clear,None apparent,Non-intersection:  Alley,Paved,N/A,Property Damage Only,0,0,0,0,0,0,2500,2,2,N/A,POINT (-92.346405588042 42.512184666751)
2014823588,2014057983,10/11/2014,10-October,7-Saturday,07:15,0700 Hours,District 6 (East Central),,BENTON,,Co Rd W26/32 AVE & 59 ST,Collision with:  Animal,N/A,Non-collision (single vehicle),Animal,None Indicated,N/A,N/A,N/A,N/A,N/A,N/A,Paved,N/A,Property Damage Only,0,0,0,0,0,0,2000,1,1,N/A,POINT (-91.87266047192 42.167456352892)
2014821440,14-33643,10/11/2014,10-October,7-Saturday,09:32,0900 Hours,District 3 (Northwest),SIOUX CITY,WOODBURY,,15TH ST,Collision with fixed object:  Other fixed object (explain in narrative),On Roadway,Non-collision (single vehicle),Ran off road - right,None Indicated,None apparent,Daylight,Dry,Clear,None apparent,Non-intersection:  Non-junction/no special feature,Paved,N/A,Property Damage Only,0,0,0,0,0,0,9750,1,1,N/A,POINT (-96.40295201944 42.506046665891)
2014821214,14-3241,10/12/2014,10-October,1-Sunday,12:05,1200 Hours,District 1 (Central),FORT DODGE,WEBSTER,,S 13TH ST,Collision with:  Vehicle in traffic,On Roadway,"Sideswipe, same direction",FTYROW:  From parked position,None Indicated,None apparent,Daylight,Dry,Cloudy,None apparent,Non-intersection:  Non-junction/no special feature,Paved,N/A,Property Damage Only,0,0,0,0,0,0,3500,2,6,N/A,POINT (-94.181012498294 42.501190546065)
2014821352,14021560,10/13/2014,10-October,2-Monday,10:09,1000 Hours,District 6 (East Central),MARION,LINN,,LINDALE DR,Collision with fixed object:  Traffic sign support,Shoulder,Non-collision (single vehicle),Swerving/Evasive Action,None Indicated,Weather conditions,Daylight,Wet,Rain,None apparent,Intersection:  Four-way intersection,Paved,N/A,Property Damage Only,0,0,0,0,0,0,3800,1,1,N/A,POINT (-91.619993748447 42.034635832055)
2014822134,,10/13/2014,10-October,2-Monday,09:55,0900 Hours,District 3 (Northwest),ROCKWELL CITY,CALHOUN,,MAIN ST,Collision with:  Vehicle in traffic,On Roadway,"Sideswipe, same direction",Improper Backing,None Indicated,None apparent,Daylight,Dry,Clear,None apparent,Intersection:  Other intersection (explain in narrative),Paved,N/A,Property Damage Only,0,0,0,0,0,0,4000,2,2,N/A,POINT (-94.633600077957 42.395768564442)
2014821615,1400000896,10/14/2014,10-October,3-Tuesday,08:58,0800 Hours,District 1 (Central),,MARSHALL,IA 330,IA 330/MARSH AVE,Non-collision events:  Overturn/rollover,Outside trafficway,Non-collision (single vehicle),Ran off road - right,None Indicated,Weather conditions,Daylight,Wet,Rain,"Surface condition (e.g., wet, icy)",Non-intersection:  Non-junction/no special feature,Paved,N/A,Property Damage Only,0,0,0,0,0,0,4200,1,1,No Travel Direction Consistent with Route,POINT (-93.000447290858 42.075059051735)
2014821639,20140030546,10/15/2014,10-October,4-Wednesday,08:09,0800 Hours,District 1 (Central),DES MOINES,POLK,,LOCUST ST,Collision with:  Vehicle in traffic,On Roadway,Rear-end (front to rear),Followed too close,None Indicated,Glare,Daylight,Dry,Clear,None apparent,Non-intersection:  Non-junction/no special feature,Paved,N/A,Property Damage Only,0,0,0,0,0,0,2100,2,2,N/A,POINT (-93.631134541107 41.585529287633)
2014830468,201415471,10/15/2014,10-October,4-Wednesday,21:05,2100 Hours,District 6 (East Central),CEDAR RAPIDS,LINN,I-380,I-380,Collision with:  Vehicle in traffic,On Roadway,Rear-end (front to rear),Driving too fast for conditions,None Indicated,None apparent,Dark - roadway lighted,Dry,Clear,Work Zone (roadway-related),Non-intersection:  Non-junction/no special feature,Paved,Yes,Property Damage Only,0,0,0,0,0,0,5500,3,3,Southbound (SB),POINT (-91.671127546777 41.915858887286)
2014821862,20140030669,10/16/2014,10-October,5-Thursday,04:20,0400 Hours,District 1 (Central),DES MOINES,POLK,IA 28,IA 28/IOWA 5,Collision with:  Animal,On Roadway,Non-collision (single vehicle),Animal,None Indicated,None apparent,Dark - roadway not lighted,Dry,Clear,None apparent,Non-intersection:  Non-junction/no special feature,Paved,N/A,Property Damage Only,0,0,0,0,0,0,1500,1,1,Southbound (SB),POINT (-93.697073791706 41.524448301064)
2014822154,W14-103710,10/17/2014,10-October,6-Friday,15:05,1500 Hours,District 2 (Northeast),WATERLOO,BLACK HAWK,,RICKER ST & E 4TH ST,Collision with:  Vehicle in traffic,On Roadway,Rear-end (front to rear),Other (explain in narrative):  Other,None Indicated,None apparent,Daylight,Dry,Clear,None apparent,Non-intersection:  Non-junction/no special feature,Paved,N/A,Possible/Unknown,0,2,0,0,2,0,4500,3,7,N/A,POINT (-92.332738348131 42.514213262353)
2014824269,14-004890,10/17/2014,10-October,6-Friday,18:52,1800 Hours,District 4 (Southwest),CARTER LAKE,POTTAWATTAMIE,,AVE Q,Collision with:  Parked motor vehicle,On Roadway,Rear-end (front to rear),Ran off road - right,None Indicated,None apparent,Dark - unknown roadway lighting,Dry,Clear,None apparent,Non-intersection:  Non-junction/no special feature,Paved,N/A,Property Damage Only,0,0,0,0,0,0,7000,2,777,N/A,POINT (-95.909652582108 41.297585130991)
2014822452,14-013716,10/18/2014,10-October,7-Saturday,06:28,0600 Hours,District 4 (Southwest),,MILLS,US 34,US 34 & Co Rd L31/195TH ST,Collision with:  Vehicle in traffic,On Roadway,Broadside (front to side),Ran Stop Sign,None Indicated,None apparent,Dark - roadway not lighted,Dry,Cloudy,Work Zone (roadway-related),Intersection:  Four-way intersection,Paved,Yes,Property Damage Only,0,0,0,0,0,0,11500,2,2,Westbound (WB),POINT (-95.803986065389 41.046451106801)
2014822280,20140031085,10/19/2014,10-October,1-Sunday,22:00,2200 Hours,District 1 (Central),DES MOINES,POLK,,E 29TH ST,Collision with:  Vehicle in traffic,On Roadway,"Angle, oncoming left turn",Other (explain in narrative):  Other,None Indicated,None apparent,Dark - roadway lighted,Dry,Clear,None apparent,Non-intersection:  Non-junction/no special feature,Paved,N/A,Property Damage Only,0,0,0,0,0,0,2000,2,5,N/A,POINT (-93.56116166107 41.600105556318)
2014822273,20140031130,10/20/2014,10-October,2-Monday,00:00,0000 Hours,District 1 (Central),DES MOINES,POLK,,WOODLAND AVE & 28TH ST,Collision with:  Parked motor vehicle,Roadside,"Sideswipe, same direction",Unknown,None Indicated,Unknown,Dark - unknown roadway lighting,Dry,Clear,Unknown,Non-intersection:  Non-junction/no special feature,Paved,N/A,Property Damage Only,0,0,0,0,0,0,2000,2,1,N/A,POINT (-93.654542216541 41.588037532561)
2014823265,,10/20/2014,10-October,2-Monday,08:27,0800 Hours,District 6 (East Central),CEDAR RAPIDS,LINN,,58TH AVE SW & 4TH ST CT SW & 4TH ST SW,Collision with:  Vehicle in traffic,On Roadway,"Angle, oncoming left turn",Unknown,None Indicated,N/A,Daylight,Dry,Clear,N/A,Intersection:  T-intersection,Paved,N/A,Property Damage Only,0,0,0,0,0,0,4000,2,2,N/A,POINT (-91.672391122019 41.921799803269)
2014824205,2014059668,10/21/2014,10-October,3-Tuesday,17:00,1700 Hours,District 2 (Northeast),,FAYETTE,,Co Rd C50/40TH ST & Co Rd W13/T AVE,Collision with:  Vehicle in traffic,On Roadway,Broadside (front to side),FTYROW:  From stop sign,None Indicated,None apparent,Daylight,Dry,Clear,None apparent,Intersection:  Four-way intersection,Paved,N/A,Possible/Unknown,0,3,0,0,3,0,7000,2,4,N/A,POINT (-91.982076586863 42.685893357431)
2014823337,14-1264,10/22/2014,10-October,4-Wednesday,11:45,1100 Hours,District 1 (Central),CLIVE,POLK,,UNIVERSITY AVE,Collision with:  Vehicle in traffic,On Roadway,"Angle, oncoming left turn",FTYROW:  Making left turn,None Indicated,None apparent,Daylight,Dry,Cloudy,None apparent,Non-intersection:  Driveway access (within),Paved,N/A,Possible/Unknown,0,2,0,0,2,0,7500,2,2,N/A,POINT (-93.757950414764 41.600462765108)
2014823761,201403833,10/22/2014,10-October,4-Wednesday,07:33,0700 Hours,District 6 (East Central),,LINN,,Co Rd E44/LAKESIDE RD/30TH ST DR & EAST POST RD,Collision with:  Vehicle in traffic,On Roadway,Rear-end (front to rear),Followed too close,None Indicated,None apparent,Dawn,Dry,Clear,None apparent,Intersection:  Four-way intersection,Paved,N/A,Property Damage Only,0,0,0,0,0,0,6000,2,4,N/A,POINT (-91.599192856069 42.00591473379)
2014823791,14-001232,10/23/2014,10-October,5-Thursday,21:45,2100 Hours,District 1 (Central),,STORY,US 30,US 30,Collision with:  Animal,N/A,N/A,Animal,None Indicated,N/A,N/A,N/A,N/A,N/A,N/A,Paved,N/A,Property Damage Only,0,0,0,0,0,0,6000,1,1,Westbound (WB),POINT (-93.27522864071 42.007819055999)
2014823670,1405009,10/23/2014,10-October,5-Thursday,06:06,0600 Hours,District 1 (Central),,BOONE,,Co Rd R18/L AVE,Collision with:  Animal,N/A,Non-collision (single vehicle),Animal,None Indicated,N/A,N/A,N/A,N/A,N/A,N/A,Paved,N/A,Property Damage Only,0,0,0,0,0,0,2000,1,1,N/A,POINT (-93.950454009573 42.020867124352)
2014823890,,10/24/2014,10-October,6-Friday,17:15,1700 Hours,District 6 (East Central),CEDAR RAPIDS,LINN,IA 100,IA 100/COLLINS RD NE,Collision with:  Vehicle in traffic,On Roadway,Rear-end (front to rear),Unknown,None Indicated,N/A,Daylight,Wet,Rain,N/A,Intersection:  T-intersection,Paved,N/A,Property Damage Only,0,0,0,0,0,0,5529,2,4,Unknown - Not Indicated - Unlocated,POINT (-91.635538782431 42.028003905311)
2014823087,14-016227,10/24/2014,10-October,6-Friday,08:56,0800 Hours,District 3 (Northwest),SPENCER,CLAY,,W 4TH ST,Collision with:  Vehicle in traffic,On Roadway,"Sideswipe, same direction",Other (explain in narrative):  Other,None Indicated,None apparent,Daylight,Dry,Clear,None apparent,Non-intersection:  Non-junction/no special feature,Paved,N/A,Property Damage Only,0,0,0,0,0,0,5000,2,1,N/A,POINT (-95.151267961109 43.141196515941)
2014823569,2014060351,10/25/2014,10-October,7-Saturday,04:30,0400 Hours,District 2 (Northeast),,CLAYTON,,100TH ST,Collision with fixed object:  Ditch,Outside trafficway,Non-collision (single vehicle),Ran off road - left,Alcohol (Statutory),None apparent,Dark - roadway not lighted,"Mud, dirt",Clear,None apparent,Non-intersection:  Non-junction/no special feature,Unpaved,N/A,Minor Injury,0,1,0,1,0,0,5500,1,1,N/A,POINT (-91.391786032449 43.081343550688)
2014823848,2014-21708,10/26/2014,10-October,1-Sunday,04:24,0400 Hours,District 6 (East Central),,SCOTT,,100 AVE,Collision with fixed object:  Ditch,On Roadway,Non-collision (single vehicle),Ran off road - right,Alcohol (Statutory),None apparent,Dark - roadway not lighted,Dry,Clear,None apparent,Non-intersection:  Non-junction/no special feature,Paved,N/A,Property Damage Only,0,0,0,0,0,0,1501,1,1,N/A,POINT (-90.707628021958 41.479634518479)
2014843244,1026147A,10/26/2014,10-October,1-Sunday,22:39,2200 Hours,District 4 (Southwest),,PAGE,,A AVE,Collision with fixed object:  Ditch,N/A,N/A,Swerving/Evasive Action,None Indicated,N/A,N/A,N/A,N/A,N/A,N/A,Unpaved,N/A,Property Damage Only,0,0,0,0,0,0,2500,1,1,N/A,POINT (-95.366121283511 40.779017830486)
2014831730,032-102-14,10/27/2014,10-October,2-Monday,09:27,0900 Hours,District 3 (Northwest),ESTHERVILLE,EMMET,,S 1ST ST,Collision with:  Vehicle in traffic,On Roadway,"Angle, oncoming left turn",Made improper turn,None Indicated,None apparent,Daylight,Dry,Clear,None apparent,Non-intersection:  Non-junction/no special feature,Paved,N/A,Property Damage Only,0,0,0,0,0,0,10250,2,2,N/A,POINT (-94.843092324767 43.401518492993)
2014824031,14-5429,10/28/2014,10-October,3-Tuesday,17:21,1700 Hours,District 1 (Central),WEST DES MOINES,POLK,,ASHWORTH RD & PRAIRIE VIEW DR,Collision with:  Vehicle in traffic,On Roadway,"Angle, oncoming left turn",FTYROW:  Making left turn,None Indicated,None apparent,Daylight,Dry,Clear,None apparent,Intersection:  Four-way intersection,Paved,N/A,Property Damage Only,0,0,0,0,0,0,7000,2,2,N/A,POINT (-93.779897800393 41.584490306103)
2014823919,14025364,10/28/2014,10-October,3-Tuesday,08:03,0800 Hours,District 5 (Southeast),OSKALOOSA,MAHASKA,IA 92,IA 92/A AVE W & N I ST,Collision with:  Vehicle in traffic,On Roadway,Rear-end (front to rear),Other (explain in narrative):  Other,None Indicated,None apparent,Daylight,Dry,Clear,None apparent,Intersection:  Four-way intersection,Paved,N/A,Property Damage Only,0,0,0,0,0,0,8000,2,3,Eastbound (EB),POINT (-92.655630140362 41.296226103808)
2014825996,201416223,10/29/2014,10-October,4-Wednesday,20:19,2000 Hours,District 6 (East Central),CEDAR RAPIDS,LINN,,29TH ST NE & PRAIRIE DR NE,Collision with:  Vehicle in traffic,On Roadway,Broadside (front to side),FTYROW:  From stop sign,None Indicated,None apparent,Dark - roadway lighted,Dry,Clear,None apparent,Intersection:  Four-way intersection,Paved,N/A,Property Damage Only,0,0,0,0,0,0,11000,2,2,N/A,POINT (-91.653010588861 42.006613013419)
2014824821,14-0619,10/30/2014,10-October,5-Thursday,06:45,0600 Hours,District 1 (Central),,WEBSTER,,Co Rd C56/VINCENT AVE,Collision with:  Vehicle in traffic,On Roadway,Rear-end (front to rear),Other (explain in narrative):  Other,None Indicated,None apparent,Dark - roadway not lighted,Wet,Cloudy,None apparent,Non-intersection:  Non-junction/no special feature,Paved,N/A,Minor Injury,0,1,0,1,0,0,6500,2,2,N/A,POINT (-94.020594522068 42.599947785448)
2014827958,2014061193,10/30/2014,10-October,5-Thursday,11:15,1100 Hours,District 1 (Central),,JASPER,IA 330,IA 330/IOWA 330 N,Non-collision events:  Overturn/rollover,On Roadway,Non-collision (single vehicle),Swerving/Evasive Action,None Indicated,None apparent,Daylight,Dry,Clear,None apparent,Non-intersection:  Non-junction/no special feature,Paved,N/A,Property Damage Only,0,0,0,0,0,0,3000,1,1,No Travel Direction Consistent with Route,POINT (-93.300785627247 41.81599130769)
2014824582,20140032443,10/31/2014,10-October,6-Friday,12:40,1200 Hours,District 1 (Central),DES MOINES,POLK,IA 5,IA 5/IOWA 5,Collision with:  Animal,On Roadway,Non-collision (single vehicle),Animal,None Indicated,None apparent,Daylight,Dry,Clear,None apparent,Non-intersection:  Non-junction/no special feature,Paved,N/A,Property Damage Only,0,0,0,0,0,0,2500,1,1,No Travel Direction Consistent with Route,POINT (-93.664201155442 41.514329445745)
2014826811,201416292,10/31/2014,10-October,6-Friday,06:33,0600 Hours,District 6 (East Central),CEDAR RAPIDS,LINN,,STONY POINT RD SW & 16TH AVE SW,Collision with:  Vehicle in traffic,On Roadway,"Angle, oncoming left turn",FTYROW:  Making left turn,None Indicated,None apparent,Dark - roadway lighted,Dry,Clear,None apparent,Intersection:  T-intersection,Paved,N/A,Property Damage Only,0,0,0,0,0,0,7000,2,2,N/A,POINT (-91.755058131897 41.96405692794)
2014826105,2014061561,11/01/2014,11-November,7-Saturday,20:16,2000 Hours,District 4 (Southwest),,POTTAWATTAMIE,I-80,I-80,Collision with:  Animal,N/A,N/A,Animal,None Indicated,N/A,N/A,N/A,N/A,N/A,N/A,Paved,N/A,Property Damage Only,0,0,0,0,0,0,4500,1,1,Eastbound (EB),POINT (-95.668788379564 41.384817040834)
2014828870,14110001,11/01/2014,11-November,7-Saturday,00:02,0000 Hours,District 5 (Southeast),EDDYVILLE,WAPELLO,US 63,US 63,Collision with:  Animal,N/A,N/A,Animal,None Indicated,N/A,N/A,N/A,N/A,N/A,N/A,Paved,N/A,Property Damage Only,0,0,0,0,0,0,4000,1,1,Northbound (NB),POINT (-92.587477318822 41.136796984341)
2014827860,2014061601,11/02/2014,11-November,1-Sunday,03:44,0300 Hours,District 1 (Central),,POLK,I-35,I-35,Collision with:  Vehicle in traffic,On Roadway,"Sideswipe, same direction",Lost Control,None Indicated,None apparent,Dark - roadway not lighted,Dry,Clear,None apparent,Non-intersection:  Non-junction/no special feature,Paved,N/A,Property Damage Only,0,0,0,0,0,0,7500,2,2,No Travel Direction Consistent with Route,POINT (-93.6834059477 41.651478355823)
2014830523,14209,11/03/2014,11-November,2-Monday,16:28,1600 Hours,District 5 (Southeast),PELLA,MARION,,UNIVERSITY ST & W 1ST ST,Collision with:  Vehicle in traffic,On Roadway,Head-on (front to front),Improper Backing,None Indicated,None apparent,Daylight,Dry,Cloudy,None apparent,Non-intersection:  Non-junction/no special feature,Paved,N/A,Property Damage Only,0,0,0,0,0,0,5000,2,3,N/A,POINT (-92.920134753145 41.400184835136)
2014827975,,11/03/2014,11-November,2-Monday,22:42,2200 Hours,District 2 (Northeast),WEST BEND,KOSSUTH,IA 15,IA 15/10 AVE & Co Rd B63/130 ST,Collision with fixed object:  Ditch,Outside trafficway,Non-collision (single vehicle),Driving too fast for conditions,None Indicated,N/A,Dark - roadway lighted,Wet,Rain,"Surface condition (e.g., wet, icy)",Intersection:  T-intersection,Paved,N/A,Property Damage Only,0,0,0,0,0,0,3000,1,1,No Travel Direction Consistent with Route,POINT (-94.443062341763 42.951507550863)
2014825328,C14003510,11/04/2014,11-November,3-Tuesday,17:15,1700 Hours,District 6 (East Central),CORALVILLE,JOHNSON,US 6,US 6/2ND ST,Collision with:  Vehicle in traffic,On Roadway,Rear-end (front to rear),Followed too close,None Indicated,None apparent,Dark - roadway lighted,Dry,Cloudy,None apparent,Non-intersection:  Non-junction/no special feature,Paved,N/A,Possible/Unknown,0,2,0,0,2,0,10000,2,3,Westbound (WB),POINT (-91.563121158235 41.667955198959)
2014825421,14-12936,11/04/2014,11-November,3-Tuesday,15:42,1500 Hours,District 3 (Northwest),,SIOUX,,Co Rd B40/400TH ST,Collision with:  Vehicle in traffic,On Roadway,Rear-end (front to rear),Followed too close,None Indicated,None apparent,Daylight,Dry,Clear,None apparent,Non-intersection:  Non-junction/no special feature,Paved,N/A,Possible/Unknown,0,3,0,0,3,0,14000,2,6,N/A,POINT (-96.093329572829 43.070294318729)
2014825474,2014012456,11/05/2014,11-November,4-Wednesday,19:20,1900 Hours,District 6 (East Central),IOWA CITY,JOHNSON,I-80,I-80,Collision with fixed object:  Guardrail - face,On Roadway,Non-collision (single vehicle),Unknown,None Indicated,None apparent,Dark - roadway not lighted,Wet,Cloudy,None apparent,Non-intersection:  Non-junction/no special feature,Paved,N/A,Property Damage Only,0,0,0,0,0,0,8200,1,3,Eastbound (EB),POINT (-91.470098739081 41.68069692332)
2014850963,14-008961,11/05/2014,11-November,4-Wednesday,00:21,0000 Hours,District 5 (Southeast),,LOUISA,IA 92,IA 92/IOWA 92,Collision with:  Animal,On Roadway,Non-collision (single vehicle),Animal,None Indicated,Animal in roadway,N/A,N/A,N/A,N/A,N/A,Paved,N/A,Property Damage Only,0,0,0,0,0,0,3500,1,1,Westbound (WB),POINT (-91.458174259185 41.290981708675)
2014826125,2014062293,11/06/2014,11-November,5-Thursday,03:45,0300 Hours,District 4 (Southwest),,ADAIR,I-80,I-80,Collision with:  Animal,N/A,N/A,Animal,None Indicated,N/A,N/A,N/A,N/A,N/A,N/A,Paved,N/A,Property Damage Only,0,0,0,0,0,0,2000,1,1,Westbound (WB),POINT (-94.664418483841 41.493168726227)
2014830064,14-062,11/06/2014,11-November,5-Thursday,09:30,0900 Hours,District 3 (Northwest),,CALHOUN,IA 4,IA 4/360TH ST/NORRIDGE AVE & IA 175,Collision with:  Vehicle in traffic,On Roadway,"Angle, oncoming left turn",FTYROW:  Other (explain in narrative),None Indicated,None apparent,Daylight,Dry,Clear,None apparent,Intersection:  Four-way intersection,Paved,N/A,Possible/Unknown,0,1,0,0,0,1,16000,2,2,No Travel Direction Consistent with Route,POINT (-94.648517022718 42.267402561126)
2014825797,20140033276,11/07/2014,11-November,6-Friday,19:19,1900 Hours,District 1 (Central),DES MOINES,POLK,,SE 6TH ST,Collision with:  Vehicle in traffic,On Roadway,Broadside (front to side),Improper Backing,None Indicated,None apparent,Dark - roadway lighted,Dry,Cloudy,None apparent,Non-intersection:  Non-junction/no special feature,Paved,N/A,Property Damage Only,0,0,0,0,0,0,1550,2,1,N/A,POINT (-93.605322957713 41.569491022229)
2014825880,2014062640,11/07/2014,11-November,6-Friday,17:55,1700 Hours,District 5 (Southeast),,WARREN,I-35,I-35,Collision with:  Vehicle in traffic,On Roadway,Rear-end (front to rear),FTYROW:  Other (explain in narrative),None Indicated,None apparent,Dark - roadway not lighted,Dry,Cloudy,Work Zone (roadway-related),Non-intersection:  Non-junction/no special feature,Paved,Yes,Possible/Unknown,0,1,0,0,1,0,3500,2,2,Southbound (SB),POINT (-93.779968531785 41.413638368588)
2014827061,2014-039482,11/08/2014,11-November,7-Saturday,06:40,0600 Hours,District 6 (East Central),DUBUQUE,DUBUQUE,,HARBOR ST & SHIRAS AVE EXT,Collision with fixed object:  Traffic sign support,Outside trafficway,Non-collision (single vehicle),Ran off road - straight,Alcohol (Statutory),None apparent,Dawn,Dry,Clear,None apparent,Intersection:  T-intersection,Paved,N/A,Property Damage Only,0,0,0,0,0,0,2900,1,1,N/A,POINT (-90.646531545015 42.527636370197)
2014829076,201405317,11/08/2014,11-November,7-Saturday,20:05,2000 Hours,District 1 (Central),,BOONE,US 169,US 169/D AVE,Collision with:  Animal,N/A,N/A,Animal,None Indicated,N/A,N/A,N/A,N/A,N/A,N/A,Paved,N/A,Property Damage Only,0,0,0,0,0,0,3500,1,1,Northbound (NB),POINT (-94.105784698581 42.146276308309)
2014836352,,11/09/2014,11-November,1-Sunday,19:06,1900 Hours,District 2 (Northeast),DECORAH,WINNESHIEK,,SHORT ST,Collision with:  Animal,On Roadway,Non-collision (single vehicle),Animal,None Indicated,Animal in roadway,Dark - roadway lighted,Dry,Cloudy,None apparent,Non-intersection:  Driveway access (within),Paved,N/A,Property Damage Only,0,0,0,0,0,0,1700,1,1,N/A,POINT (-91.797028473517 43.291421256187)