Iowa DOT Case Number,Law Enforcement Case Number,Date of Crash,Month of Crash,Day of Week,Time of Crash,Hour,DOT District,City Name,County Name,Route with System,Location Description,First Harmful Event,Location of First Harmful Event,Manner of Crash/Collision,Major Cause,Drug or Alcohol ,Environmental Conditions,Light Conditions,Surface Conditions,Weather Conditions,Roadway Contribution,Roadway Type,Roadway Surface,Work Zone,Crash Severity,Number of Fatalities,Number of Injuries,Number of Major Injuries,Number of Minor Injuries,Number of Possible Injuries,Number of Unknown Injuries,Amount of Property Damage,Number of Vehicles Involved,Total Number of Occupants,Travel Direction,Location
2014825822,14111538,11/10/2014,11-November,2-Monday,09:49,0900 Hours,District 2 (Northeast),CEDAR FALLS,BLACK HAWK,,5TH ST & IOWA ST,Collision with:  Vehicle in traffic,On Roadway,Broadside (front to side),FTYROW:  At uncontrolled intersection,None Indicated,None apparent,Daylight,Dry,Cloudy,None apparent,Intersection:  Four-way intersection,Paved,N/A,Property Damage Only,0,0,0,0,0,0,4300,2,3,N/A,POINT (-92.452116822357 42.534145607441)
2014826604,2014012662,11/10/2014,11-November,2-Monday,16:08,1600 Hours,District 6 (East Central),IOWA CITY,JOHNSON,,S GILBERT ST,Collision with:  Vehicle in traffic,On Roadway,Rear-end (front to rear),Followed too close,None Indicated,None apparent,Dusk,Dry,Cloudy,None apparent,Non-intersection:  Driveway access (within),Paved,N/A,Property Damage Only,0,0,0,0,0,0,3500,3,5,N/A,POINT (-91.53056317473 41.653402726448)
2014826181,14-7475,11/11/2014,11-November,3-Tuesday,05:24,0500 Hours,District 1 (Central),,POLK,,Co Rd F52/NE 46TH AVE,Non-collision events:  Overturn/rollover,Roadside,Non-collision (single vehicle),Crossed centerline (undivided),None Indicated,Weather conditions,Dark - roadway lighted,Ice/frost,Severe winds,"Surface condition (e.g., wet, icy)",Non-intersection:  Non-junction/no special feature,Paved,N/A,Property Damage Only,0,0,0,0,0,0,10000,1,1,N/A,POINT (-93.5945890832 41.644090849971)
2014827194,,11/11/2014,11-November,3-Tuesday,05:54,0500 Hours,District 2 (Northeast),JANESVILLE,BREMER,US 218,US 218,Collision with:  Vehicle in traffic,On Roadway,Unknown,Driving too fast for conditions,None Indicated,None apparent,Dark - roadway not lighted,Ice/frost,Cloudy,None apparent,Non-intersection:  Other non-intersection (explain in narrative),Paved,N/A,Property Damage Only,0,0,0,0,0,0,4000,2,2,Southbound (SB),POINT (-92.464614976454 42.653232993353)
2014826903,201416921,11/11/2014,11-November,3-Tuesday,08:47,0800 Hours,District 6 (East Central),CEDAR RAPIDS,LINN,,11TH ST NW,Collision with:  Parked motor vehicle,Shoulder,"Sideswipe, same direction",Other (explain in narrative):  Other,None Indicated,None apparent,Daylight,Dry,Cloudy,None apparent,Non-intersection:  Non-junction/no special feature,Paved,N/A,Property Damage Only,0,0,0,0,0,0,4400,2,777,N/A,POINT (-91.687047686659 41.986256639288)
2014826733,20140033771,11/12/2014,11-November,4-Wednesday,17:10,1700 Hours,District 1 (Central),DES MOINES,POLK,,URBANDALE AVE & MLK JR PKWY,Collision with:  Vehicle in traffic,On Roadway,Head-on (front to front),FTYROW:  Making left turn,None Indicated,None apparent,Dark - roadway lighted,Dry,Cloudy,None apparent,Intersection:  T-intersection,Paved,N/A,Minor Injury,0,2,0,1,1,0,9000,2,5,N/A,POINT (-93.649955944013 41.624785976217)
2014827027,14-5740,11/13/2014,11-November,5-Thursday,17:50,1700 Hours,District 1 (Central),WEST DES MOINES,POLK,I-35,I-35,Collision with:  Vehicle in traffic,On Roadway,Rear-end (front to rear),Followed too close,None Indicated,None apparent,Dark - roadway not lighted,Dry,Cloudy,None apparent,Non-intersection:  Non-junction/no special feature,Paved,N/A,Property Damage Only,0,0,0,0,0,0,2800,3,5,Southbound (SB),POINT (-93.777120619638 41.596002314436)
2014827140,14-048140,11/13/2014,11-November,5-Thursday,15:45,1500 Hours,District 4 (Southwest),COUNCIL BLUFFS,POTTAWATTAMIE,IA 192,IA 192/S EXPRESSWAY & 30TH AVE,Collision with:  Vehicle in traffic,On Roadway,"Sideswipe, same direction",Made improper turn,None Indicated,None apparent,Daylight,Dry,Clear,None apparent,Intersection:  Four-way intersection,Paved,N/A,Possible/Unknown,0,1,0,0,1,0,2100,3,3,Northbound (NB),POINT (-95.851291453668 41.230706462264)
2014827291,14-7562,11/14/2014,11-November,6-Friday,13:01,1300 Hours,District 1 (Central),ALLEMAN,POLK,US 69,US 69/NE 14TH ST & NE 142TH AVE,Collision with:  Vehicle in traffic,On Roadway,Broadside (front to side),FTYROW:  From stop sign,None Indicated,None apparent,Daylight,Dry,Clear,None apparent,Intersection:  Four-way intersection,Paved,N/A,Property Damage Only,0,0,0,0,0,0,4800,2,3,Northbound (NB),POINT (-93.600273624294 41.820247856963)
2014828277,14-11616,11/14/2014,11-November,6-Friday,15:29,1500 Hours,District 3 (Northwest),CARROLL,CARROLL,,2ND ST & MAIN ST,Collision with:  Vehicle in traffic,On Roadway,Broadside (front to side),Ran Stop Sign,None Indicated,Visual obstruction,Daylight,Dry,Clear,None apparent,Intersection:  Four-way intersection,Paved,N/A,Property Damage Only,0,0,0,0,0,0,8000,2,2,N/A,POINT (-94.869064555523 42.061584146801)
2014827328,20140034061,11/15/2014,11-November,7-Saturday,15:13,1500 Hours,District 1 (Central),DES MOINES,POLK,,GRAND AVE & 59TH ST,Collision with:  Vehicle in traffic,On Roadway,Broadside (front to side),Made improper turn,None Indicated,Weather conditions,Daylight,Snow,Snow,None apparent,Intersection:  T-intersection,Paved,N/A,Minor Injury,0,1,0,1,0,0,4000,2,5,N/A,POINT (-93.697904190761 41.582729428271)
2014827251,143512,11/15/2014,11-November,7-Saturday,11:54,1100 Hours,District 3 (Northwest),DENISON,CRAWFORD,,BROADWAY & S MAIN ST & N MAIN ST,Collision with:  Vehicle in traffic,On Roadway,Rear-end (front to rear),Lost Control,None Indicated,Weather conditions,Daylight,Snow,Snow,"Surface condition (e.g., wet, icy)",Intersection:  Four-way intersection,Paved,N/A,Property Damage Only,0,0,0,0,0,0,1500,2,2,N/A,POINT (-95.355299890452 42.016743547255)
2014828822,201400055883,11/15/2014,11-November,7-Saturday,16:30,1600 Hours,District 5 (Southeast),OTTUMWA,WAPELLO,,W FINLEY AVE & S FERRY ST & N FERRY ST,Collision with:  Vehicle in traffic,On Roadway,Broadside (front to side),FTYROW:  From stop sign,None Indicated,None apparent,Daylight,Snow,Snow,None apparent,Intersection:  Four-way intersection,Paved,N/A,Property Damage Only,0,0,0,0,0,0,2000,2,2,N/A,POINT (-92.433668576274 41.002013361178)
2014831211,20144202,11/15/2014,11-November,7-Saturday,15:54,1500 Hours,District 1 (Central),,GRUNDY,US 20,US 20,Collision with fixed object:  Ditch,On Roadway,Non-collision (single vehicle),Lost Control,None Indicated,Weather conditions,Daylight,Snow,Snow,"Surface condition (e.g., wet, icy)",Non-intersection:  Non-junction/no special feature,Paved,N/A,Possible/Unknown,0,1,0,0,1,0,3000,1,1,Westbound (WB),POINT (-92.598250901206 42.46423521199)
2014827852,14-048328,11/15/2014,11-November,7-Saturday,01:36,0100 Hours,District 4 (Southwest),COUNCIL BLUFFS,POTTAWATTAMIE,,N 10TH ST,Collision with fixed object:  Utility pole/light support,On Roadway,Non-collision (single vehicle),"Operating vehicle in an reckless, erratic, careless, negligent manner",None Indicated,None apparent,Dark - roadway not lighted,Dry,Clear,None apparent,Non-intersection:  Driveway access (within),Paved,N/A,Property Damage Only,0,0,0,0,0,0,5000,1,1,N/A,POINT (-95.858896890429 41.263120791415)
2014828902,2014-79316,11/15/2014,11-November,7-Saturday,13:36,1300 Hours,District 6 (East Central),DAVENPORT,SCOTT,,E HIGH ST & EASTERN AVE,Collision with:  Vehicle in traffic,On Roadway,Rear-end (front to rear),Lost Control,None Indicated,None apparent,Daylight,Dry,Cloudy,None apparent,Intersection:  T-intersection,Paved,N/A,Property Damage Only,0,0,0,0,0,0,2000,2,2,N/A,POINT (-90.55152882218 41.540316476286)
2014827790,14-004969,11/16/2014,11-November,1-Sunday,13:50,1300 Hours,District 1 (Central),ANKENY,POLK,,SE NATIONAL DR & SE DELAWARE AVE,Collision with:  Vehicle in traffic,On Roadway,Rear-end (front to rear),Other (explain in narrative):  Other,None Indicated,None apparent,Daylight,Wet,Clear,None apparent,Non-intersection:  Non-junction/no special feature,Paved,N/A,Property Damage Only,0,0,0,0,0,0,2500,2,3,N/A,POINT (-93.581278296253 41.70484894334)
2014828703,,11/16/2014,11-November,1-Sunday,19:45,1900 Hours,District 1 (Central),COLFAX,JASPER,,N LEAGUE RD,Collision with fixed object:  Other fixed object (explain in narrative),Outside trafficway,Non-collision (single vehicle),Swerving/Evasive Action,None Indicated,None apparent,Dark - roadway not lighted,Snow,Cloudy,None apparent,Non-intersection:  Non-junction/no special feature,Paved,N/A,Property Damage Only,0,0,0,0,0,0,2000,1,2,N/A,POINT (-93.232176835938 41.681251808594)
2014828522,14-012117,11/17/2014,11-November,2-Monday,11:28,1100 Hours,District 5 (Southeast),CORYDON,WAYNE,IA 2,IA 2/IOWA 2 & Co Rd S34/140TH ST,Collision with:  Vehicle in traffic,On Roadway,Broadside (front to side),FTYROW:  From stop sign,None Indicated,None apparent,Daylight,Snow,Clear,"Surface condition (e.g., wet, icy)",Intersection:  Four-way intersection,Paved,N/A,Possible/Unknown,0,1,0,0,1,0,12500,2,6,Westbound (WB),POINT (-93.307542462435 40.75589363804)
2014828227,C14003683,11/17/2014,11-November,2-Monday,17:35,1700 Hours,District 6 (East Central),CORALVILLE,JOHNSON,,CORAL RIDGE AVE,Collision with:  Vehicle in traffic,On Roadway,Rear-end (front to rear),Other (explain in narrative):  No improper action,None Indicated,None apparent,Dark - roadway lighted,Dry,Cloudy,None apparent,Non-intersection:  Non-junction/no special feature,Paved,N/A,Possible/Unknown,0,1,0,0,1,0,11000,3,3,N/A,POINT (-91.60843213378 41.697433836136)
2014828664,14-048766,11/18/2014,11-November,3-Tuesday,16:15,1600 Hours,District 4 (Southwest),COUNCIL BLUFFS,POTTAWATTAMIE,I-80,I-80 & US 6/KANESVILLE BLVD,Collision with:  Vehicle in traffic,On Roadway,Broadside (front to side),Ran Stop Sign,None Indicated,None apparent,Daylight,Dry,Clear,None apparent,Intersection:  Intersection with ramp,Paved,N/A,Minor Injury,0,1,0,1,0,0,4000,2,4,Ramp,POINT (-95.782919275663 41.280150637553)
2014828435,14-017465,11/18/2014,11-November,3-Tuesday,11:57,1100 Hours,District 3 (Northwest),SPENCER,CLAY,,W 7TH ST & 1ST AVE W,Collision with:  Vehicle in traffic,On Roadway,Broadside (front to side),FTYROW:  From stop sign,None Indicated,None apparent,Daylight,Snow,Clear,None apparent,Intersection:  Four-way intersection,Paved,N/A,Property Damage Only,0,0,0,0,0,0,9000,2,2,N/A,POINT (-95.146305049776 43.14379299639)
2014828745,20140034456,11/19/2014,11-November,4-Wednesday,19:25,1900 Hours,District 1 (Central),DES MOINES,POLK,US 69,US 69/SE 14TH ST & E PARK AVE,Collision with:  Vehicle in traffic,On Roadway,"Angle, oncoming left turn",Ran Traffic Signal,None Indicated,None apparent,Dark - roadway lighted,Dry,Clear,None apparent,Intersection:  Four-way intersection,Paved,N/A,Property Damage Only,0,0,0,0,0,0,4000,2,2,No Travel Direction Consistent with Route,POINT (-93.596856959815 41.555357795707)
2014830559,14-005488,11/20/2014,11-November,5-Thursday,07:35,0700 Hours,District 1 (Central),AMES,STORY,US 30,US 30/NE RAMP CURV/SPECIAL CASE & US 69/S DUFF AVE,Collision with:  Vehicle in traffic,On Roadway,Rear-end (front to rear),Followed too close,None Indicated,None apparent,Daylight,Dry,Clear,None apparent,Intersection:  Intersection with ramp,Paved,N/A,Property Damage Only,0,0,0,0,0,0,4499,2,3,Ramp,POINT (-93.610033901603 42.005888574438)
2014829651,14-9238PD,11/20/2014,11-November,5-Thursday,15:35,1500 Hours,District 1 (Central),BOONE,BOONE,,W 1ST ST & S MAIN ST,Collision with:  Vehicle in traffic,On Roadway,Broadside (front to side),FTYROW:  At uncontrolled intersection,None Indicated,None apparent,Dusk,Snow,Clear,"Surface condition (e.g., wet, icy)",Non-intersection:  Non-junction/no special feature,Paved,N/A,Property Damage Only,0,0,0,0,0,0,4000,2,4,N/A,POINT (-93.906838578884 42.057408077461)
2014833892,14-018371,11/21/2014,11-November,6-Friday,07:42,0700 Hours,District 2 (Northeast),CHARLES CITY,FLOYD,,2ND AVE,Unknown,Unknown,Unknown,Unknown,None Indicated,Unknown,Unknown,Unknown,Cloudy,Unknown,Unknown,Paved,N/A,Property Damage Only,0,0,0,0,0,0,1600,2,1,N/A,POINT (-92.670866912785 43.064562937428)
2014829328,14-38424,11/21/2014,11-November,6-Friday,11:36,1100 Hours,District 3 (Northwest),SIOUX CITY,WOODBURY,,18TH ST & PIERCE ST,Collision with:  Vehicle in traffic,On Roadway,Rear-end (front to rear),Other (explain in narrative):  Other,None Indicated,None apparent,Daylight,Dry,Cloudy,None apparent,Intersection:  Four-way intersection,Paved,N/A,Possible/Unknown,0,1,0,0,1,0,950,2,3,N/A,POINT (-96.405080132324 42.509152955381)
2014831243,2104-039908,11/22/2014,11-November,7-Saturday,12:42,1200 Hours,District 6 (East Central),DUBUQUE,DUBUQUE,,PENNSYLVANIA AVE & SYLVAN DR,Collision with:  Other non-fixed object (explain in narrative),On Roadway,Non-collision (single vehicle),Swerving/Evasive Action,None Indicated,None apparent,Daylight,Wet,Rain,"Surface condition (e.g., wet, icy)",Intersection:  T-intersection,Paved,N/A,Property Damage Only,0,0,0,0,0,0,2100,1,2,N/A,POINT (-90.727493368352 42.500481605088)
2014829268,20140034717,11/22/2014,11-November,7-Saturday,10:55,1000 Hours,District 1 (Central),DES MOINES,POLK,,MCKINLEY AVE & S UNION ST & E MCKINLEY AVE,Collision with:  Vehicle in traffic,On Roadway,"Angle, oncoming left turn",FTYROW:  Making left turn,None Indicated,None apparent,Daylight,Wet,Cloudy,None apparent,Intersection:  Four-way intersection,Paved,N/A,Property Damage Only,0,0,0,0,0,0,2100,2,2,N/A,POINT (-93.616086413097 41.540943750707)
2014834534,14-260,11/23/2014,11-November,1-Sunday,16:31,1600 Hours,District 2 (Northeast),WAVERLY,BREMER,IA 116,IA 116/4TH ST SW & 7TH AVE SW,Collision with:  Vehicle in traffic,On Roadway,Rear-end (front to rear),Swerving/Evasive Action,None Indicated,None apparent,Dusk,Wet,Rain,"Surface condition (e.g., wet, icy)",Intersection:  Four-way intersection,Paved,N/A,Property Damage Only,0,0,0,0,0,0,1500,2,2,Northbound (NB),POINT (-92.475591191368 42.719015311043)
2014831669,1409966,11/24/2014,11-November,2-Monday,10:52,1000 Hours,District 5 (Southeast),WASHINGTON,WASHINGTON,,N 2ND AVE,Collision with:  Vehicle in traffic,On Roadway,Broadside (front to side),FTYROW:  From parked position,None Indicated,None apparent,Daylight,Wet,Snow,None apparent,Non-intersection:  Non-junction/no special feature,Paved,N/A,Property Damage Only,0,0,0,0,0,0,8000,2,2,N/A,POINT (-91.690414565203 41.299695332478)
2014830307,201417627,11/24/2014,11-November,2-Monday,19:12,1900 Hours,District 6 (East Central),CEDAR RAPIDS,LINN,I-380,I-380,Collision with:  Vehicle in traffic,On Roadway,Rear-end (front to rear),Unknown,None Indicated,None apparent,Dark - roadway lighted,Snow,Snow,None apparent,Interchange-related:  On-ramp,Paved,N/A,Property Damage Only,0,0,0,0,0,0,6000,2,2,No Travel Direction Consistent with Route,POINT (-91.666688738295 41.928083316853)
2014831761,14-001399,11/25/2014,11-November,3-Tuesday,15:16,1500 Hours,District 1 (Central),,STORY,,GRANT AVE & 180TH ST,Collision with:  Vehicle in traffic,On Roadway,Rear-end (front to rear),Followed too close,None Indicated,None apparent,Daylight,"Mud, dirt",Clear,None apparent,Intersection:  Other intersection (explain in narrative),Unpaved,N/A,Possible/Unknown,0,1,0,0,1,0,19020,2,4,N/A,POINT (-93.639943628473 42.092377565553)
2014831141,2014-013976,11/25/2014,11-November,3-Tuesday,16:33,1600 Hours,District 6 (East Central),EPWORTH,DUBUQUE,US 20,US 20/RAMP & Co Rd Y17/PLACID RD,Collision with:  Vehicle in traffic,On Roadway,Head-on (front to front),FTYROW:  Making left turn,None Indicated,None apparent,Daylight,Dry,Clear,None apparent,Intersection:  Intersection with ramp,Paved,N/A,Minor Injury,0,2,0,1,1,0,13500,2,2,Ramp,POINT (-90.931917377529 42.438552122141)
2014831775,14-010434,11/26/2014,11-November,4-Wednesday,21:35,2100 Hours,District 4 (Southwest),MASSENA,CASS,,740TH ST,Collision with fixed object:  Ditch,On Roadway,Non-collision (single vehicle),Swerving/Evasive Action,None Indicated,Animal in roadway,Dark - roadway not lighted,Ice/frost,Clear,None apparent,Non-intersection:  Non-junction/no special feature,Unpaved,N/A,Property Damage Only,0,0,0,0,0,0,5000,1,1,N/A,POINT (-94.777011166651 41.247976796181)
2014830131,14-5985,11/26/2014,11-November,4-Wednesday,09:00,0900 Hours,District 1 (Central),WEST DES MOINES,POLK,,WESTOWN PKWY,Collision with fixed object:  Utility pole/light support,Outside trafficway,Non-collision (single vehicle),Driving too fast for conditions,None Indicated,Weather conditions,Daylight,Snow,Snow,"Surface condition (e.g., wet, icy)",Non-intersection:  Non-junction/no special feature,Paved,N/A,Possible/Unknown,0,1,0,0,1,0,2000,1,1,N/A,POINT (-93.781658737908 41.595214943783)
2014830315,201417709,11/26/2014,11-November,4-Wednesday,18:04,1800 Hours,District 6 (East Central),CEDAR RAPIDS,LINN,,8TH AVE SE & 18TH ST SE,Collision with:  Parked motor vehicle,On Roadway,"Sideswipe, opposite direction",Lost Control,None Indicated,None apparent,Dark - roadway lighted,Snow,Snow,None apparent,Non-intersection:  Non-junction/no special feature,Paved,N/A,Property Damage Only,0,0,0,0,0,0,9000,2,1,N/A,POINT (-91.644488706163 41.979709606663)
2014831428,2014066305,11/26/2014,11-November,4-Wednesday,19:25,1900 Hours,District 1 (Central),,POLK,I-35,I-35,Collision with:  Parked motor vehicle,Shoulder,Head-on (front to front),Driving too fast for conditions,None Indicated,Weather conditions,Dark - roadway not lighted,Ice/frost,Snow,"Surface condition (e.g., wet, icy)",Non-intersection:  Non-junction/no special feature,Paved,N/A,Property Damage Only,0,0,0,0,0,0,16000,2,4,No Travel Direction Consistent with Route,POINT (-93.626990748504 41.649476093349)
2014830345,14-049943,11/26/2014,11-November,4-Wednesday,20:52,2000 Hours,District 4 (Southwest),COUNCIL BLUFFS,POTTAWATTAMIE,US 6,US 6/W BROADWAY & IA 192/N 16TH ST & S 16TH ST,Collision with:  Vehicle in traffic,On Roadway,Broadside (front to side),FTYROW:  Other (explain in narrative),Alcohol (Statutory),None apparent,Dark - roadway lighted,Dry,Clear,None apparent,Intersection:  Four-way intersection,Paved,N/A,Property Damage Only,0,0,0,0,0,0,10300,2,6,Eastbound (EB),POINT (-95.867602708234 41.261859372457)
2014831466,20140066392,11/27/2014,11-November,5-Thursday,00:55,0000 Hours,District 1 (Central),,POLK,I-35,I-35,Collision with:  Vehicle in traffic,On Roadway,"Sideswipe, same direction",Swerving/Evasive Action,None Indicated,None apparent,Dark - roadway not lighted,Ice/frost,Cloudy,"Surface condition (e.g., wet, icy)",Non-intersection:  Non-junction/no special feature,Paved,N/A,Property Damage Only,0,0,0,0,0,0,5000,2,3,No Travel Direction Consistent with Route,POINT (-93.66489107236 41.65065020571)
2014830862,1411281-A,11/28/2014,11-November,6-Friday,17:10,1700 Hours,District 4 (Southwest),RED OAK,MONTGOMERY,,2ND ST & VALLEY ST,Collision with:  Vehicle in traffic,On Roadway,Broadside (front to side),FTYROW:  At uncontrolled intersection,None Indicated,None apparent,Dark - roadway lighted,Dry,Cloudy,None apparent,Intersection:  Four-way intersection,Paved,N/A,Possible/Unknown,0,1,0,0,1,0,9000,2,3,N/A,POINT (-95.230343054314 41.0130247298)
2014831436,1411298021,11/29/2014,11-November,7-Saturday,22:35,2200 Hours,District 6 (East Central),,CLINTON,IA 136,IA 136/IOWA 136,Collision with:  Animal,N/A,N/A,Animal,None Indicated,N/A,N/A,N/A,N/A,N/A,N/A,Paved,N/A,Property Damage Only,0,0,0,0,0,0,6000,1,1,Unknown - Not Indicated - Unlocated,POINT (-90.236286557304 41.873717238032)
2014833032,201417818,11/29/2014,11-November,7-Saturday,15:16,1500 Hours,District 6 (East Central),CEDAR RAPIDS,LINN,,12TH AVE SE & 15TH ST SE,Collision with:  Vehicle in traffic,On Roadway,Rear-end (front to rear),Lost Control,None Indicated,None apparent,Daylight,Wet,Clear,None apparent,Non-intersection:  Non-junction/no special feature,Paved,N/A,Property Damage Only,0,0,0,0,0,0,2000,2,2,N/A,POINT (-91.649827810019 41.973810273494)
2014831554,2014066893,11/30/2014,11-November,1-Sunday,16:30,1600 Hours,District 6 (East Central),,CEDAR,I-80,I-80,Collision with:  Vehicle in traffic,On Roadway,Rear-end (front to rear),FTYROW:  Other (explain in narrative),None Indicated,None apparent,Dark - roadway not lighted,Dry,Clear,None apparent,Non-intersection:  Non-junction/no special feature,Paved,N/A,Property Damage Only,0,0,0,0,0,0,3000,2,3,Westbound (WB),POINT (-91.126617450472 41.645302717135)
2014831201,20140035642,12/01/2014,12-December,2-Monday,16:35,1600 Hours,District 1 (Central),DES MOINES,POLK,,WOODLAND AVE & MLK JR PKWY,Collision with:  Vehicle in traffic,On Roadway,Rear-end (front to rear),Lost Control,None Indicated,None apparent,Dusk,Dry,Cloudy,None apparent,Intersection:  Four-way intersection,Paved,N/A,Property Damage Only,0,0,0,0,0,0,4500,2,2,N/A,POINT (-93.64472831657 41.588047949215)
2014832833,,12/02/2014,12-December,3-Tuesday,17:30,1700 Hours,District 2 (Northeast),,HOWARD,IA 9,IA 9/IOWA 9,Collision with:  Animal,On Roadway,Non-collision (single vehicle),Animal,None Indicated,N/A,Dark - roadway not lighted,Dry,Clear,N/A,Non-intersection:  Non-junction/no special feature,Paved,N/A,Property Damage Only,0,0,0,0,0,0,1500,1,1,Unknown - Not Indicated - Unlocated,POINT (-92.436025397107 43.371193744353)
2014831364,14-6132,12/03/2014,12-December,4-Wednesday,12:20,1200 Hours,District 1 (Central),WEST DES MOINES,POLK,I-235,I-235 & 35TH ST/VALLEY WEST DR,Collision with:  Vehicle in traffic,On Roadway,Rear-end (front to rear),Followed too close,None Indicated,None apparent,Daylight,Dry,Clear,None apparent,Non-intersection:  Non-junction/no special feature,Paved,N/A,Minor Injury,0,1,0,1,0,0,2300,2,2,No Travel Direction Consistent with Route,POINT (-93.751855620625 41.592288211619)
2014831773,149397,12/03/2014,12-December,4-Wednesday,18:30,1800 Hours,District 4 (Southwest),,DALLAS,US 169,US 169/N AVE,Collision with:  Animal,N/A,N/A,Animal,None Indicated,N/A,N/A,N/A,N/A,N/A,N/A,Paved,N/A,Property Damage Only,0,0,0,0,0,0,1500,1,1,Unknown - Not Indicated - Unlocated,POINT (-94.017558658941 41.625218127688)
2014831754,20140035899,12/04/2014,12-December,5-Thursday,09:25,0900 Hours,District 1 (Central),DES MOINES,POLK,US 6,US 6/MERLE HAY RD/DOUGLAS AVE & IA 28,Collision with:  Vehicle in traffic,On Roadway,Rear-end (front to rear),Driver Distraction:  Manual operation of an electronic communication device,None Indicated,None apparent,Daylight,Dry,Cloudy,None apparent,Intersection:  Four-way intersection,Paved,N/A,Property Damage Only,0,0,0,0,0,0,6000,2,2,No Travel Direction Consistent with Route,POINT (-93.697771212229 41.629414590388)
2014832195,14-3900,12/05/2014,12-December,6-Friday,23:25,2300 Hours,District 1 (Central),FORT DODGE,WEBSTER,,10TH AVE N,Collision with fixed object:  Utility pole/light support,On Roadway,Non-collision (single vehicle),Other (explain in narrative):  Other,None Indicated,None apparent,Dark - roadway lighted,Wet,"Fog, smoke, smog",None apparent,Non-intersection:  Non-junction/no special feature,Paved,N/A,Possible/Unknown,0,1,0,0,0,1,12000,1,1,N/A,POINT (-94.171131018535 42.515584005296)
2014831960,2014067713,12/05/2014,12-December,6-Friday,07:29,0700 Hours,District 4 (Southwest),COUNCIL BLUFFS,POTTAWATTAMIE,I-80,I-80 & US 6/KANESVILLE BLVD,Collision with:  Vehicle in traffic,On Roadway,Broadside (front to side),FTYROW:  From stop sign,None Indicated,None apparent,Daylight,Wet,"Fog, smoke, smog",None apparent,Intersection:  T-intersection,Paved,N/A,Property Damage Only,0,0,0,0,0,0,20000,2,2,Ramp,POINT (-95.786137256539 41.280018704949)
2014832293,14-6192,12/06/2014,12-December,7-Saturday,18:14,1800 Hours,District 1 (Central),WEST DES MOINES,POLK,,22ND ST,Collision with:  Vehicle in traffic,On Roadway,"Sideswipe, same direction",Improper or erratic lane changing,None Indicated,None apparent,Dark - roadway lighted,Dry,Cloudy,None apparent,Non-intersection:  Driveway access (within),Paved,N/A,Property Damage Only,0,0,0,0,0,0,3000,2,2,N/A,POINT (-93.736065306773 41.594353965334)
2014832284,14-6197,12/07/2014,12-December,1-Sunday,00:25,0000 Hours,District 1 (Central),WEST DES MOINES,POLK,,MILLS CIVIC PKWY,Collision with:  Vehicle in traffic,On Roadway,Rear-end (front to rear),Other (explain in narrative):  Other,Alcohol (Statutory),None apparent,Dark - roadway lighted,Dry,Clear,None apparent,Non-intersection:  Non-junction/no special feature,Paved,N/A,Property Damage Only,0,0,0,0,0,0,8000,2,2,N/A,POINT (-93.78082766469 41.559101592742)
2014832618,1412082512,12/08/2014,12-December,2-Monday,18:50,1800 Hours,District 6 (East Central),DE WITT,CLINTON,US 30,US 30 & 300 AVE,Collision with:  Animal,N/A,N/A,Animal,None Indicated,N/A,N/A,N/A,N/A,N/A,N/A,Paved,N/A,Property Damage Only,0,0,0,0,0,0,9000,1,1,Unknown - Not Indicated - Unlocated,POINT (-90.510112736375 41.807567717716)
2014832622,2014-040336,12/08/2014,12-December,2-Monday,09:16,0900 Hours,District 6 (East Central),DUBUQUE,DUBUQUE,US 20,US 20/DODGE ST & IA 32/IA32 NW ARTERIAL,Collision with:  Vehicle in traffic,On Roadway,"Sideswipe, same direction",Ran off road - straight,None Indicated,None apparent,Daylight,Wet,Cloudy,None apparent,Intersection:  Four-way intersection,Paved,N/A,Possible/Unknown,0,1,0,0,1,0,5400,2,2,No Travel Direction Consistent with Route,POINT (-90.739022103624 42.488552633277)
2014832610,14-3939,12/09/2014,12-December,3-Tuesday,01:00,0100 Hours,District 1 (Central),FORT DODGE,WEBSTER,,5TH AVE N,Collision with:  Parked motor vehicle,On Roadway,Rear-end (front to rear),Unknown,None Indicated,None apparent,Dark - roadway lighted,Dry,Clear,None apparent,Non-intersection:  Non-junction/no special feature,Paved,N/A,Property Damage Only,0,0,0,0,0,0,4500,2,1,N/A,POINT (-94.185824168211 42.510434736762)
2014832827,14-01205,12/10/2014,12-December,4-Wednesday,10:12,1000 Hours,District 1 (Central),TOLEDO,TAMA,US 63,US 63/S COUNTY ROAD & ROSS ST,Collision with:  Vehicle in traffic,On Roadway,Broadside (front to side),FTYROW:  From stop sign,None Indicated,None apparent,Daylight,Dry,Cloudy,None apparent,Intersection:  Four-way intersection,Paved,N/A,Minor Injury,0,2,0,2,0,0,15000,2,2,Northbound (NB),POINT (-92.581669901267 41.992877051321)
2014833582,2014-26448,12/10/2014,12-December,4-Wednesday,17:01,1700 Hours,District 5 (Southeast),INDIANOLA,WARREN,US 65,US 65,Collision with:  Vehicle in traffic,On Roadway,Rear-end (front to rear),Other (explain in narrative):  Other,None Indicated,None apparent,Dusk,Dry,Clear,None apparent,Intersection:  Four-way intersection,Paved,N/A,Possible/Unknown,0,1,0,0,1,0,2500,3,3,Southbound (SB),POINT (-93.558696183345 41.393136371899)