Iowa DOT Case Number,Law Enforcement Case Number,Date of Crash,Month of Crash,Day of Week,Time of Crash,Hour,DOT District,City Name,County Name,Route with System,Location Description,First Harmful Event,Location of First Harmful Event,Manner of Crash/Collision,Major Cause,Drug or Alcohol ,Environmental Conditions,Light Conditions,Surface Conditions,Weather Conditions,Roadway Contribution,Roadway Type,Roadway Surface,Work Zone,Crash Severity,Number of Fatalities,Number of Injuries,Number of Major Injuries,Number of Minor Injuries,Number of Possible Injuries,Number of Unknown Injuries,Amount of Property Damage,Number of Vehicles Involved,Total Number of Occupants,Travel Direction,Location
2014832908,14-8142,12/11/2014,12-December,5-Thursday,14:00,1400 Hours,District 1 (Central),,POLK,US 69,US 69/NE 14TH ST & NE 44TH AVE,Collision with:  Vehicle in traffic,On Roadway,"Angle, oncoming left turn",Made improper turn,None Indicated,None apparent,Daylight,Dry,Cloudy,None apparent,Intersection:  Four-way intersection,Paved,N/A,Property Damage Only,0,0,0,0,0,0,9000,2,2,Both North and South,POINT (-93.600439005822 41.640430550443)
2014833680,14-8173,12/12/2014,12-December,6-Friday,13:30,1300 Hours,District 1 (Central),,POLK,,SE 6TH AVE & SE 108TH ST,Collision with fixed object:  Ditch,Roadside,Non-collision (single vehicle),Ran off road - right,None Indicated,None apparent,Daylight,Dry,Clear,None apparent,Intersection:  Four-way intersection,Paved,N/A,Possible/Unknown,0,1,0,0,1,0,3000,1,1,N/A,POINT (-93.377290184956 41.579851010523)
2014833656,2014-26563,12/12/2014,12-December,6-Friday,07:23,0700 Hours,District 5 (Southeast),,WARREN,,Co Rd S23/HWY S23,Collision with:  Animal,N/A,N/A,Animal,None Indicated,N/A,N/A,N/A,N/A,N/A,N/A,Paved,N/A,Property Damage Only,0,0,0,0,0,0,200000,1,1,N/A,POINT (-93.462110613662 41.334699937969)
2014833557,14-6330,12/13/2014,12-December,7-Saturday,21:40,2100 Hours,District 1 (Central),WEST DES MOINES,POLK,,22ND ST,Collision with:  Vehicle in traffic,On Roadway,Rear-end (front to rear),Other (explain in narrative):  Other,None Indicated,None apparent,Dark - roadway lighted,Wet,Cloudy,None apparent,Non-intersection:  Non-junction/no special feature,Paved,N/A,Possible/Unknown,0,1,0,0,1,0,2000,2,2,N/A,POINT (-93.736064897456 41.594317939092)
2014833613,14-6339,12/14/2014,12-December,1-Sunday,14:20,1400 Hours,District 4 (Southwest),WEST DES MOINES,DALLAS,,JORDAN CREEK PKWY & E P TRUE PKWY,Collision with:  Vehicle in traffic,On Roadway,Rear-end (front to rear),Followed too close,None Indicated,None apparent,Daylight,Dry,Cloudy,None apparent,Intersection:  Four-way intersection,Paved,N/A,Property Damage Only,0,0,0,0,0,0,3100,2,2,N/A,POINT (-93.809235583801 41.573397819504)
2014834695,2014069336,12/15/2014,12-December,2-Monday,11:20,1100 Hours,District 4 (Southwest),COUNCIL BLUFFS,POTTAWATTAMIE,,DENMARK DR & MCDERMOTT ST,Collision with:  Vehicle in traffic,On Roadway,Head-on (front to front),FTYROW:  From stop sign,None Indicated,None apparent,Daylight,Wet,Rain,None apparent,Intersection:  Four-way intersection,Paved,N/A,Property Damage Only,0,0,0,0,0,0,10000,2,2,N/A,POINT (-95.835086102546 41.220398284783)
2014836519,2014069471,12/15/2014,12-December,2-Monday,18:39,1800 Hours,District 5 (Southeast),INDIANOLA,WARREN,US 65,US 65,Collision with:  Vehicle in traffic,On Roadway,Rear-end (front to rear),Crossed centerline (undivided),None Indicated,None apparent,Dark - roadway lighted,Wet,Rain,None apparent,Intersection:  Four-way intersection,Paved,N/A,Fatal,1,6,0,5,1,0,8000,2,7,Southbound (SB),POINT (-93.558668592646 41.387119447649)
2014833908,14-4017,12/16/2014,12-December,3-Tuesday,09:25,0900 Hours,District 1 (Central),FORT DODGE,WEBSTER,,KENYON RD,Collision with:  Vehicle in traffic,On Roadway,"Sideswipe, same direction",FTYROW:  Other (explain in narrative),None Indicated,None apparent,Daylight,Dry,Snow,None apparent,Non-intersection:  Non-junction/no special feature,Paved,N/A,Property Damage Only,0,0,0,0,0,0,6000,2,3,N/A,POINT (-94.203513811717 42.48586285913)
2014834664,14016338,12/17/2014,12-December,4-Wednesday,03:11,0300 Hours,District 4 (Southwest),,MILLS,,Co Rd L45/LEVI RD & PEASE RD,Non-collision events:  Overturn/rollover,On Roadway,Non-collision (single vehicle),Ran off road - left,None Indicated,None apparent,Dark - roadway not lighted,Dry,Cloudy,None apparent,Non-intersection:  Non-junction/no special feature,Paved,N/A,Property Damage Only,0,0,0,0,0,0,8600,1,1,N/A,POINT (-95.735826134559 40.963931147059)
2014834698,2014069701,12/17/2014,12-December,4-Wednesday,10:58,1000 Hours,District 5 (Southeast),,WARREN,I-35,I-35,Collision with:  Vehicle in traffic,On Roadway,"Sideswipe, same direction",Crossed centerline (undivided),None Indicated,None apparent,Daylight,Dry,Clear,Work Zone (roadway-related),Non-intersection:  Non-junction/no special feature,Paved,Yes,Property Damage Only,0,0,0,0,0,0,2000,2,2,Southbound (SB),POINT (-93.779912795296 41.4589732376)
2014844877,AC-14-0063,12/18/2014,12-December,5-Thursday,19:00,1900 Hours,District 6 (East Central),MONTICELLO,JONES,,W 6TH ST,Collision with:  Parked motor vehicle,On Roadway,"Sideswipe, same direction",Unknown,None Indicated,None apparent,Dark - unknown roadway lighting,Dry,Clear,None apparent,Non-intersection:  Non-junction/no special feature,Paved,N/A,Property Damage Only,0,0,0,0,0,0,6500,2,1,N/A,POINT (-91.198594184042 42.243254269229)
2014835626,2014-27074,12/19/2014,12-December,6-Friday,14:32,1400 Hours,District 5 (Southeast),INDIANOLA,WARREN,US 65,US 65/N JEFFERSON WAY,Collision with:  Vehicle in traffic,On Roadway,"Angle, oncoming left turn",FTYROW:  Making left turn,None Indicated,None apparent,Daylight,Dry,Clear,None apparent,Non-intersection:  Driveway access (within),Paved,N/A,Property Damage Only,0,0,0,0,0,0,6000,2,2,Both North and South,POINT (-93.558405420875 41.371735763278)
2014834838,W14-123146,12/19/2014,12-December,6-Friday,17:25,1700 Hours,District 2 (Northeast),WATERLOO,BLACK HAWK,,FLAMMANG DR,Collision with:  Vehicle in traffic,On Roadway,Broadside (front to side),FTYROW:  At uncontrolled intersection,None Indicated,None apparent,Dark - roadway lighted,Dry,Cloudy,None apparent,Intersection:  Four-way intersection,Paved,N/A,Possible/Unknown,0,1,0,0,1,0,20000,2,2,N/A,POINT (-92.328133313816 42.459971171618)
2014834713,2014070341,12/20/2014,12-December,7-Saturday,05:40,0500 Hours,District 3 (Northwest),,PALO ALTO,,Co Rd B14/280 ST,Collision with fixed object:  Ditch,On Roadway,Non-collision (single vehicle),Crossed centerline (undivided),None Indicated,Weather conditions,Dark - roadway not lighted,Ice/frost,Cloudy,"Surface condition (e.g., wet, icy)",Non-intersection:  Non-junction/no special feature,Paved,N/A,Property Damage Only,0,0,0,0,0,0,2500,1,1,N/A,POINT (-94.680891299243 43.241552877888)
2014834888,14-41340,12/20/2014,12-December,7-Saturday,11:47,1100 Hours,District 3 (Northwest),SIOUX CITY,WOODBURY,,9TH ST,Collision with:  Parked motor vehicle,On Roadway,Broadside (front to side),Ran off road - left,Alcohol (Statutory),None apparent,Daylight,Dry,Cloudy,None apparent,Non-intersection:  Non-junction/no special feature,Paved,N/A,Property Damage Only,0,0,0,0,0,0,7400,2,2,N/A,POINT (-96.398662889935 42.499663852816)
2014835221,14005958,12/21/2014,12-December,1-Sunday,12:05,1200 Hours,District 1 (Central),AMES,STORY,,5TH ST & E 5TH ST & DUFF AVE,Collision with:  Vehicle in traffic,On Roadway,Broadside (front to side),FTYROW:  From stop sign,None Indicated,None apparent,Daylight,Dry,Cloudy,None apparent,Intersection:  Four-way intersection,Paved,N/A,Property Damage Only,0,0,0,0,0,0,4000,2,2,N/A,POINT (-93.610479354413 42.025952885393)
2014836189,20140037571,12/21/2014,12-December,1-Sunday,00:09,0000 Hours,District 1 (Central),DES MOINES,POLK,,E MARKET ST & SE 4TH ST,Collision with:  Vehicle in traffic,On Roadway,"Sideswipe, same direction",FTYROW:  Other (explain in narrative),None Indicated,None apparent,Dark - roadway lighted,Wet,Clear,None apparent,Non-intersection:  Non-junction/no special feature,Paved,N/A,Property Damage Only,0,0,0,0,0,0,6000,2,2,N/A,POINT (-93.611008187096 41.584764304604)
2014836812,,12/22/2014,12-December,2-Monday,15:53,1500 Hours,District 6 (East Central),MAQUOKETA,JACKSON,IA 64,IA 64/W PLATT ST & S 2ND ST & N 2ND ST,Collision with:  Vehicle in traffic,On Roadway,Rear-end (front to rear),FTYROW:  Other (explain in narrative),None Indicated,Weather conditions,Dusk,N/A,Rain,N/A,N/A,Paved,N/A,Possible/Unknown,0,2,0,0,2,0,3300,3,3,Westbound (WB),POINT (-90.666872825876 42.069232229251)
2014836240,14-264,12/23/2014,12-December,3-Tuesday,23:34,2300 Hours,District 2 (Northeast),WAVERLY,BREMER,,5TH ST NW,Collision with:  Parked motor vehicle,On Roadway,Rear-end (front to rear),Other (explain in narrative):  Other,Alcohol (< Statutory),None apparent,Dark - roadway lighted,Wet,Snow,None apparent,Non-intersection:  Non-junction/no special feature,Paved,N/A,Property Damage Only,0,0,0,0,0,0,5000,2,1,N/A,POINT (-92.47694896925 42.72748668687)
2014836919,14-2036,12/23/2014,12-December,3-Tuesday,09:10,0900 Hours,District 1 (Central),SCRANTON,GREENE,,MADISON ST & MAPLE ST,Collision with:  Vehicle in traffic,On Roadway,Rear-end (front to rear),Improper Backing,None Indicated,None apparent,Daylight,Wet,Cloudy,None apparent,Non-intersection:  Non-junction/no special feature,Paved,N/A,Property Damage Only,0,0,0,0,0,0,6500,2,2,N/A,POINT (-94.549274718484 42.021848048904)
2014836253,1400001140,12/24/2014,12-December,4-Wednesday,15:06,1500 Hours,District 1 (Central),ALBION,MARSHALL,IA 330,IA 330/MAIN ST & MARSHALL ST,Collision with:  Vehicle in traffic,On Roadway,"Angle, oncoming left turn",Other (explain in narrative):  No improper action,None Indicated,None apparent,Daylight,Dry,Cloudy,None apparent,Intersection:  Four-way intersection,Paved,N/A,Property Damage Only,0,0,0,0,0,0,5000,2,2,Both East and West,POINT (-92.990057375855 42.110373193555)
2014835470,2014-14564,12/24/2014,12-December,4-Wednesday,17:24,1700 Hours,District 6 (East Central),,DUBUQUE,US 151,US 151,Collision with:  Animal,N/A,N/A,Animal,None Indicated,N/A,N/A,N/A,N/A,N/A,N/A,Paved,N/A,Property Damage Only,0,0,0,0,0,0,2500,1,1,Northbound (NB),POINT (-90.705383891588 42.418506924829)
2014835493,14-4119,12/26/2014,12-December,6-Friday,04:00,0400 Hours,District 1 (Central),FORT DODGE,WEBSTER,,7TH ST SW,Collision with fixed object:  Bridge pier or support,Roadside,Non-collision (single vehicle),Crossed centerline (undivided),None Indicated,None apparent,Dark - roadway not lighted,Dry,Clear,None apparent,Non-intersection:  Other non-intersection (explain in narrative),Paved,N/A,Property Damage Only,0,0,0,0,0,0,2000,1,2,N/A,POINT (-94.186984506814 42.497778718248)
2014835710,14-005573,12/27/2014,12-December,7-Saturday,14:29,1400 Hours,District 1 (Central),ANKENY,POLK,,SE MAGAZINE RD & SE DELAWARE AVE,Collision with:  Vehicle in traffic,On Roadway,Rear-end (front to rear),Improper Backing,None Indicated,None apparent,Daylight,Dry,Clear,None apparent,Non-intersection:  Non-junction/no special feature,Paved,N/A,Property Damage Only,0,0,0,0,0,0,2000,2,3,N/A,POINT (-93.581150916313 41.717396433749)
2014836788,L14282030,12/27/2014,12-December,7-Saturday,09:30,0900 Hours,District 2 (Northeast),,FRANKLIN,,BALSAM AVE,Collision with fixed object:  Ditch,Shoulder,Non-collision (single vehicle),Driving too fast for conditions,None Indicated,Unknown,Daylight,Ice/frost,Unknown,"Surface condition (e.g., wet, icy)",Non-intersection:  Non-junction/no special feature,Unpaved,N/A,Minor Injury,0,1,0,1,0,0,8000,1,5,N/A,POINT (-93.478585527574 42.68091539402)
2014835995,14-24943,12/28/2014,12-December,1-Sunday,10:11,1000 Hours,District 6 (East Central),BETTENDORF,SCOTT,,NORTH OAK ST,Collision with:  Parked motor vehicle,On Roadway,Head-on (front to front),Other (explain in narrative):  Vision obstructed,None Indicated,Other (explain in narrative),Daylight,Dry,Clear,None apparent,Non-intersection:  Non-junction/no special feature,Paved,N/A,Property Damage Only,0,0,0,0,0,0,2500,2,1,N/A,POINT (-90.503921686563 41.534212779327)
2014842416,2014071547,12/29/2014,12-December,2-Monday,10:28,1000 Hours,District 3 (Northwest),,WOODBURY,US 20,US 20,Collision with fixed object:  Bridge overhead structure,On Roadway,Non-collision (single vehicle),Swerving/Evasive Action,None Indicated,None apparent,Daylight,Wet,Clear,None apparent,Non-intersection:  Other non-intersection (explain in narrative),Paved,N/A,Property Damage Only,0,0,0,0,0,0,10000,1,3,Westbound (WB),POINT (-95.794486764346 42.482316872227)
2014836298,W14-126243,12/30/2014,12-December,3-Tuesday,17:16,1700 Hours,District 2 (Northeast),WATERLOO,BLACK HAWK,US 63,US 63/SERGEANT RD & FLETCHER AVE,Collision with:  Vehicle in traffic,On Roadway,Rear-end (front to rear),FTYROW:  Making left turn,None Indicated,None apparent,Dusk,Dry,Clear,None apparent,Intersection:  Four-way intersection,Paved,N/A,Possible/Unknown,0,2,0,0,2,0,16000,2,2,Southbound (SB),POINT (-92.367170493236 42.489435411799)
2014837478,,12/31/2014,12-December,4-Wednesday,23:05,2300 Hours,District 6 (East Central),DAVENPORT,SCOTT,,GROVE ST & JEBENS AVE,Collision with:  Parked motor vehicle,On Roadway,Rear-end (front to rear),Lost Control,None Indicated,None apparent,Dark - roadway not lighted,Dry,Clear,None apparent,Non-intersection:  Non-junction/no special feature,Paved,N/A,Property Damage Only,0,0,0,0,0,0,4000,2,1,N/A,POINT (-90.615862173837 41.540417145081)
2015836472,15000017,01/01/2015,01-January,5-Thursday,17:13,1700 Hours,District 6 (East Central),,DELAWARE,IA 38,IA 38/IOWA 38,Non-collision events:  Overturn/rollover,On Roadway,Non-collision (single vehicle),Driver Distraction:  Manual operation of an electronic communication device,None Indicated,None apparent,Dark - roadway not lighted,Dry,Clear,None apparent,Non-intersection:  Non-junction/no special feature,Paved,N/A,Property Damage Only,0,0,0,0,0,0,6000,1,1,Southbound (SB),POINT (-91.303006930518 42.419027684109)
2015837333,15-000123,01/02/2015,01-January,6-Friday,05:12,0500 Hours,District 5 (Southeast),PELLA,MARION,,BROOK CIR,Collision with fixed object:  Other fixed object (explain in narrative),Unknown,Non-collision (single vehicle),Unknown,None Indicated,N/A,N/A,N/A,N/A,N/A,N/A,Paved,N/A,Property Damage Only,0,0,0,0,0,0,2552,1,1,N/A,POINT (-92.935632885595 41.394105400571)
2015837348,15000047,01/02/2015,01-January,6-Friday,13:12,1300 Hours,District 6 (East Central),,CEDAR,,Co Rd X40/GARFIELD AVE,Collision with:  Vehicle in traffic,On Roadway,Rear-end (front to rear),Followed too close,None Indicated,None apparent,Daylight,Dry,Clear,None apparent,Non-intersection:  Non-junction/no special feature,Paved,N/A,Property Damage Only,0,0,0,0,0,0,5000,2,3,N/A,POINT (-91.24971244235 41.622916398034)
2015837531,201500041,01/03/2015,01-January,7-Saturday,08:40,0800 Hours,District 6 (East Central),,LINN,,Co Rd E48/MT VERNON RD & OAK DR,Collision with fixed object:  Utility pole/light support,On Roadway,Non-collision (single vehicle),Ran off road - right,None Indicated,Weather conditions,Daylight,Ice/frost,Freezing rain/drizzle,"Surface condition (e.g., wet, icy)",Non-intersection:  Non-junction/no special feature,Paved,N/A,Property Damage Only,0,0,0,0,0,0,2000,1,3,N/A,POINT (-91.580621763103 41.976532890548)
2015837651,15-000236,01/04/2015,01-January,1-Sunday,11:32,1100 Hours,District 2 (Northeast),,FAYETTE,,Co Rd W51/D AVE,Collision with fixed object:  Embankment,On Roadway,Non-collision (single vehicle),Driving too fast for conditions,None Indicated,None apparent,Daylight,Snow,Cloudy,"Surface condition (e.g., wet, icy)",Non-intersection:  Non-junction/no special feature,Paved,N/A,Major Injury,0,2,2,0,0,0,10000,1,2,N/A,POINT (-91.665605738102 42.792688333106)
2015837673,15000176,01/04/2015,01-January,1-Sunday,11:28,1100 Hours,District 2 (Northeast),MASON CITY,CERRO GORDO,US 65,US 65/S FEDERAL AVE & IA 122/5TH ST SE/5TH ST SW,Collision with:  Vehicle in traffic,On Roadway,Broadside (front to side),Ran Traffic Signal,None Indicated,None apparent,Daylight,Ice/frost,Clear,None apparent,Intersection:  Four-way intersection,Paved,N/A,Property Damage Only,0,0,0,0,0,0,9500,2,2,Southbound (SB),POINT (-93.201048860546 43.147164595219)
2015837170,2015000749,01/05/2015,01-January,2-Monday,13:20,1300 Hours,District 4 (Southwest),,POTTAWATTAMIE,I-80,I-80 & US 59,Collision with fixed object:  Ditch,Roadside,Non-collision (single vehicle),Driving too fast for conditions,None Indicated,None apparent,Daylight,Ice/frost,Snow,"Surface condition (e.g., wet, icy)",Non-intersection:  Non-junction/no special feature,Paved,N/A,Property Damage Only,0,0,0,0,0,0,5000,1,1,Eastbound (EB),POINT (-95.336502705632 41.497560758758)
2015837936,SO1500066,01/05/2015,01-January,2-Monday,12:06,1200 Hours,District 5 (Southeast),FAIRFIELD,JEFFERSON,US 34,US 34,Collision with fixed object:  Fence,Roadside,Non-collision (single vehicle),Ran off road - right,None Indicated,None apparent,Daylight,Dry,Cloudy,None apparent,Non-intersection:  Non-junction/no special feature,Paved,N/A,Possible/Unknown,0,1,0,0,1,0,103000,1,1,Westbound (WB),POINT (-91.953639513468 40.984368575614)
2015837791,15-000056,01/05/2015,01-January,2-Monday,15:00,1500 Hours,District 1 (Central),AMES,STORY,US 69,US 69/S DUFF AVE & S 2ND ST & SE 2ND ST,Collision with:  Vehicle in traffic,On Roadway,Broadside (front to side),FTYROW:  From stop sign,None Indicated,Visual obstruction,Daylight,Snow,Snow,"Surface condition (e.g., wet, icy)",Intersection:  Four-way intersection,Paved,N/A,Property Damage Only,0,0,0,0,0,0,2000,2,2,Southbound (SB),POINT (-93.610341289305 42.021621456454)
2015845121,,01/06/2015,01-January,3-Tuesday,12:51,1200 Hours,District 4 (Southwest),DUNLAP,HARRISON,,EATON ST & 8TH ST,Collision with:  Vehicle in traffic,On Roadway,Broadside (front to side),Unknown,None Indicated,Unknown,Daylight,Snow,Clear,None apparent,Non-intersection:  Non-junction/no special feature,Paved,N/A,Property Damage Only,0,0,0,0,0,0,3500,2,2,N/A,POINT (-95.599103711949 41.853454639924)
2015844837,,01/06/2015,01-January,3-Tuesday,06:00,0600 Hours,District 2 (Northeast),RIDGEWAY,WINNESHIEK,,COUNTY ST,Collision with:  Parked motor vehicle,On Roadway,"Sideswipe, same direction",Other (explain in narrative):  Other,None Indicated,Weather conditions,Dark - roadway not lighted,Snow,Blowing snow,None apparent,Non-intersection:  Non-junction/no special feature,Paved,N/A,Property Damage Only,0,0,0,0,0,0,12,2,1,N/A,POINT (-91.989209227354 43.295676360634)
2015837446,1500000010,01/06/2015,01-January,3-Tuesday,08:00,0800 Hours,District 1 (Central),,MARSHALL,US 30,US 30/NE RAMP CURV/NW RAMP CURV & IA 330/MARSHALLTOWN BLVD,Collision with:  Vehicle in traffic,On Roadway,Broadside (front to side),Ran Stop Sign,None Indicated,Weather conditions,Daylight,Snow,Clear,"Surface condition (e.g., wet, icy)",Interchange-related:  Off-ramp,Paved,N/A,Major Injury,0,2,1,1,0,0,10000,2,2,Ramp,POINT (-93.019092877473 42.009156162112)
2015838182,20150000468,01/06/2015,01-January,3-Tuesday,06:03,0600 Hours,District 1 (Central),DES MOINES,POLK,,MC CORMICK ST,Collision with:  Parked motor vehicle,On Roadway,"Sideswipe, same direction",Unknown,None Indicated,Weather conditions,Dark - roadway lighted,Snow,Cloudy,"Surface condition (e.g., wet, icy)",Non-intersection:  Non-junction/no special feature,Paved,N/A,Possible/Unknown,0,1,0,0,0,1,3000,2,1,N/A,POINT (-93.593952598434 41.603534711183)
2015838553,15-000364,01/07/2015,01-January,4-Wednesday,09:49,0900 Hours,District 2 (Northeast),,FLOYD,,INDIGO AVE & 150TH ST,Non-collision events:  Overturn/rollover,Shoulder,Non-collision (single vehicle),Ran off road - right,None Indicated,None apparent,Daylight,Snow,Blowing snow,None apparent,Intersection:  Four-way intersection,Unpaved,N/A,Possible/Unknown,0,1,0,0,1,0,30000,1,1,N/A,POINT (-92.86948130641 43.141035421957)
2015838526,15007,01/07/2015,01-January,4-Wednesday,20:49,2000 Hours,District 5 (Southeast),PELLA,MARION,,UNIVERSITY ST & MAIN ST,Collision with:  Vehicle in traffic,On Roadway,Rear-end (front to rear),Driving too fast for conditions,None Indicated,Weather conditions,Dark - roadway lighted,Snow,Clear,"Surface condition (e.g., wet, icy)",Intersection:  Four-way intersection,Paved,N/A,Property Damage Only,0,0,0,0,0,0,3000,2,2,N/A,POINT (-92.916545868129 41.40016427296)
2015840120,2015-1370,01/07/2015,01-January,4-Wednesday,09:17,0900 Hours,District 6 (East Central),DAVENPORT,SCOTT,I-80,I-80,Collision with fixed object:  Cable barrier,On Roadway,Non-collision (single vehicle),Lost Control,None Indicated,Weather conditions,Daylight,Snow,Snow,"Surface condition (e.g., wet, icy)",Interchange-related:  On-ramp merge area,Paved,N/A,Property Damage Only,0,0,0,0,0,0,2800,1,1,Westbound (WB),POINT (-90.536066367108 41.596113513912)
2015838615,2015-1715,01/08/2015,01-January,5-Thursday,12:46,1200 Hours,District 6 (East Central),DAVENPORT,SCOTT,US 6,US 6/W KIMBERLY RD & N PINE ST,Collision with:  Vehicle in traffic,On Roadway,"Angle, oncoming left turn",FTYROW:  Making left turn,None Indicated,Weather conditions,Daylight,Snow,Snow,"Surface condition (e.g., wet, icy)",Intersection:  Four-way intersection,Paved,N/A,Possible/Unknown,0,2,0,0,2,0,9500,3,4,Both East and West,POINT (-90.61030477016 41.560133866255)
2015838712,2015-000249,01/08/2015,01-January,5-Thursday,14:31,1400 Hours,District 6 (East Central),DUBUQUE,DUBUQUE,,W 17TH ST & MAIN ST & MADISON ST,Collision with:  Vehicle in traffic,On Roadway,Broadside (front to side),Driving too fast for conditions,None Indicated,None apparent,Daylight,Snow,Cloudy,"Surface condition (e.g., wet, icy)",Intersection:  Four-way intersection,Paved,N/A,Property Damage Only,0,0,0,0,0,0,2000,2,3,N/A,POINT (-90.67111561161 42.508228394539)
2015838693,15-000920,01/08/2015,01-January,5-Thursday,15:30,1500 Hours,District 4 (Southwest),COUNCIL BLUFFS,POTTAWATTAMIE,US 6,US 6/W BROADWAY,Collision with:  Vehicle in traffic,On Roadway,Broadside (front to side),FTYROW:  From driveway,None Indicated,None apparent,Daylight,Wet,Cloudy,None apparent,"Non-intersection:  Driveway access (related, not in)",Paved,N/A,Property Damage Only,0,0,0,0,0,0,3000,2,3,Eastbound (EB),POINT (-95.877545784371 41.261872272192)
2015838923,20150000841,01/09/2015,01-January,6-Friday,16:14,1600 Hours,District 1 (Central),DES MOINES,POLK,,LOGAN AVE,Collision with:  Parked motor vehicle,On Roadway,Rear to side,"Operating vehicle in an reckless, erratic, careless, negligent manner",None Indicated,None apparent,Daylight,Snow,Clear,None apparent,Non-intersection:  Non-junction/no special feature,Paved,N/A,Property Damage Only,0,0,0,0,0,0,3600,3,1,N/A,POINT (-93.586170541053 41.592288576948)
2015864393,15000762,01/09/2015,01-January,6-Friday,12:12,1200 Hours,District 1 (Central),MARSHALLTOWN,MARSHALL,,RIVERSIDE ST,Collision with:  Vehicle in traffic,On Roadway,Rear to side,FTYROW:  From driveway,None Indicated,None apparent,Daylight,Snow,Cloudy,None apparent,Non-intersection:  Driveway access (within),Paved,N/A,Property Damage Only,0,0,0,0,0,0,2000,2,2,N/A,POINT (-92.907290920544 42.057747020861)
2015839305,2015000306,01/10/2015,01-January,7-Saturday,22:25,2200 Hours,District 6 (East Central),IOWA CITY,JOHNSON,,CATSKILL CT & MEADOW ST,Collision with:  Vehicle in traffic,On Roadway,"Sideswipe, opposite direction",Lost Control,None Indicated,None apparent,Dark - roadway lighted,Snow,Clear,"Slippery, loose, or worn surface",Non-intersection:  Non-junction/no special feature,Paved,N/A,Property Damage Only,0,0,0,0,0,0,6000,2,2,N/A,POINT (-91.495353184507 41.65231663523)
2015839288,20150000897,01/10/2015,01-January,7-Saturday,08:55,0800 Hours,District 1 (Central),DES MOINES,POLK,,KINGMAN BLVD & 31ST ST,Collision with:  Vehicle in traffic,On Roadway,Broadside (front to side),Ran Traffic Signal,None Indicated,None apparent,Daylight,Dry,Clear,None apparent,Intersection:  Four-way intersection,Paved,N/A,Property Damage Only,0,0,0,0,0,0,6500,2,2,N/A,POINT (-93.659379769796 41.596539743619)
2015839415,15-000348,01/11/2015,01-January,1-Sunday,19:40,1900 Hours,District 3 (Northwest),,PALO ALTO,,Co Rd B55/440 ST,Collision with:  Animal,Unknown,N/A,Animal,None Indicated,N/A,N/A,N/A,N/A,N/A,N/A,Paved,N/A,Property Damage Only,0,0,0,0,0,0,2500,1,1,N/A,POINT (-94.536067633593 43.009558218785)
2015839517,15-1200,01/12/2015,01-January,2-Monday,06:06,0600 Hours,District 3 (Northwest),SIOUX CITY,WOODBURY,,COOK DR & HAMILTON BLVD & W 28TH ST,Collision with:  Vehicle in traffic,On Roadway,Rear-end (front to rear),Lost Control,None Indicated,None apparent,Dark - roadway lighted,Ice/frost,Cloudy,None apparent,Intersection:  Four-way intersection,Paved,N/A,Possible/Unknown,0,1,0,0,1,0,6400,3,3,N/A,POINT (-96.417594232101 42.518801975435)
2015839584,15000673,01/12/2015,01-January,2-Monday,22:30,2200 Hours,District 2 (Northeast),MASON CITY,CERRO GORDO,IA 122,IA 122/5TH ST SE & S CAROLINA AVE,Collision with:  Vehicle in traffic,On Roadway,Rear-end (front to rear),Driving too fast for conditions,None Indicated,None apparent,Dark - roadway lighted,Ice/frost,Clear,"Surface condition (e.g., wet, icy)",Intersection:  Four-way intersection,Paved,N/A,Property Damage Only,0,0,0,0,0,0,2900,2,3,Eastbound (EB),POINT (-93.191038146703 43.147136722867)
2015839732,201500614,01/13/2015,01-January,3-Tuesday,07:53,0700 Hours,District 6 (East Central),CEDAR RAPIDS,LINN,I-380,I-380,Collision with:  Vehicle in traffic,On Roadway,Rear-end (front to rear),Driver Distraction:  Other interior distraction,None Indicated,None apparent,Daylight,Dry,Clear,"Traffic backup, prior crash",Non-intersection:  Non-junction/no special feature,Paved,N/A,Property Damage Only,0,0,0,0,0,0,17000,4,5,Northbound (NB),POINT (-91.670227249742 41.875571105129)
2015839004,,01/14/2015,01-January,4-Wednesday,18:15,1800 Hours,District 5 (Southeast),,MARION,,Co Rd T14/HWY T14,Collision with:  Animal,On Roadway,Non-collision (single vehicle),Animal,None Indicated,N/A,Dark - roadway not lighted,Dry,Clear,N/A,Non-intersection:  Non-junction/no special feature,Paved,N/A,Property Damage Only,0,0,0,0,0,0,2719,1,2,N/A,POINT (-92.920960782009 41.458914722018)
2015840174,15-923,01/15/2015,01-January,5-Thursday,11:44,1100 Hours,District 6 (East Central),BETTENDORF,SCOTT,,TANGLEFOOT LN & 18TH ST,Collision with:  Vehicle in traffic,On Roadway,"Angle, oncoming left turn",FTYROW:  Making left turn,None Indicated,None apparent,Daylight,Dry,Clear,None apparent,Intersection:  Four-way intersection,Paved,N/A,Property Damage Only,0,0,0,0,0,0,3000,2,2,N/A,POINT (-90.498650992875 41.560549787523)
2015840193,C15003888,01/15/2015,01-January,5-Thursday,08:08,0800 Hours,District 2 (Northeast),CEDAR FALLS,BLACK HAWK,,SEERLEY BLVD & WALNUT ST,Collision with:  Vehicle in traffic,On Roadway,Broadside (front to side),Ran Stop Sign,None Indicated,None apparent,Daylight,Snow,Clear,None apparent,Intersection:  Four-way intersection,Paved,N/A,Property Damage Only,0,0,0,0,0,0,5000,2,2,N/A,POINT (-92.453396379616 42.515878941285)