Iowa DOT Case Number,Law Enforcement Case Number,Date of Crash,Month of Crash,Day of Week,Time of Crash,Hour,DOT District,City Name,County Name,Route with System,Location Description,First Harmful Event,Location of First Harmful Event,Manner of Crash/Collision,Major Cause,Drug or Alcohol ,Environmental Conditions,Light Conditions,Surface Conditions,Weather Conditions,Roadway Contribution,Roadway Type,Roadway Surface,Work Zone,Crash Severity,Number of Fatalities,Number of Injuries,Number of Major Injuries,Number of Minor Injuries,Number of Possible Injuries,Number of Unknown Injuries,Amount of Property Damage,Number of Vehicles Involved,Total Number of Occupants,Travel Direction,Location
2015840343,C15000171,01/16/2015,01-January,6-Friday,08:25,0800 Hours,District 6 (East Central),CORALVILLE,JOHNSON,US 6,US 6/2ND ST & CAMP CARDINAL BLVD & 22ND AVE,Collision with:  Vehicle in traffic,On Roadway,Rear-end (front to rear),Followed too close,None Indicated,None apparent,Daylight,Dry,Clear,None apparent,Intersection:  Four-way intersection,Paved,N/A,Possible/Unknown,0,1,0,0,1,0,12500,2,2,Westbound (WB),POINT (-91.595795484416 41.681698268821)
2015840555,2015003425,01/16/2015,01-January,6-Friday,16:23,1600 Hours,District 1 (Central),DES MOINES,POLK,I-35,I-35,Collision with:  Vehicle in traffic,On Roadway,Rear-end (front to rear),Driving too fast for conditions,Alcohol (< Statutory),None apparent,Daylight,Dry,Clear,None apparent,Non-intersection:  Non-junction/no special feature,Paved,N/A,Property Damage Only,0,0,0,0,0,0,12500,4,4,No Travel Direction Consistent with Route,POINT (-93.67088646232 41.650921611266)
2015840642,20150001553,01/17/2015,01-January,7-Saturday,01:50,0100 Hours,District 1 (Central),DES MOINES,POLK,,LEACH AVE & SW 9TH ST,Collision with:  Vehicle in traffic,On Roadway,Broadside (front to side),Ran Stop Sign,Alcohol (Statutory),None apparent,Dark - roadway lighted,Wet,Cloudy,None apparent,Intersection:  Four-way intersection,Paved,N/A,Property Damage Only,0,0,0,0,0,0,3000,2,4,N/A,POINT (-93.625729619869 41.546350117933)
2015840761,20150001682,01/18/2015,01-January,1-Sunday,20:52,2000 Hours,District 1 (Central),DES MOINES,POLK,,PARK AVE & FLEUR DR,Collision with fixed object:  Curb/island/raised median,On Roadway,Non-collision (single vehicle),Other (explain in narrative):  Other,Alcohol (Statutory),None apparent,Dark - roadway lighted,Dry,Clear,None apparent,Non-intersection:  Non-junction/no special feature,Paved,N/A,Property Damage Only,0,0,0,0,0,0,5000,1,1,N/A,POINT (-93.64495559402 41.555422334523)
2015840977,15000562,01/19/2015,01-January,2-Monday,08:09,0800 Hours,District 3 (Northwest),EMMETSBURG,PALO ALTO,,7TH ST & LAWLER ST,Collision with fixed object:  Other fixed object (explain in narrative),On Roadway,Non-collision (single vehicle),Ran off road - left,None Indicated,Weather conditions,Daylight,Ice/frost,Freezing rain/drizzle,"Surface condition (e.g., wet, icy)",Non-intersection:  Non-junction/no special feature,Paved,N/A,Property Damage Only,0,0,0,0,0,0,1800,1,1,N/A,POINT (-94.682736721514 43.113814114494)
2015841231,PD1500528,01/20/2015,01-January,3-Tuesday,14:15,1400 Hours,District 5 (Southeast),FAIRFIELD,JEFFERSON,IA 1,IA 1/S MAIN ST/IOWA 1 & LIBERTYVILLE RD & S JUNCTION RD,Collision with:  Vehicle in traffic,On Roadway,Broadside (front to side),FTYROW:  From stop sign,None Indicated,None apparent,Daylight,Dry,Clear,None apparent,Intersection:  T-intersection,Paved,N/A,Minor Injury,0,1,0,1,0,0,15500,2,3,Southbound (SB),POINT (-91.963110688439 40.988354646314)
2015841031,15-0355,01/20/2015,01-January,3-Tuesday,17:30,1700 Hours,District 1 (Central),WEST DES MOINES,POLK,,60TH ST & WESTOWN PKWY,Collision with:  Vehicle in traffic,On Roadway,Rear-end (front to rear),Driver Distraction:  Reaching for object(s)/fallen object(s),None Indicated,None apparent,Dark - roadway lighted,Dry,Clear,None apparent,Intersection:  Four-way intersection,Paved,N/A,Property Damage Only,0,0,0,0,0,0,5500,2,4,N/A,POINT (-93.790658110281 41.595234468728)
2015845911,2015-4658,01/21/2015,01-January,4-Wednesday,15:29,1500 Hours,District 6 (East Central),DAVENPORT,SCOTT,US 6,US 6/E KIMBERLY RD & DAVENPORT AVE,Collision with:  Vehicle in traffic,On Roadway,Rear-end (front to rear),Followed too close,None Indicated,None apparent,Daylight,Wet,Cloudy,None apparent,Intersection:  Four-way intersection,Paved,N/A,Possible/Unknown,0,2,0,0,1,1,1550,2,2,Eastbound (EB),POINT (-90.563555247341 41.558746945737)
2015841278,2015004147,01/21/2015,01-January,4-Wednesday,13:50,1300 Hours,District 6 (East Central),,SCOTT,I-80,I-80,Collision with fixed object:  Other post/pole/support (explain in narrative),Roadside,Non-collision (single vehicle),Ran off road - right,None Indicated,None apparent,Daylight,Wet,Cloudy,None apparent,Non-intersection:  Non-junction/no special feature,Paved,N/A,Property Damage Only,0,0,0,0,0,0,2600,1,1,Eastbound (EB),POINT (-90.863113699323 41.632994831514)
2015841557,150627,01/22/2015,01-January,5-Thursday,17:51,1700 Hours,District 4 (Southwest),WAUKEE,DALLAS,,UTE AVE,Collision with fixed object:  Ditch,On Roadway,Non-collision (single vehicle),"Driver Distraction:  Adjusting devices (radio, climate)",None Indicated,None apparent,Dark - roadway not lighted,Dry,Clear,None apparent,Non-intersection:  Non-junction/no special feature,Paved,N/A,Minor Injury,0,1,0,1,0,0,7000,1,1,N/A,POINT (-93.885118826325 41.587763607295)
2015841696,15-143,01/23/2015,01-January,6-Friday,17:54,1700 Hours,District 1 (Central),POLK CITY,POLK,,NW 44TH ST,Collision with:  Animal,Unknown,N/A,Animal,None Indicated,N/A,N/A,N/A,N/A,N/A,N/A,Paved,N/A,Property Damage Only,0,0,0,0,0,0,1600,1,1,N/A,POINT (-93.677422787516 41.760012785886)
2015841775,A15240928,01/24/2015,01-January,7-Saturday,09:28,0900 Hours,District 1 (Central),,HARDIN,US 65,US 65,Collision with fixed object:  Guardrail - end,On Roadway,Non-collision (single vehicle),Lost Control,None Indicated,None apparent,Daylight,Ice/frost,Clear,"Surface condition (e.g., wet, icy)",Non-intersection:  Non-junction/no special feature,Paved,N/A,Possible/Unknown,0,1,0,0,1,0,5000,1,1,No Travel Direction Consistent with Route,POINT (-93.244800644356 42.557149991553)
2015854775,,01/25/2015,01-January,1-Sunday,09:05,0900 Hours,District 5 (Southeast),,WASHINGTON,US 218,US 218 & Co Rd G36/220TH ST,Collision with fixed object:  Guardrail - face,Unknown,Unknown,Unknown,None Indicated,Unknown,Unknown,Unknown,Unknown,Unknown,Unknown,Paved,N/A,Property Damage Only,0,0,0,0,0,0,2300,1,1,Unknown - Not Indicated - Unlocated,POINT (-91.552145783605 41.337058915616)
2015841953,150715,01/25/2015,01-January,1-Sunday,12:29,1200 Hours,District 4 (Southwest),DEXTER,DALLAS,,STATE ST & MARSHALL ST,Collision with:  Vehicle in traffic,On Roadway,Broadside (front to side),FTYROW:  From stop sign,None Indicated,None apparent,Daylight,Wet,Cloudy,None apparent,Intersection:  Four-way intersection,Paved,N/A,Property Damage Only,0,0,0,0,0,0,8000,2,5,N/A,POINT (-94.228111428343 41.518102612005)
2015846015,2015004849,01/26/2015,01-January,2-Monday,06:30,0600 Hours,District 6 (East Central),,CEDAR,I-80,I-80,Collision with:  Vehicle in traffic,On Roadway,Rear-end (front to rear),Ran off road - left,None Indicated,None apparent,Dark - roadway not lighted,Dry,Clear,None apparent,Non-intersection:  Non-junction/no special feature,Paved,N/A,Minor Injury,0,1,0,1,0,0,17000,2,2,Eastbound (EB),POINT (-90.910591871069 41.633417668574)
2015842091,15-2856,01/27/2015,01-January,3-Tuesday,08:41,0800 Hours,District 3 (Northwest),SIOUX CITY,WOODBURY,,GLENN AVE & S ST AUBIN ST,Collision with:  Vehicle in traffic,On Roadway,Broadside (front to side),Ran Stop Sign,None Indicated,Glare,Daylight,Dry,Clear,None apparent,Intersection:  Four-way intersection,Paved,N/A,Property Damage Only,0,0,0,0,0,0,6500,2,2,N/A,POINT (-96.356025523368 42.465353866288)
2015842245,15001455,01/27/2015,01-January,3-Tuesday,09:22,0900 Hours,District 2 (Northeast),MASON CITY,CERRO GORDO,US 65,US 65/S DELAWARE AVE/N DELAWARE AVE & E STATE ST,Collision with:  Vehicle in traffic,On Roadway,"Sideswipe, same direction",Made improper turn,None Indicated,None apparent,Daylight,Dry,Cloudy,None apparent,Non-intersection:  Non-junction/no special feature,Paved,N/A,Property Damage Only,0,0,0,0,0,0,4500,2,2,Northbound (NB),POINT (-93.19941606308 43.151822960472)
2015842242,15-1827,01/28/2015,01-January,4-Wednesday,21:42,2100 Hours,District 6 (East Central),,SCOTT,,VALLEY DR,Collision with fixed object:  Tree,Roadside,Non-collision (single vehicle),Driver Distraction:  Unrestrained animal,None Indicated,None apparent,Dark - roadway not lighted,Dry,Clear,None apparent,Non-intersection:  Non-junction/no special feature,Paved,N/A,Property Damage Only,0,0,0,0,0,0,8000,1,1,N/A,POINT (-90.403615290011 41.580155818942)
2015843490,2015-02185,01/29/2015,01-January,5-Thursday,09:55,0900 Hours,District 5 (Southeast),INDIANOLA,WARREN,,S G ST,Collision with:  Vehicle in traffic,On Roadway,Rear to rear,Improper Backing,None Indicated,None apparent,Daylight,Dry,Cloudy,None apparent,Non-intersection:  Non-junction/no special feature,Paved,N/A,Property Damage Only,0,0,0,0,0,0,5500,2,1,N/A,POINT (-93.572721231823 41.354280715178)
2015842712,1500000091,01/30/2015,01-January,6-Friday,05:05,0500 Hours,District 1 (Central),,MARSHALL,IA 14,IA 14/REED AVE,Collision with:  Animal,Unknown,N/A,Animal,None Indicated,N/A,N/A,N/A,N/A,N/A,N/A,Paved,N/A,Property Damage Only,0,0,0,0,0,0,10000,1,1,Northbound (NB),POINT (-92.916821986667 41.9777933852)
2015843822,,01/31/2015,01-January,7-Saturday,13:38,1300 Hours,District 4 (Southwest),,AUDUBON,,Co Rd F58/LITTLEFIELD DR,Collision with:  Vehicle in traffic,On Roadway,"Sideswipe, opposite direction",Lost Control,None Indicated,Weather conditions,Daylight,Slush,Snow,"Surface condition (e.g., wet, icy)",Non-intersection:  Non-junction/no special feature,Paved,N/A,Property Damage Only,0,0,0,0,0,0,8500,2,3,N/A,POINT (-94.758125274499 41.534466903458)
2015846802,K15-002992,01/31/2015,01-January,7-Saturday,23:02,2300 Hours,District 5 (Southeast),KEOKUK,LEE,,CARBIDE LN,Collision with fixed object:  Curb/island/raised median,On Roadway,Non-collision (single vehicle),Driving too fast for conditions,None Indicated,Weather conditions,Dark - roadway not lighted,Snow,Snow,"Surface condition (e.g., wet, icy)",Non-intersection:  Non-junction/no special feature,Paved,N/A,Possible/Unknown,0,1,0,0,1,0,1500,1,2,N/A,POINT (-91.420056753798 40.421673669465)
2015842853,S79150027,01/31/2015,01-January,7-Saturday,21:34,2100 Hours,District 1 (Central),,POWESHIEK,I-80,I-80,Collision with fixed object:  Cable barrier,Median,Non-collision (single vehicle),Ran off road - left,None Indicated,Weather conditions,Dark - roadway not lighted,Snow,Snow,"Surface condition (e.g., wet, icy)",Non-intersection:  Non-junction/no special feature,Paved,N/A,Property Damage Only,0,0,0,0,0,0,18000,1,1,Eastbound (EB),POINT (-92.542628020649 41.696437807455)
2015849450,2015006265,02/01/2015,02-February,1-Sunday,14:00,1400 Hours,District 1 (Central),,POLK,I-35,I-35,Collision with fixed object:  Cable barrier,On Roadway,Non-collision (single vehicle),Driving too fast for conditions,None Indicated,Weather conditions,Daylight,Snow,Snow,"Surface condition (e.g., wet, icy)",Non-intersection:  Non-junction/no special feature,Paved,N/A,Property Damage Only,0,0,0,0,0,0,5000,1,1,Southbound (SB),POINT (-93.570585055842 41.812572165745)
2015842710,2015001060,02/01/2015,02-February,1-Sunday,01:29,0100 Hours,District 6 (East Central),IOWA CITY,JOHNSON,,FOSTER RD,Collision with:  Vehicle in traffic,On Roadway,Rear-end (front to rear),Driving too fast for conditions,None Indicated,Weather conditions,Dark - roadway lighted,Snow,Snow,None apparent,Intersection:  Five points or more,Paved,N/A,Property Damage Only,0,0,0,0,0,0,2500,2,3,N/A,POINT (-91.535390184818 41.680989261577)
2015842971,15-002493,02/02/2015,02-February,2-Monday,19:57,1900 Hours,District 5 (Southeast),,MARION,,Co Rd G62/80TH AVE/RUTLEDGE ST,Collision with fixed object:  Utility pole/light support,Outside trafficway,Non-collision (single vehicle),Ran off road - straight,None Indicated,None apparent,Dark - roadway not lighted,Ice/frost,Cloudy,"Surface condition (e.g., wet, icy)",Intersection:  T-intersection,Unpaved,N/A,Property Damage Only,0,0,0,0,0,0,5000,1,1,N/A,POINT (-93.19453693777 41.23343202263)
2015843094,SA1500895,02/02/2015,02-February,2-Monday,09:33,0900 Hours,District 5 (Southeast),,WASHINGTON,US 218,US 218,Collision with:  Vehicle in traffic,On Roadway,"Sideswipe, same direction",Driving too fast for conditions,None Indicated,None apparent,Daylight,Ice/frost,Clear,"Surface condition (e.g., wet, icy)",Non-intersection:  Non-junction/no special feature,Paved,N/A,Property Damage Only,0,0,0,0,0,0,2000,2,5,Northbound (NB),POINT (-91.551834485222 41.328452984948)
2015843345,2015006548,02/02/2015,02-February,2-Monday,07:35,0700 Hours,District 4 (Southwest),COUNCIL BLUFFS,POTTAWATTAMIE,I-29,I-29,Non-collision events:  Overturn/rollover,Roadside,Non-collision (single vehicle),Driving too fast for conditions,None Indicated,None apparent,Dawn,Ice/frost,Clear,"Surface condition (e.g., wet, icy)",Non-intersection:  Non-junction/no special feature,Paved,N/A,Property Damage Only,0,0,0,0,0,0,7000,1,1,Southbound (SB),POINT (-95.823484041638 41.196933557537)
2015844151,W15-009750,02/03/2015,02-February,3-Tuesday,18:00,1800 Hours,District 2 (Northeast),WATERLOO,BLACK HAWK,,W 5TH ST & JEFFERSON ST,Collision with:  Vehicle in traffic,On Roadway,Other (explain in narrative),Improper Backing,None Indicated,None apparent,Dark - roadway lighted,Snow,Cloudy,None apparent,Intersection:  Four-way intersection,Paved,N/A,Property Damage Only,0,0,0,0,0,0,4800,2,2,N/A,POINT (-92.339638546825 42.493584873634)
2015843495,C15000418,02/03/2015,02-February,3-Tuesday,08:15,0800 Hours,District 6 (East Central),CORALVILLE,JOHNSON,,CROSSPARK RD,Collision with:  Vehicle in traffic,On Roadway,Broadside (front to side),Other (explain in narrative):  Other,None Indicated,None apparent,Daylight,Snow,Cloudy,"Slippery, loose, or worn surface",Non-intersection:  Other non-intersection (explain in narrative),Paved,N/A,Property Damage Only,0,0,0,0,0,0,2500,2,3,N/A,POINT (-91.605164486444 41.709058051597)
2015843731,201501684,02/03/2015,02-February,3-Tuesday,12:25,1200 Hours,District 6 (East Central),CEDAR RAPIDS,LINN,IA 100,IA 100/COLLINS RD NE/COLLINS RD SE & IA 922/1ST AVE E,Collision with:  Vehicle in traffic,On Roadway,"Sideswipe, same direction",Driving too fast for conditions,None Indicated,None apparent,Daylight,Slush,Cloudy,"Surface condition (e.g., wet, icy)",Intersection:  Four-way intersection,Paved,N/A,Property Damage Only,0,0,0,0,0,0,11500,4,4,Eastbound (EB),POINT (-91.621333025751 42.025771672831)
2015843734,201501722,02/04/2015,02-February,4-Wednesday,07:50,0700 Hours,District 6 (East Central),CEDAR RAPIDS,LINN,I-380,I-380 & DIAGONAL DR SW,Collision with:  Vehicle in traffic,On Roadway,"Sideswipe, same direction",Lost Control,None Indicated,Weather conditions,Daylight,Snow,Snow,None apparent,Non-intersection:  Non-junction/no special feature,Paved,N/A,Property Damage Only,0,0,0,0,0,0,3500,2,2,Southbound (SB),POINT (-91.673648601833 41.971106860796)
2015843620,15-775,02/04/2015,02-February,4-Wednesday,22:34,2200 Hours,District 1 (Central),ALTOONA,POLK,US 6,US 6/HUBBELL AVE,Collision with:  Vehicle in traffic,On Roadway,Rear-end (front to rear),Other (explain in narrative):  Other,Alcohol (Statutory),None apparent,Dark - roadway lighted,Dry,Clear,None apparent,Intersection:  Four-way intersection,Paved,N/A,Possible/Unknown,0,1,0,0,1,0,3500,2,2,No Travel Direction Consistent with Route,POINT (-93.513794944178 41.646552036778)
2015844154,W15-009989,02/04/2015,02-February,4-Wednesday,15:00,1500 Hours,District 2 (Northeast),WATERLOO,BLACK HAWK,,LAFAYETTE ST,Other (explain in narrative),Outside trafficway,Rear to side,Other (explain in narrative):  Other,None Indicated,None apparent,Daylight,Snow,Clear,None apparent,Non-intersection:  Driveway access (within),Paved,N/A,Property Damage Only,0,0,0,0,0,0,2500,2,3,N/A,POINT (-92.323324436402 42.493147488938)
2015843819,2015001241,02/05/2015,02-February,5-Thursday,17:54,1700 Hours,District 6 (East Central),IOWA CITY,JOHNSON,,IOWA AVE & S GILBERT ST & N GILBERT ST,Collision with:  Vehicle in traffic,On Roadway,Rear-end (front to rear),Driving too fast for conditions,None Indicated,None apparent,Dark - roadway lighted,Ice/frost,Cloudy,"Surface condition (e.g., wet, icy)",Intersection:  Four-way intersection,Paved,N/A,Property Damage Only,0,0,0,0,0,0,4000,2,4,N/A,POINT (-91.530144711219 41.661242346665)
2015843876,20150003447,02/05/2015,02-February,5-Thursday,11:06,1100 Hours,District 1 (Central),DES MOINES,POLK,US 6,US 6/E EUCLID AVE & E 26TH ST,Collision with:  Vehicle in traffic,On Roadway,Rear-end (front to rear),Unknown,None Indicated,None apparent,Daylight,Wet,Clear,None apparent,Non-intersection:  Non-junction/no special feature,Paved,N/A,Possible/Unknown,0,1,0,0,1,0,1500,2,3,Eastbound (EB),POINT (-93.567931864672 41.627733490113)
2015844068,20150003565,02/06/2015,02-February,6-Friday,11:47,1100 Hours,District 1 (Central),DES MOINES,POLK,US 69,US 69/E 15TH ST & CAPITOL AVE,Collision with:  Vehicle in traffic,On Roadway,Rear-end (front to rear),Other (explain in narrative):  Other,None Indicated,None apparent,Daylight,Wet,Clear,None apparent,Intersection:  Four-way intersection,Paved,N/A,Property Damage Only,0,0,0,0,0,0,10500,3,3,Northbound (NB),POINT (-93.594911718614 41.592982272396)
2015844318,201501861,02/06/2015,02-February,6-Friday,22:10,2200 Hours,District 6 (East Central),CEDAR RAPIDS,LINN,,8TH AVE SE & 8TH ST SE,Collision with:  Vehicle in traffic,On Roadway,Broadside (front to side),Ran Traffic Signal,None Indicated,None apparent,Dark - roadway lighted,Slush,Cloudy,"Surface condition (e.g., wet, icy)",Intersection:  Four-way intersection,Paved,N/A,Possible/Unknown,0,2,0,0,2,0,2700,2,6,N/A,POINT (-91.656008222991 41.97663877587)
2015844541,S15-000526,02/07/2015,02-February,7-Saturday,02:05,0200 Hours,District 4 (Southwest),NEOLA,POTTAWATTAMIE,,AVON ST & 2ND ST,Collision with:  Vehicle in traffic,On Roadway,"Sideswipe, opposite direction",Lost Control,Alcohol (Statutory),None apparent,Dark - roadway lighted,Ice/frost,Clear,"Surface condition (e.g., wet, icy)",Non-intersection:  Non-junction/no special feature,Paved,N/A,Property Damage Only,0,0,0,0,0,0,16000,2,1,N/A,POINT (-95.615934224684 41.451336945192)
2015844283,15-848,02/08/2015,02-February,1-Sunday,02:18,0200 Hours,District 1 (Central),,POLK,I-35,I-35,Collision with fixed object:  Impact attenuator/crash cushion,Shoulder,Non-collision (single vehicle),Ran off road - right,None Indicated,None apparent,Dark - roadway lighted,Wet,Cloudy,None apparent,"Interchange-related:  Off-ramp, diverge area",Paved,N/A,Minor Injury,0,1,0,1,0,0,6000,1,1,Ramp,POINT (-93.594957289475 41.650177788444)
2015845927,2015-9201,02/09/2015,02-February,2-Monday,18:28,1800 Hours,District 6 (East Central),DAVENPORT,SCOTT,,IA 461/BRADY ST & E 35TH ST,Collision with:  Vehicle in traffic,On Roadway,"Sideswipe, same direction",FTYROW:  Making left turn,None Indicated,None apparent,Daylight,Dry,Clear,None apparent,Intersection:  Four-way intersection,Paved,N/A,Property Damage Only,0,0,0,0,0,0,3000,2,5,No Travel Direction Consistent with Route,POINT (-90.568969966055 41.554727689059)
2015848372,15-002441,02/10/2015,02-February,3-Tuesday,22:13,2200 Hours,District 2 (Northeast),,FLOYD,US 18,US 18,Collision with fixed object:  Mailbox,Shoulder,Non-collision (single vehicle),Ran off road - right,None Indicated,Weather conditions,Dark - roadway not lighted,Snow,Snow,"Surface condition (e.g., wet, icy)",Non-intersection:  Non-junction/no special feature,Paved,N/A,Property Damage Only,0,0,0,0,0,0,3900,1,1,Eastbound (EB),POINT (-92.836921257521 43.126405748131)
2015845016,PD15-00453,02/10/2015,02-February,3-Tuesday,15:35,1500 Hours,District 1 (Central),MARSHALLTOWN,MARSHALL,,HARRISON DR,Collision with:  Vehicle in traffic,On Roadway,Rear-end (front to rear),Improper Backing,None Indicated,None apparent,Daylight,Dry,Clear,None apparent,"Non-intersection:  Driveway access (related, not in)",Paved,N/A,Property Damage Only,0,0,0,0,0,0,3700,2,2,N/A,POINT (-92.93460581541 42.044688271016)
2015845311,15-4643,02/11/2015,02-February,4-Wednesday,22:32,2200 Hours,District 3 (Northwest),SIOUX CITY,WOODBURY,,W 1ST ST & S CASSELMAN ST,Collision with:  Parked motor vehicle,On Roadway,Rear-end (front to rear),Lost Control,None Indicated,None apparent,Dark - roadway lighted,Dry,Cloudy,None apparent,Intersection:  T-intersection,Paved,N/A,Property Damage Only,0,0,0,0,0,0,2400,2,1,N/A,POINT (-96.442695456448 42.497132469351)
2015845940,2015-9837,02/12/2015,02-February,5-Thursday,13:52,1300 Hours,District 6 (East Central),DAVENPORT,SCOTT,,E LOCUST ST & EASTERN AVE,Collision with:  Vehicle in traffic,On Roadway,Rear-end (front to rear),Lost Control,None Indicated,None apparent,Daylight,Dry,Clear,None apparent,Intersection:  Four-way intersection,Paved,N/A,Possible/Unknown,0,1,0,0,1,0,6000,2,2,N/A,POINT (-90.551518679392 41.53836187414)
2015845878,2015-10067,02/13/2015,02-February,6-Friday,12:09,1200 Hours,District 6 (East Central),DAVENPORT,SCOTT,,E 32ND ST,Collision with:  Parked motor vehicle,On Roadway,Broadside (front to side),Lost Control,None Indicated,None apparent,Daylight,Dry,Cloudy,None apparent,Non-intersection:  Driveway access (within),Paved,N/A,Property Damage Only,0,0,0,0,0,0,3000,2,1,N/A,POINT (-90.568708066748 41.552758757142)
2015845602,20150004318,02/14/2015,02-February,7-Saturday,12:20,1200 Hours,District 1 (Central),DES MOINES,POLK,,MADISON AVE & LOWER BEAVER RD,Collision with:  Vehicle in traffic,On Roadway,Rear-end (front to rear),Followed too close,None Indicated,None apparent,Daylight,Dry,Clear,None apparent,Intersection:  Four-way intersection,Paved,N/A,Property Damage Only,0,0,0,0,0,0,4000,2,5,N/A,POINT (-93.664339037518 41.633152487476)
2015845775,15-946,02/15/2015,02-February,1-Sunday,12:32,1200 Hours,District 3 (Northwest),IDA GROVE,IDA,,4TH ST & TAYLOR ST,Collision with:  Vehicle in traffic,Other (explain in narrative),Broadside (front to side),FTYROW:  From driveway,None Indicated,Visual obstruction,Daylight,Dry,Cloudy,None apparent,"Non-intersection:  Driveway access (related, not in)",Paved,N/A,Property Damage Only,0,0,0,0,0,0,4000,2,2,N/A,POINT (-95.472616788436 42.342635275738)
2015846000,SO15-0248,02/16/2015,02-February,2-Monday,04:58,0400 Hours,District 2 (Northeast),,WRIGHT,US 69,US 69,Collision with:  Vehicle in traffic,On Roadway,"Sideswipe, same direction",Driver Distraction:  Exterior distraction,None Indicated,Animal in roadway,Dark - roadway not lighted,Dry,Clear,None apparent,Non-intersection:  Non-junction/no special feature,Paved,N/A,Property Damage Only,0,0,0,0,0,0,16000,2,1,Southbound (SB),POINT (-93.617113654186 42.87479651589)
2015846126,2015-001425,02/17/2015,02-February,3-Tuesday,16:20,1600 Hours,District 6 (East Central),DUBUQUE,DUBUQUE,US 52,US 52/CENTRAL AVE,Collision with:  Vehicle in traffic,On Roadway,Rear-end (front to rear),Followed too close,None Indicated,None apparent,Daylight,Dry,Cloudy,None apparent,Non-intersection:  Non-junction/no special feature,Paved,N/A,Property Damage Only,0,0,0,0,0,0,4000,2,3,Southbound (SB),POINT (-90.67642786453 42.520556340732)
2015846275,2015-001452,02/18/2015,02-February,4-Wednesday,10:45,1000 Hours,District 6 (East Central),DUBUQUE,DUBUQUE,,LORAS BLVD & IOWA ST,Collision with:  Vehicle in traffic,On Roadway,"Sideswipe, same direction",Made improper turn,None Indicated,None apparent,Daylight,Dry,Clear,None apparent,Intersection:  Four-way intersection,Paved,N/A,Property Damage Only,0,0,0,0,0,0,1500,2,2,N/A,POINT (-90.668737177087 42.50607279278)
2015846407,AP15-0057,02/19/2015,02-February,5-Thursday,07:00,0700 Hours,District 6 (East Central),ANAMOSA,JONES,,PRATT ST,Miscellaneous events:  Vehicle out of gear/rolled,On Roadway,Rear to side,Other (explain in narrative):  Other,None Indicated,None apparent,Daylight,Dry,Cloudy,None apparent,Non-intersection:  Non-junction/no special feature,Paved,N/A,Property Damage Only,0,0,0,0,0,0,4500,2,0,N/A,POINT (-91.278287639917 42.112450925989)
2015846730,2015-001531,02/20/2015,02-February,6-Friday,15:01,1500 Hours,District 6 (East Central),DUBUQUE,DUBUQUE,US 61,US 61,Collision with:  Vehicle in traffic,On Roadway,Rear-end (front to rear),Lost Control,None Indicated,None apparent,Daylight,Dry,Clear,None apparent,Non-intersection:  Non-junction/no special feature,Paved,N/A,Property Damage Only,0,0,0,0,0,0,2000,2,3,Southbound (SB),POINT (-90.674805490082 42.456946448105)
2015846649,15015017,02/21/2015,02-February,7-Saturday,17:14,1700 Hours,District 2 (Northeast),CEDAR FALLS,BLACK HAWK,,23RD ST & UNIVERSITY OF NORTHERN IA,Collision with:  Vehicle in traffic,On Roadway,Rear-end (front to rear),Driver Distraction:  Exterior distraction,None Indicated,None apparent,Dark - roadway lighted,Dry,Clear,None apparent,Non-intersection:  Non-junction/no special feature,Paved,N/A,Property Damage Only,0,0,0,0,0,0,4500,2,4,N/A,POINT (-92.462409319334 42.516768122312)
2015846640,20150005038,02/22/2015,02-February,1-Sunday,14:53,1400 Hours,District 1 (Central),DES MOINES,POLK,IA 163,IA 163/E UNIVERSITY AVE & HUBBELL AVE,Collision with:  Vehicle in traffic,On Roadway,Rear-end (front to rear),Followed too close,None Indicated,None apparent,Daylight,Dry,Clear,None apparent,Intersection:  Four-way intersection,Paved,N/A,Property Damage Only,0,0,0,0,0,0,3043,2,3,Westbound (WB),POINT (-93.578528970234 41.600505863984)
2015850859,,02/23/2015,02-February,2-Monday,15:03,1500 Hours,District 2 (Northeast),CLEAR LAKE,CERRO GORDO,,Co Rd B35/INDIGO AVE/240TH ST,Collision with fixed object:  Ditch,Roadside,Non-collision (single vehicle),Ran Stop Sign,None Indicated,None apparent,Daylight,Dry,Clear,None apparent,Intersection:  T-intersection,Paved,N/A,Fatal,1,0,0,0,0,0,6000,1,1,N/A,POINT (-93.339625223971 43.111934287352)
2015848168,15015910,02/24/2015,02-February,3-Tuesday,20:07,2000 Hours,District 2 (Northeast),CEDAR FALLS,BLACK HAWK,,UNIVERSITY AVE,Collision with:  Vehicle in traffic,On Roadway,"Sideswipe, same direction",FTYROW:  From driveway,None Indicated,None apparent,Dark - roadway lighted,Dry,Clear,None apparent,Non-intersection:  Driveway access (within),Paved,N/A,Possible/Unknown,0,4,0,0,4,0,23310,2,5,N/A,POINT (-92.415318600515 42.507945992837)
2015847385,SO1500820,02/25/2015,02-February,4-Wednesday,15:58,1500 Hours,District 5 (Southeast),,JEFFERSON,,BUS US 34,Collision with:  Vehicle in traffic,On Roadway,Head-on (front to front),Ran off road - right,None Indicated,Weather conditions,Daylight,Snow,Snow,"Surface condition (e.g., wet, icy)",Non-intersection:  Non-junction/no special feature,Paved,N/A,Major Injury,0,5,1,4,0,0,15000,2,5,N/A,POINT (-91.928747449461 41.00273249923)
2015847234,15-000377,02/25/2015,02-February,4-Wednesday,13:30,1300 Hours,District 1 (Central),ALTOONA,POLK,,8TH ST SW,Collision with:  Vehicle in traffic,On Roadway,"Sideswipe, same direction",Driving too fast for conditions,None Indicated,Weather conditions,Daylight,Slush,Snow,"Surface condition (e.g., wet, icy)",Non-intersection:  Non-junction/no special feature,Paved,N/A,Possible/Unknown,0,1,0,0,1,0,13000,2,3,N/A,POINT (-93.474760955462 41.644026737366)