Iowa DOT Case Number,Law Enforcement Case Number,Date of Crash,Month of Crash,Day of Week,Time of Crash,Hour,DOT District,City Name,County Name,Route with System,Location Description,First Harmful Event,Location of First Harmful Event,Manner of Crash/Collision,Major Cause,Drug or Alcohol ,Environmental Conditions,Light Conditions,Surface Conditions,Weather Conditions,Roadway Contribution,Roadway Type,Roadway Surface,Work Zone,Crash Severity,Number of Fatalities,Number of Injuries,Number of Major Injuries,Number of Minor Injuries,Number of Possible Injuries,Number of Unknown Injuries,Amount of Property Damage,Number of Vehicles Involved,Total Number of Occupants,Travel Direction,Location
2015847146,15029779,02/25/2015,02-February,4-Wednesday,16:01,1600 Hours,District 6 (East Central),CORALVILLE,JOHNSON,I-380,I-380,Collision with fixed object:  Cable barrier,Median,Non-collision (single vehicle),Driving too fast for conditions,None Indicated,Weather conditions,Daylight,Ice/frost,Snow,"Surface condition (e.g., wet, icy)",Non-intersection:  Non-junction/no special feature,Paved,N/A,Property Damage Only,0,0,0,0,0,0,5000,1,1,Southbound (SB),POINT (-91.641052549545 41.699490531261)
2015848743,2015011472,02/25/2015,02-February,4-Wednesday,20:03,2000 Hours,District 4 (Southwest),,CASS,IA 148,IA 148/750TH ST,Collision with fixed object:  Fence,Outside trafficway,Non-collision (single vehicle),Ran off road - right,Alcohol (Statutory),None apparent,Dark - roadway not lighted,Snow,Snow,None apparent,Non-intersection:  Non-junction/no special feature,Paved,N/A,Property Damage Only,0,0,0,0,0,0,10500,1,1,No Travel Direction Consistent with Route,POINT (-94.758223848881 41.416276008851)
2015847593,15-6018,02/26/2015,02-February,5-Thursday,07:53,0700 Hours,District 3 (Northwest),SIOUX CITY,WOODBURY,,LEIF DR & CHEYENNE BLVD,Collision with:  Vehicle in traffic,On Roadway,Rear-end (front to rear),Operator inexperience,None Indicated,None apparent,Daylight,Slush,Clear,None apparent,Intersection:  T-intersection,Paved,N/A,Property Damage Only,0,0,0,0,0,0,5000,2,3,N/A,POINT (-96.391792542887 42.524035630337)
2015849285,2015011521,02/26/2015,02-February,5-Thursday,07:25,0700 Hours,District 2 (Northeast),WATERLOO,BLACK HAWK,US 63,US 63/SERGEANT RD,Collision with:  Vehicle in traffic,On Roadway,"Sideswipe, same direction",Unknown,None Indicated,None apparent,Daylight,Snow,Clear,None apparent,Intersection:  Four-way intersection,Paved,N/A,Property Damage Only,0,0,0,0,0,0,1501,2,2,Northbound (NB),POINT (-92.403909176492 42.459696850545)
2015847476,20150005406,02/26/2015,02-February,5-Thursday,18:53,1800 Hours,District 1 (Central),DES MOINES,POLK,,9TH ST,Collision with fixed object:  Utility pole/light support,Outside trafficway,Non-collision (single vehicle),Ran off road - right,None Indicated,None apparent,Dark - roadway lighted,Dry,Clear,None apparent,Non-intersection:  Non-junction/no special feature,Paved,N/A,Possible/Unknown,0,1,0,0,0,1,2500,1,1,N/A,POINT (-93.629366809521 41.599923544867)
2015847727,20150005488,02/27/2015,02-February,6-Friday,16:15,1600 Hours,District 1 (Central),DES MOINES,POLK,,CORNING AVE & 2ND AVE,Collision with:  Vehicle in traffic,On Roadway,Rear-end (front to rear),Followed too close,None Indicated,None apparent,Daylight,Dry,Clear,None apparent,Intersection:  T-intersection,Paved,N/A,Possible/Unknown,0,1,0,0,1,0,8500,2,7,N/A,POINT (-93.619949822837 41.621528981438)
2015847600,2015-0044,02/27/2015,02-February,6-Friday,07:31,0700 Hours,District 5 (Southeast),CARLISLE,WARREN,IA 5,IA 5/IOWA 5 & Co Rd G16/SCOTCH RIDGE RD,Collision with:  Vehicle in traffic,On Roadway,Rear-end (front to rear),Followed too close,None Indicated,None apparent,Daylight,Dry,Clear,None apparent,Intersection:  Four-way intersection,Paved,N/A,Property Damage Only,0,0,0,0,0,0,8000,2,2,No Travel Direction Consistent with Route,POINT (-93.497850757115 41.498542206083)
2015847979,15-3502,02/28/2015,02-February,7-Saturday,19:03,1900 Hours,District 2 (Northeast),WAVERLY,BREMER,IA 3,IA 3/HERITAGE WAY & 10TH AVE SW,Collision with:  Vehicle in traffic,On Roadway,Broadside (front to side),FTYROW:  From stop sign,None Indicated,None apparent,Dark - roadway lighted,Dry,Snow,None apparent,Intersection:  Four-way intersection,Paved,N/A,Possible/Unknown,0,1,0,0,1,0,27000,2,6,Eastbound (EB),POINT (-92.50006349784 42.716324031201)
2015849092,15017272,03/01/2015,03-March,1-Sunday,18:28,1800 Hours,District 2 (Northeast),CEDAR FALLS,BLACK HAWK,,UNIVERSITY AVE & HUDSON RD,Collision with:  Vehicle in traffic,On Roadway,"Angle, oncoming left turn",FTYROW:  Making left turn,None Indicated,None apparent,Dark - roadway lighted,Dry,Cloudy,None apparent,Intersection:  Four-way intersection,Paved,N/A,Minor Injury,0,1,0,1,0,0,12000,2,4,N/A,POINT (-92.465573384495 42.506894523922)
2015848149,C15000719,03/02/2015,03-March,2-Monday,15:40,1500 Hours,District 6 (East Central),CORALVILLE,JOHNSON,,1ST AVE,Collision with:  Vehicle in traffic,On Roadway,Rear-end (front to rear),Followed too close,None Indicated,None apparent,Daylight,Dry,Cloudy,None apparent,Non-intersection:  Non-junction/no special feature,Paved,N/A,Property Damage Only,0,0,0,0,0,0,5000,2,2,N/A,POINT (-91.565782456767 41.674149131938)
2015848491,15-4250,03/03/2015,03-March,3-Tuesday,08:36,0800 Hours,District 6 (East Central),BETTENDORF,SCOTT,,MISSISSIPPI BLVD & 14TH ST,Collision with:  Vehicle in traffic,On Roadway,"Sideswipe, same direction",Other (explain in narrative):  Vision obstructed,None Indicated,None apparent,Daylight,Slush,Cloudy,None apparent,Intersection:  Other intersection (explain in narrative),Paved,N/A,Property Damage Only,0,0,0,0,0,0,13000,2,2,N/A,POINT (-90.512994425984 41.528294146262)
2015848666,20150005842,03/03/2015,03-March,3-Tuesday,08:05,0800 Hours,District 1 (Central),DES MOINES,POLK,,KENYON AVE & SW 3RD ST,Collision with fixed object:  Fire hydrant,Shoulder,Non-collision (single vehicle),Driving too fast for conditions,None Indicated,Weather conditions,Daylight,Ice/frost,Freezing rain/drizzle,"Surface condition (e.g., wet, icy)",Intersection:  T-intersection,Paved,N/A,Possible/Unknown,0,1,0,0,0,1,1500,1,1,N/A,POINT (-93.618491826498 41.535454381764)
2015849215,2015012442,03/03/2015,03-March,3-Tuesday,07:15,0700 Hours,District 3 (Northwest),,PLYMOUTH,US 75,US 75,Collision with fixed object:  Bridge/bridge rail parapet,Shoulder,Non-collision (single vehicle),Lost Control,None Indicated,Weather conditions,Daylight,Ice/frost,Freezing rain/drizzle,"Surface condition (e.g., wet, icy)",Non-intersection:  Non-junction/no special feature,Paved,N/A,Property Damage Only,0,0,0,0,0,0,5000,1,1,Northbound (NB),POINT (-96.241483904743 42.724453919219)
2015848781,201503078,03/04/2015,03-March,4-Wednesday,08:05,0800 Hours,District 6 (East Central),CEDAR RAPIDS,LINN,IA 922,IA 922/1ST AVE E & 14TH ST SE & 14TH ST NE,Collision with:  Vehicle in traffic,On Roadway,Rear-end (front to rear),Driver Distraction:  Manual operation of an electronic communication device,None Indicated,None apparent,Daylight,Dry,Clear,None apparent,Intersection:  Four-way intersection,Paved,N/A,Minor Injury,0,1,0,1,0,0,6000,2,2,No Travel Direction Consistent with Route,POINT (-91.653927623396 41.987169931544)
2015848439,15-0626,03/05/2015,03-March,5-Thursday,16:23,1600 Hours,District 1 (Central),FORT DODGE,WEBSTER,,S 15TH ST,Collision with:  Vehicle in traffic,On Roadway,Rear-end (front to rear),Followed too close,None Indicated,None apparent,Daylight,Dry,Clear,None apparent,Non-intersection:  Non-junction/no special feature,Paved,N/A,Possible/Unknown,0,1,0,0,1,0,600,2,4,N/A,POINT (-94.177688577367 42.5056555617)
2015849223,2015013159,03/06/2015,03-March,6-Friday,18:50,1800 Hours,District 1 (Central),,WEBSTER,IA 175,IA 175/WASHINGTON AVE & 365TH ST,Collision with:  Animal,Unknown,N/A,Animal,None Indicated,N/A,N/A,N/A,N/A,N/A,N/A,Paved,N/A,Property Damage Only,0,0,0,0,0,0,3000,1,1,Unknown - Not Indicated - Unlocated,POINT (-93.961086459731 42.260337627048)
2015849958,2015-14765,03/07/2015,03-March,7-Saturday,19:22,1900 Hours,District 6 (East Central),DAVENPORT,SCOTT,,IA 461/BRADY ST & W 3RD ST & E 3RD ST,Collision with:  Vehicle in traffic,On Roadway,Broadside (front to side),Ran Traffic Signal,None Indicated,None apparent,Dark - roadway lighted,Dry,Cloudy,None apparent,Intersection:  Four-way intersection,Paved,N/A,Property Damage Only,0,0,0,0,0,0,4450,2,2,No Travel Direction Consistent with Route,POINT (-90.574063088323 41.52242125709)
2015849935,A15-018,03/07/2015,03-March,7-Saturday,19:57,1900 Hours,District 4 (Southwest),WINTERSET,MADISON,,S 8TH AVE,Collision with:  Parked motor vehicle,Roadside,"Sideswipe, same direction",Driver Distraction:  Inattentive/lost in thought,None Indicated,None apparent,Dark - roadway lighted,Dry,Clear,None apparent,Non-intersection:  Non-junction/no special feature,Paved,N/A,Property Damage Only,0,0,0,0,0,0,7000,2,1,N/A,POINT (-94.022977867457 41.33081114127)
2015849402,2015-05729,03/08/2015,03-March,1-Sunday,10:40,1000 Hours,District 5 (Southeast),,WARREN,,Co Rd R45/HWY R45 & NIXON ST,Collision with:  Vehicle in traffic,On Roadway,"Angle, oncoming left turn",FTYROW:  Making left turn,None Indicated,None apparent,Daylight,Dry,Clear,None apparent,Intersection:  Four-way intersection,Paved,N/A,Property Damage Only,0,0,0,0,0,0,5000,2,4,N/A,POINT (-93.731452538435 41.293291372017)
2015849523,C15000805,03/09/2015,03-March,2-Monday,20:20,2000 Hours,District 6 (East Central),CORALVILLE,JOHNSON,,QUARRY RD,Collision with:  Parked motor vehicle,On Roadway,"Sideswipe, same direction",Unknown,None Indicated,None apparent,Dark - roadway lighted,Dry,Clear,None apparent,Non-intersection:  Non-junction/no special feature,Paved,N/A,Property Damage Only,0,0,0,0,0,0,2500,2,1,N/A,POINT (-91.560487754503 41.680477783739)
2015849653,15-0231,03/10/2015,03-March,3-Tuesday,12:55,1200 Hours,District 1 (Central),WINDSOR HEIGHTS,POLK,,SUNRISE BLVD & 73RD ST,Collision with:  Vehicle in traffic,On Roadway,Rear-end (front to rear),Followed too close,None Indicated,None apparent,Daylight,Dry,Clear,None apparent,Intersection:  T-intersection,Paved,N/A,Property Damage Only,0,0,0,0,0,0,7000,2,2,N/A,POINT (-93.718244849786 41.612535134571)
2015849566,15-0683,03/10/2015,03-March,3-Tuesday,18:10,1800 Hours,District 1 (Central),FORT DODGE,WEBSTER,,12TH AVE S & S 23RD ST,Collision with:  Vehicle in traffic,On Roadway,Broadside (front to side),Ran Stop Sign,None Indicated,None apparent,Daylight,Dry,Clear,None apparent,Intersection:  Four-way intersection,Paved,N/A,Possible/Unknown,0,1,0,0,1,0,10000,2,3,N/A,POINT (-94.16653431358 42.491621675264)
2015850281,PD15-00716,03/11/2015,03-March,4-Wednesday,10:58,1000 Hours,District 1 (Central),MARSHALLTOWN,MARSHALL,IA 14,IA 14/S CENTER ST & W SOUTH ST & E SOUTH ST,Collision with:  Vehicle in traffic,On Roadway,Broadside (front to side),Ran Traffic Signal,None Indicated,None apparent,Daylight,Dry,Clear,None apparent,Intersection:  Four-way intersection,Paved,N/A,Minor Injury,0,1,0,1,0,0,7000,2,3,Northbound (NB),POINT (-92.912712721935 42.034667372244)
2015849774,W15-020501,03/12/2015,03-March,5-Thursday,09:27,0900 Hours,District 2 (Northeast),WATERLOO,BLACK HAWK,,SUMNER ST & MOBILE ST,Collision with:  Vehicle in traffic,On Roadway,Broadside (front to side),Ran Stop Sign,None Indicated,None apparent,Daylight,Dry,Clear,None apparent,Intersection:  Four-way intersection,Paved,N/A,Possible/Unknown,0,1,0,0,1,0,5000,2,2,N/A,POINT (-92.322844534234 42.508301453872)
2015850309,15001415,03/13/2015,03-March,6-Friday,11:32,1100 Hours,District 3 (Northwest),SHELDON,OBRIEN,,9TH ST,Collision with:  Vehicle in traffic,On Roadway,Broadside (front to side),FTYROW:  Making left turn,None Indicated,Visual obstruction,Daylight,Dry,Clear,None apparent,Intersection:  Other intersection (explain in narrative),Paved,N/A,Property Damage Only,0,0,0,0,0,0,2500,2,2,N/A,POINT (-95.855637381493 43.181043053868)
2015850635,15-001187,03/13/2015,03-March,6-Friday,09:19,0900 Hours,District 1 (Central),AMES,STORY,,24TH ST & NORTHWESTERN AVE,Collision with:  Vehicle in traffic,On Roadway,Rear-end (front to rear),Driving too fast for conditions,None Indicated,None apparent,Daylight,Dry,Clear,None apparent,Intersection:  Four-way intersection,Paved,N/A,Property Damage Only,0,0,0,0,0,0,6000,2,2,N/A,POINT (-93.625881008115 42.045675349829)
2015851922,2015-002179,03/14/2015,03-March,7-Saturday,11:37,1100 Hours,District 6 (East Central),DUBUQUE,DUBUQUE,,W 9TH ST & BLUFF ST,Collision with:  Vehicle in traffic,On Roadway,Broadside (front to side),Ran Traffic Signal,None Indicated,None apparent,Daylight,Dry,Clear,None apparent,Intersection:  Four-way intersection,Paved,N/A,Property Damage Only,0,0,0,0,0,0,8000,2,2,N/A,POINT (-90.669616638553 42.50107478456)
2015851245,S15-021984,03/16/2015,03-March,2-Monday,17:11,1700 Hours,District 2 (Northeast),,BLACK HAWK,,Co Rd D20/OSAGE RD,Non-collision events:  Overturn/rollover,On Roadway,Non-collision (single vehicle),Swerving/Evasive Action,None Indicated,None apparent,Daylight,Dry,Clear,None apparent,Non-intersection:  Non-junction/no special feature,Paved,N/A,Property Damage Only,0,0,0,0,0,0,2000,1,1,N/A,POINT (-92.115026876988 42.48280356528)
2015850745,20150007270,03/17/2015,03-March,3-Tuesday,16:14,1600 Hours,District 1 (Central),DES MOINES,POLK,I-235,I-235,Collision with:  Vehicle in traffic,On Roadway,Rear-end (front to rear),Followed too close,None Indicated,None apparent,Daylight,Dry,Clear,None apparent,Interchange-related:  On-ramp,Paved,N/A,Possible/Unknown,0,2,0,0,2,0,2000,2,3,Ramp,POINT (-93.636054802789 41.595455178527)
2015851045,15003703,03/18/2015,03-March,4-Wednesday,09:38,0900 Hours,District 4 (Southwest),,MILLS,US 34,US 34,Collision with:  Vehicle in traffic,On Roadway,"Sideswipe, opposite direction",Driver Distraction:  Other interior distraction,None Indicated,None apparent,Daylight,Dry,Clear,None apparent,Non-intersection:  Non-junction/no special feature,Paved,N/A,Property Damage Only,0,0,0,0,0,0,4500,2,2,Both East and West,POINT (-95.642663881583 41.03038794811)
2015851784,15-000974,03/18/2015,03-March,4-Wednesday,16:25,1600 Hours,District 5 (Southeast),,KEOKUK,IA 21,IA 21/IOWA 21,Collision with:  Vehicle in traffic,On Roadway,"Sideswipe, same direction",Passing:  Where prohibited by signs/markings,None Indicated,None apparent,Daylight,Dry,Clear,None apparent,Non-intersection:  Non-junction/no special feature,Paved,N/A,Property Damage Only,0,0,0,0,0,0,25000,2,2,Northbound (NB),POINT (-92.355345200799 41.49856968045)
2015851015,20150007512,03/19/2015,03-March,5-Thursday,19:00,1900 Hours,District 1 (Central),DES MOINES,POLK,,LYON ST & E 18TH ST,Collision with:  Vehicle in traffic,On Roadway,Broadside (front to side),Ran Stop Sign,None Indicated,None apparent,Dusk,Dry,Cloudy,None apparent,Intersection:  T-intersection,Paved,N/A,Possible/Unknown,0,1,0,0,1,0,3000,2,2,N/A,POINT (-93.587120818262 41.597850207181)
2015851092,15-011002,03/20/2015,03-March,6-Friday,13:21,1300 Hours,District 4 (Southwest),COUNCIL BLUFFS,POTTAWATTAMIE,,9TH AVE,Collision with:  Vehicle in traffic,On Roadway,Rear-end (front to rear),Followed too close,None Indicated,None apparent,Daylight,Dry,Clear,None apparent,Non-intersection:  Non-junction/no special feature,Paved,N/A,Property Damage Only,0,0,0,0,0,0,8500,2,3,N/A,POINT (-95.852015581801 41.253384597693)
2015852799,201503984,03/21/2015,03-March,7-Saturday,16:44,1600 Hours,District 6 (East Central),CEDAR RAPIDS,LINN,,JACOLYN DR SW & JACOLYN DR NW & JOHNSON AVE NW,Collision with:  Vehicle in traffic,On Roadway,Broadside (front to side),FTYROW:  From stop sign,None Indicated,None apparent,Daylight,Dry,Clear,None apparent,Intersection:  Four-way intersection,Paved,N/A,Possible/Unknown,0,1,0,0,1,0,3000,2,5,N/A,POINT (-91.731815472377 41.968945205084)
2015852196,15008045,03/22/2015,03-March,1-Sunday,07:47,0700 Hours,District 5 (Southeast),,LEE,IA 16,IA 16/IOWA 16,Collision with:  Animal,Unknown,N/A,Animal,None Indicated,N/A,N/A,N/A,N/A,N/A,N/A,Paved,N/A,Property Damage Only,0,0,0,0,0,0,8000,1,1,Westbound (WB),POINT (-91.291990951342 40.739709001957)
2015853845,S15-C2307,03/23/2015,03-March,2-Monday,19:39,1900 Hours,District 5 (Southeast),,CLARKE,,Co Rd H29/LEISURE ST,Non-collision events:  Overturn/rollover,Shoulder,Non-collision (single vehicle),Exceeded authorized speed,None Indicated,None apparent,Dark - roadway not lighted,Dry,Clear,None apparent,Non-intersection:  Non-junction/no special feature,Paved,N/A,Major Injury,0,2,2,0,0,0,8000,1,3,N/A,POINT (-93.799807557968 41.074054487298)
2015851782,2015002907,03/24/2015,03-March,3-Tuesday,08:54,0800 Hours,District 6 (East Central),IOWA CITY,JOHNSON,US 6,US 6/S RIVERSIDE DR & IOWA AVE & NEWTON RD,Collision with:  Vehicle in traffic,On Roadway,"Sideswipe, same direction",Made improper turn,None Indicated,None apparent,Daylight,Dry,Clear,None apparent,Intersection:  Four-way intersection,Paved,N/A,Property Damage Only,0,0,0,0,0,0,2000,2,2,Eastbound (EB),POINT (-91.542179698964 41.661233528023)
2015852081,2015016675,03/25/2015,03-March,4-Wednesday,20:16,2000 Hours,District 5 (Southeast),,WARREN,IA 92,IA 92/IOWA 92,Collision with:  Vehicle in traffic,On Roadway,Head-on (front to front),Crossed centerline (undivided),None Indicated,None apparent,Dark - roadway not lighted,Dry,Cloudy,None apparent,Non-intersection:  Non-junction/no special feature,Paved,N/A,Property Damage Only,0,0,0,0,0,0,12500,2,2,Both East and West,POINT (-93.637752378983 41.355343899428)
2015852389,15-9083,03/26/2015,03-March,5-Thursday,07:51,0700 Hours,District 3 (Northwest),SIOUX CITY,WOODBURY,,24TH ST,Collision with:  Parked motor vehicle,On Roadway,Rear-end (front to rear),Other (explain in narrative):  Vision obstructed,None Indicated,Glare,Daylight,Dry,Clear,None apparent,Non-intersection:  Non-junction/no special feature,Paved,N/A,Property Damage Only,0,0,0,0,0,0,10250,2,1,N/A,POINT (-96.410071425951 42.51521745033)
2015852253,4123-15,03/27/2015,03-March,6-Friday,15:36,1500 Hours,District 3 (Northwest),SPENCER,CLAY,,E 2ND ST & 1ST AVE E,Collision with:  Vehicle in traffic,On Roadway,Broadside (front to side),Driver Distraction:  Inattentive/lost in thought,None Indicated,None apparent,Daylight,Dry,Cloudy,None apparent,Intersection:  Four-way intersection,Paved,N/A,Possible/Unknown,0,1,0,0,1,0,4500,2,2,N/A,POINT (-95.143083175354 43.139567297171)
2015851969,20150008189,03/27/2015,03-March,6-Friday,06:50,0600 Hours,District 1 (Central),DES MOINES,POLK,US 6,US 6/E EUCLID AVE & US 69/E 14TH ST,Collision with:  Vehicle in traffic,On Roadway,"Angle, oncoming left turn",FTYROW:  Making left turn,None Indicated,None apparent,Daylight,Dry,Clear,None apparent,Intersection:  Four-way intersection,Paved,N/A,Property Damage Only,0,0,0,0,0,0,11000,2,2,No Travel Direction Consistent with Route,POINT (-93.600513057971 41.627712019078)
2015852136,150912,03/28/2015,03-March,7-Saturday,22:30,2200 Hours,District 3 (Northwest),,CRAWFORD,,Co Rd L51/130TH ST,Collision with:  Animal,Unknown,N/A,Animal,None Indicated,N/A,N/A,N/A,N/A,N/A,N/A,Paved,N/A,Property Damage Only,0,0,0,0,0,0,2000,1,1,N/A,POINT (-95.615342300265 41.917558403263)
2015852487,15-0672,03/30/2015,03-March,2-Monday,17:15,1700 Hours,District 1 (Central),URBANDALE,POLK,,NW URBANDALE DR,Collision with:  Vehicle in traffic,On Roadway,Rear-end (front to rear),Drove around RR grade crossing gates,None Indicated,None apparent,Daylight,Dry,Clear,None apparent,Intersection:  Four-way intersection,Paved,N/A,Property Damage Only,0,0,0,0,0,0,2000,2,2,N/A,POINT (-93.763602682601 41.640173999257)
2015852524,033015-232,03/30/2015,03-March,2-Monday,19:20,1900 Hours,District 3 (Northwest),STORM LAKE,BUENA VISTA,IA 7,IA 7/W MILWAUKEE AVE & LAKE AVE,Collision with:  Vehicle in traffic,On Roadway,Rear-end (front to rear),Followed too close,None Indicated,None apparent,Dusk,Dry,Clear,None apparent,Non-intersection:  Non-junction/no special feature,Paved,N/A,Possible/Unknown,0,1,0,0,1,0,1500,2,2,Westbound (WB),POINT (-95.20081967926 42.647477236005)
2015852786,201504467,03/31/2015,03-March,3-Tuesday,17:09,1700 Hours,District 6 (East Central),CEDAR RAPIDS,LINN,,ROCKWELL DR NE,Collision with:  Vehicle in traffic,On Roadway,Rear-end (front to rear),Driver Distraction:  Inattentive/lost in thought,None Indicated,None apparent,Daylight,Dry,Clear,None apparent,Non-intersection:  Non-junction/no special feature,Paved,N/A,Property Damage Only,0,0,0,0,0,0,2500,3,3,N/A,POINT (-91.649229133345 42.035226840931)
2015853472,15-002735,04/01/2015,04-April,4-Wednesday,16:24,1600 Hours,District 2 (Northeast),,CLAYTON,,Co Rd C2W/DOMINO RD,Non-collision events:  Overturn/rollover,Shoulder,Non-collision (single vehicle),Ran off road - right,None Indicated,None apparent,Daylight,Dry,Clear,None apparent,Non-intersection:  Non-junction/no special feature,Paved,N/A,Minor Injury,0,1,0,1,0,0,5000,1,1,N/A,POINT (-91.492912439759 42.828709212749)
2015852696,20150008692,04/01/2015,04-April,4-Wednesday,08:20,0800 Hours,District 1 (Central),DES MOINES,POLK,,UNIVERSITY AVE,Collision with:  Vehicle in traffic,On Roadway,"Angle, oncoming left turn",FTYROW:  Making left turn,None Indicated,None apparent,Daylight,Dry,Clear,None apparent,Intersection:  Four-way intersection,Paved,N/A,Property Damage Only,0,0,0,0,0,0,2800,2,4,N/A,POINT (-93.659910608013 41.600355762289)
2015853635,20150008830,04/02/2015,04-April,5-Thursday,11:13,1100 Hours,District 1 (Central),DES MOINES,POLK,US 69,US 69/JOHNSON CT & BUCHANAN ST,Collision with:  Vehicle in traffic,On Roadway,"Sideswipe, same direction",FTYROW:  Other (explain in narrative),None Indicated,None apparent,Daylight,Dry,Clear,None apparent,Intersection:  T-intersection,Paved,N/A,Property Damage Only,0,0,0,0,0,0,4500,2,2,Northbound (NB),POINT (-93.599153299079 41.598832969139)
2015853210,2015-002757,04/03/2015,04-April,6-Friday,13:41,1300 Hours,District 6 (East Central),DUBUQUE,DUBUQUE,,W 6TH ST & IOWA ST,Collision with fixed object:  Traffic signal support,On Roadway,Non-collision (single vehicle),Driver Distraction:  Unrestrained animal,None Indicated,Animal in roadway,Daylight,Dry,Cloudy,None apparent,Intersection:  T-intersection,Paved,N/A,Property Damage Only,0,0,0,0,0,0,3500,1,1,N/A,POINT (-90.66503405006 42.499621674251)
2015852999,20150009053,04/04/2015,04-April,7-Saturday,11:41,1100 Hours,District 1 (Central),DES MOINES,POLK,US 6,US 6/E EUCLID AVE,Collision with:  Vehicle in traffic,On Roadway,"Sideswipe, same direction",None Indicated,None Indicated,None apparent,Daylight,Dry,Clear,None apparent,"Non-intersection:  Driveway access (related, not in)",Paved,N/A,Property Damage Only,0,0,0,0,0,0,6000,2,8,Westbound (WB),POINT (-93.609036132913 41.627667178654)
2015853539,15-170405-01,04/05/2015,04-April,1-Sunday,15:28,1500 Hours,District 6 (East Central),,IOWA,,K AVE,Non-collision events:  Overturn/rollover,Outside trafficway,Non-collision (single vehicle),Ran off road - right,None Indicated,None apparent,Daylight,Gravel,Clear,None apparent,Non-intersection:  Non-junction/no special feature,Unpaved,N/A,Major Injury,0,2,1,1,0,0,9000,1,2,N/A,POINT (-92.105024014982 41.639514400959)
2015855039,80-15-127,04/06/2015,04-April,2-Monday,14:18,1400 Hours,District 2 (Northeast),HUMBOLDT,HUMBOLDT,,4TH AVE N & TAFT ST N,Collision with:  Vehicle in traffic,On Roadway,Broadside (front to side),Unknown,None Indicated,None apparent,Daylight,Dry,Cloudy,None apparent,Intersection:  Four-way intersection,Paved,N/A,Property Damage Only,0,0,0,0,0,0,6000,2,2,N/A,POINT (-94.217824331611 42.725619246027)
2015854406,PD15-01002,04/07/2015,04-April,3-Tuesday,18:20,1800 Hours,District 1 (Central),MARSHALLTOWN,MARSHALL,IA 14,IA 14/S CENTER ST & WESTWOOD DR,Collision with:  Vehicle in traffic,On Roadway,"Sideswipe, opposite direction",Failed to keep in proper lane,Refused,None apparent,Daylight,Dry,Cloudy,None apparent,Non-intersection:  Non-junction/no special feature,Paved,N/A,Property Damage Only,0,0,0,0,0,0,1700,2,3,Both North and South,POINT (-92.912381029886 42.021076125804)
2015853762,201504889,04/08/2015,04-April,4-Wednesday,17:51,1700 Hours,District 6 (East Central),CEDAR RAPIDS,LINN,,16TH AVE SW,Collision with:  Vehicle in traffic,On Roadway,Broadside (front to side),FTYROW:  From driveway,None Indicated,None apparent,Daylight,Dry,Cloudy,None apparent,"Non-intersection:  Driveway access (related, not in)",Paved,N/A,Possible/Unknown,0,2,0,0,2,0,7500,2,3,N/A,POINT (-91.69446680113 41.96227601141)
2015853892,15-000539,04/09/2015,04-April,5-Thursday,18:05,1800 Hours,District 3 (Northwest),SAC CITY,SAC,,AUDUBON ST & S 13TH ST,Collision with:  Vehicle in traffic,On Roadway,Other (explain in narrative),FTYROW:  From stop sign,None Indicated,Weather conditions,Daylight,Slush,Snow,"Surface condition (e.g., wet, icy)",Intersection:  Four-way intersection,Paved,N/A,Minor Injury,0,1,0,1,0,0,4100,2,3,N/A,POINT (-94.99948625997 42.421677656745)
2015854729,2015019369,04/09/2015,04-April,5-Thursday,20:15,2000 Hours,District 2 (Northeast),,WORTH,I-35,I-35,Collision with fixed object:  Other post/pole/support (explain in narrative),Roadside,Non-collision (single vehicle),Ran off road - right,None Indicated,Weather conditions,Dark - roadway not lighted,Slush,Blowing snow,"Surface condition (e.g., wet, icy)",Non-intersection:  Non-junction/no special feature,Paved,N/A,Property Damage Only,0,0,0,0,0,0,5100,1,1,Northbound (NB),POINT (-93.34912756123 43.308587390543)
2015854042,15-1712,04/10/2015,04-April,6-Friday,17:19,1700 Hours,District 1 (Central),WEST DES MOINES,POLK,I-235,I-235,Collision with:  Vehicle in traffic,On Roadway,Rear-end (front to rear),Other (explain in narrative):  Other,None Indicated,None apparent,Daylight,Dry,Clear,None apparent,Non-intersection:  Non-junction/no special feature,Paved,N/A,Minor Injury,0,2,0,2,0,0,1900,2,3,Eastbound (EB),POINT (-93.726923525399 41.593394315803)
2015854124,15-6991,04/11/2015,04-April,7-Saturday,17:40,1700 Hours,District 6 (East Central),BETTENDORF,SCOTT,,MISSISSIPPI BLVD & 14TH ST,Collision with:  Vehicle in traffic,On Roadway,Broadside (front to side),Ran Stop Sign,Refused,None apparent,Daylight,Dry,Clear,None apparent,Intersection:  Four-way intersection,Paved,N/A,Property Damage Only,0,0,0,0,0,0,5000,2,2,N/A,POINT (-90.512994425984 41.528294146262)
2015854044,20150009915,04/11/2015,04-April,7-Saturday,16:14,1600 Hours,District 1 (Central),DES MOINES,POLK,,THOMAS BECK RD,Collision with fixed object:  Curb/island/raised median,On Roadway,Non-collision (single vehicle),Unknown,None Indicated,None apparent,Daylight,Dry,Clear,None apparent,Non-intersection:  Non-junction/no special feature,Paved,N/A,Property Damage Only,0,0,0,0,0,0,1600,1,1,N/A,POINT (-93.638651378895 41.563068684489)