Iowa DOT Case Number,Law Enforcement Case Number,Date of Crash,Month of Crash,Day of Week,Time of Crash,Hour,DOT District,City Name,County Name,Route with System,Location Description,First Harmful Event,Location of First Harmful Event,Manner of Crash/Collision,Major Cause,Drug or Alcohol ,Environmental Conditions,Light Conditions,Surface Conditions,Weather Conditions,Roadway Contribution,Roadway Type,Roadway Surface,Work Zone,Crash Severity,Number of Fatalities,Number of Injuries,Number of Major Injuries,Number of Minor Injuries,Number of Possible Injuries,Number of Unknown Injuries,Amount of Property Damage,Number of Vehicles Involved,Total Number of Occupants,Travel Direction,Location
2015875859,15-02096,04/13/2015,04-April,2-Monday,15:31,1500 Hours,District 2 (Northeast),OELWEIN,FAYETTE,,2ND ST SE & 12TH AVE SE,Collision with:  Vehicle in traffic,On Roadway,Broadside (front to side),FTYROW:  From yield sign,None Indicated,None apparent,Daylight,Dry,Clear,None apparent,Intersection:  Four-way intersection,Paved,N/A,Property Damage Only,0,0,0,0,0,0,6000,2,2,N/A,POINT (-91.897666282607 42.67566534486)
2015854409,S15-002091,04/13/2015,04-April,2-Monday,06:24,0600 Hours,District 3 (Northwest),,OBRIEN,US 18,US 18/320TH ST & US 59/SILVER AVE,Collision with:  Vehicle in traffic,On Roadway,"Angle, oncoming left turn",FTYROW:  Making left turn,None Indicated,Glare,Dawn,Dry,Clear,None apparent,Intersection:  Four-way intersection,Paved,N/A,Minor Injury,0,2,0,2,0,0,11800,2,2,Both East and West,POINT (-95.624189189682 43.185959679137)
2015855235,2015-24617,04/14/2015,04-April,3-Tuesday,08:08,0800 Hours,District 6 (East Central),DAVENPORT,SCOTT,,E 53RD ST & JERSEY RIDGE RD,Collision with:  Vehicle in traffic,On Roadway,"Angle, oncoming left turn",FTYROW:  Making left turn,None Indicated,None apparent,Daylight,Dry,Clear,None apparent,Intersection:  Four-way intersection,Paved,N/A,Property Damage Only,0,0,0,0,0,0,2500,2,2,N/A,POINT (-90.54161538773 41.574779318875)
2015854811,201505281,04/15/2015,04-April,4-Wednesday,07:25,0700 Hours,District 6 (East Central),CEDAR RAPIDS,LINN,,C AVE NE,Collision with:  Vehicle in traffic,On Roadway,Broadside (front to side),FTYROW:  Making left turn,None Indicated,None apparent,Daylight,Dry,Clear,None apparent,Intersection:  T-intersection,Paved,N/A,Property Damage Only,0,0,0,0,0,0,13000,2,2,N/A,POINT (-91.638593649576 42.047872147516)
2015855166,15-006915,04/16/2015,04-April,5-Thursday,21:45,2100 Hours,District 2 (Northeast),SUMNER,FAYETTE,IA 93,IA 93/150TH ST,Collision with fixed object:  Ditch,Shoulder,Non-collision (single vehicle),Driver Distraction:  Other interior distraction,None Indicated,None apparent,Dark - roadway not lighted,Dry,Clear,None apparent,Non-intersection:  Non-junction/no special feature,Paved,N/A,Major Injury,0,1,1,0,0,0,15000,1,1,Westbound (WB),POINT (-92.057311562678 42.847499104997)
2015854925,15-13063,04/17/2015,04-April,6-Friday,20:54,2000 Hours,District 5 (Southeast),BURLINGTON,DES MOINES,US 61,US 61 & AGENCY ST,Collision with:  Vehicle in traffic,On Roadway,"Sideswipe, opposite direction",FTYROW:  Making right turn on red signal,None Indicated,None apparent,Dark - roadway lighted,Dry,Clear,None apparent,Intersection:  Four-way intersection,Paved,N/A,Property Damage Only,0,0,0,0,0,0,4000,2,5,No Travel Direction Consistent with Route,POINT (-91.141443258116 40.81489516166)
2015855194,15005267,04/17/2015,04-April,6-Friday,12:45,1200 Hours,District 5 (Southeast),CENTERVILLE,APPANOOSE,IA 5,IA 5/S 18TH ST & E COTTAGE ST,Collision with:  Vehicle in traffic,On Roadway,Rear-end (front to rear),Driver Distraction:  Other interior distraction,None Indicated,None apparent,Daylight,Dry,Clear,None apparent,Intersection:  T-intersection,Paved,N/A,Property Damage Only,0,0,0,0,0,0,3000,2,3,No Travel Direction Consistent with Route,POINT (-92.867874365692 40.719166191401)
2015855123,15040498,04/18/2015,04-April,7-Saturday,23:25,2300 Hours,District 5 (Southeast),EDDYVILLE,WAPELLO,,160TH ST,Collision with:  Animal,Unknown,N/A,Animal,None Indicated,N/A,N/A,N/A,N/A,N/A,N/A,Unpaved,N/A,Property Damage Only,0,0,0,0,0,0,6000,1,1,N/A,POINT (-92.60008061192 41.117636350395)
2015855341,041915-151,04/19/2015,04-April,1-Sunday,23:02,2300 Hours,District 3 (Northwest),STORM LAKE,BUENA VISTA,IA 7,IA 7/MILWAUKEE AVE & SENECA ST & N SENECA ST,Collision with:  Vehicle in traffic,On Roadway,Broadside (front to side),Ran Traffic Signal,None Indicated,Weather conditions,Dark - roadway lighted,Wet,Rain,None apparent,Intersection:  Four-way intersection,Paved,N/A,Property Damage Only,0,0,0,0,0,0,11000,2,2,Eastbound (EB),POINT (-95.196867209442 42.647472089774)
2015855191,151182,04/20/2015,04-April,2-Monday,14:24,1400 Hours,District 3 (Northwest),,CRAWFORD,,B AVE,Non-collision events:  Overturn/rollover,On Roadway,Non-collision (single vehicle),Ran off road - right,None Indicated,None apparent,Daylight,Dry,Clear,None apparent,Non-intersection:  Non-junction/no special feature,Unpaved,N/A,Property Damage Only,0,0,0,0,0,0,20400,1,1,N/A,POINT (-95.547245628707 42.196635347588)
2015855619,2015-26672,04/21/2015,04-April,3-Tuesday,17:19,1700 Hours,District 6 (East Central),DAVENPORT,SCOTT,US 67,US 67/E RIVER DR & BRIDGE AVE,Collision with:  Vehicle in traffic,On Roadway,Rear-end (front to rear),Followed too close,None Indicated,None apparent,Daylight,Dry,Clear,None apparent,Intersection:  T-intersection,Paved,N/A,Property Damage Only,0,0,0,0,0,0,2500,2,4,No Travel Direction Consistent with Route,POINT (-90.557806881013 41.52703051963)
2015855775,20150011138,04/22/2015,04-April,4-Wednesday,21:30,2100 Hours,District 1 (Central),DES MOINES,POLK,IA 28,IA 28/63RD ST & TONKA AVE,Collision with:  Parked motor vehicle,On Roadway,Unknown,Unknown,None Indicated,None apparent,Dark - roadway lighted,Dry,Clear,Unknown,Non-intersection:  Non-junction/no special feature,Paved,N/A,Possible/Unknown,0,1,0,0,0,1,5000,2,1,No Travel Direction Consistent with Route,POINT (-93.703296792886 41.572239150171)
2015856448,2015-27375,04/23/2015,04-April,5-Thursday,09:36,0900 Hours,District 6 (East Central),DAVENPORT,SCOTT,,FAIRHAVEN RD,Collision with:  Parked motor vehicle,On Roadway,Broadside (front to side),Unknown,None Indicated,None apparent,Daylight,Dry,Clear,None apparent,Non-intersection:  Non-junction/no special feature,Paved,N/A,Property Damage Only,0,0,0,0,0,0,2200,2,1,N/A,POINT (-90.532864065292 41.545050946375)
2015856079,15006459,04/23/2015,04-April,5-Thursday,16:40,1600 Hours,District 2 (Northeast),MASON CITY,CERRO GORDO,,8TH ST SE,Collision with:  Vehicle in traffic,On Roadway,Rear-end (front to rear),Driver Distraction:  Inattentive/lost in thought,None Indicated,None apparent,Daylight,Dry,Clear,None apparent,Non-intersection:  Non-junction/no special feature,Paved,N/A,Property Damage Only,0,0,0,0,0,0,14000,2,1,N/A,POINT (-93.182455779763 43.143566796729)
2015856898,15-12420,04/24/2015,04-April,6-Friday,09:07,0900 Hours,District 3 (Northwest),SIOUX CITY,WOODBURY,,36TH ST & HAMILTON BLVD & COUNTRY CLUB BLVD,Collision with:  Vehicle in traffic,On Roadway,"Sideswipe, opposite direction",Driving too fast for conditions,None Indicated,None apparent,Daylight,Wet,Rain,None apparent,Intersection:  Four-way intersection,Paved,N/A,Property Damage Only,0,0,0,0,0,0,5425,2,5,N/A,POINT (-96.410234327972 42.5322940332)
2015856399,P15-003306,04/25/2015,04-April,7-Saturday,06:57,0600 Hours,District 1 (Central),WEBSTER CITY,HAMILTON,,,Collision with fixed object:  Building,Outside trafficway,Non-collision (single vehicle),Unknown,None Indicated,Unknown,Unknown,Wet,Unknown,None apparent,Non-intersection:  Alley,N/A,N/A,Property Damage Only,0,0,0,0,0,0,2000,1,1,N/A,POINT (-96.643700150801 40.233091251088)
2015856484,15-739,04/26/2015,04-April,1-Sunday,14:20,1400 Hours,District 1 (Central),POLK CITY,POLK,,E NORTHSIDE DR,Collision with:  Vehicle in traffic,On Roadway,"Sideswipe, opposite direction",Lost Control,None Indicated,None apparent,Daylight,Dry,Clear,None apparent,Non-intersection:  Non-junction/no special feature,Paved,N/A,Minor Injury,0,1,0,1,0,0,8000,2,2,N/A,POINT (-93.701546208656 41.776963217744)
2015856934,,04/27/2015,04-April,2-Monday,10:45,1000 Hours,District 1 (Central),AMES,STORY,,DUFF AVE,Collision with:  Vehicle in traffic,On Roadway,Rear-end (front to rear),Other (explain in narrative):  Other,None Indicated,None apparent,Daylight,Dry,Clear,None apparent,Intersection:  Four-way intersection,Paved,N/A,Property Damage Only,0,0,0,0,0,0,2100,2,3,N/A,POINT (-93.610676581487 42.036462497179)
2015856219,20150011535,04/27/2015,04-April,2-Monday,07:31,0700 Hours,District 1 (Central),DES MOINES,POLK,,HUBBELL AVE & EASTON BLVD,Collision with:  Vehicle in traffic,On Roadway,"Sideswipe, same direction",Improper or erratic lane changing,None Indicated,None apparent,Daylight,Dry,Cloudy,None apparent,Intersection:  Four-way intersection,Paved,N/A,Property Damage Only,0,0,0,0,0,0,4000,2,5,N/A,POINT (-93.570932447522 41.607245224489)
2015856687,15-002035,04/28/2015,04-April,3-Tuesday,15:51,1500 Hours,District 1 (Central),AMES,STORY,,SUNFLOWER DR,Collision with:  Vehicle in traffic,On Roadway,Rear to rear,Other (explain in narrative):  Other,None Indicated,None apparent,Daylight,Dry,Clear,None apparent,Non-intersection:  Non-junction/no special feature,Paved,N/A,Property Damage Only,0,0,0,0,0,0,2400,2,4,N/A,POINT (-93.667601656197 42.019996745137)
2015857299,,04/29/2015,04-April,4-Wednesday,14:05,1400 Hours,District 6 (East Central),CEDAR RAPIDS,LINN,I-380,I-380 & BLAIRS FERRY RD,Collision with:  Vehicle in traffic,On Roadway,Other (explain in narrative),Unknown,None Indicated,N/A,Daylight,Dry,Clear,N/A,Interchange-related:  On-ramp,Paved,N/A,Property Damage Only,0,0,0,0,0,0,9000,3,6,Ramp,POINT (-91.676820118608 42.034746714512)
2015857264,15-003988,04/30/2015,04-April,5-Thursday,13:37,1300 Hours,District 6 (East Central),INDEPENDENCE,BUCHANAN,,2ND ST NE & 4TH AVE NE,Collision with:  Vehicle in traffic,On Roadway,Broadside (front to side),Unknown,None Indicated,None apparent,Daylight,Dry,Clear,None apparent,Intersection:  Four-way intersection,Paved,N/A,Property Damage Only,0,0,0,0,0,0,3500,2,2,N/A,POINT (-91.890313700061 42.469806947444)
2015864471,,04/30/2015,04-April,5-Thursday,15:08,1500 Hours,District 2 (Northeast),JACKSON JUNCTION,WINNESHIEK,IA 24,IA 24/IOWA 24 & 330TH AVE,N/A,On Roadway,"Angle, oncoming left turn",Passing:  With insufficient distance/inadequate visibility,None Indicated,None apparent,Daylight,Dry,Clear,None apparent,Intersection:  Four-way intersection,Paved,N/A,Property Damage Only,0,0,0,0,0,0,10500,2,2,Eastbound (EB),POINT (-92.052187062593 43.101200865085)
2015857081,15-001844,05/01/2015,05-May,6-Friday,15:13,1500 Hours,District 1 (Central),ANKENY,POLK,US 69,US 69/S ANKENY BLVD,Collision with:  Vehicle in traffic,On Roadway,Rear-end (front to rear),Other (explain in narrative):  Other,None Indicated,None apparent,Daylight,Dry,Cloudy,None apparent,Non-intersection:  Non-junction/no special feature,Paved,N/A,Property Damage Only,0,0,0,0,0,0,15000,4,6,Southbound (SB),POINT (-93.600394223795 41.720918337561)
2015857018,15-017024,05/02/2015,05-May,7-Saturday,15:33,1500 Hours,District 4 (Southwest),COUNCIL BLUFFS,POTTAWATTAMIE,I-29,I-29,Collision with:  Vehicle in traffic,On Roadway,Rear-end (front to rear),Followed too close,None Indicated,None apparent,Daylight,Dry,Clear,None apparent,Intersection:  Four-way intersection,Paved,N/A,Property Damage Only,0,0,0,0,0,0,1750,2,3,Ramp,POINT (-95.883231473984 41.232405255105)
2015857031,20150012238,05/02/2015,05-May,7-Saturday,19:00,1900 Hours,District 1 (Central),DES MOINES,POLK,,18TH ST,Collision with:  Vehicle in traffic,On Roadway,Unknown,Unknown,None Indicated,None apparent,Daylight,Dry,Clear,None apparent,Non-intersection:  Non-junction/no special feature,Paved,N/A,Possible/Unknown,0,1,0,0,0,1,1500,2,1,N/A,POINT (-93.641387686462 41.599631928547)
2015857054,150693S,05/03/2015,05-May,1-Sunday,08:50,0800 Hours,District 5 (Southeast),,LUCAS,US 34,US 34,Collision with:  Animal,On Roadway,Non-collision (single vehicle),Animal,None Indicated,Animal in roadway,Daylight,Wet,Cloudy,None apparent,Intersection:  Four-way intersection,Paved,N/A,Possible/Unknown,0,1,0,0,1,0,15150,1,3,Westbound (WB),POINT (-93.118203870897 41.000848671612)
2015857723,15-010122,05/04/2015,05-May,2-Monday,10:00,1000 Hours,District 5 (Southeast),,MARION,,Co Rd G76/HWY G76,Collision with:  Vehicle in traffic,On Roadway,"Sideswipe, same direction",Followed too close,None Indicated,None apparent,Daylight,Dry,Clear,None apparent,Non-intersection:  Non-junction/no special feature,Paved,N/A,Possible/Unknown,0,1,0,0,1,0,3000,2,2,N/A,POINT (-93.044238337985 41.204303184677)
2015858583,,05/05/2015,05-May,3-Tuesday,18:40,1800 Hours,District 3 (Northwest),KINGSLEY,PLYMOUTH,,,Collision with:  Parked motor vehicle,Other (explain in narrative),Other (explain in narrative),Ran Traffic Signal,None Indicated,None apparent,Daylight,Dry,Clear,None apparent,Non-intersection:  Alley,N/A,N/A,Property Damage Only,0,0,0,0,0,0,800,2,2,N/A,POINT (-96.643700150801 40.233091251088)
2015858017,,05/05/2015,05-May,3-Tuesday,07:30,0700 Hours,District 6 (East Central),CEDAR RAPIDS,LINN,,76TH AVE SW,Collision with:  Vehicle in traffic,On Roadway,Broadside (front to side),Unknown,None Indicated,N/A,Daylight,Wet,Rain,N/A,Non-intersection:  Driveway access (within),Paved,N/A,Property Damage Only,0,0,0,0,0,0,7500,2,2,N/A,POINT (-91.662660318839 41.90498874856)
2015857793,N15000259,05/06/2015,05-May,4-Wednesday,15:52,1500 Hours,District 6 (East Central),NORTH LIBERTY,JOHNSON,I-380,I-380 & Co Rd F28/250TH ST,Collision with:  Vehicle in traffic,On Roadway,Rear-end (front to rear),Followed too close,None Indicated,None apparent,Daylight,Wet,Rain,None apparent,Intersection:  Intersection with ramp,Paved,N/A,Property Damage Only,0,0,0,0,0,0,10500,2,2,Ramp,POINT (-91.640140404248 41.752448758451)
2015858093,201506501,05/07/2015,05-May,5-Thursday,17:30,1700 Hours,District 6 (East Central),CEDAR RAPIDS,LINN,IA 922,IA 922/1ST AVE E & 32ND ST NE & 32ND ST DR SE,Collision with:  Vehicle in traffic,On Roadway,Rear-end (front to rear),Followed too close,None Indicated,None apparent,Daylight,Wet,Cloudy,None apparent,Intersection:  Four-way intersection,Paved,N/A,Property Damage Only,0,0,0,0,0,0,2000,2,3,Southbound (SB),POINT (-91.634962148707 42.009786172748)
2015867518,15-2400,05/08/2015,05-May,6-Friday,13:33,1300 Hours,District 4 (Southwest),,HARRISON,,Co Rd F20/EASTON TRL & Co Rd K45/AUSTIN AVE,Collision with:  Vehicle in traffic,On Roadway,Broadside (front to side),Ran Stop Sign,None Indicated,None apparent,Daylight,Dry,Cloudy,None apparent,Intersection:  Four-way intersection,Paved,N/A,Property Damage Only,0,0,0,0,0,0,8000,2,2,N/A,POINT (-96.046411919682 41.805728156513)
2015858180,15-001956,05/08/2015,05-May,6-Friday,14:10,1400 Hours,District 1 (Central),ANKENY,POLK,,SE NATIONAL DR & SE DELAWARE AVE,Collision with:  Vehicle in traffic,On Roadway,Rear-end (front to rear),Followed too close,None Indicated,None apparent,Daylight,Dry,Clear,None apparent,Intersection:  Four-way intersection,Paved,N/A,Possible/Unknown,0,1,0,0,1,0,3500,2,2,N/A,POINT (-93.581278296253 41.70484894334)
2015858441,509145815,05/09/2015,05-May,7-Saturday,14:58,1400 Hours,District 4 (Southwest),MOUNT AYR,RINGGOLD,,Co Rd J55/CO HWY J55,Collision with fixed object:  Bridge/bridge rail parapet,On Roadway,Non-collision (single vehicle),Ran off road - right,None Indicated,None apparent,Daylight,Dry,Cloudy,Ruts/holes/bumps,Non-intersection:  Other non-intersection (explain in narrative),Paved,N/A,Major Injury,0,1,1,0,0,0,3000,1,1,N/A,POINT (-94.18916705693 40.620707512066)
2015858842,2015025270,05/10/2015,05-May,1-Sunday,05:50,0500 Hours,District 1 (Central),,JASPER,I-80,I-80,Collision with:  Animal,On Roadway,Non-collision (single vehicle),Animal,None Indicated,Animal in roadway,N/A,N/A,N/A,N/A,N/A,Paved,N/A,Property Damage Only,0,0,0,0,0,0,4000,1,1,Eastbound (EB),POINT (-93.29738754534 41.682479669639)
2015858419,15C01861,05/11/2015,05-May,2-Monday,07:55,0700 Hours,District 4 (Southwest),CRESTON,UNION,US 34,US 34/W TAYLOR ST & IA 25/S SUMNER AVE,Collision with:  Vehicle in traffic,On Roadway,"Sideswipe, same direction",Improper or erratic lane changing,None Indicated,None apparent,Daylight,Dry,Cloudy,None apparent,Intersection:  Four-way intersection,Paved,N/A,Property Damage Only,0,0,0,0,0,0,1800,2,2,Eastbound (EB),POINT (-94.371142561315 41.04916119668)
2015858639,15-12491,05/12/2015,05-May,3-Tuesday,20:56,2000 Hours,District 1 (Central),NEWTON,JASPER,,S 10TH AVE W,Collision with:  Vehicle in traffic,Outside trafficway,Other (explain in narrative),"Operating vehicle in an reckless, erratic, careless, negligent manner",Under Influence of Alcohol/Drugs/Medications,None apparent,Dark - roadway lighted,Dry,Clear,None apparent,Non-intersection:  Non-junction/no special feature,Paved,N/A,Possible/Unknown,0,1,0,0,1,0,6600,2,2,N/A,POINT (-93.073709918156 41.690199630934)
2015858641,15-003322,05/12/2015,05-May,3-Tuesday,18:40,1800 Hours,District 1 (Central),,HAMILTON,IA 175,IA 175/360TH ST & GERBER AVE,Collision with fixed object:  Ditch,On Roadway,Non-collision (single vehicle),"Operating vehicle in an reckless, erratic, careless, negligent manner",None Indicated,None apparent,Daylight,Dry,Clear,None apparent,Non-intersection:  Non-junction/no special feature,Paved,N/A,Possible/Unknown,0,1,0,0,1,0,8000,1,1,Eastbound (EB),POINT (-93.854805706552 42.267465338168)
2015860175,2015-12225,05/13/2015,05-May,4-Wednesday,14:18,1400 Hours,District 5 (Southeast),INDIANOLA,WARREN,US 65,US 65/N JEFFERSON WAY & E ASHLAND AVE,Collision with:  Vehicle in traffic,On Roadway,Broadside (front to side),Ran Traffic Signal,None Indicated,None apparent,Daylight,Dry,Clear,None apparent,Intersection:  Four-way intersection,Paved,N/A,Possible/Unknown,0,1,0,0,1,0,13000,3,4,Southbound (SB),POINT (-93.558328049968 41.361287312261)
2015859122,2015026027,05/14/2015,05-May,5-Thursday,22:50,2200 Hours,District 1 (Central),DES MOINES,POLK,I-35,I-35,Collision with:  Vehicle in traffic,On Roadway,"Sideswipe, same direction",Ran off road - right,None Indicated,None apparent,Dark - roadway lighted,Wet,Rain,None apparent,Interchange-related:  Off-ramp,Paved,N/A,Property Damage Only,0,0,0,0,0,0,9000,2,3,Ramp,POINT (-93.574750489107 41.649334852636)
2015859206,15-14856,05/14/2015,05-May,5-Thursday,10:59,1000 Hours,District 3 (Northwest),SIOUX CITY,WOODBURY,,INDIAN HILLS DR & GLEN OAKS BLVD,Collision with:  Vehicle in traffic,On Roadway,Broadside (front to side),Ran Stop Sign,None Indicated,None apparent,Daylight,Wet,Rain,None apparent,Intersection:  Four-way intersection,Paved,N/A,Property Damage Only,0,0,0,0,0,0,4750,2,2,N/A,POINT (-96.385417933396 42.534696528568)
2015859140,201506926,05/15/2015,05-May,6-Friday,06:05,0600 Hours,District 6 (East Central),CEDAR RAPIDS,LINN,IA 922,IA 922/1ST AVE E & 12TH ST SE & 12TH ST NE,Collision with:  Vehicle in traffic,On Roadway,Broadside (front to side),FTYROW:  Making right turn on red signal,None Indicated,None apparent,Daylight,Wet,Cloudy,None apparent,Intersection:  Four-way intersection,Paved,N/A,Property Damage Only,0,0,0,0,0,0,8000,2,2,Southbound (SB),POINT (-91.65786168999 41.984937375109)
2015859088,20150013651,05/15/2015,05-May,6-Friday,20:05,2000 Hours,District 1 (Central),DES MOINES,POLK,,UNIVERSITY AVE & 2ND AVE,Collision with:  Vehicle in traffic,On Roadway,"Sideswipe, same direction",Unknown,None Indicated,None apparent,Daylight,Wet,Cloudy,None apparent,Non-intersection:  Non-junction/no special feature,Paved,N/A,Property Damage Only,0,0,0,0,0,0,1500,2,2,N/A,POINT (-93.619758855852 41.600327023238)
2015860728,1503687PD,05/16/2015,05-May,7-Saturday,11:57,1100 Hours,District 1 (Central),BOONE,BOONE,,TAMA ST,Collision with:  Vehicle in traffic,On Roadway,Broadside (front to side),FTYROW:  At uncontrolled intersection,None Indicated,None apparent,Daylight,Dry,Cloudy,None apparent,Intersection:  Four-way intersection,Paved,N/A,Possible/Unknown,0,1,0,0,1,0,8000,2,2,N/A,POINT (-93.87665860884 42.060731803775)
2015859234,15-2363,05/17/2015,05-May,1-Sunday,11:56,1100 Hours,District 1 (Central),WEST DES MOINES,POLK,I-35,I-35 & I-80 & I-235,Collision with:  Vehicle in traffic,On Roadway,Rear-end (front to rear),Followed too close,None Indicated,None apparent,Daylight,Dry,Cloudy,None apparent,"Interchange-related:  Off-ramp, diverge area",Paved,N/A,Property Damage Only,0,0,0,0,0,0,3000,2,4,Southbound (SB),POINT (-93.777303087864 41.592209046999)
2015859441,20150013884,05/18/2015,05-May,2-Monday,07:39,0700 Hours,District 1 (Central),DES MOINES,POLK,,SW 11TH ST & 12TH ST & W MLK JR PKWY,Collision with:  Vehicle in traffic,On Roadway,"Angle, oncoming left turn",Unknown,None Indicated,None apparent,Daylight,Dry,Clear,None apparent,Non-intersection:  Non-junction/no special feature,Paved,N/A,Property Damage Only,0,0,0,0,0,0,4000,2,5,N/A,POINT (-93.629410601695 41.580963051323)
2015859914,201507131,05/18/2015,05-May,2-Monday,14:02,1400 Hours,District 6 (East Central),CEDAR RAPIDS,LINN,,EDGEWOOD RD NW,Collision with:  Vehicle in traffic,On Roadway,Other (explain in narrative),Other (explain in narrative):  Other,None Indicated,None apparent,Daylight,Dry,Clear,None apparent,Non-intersection:  Non-junction/no special feature,Paved,N/A,Possible/Unknown,0,1,0,0,1,0,1100,2,2,N/A,POINT (-91.715960736428 41.98740331303)
2015859880,2015026858,05/19/2015,05-May,3-Tuesday,14:42,1400 Hours,District 5 (Southeast),BLOOMFIELD,DAVIS,,ICE AVE,Collision with:  Vehicle in traffic,On Roadway,Non-collision (single vehicle),Ran off road - right,None Indicated,None apparent,Daylight,Dry,Clear,None apparent,Non-intersection:  Non-junction/no special feature,Paved,N/A,Property Damage Only,0,0,0,0,0,0,0,1,1,N/A,POINT (-92.485791852765 40.758869424669)
2015859709,15076079,05/20/2015,05-May,4-Wednesday,07:35,0700 Hours,District 6 (East Central),,JOHNSON,,Co Rd F28/MEHAFFEY BRIDGE RD,Collision with:  Vehicle in traffic,On Roadway,Rear-end (front to rear),FTYROW:  Other (explain in narrative),None Indicated,None apparent,Daylight,Dry,Cloudy,None apparent,Non-intersection:  Non-junction/no special feature,Paved,N/A,Property Damage Only,0,0,0,0,0,0,12000,2,2,N/A,POINT (-91.577632049104 41.764967735024)
2015861216,2015027406,05/21/2015,05-May,5-Thursday,18:15,1800 Hours,District 1 (Central),,JASPER,I-80,I-80,Collision with fixed object:  Ditch,On Roadway,Non-collision (single vehicle),Ran off road - left,None Indicated,None apparent,Daylight,Dry,Clear,None apparent,Non-intersection:  Non-junction/no special feature,Paved,N/A,Minor Injury,0,1,0,1,0,0,2000,1,1,Eastbound (EB),POINT (-93.213888908231 41.699031378912)
2015860700,15-008883,05/21/2015,05-May,5-Thursday,21:13,2100 Hours,District 2 (Northeast),,FLOYD,,Co Rd B30/150TH ST,Collision with:  Animal,Unknown,N/A,Animal,None Indicated,N/A,N/A,N/A,N/A,N/A,N/A,Paved,N/A,Property Damage Only,0,0,0,0,0,0,1500,1,1,N/A,POINT (-92.938220852764 43.140841047303)
2015860131,2015005367,05/22/2015,05-May,6-Friday,20:09,2000 Hours,District 6 (East Central),IOWA CITY,JOHNSON,,EUCLID AVE,Collision with:  Vehicle in traffic,On Roadway,"Sideswipe, same direction",Aggressive driving/road rage,None Indicated,None apparent,Dusk,Dry,Clear,None apparent,Non-intersection:  Non-junction/no special feature,Paved,N/A,Property Damage Only,0,0,0,0,0,0,5000,2,3,N/A,POINT (-91.520268497766 41.64355222447)
2015860108,20150014414,05/22/2015,05-May,6-Friday,14:50,1400 Hours,District 1 (Central),DES MOINES,POLK,,KIRKWOOD AVE & SW 9TH ST,Collision with:  Vehicle in traffic,On Roadway,Broadside (front to side),FTYROW:  From stop sign,None Indicated,None apparent,Daylight,Dry,Clear,None apparent,Intersection:  Four-way intersection,Paved,N/A,Minor Injury,0,4,0,3,1,0,10000,2,4,N/A,POINT (-93.623918078592 41.564942024579)
2015860591,201500001940,05/23/2015,05-May,7-Saturday,21:30,2100 Hours,District 6 (East Central),,LINN,,Co Rd E48/WEST MT VERNON RD,Collision with:  Animal,Unknown,N/A,Animal,None Indicated,N/A,N/A,N/A,N/A,N/A,N/A,Paved,N/A,Property Damage Only,0,0,0,0,0,0,2000,1,1,N/A,POINT (-91.493336397636 41.969710283848)
2015863350,201500024081,05/24/2015,05-May,1-Sunday,13:46,1300 Hours,District 5 (Southeast),OTTUMWA,WAPELLO,,E WILLIAMS ST & S MOORE ST,Collision with:  Vehicle in traffic,On Roadway,Broadside (front to side),Ran Stop Sign,None Indicated,None apparent,Daylight,Wet,Cloudy,None apparent,Intersection:  Four-way intersection,Paved,N/A,Property Damage Only,0,0,0,0,0,0,6500,2,4,N/A,POINT (-92.419931137447 40.998368804579)
2015866248,2015-23-AC,05/25/2015,05-May,2-Monday,19:15,1900 Hours,District 3 (Northwest),SPIRIT LAKE,DICKINSON,,175TH ST,Collision with:  Vehicle in traffic,On Roadway,"Sideswipe, same direction",Driving too fast for conditions,Alcohol (< Statutory),None apparent,Daylight,Dry,Cloudy,None apparent,Non-intersection:  Non-junction/no special feature,Paved,N/A,Minor Injury,0,1,0,1,0,0,3000,2,3,N/A,POINT (-95.107309253316 43.392919476277)
2015860716,15-16404,05/26/2015,05-May,3-Tuesday,13:09,1300 Hours,District 3 (Northwest),SIOUX CITY,WOODBURY,,24TH ST & NEBRASKA ST,Collision with:  Vehicle in traffic,On Roadway,Broadside (front to side),FTYROW:  From stop sign,None Indicated,None apparent,Daylight,Dry,Cloudy,None apparent,Intersection:  Four-way intersection,Paved,N/A,Property Damage Only,0,0,0,0,0,0,8000,2,3,N/A,POINT (-96.403691142724 42.515173228444)
2015864662,,05/26/2015,05-May,3-Tuesday,06:45,0600 Hours,District 2 (Northeast),,ALLAMAKEE,IA 26,IA 26/IOWA 26,Collision with:  Animal,On Roadway,Non-collision (single vehicle),Animal,None Indicated,N/A,Daylight,Dry,Cloudy,N/A,Non-intersection:  Non-junction/no special feature,Paved,N/A,Property Damage Only,0,0,0,0,0,0,3840,1,2,Southbound (SB),POINT (-91.252657326172 43.402976998909)
2015860949,20150014933,05/27/2015,05-May,4-Wednesday,16:19,1600 Hours,District 1 (Central),DES MOINES,POLK,,UNIVERSITY AVE & 6TH AVE,Collision with:  Vehicle in traffic,On Roadway,"Sideswipe, same direction",Unknown,None Indicated,None apparent,Daylight,Dry,Clear,None apparent,Non-intersection:  Non-junction/no special feature,Paved,N/A,Property Damage Only,0,0,0,0,0,0,2000,2,3,N/A,POINT (-93.625739511623 41.600817046399)
2015861242,15-004788,05/28/2015,05-May,5-Thursday,16:37,1600 Hours,District 2 (Northeast),,CLAYTON,,EAST MISSION RD,Collision with fixed object:  Ditch,On Roadway,Non-collision (single vehicle),Lost Control,None Indicated,None apparent,Daylight,Gravel,Clear,None apparent,Non-intersection:  Non-junction/no special feature,Unpaved,N/A,Minor Injury,0,1,0,1,0,0,2000,1,2,N/A,POINT (-91.463365011976 42.673975886091)
2015861109,20150015034,05/28/2015,05-May,5-Thursday,13:20,1300 Hours,District 1 (Central),DES MOINES,POLK,,FLEUR DR,Collision with:  Vehicle in traffic,On Roadway,Rear-end (front to rear),Other (explain in narrative):  Other,None Indicated,None apparent,Daylight,Dry,Cloudy,None apparent,Non-intersection:  Non-junction/no special feature,Paved,N/A,Possible/Unknown,0,1,0,0,1,0,4600,3,7,N/A,POINT (-93.644830101935 41.577779107814)