Iowa DOT Case Number,Law Enforcement Case Number,Date of Crash,Month of Crash,Day of Week,Time of Crash,Hour,DOT District,City Name,County Name,Route with System,Location Description,First Harmful Event,Location of First Harmful Event,Manner of Crash/Collision,Major Cause,Drug or Alcohol ,Environmental Conditions,Light Conditions,Surface Conditions,Weather Conditions,Roadway Contribution,Roadway Type,Roadway Surface,Work Zone,Crash Severity,Number of Fatalities,Number of Injuries,Number of Major Injuries,Number of Minor Injuries,Number of Possible Injuries,Number of Unknown Injuries,Amount of Property Damage,Number of Vehicles Involved,Total Number of Occupants,Travel Direction,Location
2015861509,2015005643,05/29/2015,05-May,6-Friday,18:45,1800 Hours,District 6 (East Central),IOWA CITY,JOHNSON,US 6,US 6 & LAKESIDE DR & INDUSTRIAL PARK RD,Collision with:  Vehicle in traffic,On Roadway,Broadside (front to side),FTYROW:  From stop sign,None Indicated,None apparent,Daylight,Wet,Cloudy,None apparent,Intersection:  Four-way intersection,Paved,N/A,Property Damage Only,0,0,0,0,0,0,1500,2,2,Westbound (WB),POINT (-91.497500621252 41.635357793481)
2015861363,2015-1331,05/29/2015,05-May,6-Friday,17:01,1700 Hours,District 1 (Central),JEFFERSON,GREENE,IA 4,IA 4/N ELM ST & W ADAMS ST & E ADAMS ST,Collision with:  Vehicle in traffic,On Roadway,Rear-end (front to rear),Followed too close,None Indicated,None apparent,Daylight,Dry,Clear,None apparent,Non-intersection:  Non-junction/no special feature,Paved,N/A,Property Damage Only,0,0,0,0,0,0,4700,2,4,Southbound (SB),POINT (-94.377417429692 42.018248355387)
2015862521,15117,05/30/2015,05-May,7-Saturday,06:30,0600 Hours,District 5 (Southeast),PELLA,MARION,,FIFIELD RD & W 15TH ST,Collision with fixed object:  Other post/pole/support (explain in narrative),Shoulder,Non-collision (single vehicle),Ran off road - straight,None Indicated,None apparent,Dawn,Dry,Cloudy,None apparent,Intersection:  T-intersection,Paved,N/A,Property Damage Only,0,0,0,0,0,0,2000,1,1,N/A,POINT (-92.945729647217 41.407405837411)
2015861551,S15-002342,05/31/2015,05-May,1-Sunday,03:31,0300 Hours,District 4 (Southwest),TREYNOR,POTTAWATTAMIE,IA 92,IA 92/W MAIN ST,Collision with fixed object:  Utility pole/light support,On Roadway,Non-collision (single vehicle),Driver Distraction:  Inattentive/lost in thought,None Indicated,None apparent,Dark - roadway lighted,Dry,Clear,None apparent,Non-intersection:  Non-junction/no special feature,Paved,N/A,Minor Injury,0,1,0,1,0,0,20000,1,1,Westbound (WB),POINT (-95.620646509198 41.232579131559)
2015861568,15-2764,06/01/2015,06-June,2-Monday,06:05,0600 Hours,District 6 (East Central),HIAWATHA,LINN,I-380,I-380,Collision with fixed object:  Other post/pole/support (explain in narrative),On Roadway,Non-collision (single vehicle),Ran off road - left,None Indicated,Animal in roadway,Daylight,Dry,Clear,"Shoulders (none, low, soft, high)",Non-intersection:  Non-junction/no special feature,Paved,N/A,Property Damage Only,0,0,0,0,0,0,11600,1,1,Southbound (SB),POINT (-91.677003529077 42.038135219598)
2015861610,15046709,06/01/2015,06-June,2-Monday,07:46,0700 Hours,District 2 (Northeast),CEDAR FALLS,BLACK HAWK,IA 57,IA 57/WEST 1ST ST,Collision with:  Vehicle in traffic,On Roadway,"Angle, oncoming left turn",FTYROW:  Making left turn,None Indicated,None apparent,Daylight,Dry,Clear,None apparent,Intersection:  Four-way intersection,Paved,N/A,Property Damage Only,0,0,0,0,0,0,19000,2,2,Both East and West,POINT (-92.475377963681 42.541062834535)
2015861967,15-5368,06/02/2015,06-June,3-Tuesday,17:44,1700 Hours,District 3 (Northwest),CARROLL,CARROLL,US 30,US 30/6TH ST & GRANT RD,Collision with:  Vehicle in traffic,On Roadway,Rear-end (front to rear),Followed too close,None Indicated,None apparent,Daylight,Dry,Clear,None apparent,Intersection:  Four-way intersection,Paved,N/A,Property Damage Only,0,0,0,0,0,0,1800,2,2,Westbound (WB),POINT (-94.859273486279 42.064012766211)
2015862196,201508006,06/03/2015,06-June,4-Wednesday,09:32,0900 Hours,District 6 (East Central),CEDAR RAPIDS,LINN,IA 922,IA 922/1ST AVE E & 12TH ST SE & 12TH ST NE,Collision with:  Non-motorist (see non-motorist section - NOT a unit),On Roadway,Non-collision (single vehicle),FTYROW:  To pedestrian,None Indicated,None apparent,Daylight,Dry,Cloudy,None apparent,Non-intersection:  Non-junction/no special feature,Paved,N/A,Minor Injury,0,1,0,1,0,0,0,1,1,No Travel Direction Consistent with Route,POINT (-91.657837363725 41.98494609708)
2015862128,15-006847,06/03/2015,06-June,4-Wednesday,21:20,2100 Hours,District 1 (Central),,TAMA,US 30,US 30,Collision with:  Animal,On Roadway,Non-collision (single vehicle),Animal,None Indicated,Animal in roadway,Dark - roadway not lighted,Dry,Cloudy,None apparent,Non-intersection:  Non-junction/no special feature,Paved,N/A,Minor Injury,0,1,0,1,0,0,8000,1,2,Westbound (WB),POINT (-92.726005804782 42.00438146989)
2015862358,2015-3028,06/04/2015,06-June,5-Thursday,17:35,1700 Hours,District 4 (Southwest),WAUKEE,DALLAS,US 6,US 6/HICKMAN AVE & CAREFREE LN,Collision with:  Vehicle in traffic,On Roadway,Other (explain in narrative),FTYROW:  At uncontrolled intersection,None Indicated,None apparent,Daylight,Dry,Cloudy,None apparent,Intersection:  Other intersection (explain in narrative),Paved,N/A,Property Damage Only,0,0,0,0,0,0,3500,2,3,Both East and West,POINT (-93.869142971829 41.614943032956)
2015862900,2015030734,06/05/2015,06-June,6-Friday,21:25,2100 Hours,District 5 (Southeast),,CLARKE,I-35,I-35,Collision with:  Animal,On Roadway,Non-collision (single vehicle),Animal,None Indicated,Animal in roadway,N/A,N/A,N/A,N/A,N/A,Paved,N/A,Property Damage Only,0,0,0,0,0,0,4000,1,1,Northbound (NB),POINT (-93.798654319064 40.996412998018)
2015862448,15007610,06/05/2015,06-June,6-Friday,14:40,1400 Hours,District 5 (Southeast),CENTERVILLE,APPANOOSE,IA 2,IA 2/W MAPLE ST & N 7TH ST,Collision with:  Vehicle in traffic,On Roadway,Rear-end (front to rear),FTYROW:  Other (explain in narrative),None Indicated,None apparent,Daylight,Dry,Clear,Work Zone (roadway-related),Non-intersection:  Non-junction/no special feature,Paved,Yes,Minor Injury,0,1,0,1,0,0,5000,2,2,Westbound (WB),POINT (-92.87927606755 40.732538529681)
2015864648,1500000586,06/06/2015,06-June,7-Saturday,01:54,0100 Hours,District 1 (Central),,MARSHALL,,IOWA AVE W,Collision with:  Animal,On Roadway,Non-collision (single vehicle),Animal,None Indicated,Animal in roadway,Dark - roadway not lighted,Dry,Clear,None apparent,Non-intersection:  Non-junction/no special feature,Paved,N/A,Possible/Unknown,0,1,0,0,1,0,2000,1,1,N/A,POINT (-92.978106224866 42.006705851868)
2015862917,201502195,06/07/2015,06-June,1-Sunday,15:23,1500 Hours,District 6 (East Central),,LINN,,Co Rd W36/LEWIS BOTTOMS RD,Collision with:  Vehicle in traffic,On Roadway,"Sideswipe, same direction",Passing:  Other passing (explain in narrative),None Indicated,None apparent,Daylight,Dry,Cloudy,None apparent,Non-intersection:  Non-junction/no special feature,Paved,N/A,Minor Injury,0,3,0,3,0,0,6000,2,3,N/A,POINT (-91.805300068014 42.126327578981)
2015864654,,06/08/2015,06-June,2-Monday,16:00,1600 Hours,District 5 (Southeast),FORT MADISON,LEE,,AVE L & 26TH ST,Collision with:  Non-motorist (see non-motorist section - NOT a unit),Shoulder,Non-collision (single vehicle),FTYROW:  To pedestrian,None Indicated,None apparent,Daylight,Dry,Clear,None apparent,Intersection:  T-intersection,Paved,N/A,Possible/Unknown,0,1,0,0,1,0,0,1,1,N/A,POINT (-91.342714332753 40.62702690331)
2015862840,W15-048982,06/08/2015,06-June,2-Monday,04:02,0400 Hours,District 2 (Northeast),WATERLOO,BLACK HAWK,US 218,US 218/WASHINGTON ST,Collision with:  Animal,On Roadway,Non-collision (single vehicle),Animal,None Indicated,None apparent,Dark - roadway not lighted,Dry,Clear,None apparent,Non-intersection:  Non-junction/no special feature,Paved,N/A,Property Damage Only,0,0,0,0,0,0,10000,1,1,Northbound (NB),POINT (-92.301839141011 42.444513009218)
2015864208,15-010042,06/09/2015,06-June,3-Tuesday,18:38,1800 Hours,District 2 (Northeast),ROCKFORD,FLOYD,,,Collision with:  Vehicle in traffic,On Roadway,Rear to side,Improper Backing,None Indicated,None apparent,Daylight,Dry,Clear,None apparent,Non-intersection:  Non-junction/no special feature,N/A,N/A,Property Damage Only,0,0,0,0,0,0,3500,2,2,N/A,POINT (-96.643700150801 40.233091251088)
2015866635,2015031764,06/10/2015,06-June,4-Wednesday,16:35,1600 Hours,District 2 (Northeast),,BLACK HAWK,,Co Rd C57/E CEDAR-WAPSI RD & Co Rd V43/N ELK RUN RD,Collision with:  Vehicle in traffic,On Roadway,Broadside (front to side),Ran Stop Sign,None Indicated,None apparent,Daylight,Dry,Clear,None apparent,Intersection:  Four-way intersection,Paved,N/A,Major Injury,0,4,2,2,0,0,47500,2,4,N/A,POINT (-92.25871207781 42.614145016842)
2015863258,201508383,06/10/2015,06-June,4-Wednesday,15:06,1500 Hours,District 6 (East Central),CEDAR RAPIDS,LINN,,16TH AVE SW & 1ST ST SW,Collision with fixed object:  Curb/island/raised median,Median,Non-collision (single vehicle),Driver Distraction:  Passenger,None Indicated,None apparent,Daylight,Dry,Clear,None apparent,Intersection:  Y-intersection,Paved,N/A,Minor Injury,0,1,0,1,0,0,3500,1,4,N/A,POINT (-91.664194914949 41.962621230128)
2015864051,2015-40130,06/11/2015,06-June,5-Thursday,19:03,1900 Hours,District 6 (East Central),DAVENPORT,SCOTT,,IA 461/WELCOME WAY & W 53RD ST,Collision with:  Vehicle in traffic,On Roadway,Rear-end (front to rear),Driving too fast for conditions,None Indicated,None apparent,Daylight,Wet,Rain,"Surface condition (e.g., wet, icy)",Non-intersection:  Non-junction/no special feature,Paved,N/A,Property Damage Only,0,0,0,0,0,0,5200,3,5,No Travel Direction Consistent with Route,POINT (-90.571669859423 41.574517729531)
2015863331,15-2798,06/11/2015,06-June,5-Thursday,16:41,1600 Hours,District 1 (Central),WEST DES MOINES,POLK,I-35,I-35,Collision with:  Vehicle in traffic,On Roadway,Rear-end (front to rear),Followed too close,None Indicated,None apparent,Daylight,Wet,Cloudy,None apparent,Non-intersection:  Non-junction/no special feature,Paved,N/A,Property Damage Only,0,0,0,0,0,0,3300,2,2,Southbound (SB),POINT (-93.777062783967 41.597182648902)
2015863603,15002132,06/12/2015,06-June,6-Friday,13:16,1300 Hours,District 5 (Southeast),,KEOKUK,IA 92,IA 92/IOWA 92,Collision with fixed object:  Ditch,On Roadway,Non-collision (single vehicle),Driver Distraction:  Inattentive/lost in thought,None Indicated,None apparent,Daylight,Dry,Clear,None apparent,Non-intersection:  Non-junction/no special feature,Paved,N/A,Minor Injury,0,1,0,1,0,0,1000,1,1,Westbound (WB),POINT (-92.247887505658 41.336764243786)
2015864058,2015-40458,06/13/2015,06-June,7-Saturday,02:23,0200 Hours,District 6 (East Central),DAVENPORT,SCOTT,,W LOCUST ST & HICKORY GROVE RD & N DIVISION ST,Collision with fixed object:  Landscape/shrubbery,Outside trafficway,Non-collision (single vehicle),Ran off road - straight,Refused,None apparent,Dark - roadway lighted,Wet,Rain,None apparent,Intersection:  Five points or more,Paved,N/A,Property Damage Only,0,0,0,0,0,0,2000,1,1,N/A,POINT (-90.601076899886 41.538272175624)
2015863884,2015032410,06/13/2015,06-June,7-Saturday,15:43,1500 Hours,District 1 (Central),,POWESHIEK,I-80,I-80,Collision with:  Vehicle in traffic,On Roadway,"Sideswipe, same direction",Improper or erratic lane changing,None Indicated,None apparent,Daylight,Dry,Cloudy,None apparent,Non-intersection:  Non-junction/no special feature,Paved,N/A,Property Damage Only,0,0,0,0,0,0,3600,2,3,Eastbound (EB),POINT (-92.738015757379 41.695653206807)
2015864814,S15-051261,06/15/2015,06-June,2-Monday,16:27,1600 Hours,District 2 (Northeast),,BLACK HAWK,,Co Rd V25/WAGNER RD & W BENNINGTON RD,Collision with:  Vehicle in traffic,On Roadway,Broadside (front to side),Ran Stop Sign,None Indicated,None apparent,Daylight,Dry,Clear,None apparent,Intersection:  Four-way intersection,Paved,N/A,Possible/Unknown,0,1,0,0,1,0,36000,2,2,N/A,POINT (-92.376962887382 42.599980765224)
2015863891,2015032639,06/15/2015,06-June,2-Monday,23:55,2300 Hours,District 4 (Southwest),,FREMONT,I-29,I-29,Collision with:  Animal,On Roadway,Non-collision (single vehicle),Animal,None Indicated,Animal in roadway,N/A,N/A,N/A,N/A,N/A,Paved,N/A,Property Damage Only,0,0,0,0,0,0,5000,1,1,Northbound (NB),POINT (-95.806402289341 40.8370294826)
2015864123,W15-051478,06/16/2015,06-June,3-Tuesday,12:58,1200 Hours,District 2 (Northeast),WATERLOO,BLACK HAWK,IA 934,IA 934/UNIVERSITY AVE & SAGER AVE,Collision with:  Vehicle in traffic,On Roadway,Rear-end (front to rear),Driver Distraction:  Other interior distraction,None Indicated,None apparent,Daylight,Dry,Clear,None apparent,Intersection:  Four-way intersection,Paved,N/A,Property Damage Only,0,0,0,0,0,0,2000,2,2,Westbound (WB),POINT (-92.382482724255 42.497642208512)
2015864602,2015032828,06/16/2015,06-June,3-Tuesday,05:45,0500 Hours,District 4 (Southwest),,HARRISON,I-29,I-29,Collision with:  Animal,Unknown,N/A,Animal,None Indicated,N/A,N/A,N/A,N/A,N/A,N/A,Paved,N/A,Property Damage Only,0,0,0,0,0,0,3000,1,1,Northbound (NB),POINT (-96.042964340356 41.6995355017)
2015864295,1506170655,06/17/2015,06-June,4-Wednesday,06:55,0600 Hours,District 6 (East Central),,JONES,,Co Rd D61/CO RD D-61 & 245 ST,N/A,Other (explain in narrative),Non-collision (single vehicle),Ran off road - left,None Indicated,None apparent,Daylight,Dry,Clear,None apparent,Non-intersection:  Non-junction/no special feature,Paved,N/A,Property Damage Only,0,0,0,0,0,0,2000,1,1,N/A,POINT (-90.956483266871 42.29526424235)
2015864628,15-024131,06/18/2015,06-June,5-Thursday,14:16,1400 Hours,District 4 (Southwest),COUNCIL BLUFFS,POTTAWATTAMIE,,5TH AVE & S 21ST ST,Collision with:  Vehicle in traffic,On Roadway,"Sideswipe, same direction",Made improper turn,None Indicated,None apparent,Daylight,Dry,Cloudy,None apparent,Non-intersection:  Non-junction/no special feature,Paved,N/A,Property Damage Only,0,0,0,0,0,0,3500,2,3,N/A,POINT (-95.875296911638 41.257137131619)
2015865464,15-19525,06/19/2015,06-June,6-Friday,05:29,0500 Hours,District 3 (Northwest),SIOUX CITY,WOODBURY,I-29,I-29 & IA 376/SINGING HILLS BLVD,Collision with:  Vehicle in traffic,On Roadway,Rear-end (front to rear),Followed too close,None Indicated,None apparent,Dawn,Dry,Clear,None apparent,Intersection:  Intersection with ramp,Paved,N/A,Property Damage Only,0,0,0,0,0,0,4000,2,2,Ramp,POINT (-96.374050327521 42.434595800306)
2015864731,W15-052580,06/19/2015,06-June,6-Friday,21:49,2100 Hours,District 2 (Northeast),WATERLOO,BLACK HAWK,US 218,US 218/SPECIAL CASE,Collision with:  Animal,On Roadway,Rear-end (front to rear),Animal,None Indicated,Animal in roadway,Dark - roadway lighted,Dry,Clear,None apparent,Non-intersection:  Non-junction/no special feature,Paved,N/A,Minor Injury,0,1,0,1,0,0,11000,2,5,No Travel Direction Consistent with Route,POINT (-92.373751081817 42.507978547247)
2015864871,2015006473,06/20/2015,06-June,7-Saturday,00:52,0000 Hours,District 6 (East Central),IOWA CITY,JOHNSON,,E DAVENPORT ST & N DUBUQUE ST,Collision with:  Vehicle in traffic,On Roadway,Broadside (front to side),FTYROW:  From stop sign,None Indicated,None apparent,Dark - roadway lighted,Dry,Clear,None apparent,Intersection:  Four-way intersection,Paved,N/A,Property Damage Only,0,0,0,0,0,0,4000,2,2,N/A,POINT (-91.533032319873 41.665782668924)
2015864934,2015033924,06/21/2015,06-June,1-Sunday,03:07,0300 Hours,District 4 (Southwest),,DALLAS,I-80,I-80,Collision with:  Animal,Unknown,N/A,Animal,None Indicated,N/A,N/A,N/A,N/A,N/A,N/A,Paved,N/A,Property Damage Only,0,0,0,0,0,0,5000,1,1,Westbound (WB),POINT (-94.021927873007 41.539224118275)
2015894692,153613,06/22/2015,06-June,2-Monday,22:47,2200 Hours,District 1 (Central),,HARDIN,US 20,US 20,Collision with:  Animal,Unknown,N/A,Animal,None Indicated,N/A,N/A,N/A,N/A,N/A,N/A,Paved,N/A,Property Damage Only,0,0,0,0,0,0,2000,1,1,Unknown - Not Indicated - Unlocated,POINT (-93.219106772087 42.444754678896)
2015865577,,06/22/2015,06-June,2-Monday,16:20,1600 Hours,District 6 (East Central),CEDAR RAPIDS,LINN,,DIAGONAL DR SW & 3RD ST SW,N/A,On Roadway,Head-on (front to front),Unknown,None Indicated,N/A,N/A,N/A,N/A,N/A,N/A,Paved,N/A,Property Damage Only,0,0,0,0,0,0,0,2,3,N/A,POINT (-91.67265086135 41.970915198569)
2015865347,15-713,06/23/2015,06-June,3-Tuesday,19:55,1900 Hours,District 3 (Northwest),SPIRIT LAKE,DICKINSON,,27TH ST & ADAMS AVE,Collision with:  Parked motor vehicle,On Roadway,Rear to side,Driver Distraction:  Other interior distraction,None Indicated,None apparent,Daylight,Dry,Clear,None apparent,"Non-intersection:  Driveway access (related, not in)",Paved,N/A,Property Damage Only,0,0,0,0,0,0,1500,2,777,N/A,POINT (-95.088698113521 43.416158496273)
2015865610,15-1423,06/24/2015,06-June,4-Wednesday,07:50,0700 Hours,District 1 (Central),URBANDALE,POLK,I-35,I-35,Collision with:  Vehicle in traffic,On Roadway,"Sideswipe, opposite direction",Improper Backing,None Indicated,None apparent,Daylight,Dry,Cloudy,None apparent,Interchange-related:  Off-ramp,Paved,N/A,Property Damage Only,0,0,0,0,0,0,6000,2,2,Ramp,POINT (-93.777989863957 41.615424940425)
2015866234,201500029273,06/24/2015,06-June,4-Wednesday,13:00,1300 Hours,District 5 (Southeast),OTTUMWA,WAPELLO,,S CLAY ST,Collision with:  Vehicle in traffic,On Roadway,Broadside (front to side),FTYROW:  From stop sign,None Indicated,None apparent,Daylight,Dry,Clear,None apparent,Intersection:  Four-way intersection,Paved,N/A,Possible/Unknown,0,1,0,0,1,0,5500,2,2,N/A,POINT (-92.424158180745 41.026351313374)
2015866567,AP15-0226,06/25/2015,06-June,5-Thursday,13:35,1300 Hours,District 6 (East Central),ANAMOSA,JONES,,HICKORY ST & S MAIN ST,Collision with:  Vehicle in traffic,On Roadway,Broadside (front to side),Unknown,None Indicated,None apparent,Daylight,Dry,Clear,None apparent,Non-intersection:  Non-junction/no special feature,Paved,N/A,Property Damage Only,0,0,0,0,0,0,3500,2,4,N/A,POINT (-91.294013000633 42.106994015798)
2015866715,15-20488,06/26/2015,06-June,6-Friday,17:11,1700 Hours,District 3 (Northwest),SIOUX CITY,WOODBURY,,W 17TH ST & HAMILTON BLVD,Collision with:  Vehicle in traffic,On Roadway,"Angle, oncoming left turn",FTYROW:  Making left turn,None Indicated,Glare,Daylight,Dry,Clear,None apparent,Intersection:  Four-way intersection,Paved,N/A,Property Damage Only,0,0,0,0,0,0,4000,2,4,N/A,POINT (-96.416710500404 42.508401201905)
2015865931,15010751,06/26/2015,06-June,6-Friday,20:17,2000 Hours,District 2 (Northeast),MASON CITY,CERRO GORDO,,12TH ST SE & S PENNSYLVANIA AVE,Collision with:  Vehicle in traffic,On Roadway,Rear-end (front to rear),Driver Distraction:  Other interior distraction,None Indicated,None apparent,Daylight,Dry,Clear,None apparent,Non-intersection:  Non-junction/no special feature,Paved,N/A,Property Damage Only,0,0,0,0,0,0,5000,2,2,N/A,POINT (-93.198394753881 43.140262500326)
2015865986,2015-005298,06/27/2015,06-June,7-Saturday,15:26,1500 Hours,District 6 (East Central),DUBUQUE,DUBUQUE,,DELHI ST & UNIVERSITY AVE,Collision with:  Vehicle in traffic,On Roadway,"Angle, oncoming left turn",FTYROW:  From stop sign,None Indicated,None apparent,Daylight,Dry,Clear,None apparent,Intersection:  Y-intersection,Paved,N/A,Property Damage Only,0,0,0,0,0,0,1500,2,4,N/A,POINT (-90.690625808944 42.497988239463)
2015865978,15054952,06/27/2015,06-June,7-Saturday,08:53,0800 Hours,District 2 (Northeast),CEDAR FALLS,BLACK HAWK,,12TH ST & WATERLOO RD & STATE ST,Collision with:  Vehicle in traffic,On Roadway,Broadside (front to side),FTYROW:  From stop sign,None Indicated,None apparent,Daylight,Dry,Clear,None apparent,Intersection:  T-intersection,Paved,N/A,Minor Injury,0,1,0,1,0,0,11000,2,4,N/A,POINT (-92.444199250567 42.527560267391)
2015865969,15-1467,06/28/2015,06-June,1-Sunday,17:35,1700 Hours,District 1 (Central),URBANDALE,POLK,,MEREDITH DR & 59TH ST,Collision with:  Vehicle in traffic,On Roadway,Broadside (front to side),FTYROW:  From driveway,None Indicated,None apparent,Daylight,Dry,Clear,None apparent,"Non-intersection:  Driveway access (related, not in)",Paved,N/A,Property Damage Only,0,0,0,0,0,0,2500,2,2,N/A,POINT (-93.698948340727 41.643917973036)
2015866266,S15-7430,06/29/2015,06-June,2-Monday,09:40,0900 Hours,District 3 (Northwest),SMITHLAND,WOODBURY,IA 31,IA 31/HICKORY ST & PINE ST,Collision with:  Vehicle in traffic,On Roadway,Rear-end (front to rear),FTYROW:  From parked position,None Indicated,None apparent,Daylight,Dry,Clear,None apparent,Intersection:  T-intersection,Paved,N/A,Property Damage Only,0,0,0,0,0,0,4000,2,3,No Travel Direction Consistent with Route,POINT (-95.930513764623 42.232512833662)
2015866396,15-0799,06/30/2015,06-June,3-Tuesday,16:28,1600 Hours,District 1 (Central),PLEASANT HILL,POLK,,S PLEASANT HILL BLVD,Collision with fixed object:  Mailbox,Roadside,Non-collision (single vehicle),Driver Distraction:  Other interior distraction,None Indicated,None apparent,Daylight,Dry,Clear,None apparent,Non-intersection:  Non-junction/no special feature,Paved,N/A,Property Damage Only,0,0,0,0,0,0,2250,1,1,N/A,POINT (-93.520163082318 41.584265432993)
2015867900,15-070701-01,07/01/2015,07-July,4-Wednesday,23:54,2300 Hours,District 6 (East Central),,IOWA,IA 149,IA 149/M AVE,Collision with:  Animal,On Roadway,Non-collision (single vehicle),Animal,None Indicated,Animal in roadway,Dark - roadway not lighted,Dry,Cloudy,None apparent,Non-intersection:  Non-junction/no special feature,Paved,N/A,Property Damage Only,0,0,0,0,0,0,8000,1,1,Southbound (SB),POINT (-92.065110893584 41.528201244949)
2015866428,15-026066,07/01/2015,07-July,4-Wednesday,07:35,0700 Hours,District 4 (Southwest),COUNCIL BLUFFS,POTTAWATTAMIE,,HARRISON ST,Collision with:  Vehicle in traffic,On Roadway,Rear to side,FTYROW:  From driveway,None Indicated,None apparent,Daylight,Dry,Cloudy,None apparent,"Non-intersection:  Driveway access (related, not in)",Paved,N/A,Property Damage Only,0,0,0,0,0,0,4000,2,2,N/A,POINT (-95.848137091368 41.273699961873)
2015867213,15-020413,07/02/2015,07-July,5-Thursday,00:30,0000 Hours,District 5 (Southeast),,LEE,,Co Rd J40/CO RD 103,Collision with:  Animal,Unknown,N/A,Animal,None Indicated,N/A,N/A,N/A,N/A,N/A,N/A,Paved,N/A,Property Damage Only,0,0,0,0,0,0,1500,1,1,N/A,POINT (-91.504236948823 40.71892781618)
2015866778,15-026507,07/03/2015,07-July,6-Friday,17:39,1700 Hours,District 4 (Southwest),COUNCIL BLUFFS,POTTAWATTAMIE,,S 35TH ST,Collision with:  Vehicle in traffic,On Roadway,Rear-end (front to rear),Followed too close,None Indicated,None apparent,Daylight,Dry,Clear,None apparent,Non-intersection:  Non-junction/no special feature,Paved,N/A,Property Damage Only,0,0,0,0,0,0,2500,2,3,N/A,POINT (-95.902032892991 41.250980942059)
2015866852,15-4162,07/04/2015,07-July,7-Saturday,18:42,1800 Hours,District 1 (Central),GRIMES,POLK,IA 44,IA 44/1ST ST & S EWING ST & N EWING ST,Collision with:  Vehicle in traffic,On Roadway,Broadside (front to side),FTYROW:  From stop sign,None Indicated,None apparent,Daylight,Dry,Clear,None apparent,Intersection:  Four-way intersection,Paved,N/A,Minor Injury,0,1,0,1,0,0,6500,2,3,Westbound (WB),POINT (-93.793588056018 41.688384018694)
2015869066,201509655,07/04/2015,07-July,7-Saturday,22:25,2200 Hours,District 6 (East Central),CEDAR RAPIDS,LINN,,10TH AVE SW & 15TH ST SW,Collision with:  Vehicle in traffic,On Roadway,Broadside (front to side),FTYROW:  From stop sign,None Indicated,None apparent,Dark - roadway lighted,Dry,Clear,"Traffic backup, prior non-recurring incident",Intersection:  T-intersection,Paved,N/A,Property Damage Only,0,0,0,0,0,0,4000,2,2,N/A,POINT (-91.691735790412 41.967180464572)
2015867113,07-15-004,07/05/2015,07-July,1-Sunday,15:18,1500 Hours,District 3 (Northwest),LE MARS,PLYMOUTH,,2ND ST SE & 5TH AVE SE,Collision with:  Vehicle in traffic,On Roadway,Broadside (front to side),FTYROW:  From stop sign,None Indicated,None apparent,Daylight,Dry,Clear,None apparent,Intersection:  Four-way intersection,Paved,N/A,Property Damage Only,0,0,0,0,0,0,3000,2,3,N/A,POINT (-96.159149361307 42.790606958527)
2015869311,201509735,07/06/2015,07-July,2-Monday,13:55,1300 Hours,District 6 (East Central),CEDAR RAPIDS,LINN,,WILSON AVE SW & EDGEWOOD RD SW,Collision with:  Vehicle in traffic,On Roadway,Broadside (front to side),Ran Traffic Signal,None Indicated,None apparent,Daylight,Dry,Cloudy,None apparent,Intersection:  Four-way intersection,Paved,N/A,Property Damage Only,0,0,0,0,0,0,6000,2,3,N/A,POINT (-91.716256000355 41.956478401116)
2015867174,15-3227,07/06/2015,07-July,2-Monday,17:54,1700 Hours,District 1 (Central),WEST DES MOINES,POLK,,MILLS CIVIC PKWY,Collision with:  Vehicle in traffic,On Roadway,Rear-end (front to rear),Followed too close,None Indicated,None apparent,Daylight,Dry,Cloudy,None apparent,"Interchange-related:  Mainline, between ramps",Paved,N/A,Property Damage Only,0,0,0,0,0,0,2000,2,2,N/A,POINT (-93.775336020431 41.559165776385)
2015867239,2015-17348,07/07/2015,07-July,3-Tuesday,00:36,0000 Hours,District 5 (Southeast),,WARREN,US 65,US 65 & 160TH AVE,Collision with:  Animal,Unknown,N/A,Animal,None Indicated,N/A,N/A,N/A,N/A,N/A,N/A,Paved,N/A,Property Damage Only,0,0,0,0,0,0,1800,1,1,Unknown - Not Indicated - Unlocated,POINT (-93.500778548984 41.207429567878)
2015868951,15-000869,07/08/2015,07-July,4-Wednesday,21:38,2100 Hours,District 1 (Central),,STORY,US 69,US 69,Collision with:  Vehicle in traffic,On Roadway,"Sideswipe, same direction",Driver Distraction:  Other interior distraction,None Indicated,Animal in roadway,Dark - roadway not lighted,Dry,Clear,Debris,Intersection:  Four-way intersection,Paved,N/A,Possible/Unknown,0,1,0,0,1,0,11000,2,2,Northbound (NB),POINT (-93.62067193616 42.077820871491)
2015869372,2015037899,07/09/2015,07-July,5-Thursday,15:40,1500 Hours,District 6 (East Central),LE CLAIRE,SCOTT,I-80,I-80,Collision with:  Vehicle in traffic,On Roadway,Rear-end (front to rear),Other (explain in narrative):  Other,None Indicated,None apparent,Daylight,Dry,Clear,None apparent,Non-intersection:  Non-junction/no special feature,Paved,N/A,Property Damage Only,0,0,0,0,0,0,20000,2,2,Eastbound (EB),POINT (-90.366412561648 41.582398242741)
2015867752,1507092134,07/09/2015,07-July,5-Thursday,21:30,2100 Hours,District 6 (East Central),,JONES,IA 136,IA 136/IOWA 136,Collision with:  Animal,Unknown,N/A,Animal,None Indicated,N/A,N/A,N/A,N/A,N/A,N/A,Paved,N/A,Property Damage Only,0,0,0,0,0,0,5000,1,1,Unknown - Not Indicated - Unlocated,POINT (-90.99577846135 42.05476361235)
2015867712,15-3288,07/10/2015,07-July,6-Friday,00:45,0000 Hours,District 1 (Central),WEST DES MOINES,POLK,,19TH ST,Collision with fixed object:  Utility pole/light support,Roadside,Non-collision (single vehicle),Ran off road - right,Alcohol (Statutory),None apparent,Dark - roadway lighted,Dry,Cloudy,None apparent,Non-intersection:  Non-junction/no special feature,Paved,N/A,Minor Injury,0,1,0,1,0,0,10500,1,1,N/A,POINT (-93.732275383063 41.58388475019)
2015868314,15-13034,07/10/2015,07-July,6-Friday,01:20,0100 Hours,District 6 (East Central),BETTENDORF,SCOTT,I-74,I-74 & US 67/STATE ST & 14TH ST,Collision with:  Work zone maintenance equipment,On Roadway,Non-collision (single vehicle),Lost Control,Refused,None apparent,Dark - roadway lighted,Dry,Clear,Work Zone (roadway-related),Intersection:  Other intersection (explain in narrative),Paved,Yes,Property Damage Only,0,0,0,0,0,0,2500,1,1,Ramp,POINT (-90.513078153034 41.525170746979)