Iowa DOT Case Number,Law Enforcement Case Number,Date of Crash,Month of Crash,Day of Week,Time of Crash,Hour,DOT District,City Name,County Name,Route with System,Location Description,First Harmful Event,Location of First Harmful Event,Manner of Crash/Collision,Major Cause,Drug or Alcohol ,Environmental Conditions,Light Conditions,Surface Conditions,Weather Conditions,Roadway Contribution,Roadway Type,Roadway Surface,Work Zone,Crash Severity,Number of Fatalities,Number of Injuries,Number of Major Injuries,Number of Minor Injuries,Number of Possible Injuries,Number of Unknown Injuries,Amount of Property Damage,Number of Vehicles Involved,Total Number of Occupants,Travel Direction,Location
2015874354,15-22505,07/11/2015,07-July,7-Saturday,14:45,1400 Hours,District 3 (Northwest),SIOUX CITY,WOODBURY,,W 19TH ST & HAMILTON BLVD,Collision with:  Vehicle in traffic,On Roadway,Rear-end (front to rear),Followed too close,None Indicated,None apparent,Daylight,Dry,Clear,None apparent,Intersection:  Four-way intersection,Paved,N/A,Possible/Unknown,0,2,0,0,2,0,600,2,3,N/A,POINT (-96.416755242973 42.510560935914)
2015868087,2015-002733,07/12/2015,07-July,1-Sunday,06:58,0600 Hours,District 6 (East Central),,DUBUQUE,,Co Rd Y13/HOLY CROSS RD,Non-collision events:  Overturn/rollover,Shoulder,Non-collision (single vehicle),Ran off road - right,None Indicated,None apparent,Dark - roadway not lighted,Dry,Clear,None apparent,Non-intersection:  Non-junction/no special feature,Paved,N/A,Minor Injury,0,1,0,1,0,0,13500,1,1,N/A,POINT (-90.996243633977 42.569255552696)
2015873971,2015-48602,07/13/2015,07-July,2-Monday,11:49,1100 Hours,District 6 (East Central),DAVENPORT,SCOTT,I-74,I-74 & E 53RD ST,Collision with:  Vehicle in traffic,On Roadway,Rear-end (front to rear),Other (explain in narrative):  Other,None Indicated,None apparent,Daylight,Dry,Clear,None apparent,Non-intersection:  Non-junction/no special feature,Paved,N/A,Possible/Unknown,0,1,0,0,1,0,10500,3,5,Westbound (WB),POINT (-90.522159429572 41.574829760863)
2015870423,2015038756,07/13/2015,07-July,2-Monday,17:01,1700 Hours,District 6 (East Central),,JOHNSON,,Co Rd F16/HWY 382 NE & 170TH ST,Collision with:  Vehicle in traffic,On Roadway,Broadside (front to side),FTYROW:  At uncontrolled intersection,None Indicated,None apparent,Daylight,Dry,Clear,None apparent,Intersection:  Other intersection (explain in narrative),Paved,N/A,Major Injury,0,6,1,5,0,0,34000,2,8,N/A,POINT (-91.56827470366 41.810839604892)
2015868541,20150020244,07/14/2015,07-July,3-Tuesday,17:48,1700 Hours,District 1 (Central),DES MOINES,POLK,US 69,US 69/E 15TH ST & E GRAND AVE,Collision with:  Vehicle in traffic,On Roadway,"Sideswipe, same direction",FTYROW:  Making left turn,None Indicated,None apparent,Daylight,Dry,Clear,None apparent,Non-intersection:  Alley,Paved,N/A,Property Damage Only,0,0,0,0,0,0,6000,2,4,Northbound (NB),POINT (-93.59528059355 41.593953145909)
2015868651,15C03059,07/15/2015,07-July,4-Wednesday,12:28,1200 Hours,District 4 (Southwest),CRESTON,UNION,IA 25,IA 25/N SUMNER AVE/S SUMNER AVE & W ADAMS ST,Collision with:  Vehicle in traffic,On Roadway,"Angle, oncoming left turn",FTYROW:  Making left turn,None Indicated,None apparent,Daylight,Wet,Cloudy,None apparent,Intersection:  Four-way intersection,Paved,N/A,Property Damage Only,0,0,0,0,0,0,2200,2,3,No Travel Direction Consistent with Route,POINT (-94.372644314119 41.057295371482)
2015870078,2015039050,07/15/2015,07-July,4-Wednesday,07:55,0700 Hours,District 3 (Northwest),SIOUX CITY,WOODBURY,I-29,I-29,Non-collision events:  Overturn/rollover,On Roadway,Non-collision (single vehicle),Driving too fast for conditions,None Indicated,None apparent,Daylight,Dry,Cloudy,None apparent,Interchange-related:  On-ramp,Paved,N/A,Minor Injury,0,1,0,1,0,0,20000,1,1,Ramp,POINT (-96.373615907954 42.444162442919)
2015868828,15-23075,07/16/2015,07-July,5-Thursday,06:51,0600 Hours,District 3 (Northwest),SIOUX CITY,WOODBURY,,3RD ST & PIERCE ST,Collision with:  Vehicle in traffic,On Roadway,Broadside (front to side),Ran Traffic Signal,None Indicated,None apparent,Dawn,Wet,Cloudy,None apparent,Intersection:  Four-way intersection,Paved,N/A,Possible/Unknown,0,2,0,0,2,0,20000,2,3,N/A,POINT (-96.404913045883 42.493084938634)
2015869428,P15-005835,07/17/2015,07-July,6-Friday,19:18,1900 Hours,District 1 (Central),WEBSTER CITY,HAMILTON,,SUPERIOR ST,Collision with:  Animal,On Roadway,Non-collision (single vehicle),Animal,None Indicated,None apparent,Daylight,Dry,Clear,None apparent,Non-intersection:  Non-junction/no special feature,Paved,N/A,Property Damage Only,0,0,0,0,0,0,3000,1,2,N/A,POINT (-93.816255748661 42.454864120035)
2015869031,20150020534,07/17/2015,07-July,6-Friday,12:20,1200 Hours,District 1 (Central),DES MOINES,POLK,I-235,I-235 & PENNSYLVANIA AVE,Collision with:  Vehicle in traffic,On Roadway,Broadside (front to side),Ran Traffic Signal,None Indicated,None apparent,Daylight,Dry,Clear,None apparent,Intersection:  Four-way intersection,Paved,N/A,Property Damage Only,0,0,0,0,0,0,7500,2,4,Ramp,POINT (-93.608700724915 41.595828441042)
2015869396,15-23396,07/18/2015,07-July,7-Saturday,13:07,1300 Hours,District 3 (Northwest),SIOUX CITY,WOODBURY,,3RD ST & PEARL ST,Collision with:  Non-motorist (see non-motorist section - NOT a unit),On Roadway,Non-collision (single vehicle),FTYROW:  To pedestrian,None Indicated,None apparent,Daylight,Dry,Clear,None apparent,Non-intersection:  Non-junction/no special feature,Paved,N/A,Possible/Unknown,0,1,0,0,1,0,0,1,1,N/A,POINT (-96.407821202084 42.493088447762)
2015891369,PD150499,07/19/2015,07-July,1-Sunday,15:53,1500 Hours,District 1 (Central),GRUNDY CENTER,GRUNDY,IA 14,IA 14/240TH ST & COMMERCE DR CONN,Collision with:  Vehicle in traffic,On Roadway,Rear-end (front to rear),Swerving/Evasive Action,None Indicated,None apparent,Daylight,Dry,Clear,None apparent,Intersection:  T-intersection,Paved,N/A,Possible/Unknown,0,5,0,0,5,0,15000,2,5,No Travel Direction Consistent with Route,POINT (-92.792888922976 42.361597315119)
2015870075,2015-18658,07/20/2015,07-July,2-Monday,15:33,1500 Hours,District 5 (Southeast),INDIANOLA,WARREN,US 65,US 65/S JEFFERSON WAY,Collision with:  Vehicle in traffic,On Roadway,"Angle, oncoming left turn",FTYROW:  Making left turn,None Indicated,None apparent,Daylight,Dry,Clear,None apparent,"Non-intersection:  Driveway access (related, not in)",Paved,N/A,Minor Injury,0,2,0,2,0,0,18050,2,2,Both North and South,POINT (-93.558188607384 41.344966163444)
2015870451,2015-51059,07/21/2015,07-July,3-Tuesday,22:01,2200 Hours,District 6 (East Central),DAVENPORT,SCOTT,,IA 461/BRADY ST,Collision with:  Vehicle in traffic,On Roadway,Head-on (front to front),Traveling wrong way or on wrong side of road,None Indicated,None apparent,Dark - roadway lighted,Dry,Clear,None apparent,Non-intersection:  Non-junction/no special feature,Paved,N/A,Property Damage Only,0,0,0,0,0,0,14000,2,2,No Travel Direction Consistent with Route,POINT (-90.567794011453 41.566897436261)
2015869822,20150021101,07/22/2015,07-July,4-Wednesday,18:21,1800 Hours,District 1 (Central),DES MOINES,POLK,,EASTER LAKE DR & SE 34TH ST,Collision with:  Vehicle in traffic,On Roadway,"Angle, oncoming left turn",FTYROW:  Making left turn,None Indicated,None apparent,Daylight,Dry,Clear,None apparent,Intersection:  T-intersection,Paved,N/A,Property Damage Only,0,0,0,0,0,0,1500,2,2,N/A,POINT (-93.548936834198 41.536699166066)
2015869821,20150021083,07/22/2015,07-July,4-Wednesday,15:16,1500 Hours,District 1 (Central),DES MOINES,POLK,,UNIVERSITY AVE,Collision with:  Vehicle in traffic,On Roadway,Rear-end (front to rear),Followed too close,None Indicated,None apparent,Daylight,Dry,Cloudy,None apparent,Non-intersection:  Non-junction/no special feature,Paved,N/A,Possible/Unknown,0,1,0,0,1,0,4300,2,2,N/A,POINT (-93.628835417717 41.60080916133)
2015870034,2015007563,07/23/2015,07-July,5-Thursday,16:13,1600 Hours,District 6 (East Central),IOWA CITY,JOHNSON,,E PRENTISS ST & S GILBERT ST,Collision with:  Vehicle in traffic,On Roadway,Rear-end (front to rear),Followed too close,None Indicated,None apparent,Daylight,Dry,Clear,None apparent,Intersection:  Four-way intersection,Paved,N/A,Possible/Unknown,0,1,0,0,1,0,2500,2,4,N/A,POINT (-91.530288532574 41.65438996911)
2015870412,15-14348,07/24/2015,07-July,6-Friday,12:09,1200 Hours,District 2 (Northeast),,BREMER,,Co Rd C50/275TH ST,Collision with:  Animal,On Roadway,Non-collision (single vehicle),Animal,None Indicated,Animal in roadway,Daylight,Dry,Cloudy,None apparent,Non-intersection:  Non-junction/no special feature,Paved,N/A,Property Damage Only,0,0,0,0,0,0,3000,1,1,N/A,POINT (-92.405502942227 42.649582388637)
2015872135,2015-51923,07/24/2015,07-July,6-Friday,22:47,2200 Hours,District 6 (East Central),DAVENPORT,SCOTT,,W 53RD ST,Other (explain in narrative),Other (explain in narrative),Non-collision (single vehicle),"Operating vehicle in an reckless, erratic, careless, negligent manner",Refused,None apparent,Dark - roadway lighted,Dry,Clear,None apparent,Non-intersection:  Other non-intersection (explain in narrative),Unpaved,N/A,Minor Injury,0,1,0,1,0,0,25000,1,2,N/A,POINT (-90.615857024177 41.574470296556)
2015870994,2015041295,07/25/2015,07-July,7-Saturday,23:19,2300 Hours,District 2 (Northeast),,CLAYTON,,LARRIET RD,Non-collision events:  Overturn/rollover,On Roadway,Non-collision (single vehicle),Ran off road - right,Alcohol (Statutory),None apparent,Dark - roadway not lighted,Dry,Clear,None apparent,Non-intersection:  Non-junction/no special feature,Paved,N/A,Property Damage Only,0,0,0,0,0,0,10000,1,3,N/A,POINT (-91.178845039289 42.938974512342)
2015870257,20150021490,07/26/2015,07-July,1-Sunday,14:10,1400 Hours,District 1 (Central),DES MOINES,POLK,,NW MEREDITH DR,Collision with:  Vehicle in traffic,On Roadway,"Sideswipe, same direction",Unknown,None Indicated,None apparent,Daylight,Dry,Clear,None apparent,Non-intersection:  Non-junction/no special feature,Paved,N/A,Property Damage Only,0,0,0,0,0,0,1600,2,2,N/A,POINT (-93.69496216886 41.643960157197)
2015870543,20150021632,07/27/2015,07-July,2-Monday,00:00,0000 Hours,District 1 (Central),DES MOINES,POLK,,CENTER ST & 18TH ST,Collision with:  Parked motor vehicle,On Roadway,"Sideswipe, same direction",Unknown,None Indicated,Unknown,Unknown,Unknown,Unknown,Unknown,Non-intersection:  Non-junction/no special feature,Paved,N/A,Property Damage Only,0,0,0,0,0,0,1500,2,1,N/A,POINT (-93.641344857709 41.591669770983)
2015871383,1507288091,07/28/2015,07-July,3-Tuesday,22:40,2200 Hours,District 6 (East Central),DE WITT,CLINTON,,Co Rd Y70/290 AVE & 205 ST,Collision with fixed object:  Ditch,On Roadway,Non-collision (single vehicle),Driver Distraction:  Inattentive/lost in thought,None Indicated,None apparent,Dark - roadway not lighted,Wet,Rain,None apparent,Non-intersection:  Non-junction/no special feature,Paved,N/A,Property Damage Only,0,0,0,0,0,0,3000,1,1,N/A,POINT (-90.529292419418 41.880354131188)
2015871175,15-011518,07/28/2015,07-July,3-Tuesday,09:54,0900 Hours,District 3 (Northwest),SPENCER,CLAY,US 18,US 18/N GRAND AVE & W 4TH ST & E 4TH ST,Collision with:  Non-motorist (see non-motorist section - NOT a unit),On Roadway,Non-collision (single vehicle),FTYROW:  To pedestrian,None Indicated,None apparent,Daylight,Dry,Cloudy,None apparent,Intersection:  Four-way intersection,Paved,N/A,Possible/Unknown,0,1,0,0,1,0,100,1,1,Eastbound (EB),POINT (-95.144707933482 43.141373748204)
2015875376,2015042038,07/29/2015,07-July,4-Wednesday,15:50,1500 Hours,District 4 (Southwest),,HARRISON,I-29,I-29,Collision with:  Vehicle in traffic,On Roadway,Rear-end (front to rear),"Operating vehicle in an reckless, erratic, careless, negligent manner",None Indicated,None apparent,Daylight,Dry,Clear,None apparent,Non-intersection:  Non-junction/no special feature,Paved,N/A,Minor Injury,0,3,0,1,2,0,50000,2,3,Northbound (NB),POINT (-95.956576684866 41.595334886353)
2015871065,15-3714,07/30/2015,07-July,5-Thursday,18:10,1800 Hours,District 4 (Southwest),WEST DES MOINES,DALLAS,I-80,I-80,Collision with:  Vehicle in traffic,On Roadway,Rear-end (front to rear),Followed too close,None Indicated,None apparent,Daylight,Dry,Clear,None apparent,Non-intersection:  Non-junction/no special feature,Paved,N/A,Property Damage Only,0,0,0,0,0,0,10500,3,3,Westbound (WB),POINT (-93.798959166578 41.592141652589)
2015871087,S15-003213,07/30/2015,07-July,5-Thursday,12:35,1200 Hours,District 4 (Southwest),COUNCIL BLUFFS,POTTAWATTAMIE,,SCHOOL HILL AVE,Collision with:  Vehicle in traffic,On Roadway,Broadside (front to side),Other (explain in narrative):  Vision obstructed,None Indicated,Visual obstruction,Daylight,Dry,Clear,None apparent,Non-intersection:  Non-junction/no special feature,Paved,N/A,Property Damage Only,0,0,0,0,0,0,8000,2,3,N/A,POINT (-95.832793713535 41.300386368162)
2015871275,15-003267,07/31/2015,07-July,6-Friday,15:03,1500 Hours,District 1 (Central),ANKENY,POLK,I-35,I-35,Miscellaneous events:  Hit and run,On Roadway,Rear-end (front to rear),Unknown,None Indicated,None apparent,Daylight,Dry,Clear,None apparent,Interchange-related:  Off-ramp,Paved,N/A,Possible/Unknown,0,1,0,0,1,0,2000,2,5,Ramp,POINT (-93.574347806278 41.702668048196)
2015872152,2015-54020,08/01/2015,08-August,7-Saturday,22:09,2200 Hours,District 6 (East Central),DAVENPORT,SCOTT,,W CENTRAL PARK AVE & HICKORY GROVE RD,Collision with:  Vehicle in traffic,On Roadway,Rear-end (front to rear),Driver Distraction:  Reaching for object(s)/fallen object(s),None Indicated,None apparent,Dark - roadway lighted,Dry,Clear,None apparent,Intersection:  Four-way intersection,Paved,N/A,Property Damage Only,0,0,0,0,0,0,3500,2,2,N/A,POINT (-90.610580748133 41.545486163097)
2015872145,2015-53909,08/01/2015,08-August,7-Saturday,10:41,1000 Hours,District 6 (East Central),DAVENPORT,SCOTT,,IA 461/BRADY ST,Collision with:  Vehicle in traffic,On Roadway,Rear-end (front to rear),Followed too close,None Indicated,None apparent,Daylight,Dry,Clear,None apparent,Intersection:  Four-way intersection,Paved,N/A,Property Damage Only,0,0,0,0,0,0,1500,2,2,No Travel Direction Consistent with Route,POINT (-90.571318059575 41.585822271488)
2015873222,2015-54125,08/02/2015,08-August,1-Sunday,11:31,1100 Hours,District 6 (East Central),DAVENPORT,SCOTT,,E LOCUST ST & GRAND AVE,Collision with:  Vehicle in traffic,On Roadway,"Sideswipe, same direction",Improper or erratic lane changing,None Indicated,None apparent,Daylight,Dry,Clear,None apparent,Intersection:  Four-way intersection,Paved,N/A,Property Damage Only,0,0,0,0,0,0,3000,2,2,N/A,POINT (-90.564863918167 41.538267141764)
2015872162,2015-54336,08/03/2015,08-August,2-Monday,12:35,1200 Hours,District 6 (East Central),DAVENPORT,SCOTT,,NORTHWEST BLVD,Collision with:  Vehicle in traffic,On Roadway,Rear-end (front to rear),Followed too close,None Indicated,None apparent,Daylight,Dry,Clear,None apparent,Non-intersection:  Non-junction/no special feature,Paved,N/A,Property Damage Only,0,0,0,0,0,0,5000,2,4,N/A,POINT (-90.592799055899 41.573656361952)
2015871662,1508041-A,08/04/2015,08-August,3-Tuesday,06:30,0600 Hours,District 4 (Southwest),RED OAK,MONTGOMERY,,REED ST,Collision with:  Vehicle in traffic,On Roadway,"Sideswipe, same direction",Unknown,None Indicated,None apparent,Dawn,Dry,Cloudy,None apparent,Non-intersection:  Non-junction/no special feature,Paved,N/A,Property Damage Only,0,0,0,0,0,0,3000,2,2,N/A,POINT (-95.217477620082 41.009868324317)
2015871868,20150022612,08/05/2015,08-August,4-Wednesday,12:00,1200 Hours,District 1 (Central),DES MOINES,POLK,,DEAN AVE,Collision with:  Non-motorist (see non-motorist section - NOT a unit),On Roadway,Non-collision (single vehicle),Other (explain in narrative):  No improper action,None Indicated,None apparent,Daylight,Dry,Cloudy,None apparent,Intersection:  T-intersection,Paved,N/A,Property Damage Only,0,0,0,0,0,0,1500,1,1,N/A,POINT (-93.594259637411 41.591220223579)
2015871780,15-25751,08/05/2015,08-August,4-Wednesday,23:35,2300 Hours,District 3 (Northwest),SIOUX CITY,WOODBURY,,6TH ST & HOEVEN DR,Collision with:  Vehicle in traffic,On Roadway,Broadside (front to side),Ran Traffic Signal,Alcohol (Statutory),None apparent,Dark - roadway lighted,Dry,Clear,None apparent,Intersection:  Four-way intersection,Paved,N/A,Possible/Unknown,0,2,0,0,2,0,11000,2,11,N/A,POINT (-96.389230334908 42.496476780794)
2015872535,15-14956,08/06/2015,08-August,5-Thursday,07:23,0700 Hours,District 6 (East Central),BETTENDORF,SCOTT,I-74,I-74,Collision with:  Vehicle in traffic,On Roadway,Rear-end (front to rear),Followed too close,None Indicated,None apparent,Daylight,Dry,Clear,Work Zone (roadway-related),Non-intersection:  Non-junction/no special feature,Paved,Yes,Property Damage Only,0,0,0,0,0,0,6000,2,2,No Travel Direction Consistent with Route,POINT (-90.51332157404 41.522257948105)
2015872253,20150022870,08/07/2015,08-August,6-Friday,14:56,1400 Hours,District 1 (Central),DES MOINES,POLK,,27TH ST & CLARK ST,Non-collision events:  Other non-collision (explain in narrative),On Roadway,"Sideswipe, same direction",Unknown,None Indicated,None apparent,Daylight,Dry,Clear,None apparent,Non-intersection:  Non-junction/no special feature,Paved,N/A,Possible/Unknown,0,1,0,0,0,1,6500,2,1,N/A,POINT (-93.653579138497 41.605553069409)
2015878659,2015-55850,08/08/2015,08-August,7-Saturday,19:06,1900 Hours,District 6 (East Central),DAVENPORT,SCOTT,,TELEGRAPH RD & N BIRCHWOOD AVE,Collision with:  Vehicle in traffic,On Roadway,Rear-end (front to rear),Other (explain in narrative):  No improper action,None Indicated,None apparent,Daylight,Dry,Clear,None apparent,Intersection:  T-intersection,Paved,N/A,Property Damage Only,0,0,0,0,0,0,3500,2,3,N/A,POINT (-90.618619429757 41.520488989148)
2015872693,20152988,08/08/2015,08-August,7-Saturday,19:45,1900 Hours,District 1 (Central),,GRUNDY,IA 175,IA 175/DIAGONAL RD,Non-collision events:  Overturn/rollover,Shoulder,Non-collision (single vehicle),Ran off road - right,None Indicated,None apparent,Dusk,Wet,Rain,None apparent,Non-intersection:  Non-junction/no special feature,Paved,N/A,Possible/Unknown,0,1,0,0,1,0,5000,1,1,Eastbound (EB),POINT (-92.708446674471 42.352614733008)
2015872862,15-0413,08/10/2015,08-August,2-Monday,18:25,1800 Hours,District 1 (Central),,WEBSTER,US 169,US 169,Collision with:  Animal,On Roadway,Non-collision (single vehicle),Animal,None Indicated,Animal in roadway,N/A,N/A,N/A,N/A,N/A,Paved,N/A,Property Damage Only,0,0,0,0,0,0,5000,1,1,Northbound (NB),POINT (-94.197986484646 42.466558432725)
2015872875,15006394,08/10/2015,08-August,2-Monday,21:30,2100 Hours,District 6 (East Central),,DELAWARE,,Co Rd D22/210TH ST,Collision with:  Animal,On Roadway,Non-collision (single vehicle),Animal,None Indicated,None apparent,Dark - roadway not lighted,Dry,Clear,None apparent,Non-intersection:  Non-junction/no special feature,Paved,N/A,Property Damage Only,0,0,0,0,0,0,6500,1,1,N/A,POINT (-91.257384687223 42.485506648126)
2015873063,15-22789,08/11/2015,08-August,3-Tuesday,22:45,2200 Hours,District 1 (Central),,JASPER,,E 132ND ST S,Collision with:  Vehicle in traffic,On Roadway,"Sideswipe, same direction",Traveling wrong way or on wrong side of road,Alcohol (Statutory),None apparent,Dark - roadway not lighted,Dry,Clear,None apparent,Non-intersection:  Non-junction/no special feature,Unpaved,N/A,Property Damage Only,0,0,0,0,0,0,4500,2,2,N/A,POINT (-92.824413896209 41.685540526288)
2015873506,15070123,08/12/2015,08-August,4-Wednesday,16:19,1600 Hours,District 2 (Northeast),CEDAR FALLS,BLACK HAWK,IA 27,IA 27,Collision with:  Vehicle in traffic,On Roadway,"Sideswipe, same direction",Driver Distraction:  Other interior distraction,None Indicated,None apparent,Daylight,Dry,Clear,None apparent,Interchange-related:  On-ramp merge area,Paved,N/A,Property Damage Only,0,0,0,0,0,0,3500,2,2,Southbound (SB),POINT (-92.442396264014 42.519455289864)
2015873631,081215-158,08/12/2015,08-August,4-Wednesday,16:28,1600 Hours,District 3 (Northwest),STORM LAKE,BUENA VISTA,,E 9TH ST & N ERIE ST,Collision with:  Vehicle in traffic,On Roadway,Broadside (front to side),FTYROW:  From stop sign,None Indicated,None apparent,Daylight,Dry,Clear,None apparent,Intersection:  Four-way intersection,Paved,N/A,Property Damage Only,0,0,0,0,0,0,1800,2,2,N/A,POINT (-95.199515464572 42.649582471987)
2015873614,1506896,08/13/2015,08-August,5-Thursday,22:15,2200 Hours,District 5 (Southeast),WASHINGTON,WASHINGTON,,W VAN BUREN ST & E VAN BUREN ST & S IOWA AVE,Collision with:  Vehicle in traffic,On Roadway,Broadside (front to side),Unknown,None Indicated,None apparent,Dark - roadway lighted,Dry,Clear,None apparent,Intersection:  Four-way intersection,Paved,N/A,Property Damage Only,0,0,0,0,0,0,3000,2,2,N/A,POINT (-91.691849301082 41.29245162973)
2015903993,15-11000,08/14/2015,08-August,6-Friday,15:54,1500 Hours,District 6 (East Central),,JACKSON,,584 AVE & 17 ST,Collision with fixed object:  Culvert/pipe opening,Shoulder,Non-collision (single vehicle),Ran off road - right,None Indicated,None apparent,Daylight,Dry,Clear,None apparent,Intersection:  T-intersection,Unpaved,N/A,Minor Injury,0,2,0,2,0,0,3050,1,2,N/A,POINT (-90.218154361512 42.047744417963)
2015873514,15-26938,08/14/2015,08-August,6-Friday,01:28,0100 Hours,District 3 (Northwest),SIOUX CITY,WOODBURY,,36TH ST & HAMILTON BLVD & COUNTRY CLUB BLVD,Collision with fixed object:  Other fixed object (explain in narrative),Outside trafficway,Non-collision (single vehicle),Ran off road - left,Alcohol (Statutory),None apparent,Dark - roadway lighted,Dry,Clear,None apparent,Intersection:  Four-way intersection,Paved,N/A,Property Damage Only,0,0,0,0,0,0,34000,1,1,N/A,POINT (-96.410195904018 42.532259160228)
2015873522,15216,08/15/2015,08-August,7-Saturday,02:00,0200 Hours,District 3 (Northwest),,EMMET,IA 15,IA 15/IOWA 15,Non-collision events:  Overturn/rollover,On Roadway,Non-collision (single vehicle),Crossed centerline (undivided),Drug/Alcohol (< Statutory),None apparent,Dark - roadway not lighted,Dry,Clear,None apparent,Non-intersection:  Non-junction/no special feature,Paved,N/A,Fatal,1,0,0,0,0,0,10000,1,1,Southbound (SB),POINT (-94.452531917015 43.402231183431)
2015881687,2015003377,08/16/2015,08-August,1-Sunday,20:15,2000 Hours,District 6 (East Central),,LINN,IA 1,IA 1/IOWA 1,Collision with:  Animal,On Roadway,Non-collision (single vehicle),Animal,None Indicated,Animal in roadway,Dusk,Dry,Clear,None apparent,Non-intersection:  Non-junction/no special feature,Paved,N/A,Minor Injury,0,1,0,1,0,0,3000,1,1,No Travel Direction Consistent with Route,POINT (-91.384090717088 41.959740301062)
2015873920,201511941,08/17/2015,08-August,2-Monday,08:38,0800 Hours,District 6 (East Central),CEDAR RAPIDS,LINN,,BLAKE BLVD SE & 3RD AVE SE & 17TH ST SE,Collision with:  Vehicle in traffic,On Roadway,Broadside (front to side),FTYROW:  From stop sign,None Indicated,None apparent,Daylight,Dry,Cloudy,None apparent,Intersection:  Four-way intersection,Paved,N/A,Property Damage Only,0,0,0,0,0,0,11000,2,3,N/A,POINT (-91.646200787948 41.988916364463)
2015874758,2015046332,08/18/2015,08-August,3-Tuesday,15:34,1500 Hours,District 1 (Central),,POLK,I-80,I-80,Collision with:  Vehicle in traffic,On Roadway,Rear-end (front to rear),Lost Control,None Indicated,None apparent,Daylight,Wet,Rain,None apparent,Non-intersection:  Non-junction/no special feature,Paved,N/A,Property Damage Only,0,0,0,0,0,0,6500,2,2,Westbound (WB),POINT (-93.528067508409 41.65911540417)
2015873834,5-1022,08/18/2015,08-August,3-Tuesday,09:05,0900 Hours,District 1 (Central),PLEASANT HILL,POLK,US 65,US 65/NW RAMP,Collision with:  Vehicle in traffic,On Roadway,Rear-end (front to rear),Followed too close,None Indicated,Weather conditions,Daylight,Wet,Rain,"Surface condition (e.g., wet, icy)",Non-intersection:  Non-junction/no special feature,Paved,N/A,Possible/Unknown,0,1,0,0,1,0,5000,2,2,Ramp,POINT (-93.498141363344 41.600467948963)
2015874155,N15000489,08/19/2015,08-August,4-Wednesday,17:27,1700 Hours,District 6 (East Central),NORTH LIBERTY,JOHNSON,,JUNIPER ST & DUBUQUE ST & S DUBUQUE ST,Collision with:  Vehicle in traffic,On Roadway,Head-on (front to front),FTYROW:  Making left turn,None Indicated,None apparent,Daylight,Dry,Cloudy,None apparent,Intersection:  Four-way intersection,Paved,N/A,Major Injury,0,1,1,0,0,0,12000,2,4,N/A,POINT (-91.589217504879 41.74188221793)
2015874692,1506527PD,08/20/2015,08-August,5-Thursday,15:00,1500 Hours,District 1 (Central),BOONE,BOONE,US 30,US 30/220TH ST & S LINN ST,Collision with:  Vehicle in traffic,On Roadway,"Sideswipe, same direction",Unknown,None Indicated,None apparent,Daylight,Dry,Clear,None apparent,Unknown,Paved,N/A,Property Damage Only,0,0,0,0,0,0,4000,2,5,No Travel Direction Consistent with Route,POINT (-93.873665935633 42.034617812347)
2015874727,15-003557,08/21/2015,08-August,6-Friday,00:00,0000 Hours,District 1 (Central),ANKENY,POLK,,NE HILLCREST CT,Collision with:  Parked motor vehicle,On Roadway,"Sideswipe, same direction",Unknown,None Indicated,None apparent,Dark - roadway lighted,Dry,Clear,None apparent,Non-intersection:  Non-junction/no special feature,Paved,N/A,Property Damage Only,0,0,0,0,0,0,4000,2,1,N/A,POINT (-93.587537797936 41.771856396418)
2015874825,15-020605,08/21/2015,08-August,6-Friday,14:15,1400 Hours,District 5 (Southeast),,MAHASKA,,Co Rd G29/170TH ST & Co Rd V13/URBANA AVE,Collision with:  Vehicle in traffic,On Roadway,Broadside (front to side),FTYROW:  From stop sign,None Indicated,None apparent,Daylight,Dry,Cloudy,None apparent,Intersection:  Four-way intersection,Paved,N/A,Possible/Unknown,0,1,0,0,1,0,4000,2,3,N/A,POINT (-92.483633623278 41.408574912942)
2015874563,15014641,08/22/2015,08-August,7-Saturday,20:50,2000 Hours,District 2 (Northeast),MASON CITY,CERRO GORDO,,1ST ST SW & S MONROE AVE,Collision with:  Vehicle in traffic,On Roadway,Broadside (front to side),Ran Stop Sign,None Indicated,None apparent,Dark - roadway lighted,Wet,Rain,"Surface condition (e.g., wet, icy)",Intersection:  Four-way intersection,Paved,N/A,Property Damage Only,0,0,0,0,0,0,7000,2,4,N/A,POINT (-93.208624988199 43.150933069889)
2015878251,2015-59270,08/23/2015,08-August,1-Sunday,02:35,0200 Hours,District 6 (East Central),DAVENPORT,SCOTT,,W 4TH ST,Collision with:  Vehicle in traffic,On Roadway,Rear-end (front to rear),Driver Distraction:  Inattentive/lost in thought,Alcohol (< Statutory),None apparent,Dark - roadway not lighted,Dry,Clear,None apparent,Non-intersection:  Non-junction/no special feature,Paved,N/A,Possible/Unknown,0,1,0,0,1,0,15000,3,2,N/A,POINT (-90.595237316243 41.523442632922)
2015875110,,08/24/2015,08-August,2-Monday,15:50,1500 Hours,District 3 (Northwest),WEST BEND,PALO ALTO,IA 15,IA 15/10 AVE & Co Rd B60/140 ST & 4TH ST NE,Collision with:  Vehicle in traffic,On Roadway,"Sideswipe, opposite direction",Driver Distraction:  Passenger,None Indicated,None apparent,Daylight,Dry,Clear,None apparent,N/A,Paved,N/A,Property Damage Only,0,0,0,0,0,0,7000,2,4,No Travel Direction Consistent with Route,POINT (-94.442909562476 42.965953412827)