Iowa DOT Case Number,Law Enforcement Case Number,Date of Crash,Month of Crash,Day of Week,Time of Crash,Hour,DOT District,City Name,County Name,Route with System,Location Description,First Harmful Event,Location of First Harmful Event,Manner of Crash/Collision,Major Cause,Drug or Alcohol ,Environmental Conditions,Light Conditions,Surface Conditions,Weather Conditions,Roadway Contribution,Roadway Type,Roadway Surface,Work Zone,Crash Severity,Number of Fatalities,Number of Injuries,Number of Major Injuries,Number of Minor Injuries,Number of Possible Injuries,Number of Unknown Injuries,Amount of Property Damage,Number of Vehicles Involved,Total Number of Occupants,Travel Direction,Location
2015875038,15-28294,08/24/2015,08-August,2-Monday,18:42,1800 Hours,District 3 (Northwest),SIOUX CITY,WOODBURY,,W 3RD ST & BLUFF ST,Collision with:  Vehicle in traffic,On Roadway,Broadside (front to side),FTYROW:  From stop sign,None Indicated,None apparent,Daylight,Dry,Clear,None apparent,Intersection:  Four-way intersection,Paved,N/A,Property Damage Only,0,0,0,0,0,0,5000,2,3,N/A,POINT (-96.414070701499 42.49613484193)
2015874988,2015-007131,08/25/2015,08-August,3-Tuesday,13:05,1300 Hours,District 6 (East Central),DUBUQUE,DUBUQUE,,UNIVERSITY AVE & PENNSYLVANIA AVE,Collision with:  Vehicle in traffic,On Roadway,"Angle, oncoming left turn",FTYROW:  Making left turn,None Indicated,None apparent,Daylight,Dry,Clear,None apparent,Intersection:  T-intersection,Paved,N/A,Property Damage Only,0,0,0,0,0,0,3500,2,2,N/A,POINT (-90.698717528315 42.498673392823)
2015877497,2015-60210,08/26/2015,08-August,4-Wednesday,15:48,1500 Hours,District 6 (East Central),DAVENPORT,SCOTT,,ROCKINGHAM RD & S DIVISION ST,Collision with:  Vehicle in traffic,On Roadway,Broadside (front to side),Ran Stop Sign,None Indicated,None apparent,Daylight,Dry,Clear,None apparent,Intersection:  T-intersection,Paved,N/A,Property Damage Only,0,0,0,0,0,0,5000,2,2,N/A,POINT (-90.601779006089 41.519274229588)
2015875151,W15-074432,08/26/2015,08-August,4-Wednesday,12:15,1200 Hours,District 2 (Northeast),WATERLOO,BLACK HAWK,,INDEPENDENCE AVE & VINTON ST,Collision with:  Vehicle in traffic,On Roadway,Broadside (front to side),FTYROW:  From stop sign,None Indicated,None apparent,Daylight,Dry,Clear,None apparent,Intersection:  Four-way intersection,Paved,N/A,Property Damage Only,0,0,0,0,0,0,14000,2,2,N/A,POINT (-92.320809827209 42.498365001455)
2015875444,2015048295,08/27/2015,08-August,5-Thursday,14:33,1400 Hours,District 1 (Central),,HAMILTON,US 20,US 20,Collision with:  Vehicle in traffic,On Roadway,Rear-end (front to rear),Followed too close,None Indicated,None apparent,Daylight,Dry,Cloudy,None apparent,Non-intersection:  Non-junction/no special feature,Paved,N/A,Property Damage Only,0,0,0,0,0,0,10000,2,2,Westbound (WB),POINT (-93.765227429635 42.449020115731)
2015875884,S15-003566,08/28/2015,08-August,6-Friday,22:21,2200 Hours,District 4 (Southwest),,POTTAWATTAMIE,US 59,US 59 & CARSON AVE,Collision with:  Vehicle in traffic,On Roadway,Rear-end (front to rear),Followed too close,None Indicated,None apparent,Dark - roadway not lighted,Dry,Clear,None apparent,Non-intersection:  Non-junction/no special feature,Paved,N/A,Minor Injury,0,6,0,2,4,0,7500,2,9,Northbound (NB),POINT (-95.403522819534 41.24025515416)
2015876380,201512766,08/28/2015,08-August,6-Friday,17:00,1700 Hours,District 6 (East Central),CEDAR RAPIDS,LINN,I-380,I-380,Collision with fixed object:  Cable barrier,Median,Non-collision (single vehicle),Driving too fast for conditions,None Indicated,Weather conditions,Daylight,Wet,Rain,"Surface condition (e.g., wet, icy)",Non-intersection:  Non-junction/no special feature,Paved,N/A,Property Damage Only,0,0,0,0,0,0,3500,1,1,Southbound (SB),POINT (-91.66683509629 42.014808130451)
2015875835,2015-61085,08/29/2015,08-August,7-Saturday,19:55,1900 Hours,District 6 (East Central),DAVENPORT,SCOTT,,PACIFIC ST,Collision with fixed object:  Mailbox,Roadside,Non-collision (single vehicle),"Operating vehicle in an reckless, erratic, careless, negligent manner",Under Influence of Alcohol/Drugs/Medications,None apparent,Dark - roadway lighted,Dry,Cloudy,None apparent,Non-intersection:  Non-junction/no special feature,Paved,N/A,Possible/Unknown,0,1,0,0,1,0,2100,1,1,N/A,POINT (-90.604670028723 41.593520299003)
2015876126,2015048870,08/30/2015,08-August,1-Sunday,07:35,0700 Hours,District 4 (Southwest),,CASS,IA 148,IA 148/750TH ST,Collision with:  Animal,Unknown,N/A,Animal,None Indicated,N/A,N/A,N/A,N/A,N/A,N/A,Paved,N/A,Property Damage Only,0,0,0,0,0,0,2000,1,1,No Travel Direction Consistent with Route,POINT (-94.757527076448 41.338014918149)
2015876778,P15-007411,08/31/2015,08-August,2-Monday,16:29,1600 Hours,District 1 (Central),WEBSTER CITY,HAMILTON,,2ND ST,Collision with:  Vehicle in traffic,On Roadway,Rear-end (front to rear),FTYROW:  Other (explain in narrative),None Indicated,None apparent,Daylight,Dry,Clear,None apparent,Non-intersection:  Non-junction/no special feature,Paved,N/A,Property Damage Only,0,0,0,0,0,0,2500,2,3,N/A,POINT (-93.831201710533 42.469526306577)
2015875981,15-4513,09/01/2015,09-September,3-Tuesday,09:46,0900 Hours,District 6 (East Central),HIAWATHA,LINN,I-380,I-380,Collision with:  Vehicle in traffic,On Roadway,"Sideswipe, same direction",FTYROW:  Other (explain in narrative),None Indicated,None apparent,Daylight,Dry,Clear,None apparent,Non-intersection:  Non-junction/no special feature,Paved,N/A,Property Damage Only,0,0,0,0,0,0,3500,2,3,Southbound (SB),POINT (-91.702231058102 42.101566569315)
2015882552,,09/02/2015,09-September,4-Wednesday,10:30,1000 Hours,District 4 (Southwest),VILLISCA,MONTGOMERY,US 71,US 71,Collision with:  Animal,On Roadway,Non-collision (single vehicle),Animal,None Indicated,N/A,Daylight,Dry,Clear,N/A,Non-intersection:  Non-junction/no special feature,Paved,N/A,Property Damage Only,0,0,0,0,0,0,1500,1,3,Southbound (SB),POINT (-94.9853216888 40.981108153555)
2015877190,2015-5553,09/02/2015,09-September,4-Wednesday,19:40,1900 Hours,District 2 (Northeast),,HANCOCK,,TAFT AVE,Collision with fixed object:  Ditch,On Roadway,Non-collision (single vehicle),Lost Control,None Indicated,None apparent,Dusk,Gravel,Clear,None apparent,Non-intersection:  Non-junction/no special feature,Unpaved,N/A,Property Damage Only,0,0,0,0,0,0,8000,1,1,N/A,POINT (-93.596758203502 42.954141085046)
2015877426,2015-62217,09/03/2015,09-September,5-Thursday,12:05,1200 Hours,District 6 (East Central),DAVENPORT,SCOTT,,W 64TH ST,Collision with fixed object:  Fence,Outside trafficway,Non-collision (single vehicle),Lost Control,None Indicated,None apparent,Daylight,Dry,Clear,None apparent,Non-intersection:  Non-junction/no special feature,Paved,N/A,Property Damage Only,0,0,0,0,0,0,3000,1,1,N/A,POINT (-90.580161875002 41.584783989922)
2015876429,15-005021,09/03/2015,09-September,5-Thursday,14:14,1400 Hours,District 3 (Northwest),ONAWA,MONONA,,EMERALD ST & CO RD L12,Collision with:  Vehicle in traffic,On Roadway,Head-on (front to front),Lost Control,None Indicated,None apparent,Daylight,Gravel,Clear,None apparent,Intersection:  T-intersection,Paved,N/A,Possible/Unknown,0,1,0,0,1,0,11000,2,2,N/A,POINT (-96.078897015861 42.033255748253)
2015876594,15-036134,09/04/2015,09-September,6-Friday,18:30,1800 Hours,District 4 (Southwest),COUNCIL BLUFFS,POTTAWATTAMIE,,CARSON ST & FRANKLIN AVE,Collision with:  Non-motorist (see non-motorist section - NOT a unit),On Roadway,Non-collision (single vehicle),Other (explain in narrative):  No improper action,None Indicated,None apparent,Daylight,Dry,Clear,None apparent,Intersection:  Four-way intersection,Paved,N/A,Property Damage Only,0,0,0,0,0,0,2000,1,2,N/A,POINT (-95.838781707733 41.262502134769)
2015876566,20150025968,09/04/2015,09-September,6-Friday,12:14,1200 Hours,District 1 (Central),DES MOINES,POLK,IA 163,IA 163/E UNIVERSITY AVE & E 25TH ST,Collision with:  Vehicle in traffic,On Roadway,"Sideswipe, same direction",Ran Stop Sign,None Indicated,None apparent,Daylight,Dry,Clear,None apparent,Intersection:  Four-way intersection,Paved,N/A,Possible/Unknown,0,2,0,0,2,0,5000,2,2,Eastbound (EB),POINT (-93.570692832273 41.600481979056)
2015876648,W15-077622,09/05/2015,09-September,7-Saturday,05:36,0500 Hours,District 2 (Northeast),WATERLOO,BLACK HAWK,,BISMARK AVE & KIRKWOOD AVE,Collision with:  Vehicle in traffic,On Roadway,Other (explain in narrative),Ran off road - left,None Indicated,None apparent,Dark - roadway lighted,Dry,Clear,None apparent,Non-intersection:  Non-junction/no special feature,Paved,N/A,Possible/Unknown,0,1,0,0,0,1,2000,2,1,N/A,POINT (-92.374545868892 42.502732492477)
2015877749,15-0020992,09/06/2015,09-September,1-Sunday,19:57,1900 Hours,District 5 (Southeast),,MARION,IA 92,IA 92/IOWA 92 & 216TH PL,Collision with:  Animal,On Roadway,Non-collision (single vehicle),Animal,None Indicated,Animal in roadway,N/A,N/A,N/A,N/A,N/A,Paved,N/A,Property Damage Only,0,0,0,0,0,0,2500,1,1,Unknown - Not Indicated - Unlocated,POINT (-92.933306516594 41.306035900194)
2015882265,15-007534,09/07/2015,09-September,2-Monday,14:47,1400 Hours,District 3 (Northwest),GRAETTINGER,PALO ALTO,,W PATTERSON ST & BROWN AVE,Collision with:  Re-entering roadway,On Roadway,Head-on (front to front),Driving too fast for conditions,None Indicated,Other (explain in narrative),Daylight,Dry,Cloudy,None apparent,Intersection:  Other intersection (explain in narrative),Paved,N/A,Property Damage Only,0,0,0,0,0,0,2500,2,4,N/A,POINT (-94.753260145481 43.234541397974)
2015877036,20151067,09/08/2015,09-September,3-Tuesday,10:00,1000 Hours,District 6 (East Central),MOUNT VERNON,LINN,US 30,US 30 & IA 1/S 1ST AVE,Collision with:  Vehicle in traffic,On Roadway,"Sideswipe, same direction",None Indicated,None Indicated,None apparent,Daylight,Dry,Cloudy,None apparent,Intersection:  Roundabout,Paved,N/A,Property Damage Only,0,0,0,0,0,0,4000,2,4,Eastbound (EB),POINT (-91.423055062115 41.916123877156)
2015877217,15-036803,09/09/2015,09-September,4-Wednesday,08:55,0800 Hours,District 4 (Southwest),COUNCIL BLUFFS,POTTAWATTAMIE,,AVE B & N 21ST ST,Collision with:  Vehicle in traffic,On Roadway,Broadside (front to side),FTYROW:  From stop sign,None Indicated,Glare,Daylight,Dry,Clear,None apparent,Intersection:  Four-way intersection,Paved,N/A,Possible/Unknown,0,1,0,0,1,0,6150,2,2,N/A,POINT (-95.875285553026 41.263676015734)
2015877257,20150026444,09/09/2015,09-September,4-Wednesday,07:50,0700 Hours,District 1 (Central),DES MOINES,POLK,,SW 11TH ST,Collision with:  Vehicle in traffic,On Roadway,Broadside (front to side),Other (explain in narrative):  Other,None Indicated,None apparent,Daylight,Dry,Clear,None apparent,Intersection:  Four-way intersection,Paved,N/A,Property Damage Only,0,0,0,0,0,0,2001,2,2,N/A,POINT (-93.628378629695 41.52645649401)
2015879355,15-029099,09/10/2015,09-September,5-Thursday,21:00,2100 Hours,District 5 (Southeast),,LEE,IA 2,IA 2/IOWA 2,Collision with fixed object:  Guardrail - face,On Roadway,Non-collision (single vehicle),Ran off road - right,None Indicated,None apparent,Dark - roadway not lighted,Dry,Clear,None apparent,Non-intersection:  Non-junction/no special feature,Paved,N/A,Property Damage Only,0,0,0,0,0,0,5100,1,1,Westbound (WB),POINT (-91.648185564275 40.634502637438)
2015878547,201513317,09/11/2015,09-September,6-Friday,17:56,1700 Hours,District 6 (East Central),CEDAR RAPIDS,LINN,I-380,I-380,Collision with fixed object:  Cable barrier,Shoulder,Non-collision (single vehicle),Ran off road - left,None Indicated,None apparent,Daylight,Dry,Cloudy,None apparent,Non-intersection:  Non-junction/no special feature,Paved,N/A,Property Damage Only,0,0,0,0,0,0,8000,1,1,Southbound (SB),POINT (-91.670871378789 41.956078973989)
2015877727,20150026737,09/11/2015,09-September,6-Friday,18:28,1800 Hours,District 1 (Central),DES MOINES,POLK,IA 28,IA 28/MERLE HAY RD,Collision with:  Vehicle in traffic,On Roadway,Other (explain in narrative),Other (explain in narrative):  Other,None Indicated,None apparent,Daylight,Dry,Clear,None apparent,"Non-intersection:  Driveway access (related, not in)",Paved,N/A,Property Damage Only,0,0,0,0,0,0,8000,2,3,Southbound (SB),POINT (-93.697747147553 41.636089046385)
2015878132,W15-079979,09/12/2015,09-September,7-Saturday,11:55,1100 Hours,District 2 (Northeast),WATERLOO,BLACK HAWK,US 218,US 218/SPECIAL CASE/SE RAMP & FLETCHER AVE,Collision with:  Vehicle in traffic,On Roadway,Broadside (front to side),Ran Traffic Signal,None Indicated,None apparent,Daylight,Dry,Clear,None apparent,Intersection:  Intersection with ramp,Paved,N/A,Property Damage Only,0,0,0,0,0,0,4200,2,3,Ramp,POINT (-92.366496512184 42.503165588966)
2015877952,2015009659,09/13/2015,09-September,1-Sunday,01:54,0100 Hours,District 6 (East Central),IOWA CITY,JOHNSON,,S  DUBUQUE ST,Collision with fixed object:  Other fixed object (explain in narrative),On Roadway,Non-collision (single vehicle),"Operating vehicle in an reckless, erratic, careless, negligent manner",Refused,None apparent,Dark - roadway lighted,Dry,Clear,None apparent,Non-intersection:  Non-junction/no special feature,Paved,N/A,Property Damage Only,0,0,0,0,0,0,1500,1,1,N/A,POINT (-91.533095897194 41.66086574112)
2015879694,K15-029485,09/14/2015,09-September,2-Monday,17:25,1700 Hours,District 5 (Southeast),KEOKUK,LEE,US 218,US 218/MAIN ST,Collision with:  Vehicle in traffic,On Roadway,Rear-end (front to rear),Other (explain in narrative):  Other,None Indicated,None apparent,Daylight,Dry,Clear,None apparent,Non-intersection:  Non-junction/no special feature,Paved,N/A,Property Damage Only,0,0,0,0,0,0,5000,2,2,No Travel Direction Consistent with Route,POINT (-91.394116946183 40.406145739707)
2015885824,201500003835,09/14/2015,09-September,2-Monday,20:44,2000 Hours,District 6 (East Central),,LINN,US 151,US 151 & Co Rd E48/MT VERNON RD/WEST MT VERNON RD,Collision with:  Vehicle in traffic,On Roadway,Rear-end (front to rear),Ran Traffic Signal,Alcohol (Statutory),None apparent,Dark - roadway lighted,Dry,Clear,None apparent,Intersection:  Four-way intersection,Paved,N/A,Major Injury,0,2,1,0,1,0,27000,2,2,Southbound (SB),POINT (-91.55149473524 41.976105966366)
2015878398,14229-15,09/15/2015,09-September,3-Tuesday,22:26,2200 Hours,District 3 (Northwest),SPENCER,CLAY,,W 11TH ST & 4TH AVE W,Collision with:  Vehicle in traffic,On Roadway,Broadside (front to side),FTYROW:  From stop sign,None Indicated,None apparent,Dark - roadway not lighted,Dry,Cloudy,None apparent,Intersection:  Four-way intersection,Paved,N/A,Property Damage Only,0,0,0,0,0,0,6000,2,2,N/A,POINT (-95.150472132842 43.148658155664)
2015880137,2015052529,09/16/2015,09-September,4-Wednesday,17:15,1700 Hours,District 1 (Central),JOHNSTON,POLK,I-35,I-35,Collision with:  Vehicle in traffic,On Roadway,Rear-end (front to rear),Lost Control,None Indicated,None apparent,Daylight,Dry,Clear,"Traffic backup, regular congestion",Non-intersection:  Non-junction/no special feature,Paved,N/A,Property Damage Only,0,0,0,0,0,0,6500,2,2,No Travel Direction Consistent with Route,POINT (-93.726086244642 41.652477664136)
2015878600,15-31375,09/16/2015,09-September,4-Wednesday,18:11,1800 Hours,District 3 (Northwest),SIOUX CITY,WOODBURY,,31ST ST & VIRGINIA ST,Collision with:  Vehicle in traffic,On Roadway,Broadside (front to side),FTYROW:  From stop sign,None Indicated,None apparent,Daylight,Dry,Clear,None apparent,Intersection:  Four-way intersection,Paved,N/A,Property Damage Only,0,0,0,0,0,0,2000,2,4,N/A,POINT (-96.397945163107 42.523456958592)
2015878865,SO1504316,09/17/2015,09-September,5-Thursday,21:27,2100 Hours,District 5 (Southeast),LOCKRIDGE,JEFFERSON,,155TH ST,Collision with:  Animal,On Roadway,Non-collision (single vehicle),Animal,None Indicated,Animal in roadway,Dark - roadway not lighted,Wet,Cloudy,None apparent,Non-intersection:  Non-junction/no special feature,Unpaved,N/A,Property Damage Only,0,0,0,0,0,0,2500,1,1,N/A,POINT (-91.785901880265 41.081945960146)
2015894853,2015-007963,09/18/2015,09-September,6-Friday,19:24,1900 Hours,District 6 (East Central),DUBUQUE,DUBUQUE,,ASBURY RD & JOHN F KENNEDY RD,Collision with:  Vehicle in traffic,On Roadway,Head-on (front to front),Unknown,None Indicated,None apparent,Dusk,Wet,Rain,None apparent,Non-intersection:  Non-junction/no special feature,Paved,N/A,Property Damage Only,0,0,0,0,0,0,2500,2,4,N/A,POINT (-90.72053187107 42.512212190539)
2015894936,15-31640,09/18/2015,09-September,6-Friday,15:09,1500 Hours,District 3 (Northwest),SIOUX CITY,WOODBURY,,24TH ST & NEBRASKA ST,Collision with:  Vehicle in traffic,On Roadway,Broadside (front to side),Ran Stop Sign,None Indicated,None apparent,Daylight,Wet,Rain,None apparent,Intersection:  Four-way intersection,Paved,N/A,Possible/Unknown,0,1,0,0,1,0,6000,2,3,N/A,POINT (-96.403642046739 42.515165683827)
2015882246,2015-65885,09/18/2015,09-September,6-Friday,21:47,2100 Hours,District 6 (East Central),DAVENPORT,SCOTT,,RIDGEVIEW DR & PACIFIC ST,Collision with:  Vehicle in traffic,On Roadway,Broadside (front to side),Ran Stop Sign,None Indicated,None apparent,Dark - roadway lighted,Wet,Rain,None apparent,Intersection:  Four-way intersection,Paved,N/A,Possible/Unknown,0,1,0,0,1,0,9500,2,3,N/A,POINT (-90.604644047626 41.592925337607)
2015879301,2015053154,09/19/2015,09-September,7-Saturday,12:48,1200 Hours,District 1 (Central),,HARDIN,IA 175,IA 175/IOWA 175,Collision with:  Vehicle in traffic,On Roadway,Rear-end (front to rear),Lost Control,None Indicated,None apparent,Daylight,Dry,Clear,None apparent,Non-intersection:  Driveway access (within),Paved,N/A,Possible/Unknown,0,3,0,0,3,0,8000,2,3,Eastbound (EB),POINT (-93.457750595111 42.310499434836)
2015879381,158692,09/20/2015,09-September,1-Sunday,18:36,1800 Hours,District 4 (Southwest),,DALLAS,US 169,US 169/N AVE,Collision with:  Animal,On Roadway,Non-collision (single vehicle),Animal,None Indicated,Animal in roadway,N/A,N/A,N/A,N/A,N/A,Paved,N/A,Property Damage Only,0,0,0,0,0,0,1500,1,1,Northbound (NB),POINT (-94.012763310874 41.503519408468)
2015879605,15-4881,09/21/2015,09-September,2-Monday,11:17,1100 Hours,District 6 (East Central),HIAWATHA,LINN,I-380,I-380,Non-collision events:  Jackknife,Median,Non-collision (single vehicle),Other (explain in narrative):  No improper action,None Indicated,None apparent,Daylight,Dry,Clear,None apparent,Non-intersection:  Non-junction/no special feature,Paved,N/A,Property Damage Only,0,0,0,0,0,0,1500,1,2,Southbound (SB),POINT (-91.701147510184 42.077030186103)
2015880997,2015-008120,09/22/2015,09-September,3-Tuesday,20:20,2000 Hours,District 6 (East Central),DUBUQUE,DUBUQUE,US 20,US 20/DODGE ST,Collision with:  Vehicle in traffic,On Roadway,Rear-end (front to rear),Improper or erratic lane changing,None Indicated,None apparent,Dark - roadway lighted,Dry,Clear,None apparent,Non-intersection:  Non-junction/no special feature,Paved,N/A,Property Damage Only,0,0,0,0,0,0,3000,2,2,Eastbound (EB),POINT (-90.675561716704 42.489740930452)
2015879489,20150027875,09/22/2015,09-September,3-Tuesday,08:00,0800 Hours,District 1 (Central),DES MOINES,POLK,,CROCKER ST & OAKRIDGE DR & KEOSAUQUA WAY,Collision with:  Vehicle in traffic,On Roadway,Broadside (front to side),FTYROW:  From stop sign,None Indicated,None apparent,Daylight,Dry,Cloudy,None apparent,Intersection:  Four-way intersection,Paved,N/A,Property Damage Only,0,0,0,0,0,0,10000,2,2,N/A,POINT (-93.633215309496 41.593435216782)
2015886560,2015-67038,09/23/2015,09-September,4-Wednesday,16:22,1600 Hours,District 6 (East Central),DAVENPORT,SCOTT,,E LOCUST ST & EASTERN AVE,Collision with:  Vehicle in traffic,On Roadway,Rear-end (front to rear),Followed too close,None Indicated,None apparent,Daylight,Dry,Clear,None apparent,Intersection:  Four-way intersection,Paved,N/A,Property Damage Only,0,0,0,0,0,0,5500,4,4,N/A,POINT (-90.551495064031 41.538352364626)
2015879970,15-10606,09/24/2015,09-September,5-Thursday,00:05,0000 Hours,District 3 (Northwest),HULL,SIOUX,US 18,US 18/BLACK FOREST RD & Co Rd K52/HICKORY AVE & DIVISION ST,Collision with fixed object:  Traffic sign support,Shoulder,Non-collision (single vehicle),Ran off road - left,Alcohol (Statutory),None apparent,Dark - roadway lighted,Wet,Rain,None apparent,Non-intersection:  Non-junction/no special feature,Paved,N/A,Property Damage Only,0,0,0,0,0,0,10300,1,1,Eastbound (EB),POINT (-96.137574350809 43.18576235521)
2015937604,15022519,09/24/2015,09-September,5-Thursday,00:47,0000 Hours,District 5 (Southeast),PLEASANTVILLE,MARION,,,Collision with:  Parked motor vehicle,Outside trafficway,Broadside (front to side),"Operating vehicle in an reckless, erratic, careless, negligent manner",None Indicated,None apparent,Dark - roadway not lighted,Dry,Clear,None apparent,Non-intersection:  Alley,N/A,N/A,Property Damage Only,0,0,0,0,0,0,3000,2,1,N/A,POINT (-96.643700150801 40.233091251088)
2015880300,201500045289,09/25/2015,09-September,6-Friday,12:43,1200 Hours,District 5 (Southeast),OTTUMWA,WAPELLO,IA 149,IA 149/IOWA 149 & E ROCHESTER ST,Collision with:  Vehicle in traffic,On Roadway,Broadside (front to side),Ran Traffic Signal,None Indicated,None apparent,Daylight,Dry,Clear,None apparent,Intersection:  Four-way intersection,Paved,N/A,Property Damage Only,0,0,0,0,0,0,4000,2,2,Northbound (NB),POINT (-92.409845089402 41.060023274095)
2015884913,,09/26/2015,09-September,7-Saturday,11:36,1100 Hours,District 2 (Northeast),DECORAH,WINNESHIEK,US 52,US 52 & MADISON RD & PULPIT ROCK RD,Collision with:  Vehicle in traffic,On Roadway,Broadside (front to side),FTYROW:  From stop sign,None Indicated,None apparent,Daylight,Dry,Clear,Work Zone (roadway-related),Intersection:  Four-way intersection,Paved,Yes,Possible/Unknown,0,3,0,0,3,0,23000,2,6,Northbound (NB),POINT (-91.812969785814 43.300160107696)
2015880086,15151223,09/26/2015,09-September,7-Saturday,16:29,1600 Hours,District 6 (East Central),,JOHNSON,I-380,I-380 & SWAN LAKE RD,Collision with fixed object:  Guardrail - face,On Roadway,Non-collision (single vehicle),Ran off road - left,None Indicated,None apparent,Daylight,Dry,Clear,None apparent,Non-intersection:  Non-junction/no special feature,Paved,N/A,Property Damage Only,0,0,0,0,0,0,1500,1,1,Northbound (NB),POINT (-91.646558321564 41.775005401371)
2015881725,15-004743,09/27/2015,09-September,1-Sunday,04:50,0400 Hours,District 3 (Northwest),,LYON,,Co Rd A42/240TH ST,Collision with fixed object:  Embankment,Roadside,Non-collision (single vehicle),Ran off road - right,Alcohol (Statutory),Animal in roadway,Dark - roadway not lighted,Dry,Clear,None apparent,Non-intersection:  Non-junction/no special feature,Paved,N/A,Possible/Unknown,0,1,0,0,1,0,2000,1,1,N/A,POINT (-96.377684597065 43.301765300098)
2015881294,15-5012,09/28/2015,09-September,2-Monday,19:35,1900 Hours,District 6 (East Central),HIAWATHA,LINN,I-380,I-380,Collision with:  Vehicle in traffic,On Roadway,Rear-end (front to rear),Driver Distraction:  Other interior distraction,None Indicated,None apparent,Dark - roadway not lighted,Dry,Clear,None apparent,Non-intersection:  Non-junction/no special feature,Paved,N/A,Minor Injury,0,1,0,1,0,0,4500,2,2,Northbound (NB),POINT (-91.70040424277 42.065466668595)
2015881861,15-016788,09/28/2015,09-September,2-Monday,14:53,1400 Hours,District 5 (Southeast),,HENRY,,WHITE OAK RD,Collision with:  Vehicle in traffic,Roadside,Rear-end (front to rear),Driving too fast for conditions,None Indicated,Visual obstruction,Daylight,Gravel,Clear,None apparent,Non-intersection:  Non-junction/no special feature,Unpaved,N/A,Property Damage Only,0,0,0,0,0,0,11000,2,2,N/A,POINT (-91.684366349318 40.98994202335)
2015881611,J15001184,09/29/2015,09-September,3-Tuesday,18:07,1800 Hours,District 6 (East Central),,JOHNSON,IA 1,IA 1/IOWA 1,Collision with fixed object:  Culvert/pipe opening,On Roadway,Non-collision (single vehicle),"Operating vehicle in an reckless, erratic, careless, negligent manner",Refused,None apparent,Daylight,Dry,Clear,None apparent,Non-intersection:  Non-junction/no special feature,Paved,N/A,Property Damage Only,0,0,0,0,0,0,2000,1,1,Southbound (SB),POINT (-91.478687226647 41.760268402323)
2015882650,15-004272,09/30/2015,09-September,4-Wednesday,05:14,0500 Hours,District 1 (Central),ANKENY,POLK,,SE PDI PL,Collision with:  Vehicle in traffic,In parking lane/zone,Rear-end (front to rear),Improper Backing,None Indicated,None apparent,Dark - roadway lighted,Dry,Clear,None apparent,Non-intersection:  Non-junction/no special feature,Paved,N/A,Property Damage Only,0,0,0,0,0,0,1505,2,2,N/A,POINT (-93.58445964336 41.70177940736)
2015881259,15-33963,09/30/2015,09-September,4-Wednesday,17:32,1700 Hours,District 5 (Southeast),WEST BURLINGTON,DES MOINES,,DMC 406,Collision with fixed object:  Tree,On Roadway,Non-collision (single vehicle),Driving too fast for conditions,None Indicated,None apparent,Daylight,Dry,Clear,None apparent,Non-intersection:  Non-junction/no special feature,Paved,N/A,Property Damage Only,0,0,0,0,0,0,2500,1,1,N/A,POINT (-91.195427625361 40.82137332415)
2015882049,15017318,10/01/2015,10-October,5-Thursday,07:44,0700 Hours,District 2 (Northeast),MASON CITY,CERRO GORDO,,2ND ST NW,Collision with:  Parked motor vehicle,On Roadway,Rear-end (front to rear),Other (explain in narrative):  Other,None Indicated,Glare,Daylight,Dry,Clear,None apparent,Non-intersection:  Non-junction/no special feature,Paved,N/A,Property Damage Only,0,0,0,0,0,0,8500,2,1,N/A,POINT (-93.201389805377 43.153620472656)
2015881442,15-01639,10/01/2015,10-October,5-Thursday,08:15,0800 Hours,District 5 (Southeast),WINFIELD,HENRY,,W CENTRAL AVE,Collision with:  Vehicle in traffic,On Roadway,"Sideswipe, same direction",None Indicated,None Indicated,None apparent,Daylight,Dry,Clear,None apparent,Non-intersection:  Non-junction/no special feature,Paved,N/A,Property Damage Only,0,0,0,0,0,0,1800,2,2,N/A,POINT (-91.439906962412 41.126124122281)
2015881471,SOI20150301,10/02/2015,10-October,6-Friday,09:22,0900 Hours,District 1 (Central),,POWESHIEK,US 6,US 6,Collision with fixed object:  Ditch,Outside trafficway,Non-collision (single vehicle),Ran off road - right,None Indicated,None apparent,Daylight,Dry,Clear,None apparent,Non-intersection:  Non-junction/no special feature,Paved,N/A,Property Damage Only,0,0,0,0,0,0,8000,1,1,Westbound (WB),POINT (-92.527710671669 41.746150544588)
2015881638,15017396,10/02/2015,10-October,6-Friday,15:34,1500 Hours,District 2 (Northeast),MASON CITY,CERRO GORDO,US 65,US 65/N FEDERAL AVE & 9TH ST NW & 9TH ST NE,Collision with:  Vehicle in traffic,On Roadway,Head-on (front to front),Crossed centerline (undivided),None Indicated,None apparent,Daylight,Dry,Clear,None apparent,Intersection:  Four-way intersection,Paved,N/A,Possible/Unknown,0,2,0,0,2,0,4500,3,3,Both North and South,POINT (-93.201066238568 43.159969453423)
2015881897,15-017310,10/03/2015,10-October,7-Saturday,07:23,0700 Hours,District 2 (Northeast),,FAYETTE,US 18,US 18/230TH ST,Collision with:  Animal,On Roadway,Non-collision (single vehicle),Animal,None Indicated,Animal in roadway,N/A,N/A,N/A,N/A,N/A,Paved,N/A,Property Damage Only,0,0,0,0,0,0,1500,1,1,Eastbound (EB),POINT (-91.85132561867 42.964431084729)