Iowa DOT Case Number,Law Enforcement Case Number,Date of Crash,Month of Crash,Day of Week,Time of Crash,Hour,DOT District,City Name,County Name,Route with System,Location Description,First Harmful Event,Location of First Harmful Event,Manner of Crash/Collision,Major Cause,Drug or Alcohol ,Environmental Conditions,Light Conditions,Surface Conditions,Weather Conditions,Roadway Contribution,Roadway Type,Roadway Surface,Work Zone,Crash Severity,Number of Fatalities,Number of Injuries,Number of Major Injuries,Number of Minor Injuries,Number of Possible Injuries,Number of Unknown Injuries,Amount of Property Damage,Number of Vehicles Involved,Total Number of Occupants,Travel Direction,Location
2015881776,1510042129,10/04/2015,10-October,1-Sunday,21:29,2100 Hours,District 6 (East Central),ANAMOSA,JONES,US 151,US 151,Collision with:  Animal,On Roadway,Non-collision (single vehicle),Animal,None Indicated,None apparent,Dark - roadway not lighted,Dry,Clear,None apparent,Non-intersection:  Non-junction/no special feature,Paved,N/A,Property Damage Only,0,0,0,0,0,0,3000,1,1,Southbound (SB),POINT (-91.324300787084 42.070587344248)
2015882582,W15-086938,10/05/2015,10-October,2-Monday,01:30,0100 Hours,District 2 (Northeast),WATERLOO,BLACK HAWK,,S HACKETT RD,Collision with fixed object:  Landscape/shrubbery,Outside trafficway,Non-collision (single vehicle),Exceeded authorized speed,None Indicated,None apparent,Dark - roadway lighted,Dry,Clear,None apparent,Non-intersection:  Non-junction/no special feature,Paved,N/A,Possible/Unknown,0,1,0,0,1,0,12000,1,1,N/A,POINT (-92.396319413738 42.500228556348)
2015882673,15-009432,10/06/2015,10-October,3-Tuesday,07:24,0700 Hours,District 2 (Northeast),,CLAYTON,,Co Rd C24/CANOE RD,Collision with:  Animal,On Roadway,Non-collision (single vehicle),Animal,None Indicated,Animal in roadway,N/A,N/A,N/A,N/A,N/A,Paved,N/A,Property Damage Only,0,0,0,0,0,0,5000,1,1,N/A,POINT (-91.486715903015 42.784808409908)
2015882314,15-15313,10/06/2015,10-October,3-Tuesday,13:36,1300 Hours,District 3 (Northwest),SPENCER,CLAY,US 18,US 18/N GRAND AVE & W 7TH ST & E 7TH ST,Collision with:  Vehicle in traffic,On Roadway,Rear-end (front to rear),Other (explain in narrative):  Other,None Indicated,None apparent,Daylight,Dry,Cloudy,None apparent,Non-intersection:  Non-junction/no special feature,Paved,N/A,Property Damage Only,0,0,0,0,0,0,3500,2,2,No Travel Direction Consistent with Route,POINT (-95.14486443211 43.143738982847)
2015882385,20150029614,10/07/2015,10-October,4-Wednesday,23:28,2300 Hours,District 1 (Central),DES MOINES,POLK,,GRAND AVE,Collision with fixed object:  Tree,On Roadway,Non-collision (single vehicle),Ran off road - right,Under Influence of Alcohol/Drugs/Medications,None apparent,Dark - roadway lighted,Dry,Clear,None apparent,Non-intersection:  Non-junction/no special feature,Paved,N/A,Property Damage Only,0,0,0,0,0,0,6005,1,1,N/A,POINT (-93.691737105307 41.582649604064)
2015883005,2015-70790,10/08/2015,10-October,5-Thursday,16:30,1600 Hours,District 6 (East Central),DAVENPORT,SCOTT,US 6,US 6/E KIMBERLY RD & DAVENPORT AVE,Collision with:  Vehicle in traffic,On Roadway,Rear-end (front to rear),Followed too close,None Indicated,None apparent,Daylight,Dry,Cloudy,None apparent,Intersection:  Four-way intersection,Paved,N/A,Property Damage Only,0,0,0,0,0,0,2000,2,3,Westbound (WB),POINT (-90.563555247341 41.558746945737)
2015884918,,10/08/2015,10-October,5-Thursday,11:09,1100 Hours,District 6 (East Central),CEDAR RAPIDS,LINN,,50TH AVE SW & 50TH AVE DR SW & BOWLING ST SW,Collision with:  Vehicle in traffic,On Roadway,Rear-end (front to rear),Other (explain in narrative):  Other,None Indicated,None apparent,Daylight,Dry,Clear,None apparent,Intersection:  Four-way intersection,Paved,N/A,Possible/Unknown,0,2,0,0,1,1,3600,2,2,N/A,POINT (-91.656887501178 41.929608253889)
2015883912,2015056966,10/09/2015,10-October,6-Friday,14:10,1400 Hours,District 1 (Central),,POLK,I-35,I-35,Collision with:  Vehicle in traffic,On Roadway,"Sideswipe, same direction",Unknown,None Indicated,None apparent,Daylight,Dry,Cloudy,None apparent,Non-intersection:  Non-junction/no special feature,Paved,N/A,Property Damage Only,0,0,0,0,0,0,1700,2,2,Southbound (SB),POINT (-93.571083851332 41.837545800523)
2015883913,2015056978,10/09/2015,10-October,6-Friday,18:50,1800 Hours,District 5 (Southeast),,WARREN,IA 28,IA 28/IOWA 28,Collision with:  Animal,On Roadway,Non-collision (single vehicle),Animal,None Indicated,Animal in roadway,N/A,N/A,N/A,N/A,N/A,Paved,N/A,Property Damage Only,0,0,0,0,0,0,3000,1,1,Southbound (SB),POINT (-93.732368288425 41.379362327958)
2015882805,15-4992,10/10/2015,10-October,7-Saturday,07:28,0700 Hours,District 1 (Central),WEST DES MOINES,POLK,I-35,I-35,Non-collision events:  Other non-collision (explain in narrative),On Roadway,Non-collision (single vehicle),Other (explain in narrative):  Other,None Indicated,None apparent,Daylight,Dry,Clear,None apparent,Non-intersection:  Non-junction/no special feature,Paved,N/A,Property Damage Only,0,0,0,0,0,0,10000,1,4,Southbound (SB),POINT (-93.777791471454 41.51589616934)
2015883215,2015-71519,10/11/2015,10-October,1-Sunday,18:22,1800 Hours,District 6 (East Central),DAVENPORT,SCOTT,,W 2ND ST & N ELSIE AVE,Collision with:  Non-motorist (see non-motorist section - NOT a unit),On Roadway,Non-collision (single vehicle),Other (explain in narrative):  No improper action,None Indicated,None apparent,Daylight,Dry,Clear,None apparent,Non-intersection:  Non-junction/no special feature,Paved,N/A,Minor Injury,0,1,0,1,0,0,5000,1,1,N/A,POINT (-90.625425995522 41.521152183305)
2015883091,15-004452,10/11/2015,10-October,1-Sunday,10:58,1000 Hours,District 1 (Central),ANKENY,POLK,I-35,I-35,Collision with:  Vehicle in traffic,On Roadway,"Sideswipe, same direction",Improper or erratic lane changing,None Indicated,None apparent,Daylight,Dry,Clear,None apparent,Non-intersection:  Non-junction/no special feature,Paved,N/A,Property Damage Only,0,0,0,0,0,0,3500,2,2,Southbound (SB),POINT (-93.576264886957 41.70738716727)
2015883337,15-2621-10,10/12/2015,10-October,2-Monday,17:40,1700 Hours,District 4 (Southwest),ADEL,DALLAS,,S 10TH ST,Collision with:  Vehicle in traffic,On Roadway,Rear to side,Improper Backing,None Indicated,None apparent,Daylight,Dry,Clear,None apparent,Non-intersection:  Non-junction/no special feature,Paved,N/A,Property Damage Only,0,0,0,0,0,0,4000,2,2,N/A,POINT (-94.019915078698 41.61020943187)
2015883727,15214,10/13/2015,10-October,3-Tuesday,11:25,1100 Hours,District 5 (Southeast),PELLA,MARION,,WASHINGTON ST & W 16TH ST,Collision with:  Re-entering roadway,Shoulder,Broadside (front to side),FTYROW:  Making left turn,None Indicated,None apparent,Daylight,Dry,Clear,None apparent,Intersection:  Four-way intersection,Paved,N/A,Minor Injury,0,1,0,1,0,0,12000,2,2,N/A,POINT (-92.951961074572 41.410128902141)
2015883434,2015-3558,10/13/2015,10-October,3-Tuesday,22:07,2200 Hours,District 6 (East Central),DUBUQUE,DUBUQUE,US 52,US 52 & IA 32 & Co Rd Y35/JOHN DEERE RD S,Collision with:  Animal,On Roadway,Non-collision (single vehicle),Animal,None Indicated,Animal in roadway,N/A,N/A,N/A,N/A,N/A,Paved,N/A,Property Damage Only,0,0,0,0,0,0,4000,1,1,Northbound (NB),POINT (-90.693563438983 42.54152456114)
2015883624,15-2334,10/14/2015,10-October,4-Wednesday,16:41,1600 Hours,District 1 (Central),URBANDALE,POLK,,121ST ST & DOUGLAS PKWY,Collision with:  Vehicle in traffic,On Roadway,Rear-end (front to rear),Followed too close,None Indicated,None apparent,Daylight,Dry,Clear,None apparent,Intersection:  T-intersection,Paved,N/A,Property Damage Only,0,0,0,0,0,0,9000,2,2,N/A,POINT (-93.783789728073 41.629517777666)
2015883814,2015-008857,10/15/2015,10-October,5-Thursday,15:27,1500 Hours,District 6 (East Central),DUBUQUE,DUBUQUE,,UNIVERSITY AVE,Collision with:  Re-entering roadway,On Roadway,Broadside (front to side),Other (explain in narrative):  Other,None Indicated,None apparent,Daylight,Dry,Clear,None apparent,Non-intersection:  Non-junction/no special feature,Paved,N/A,Property Damage Only,0,0,0,0,0,0,5000,2,4,N/A,POINT (-90.696636917311 42.499658170932)
2015884183,15-1315,10/15/2015,10-October,5-Thursday,17:50,1700 Hours,District 3 (Northwest),SPIRIT LAKE,DICKINSON,US 71,US 71/18TH ST & HILL AVE,Collision with:  Vehicle in traffic,On Roadway,Rear-end (front to rear),"Operating vehicle in an reckless, erratic, careless, negligent manner",None Indicated,None apparent,Daylight,Dry,Clear,None apparent,Intersection:  Four-way intersection,Paved,N/A,Minor Injury,0,1,0,1,0,0,2550,2,2,No Travel Direction Consistent with Route,POINT (-95.102274707761 43.422635664387)
2015884678,156001,10/16/2015,10-October,6-Friday,20:42,2000 Hours,District 1 (Central),OWASA,HARDIN,US 20,US 20,Collision with:  Other non-fixed object (explain in narrative),On Roadway,Non-collision (single vehicle),Ran off road - right,None Indicated,None apparent,Dark - roadway not lighted,Dry,Clear,Debris,Non-intersection:  Non-junction/no special feature,Paved,N/A,Property Damage Only,0,0,0,0,0,0,5000,1,4,Westbound (WB),POINT (-93.200303984789 42.432108669278)
2015883864,15-009796,10/16/2015,10-October,6-Friday,09:27,0900 Hours,District 2 (Northeast),,FAYETTE,,Co Rd C2W/BELL RD,Collision with:  Animal,On Roadway,Non-collision (single vehicle),Animal,None Indicated,Animal in roadway,N/A,N/A,N/A,N/A,N/A,Paved,N/A,Property Damage Only,0,0,0,0,0,0,1500,1,1,N/A,POINT (-91.617571380175 42.77424306497)
2015884101,2015-21759,10/17/2015,10-October,7-Saturday,16:25,1600 Hours,District 6 (East Central),,SCOTT,,VALLEY DR,Collision with:  Vehicle in traffic,On Roadway,"Sideswipe, opposite direction",Passing:  Where prohibited by signs/markings,None Indicated,None apparent,Daylight,Dry,Clear,None apparent,"Non-intersection:  Driveway access (related, not in)",Paved,N/A,Major Injury,0,1,1,0,0,0,7000,2,2,N/A,POINT (-90.395137515043 41.58397169454)
2015884899,W15-090834,10/17/2015,10-October,7-Saturday,21:59,2100 Hours,District 2 (Northeast),WATERLOO,BLACK HAWK,,LIME ST & E 4TH ST,Collision with:  Vehicle in traffic,On Roadway,Rear-end (front to rear),Ran Traffic Signal,Under Influence of Alcohol/Drugs/Medications,None apparent,Dark - roadway lighted,Dry,Clear,None apparent,Intersection:  Four-way intersection,Paved,N/A,Property Damage Only,0,0,0,0,0,0,3000,2,2,N/A,POINT (-92.332752363646 42.502595846115)
2015884142,CL15003747,10/18/2015,10-October,1-Sunday,15:17,1500 Hours,District 6 (East Central),CLINTON,CLINTON,,PERSHING BLVD,Collision with:  Vehicle in traffic,On Roadway,Head-on (front to front),FTYROW:  Making left turn,None Indicated,None apparent,Daylight,Dry,Clear,None apparent,"Non-intersection:  Driveway access (related, not in)",Paved,N/A,Major Injury,0,1,1,0,0,0,6000,2,2,N/A,POINT (-90.181029986274 41.87312965621)
2015886172,,10/19/2015,10-October,2-Monday,07:50,0700 Hours,District 2 (Northeast),,ALLAMAKEE,IA 9,IA 9/IOWA 9,Collision with:  Animal,On Roadway,Non-collision (single vehicle),Animal,None Indicated,N/A,Daylight,Dry,Clear,N/A,Non-intersection:  Non-junction/no special feature,Paved,N/A,Property Damage Only,0,0,0,0,0,0,2128,1,1,No Travel Direction Consistent with Route,POINT (-91.530032024101 43.240568383372)
2015884759,15-20293,10/19/2015,10-October,2-Monday,20:33,2000 Hours,District 2 (Northeast),,BREMER,US 218,US 218,Collision with:  Animal,On Roadway,Non-collision (single vehicle),Animal,None Indicated,Animal in roadway,N/A,N/A,N/A,N/A,N/A,Paved,N/A,Property Damage Only,0,0,0,0,0,0,15000,1,1,Unknown - Not Indicated - Unlocated,POINT (-92.54466771968 42.852608771658)
2015884598,2015-21938,10/20/2015,10-October,3-Tuesday,07:29,0700 Hours,District 6 (East Central),,SCOTT,,Co Rd Y68/SCOTT PK RD,Collision with:  Vehicle in traffic,On Roadway,"Sideswipe, opposite direction",Driver Distraction:  Talking on a hand-held device,None Indicated,None apparent,Dawn,Dry,Clear,None apparent,Non-intersection:  Non-junction/no special feature,Paved,N/A,Possible/Unknown,0,1,0,0,1,0,7000,2,3,N/A,POINT (-90.541287921244 41.716278399081)
2015886062,201515514,10/21/2015,10-October,4-Wednesday,12:57,1200 Hours,District 6 (East Central),CEDAR RAPIDS,LINN,,EDGEWOOD RD NE & NORTH RIVER BLVD NE,Collision with:  Vehicle in traffic,On Roadway,Broadside (front to side),Ran Traffic Signal,None Indicated,Visual obstruction,Daylight,Wet,Cloudy,Work Zone (roadway-related),Intersection:  T-intersection,Paved,Yes,Property Damage Only,0,0,0,0,0,0,9500,2,2,N/A,POINT (-91.702408415677 42.026392770194)
2015885198,15-015317,10/21/2015,10-October,4-Wednesday,14:50,1400 Hours,District 3 (Northwest),,PLYMOUTH,,Co Rd K42/K42 & 160TH ST,Collision with:  Vehicle in traffic,On Roadway,Rear-end (front to rear),Followed too close,None Indicated,None apparent,Daylight,Dry,Clear,None apparent,Intersection:  Four-way intersection,Paved,N/A,Property Damage Only,0,0,0,0,0,0,20000,2,2,N/A,POINT (-96.272508078545 42.821924631787)
2015887827,2015-73975,10/22/2015,10-October,5-Thursday,08:55,0800 Hours,District 6 (East Central),DAVENPORT,SCOTT,,W LOCUST ST & GAINES ST,Collision with:  Vehicle in traffic,On Roadway,"Sideswipe, same direction",Passing:  On wrong side,None Indicated,None apparent,Daylight,Dry,Cloudy,None apparent,Intersection:  Four-way intersection,Paved,N/A,Property Damage Only,0,0,0,0,0,0,2500,2,2,N/A,POINT (-90.582784685171 41.538267180982)
2015885116,W15-092237,10/22/2015,10-October,5-Thursday,19:58,1900 Hours,District 2 (Northeast),WATERLOO,BLACK HAWK,,FRONTAGE RD,Collision with:  Non-motorist (see non-motorist section - NOT a unit),On Roadway,Non-collision (single vehicle),Other (explain in narrative):  No improper action,None Indicated,None apparent,Dark - roadway not lighted,Dry,Clear,None apparent,Non-intersection:  Non-junction/no special feature,Paved,N/A,Minor Injury,0,1,0,1,0,0,750,1,2,N/A,POINT (-92.351836709859 42.457766133124)
2015885464,2015-009115,10/23/2015,10-October,6-Friday,18:30,1800 Hours,District 6 (East Central),DUBUQUE,DUBUQUE,,JOHN F KENNEDY RD,Collision with:  Vehicle in traffic,On Roadway,Rear-end (front to rear),Driver Distraction:  Other interior distraction,None Indicated,None apparent,Dark - roadway lighted,Wet,Rain,None apparent,Non-intersection:  Other non-intersection (explain in narrative),Paved,N/A,Property Damage Only,0,0,0,0,0,0,3050,2,8,N/A,POINT (-90.720532989338 42.496444035153)
2015885760,15-6778,10/23/2015,10-October,6-Friday,09:00,0900 Hours,District 4 (Southwest),,HARRISON,IA 191,IA 191/IOWA 191,Collision with:  Vehicle in traffic,On Roadway,Rear-end (front to rear),Passing:  Other passing (explain in narrative),None Indicated,None apparent,Daylight,Wet,Rain,None apparent,Non-intersection:  Non-junction/no special feature,Paved,N/A,Property Damage Only,0,0,0,0,0,0,1800,2,2,Northbound (NB),POINT (-95.579889806798 41.533397634653)
2015886896,15-36049,10/23/2015,10-October,6-Friday,22:30,2200 Hours,District 3 (Northwest),SIOUX CITY,WOODBURY,,WRIGHT AVE & BOISE ST,Collision with:  Vehicle in traffic,On Roadway,Rear-end (front to rear),Other (explain in narrative):  Other,None Indicated,None apparent,Dark - unknown roadway lighting,Wet,Cloudy,"Surface condition (e.g., wet, icy)",Intersection:  Four-way intersection,Paved,N/A,Property Damage Only,0,0,0,0,0,0,3000,2,2,N/A,POINT (-96.47750393493 42.516358242274)
2015885206,20150031445,10/24/2015,10-October,7-Saturday,01:45,0100 Hours,District 1 (Central),DES MOINES,POLK,,25TH ST,Collision with:  Parked motor vehicle,In parking lane/zone,Rear-end (front to rear),Unknown,None Indicated,None apparent,Dark - roadway lighted,Dry,Clear,None apparent,Non-intersection:  Non-junction/no special feature,Paved,N/A,Property Damage Only,0,0,0,0,0,0,2000,2,1,N/A,POINT (-93.65089894745 41.590823440156)
2015885673,S15-004307,10/25/2015,10-October,1-Sunday,20:56,2000 Hours,District 4 (Southwest),,POTTAWATTAMIE,US 6,US 6 & SUNNYDALE RD,Collision with:  Animal,On Roadway,Non-collision (single vehicle),Animal,None Indicated,None apparent,Dark - roadway not lighted,Dry,Clear,None apparent,Non-intersection:  Non-junction/no special feature,Paved,N/A,Property Damage Only,0,0,0,0,0,0,5000,1,1,Eastbound (EB),POINT (-95.769580869653 41.280661679634)
2015885525,15-010069,10/25/2015,10-October,1-Sunday,19:40,1900 Hours,District 2 (Northeast),,CLAYTON,IA 13,IA 13/IOWA 13,Collision with:  Animal,On Roadway,Non-collision (single vehicle),Animal,None Indicated,Animal in roadway,N/A,N/A,N/A,N/A,N/A,Paved,N/A,Property Damage Only,0,0,0,0,0,0,2000,1,1,Northbound (NB),POINT (-91.490070268228 42.751920653066)
2015885919,2015059658,10/26/2015,10-October,2-Monday,07:00,0700 Hours,District 1 (Central),HUXLEY,STORY,I-35,I-35,Collision with:  Animal,On Roadway,Non-collision (single vehicle),Animal,None Indicated,Animal in roadway,N/A,N/A,N/A,N/A,N/A,Paved,N/A,Property Damage Only,0,0,0,0,0,0,3800,1,1,Northbound (NB),POINT (-93.57131483166 41.864862433754)
2015891385,201515864,10/27/2015,10-October,3-Tuesday,16:03,1600 Hours,District 6 (East Central),CEDAR RAPIDS,LINN,,6TH ST SW,Collision with:  Vehicle in traffic,On Roadway,Rear-end (front to rear),FTYROW:  From stop sign,None Indicated,None apparent,Daylight,Wet,Rain,None apparent,"Non-intersection:  Driveway access (related, not in)",Paved,N/A,Property Damage Only,0,0,0,0,0,0,4000,2,2,N/A,POINT (-91.676755496255 41.948113169211)
2015890760,,10/27/2015,10-October,3-Tuesday,03:02,0300 Hours,District 2 (Northeast),,WINNESHIEK,IA 9,IA 9/IOWA 9 & CENTENNIAL RD,Collision with:  Animal,On Roadway,Non-collision (single vehicle),Animal,None Indicated,None apparent,Dark - roadway not lighted,Dry,Clear,None apparent,Non-intersection:  Non-junction/no special feature,Paved,N/A,Property Damage Only,0,0,0,0,0,0,2500,1,3,Eastbound (EB),POINT (-91.712530046305 43.254474179197)
2015886797,15-001254,10/27/2015,10-October,3-Tuesday,17:34,1700 Hours,District 1 (Central),JOHNSTON,POLK,,PIONEER PKWY & SUNSET LN,Collision with:  Vehicle in traffic,On Roadway,Broadside (front to side),FTYROW:  From stop sign,None Indicated,Visual obstruction,Dusk,Wet,Rain,"Surface condition (e.g., wet, icy)",Intersection:  Other intersection (explain in narrative),Paved,N/A,Minor Injury,0,2,0,1,1,0,6500,2,3,N/A,POINT (-93.711139734618 41.668243499723)
2015886217,20150031944,10/28/2015,10-October,4-Wednesday,16:40,1600 Hours,District 1 (Central),DES MOINES,POLK,,DEAN AVE,Non-collision events:  Non-contact vehicle (phantom),On Roadway,Non-collision (single vehicle),Driver Distraction:  Exterior distraction,None Indicated,None apparent,Daylight,Dry,Cloudy,None apparent,Non-intersection:  Non-junction/no special feature,Paved,N/A,Property Damage Only,0,0,0,0,0,0,2050,1,2,N/A,POINT (-93.573119020294 41.591237479334)
2015887089,C15003801,10/29/2015,10-October,5-Thursday,17:14,1700 Hours,District 6 (East Central),CORALVILLE,JOHNSON,US 6,US 6/2ND ST,Collision with:  Vehicle in traffic,On Roadway,Broadside (front to side),FTYROW:  From driveway,None Indicated,None apparent,Daylight,Dry,Clear,None apparent,"Non-intersection:  Driveway access (related, not in)",Paved,N/A,Property Damage Only,0,0,0,0,0,0,3000,2,2,Westbound (WB),POINT (-91.601676802865 41.684742249433)
2015886486,15-36604,10/29/2015,10-October,5-Thursday,09:17,0900 Hours,District 3 (Northwest),SIOUX CITY,WOODBURY,,WAR EAGLE DR,Collision with:  Vehicle in traffic,On Roadway,Head-on (front to front),Driver Distraction:  Manual operation of an electronic communication device,None Indicated,None apparent,Daylight,Dry,Clear,None apparent,Non-intersection:  Non-junction/no special feature,Paved,N/A,Possible/Unknown,0,2,0,0,2,0,8000,2,2,N/A,POINT (-96.458477595563 42.494711778329)
2015886608,20150032159,10/30/2015,10-October,6-Friday,14:45,1400 Hours,District 1 (Central),DES MOINES,POLK,,CROCKER ST,Collision with fixed object:  Utility pole/light support,Outside trafficway,Non-collision (single vehicle),Lost Control,None Indicated,None apparent,Daylight,Dry,Cloudy,None apparent,Non-intersection:  Non-junction/no special feature,Paved,N/A,Possible/Unknown,0,1,0,0,0,1,4000,1,1,N/A,POINT (-93.640726977929 41.59349267874)
2015887190,,10/30/2015,10-October,6-Friday,07:05,0700 Hours,District 2 (Northeast),,WINNESHIEK,US 52,US 52 & 205TH AVE,Collision with:  Animal,On Roadway,Non-collision (single vehicle),Animal,None Indicated,N/A,Dawn,Dry,Cloudy,N/A,Non-intersection:  Non-junction/no special feature,Paved,N/A,Property Damage Only,0,0,0,0,0,0,6000,1,1,No Travel Direction Consistent with Route,POINT (-91.804194930817 43.172158446892)
2015886836,1510311839,10/31/2015,10-October,7-Saturday,18:39,1800 Hours,District 6 (East Central),ANAMOSA,JONES,,Co Rd X44/AMBER RD X-44,Collision with:  Animal,On Roadway,Non-collision (single vehicle),Animal,None Indicated,Animal in roadway,N/A,N/A,N/A,N/A,N/A,Paved,N/A,Property Damage Only,0,0,0,0,0,0,2500,1,1,N/A,POINT (-91.172530167473 42.119847923755)
2015886686,2015011590,10/31/2015,10-October,7-Saturday,17:34,1700 Hours,District 6 (East Central),IOWA CITY,JOHNSON,IA 1,IA 1/E BURLINGTON ST & S GILBERT ST,Collision with:  Vehicle in traffic,On Roadway,"Angle, oncoming left turn",Ran Traffic Signal,None Indicated,None apparent,Dusk,Dry,Cloudy,None apparent,Intersection:  Four-way intersection,Paved,N/A,Property Damage Only,0,0,0,0,0,0,12000,2,3,No Travel Direction Consistent with Route,POINT (-91.530149670346 41.657855833406)
2015890607,15-015430,11/01/2015,11-November,1-Sunday,02:30,0200 Hours,District 6 (East Central),TIPTON,CEDAR,,ORANGE ST,Collision with:  Vehicle in traffic,On Roadway,Rear-end (front to rear),"Operating vehicle in an reckless, erratic, careless, negligent manner",None Indicated,None apparent,Dark - roadway not lighted,Dry,Cloudy,None apparent,Non-intersection:  Non-junction/no special feature,Paved,N/A,Property Damage Only,0,0,0,0,0,0,1700,2,1,N/A,POINT (-91.135420887301 41.76499918823)
2015890762,,11/02/2015,11-November,2-Monday,21:19,2100 Hours,District 2 (Northeast),,WINNESHIEK,,Co Rd W4B/FRANKVILLE RD,Collision with:  Animal,On Roadway,Non-collision (single vehicle),Animal,None Indicated,Animal in roadway,Dark - roadway not lighted,Dry,Clear,None apparent,Non-intersection:  Non-junction/no special feature,Paved,N/A,Property Damage Only,0,0,0,0,0,0,3000,1,1,N/A,POINT (-91.635973309818 43.20053186867)
2015887062,15006409,11/02/2015,11-November,2-Monday,11:30,1100 Hours,District 3 (Northwest),ONAWA,MONONA,,DIAMOND ST & 12TH ST,Collision with:  Vehicle in traffic,On Roadway,Broadside (front to side),FTYROW:  At uncontrolled intersection,None Indicated,None apparent,Daylight,Dry,Clear,None apparent,Non-intersection:  Non-junction/no special feature,Paved,N/A,Possible/Unknown,0,1,0,0,1,0,7500,2,2,N/A,POINT (-96.099976261447 42.025330551923)
2015888816,15-16710,11/03/2015,11-November,3-Tuesday,13:58,1300 Hours,District 3 (Northwest),SPENCER,CLAY,US 71,US 71,Collision with:  Vehicle in traffic,On Roadway,Rear-end (front to rear),Driver Distraction:  Other interior distraction,None Indicated,None apparent,Daylight,Dry,Clear,None apparent,Non-intersection:  Non-junction/no special feature,Paved,N/A,Property Damage Only,0,0,0,0,0,0,12500,2,3,Southbound (SB),POINT (-95.161267973277 43.077742464498)
2015891398,201516262,11/03/2015,11-November,3-Tuesday,16:49,1600 Hours,District 6 (East Central),CEDAR RAPIDS,LINN,,24TH AVE SW & J ST SW,Collision with:  Non-motorist (see non-motorist section - NOT a unit),On Roadway,Non-collision (single vehicle),Other (explain in narrative):  No improper action,None Indicated,Non-motorist action,Dusk,Dry,Clear,None apparent,Intersection:  T-intersection,Paved,N/A,Possible/Unknown,0,1,0,0,1,0,1,1,1,N/A,POINT (-91.667315636083 41.954740816362)
2015887451,20150032652,11/04/2015,11-November,4-Wednesday,07:41,0700 Hours,District 5 (Southeast),DES MOINES,WARREN,US 65,US 65,Collision with:  Animal,On Roadway,Non-collision (single vehicle),Animal,None Indicated,Animal in roadway,Daylight,Dry,Cloudy,None apparent,Non-intersection:  Non-junction/no special feature,Paved,N/A,Property Damage Only,0,0,0,0,0,0,4000,1,2,No Travel Direction Consistent with Route,POINT (-93.562096570418 41.508631696058)
2015891514,2015061479,11/04/2015,11-November,4-Wednesday,07:50,0700 Hours,District 1 (Central),,POLK,I-35,I-35,Collision with:  Vehicle in traffic,On Roadway,Rear-end (front to rear),Followed too close,None Indicated,None apparent,Daylight,Dry,Clear,None apparent,Non-intersection:  Non-junction/no special feature,Paved,N/A,Property Damage Only,0,0,0,0,0,0,2500,2,2,No Travel Direction Consistent with Route,POINT (-93.61045465328 41.649502055033)
2015889992,15010602,11/05/2015,11-November,5-Thursday,05:25,0500 Hours,District 6 (East Central),,BUCHANAN,,Co Rd D22/220TH ST,Collision with:  Animal,On Roadway,Non-collision (single vehicle),Animal,None Indicated,Animal in roadway,N/A,N/A,N/A,N/A,N/A,Paved,N/A,Property Damage Only,0,0,0,0,0,0,5000,1,1,N/A,POINT (-91.79366112859 42.468244951494)
2015888397,2015-009537,11/05/2015,11-November,5-Thursday,21:01,2100 Hours,District 6 (East Central),DUBUQUE,DUBUQUE,,QUEEN ST,Collision with fixed object:  Curb/island/raised median,On Roadway,Non-collision (single vehicle),Ran off road - left,None Indicated,None apparent,Dark - roadway lighted,Wet,Rain,None apparent,Non-intersection:  Non-junction/no special feature,Paved,N/A,Property Damage Only,0,0,0,0,0,0,3100,1,1,N/A,POINT (-90.667216136061 42.516532886382)
2015889878,15227,11/06/2015,11-November,6-Friday,11:38,1100 Hours,District 5 (Southeast),PELLA,MARION,,WASHINGTON ST,Collision with:  Vehicle in traffic,On Roadway,Head-on (front to front),FTYROW:  Making left turn,None Indicated,None apparent,Daylight,Dry,Clear,None apparent,"Non-intersection:  Driveway access (related, not in)",Paved,N/A,Property Damage Only,0,0,0,0,0,0,3000,2,2,N/A,POINT (-92.915841809281 41.408072436192)
2015888400,2015-009563,11/06/2015,11-November,6-Friday,15:11,1500 Hours,District 6 (East Central),DUBUQUE,DUBUQUE,IA 32,IA 32/IA32 NW ARTERIAL & CHAVENELLE RD,Collision with:  Vehicle in traffic,On Roadway,Rear-end (front to rear),Lost Control,None Indicated,None apparent,Daylight,Dry,Clear,None apparent,Intersection:  Four-way intersection,Paved,N/A,Property Damage Only,0,0,0,0,0,0,5500,2,3,Southbound (SB),POINT (-90.740692583417 42.497239654106)
2015888404,2015-009599,11/07/2015,11-November,7-Saturday,21:14,2100 Hours,District 6 (East Central),DUBUQUE,DUBUQUE,US 20,US 20/DODGE ST,Collision with:  Animal,On Roadway,Non-collision (single vehicle),Animal,None Indicated,None apparent,Dark - roadway lighted,Dry,Clear,None apparent,Non-intersection:  Non-junction/no special feature,Paved,N/A,Property Damage Only,0,0,0,0,0,0,4000,1,1,Eastbound (EB),POINT (-90.735666399516 42.489494941712)