Iowa DOT Case Number,Law Enforcement Case Number,Date of Crash,Month of Crash,Day of Week,Time of Crash,Hour,DOT District,City Name,County Name,Route with System,Location Description,First Harmful Event,Location of First Harmful Event,Manner of Crash/Collision,Major Cause,Drug or Alcohol ,Environmental Conditions,Light Conditions,Surface Conditions,Weather Conditions,Roadway Contribution,Roadway Type,Roadway Surface,Work Zone,Crash Severity,Number of Fatalities,Number of Injuries,Number of Major Injuries,Number of Minor Injuries,Number of Possible Injuries,Number of Unknown Injuries,Amount of Property Damage,Number of Vehicles Involved,Total Number of Occupants,Travel Direction,Location
2015888086,15007221,11/07/2015,11-November,7-Saturday,04:54,0400 Hours,District 3 (Northwest),,CHEROKEE,IA 3,IA 3/IOWA 3 & E AVE,Collision with fixed object:  Ditch,On Roadway,Non-collision (single vehicle),Ran off road - left,Alcohol (Statutory),None apparent,Dark - roadway not lighted,Dry,Clear,None apparent,Non-intersection:  Non-junction/no special feature,Paved,N/A,Property Damage Only,0,0,0,0,0,0,1500,1,1,Eastbound (EB),POINT (-95.779933348444 42.807995223399)
2015890213,15-031108-01,11/08/2015,11-November,1-Sunday,10:30,1000 Hours,District 6 (East Central),,IOWA,,Co Rd F52/F52 TRL & L AVE,Collision with:  Animal,On Roadway,Non-collision (single vehicle),Animal,None Indicated,Animal in roadway,N/A,N/A,N/A,N/A,N/A,Paved,N/A,Property Damage Only,0,0,0,0,0,0,4000,1,1,N/A,POINT (-92.085438856628 41.588659059774)
2015888321,15-5590,11/09/2015,11-November,2-Monday,16:31,1600 Hours,District 1 (Central),WEST DES MOINES,POLK,,UNIVERSITY AVE & NW 121ST ST,Collision with:  Vehicle in traffic,On Roadway,Rear-end (front to rear),Followed too close,None Indicated,None apparent,Daylight,Dry,Clear,None apparent,Non-intersection:  Non-junction/no special feature,Paved,N/A,Property Damage Only,0,0,0,0,0,0,6000,2,2,N/A,POINT (-93.784373623373 41.600429635453)
2015888856,15-5583,11/09/2015,11-November,2-Monday,12:55,1200 Hours,District 1 (Central),WEST DES MOINES,POLK,I-35,I-35,Collision with fixed object:  Ditch,On Roadway,Non-collision (single vehicle),"Operating vehicle in an reckless, erratic, careless, negligent manner",Refused,None apparent,Daylight,Dry,Clear,None apparent,Interchange-related:  On-ramp merge area,Paved,N/A,Property Damage Only,0,0,0,0,0,0,10000,1,2,Ramp,POINT (-93.774078821858 41.594491610728)
2015889593,2015-12632,11/10/2015,11-November,3-Tuesday,15:35,1500 Hours,District 3 (Northwest),,SAC,US 71,US 71/330TH ST & OTTER AVE,Collision with:  Vehicle in traffic,On Roadway,Rear-end (front to rear),"Driver Distraction:  Adjusting devices (radio, climate)",None Indicated,None apparent,Daylight,Dry,Cloudy,None apparent,Intersection:  Four-way intersection,Paved,N/A,Property Damage Only,0,0,0,0,0,0,2000,2,2,No Travel Direction Consistent with Route,POINT (-95.071935275525 42.311459545775)
2015889821,15-026330,11/10/2015,11-November,3-Tuesday,17:45,1700 Hours,District 5 (Southeast),,MARION,,Co Rd G71/HWY G71,Collision with:  Parked motor vehicle,Outside trafficway,Other (explain in narrative),Other (explain in narrative):  Other,None Indicated,None apparent,Dark - roadway not lighted,Dry,Clear,None apparent,Non-intersection:  Non-junction/no special feature,Paved,N/A,Property Damage Only,0,0,0,0,0,0,2500,2,1,N/A,POINT (-92.927370307735 41.21906174515)
2015892789,15-019438,11/11/2015,11-November,4-Wednesday,06:01,0600 Hours,District 5 (Southeast),,HENRY,US 34,US 34,Collision with:  Other non-fixed object (explain in narrative),On Roadway,Non-collision (single vehicle),Other (explain in narrative):  No improper action,None Indicated,None apparent,Dark - roadway not lighted,Dry,Clear,Debris,Non-intersection:  Non-junction/no special feature,Paved,N/A,Property Damage Only,0,0,0,0,0,0,1500,1,1,Eastbound (EB),POINT (-91.427750688629 40.92587027881)
2015888715,W15-097802,11/11/2015,11-November,4-Wednesday,16:50,1600 Hours,District 2 (Northeast),WATERLOO,BLACK HAWK,IA 934,IA 934/UNIVERSITY AVE,Collision with:  Vehicle in traffic,On Roadway,Rear-end (front to rear),Other (explain in narrative):  Vision obstructed,None Indicated,Weather conditions,Daylight,Wet,Rain,None apparent,Non-intersection:  Non-junction/no special feature,Paved,N/A,Property Damage Only,0,0,0,0,0,0,3000,2,5,Eastbound (EB),POINT (-92.393228148969 42.502742870381)
2015889545,1508949PD,11/12/2015,11-November,5-Thursday,10:27,1000 Hours,District 1 (Central),BOONE,BOONE,,MONONA ST,Collision with fixed object:  Curb/island/raised median,Outside trafficway,Broadside (front to side),Driving too fast for conditions,None Indicated,None apparent,Daylight,Wet,Clear,None apparent,Intersection:  T-intersection,Paved,N/A,Property Damage Only,0,0,0,0,0,0,2750,2,2,N/A,POINT (-93.888405074042 42.062379718499)
2015891557,201516767,11/12/2015,11-November,5-Thursday,16:20,1600 Hours,District 6 (East Central),CEDAR RAPIDS,LINN,,MT VERNON RD SE & 8TH AVE SE & 10TH ST SE,Collision with:  Vehicle in traffic,On Roadway,Broadside (front to side),Other (explain in narrative):  Other,None Indicated,None apparent,Daylight,Dry,Cloudy,None apparent,Non-intersection:  Non-junction/no special feature,Paved,N/A,Property Damage Only,0,0,0,0,0,0,3000,2,4,N/A,POINT (-91.653832800648 41.977919216814)
2015889137,20150033607,11/13/2015,11-November,6-Friday,15:37,1500 Hours,District 1 (Central),DES MOINES,POLK,,FOREST AVE & 30TH ST,Collision with:  Vehicle in traffic,On Roadway,"Sideswipe, same direction",None Indicated,None Indicated,None apparent,Daylight,Dry,Clear,None apparent,Non-intersection:  Non-junction/no special feature,Paved,N/A,Property Damage Only,0,0,0,0,0,0,5000,2,5,N/A,POINT (-93.658447705952 41.604003067913)
2015903472,15-009095,11/13/2015,11-November,6-Friday,14:55,1400 Hours,District 6 (East Central),MANCHESTER,DELAWARE,,E MAIN ST & S MADISON ST & N MADISON ST,Collision with:  Vehicle in traffic,On Roadway,Broadside (front to side),Ran Traffic Signal,None Indicated,None apparent,Daylight,Dry,Clear,None apparent,Intersection:  Four-way intersection,Paved,N/A,Property Damage Only,0,0,0,0,0,0,8000,2,2,N/A,POINT (-91.456672437053 42.483978466273)
2015890019,2015-009797,11/14/2015,11-November,7-Saturday,17:16,1700 Hours,District 6 (East Central),DUBUQUE,DUBUQUE,,ASBURY RD,Collision with:  Vehicle in traffic,On Roadway,Rear-end (front to rear),Lost Control,None Indicated,None apparent,Dark - roadway lighted,Dry,Clear,None apparent,Non-intersection:  Non-junction/no special feature,Paved,N/A,Property Damage Only,0,0,0,0,0,0,7000,2,2,N/A,POINT (-90.741977814009 42.515284502124)
2015889268,15-5684,11/14/2015,11-November,7-Saturday,19:53,1900 Hours,District 1 (Central),WEST DES MOINES,POLK,I-235,I-235,Collision with fixed object:  Utility pole/light support,On Roadway,Non-collision (single vehicle),Ran off road - right,None Indicated,None apparent,Dark - roadway lighted,Dry,Clear,None apparent,Non-intersection:  Non-junction/no special feature,Paved,N/A,Minor Injury,0,4,0,4,0,0,22370,1,4,Eastbound (EB),POINT (-93.749983920701 41.592291429608)
2015891743,2015063541,11/15/2015,11-November,1-Sunday,02:33,0200 Hours,District 1 (Central),,POLK,I-35,I-35 & NE 158TH AVE,Collision with fixed object:  Cable barrier,Roadside,Non-collision (single vehicle),Ran off road - left,None Indicated,None apparent,Dark - roadway not lighted,Dry,Clear,None apparent,Non-intersection:  Non-junction/no special feature,Paved,N/A,Possible/Unknown,0,1,0,0,0,1,6006,1,1,Southbound (SB),POINT (-93.571071124248 41.849660095633)
2015890685,2015-79343,11/15/2015,11-November,1-Sunday,03:36,0300 Hours,District 6 (East Central),DAVENPORT,SCOTT,,W 60TH ST & HANCOCK AVE,Collision with:  Vehicle in traffic,On Roadway,Head-on (front to front),Lost Control,None Indicated,None apparent,Dark - roadway lighted,Dry,Clear,None apparent,Non-intersection:  Non-junction/no special feature,Paved,N/A,Property Damage Only,0,0,0,0,0,0,12000,2,2,N/A,POINT (-90.612350581463 41.582070935826)
2015915893,EP15-2571,11/16/2015,11-November,2-Monday,07:33,0700 Hours,District 2 (Northeast),EAGLE GROVE,WRIGHT,IA 17,IA 17/N COMMERCIAL AVE,Collision with:  Vehicle in traffic,On Roadway,"Sideswipe, same direction",Ran off road - right,None Indicated,None apparent,Daylight,Wet,Freezing rain/drizzle,None apparent,Non-intersection:  Non-junction/no special feature,Paved,N/A,Possible/Unknown,0,2,0,0,2,0,4500,2,3,Northbound (NB),POINT (-93.904498019354 42.665547200465)
2015890137,15-46976,11/16/2015,11-November,2-Monday,17:07,1700 Hours,District 5 (Southeast),,MUSCATINE,US 6,US 6,Collision with:  Animal,On Roadway,Non-collision (single vehicle),Animal,None Indicated,Animal in roadway,N/A,N/A,N/A,N/A,N/A,Paved,N/A,Property Damage Only,0,0,0,0,0,0,1500,1,1,Unknown - Not Indicated - Unlocated,POINT (-91.288878661526 41.582543253582)
2015890238,S15-004580,11/17/2015,11-November,3-Tuesday,17:15,1700 Hours,District 4 (Southwest),,POTTAWATTAMIE,IA 92,IA 92/IOWA 92,Collision with:  Animal,On Roadway,Non-collision (single vehicle),Animal,None Indicated,Animal in roadway,N/A,N/A,N/A,N/A,N/A,Paved,N/A,Property Damage Only,0,0,0,0,0,0,3500,1,1,Westbound (WB),POINT (-95.722267834622 41.232471474275)
2015889851,15016423,11/17/2015,11-November,3-Tuesday,07:33,0700 Hours,District 5 (Southeast),CENTERVILLE,APPANOOSE,IA 5,IA 5/N 18TH ST & ROCK VALLEY RD,Collision with:  Vehicle in traffic,On Roadway,"Sideswipe, opposite direction",Lost Control,None Indicated,None apparent,Daylight,Wet,Rain,None apparent,Non-intersection:  Non-junction/no special feature,Paved,N/A,Minor Injury,0,1,0,1,0,0,13000,2,2,Both North and South,POINT (-92.866149208591 40.746955900611)
2015890296,15002071,11/18/2015,11-November,4-Wednesday,09:21,0900 Hours,District 6 (East Central),IOWA CITY,JOHNSON,,HAWKINS DR,Collision with:  Vehicle in traffic,On Roadway,Rear-end (front to rear),Followed too close,None Indicated,Weather conditions,Daylight,Wet,Rain,"Slippery, loose, or worn surface",Intersection:  Four-way intersection,Paved,N/A,Possible/Unknown,0,1,0,0,1,0,5000,2,3,N/A,POINT (-91.558245423077 41.665750498251)
2015890181,20150034095,11/18/2015,11-November,4-Wednesday,13:10,1300 Hours,District 1 (Central),DES MOINES,POLK,,FLEUR DR,Collision with:  Vehicle in traffic,On Roadway,Rear-end (front to rear),Followed too close,None Indicated,None apparent,Daylight,Wet,Rain,Work Zone (roadway-related),Non-intersection:  Non-junction/no special feature,Paved,Yes,Property Damage Only,0,0,0,0,0,0,2000,2,2,N/A,POINT (-93.644978419672 41.55651208939)
2015891299,15-037075,11/19/2015,11-November,5-Thursday,00:30,0000 Hours,District 5 (Southeast),,LEE,US 61,US 61,Collision with:  Animal,On Roadway,Non-collision (single vehicle),Animal,None Indicated,Animal in roadway,N/A,N/A,N/A,N/A,N/A,Paved,N/A,Property Damage Only,0,0,0,0,0,0,1500,1,1,Southbound (SB),POINT (-91.442492320919 40.452129889422)
2015891578,2015-003847,11/19/2015,11-November,5-Thursday,02:12,0200 Hours,District 2 (Northeast),,ALLAMAKEE,IA 76,IA 76/IOWA 76,Collision with fixed object:  Ditch,Unknown,Non-collision (single vehicle),Ran off road - right,None Indicated,None apparent,Dark - roadway not lighted,Wet,Rain,None apparent,Non-intersection:  Non-junction/no special feature,Paved,N/A,Property Damage Only,0,0,0,0,0,0,5000,1,1,Southbound (SB),POINT (-91.19176807754 43.088487210141)
2015892173,20150064885,11/20/2015,11-November,6-Friday,19:30,1900 Hours,District 6 (East Central),,CEDAR,I-80,I-80,Collision with fixed object:  Cable barrier,On Roadway,Non-collision (single vehicle),Ran off road - left,None Indicated,Weather conditions,Dark - roadway not lighted,Slush,Snow,"Surface condition (e.g., wet, icy)",Non-intersection:  Non-junction/no special feature,Paved,N/A,Property Damage Only,0,0,0,0,0,0,3500,1,1,Westbound (WB),POINT (-91.198623076265 41.657496274925)
2015892942,15008892,11/20/2015,11-November,6-Friday,17:45,1700 Hours,District 5 (Southeast),,LOUISA,,Co Rd X43/COUNTY RD X 43,Collision with:  Animal,On Roadway,Non-collision (single vehicle),Animal,None Indicated,Animal in roadway,N/A,N/A,N/A,N/A,N/A,Paved,N/A,Property Damage Only,0,0,0,0,0,0,2500,1,1,N/A,POINT (-91.234981291265 41.279506580534)
2015891276,2015003948,11/20/2015,11-November,6-Friday,06:50,0600 Hours,District 6 (East Central),WORTHINGTON,DUBUQUE,,E WORTHINGTON RD,Collision with:  Animal,On Roadway,Non-collision (single vehicle),Animal,None Indicated,Animal in roadway,N/A,N/A,N/A,N/A,N/A,Paved,N/A,Property Damage Only,0,0,0,0,0,0,2000,1,1,N/A,POINT (-91.111234538344 42.397250839606)
2015892236,15-39466,11/20/2015,11-November,6-Friday,15:30,1500 Hours,District 3 (Northwest),SIOUX CITY,WOODBURY,,TRI-VIEW AVE & HAMILTON BLVD,Collision with:  Vehicle in traffic,On Roadway,Rear-end (front to rear),Lost Control,None Indicated,Weather conditions,Daylight,Snow,Snow,"Surface condition (e.g., wet, icy)",Non-intersection:  Non-junction/no special feature,Paved,N/A,Possible/Unknown,0,1,0,0,0,1,2700,2,2,N/A,POINT (-96.424223682117 42.494444901449)
2015891255,15015849,11/20/2015,11-November,6-Friday,06:54,0600 Hours,District 4 (Southwest),,MILLS,,Co Rd H12/BROTHERS AVE,Collision with:  Animal,On Roadway,Non-collision (single vehicle),Animal,None Indicated,Animal in roadway,N/A,N/A,N/A,N/A,N/A,Paved,N/A,Property Damage Only,0,0,0,0,0,0,8000,1,1,N/A,POINT (-95.52989172946 41.14567742505)
2015892610,15-39574,11/21/2015,11-November,7-Saturday,11:01,1100 Hours,District 5 (Southeast),WEST BURLINGTON,DES MOINES,US 34,US 34/NE RAMP,Collision with:  Vehicle in traffic,Shoulder,Rear-end (front to rear),Other (explain in narrative):  Other,None Indicated,None apparent,Daylight,Slush,Snow,None apparent,Non-intersection:  Non-junction/no special feature,Paved,N/A,Property Damage Only,0,0,0,0,0,0,6000,2,1,Ramp,POINT (-91.168870053489 40.818234376862)
2015892193,2015065105,11/21/2015,11-November,7-Saturday,06:30,0600 Hours,District 6 (East Central),,JOHNSON,I-80,I-80,Collision with:  Vehicle in traffic,On Roadway,Rear-end (front to rear),Driving too fast for conditions,None Indicated,Weather conditions,Dawn,Snow,Snow,"Traffic backup, prior crash",Non-intersection:  Non-junction/no special feature,Paved,N/A,Property Damage Only,0,0,0,0,0,0,35000,2,7,Eastbound (EB),POINT (-91.773952725962 41.68845684497)
2015891163,15-005659,11/21/2015,11-November,7-Saturday,11:22,1100 Hours,District 1 (Central),AMES,STORY,US 30,US 30/NE RAMP CURV/SPECIAL CASE & US 69/S DUFF AVE,Collision with:  Vehicle in traffic,On Roadway,Rear-end (front to rear),Driving too fast for conditions,None Indicated,None apparent,Daylight,Snow,Clear,"Surface condition (e.g., wet, icy)",Intersection:  Intersection with ramp,Paved,N/A,Possible/Unknown,0,2,0,0,2,0,1500,2,7,Ramp,POINT (-93.610033901603 42.005888574438)
2015893707,15187749,11/22/2015,11-November,1-Sunday,03:00,0300 Hours,District 6 (East Central),SOLON,JOHNSON,,S RACINE AVE & W SOVERS ST,Collision with fixed object:  Fire hydrant,In parking lane/zone,Non-collision (single vehicle),"Operating vehicle in an reckless, erratic, careless, negligent manner",None Indicated,None apparent,Dark - roadway lighted,Dry,Clear,None apparent,Non-intersection:  Non-junction/no special feature,Unpaved,N/A,Property Damage Only,0,0,0,0,0,0,11070,1,1,N/A,POINT (-91.503787710624 41.806000650537)
2015893913,15036951,11/23/2015,11-November,2-Monday,16:10,1600 Hours,District 1 (Central),MARSHALLTOWN,MARSHALL,,W BOONE ST & S 9TH ST,Collision with:  Vehicle in traffic,On Roadway,Broadside (front to side),FTYROW:  From stop sign,None Indicated,None apparent,Daylight,Wet,Clear,None apparent,Intersection:  Four-way intersection,Paved,N/A,Property Damage Only,0,0,0,0,0,0,2800,2,2,N/A,POINT (-92.927367060819 42.045503518713)
2015892206,2015065607,11/23/2015,11-November,2-Monday,13:59,1300 Hours,District 1 (Central),DES MOINES,POLK,I-35,I-35,Collision with fixed object:  Utility pole/light support,On Roadway,Non-collision (single vehicle),Equipment failure,None Indicated,None apparent,Daylight,Dry,Clear,None apparent,Interchange-related:  Off-ramp,Paved,N/A,Property Damage Only,0,0,0,0,0,0,10000,1,2,Ramp,POINT (-93.605299350683 41.649133003882)
2015892653,15-019631,11/24/2015,11-November,3-Tuesday,05:45,0500 Hours,District 2 (Northeast),,CHICKASAW,,MISSION AVE,Collision with:  Animal,On Roadway,Non-collision (single vehicle),Animal,None Indicated,Animal in roadway,Dark - roadway not lighted,Dry,"Fog, smoke, smog",None apparent,Non-intersection:  Non-junction/no special feature,Paved,N/A,Property Damage Only,0,0,0,0,0,0,7000,1,1,N/A,POINT (-92.306764091674 43.079181430366)
2015892766,W15-101685,11/24/2015,11-November,3-Tuesday,17:19,1700 Hours,District 2 (Northeast),WATERLOO,BLACK HAWK,,GREYHOUND DR,Collision with:  Animal,On Roadway,Non-collision (single vehicle),Animal,None Indicated,Animal in roadway,Dark - roadway not lighted,Dry,Clear,None apparent,Non-intersection:  Non-junction/no special feature,Paved,N/A,Property Damage Only,0,0,0,0,0,0,3000,1,1,N/A,POINT (-92.405057167191 42.466907530088)
2015893232,15-12717,11/25/2015,11-November,4-Wednesday,17:45,1700 Hours,District 3 (Northwest),,SIOUX,IA 10,IA 10/450TH ST & GRANT AVE,Collision with:  Animal,On Roadway,Non-collision (single vehicle),Animal,None Indicated,Animal in roadway,N/A,N/A,N/A,N/A,N/A,Paved,N/A,Property Damage Only,0,0,0,0,0,0,2000,1,1,Eastbound (EB),POINT (-96.195213343309 42.997206512786)
2015892162,20150034853,11/25/2015,11-November,4-Wednesday,20:45,2000 Hours,District 1 (Central),DES MOINES,POLK,,PARK LAWN DR & SW 42ND ST,Collision with:  Vehicle in traffic,On Roadway,Rear-end (front to rear),Other (explain in narrative):  Other,None Indicated,None apparent,Dark - roadway lighted,Wet,Clear,None apparent,Intersection:  T-intersection,Paved,N/A,Property Damage Only,0,0,0,0,0,0,20000,2,3,N/A,POINT (-93.674351452074 41.552407390971)
2015892586,W15-102189,11/26/2015,11-November,5-Thursday,15:29,1500 Hours,District 2 (Northeast),WATERLOO,BLACK HAWK,,E MITCHELL AVE,Other (explain in narrative),On Roadway,Rear to side,Other (explain in narrative):  Other,None Indicated,Weather conditions,Daylight,Wet,Rain,"Surface condition (e.g., wet, icy)",Non-intersection:  Non-junction/no special feature,Paved,N/A,Property Damage Only,0,0,0,0,0,0,4000,2,2,N/A,POINT (-92.339829034154 42.476627956098)
2015894479,15-7619,11/27/2015,11-November,6-Friday,17:04,1700 Hours,District 1 (Central),GRIMES,POLK,IA 44,IA 44/1ST ST,Collision with:  Vehicle in traffic,On Roadway,Rear-end (front to rear),Followed too close,None Indicated,None apparent,Dark - roadway lighted,Dry,Cloudy,None apparent,Intersection:  Intersection with ramp,Paved,N/A,Property Damage Only,0,0,0,0,0,0,2000,2,5,Eastbound (EB),POINT (-93.77323339565 41.688441710302)
2015892507,20150035317,11/27/2015,11-November,6-Friday,13:09,1300 Hours,District 1 (Central),DES MOINES,POLK,,E LACONA AVE,Collision with:  Parked motor vehicle,On Roadway,Unknown,Unknown,None Indicated,Unknown,Daylight,Unknown,Unknown,Unknown,Unknown,Paved,N/A,Possible/Unknown,0,1,0,0,0,1,1500,2,2,N/A,POINT (-93.598031168991 41.564358995196)
2015894032,,11/28/2015,11-November,7-Saturday,02:00,0200 Hours,District 6 (East Central),MARENGO,IOWA,,MARENGO AVE,Collision with:  Parked motor vehicle,On Roadway,Rear to rear,Driver Distraction:  Exterior distraction,None Indicated,None apparent,Dark - roadway lighted,Dry,Cloudy,None apparent,Non-intersection:  Non-junction/no special feature,Paved,N/A,Property Damage Only,0,0,0,0,0,0,4500,2,1,N/A,POINT (-92.06869225732 41.799270639157)
2015893285,15-048417,11/29/2015,11-November,1-Sunday,00:05,0000 Hours,District 4 (Southwest),COUNCIL BLUFFS,POTTAWATTAMIE,,9TH AVE,Collision with:  Parked motor vehicle,On Roadway,Broadside (front to side),Lost Control,None Indicated,None apparent,Dark - roadway lighted,Dry,Clear,None apparent,Non-intersection:  Non-junction/no special feature,Paved,N/A,Possible/Unknown,0,1,0,0,0,1,3800,2,1,N/A,POINT (-95.880712881211 41.253552211695)
2015893615,CL15004280,11/30/2015,11-November,2-Monday,19:56,1900 Hours,District 6 (East Central),CLINTON,CLINTON,US 67,US 67/N 2ND ST & 11TH AVE N,Collision with:  Vehicle in traffic,On Roadway,Rear-end (front to rear),Followed too close,None Indicated,None apparent,Dark - roadway lighted,Wet,Clear,None apparent,Non-intersection:  Non-junction/no special feature,Paved,N/A,Possible/Unknown,0,1,0,0,1,0,5000,2,2,Northbound (NB),POINT (-90.185707218817 41.856061624384)
2015892097,15-40389,11/30/2015,11-November,2-Monday,00:07,0000 Hours,District 3 (Northwest),SIOUX CITY,WOODBURY,,STEWART AVE & MCDONALD ST,Collision with fixed object:  Tree,On Roadway,Head-on (front to front),Lost Control,Alcohol (Statutory),None apparent,Dark - roadway lighted,Dry,Clear,None apparent,Non-intersection:  Non-junction/no special feature,Paved,N/A,Major Injury,0,1,1,0,0,0,7001,2,1,N/A,POINT (-96.411380062731 42.510415099937)
2015892496,15583,12/01/2015,12-December,3-Tuesday,08:24,0800 Hours,District 3 (Northwest),ESTHERVILLE,EMMET,IA 9,IA 9/IOWA 9 & 360 AVE,Collision with:  Vehicle in traffic,On Roadway,Broadside (front to side),Other (explain in narrative):  Other,None Indicated,None apparent,Daylight,Ice/frost,Cloudy,"Surface condition (e.g., wet, icy)",Non-intersection:  Non-junction/no special feature,Paved,N/A,Property Damage Only,0,0,0,0,0,0,6500,4,4,Westbound (WB),POINT (-94.876523491075 43.415192218422)
2015893242,15-13258,12/01/2015,12-December,3-Tuesday,07:20,0700 Hours,District 3 (Northwest),,SIOUX,IA 60,IA 60/IOWA 60,Non-collision events:  Jackknife,Median,Non-collision (single vehicle),Ran off road - left,None Indicated,None apparent,Dawn,Ice/frost,Cloudy,"Surface condition (e.g., wet, icy)",Intersection:  Other intersection (explain in narrative),Paved,N/A,Property Damage Only,0,0,0,0,0,0,10000,1,1,Southbound (SB),POINT (-95.980734592869 43.009526625218)
2015894337,2015067213,12/02/2015,12-December,4-Wednesday,08:00,0800 Hours,District 6 (East Central),,DUBUQUE,US 20,US 20,Non-collision events:  Overturn/rollover,On Roadway,Non-collision (single vehicle),Ran off road - right,None Indicated,Weather conditions,Daylight,Slush,Snow,"Surface condition (e.g., wet, icy)",Non-intersection:  Non-junction/no special feature,Paved,N/A,Possible/Unknown,0,1,0,0,1,0,1500,1,1,Westbound (WB),POINT (-90.796327998122 42.439752775527)
2015893452,15-7724,12/02/2015,12-December,4-Wednesday,16:28,1600 Hours,District 3 (Northwest),CHEROKEE,CHEROKEE,,W CHERRY ST & N 11TH ST,Collision with:  Vehicle in traffic,On Roadway,Broadside (front to side),FTYROW:  At uncontrolled intersection,None Indicated,None apparent,Daylight,Dry,Clear,None apparent,Non-intersection:  Non-junction/no special feature,Paved,N/A,Property Damage Only,0,0,0,0,0,0,6000,2,2,N/A,POINT (-95.564275709392 42.75292469979)
2015893790,15021372,12/03/2015,12-December,5-Thursday,21:30,2100 Hours,District 2 (Northeast),MASON CITY,CERRO GORDO,,4TH ST NE & N PENNSYLVANIA AVE,Collision with:  Vehicle in traffic,On Roadway,Broadside (front to side),Driver Distraction:  Reaching for object(s)/fallen object(s),None Indicated,None apparent,Dark - roadway not lighted,Dry,Clear,None apparent,Non-intersection:  Non-junction/no special feature,Paved,N/A,Property Damage Only,0,0,0,0,0,0,7000,2,1,N/A,POINT (-93.197841206478 43.155454646667)
2015899927,153351,12/03/2015,12-December,5-Thursday,00:14,0000 Hours,District 2 (Northeast),HAMPTON,FRANKLIN,,2ND ST SE,Collision with:  Parked motor vehicle,On Roadway,Rear-end (front to rear),Driver Distraction:  Manual operation of an electronic communication device,Alcohol (Statutory),None apparent,Dark - roadway not lighted,Wet,Rain,None apparent,Non-intersection:  Other non-intersection (explain in narrative),Paved,N/A,Property Damage Only,0,0,0,0,0,0,5300,3,1,N/A,POINT (-93.204950000359 42.737782317389)
2015893564,15248,12/04/2015,12-December,6-Friday,15:23,1500 Hours,District 5 (Southeast),PELLA,MARION,,S CLARK ST,Collision with:  Vehicle in traffic,On Roadway,Rear-end (front to rear),Other (explain in narrative):  Other,None Indicated,None apparent,Daylight,Dry,Clear,None apparent,Non-intersection:  Non-junction/no special feature,Paved,N/A,Possible/Unknown,0,1,0,0,1,0,300,2,2,N/A,POINT (-92.912116626884 41.393450302091)
2015893560,W15-104201,12/04/2015,12-December,6-Friday,13:39,1300 Hours,District 2 (Northeast),WATERLOO,BLACK HAWK,US 20,US 20/NE RAMP & IA 21/HAWKEYE RD,Collision with:  Vehicle in traffic,On Roadway,Broadside (front to side),Unknown,None Indicated,None apparent,Daylight,Dry,Clear,None apparent,Interchange-related:  Off-ramp,Paved,N/A,Property Damage Only,0,0,0,0,0,0,6500,2,4,Ramp,POINT (-92.346769872273 42.454963552594)
2015893641,20150035726,12/05/2015,12-December,7-Saturday,01:05,0100 Hours,District 1 (Central),DES MOINES,POLK,,58TH ST,Collision with:  Vehicle in traffic,On Roadway,"Sideswipe, opposite direction",Unknown,None Indicated,None apparent,Dark - roadway lighted,Dry,Clear,None apparent,Intersection:  T-intersection,Paved,N/A,Property Damage Only,0,0,0,0,0,0,1500,2,2,N/A,POINT (-93.696030817635 41.582551632625)
2015894563,,12/05/2015,12-December,7-Saturday,00:36,0000 Hours,District 5 (Southeast),,DECATUR,,Co Rd R52/LINEVILLE RD & LEGAL NOT OPEN,Collision with:  Animal,On Roadway,Non-collision (single vehicle),Animal,None Indicated,Animal in roadway,Dark - roadway not lighted,Dry,Clear,None apparent,Non-intersection:  Non-junction/no special feature,Paved,N/A,Property Damage Only,0,0,0,0,0,0,1500,1,2,N/A,POINT (-93.606545354609 40.630957816123)
2015894798,2015068028,12/06/2015,12-December,1-Sunday,07:38,0700 Hours,District 4 (Southwest),,POTTAWATTAMIE,I-80,I-80,Collision with:  Animal,On Roadway,Non-collision (single vehicle),Animal,None Indicated,Animal in roadway,N/A,N/A,N/A,N/A,N/A,Paved,N/A,Property Damage Only,0,0,0,0,0,0,5000,1,1,Westbound (WB),POINT (-95.774785983878 41.295576941213)
2015895114,15-005346,12/07/2015,12-December,2-Monday,15:37,1500 Hours,District 1 (Central),ANKENY,POLK,US 69,US 69/S ANKENY BLVD/N ANKENY BLVD & W 1ST ST & E 1ST ST,Collision with:  Vehicle in traffic,On Roadway,Broadside (front to side),FTYROW:  Making left turn,None Indicated,None apparent,Daylight,Dry,Clear,None apparent,Intersection:  Other intersection (explain in narrative),Paved,N/A,Major Injury,0,2,1,0,1,0,20000,2,5,Southbound (SB),POINT (-93.600399842465 41.731852855901)
2015894533,15-7859,12/08/2015,12-December,3-Tuesday,11:25,1100 Hours,District 1 (Central),DES MOINES,POLK,US 69,US 69/NE 14TH ST & E AURORA AVE,Collision with:  Vehicle in traffic,On Roadway,Broadside (front to side),Other (explain in narrative):  Other,None Indicated,None apparent,Daylight,Dry,Cloudy,None apparent,Intersection:  Four-way intersection,Paved,N/A,Property Damage Only,0,0,0,0,0,0,7000,2,2,Northbound (NB),POINT (-93.600465177609 41.63678250685)
2015895218,,12/08/2015,12-December,3-Tuesday,07:45,0700 Hours,District 6 (East Central),CEDAR RAPIDS,LINN,,42ND ST NE & MARILYN DR NE,N/A,On Roadway,Rear-end (front to rear),Unknown,None Indicated,N/A,Daylight,Wet,Clear,N/A,N/A,Paved,N/A,Property Damage Only,0,0,0,0,0,0,0,2,2,N/A,POINT (-91.675798985613 42.021666694093)