Iowa DOT Case Number,Law Enforcement Case Number,Date of Crash,Month of Crash,Day of Week,Time of Crash,Hour,DOT District,City Name,County Name,Route with System,Location Description,First Harmful Event,Location of First Harmful Event,Manner of Crash/Collision,Major Cause,Drug or Alcohol ,Environmental Conditions,Light Conditions,Surface Conditions,Weather Conditions,Roadway Contribution,Roadway Type,Roadway Surface,Work Zone,Crash Severity,Number of Fatalities,Number of Injuries,Number of Major Injuries,Number of Minor Injuries,Number of Possible Injuries,Number of Unknown Injuries,Amount of Property Damage,Number of Vehicles Involved,Total Number of Occupants,Travel Direction,Location
2015895009,15-41614,12/09/2015,12-December,4-Wednesday,14:58,1400 Hours,District 3 (Northwest),SIOUX CITY,WOODBURY,,JONES ST & 4TH ST,Collision with:  Vehicle in traffic,On Roadway,Broadside (front to side),FTYROW:  From stop sign,None Indicated,None apparent,Daylight,Dry,Clear,None apparent,Intersection:  Four-way intersection,Paved,N/A,Minor Injury,0,1,0,1,0,0,4000,2,2,N/A,POINT (-96.400809268195 42.494143391996)
2015895109,15-23078,12/10/2015,12-December,5-Thursday,17:37,1700 Hours,District 6 (East Central),BETTENDORF,SCOTT,,MIDDLE RD,Collision with:  Vehicle in traffic,On Roadway,Rear-end (front to rear),Followed too close,None Indicated,None apparent,Dark - roadway lighted,Dry,Clear,None apparent,"Non-intersection:  Driveway access (related, not in)",Paved,N/A,Property Damage Only,0,0,0,0,0,0,8000,2,3,N/A,POINT (-90.484517183074 41.551180918548)
2015895951,S15-14343,12/10/2015,12-December,5-Thursday,20:22,2000 Hours,District 3 (Northwest),SIOUX CITY,WOODBURY,,Co Rd D25/OLD HWY 141,Collision with:  Vehicle in traffic,On Roadway,Rear-end (front to rear),Followed too close,None Indicated,None apparent,Dark - roadway not lighted,Dry,Cloudy,None apparent,"Non-intersection:  Driveway access (related, not in)",Paved,N/A,Property Damage Only,0,0,0,0,0,0,4000,2,3,N/A,POINT (-96.320116406856 42.451192080388)
2015896456,15021807,12/11/2015,12-December,6-Friday,14:38,1400 Hours,District 2 (Northeast),MASON CITY,CERRO GORDO,,1ST ST NE & N PENNSYLVANIA AVE,Collision with:  Vehicle in traffic,On Roadway,Broadside (front to side),Other (explain in narrative):  Other,None Indicated,None apparent,Daylight,Dry,Clear,None apparent,Non-intersection:  Non-junction/no special feature,Paved,N/A,Property Damage Only,0,0,0,0,0,0,2500,2,2,N/A,POINT (-93.197783150674 43.15270826971)
2015895366,2015-84852,12/11/2015,12-December,6-Friday,10:16,1000 Hours,District 6 (East Central),DAVENPORT,SCOTT,,HICKORY GROVE RD & HILLANDALE RD,Collision with:  Vehicle in traffic,On Roadway,"Angle, oncoming left turn",Ran Traffic Signal,None Indicated,None apparent,Daylight,Dry,Clear,None apparent,Intersection:  T-intersection,Paved,N/A,Property Damage Only,0,0,0,0,0,0,5500,2,3,N/A,POINT (-90.62242042235 41.553143998223)
2015895640,15-42038,12/12/2015,12-December,7-Saturday,13:15,1300 Hours,District 3 (Northwest),SIOUX CITY,WOODBURY,,W SOLWAY ST,Collision with:  Parked motor vehicle,On Roadway,Rear to side,FTYROW:  From driveway,None Indicated,None apparent,Daylight,Dry,Cloudy,None apparent,"Non-intersection:  Driveway access (related, not in)",Paved,N/A,Property Damage Only,0,0,0,0,0,0,4500,2,777,N/A,POINT (-96.413645030938 42.515128943606)
2015895306,15337,12/13/2015,12-December,1-Sunday,01:00,0100 Hours,District 4 (Southwest),GRANGER,DALLAS,,BROADWAY ST & MAIN ST,Collision with:  Parked motor vehicle,Outside trafficway,Unknown,Other (explain in narrative):  Other,None Indicated,None apparent,Dark - roadway lighted,Gravel,Rain,None apparent,Non-intersection:  Non-junction/no special feature,Paved,N/A,Property Damage Only,0,0,0,0,0,0,2500,2,1,N/A,POINT (-93.82032818487 41.759603711537)
2015895828,2015013166,12/14/2015,12-December,2-Monday,07:32,0700 Hours,District 6 (East Central),IOWA CITY,JOHNSON,,MELROSE AVE & HAWKEYE PARK RD,Collision with:  Vehicle in traffic,On Roadway,"Angle, oncoming left turn",FTYROW:  Making left turn,None Indicated,None apparent,Daylight,Wet,Cloudy,None apparent,Intersection:  Four-way intersection,Paved,N/A,Property Damage Only,0,0,0,0,0,0,7500,2,3,N/A,POINT (-91.583240485489 41.657036484216)
2015895800,20150036684,12/14/2015,12-December,2-Monday,12:11,1200 Hours,District 1 (Central),DES MOINES,POLK,I-235,I-235,Collision with fixed object:  Utility pole/light support,On Roadway,Non-collision (single vehicle),Driving too fast for conditions,None Indicated,Weather conditions,Daylight,Wet,Rain,"Surface condition (e.g., wet, icy)",Interchange-related:  On-ramp merge area,Paved,N/A,Property Damage Only,0,0,0,0,0,0,7000,1,1,Westbound (WB),POINT (-93.575111701009 41.627832901611)
2015896496,,12/15/2015,12-December,3-Tuesday,14:59,1400 Hours,District 6 (East Central),CEDAR RAPIDS,LINN,,BLAIRS FERRY RD NE & COUNCIL ST NE,Collision with:  Vehicle in traffic,On Roadway,"Angle, oncoming left turn",Unknown,None Indicated,N/A,Daylight,Dry,Cloudy,N/A,Intersection:  Four-way intersection,Paved,N/A,Property Damage Only,0,0,0,0,0,0,16790,2,3,N/A,POINT (-91.658349772779 42.035252774926)
2015895968,15-017404,12/15/2015,12-December,3-Tuesday,07:35,0700 Hours,District 3 (Northwest),,PLYMOUTH,IA 12,IA 12/IOWA 12,Collision with:  Animal,Unknown,N/A,Animal,None Indicated,N/A,N/A,N/A,N/A,N/A,N/A,Paved,N/A,Property Damage Only,0,0,0,0,0,0,2000,1,1,Unknown - Not Indicated - Unlocated,POINT (-96.522806971973 42.636558002415)
2015896362,15-028978,12/16/2015,12-December,4-Wednesday,17:46,1700 Hours,District 5 (Southeast),,MARION,IA 5,IA 5/IOWA 5,Collision with:  Animal,On Roadway,Non-collision (single vehicle),Animal,None Indicated,Animal in roadway,N/A,N/A,N/A,N/A,N/A,Paved,N/A,Property Damage Only,0,0,0,0,0,0,9000,1,1,No Travel Direction Consistent with Route,POINT (-93.009640467724 41.226191470425)
2015907603,AC-15-0128,12/17/2015,12-December,5-Thursday,13:20,1300 Hours,District 6 (East Central),MONTICELLO,JONES,IA 38,IA 38/N CEDAR ST/IOWA 38 & 11 ST,Collision with:  Vehicle in traffic,On Roadway,Broadside (front to side),Ran Stop Sign,None Indicated,None apparent,Daylight,Dry,Clear,None apparent,Intersection:  Four-way intersection,Paved,N/A,Property Damage Only,0,0,0,0,0,0,8000,2,4,Northbound (NB),POINT (-91.192351842247 42.252603154307)
2015898183,PD150946,12/17/2015,12-December,5-Thursday,13:34,1300 Hours,District 1 (Central),GRUNDY CENTER,GRUNDY,IA 14,IA 14/240TH ST & COMMERCE DR CONN,Collision with:  Vehicle in traffic,On Roadway,Rear-end (front to rear),FTYROW:  Other (explain in narrative),None Indicated,None apparent,Daylight,Dry,Clear,None apparent,Intersection:  T-intersection,Paved,N/A,Property Damage Only,0,0,0,0,0,0,1750,2,4,No Travel Direction Consistent with Route,POINT (-92.792888863822 42.361615327205)
2015897385,2015-86593,12/18/2015,12-December,6-Friday,23:09,2300 Hours,District 6 (East Central),DAVENPORT,SCOTT,I-80,I-80,Collision with:  Vehicle in traffic,On Roadway,Rear-end (front to rear),Followed too close,None Indicated,None apparent,Dark - roadway not lighted,Dry,Clear,None apparent,Non-intersection:  Non-junction/no special feature,Paved,N/A,Possible/Unknown,0,1,0,0,1,0,12500,2,2,Westbound (WB),POINT (-90.642362627432 41.601189736729)
2015896479,15004427,12/18/2015,12-December,6-Friday,11:25,1100 Hours,District 6 (East Central),CORALVILLE,JOHNSON,US 6,US 6/2ND ST,Collision with:  Vehicle in traffic,On Roadway,Rear-end (front to rear),None Indicated,None Indicated,None apparent,Daylight,Dry,Clear,None apparent,Non-intersection:  Non-junction/no special feature,Paved,N/A,Property Damage Only,0,0,0,0,0,0,7800,3,4,Westbound (WB),POINT (-91.559800040815 41.666598623164)
2015896980,15-005530,12/19/2015,12-December,7-Saturday,02:05,0200 Hours,District 1 (Central),ANKENY,POLK,,SE MAGAZINE RD & SE TRILEIN DR,Collision with fixed object:  Other post/pole/support (explain in narrative),Outside trafficway,Non-collision (single vehicle),Ran Stop Sign,Alcohol (Statutory),None apparent,Dark - roadway lighted,Dry,Cloudy,None apparent,Intersection:  T-intersection,Paved,N/A,Property Damage Only,0,0,0,0,0,0,18000,1,1,N/A,POINT (-93.590696039206 41.717392799701)
2015896640,CL15004519,12/19/2015,12-December,7-Saturday,11:17,1100 Hours,District 6 (East Central),CLINTON,CLINTON,,17TH AVE N & PERSHING BLVD,Collision with:  Vehicle in traffic,On Roadway,Broadside (front to side),Ran Stop Sign,None Indicated,None apparent,Daylight,Dry,Clear,None apparent,Intersection:  Four-way intersection,Paved,N/A,Minor Injury,0,3,0,2,1,0,3000,2,3,N/A,POINT (-90.184254214529 41.863914961036)
2015896783,15-2916,12/20/2015,12-December,1-Sunday,13:35,1300 Hours,District 1 (Central),URBANDALE,POLK,I-35,I-35 & IA 141/IOWA 141 &  NW URBANDALE DR,Collision with:  Vehicle in traffic,On Roadway,Rear-end (front to rear),FTYROW:  Making right turn on red signal,None Indicated,None apparent,Daylight,Dry,Cloudy,None apparent,Intersection:  T-intersection,Paved,N/A,Property Damage Only,0,0,0,0,0,0,2200,2,3,Ramp,POINT (-93.772456834695 41.64761777803)
2015897369,15-13315,12/21/2015,12-December,2-Monday,10:20,1000 Hours,District 3 (Northwest),CARROLL,CARROLL,,2ND ST & MAIN ST,Collision with:  Vehicle in traffic,On Roadway,Broadside (front to side),FTYROW:  From stop sign,None Indicated,None apparent,Daylight,Dry,Cloudy,None apparent,Intersection:  Four-way intersection,Paved,N/A,Possible/Unknown,0,1,0,0,1,0,8000,2,4,N/A,POINT (-94.869039867461 42.061566536845)
2015897019,2015-010940,12/21/2015,12-December,2-Monday,17:28,1700 Hours,District 6 (East Central),DUBUQUE,DUBUQUE,US 20,US 20/DODGE ST,Collision with:  Vehicle in traffic,On Roadway,Rear-end (front to rear),Followed too close,None Indicated,None apparent,Dark - roadway not lighted,Wet,Rain,None apparent,Non-intersection:  Non-junction/no special feature,Paved,N/A,Property Damage Only,0,0,0,0,0,0,2100,2,2,Westbound (WB),POINT (-90.737559314504 42.488965010684)
2015897861,2015-87286,12/22/2015,12-December,3-Tuesday,17:28,1700 Hours,District 6 (East Central),DAVENPORT,SCOTT,,N DIVISION ST,Collision with:  Vehicle in traffic,On Roadway,"Angle, oncoming left turn",FTYROW:  Making left turn,None Indicated,None apparent,Dark - roadway lighted,Dry,Clear,None apparent,"Non-intersection:  Driveway access (related, not in)",Paved,N/A,Property Damage Only,0,0,0,0,0,0,3000,2,3,N/A,POINT (-90.601014677696 41.538982384704)
2015898681,15-029450,12/23/2015,12-December,4-Wednesday,13:34,1300 Hours,District 5 (Southeast),,MARION,IA 92,IA 92/IOWA 92 & Co Rd T17/HWY T17,Collision with:  Vehicle in traffic,On Roadway,Broadside (front to side),FTYROW:  From stop sign,None Indicated,None apparent,Daylight,Dry,Clear,None apparent,Intersection:  Four-way intersection,Paved,N/A,Minor Injury,0,3,0,1,2,0,18050,3,5,Westbound (WB),POINT (-92.94815490072 41.306367824607)
2015897441,15-6407,12/23/2015,12-December,4-Wednesday,15:41,1500 Hours,District 4 (Southwest),WEST DES MOINES,DALLAS,,S 64TH ST,Collision with:  Vehicle in traffic,On Roadway,"Sideswipe, same direction",Driving too fast for conditions,None Indicated,None apparent,Daylight,Wet,Rain,None apparent,Non-intersection:  Non-junction/no special feature,Paved,N/A,Property Damage Only,0,0,0,0,0,0,1500,2,2,N/A,POINT (-93.796816541119 41.561324781322)
2015897949,15-001712,12/23/2015,12-December,4-Wednesday,17:46,1700 Hours,District 1 (Central),,STORY,,Co Rd R38/510TH AVE,Collision with:  Animal,On Roadway,Non-collision (single vehicle),Animal,None Indicated,Animal in roadway,N/A,N/A,N/A,N/A,N/A,Paved,N/A,Property Damage Only,0,0,0,0,0,0,8000,1,1,N/A,POINT (-93.678563214018 42.003558500085)
2015899306,15-006197,12/24/2015,12-December,5-Thursday,16:20,1600 Hours,District 1 (Central),AMES,STORY,,LUTHER DR,Miscellaneous events:  Hit and run,On Roadway,"Sideswipe, same direction",Lost Control,None Indicated,None apparent,Daylight,Snow,Snow,"Surface condition (e.g., wet, icy)",Non-intersection:  Non-junction/no special feature,Paved,N/A,Property Damage Only,0,0,0,0,0,0,1600,2,1,N/A,POINT (-93.619655629073 42.047906724902)
2015898916,1500001375,12/24/2015,12-December,5-Thursday,18:51,1800 Hours,District 1 (Central),,MARSHALL,,Co Rd E35/MAIN ST RD,Collision with fixed object:  Bridge/bridge rail parapet,On Roadway,Non-collision (single vehicle),Lost Control,None Indicated,Weather conditions,Dark - roadway not lighted,Ice/frost,Snow,"Surface condition (e.g., wet, icy)",Non-intersection:  Non-junction/no special feature,Paved,N/A,Property Damage Only,0,0,0,0,0,0,3500,1,1,N/A,POINT (-92.846782199996 42.0509903055)
2015900541,2015071396,12/24/2015,12-December,5-Thursday,11:40,1100 Hours,District 1 (Central),,STORY,I-35,I-35,Collision with:  Vehicle in traffic,Unknown,Unknown,Other (explain in narrative):  Other,None Indicated,Weather conditions,Daylight,Slush,Snow,"Surface condition (e.g., wet, icy)",Non-intersection:  Non-junction/no special feature,Paved,N/A,Minor Injury,0,2,0,2,0,0,24000,3,14,Southbound (SB),POINT (-93.569616598663 42.054632674188)
2015897518,15-005622,12/24/2015,12-December,5-Thursday,10:31,1000 Hours,District 1 (Central),ANKENY,POLK,,SE MILL POND CT & SE DELAWARE AVE & SE 8TH ST,Collision with:  Vehicle in traffic,On Roadway,"Angle, oncoming left turn",FTYROW:  Making left turn,None Indicated,Weather conditions,Daylight,Snow,Snow,"Surface condition (e.g., wet, icy)",Intersection:  Four-way intersection,Paved,N/A,Possible/Unknown,0,1,0,0,1,0,5000,2,3,N/A,POINT (-93.581140054851 41.724196813893)
2015899461,15-1682,12/25/2015,12-December,6-Friday,12:45,1200 Hours,District 1 (Central),PLEASANT HILL,POLK,IA 163,IA 163/E UNIVERSITY AVE & COPPER CREEK DR,Collision with:  Vehicle in traffic,On Roadway,"Angle, oncoming left turn",FTYROW:  Making left turn,None Indicated,None apparent,Daylight,Dry,"Fog, smoke, smog",None apparent,Intersection:  T-intersection,Paved,N/A,Possible/Unknown,0,1,0,0,1,0,19000,3,4,Westbound (WB),POINT (-93.524648545793 41.600395076052)
2015899075,15052158,12/26/2015,12-December,7-Saturday,19:44,1900 Hours,District 5 (Southeast),,MUSCATINE,,Co Rd X43/INDEPENDANCE AVE,Collision with:  Animal,On Roadway,Non-collision (single vehicle),Animal,None Indicated,Animal in roadway,N/A,N/A,N/A,N/A,N/A,Paved,N/A,Property Damage Only,0,0,0,0,0,0,5000,1,1,N/A,POINT (-91.214504995931 41.43164521465)
2015897974,15-19094,12/27/2015,12-December,1-Sunday,15:47,1500 Hours,District 3 (Northwest),SPENCER,CLAY,,E 10TH ST & 6TH AVE E,Collision with:  Vehicle in traffic,On Roadway,Broadside (front to side),FTYROW:  At uncontrolled intersection,None Indicated,None apparent,Daylight,Ice/frost,Clear,"Surface condition (e.g., wet, icy)",Non-intersection:  Non-junction/no special feature,Paved,N/A,Possible/Unknown,0,1,0,0,1,0,11500,3,6,N/A,POINT (-95.136875683588 43.148093600666)
2015898722,15010402,12/28/2015,12-December,2-Monday,11:50,1100 Hours,District 2 (Northeast),CLEAR LAKE,CERRO GORDO,US 18,US 18 & 260TH ST,Non-collision events:  Jackknife,On Roadway,Non-collision (single vehicle),Driving too fast for conditions,None Indicated,Weather conditions,Daylight,Snow,Snow,"Surface condition (e.g., wet, icy)",Intersection:  T-intersection,Paved,N/A,Property Damage Only,0,0,0,0,0,0,1500,1,2,Westbound (WB),POINT (-93.417743939329 43.140419326582)
2015898103,15-8277,12/28/2015,12-December,2-Monday,07:00,0700 Hours,District 1 (Central),GRIMES,POLK,IA 141,IA 141/IOWA 141,Collision with:  Vehicle in traffic,On Roadway,"Sideswipe, same direction",Lost Control,None Indicated,Weather conditions,Daylight,Snow,Snow,"Surface condition (e.g., wet, icy)",Non-intersection:  Non-junction/no special feature,Paved,N/A,Property Damage Only,0,0,0,0,0,0,4000,2,2,No Travel Direction Consistent with Route,POINT (-93.774710741744 41.704410265775)
2015899052,,12/28/2015,12-December,2-Monday,06:10,0600 Hours,District 5 (Southeast),KEOSAUQUA,VAN BUREN,IA 1,IA 1/BROAD ST & FRANKLIN ST,Collision with fixed object:  Utility pole/light support,On Roadway,Non-collision (single vehicle),Unknown,None Indicated,N/A,Dark - roadway lighted,Slush,"Sleet, hail",N/A,Intersection:  Four-way intersection,Paved,N/A,Property Damage Only,0,0,0,0,0,0,6000,1,1,Southbound (SB),POINT (-91.959610528003 40.736200540159)
2015900364,201519320,12/29/2015,12-December,3-Tuesday,15:14,1500 Hours,District 6 (East Central),CEDAR RAPIDS,LINN,I-380,I-380 & E AVE & 1ST ST NE & A AVE NE,Collision with:  Vehicle in traffic,On Roadway,Broadside (front to side),Ran Traffic Signal,None Indicated,None apparent,Daylight,Wet,Cloudy,None apparent,Intersection:  Intersection with ramp,Paved,N/A,Property Damage Only,0,0,0,0,0,0,14000,2,3,Ramp,POINT (-91.671197407455 41.979292390787)
2015898872,15-022076,12/30/2015,12-December,4-Wednesday,06:57,0600 Hours,District 2 (Northeast),,FAYETTE,US 18,US 18/230TH ST,Collision with fixed object:  Ditch,On Roadway,Non-collision (single vehicle),Ran off road - left,None Indicated,Weather conditions,Dawn,Snow,Snow,"Surface condition (e.g., wet, icy)",Non-intersection:  Non-junction/no special feature,Paved,N/A,Property Damage Only,0,0,0,0,0,0,3000,1,1,Eastbound (EB),POINT (-91.890475597788 42.964475114163)
2015899008,15-005725,12/30/2015,12-December,4-Wednesday,18:00,1800 Hours,District 1 (Central),ANKENY,POLK,IA 160,IA 160/SE ORALABOR RD & SE PEACHTREE DR,Collision with:  Vehicle in traffic,On Roadway,Rear-end (front to rear),Other (explain in narrative):  Other,None Indicated,None apparent,Dark - roadway lighted,Slush,Clear,None apparent,Intersection:  Four-way intersection,Paved,N/A,Property Damage Only,0,0,0,0,0,0,2000,2,3,Eastbound (EB),POINT (-93.594012648745 41.702883331602)
2015899679,201505924,12/31/2015,12-December,5-Thursday,22:00,2200 Hours,District 1 (Central),OGDEN,BOONE,,222ND DR,Collision with fixed object:  Guardrail - face,On Roadway,Non-collision (single vehicle),Ran off road - right,None Indicated,Weather conditions,Dark - roadway not lighted,Ice/frost,Clear,"Surface condition (e.g., wet, icy)",Non-intersection:  Non-junction/no special feature,Unpaved,N/A,Property Damage Only,0,0,0,0,0,0,1500,1,1,N/A,POINT (-93.973280811594 42.031060309939)
2015902149,123120156A,12/31/2015,12-December,5-Thursday,17:58,1700 Hours,District 4 (Southwest),YORKTOWN,PAGE,IA 2,IA 2/IOWA 2,Collision with:  Animal,On Roadway,Non-collision (single vehicle),Animal,None Indicated,Animal in roadway,N/A,N/A,N/A,N/A,N/A,Paved,N/A,Property Damage Only,0,0,0,0,0,0,6000,1,1,Eastbound (EB),POINT (-95.137524652982 40.74256796214)
20160899230,16-000015,01/01/2016,01-January,6-Friday,14:50,1400 Hours,District 4 (Southwest),,ADAIR,77,110TH ST,Collision with fixed object:  Ditch,On Roadway,Non-collision (single vehicle),Ran off road - left,None Indicated,None apparent,Daylight,Ice/frost,Clear,"Surface condition (e.g., wet, icy)",Non-intersection:  Non-junction/no special feature,Unpaved,N/A,Minor Injury,0,2,0,2,0,0,1000,1,2,Southbound (SB),POINT (-94.626020567788 41.489673960802)
20160901064,16000057,01/02/2016,01-January,7-Saturday,18:47,1800 Hours,District 6 (East Central),,CEDAR,77,1696 FRANKLIN AVE,Non-collision events:  Overturn/rollover,Shoulder,Non-collision (single vehicle),Ran off road - left,None Indicated,None apparent,Dark - roadway not lighted,Ice/frost,Clear,"Surface condition (e.g., wet, icy)",Non-intersection:  Non-junction/no special feature,Unpaved,N/A,Possible/Unknown,0,1,0,0,0,1,5000,1,2,Northbound (NB),POINT (-91.268450787002 41.709376434374)
20160899784,16681485,01/03/2016,01-January,1-Sunday,22:18,2200 Hours,District 5 (Southeast),,MONROE,US 34,US 34,Collision with:  Animal,On Roadway,Non-collision (single vehicle),Animal,None Indicated,Animal in roadway,N/A,N/A,N/A,N/A,N/A,Paved,N/A,Property Damage Only,0,0,0,0,0,0,5500,1,1,Southbound (SB),POINT (-92.756626557655 41.016443762019)
20160899621,20160000322,01/04/2016,01-January,2-Monday,14:30,1400 Hours,District 1 (Central),DES MOINES,POLK,77,48TH ST AND UNIVERSITY AVE,Collision with:  Vehicle in traffic,On Roadway,Broadside (front to side),FTYROW:  From stop sign,None Indicated,None apparent,Daylight,Dry,Clear,None apparent,Intersection:  T-intersection,Paved,N/A,Property Damage Only,0,0,0,0,0,0,3000,2,3,Southbound (SB),POINT (-93.682542422572 41.600367739239)
20160899888,20160000457,01/05/2016,01-January,3-Tuesday,16:51,1600 Hours,District 1 (Central),DES MOINES,POLK,77,SE 14TH CT AND MAURY ST,Collision with:  Vehicle in traffic,On Roadway,"Sideswipe, same direction",Other (explain in narrative):  No improper action,None Indicated,None apparent,Dusk,Wet,Clear,None apparent,Intersection:  T-intersection,Unpaved,N/A,Property Damage Only,0,0,0,0,0,0,2000,2,4,Northbound (NB),POINT (-93.59554731389 41.581197485949)
20160899804,20160000414,01/05/2016,01-January,3-Tuesday,11:50,1100 Hours,District 1 (Central),DES MOINES,POLK,77,INDIANOLA AVE AND US 69/SE 14TH ST,Collision with:  Vehicle in traffic,On Roadway,Broadside (front to side),Made improper turn,None Indicated,None apparent,Daylight,Dry,Clear,None apparent,Non-intersection:  Non-junction/no special feature,Paved,N/A,Property Damage Only,0,0,0,0,0,0,3000,2,3,Northbound (NB),POINT (-93.596814501684 41.553349384486)
20160900304,W16-001518,01/06/2016,01-January,4-Wednesday,17:58,1700 Hours,District 2 (Northeast),WATERLOO,BLACK HAWK,77,DAWSON ST and AVON AVE,Collision with:  Vehicle in traffic,On Roadway,"Sideswipe, opposite direction",Swerving/Evasive Action,None Indicated,None apparent,Dark - roadway lighted,Snow,Clear,"Surface condition (e.g., wet, icy)",Non-intersection:  Non-junction/no special feature,Paved,N/A,Property Damage Only,0,0,0,0,0,0,2500,2,2,Northbound (NB),POINT (-92.355077635885 42.514061974939)
20160901484,16-000292,01/07/2016,01-January,5-Thursday,02:27,0200 Hours,District 2 (Northeast),,CHICKASAW,US 63,US 63,Collision with fixed object:  Ditch,Unknown,Non-collision (single vehicle),Lost Control,None Indicated,N/A,N/A,N/A,N/A,N/A,N/A,Paved,N/A,Property Damage Only,0,0,0,0,0,0,1500,1,1,Northbound (NB),POINT (-92.297914230316 43.123719661344)
20160901809,2016000591,01/07/2016,01-January,5-Thursday,18:53,1800 Hours,District 4 (Southwest),,HARRISON,I-29,INTERSTATE 29 (MM: 82),N/A,On Roadway,Non-collision (single vehicle),Driving too fast for conditions,None Indicated,Weather conditions,Dark - roadway not lighted,Wet,Snow,None apparent,Non-intersection:  Non-junction/no special feature,Paved,N/A,Property Damage Only,0,0,0,0,0,0,3500,1,3,Eastbound (EB),POINT (-95.987415208745 41.619375139611)
20160901985,2016-00855,01/08/2016,01-January,6-Friday,15:12,1500 Hours,District 5 (Southeast),INDIANOLA,WARREN,IA-92,100 BLK. W. SECOND AVE.,Collision with:  Vehicle in traffic,On Roadway,Rear-end (front to rear),"Driver Distraction:  Adjusting devices (radio, climate)",None Indicated,None apparent,Daylight,Wet,Cloudy,None apparent,Non-intersection:  Non-junction/no special feature,Paved,N/A,Property Damage Only,0,0,0,0,0,0,3500,2,2,Southbound (SB),POINT (-93.560932778982 41.358311137446)
20160901229,MCSO160045,01/08/2016,01-January,6-Friday,14:47,1400 Hours,District 4 (Southwest),,MONTGOMERY,US 34,US 34,Non-collision events:  Overturn/rollover,Roadside,Non-collision (single vehicle),Ran off road - right,None Indicated,None apparent,Daylight,Wet,Rain,"Shoulders (none, low, soft, high)",Non-intersection:  Non-junction/no special feature,Paved,N/A,Possible/Unknown,0,1,0,0,1,0,2000,1,2,Southbound (SB),POINT (-95.32385203689 41.030803140468)
20160901817,2016000681,01/08/2016,01-January,6-Friday,12:40,1200 Hours,District 2 (Northeast),CEDAR FALLS,BLACK HAWK,77,8TH ST AND COLLEGE ST,Collision with:  Vehicle in traffic,On Roadway,Broadside (front to side),FTYROW:  From stop sign,None Indicated,Weather conditions,Daylight,Wet,"Fog, smoke, smog",None apparent,Intersection:  Four-way intersection,Paved,N/A,Possible/Unknown,0,1,0,0,1,0,9000,2,2,Northbound (NB),POINT (-92.455842256888 42.531425595859)
20160900753,2016-000281,01/09/2016,01-January,7-Saturday,12:43,1200 Hours,District 6 (East Central),DUBUQUE,DUBUQUE,77,GRANDVIEW AVE N AND UNIVERSITY AVE,Collision with:  Vehicle in traffic,On Roadway,Broadside (front to side),Other (explain in narrative):  Other,None Indicated,None apparent,Daylight,Dry,Cloudy,None apparent,Non-intersection:  Non-junction/no special feature,Paved,N/A,Property Damage Only,0,0,0,0,0,0,5000,2,3,Southbound (SB),POINT (-90.688105560487 42.498351658224)
20160900704,2016-547,01/09/2016,01-January,7-Saturday,15:49,1500 Hours,District 6 (East Central),BETTENDORF,SCOTT,77,14TH ST AND MEADOWLANE DR,Collision with fixed object:  Traffic sign support,On Roadway,Non-collision (single vehicle),Driving too fast for conditions,None Indicated,None apparent,Daylight,Snow,Snow,"Surface condition (e.g., wet, icy)",Non-intersection:  Non-junction/no special feature,Paved,N/A,Property Damage Only,0,0,0,0,0,0,1700,1,1,Northbound (NB),POINT (-90.512949344257 41.542604304233)
20160901020,PDI20160033,01/10/2016,01-January,1-Sunday,18:12,1800 Hours,District 1 (Central),GRINNELL,POWESHIEK,IA-146,STATE 146/WEST ST,Collision with:  Vehicle in traffic,On Roadway,Rear-end (front to rear),Exceeded authorized speed,None Indicated,None apparent,Dark - roadway not lighted,Dry,Clear,None apparent,"Non-intersection:  Driveway access (related, not in)",Paved,N/A,Minor Injury,0,2,0,1,1,0,14000,2,2,Northbound (NB),POINT (-92.727334850724 41.729134804196)
20160900962,CL16000150,01/11/2016,01-January,2-Monday,07:15,0700 Hours,District 6 (East Central),CLINTON,CLINTON,77,US 30/CAMANCHE AVE AND US 30/LINCOLN WAY AND S 14TH ST,Collision with:  Vehicle in traffic,On Roadway,"Sideswipe, opposite direction",Made improper turn,None Indicated,None apparent,Dawn,Dry,Cloudy,None apparent,Intersection:  Four-way intersection,Paved,N/A,Property Damage Only,0,0,0,0,0,0,3000,2,2,Northbound (NB),POINT (-90.218726664413 41.818790387443)
20160901297,16001158,01/12/2016,01-January,3-Tuesday,17:08,1700 Hours,District 1 (Central),MARSHALLTOWN,MARSHALL,IA-14,STATE 14 AND STATE 14/S CENTER ST,Collision with:  Re-entering roadway,On Roadway,"Sideswipe, same direction",Passing:  Other passing (explain in narrative),None Indicated,None apparent,Dusk,Dry,Clear,None apparent,Intersection:  Other intersection (explain in narrative),Paved,N/A,Property Damage Only,0,0,0,0,0,0,2000,2,2,Northbound (NB),POINT (-92.912352897907 42.006377258041)
20160901469,16-870,01/13/2016,01-January,4-Wednesday,21:30,2100 Hours,District 6 (East Central),,SCOTT,77,Z030/240 AVE AND 290 ST,Collision with:  Animal,On Roadway,Non-collision (single vehicle),Animal,None Indicated,Animal in roadway,N/A,N/A,N/A,N/A,N/A,Paved,N/A,Property Damage Only,0,0,0,0,0,0,3000,1,1,Northbound (NB),POINT (-90.432894654494 41.728244303807)
20160902055,16000199,01/13/2016,01-January,4-Wednesday,03:05,0300 Hours,District 3 (Northwest),SHELDON,OBRIEN,77,24TH AVE .1 MILE WEST OF 25TH AVENUE,Collision with fixed object:  Mailbox,Median,Non-collision (single vehicle),Other (explain in narrative):  Other,None Indicated,Other (explain in narrative),Dark - roadway not lighted,Ice/frost,Clear,"Surface condition (e.g., wet, icy)",Non-intersection:  Non-junction/no special feature,Paved,N/A,Property Damage Only,0,0,0,0,0,0,2000,1,2,Northbound (NB),POINT (-95.826398145405 43.18013101236)