Iowa DOT Case Number,Law Enforcement Case Number,Date of Crash,Month of Crash,Day of Week,Time of Crash,Hour,DOT District,City Name,County Name,Route with System,Location Description,First Harmful Event,Location of First Harmful Event,Manner of Crash/Collision,Major Cause,Drug or Alcohol ,Environmental Conditions,Light Conditions,Surface Conditions,Weather Conditions,Roadway Contribution,Roadway Type,Roadway Surface,Work Zone,Crash Severity,Number of Fatalities,Number of Injuries,Number of Major Injuries,Number of Minor Injuries,Number of Possible Injuries,Number of Unknown Injuries,Amount of Property Damage,Number of Vehicles Involved,Total Number of Occupants,Travel Direction,Location
20160906007,,01/14/2016,01-January,5-Thursday,18:00,1800 Hours,District 4 (Southwest),,MILLS,77,LAMBERT AVE measuring 0.25 Miles East from LAMBERT AVE,Collision with:  Animal,On Roadway,Non-collision (single vehicle),Animal,None Indicated,N/A,Dark - roadway not lighted,Dry,Clear,N/A,Non-intersection:  Non-junction/no special feature,Unpaved,N/A,Property Damage Only,0,0,0,0,0,0,4268,1,1,Southbound (SB),POINT (-95.625194224687 41.001722268384)
20160905132,201600714,01/14/2016,01-January,5-Thursday,05:46,0500 Hours,District 6 (East Central),CEDAR RAPIDS,LINN,77,EDGEWOOD RD SW,Collision with:  Vehicle in traffic,On Roadway,Rear-end (front to rear),Lost Control,None Indicated,Weather conditions,Dark - roadway lighted,Ice/frost,Clear,"Surface condition (e.g., wet, icy)",Non-intersection:  Non-junction/no special feature,Paved,N/A,Property Damage Only,0,0,0,0,0,0,24000,6,6,Northbound (NB),POINT (-91.715397173888 41.928341452834)
20160904191,2016001402,01/15/2016,01-January,6-Friday,08:30,0800 Hours,District 6 (East Central),,,77,,Collision with:  Parked motor vehicle,In parking lane/zone,"Sideswipe, same direction",Made improper turn,None Indicated,None apparent,Daylight,Dry,Cloudy,None apparent,Non-intersection:  Non-junction/no special feature,Unpaved,N/A,Property Damage Only,0,0,0,0,0,0,5000,2,2,N/A,POINT (0 0)
20160901969,16000340,01/15/2016,01-January,6-Friday,05:40,0500 Hours,District 2 (Northeast),,CERRO GORDO,77,S014/BALSAM AVE,Collision with:  Animal,On Roadway,Non-collision (single vehicle),Animal,None Indicated,Animal in roadway,N/A,N/A,N/A,N/A,N/A,Paved,N/A,Property Damage Only,0,0,0,0,0,0,1500,1,1,Northbound (NB),POINT (-93.477750197621 43.238039362589)
20160901978,16-0258,01/16/2016,01-January,7-Saturday,23:44,2300 Hours,District 1 (Central),WEST DES MOINES,POLK,77,"1300 50TH ST, WDM",Collision with fixed object:  Concrete traffic barrier (median or right side),On Roadway,Non-collision (single vehicle),Driving too fast for conditions,Alcohol (Statutory),None apparent,Dark - roadway lighted,Snow,Snow,None apparent,Intersection:  T-intersection,Paved,N/A,Property Damage Only,0,0,0,0,0,0,3000,1,1,Northbound (NB),POINT (-93.771177704945 41.592691649965)
20160930597,16-400,01/17/2016,01-January,1-Sunday,04:30,0400 Hours,District 5 (Southeast),,LOUISA,77,X037/COUNTY RD X 37,Collision with fixed object:  Mailbox,On Roadway,Non-collision (single vehicle),Ran off road - right,None Indicated,None apparent,Dark - roadway not lighted,Dry,Clear,None apparent,Non-intersection:  Non-junction/no special feature,Paved,N/A,Property Damage Only,0,0,0,0,0,0,2550,1,1,Northbound (NB),POINT (-91.293190786084 41.217585527386)
20160902095,16000697,01/18/2016,01-January,2-Monday,07:18,0700 Hours,District 4 (Southwest),,MILLS,77,INGRHAM AVE,Collision with fixed object:  Fence,On Roadway,Non-collision (single vehicle),Ran off road - right,None Indicated,None apparent,Dark - roadway not lighted,Dry,Clear,None apparent,Non-intersection:  Non-junction/no special feature,Unpaved,N/A,Possible/Unknown,0,1,0,0,1,0,10500,1,1,Southbound (SB),POINT (-95.798997796389 41.045806948356)
20160902525,2016-000527,01/19/2016,01-January,3-Tuesday,09:20,0900 Hours,District 6 (East Central),DUBUQUE,DUBUQUE,77,PENNSYLVANIA AVE AND SYLVAN DR,Collision with:  Vehicle in traffic,On Roadway,Rear-end (front to rear),Lost Control,None Indicated,None apparent,Daylight,Dry,Clear,None apparent,Intersection:  T-intersection,Paved,N/A,Property Damage Only,0,0,0,0,0,0,1700,2,2,Southbound (SB),POINT (-90.727492389951 42.500508615844)
20160902596,16010410,01/19/2016,01-January,3-Tuesday,20:41,2000 Hours,District 5 (Southeast),,WAPELLO,US 34,US 34,Collision with:  Vehicle in traffic,On Roadway,"Sideswipe, same direction",Driving too fast for conditions,None Indicated,Weather conditions,Dark - roadway not lighted,Snow,Snow,"Slippery, loose, or worn surface",Non-intersection:  Non-junction/no special feature,Paved,N/A,Property Damage Only,0,0,0,0,0,0,3000,2,2,Southbound (SB),POINT (-92.298007655105 41.00430275612)
20160904929,16000813,01/19/2016,01-January,3-Tuesday,16:28,1600 Hours,District 5 (Southeast),,APPANOOSE,IA-5,STATE 5/IOWA 5 MEASURING 132 FEET SOUTHWEST FROM STATE 5/IOWA 5 AND 230TH AVE,Collision with fixed object:  Ditch,On Roadway,Non-collision (single vehicle),Ran off road - right,None Indicated,Weather conditions,Daylight,Snow,Cloudy,"Surface condition (e.g., wet, icy)",Non-intersection:  Non-junction/no special feature,Paved,N/A,Property Damage Only,0,0,0,0,0,0,5457,1,1,Northbound (NB),POINT (-92.848748923891 40.80951702763)
20160903622,2016001677,01/19/2016,01-January,3-Tuesday,14:25,1400 Hours,District 5 (Southeast),,CLARKE,I-35,I-35 NB AT 29.5 MM,Collision with:  Vehicle in traffic,On Roadway,Rear-end (front to rear),Ran off road - left,None Indicated,Weather conditions,Daylight,Snow,Snow,"Surface condition (e.g., wet, icy)",Non-intersection:  Non-junction/no special feature,Paved,N/A,Property Damage Only,0,0,0,0,0,0,16000,2,3,Northbound (NB),POINT (-93.797498204429 40.977431850326)
20160902862,1601202772,01/20/2016,01-January,4-Wednesday,10:45,1000 Hours,District 6 (East Central),,CLINTON,IA-136,STATE 136/IOWA 136 MEASURING 1908 FEET EAST FROM STATE 136/IOWA 136 AND 350 AVE,Collision with fixed object:  Ditch,Outside trafficway,Non-collision (single vehicle),Ran off road - right,None Indicated,None apparent,Daylight,Wet,Clear,None apparent,Non-intersection:  Non-junction/no special feature,Paved,N/A,Property Damage Only,0,0,0,0,0,0,3000,1,1,Northbound (NB),POINT (-90.400860601206 41.960965114083)
20160902823,2016000624,01/20/2016,01-January,4-Wednesday,18:19,1800 Hours,District 6 (East Central),IOWA CITY,JOHNSON,77,WESTMINISTER ST AND E COURT ST,Collision with:  Vehicle in traffic,On Roadway,"Angle, oncoming left turn",FTYROW:  From stop sign,None Indicated,None apparent,Dark - roadway not lighted,Slush,Clear,None apparent,Intersection:  T-intersection,Paved,N/A,Property Damage Only,0,0,0,0,0,0,3000,2,2,Southbound (SB),POINT (-91.491871895226 41.656891511249)
20160903276,16-070121-01,01/21/2016,01-January,5-Thursday,00:15,0000 Hours,District 6 (East Central),,IOWA,77,C ST,Collision with:  Animal,On Roadway,Non-collision (single vehicle),Animal,None Indicated,Animal in roadway,N/A,N/A,N/A,N/A,N/A,Paved,N/A,Property Damage Only,0,0,0,0,0,0,3500,1,1,Northbound (NB),POINT (-91.884292941969 41.806688415029)
20160902991,2016-000628,01/21/2016,01-January,5-Thursday,18:33,1800 Hours,District 6 (East Central),DUBUQUE,DUBUQUE,77,ASBURY RD MEASURING 248 FEET WEST FROM ASBURY RD AND STATE 32/NORTHWEST ARTERIAL,Collision with:  Vehicle in traffic,On Roadway,Rear-end (front to rear),Lost Control,None Indicated,None apparent,Dark - roadway lighted,Dry,Clear,None apparent,Non-intersection:  Non-junction/no special feature,Paved,N/A,Property Damage Only,0,0,0,0,0,0,7000,2,2,Northbound (NB),POINT (-90.741843686284 42.51529087698)
20160903051,16C00248,01/22/2016,01-January,6-Friday,06:56,0600 Hours,District 4 (Southwest),CRESTON,UNION,77,N CHERRY ST,Collision with:  Vehicle in traffic,On Roadway,Rear to side,Lost Control,None Indicated,None apparent,Dark - roadway not lighted,Snow,Clear,"Surface condition (e.g., wet, icy)","Non-intersection:  Driveway access (related, not in)",Paved,N/A,Property Damage Only,0,0,0,0,0,0,1800,2,2,Northbound (NB),POINT (-94.356748502435 41.068437113573)
20160903267,16001158,01/23/2016,01-January,7-Saturday,10:17,1000 Hours,District 2 (Northeast),MASON CITY,CERRO GORDO,IA-122,STATE 122/4TH ST SW MEASURING 66 FEET EAST FROM S GROVER AVE AND STATE 122/4TH ST SW,Collision with:  Vehicle in traffic,On Roadway,Rear-end (front to rear),Followed too close,None Indicated,None apparent,Daylight,Wet,Cloudy,None apparent,Non-intersection:  Non-junction/no special feature,Paved,N/A,Property Damage Only,0,0,0,0,0,0,1550,2,2,Westbound (WB),POINT (-93.233471299054 43.148408733924)
20160903659,160000089,01/23/2016,01-January,7-Saturday,19:53,1900 Hours,District 1 (Central),,MARSHALL,77,E018/MARBLE RD 2000 MILE,Collision with:  Animal,On Roadway,Non-collision (single vehicle),Animal,None Indicated,Animal in roadway,N/A,N/A,N/A,N/A,N/A,Paved,N/A,Property Damage Only,0,0,0,0,0,0,3000,1,1,Southbound (SB),POINT (-93.02402694269 42.187565244825)
20160903245,CL16000345,01/24/2016,01-January,1-Sunday,01:35,0100 Hours,District 6 (East Central),,CLINTON,US 30,US 30,Collision with:  Animal,On Roadway,Non-collision (single vehicle),Animal,None Indicated,Animal in roadway,N/A,N/A,N/A,N/A,N/A,Paved,N/A,Property Damage Only,0,0,0,0,0,0,3000,1,1,Southbound (SB),POINT (-90.269537684655 41.815246258728)
20160903581,20160002439,01/25/2016,01-January,2-Monday,17:50,1700 Hours,District 1 (Central),DES MOINES,POLK,77,942 56TH ST,Collision with fixed object:  Tree,Outside trafficway,Non-collision (single vehicle),Ran off road - right,None Indicated,Weather conditions,Dark - roadway lighted,Snow,Snow,"Surface condition (e.g., wet, icy)",Non-intersection:  Non-junction/no special feature,Paved,N/A,Property Damage Only,0,0,0,0,0,0,6000,1,1,Northbound (NB),POINT (-93.693745069037 41.595400755284)
20160903917,16-0826,01/25/2016,01-January,2-Monday,08:14,0800 Hours,District 3 (Northwest),,IDA,IA-175,STATE 175/IOWA 175,Collision with fixed object:  Ditch,On Roadway,Non-collision (single vehicle),Ran off road - right,None Indicated,Weather conditions,Daylight,Ice/frost,Cloudy,"Surface condition (e.g., wet, icy)",Non-intersection:  Non-junction/no special feature,Paved,N/A,Possible/Unknown,0,1,0,0,1,0,3200,1,1,Southbound (SB),POINT (-95.552330712267 42.335070106043)
20160903568,20160002409,01/25/2016,01-January,2-Monday,15:22,1500 Hours,District 1 (Central),DES MOINES,POLK,77,S UNION ST AND LEACH AVE AND E LEACH AVE,Collision with:  Vehicle in traffic,On Roadway,Broadside (front to side),Driving too fast for conditions,None Indicated,Weather conditions,Daylight,Snow,Snow,"Surface condition (e.g., wet, icy)",Non-intersection:  Non-junction/no special feature,Paved,N/A,Property Damage Only,0,0,0,0,0,0,2000,2,4,Northbound (NB),POINT (-93.616113649432 41.546338988974)
20160903854,2016-000779,01/26/2016,01-January,3-Tuesday,07:09,0700 Hours,District 6 (East Central),DUBUQUE,DUBUQUE,77,JOHN F KENNEDY RD,Collision with:  Re-entering roadway,Shoulder,"Sideswipe, same direction",Driver Distraction:  Exterior distraction,None Indicated,Weather conditions,Daylight,Slush,Cloudy,"Surface condition (e.g., wet, icy)",Non-intersection:  Non-junction/no special feature,Paved,N/A,Property Damage Only,0,0,0,0,0,0,3500,2,4,Northbound (NB),POINT (-90.721439510126 42.503648272968)
20160903831,16-0415,01/26/2016,01-January,3-Tuesday,23:06,2300 Hours,District 1 (Central),WEST DES MOINES,POLK,77,RAILROAD AVE and NB/EB Iowa 0028 / 63RD ST,Collision with fixed object:  Curb/island/raised median,Outside trafficway,Non-collision (single vehicle),Ran off road - left,None Indicated,None apparent,Dark - roadway lighted,Dry,Clear,None apparent,Non-intersection:  Non-junction/no special feature,Paved,N/A,Property Damage Only,0,0,0,0,0,0,7500,1,1,Southbound (SB),POINT (-93.703229747708 41.569375249804)
20160903995,16-00619,01/27/2016,01-January,4-Wednesday,12:43,1200 Hours,District 2 (Northeast),,KOSSUTH,IA-9,STATE 9/IOWA 9,Non-collision events:  Overturn/rollover,On Roadway,Non-collision (single vehicle),Driving too fast for conditions,None Indicated,None apparent,Daylight,Slush,Clear,"Slippery, loose, or worn surface",Non-intersection:  Non-junction/no special feature,Paved,N/A,Property Damage Only,0,0,0,0,0,0,3500,1,1,Southbound (SB),POINT (-94.347560423216 43.385417823632)
20160920517,3-16-000039,01/28/2016,01-January,5-Thursday,19:50,1900 Hours,District 3 (Northwest),WALL LAKE,SAC,77,1ST ST,Collision with:  Struck/struck by object/cargo/person from other vehicle,On Roadway,Non-collision (single vehicle),Driving too fast for conditions,None Indicated,None apparent,Dark - roadway lighted,Ice/frost,Clear,"Surface condition (e.g., wet, icy)",Non-intersection:  Non-junction/no special feature,Paved,N/A,Possible/Unknown,0,1,0,0,1,0,29000,1,1,Southbound (SB),POINT (-95.091916586809 42.270355151551)
20160904336,CL16000404,01/28/2016,01-January,5-Thursday,14:16,1400 Hours,District 6 (East Central),CLINTON,CLINTON,77,S 19TH ST AND US 30/LINCOLN WAY,Collision with fixed object:  Snow bank,Shoulder,Non-collision (single vehicle),Other (explain in narrative):  Other,None Indicated,None apparent,Daylight,Dry,Cloudy,None apparent,Intersection:  Four-way intersection,Paved,N/A,Minor Injury,0,1,0,1,0,0,7000,1,1,Northbound (NB),POINT (-90.23139361869 41.815953606025)
20160904606,16000720,01/29/2016,01-January,6-Friday,20:10,2000 Hours,District 2 (Northeast),,CERRO GORDO,77,B020/300TH ST,Collision with:  Animal,On Roadway,Non-collision (single vehicle),Animal,None Indicated,Animal in roadway,N/A,N/A,N/A,N/A,N/A,Paved,N/A,Property Damage Only,0,0,0,0,0,0,2000,1,1,Southbound (SB),POINT (-93.268359989905 43.198615085233)
20160908791,16-00775,01/30/2016,01-January,7-Saturday,10:30,1000 Hours,District 5 (Southeast),MOUNT PLEASANT,HENRY,77,S CHERRY ST AND E WASHINGTON ST,Collision with:  Vehicle in traffic,On Roadway,"Angle, oncoming left turn",Ran Stop Sign,None Indicated,None apparent,Daylight,Dry,Clear,None apparent,Intersection:  Four-way intersection,Paved,N/A,Property Damage Only,0,0,0,0,0,0,4000,2,2,Southbound (SB),POINT (-91.541549537125 40.964280442377)
20160922859,16-002292,01/30/2016,01-January,7-Saturday,17:44,1700 Hours,District 5 (Southeast),,MARION,77,STATE 5/IOWA 5 AND HWY G71,Collision with:  Vehicle in traffic,On Roadway,"Sideswipe, same direction",Followed too close,None Indicated,None apparent,Dark - roadway lighted,Dry,Clear,None apparent,Non-intersection:  Non-junction/no special feature,Paved,N/A,Property Damage Only,0,0,0,0,0,0,3500,2,6,Southbound (SB),POINT (-92.966942127131 41.218881728648)
20160905342,2016002809,01/31/2016,01-January,1-Sunday,07:25,0700 Hours,District 3 (Northwest),,SIOUX,US 75,HWY 75 NB 1/4 MILE NORTH OF 430TH STREET(1.5 MILES SOUTH OF SIOUX CENTER),Non-collision events:  Overturn/rollover,Shoulder,Non-collision (single vehicle),Driving too fast for conditions,Alcohol (Statutory),None apparent,Daylight,Ice/frost,Cloudy,"Surface condition (e.g., wet, icy)",Non-intersection:  Non-junction/no special feature,Paved,N/A,Minor Injury,0,1,0,1,0,0,3000,1,2,Northbound (NB),POINT (-96.174054653032 43.029130196081)
20160904850,20160003086,02/01/2016,02-February,2-Monday,07:55,0700 Hours,District 1 (Central),DES MOINES,POLK,77,KINGMAN BLVD AND 42ND ST,Collision with fixed object:  Utility pole/light support,On Roadway,Non-collision (single vehicle),Ran off road - left,None Indicated,None apparent,Daylight,Ice/frost,Cloudy,"Surface condition (e.g., wet, icy)",Intersection:  Four-way intersection,Paved,N/A,Property Damage Only,0,0,0,0,0,0,2800,1,2,Northbound (NB),POINT (-93.674378712933 41.596542810764)
20160904884,16-1302,02/01/2016,02-February,2-Monday,12:10,1200 Hours,District 3 (Northwest),SPENCER,CLAY,US 18,US 18/N GRAND AVE MEASURING 191 FEET SOUTH FROM W 14TH ST AND US 18/N GRAND AVE AND E 14TH ST,Collision with:  Vehicle in traffic,On Roadway,"Sideswipe, same direction",Other (explain in narrative):  No improper action,None Indicated,None apparent,Daylight,Dry,Clear,None apparent,Non-intersection:  Non-junction/no special feature,Paved,N/A,Property Damage Only,0,0,0,0,0,0,3500,2,3,Southbound (SB),POINT (-95.145422563683 43.151256235508)
20160905239,W16-008855,02/02/2016,02-February,3-Tuesday,13:18,1300 Hours,District 2 (Northeast),WATERLOO,BLACK HAWK,77,WILLISTON AVE AND W 9TH ST,Collision with:  Vehicle in traffic,On Roadway,Broadside (front to side),Driving too fast for conditions,None Indicated,Weather conditions,Daylight,Slush,Cloudy,"Surface condition (e.g., wet, icy)",Intersection:  Four-way intersection,Paved,N/A,Possible/Unknown,0,2,0,0,2,0,2000,2,2,Southbound (SB),POINT (-92.34290366985 42.483922356219)
20160905262,20160003273,02/02/2016,02-February,3-Tuesday,19:52,1900 Hours,District 1 (Central),DES MOINES,POLK,77,UNIVERSITY AVE AND 2ND AVE,Collision with:  Vehicle in traffic,On Roadway,"Angle, oncoming left turn",FTYROW:  Making left turn,None Indicated,None apparent,Dark - roadway lighted,Wet,Cloudy,None apparent,Intersection:  Four-way intersection,Paved,N/A,Property Damage Only,0,0,0,0,0,0,3500,2,2,Eastbound (EB),POINT (-93.619782595428 41.6002998719)
20160907012,2016003147,02/03/2016,02-February,4-Wednesday,13:20,1300 Hours,District 4 (Southwest),,ADAIR,I-80,INTERSTATE 80 (MM: 89),Collision with fixed object:  Cable barrier,Median,Non-collision (single vehicle),Ran off road - left,None Indicated,None apparent,Daylight,Snow,Blowing snow,"Surface condition (e.g., wet, icy)",Non-intersection:  Non-junction/no special feature,Paved,N/A,Property Damage Only,0,0,0,0,0,0,6000,1,1,Westbound (WB),POINT (-94.400053932289 41.496006769331)
20160905571,16-000159,02/03/2016,02-February,4-Wednesday,15:40,1500 Hours,District 1 (Central),,STORY,US 65,US 65,Non-collision events:  Overturn/rollover,On Roadway,Non-collision (single vehicle),Driving too fast for conditions,None Indicated,None apparent,Daylight,Ice/frost,Clear,"Surface condition (e.g., wet, icy)",Non-intersection:  Non-junction/no special feature,Paved,N/A,Possible/Unknown,0,1,0,0,1,0,5000,1,1,Northbound (NB),POINT (-93.309267981557 41.984666337758)
20160907393,2016003058,02/03/2016,02-February,4-Wednesday,06:50,0600 Hours,District 1 (Central),,JASPER,I-80,INTERSTATE 80/ 170 WB,Collision with fixed object:  Cable barrier,Median,Non-collision (single vehicle),Driving too fast for conditions,None Indicated,Weather conditions,Dawn,Ice/frost,Cloudy,"Surface condition (e.g., wet, icy)",Non-intersection:  Non-junction/no special feature,Paved,N/A,Property Damage Only,0,0,0,0,0,0,6500,1,3,Southbound (SB),POINT (-92.988056980274 41.682107193245)
20160906030,20160003506,02/04/2016,02-February,5-Thursday,17:57,1700 Hours,District 1 (Central),DES MOINES,POLK,77,E PARK AVE MEASURING 200 FEET NORTHEAST FROM US 69/SE 14TH ST AND E PARK AVE,Collision with:  Vehicle in traffic,Roadside,"Angle, oncoming left turn",FTYROW:  From stop sign,None Indicated,None apparent,Dusk,Ice/frost,Cloudy,"Surface condition (e.g., wet, icy)",Intersection:  Other intersection (explain in narrative),Paved,N/A,Property Damage Only,0,0,0,0,0,0,3000,2,2,Southbound (SB),POINT (-93.596424954448 41.555324006462)
20160906193,16001865,02/04/2016,02-February,5-Thursday,12:14,1200 Hours,District 2 (Northeast),MASON CITY,CERRO GORDO,77,1ST ST NE AND N PENNSYLVANIA AVE,Collision with:  Vehicle in traffic,On Roadway,Broadside (front to side),FTYROW:  From stop sign,None Indicated,None apparent,Daylight,Ice/frost,Clear,None apparent,Intersection:  Four-way intersection,Paved,N/A,Property Damage Only,0,0,0,0,0,0,7500,2,2,Northbound (NB),POINT (-93.1978323766 43.152717187759)
20160910938,16-002990,02/05/2016,02-February,6-Friday,15:26,1500 Hours,District 5 (Southeast),,MAHASKA,US 63,210TH ST AND US 63,Collision with:  Vehicle in traffic,On Roadway,Rear-end (front to rear),Operator inexperience,None Indicated,None apparent,Daylight,Dry,Cloudy,None apparent,Intersection:  T-intersection,Paved,N/A,Possible/Unknown,0,1,0,0,1,0,13000,2,6,Northbound (NB),POINT (-92.653088637944 41.343058594962)
20160906506,20160003721,02/06/2016,02-February,7-Saturday,23:06,2300 Hours,District 1 (Central),DES MOINES,POLK,77,E 17TH CT / 50 YARDS NORTH OF E. UNIVERSITY,Collision with:  Vehicle in traffic,On Roadway,"Sideswipe, same direction",Followed too close,None Indicated,None apparent,Dark - roadway lighted,Ice/frost,Clear,None apparent,Non-intersection:  Non-junction/no special feature,Paved,N/A,Property Damage Only,0,0,0,0,0,0,3000,2,3,Northbound (NB),POINT (-93.590314021896 41.601950162469)
20160906746,2016-6805,02/07/2016,02-February,1-Sunday,10:26,1000 Hours,District 6 (East Central),DAVENPORT,SCOTT,77,IOWA ST AND E LOCUST ST,Collision with:  Vehicle in traffic,On Roadway,"Angle, oncoming left turn",Made improper turn,None Indicated,None apparent,Daylight,Dry,Clear,None apparent,Intersection:  Four-way intersection,Paved,N/A,Minor Injury,0,1,0,1,0,0,9000,2,3,Northbound (NB),POINT (-90.569659015268 41.538260586715)
20160907741,16-1635,02/08/2016,02-February,2-Monday,15:39,1500 Hours,District 3 (Northwest),,SIOUX,US 75,US 75,Non-collision events:  Overturn/rollover,On Roadway,Non-collision (single vehicle),Driving too fast for conditions,None Indicated,Weather conditions,Daylight,Ice/frost,Blowing snow,"Surface condition (e.g., wet, icy)",Non-intersection:  Non-junction/no special feature,Paved,N/A,Property Damage Only,0,0,0,0,0,0,5000,1,1,Northbound (NB),POINT (-96.176525080251 43.13204957506)
20160906317,16-0739,02/08/2016,02-February,2-Monday,07:30,0700 Hours,District 6 (East Central),HIAWATHA,LINN,77,CENTER POINT RD,Collision with fixed object:  Utility pole/light support,Shoulder,Non-collision (single vehicle),Lost Control,None Indicated,Weather conditions,Daylight,Ice/frost,Blowing snow,"Surface condition (e.g., wet, icy)",Non-intersection:  Non-junction/no special feature,Paved,N/A,Property Damage Only,0,0,0,0,0,0,7000,1,2,Northbound (NB),POINT (-91.671917569682 42.037536091513)
20160906890,2016-6941,02/08/2016,02-February,2-Monday,06:40,0600 Hours,District 6 (East Central),DAVENPORT,SCOTT,77,W LOMBARD ST AND WARREN ST,Collision with:  Vehicle in traffic,On Roadway,Broadside (front to side),FTYROW:  From stop sign,None Indicated,Weather conditions,Dawn,Snow,Snow,"Surface condition (e.g., wet, icy)",Intersection:  Four-way intersection,Paved,N/A,Property Damage Only,0,0,0,0,0,0,8500,2,5,Northbound (NB),POINT (-90.585683112102 41.541876653205)
20160906678,20160003989,02/09/2016,02-February,3-Tuesday,17:25,1700 Hours,District 1 (Central),DES MOINES,POLK,77,11TH ST AND CLARK ST,Non-collision events:  Other non-collision (explain in narrative),On Roadway,Unknown,Unknown,None Indicated,None apparent,Dusk,Dry,Clear,None apparent,Non-intersection:  Non-junction/no special feature,Paved,N/A,Minor Injury,0,1,0,1,0,0,20000,2,3,Northbound (NB),POINT (-93.631812884917 41.605881917674)
20160907250,2016003709,02/10/2016,02-February,4-Wednesday,08:40,0800 Hours,District 4 (Southwest),WAUKEE,DALLAS,I-80,INTERSTATE 80 (MM: 117),Collision with:  Vehicle in traffic,On Roadway,Rear-end (front to rear),Driving too fast for conditions,None Indicated,Weather conditions,Daylight,Ice/frost,Snow,None apparent,Non-intersection:  Non-junction/no special feature,Paved,N/A,Property Damage Only,0,0,0,0,0,0,6000,2,2,Southbound (SB),POINT (-93.88352367339 41.562276474261)
20160915293,,02/10/2016,02-February,4-Wednesday,11:46,1100 Hours,District 2 (Northeast),WATERLOO,BLACK HAWK,77,WEBSTER ST and E 4TH ST,Collision with:  Vehicle in traffic,On Roadway,Unknown,Unknown,None Indicated,Unknown,Daylight,Unknown,Unknown,Unknown,Intersection:  Four-way intersection,Paved,N/A,Property Damage Only,0,0,0,0,0,0,5728,2,2,Southbound (SB),POINT (-92.332756734287 42.511340515833)
20160907277,16003512,02/11/2016,02-February,5-Thursday,21:09,2100 Hours,District 5 (Southeast),OSKALOOSA,MAHASKA,77,C AVE W AND N D ST,Collision with:  Vehicle in traffic,On Roadway,Broadside (front to side),Ran Stop Sign,None Indicated,Weather conditions,Dark - roadway lighted,Snow,Cloudy,"Surface condition (e.g., wet, icy)",Intersection:  Four-way intersection,Paved,N/A,Property Damage Only,0,0,0,0,0,0,14000,2,2,Northbound (NB),POINT (-92.649825303757 41.298469536129)
20160907593,16-2836,02/11/2016,02-February,5-Thursday,17:06,1700 Hours,District 6 (East Central),BETTENDORF,SCOTT,77,DEVILS GLEN RD,Collision with:  Vehicle in traffic,On Roadway,"Angle, oncoming left turn",FTYROW:  Making left turn,None Indicated,None apparent,Daylight,Dry,Clear,None apparent,Non-intersection:  Driveway access (within),Paved,N/A,Property Damage Only,0,0,0,0,0,0,3937,2,4,Northbound (NB),POINT (-90.481824792075 41.530047173662)
20160910346,16-002275,02/12/2016,02-February,6-Friday,07:31,0700 Hours,District 2 (Northeast),,FAYETTE,IA-150,STATE 150/LINCOLN RD AND 200TH ST,Collision with:  Vehicle in traffic,On Roadway,"Sideswipe, same direction",Swerving/Evasive Action,None Indicated,None apparent,Daylight,Dry,Clear,None apparent,Non-intersection:  Non-junction/no special feature,Paved,N/A,Property Damage Only,0,0,0,0,0,0,3000,2,2,Northbound (NB),POINT (-91.814337421651 42.920766657629)
20160907320,20160004326,02/12/2016,02-February,6-Friday,15:54,1500 Hours,District 1 (Central),DES MOINES,POLK,I-235,INTERSTATE 235 MEASURING 367 FEET EAST FROM 63RD ST,Collision with:  Vehicle in traffic,On Roadway,Rear-end (front to rear),Followed too close,None Indicated,None apparent,Daylight,Dry,Clear,None apparent,Non-intersection:  Non-junction/no special feature,Paved,N/A,Possible/Unknown,0,1,0,0,1,0,4500,3,4,Southbound (SB),POINT (-93.702202455011 41.593016538447)
20160907638,CP16-0319,02/13/2016,02-February,7-Saturday,14:40,1400 Hours,District 2 (Northeast),CLARION,WRIGHT,IA-3,STATE 3/CENTRAL AVE,Collision with:  Vehicle in traffic,In parking lane/zone,Rear to side,Driver Distraction:  Other interior distraction,None Indicated,None apparent,Daylight,Ice/frost,Clear,None apparent,Non-intersection:  Driveway access (within),Paved,N/A,Property Damage Only,0,0,0,0,0,0,4500,2,2,Southbound (SB),POINT (-93.73489238805 42.731663558847)
20160907877,16-000689,02/13/2016,02-February,7-Saturday,10:45,1000 Hours,District 1 (Central),AMES,STORY,77,SE 16TH ST AND US 69/S DUFF AVE AND S 16TH ST,Collision with:  Vehicle in traffic,On Roadway,Rear-end (front to rear),Followed too close,None Indicated,None apparent,Daylight,Dry,Cloudy,None apparent,Intersection:  Four-way intersection,Paved,N/A,Property Damage Only,0,0,0,0,0,0,5999,2,4,Southbound (SB),POINT (-93.610093877016 42.00837407625)
20160908656,201600694,02/14/2016,02-February,1-Sunday,09:41,0900 Hours,District 6 (East Central),,LINN,77,COTTAGE GROVE AVE SE,Collision with fixed object:  Tree,Roadside,Non-collision (single vehicle),Driving too fast for conditions,None Indicated,Weather conditions,Daylight,Snow,Snow,"Surface condition (e.g., wet, icy)",Non-intersection:  Non-junction/no special feature,Paved,N/A,Property Damage Only,0,0,0,0,0,0,2000,1,2,Southbound (SB),POINT (-91.604368411432 41.995638459006)