Iowa DOT Case Number,Law Enforcement Case Number,Date of Crash,Month of Crash,Day of Week,Time of Crash,Hour,DOT District,City Name,County Name,Route with System,Location Description,First Harmful Event,Location of First Harmful Event,Manner of Crash/Collision,Major Cause,Drug or Alcohol ,Environmental Conditions,Light Conditions,Surface Conditions,Weather Conditions,Roadway Contribution,Roadway Type,Roadway Surface,Work Zone,Crash Severity,Number of Fatalities,Number of Injuries,Number of Major Injuries,Number of Minor Injuries,Number of Possible Injuries,Number of Unknown Injuries,Amount of Property Damage,Number of Vehicles Involved,Total Number of Occupants,Travel Direction,Location
20160908261,2016-8097,02/14/2016,02-February,1-Sunday,12:52,1200 Hours,District 6 (East Central),DAVENPORT,SCOTT,77,NB/EB KIRKWOOD BLVD,Collision with fixed object:  Tree,Outside trafficway,Non-collision (single vehicle),Ran off road - left,None Indicated,None apparent,Daylight,Snow,Cloudy,"Surface condition (e.g., wet, icy)",Non-intersection:  Non-junction/no special feature,Paved,N/A,Property Damage Only,0,0,0,0,0,0,3100,1,1,Southbound (SB),POINT (-90.557521972685 41.536193006533)
20160907664,2016004203,02/14/2016,02-February,1-Sunday,13:30,1300 Hours,District 2 (Northeast),,CERRO GORDO,I-35,INTERSTATE 35 SB MM200.80,Non-collision events:  Overturn/rollover,Median,Non-collision (single vehicle),Ran off road - right,None Indicated,Weather conditions,Daylight,Ice/frost,Blowing snow,"Surface condition (e.g., wet, icy)",Non-intersection:  Non-junction/no special feature,Paved,N/A,Property Damage Only,0,0,0,0,0,0,8000,1,2,Northbound (NB),POINT (-93.348845680562 43.242007900947)
20160907802,20160004581,02/15/2016,02-February,2-Monday,14:25,1400 Hours,District 1 (Central),DES MOINES,POLK,77,SCHOOL ST AND 31ST ST,Collision with fixed object:  Wall,Shoulder,Non-collision (single vehicle),Other (explain in narrative):  Other,None Indicated,None apparent,Daylight,Wet,Cloudy,"Surface condition (e.g., wet, icy)",Non-intersection:  Non-junction/no special feature,Paved,N/A,Property Damage Only,0,0,0,0,0,0,3750,1,1,Northbound (NB),POINT (-93.659414195146 41.595206474245)
20160907932,S16-000473,02/16/2016,02-February,3-Tuesday,03:25,0300 Hours,District 4 (Southwest),,POTTAWATTAMIE,I-29,59 MILE MARKER & INTERSTATE 29,Collision with fixed object:  Ditch,Outside trafficway,Non-collision (single vehicle),Ran off road - right,Refused,None apparent,Dark - unknown roadway lighting,Wet,Rain,None apparent,Non-intersection:  Non-junction/no special feature,Paved,N/A,Property Damage Only,0,0,0,0,0,0,1500,1,1,Northbound (NB),POINT (-95.875522726025 41.31499706955)
20160908201,16012807,02/17/2016,02-February,4-Wednesday,07:52,0700 Hours,District 2 (Northeast),CEDAR FALLS,BLACK HAWK,77,STATE ST,Collision with:  Parked motor vehicle,On Roadway,"Sideswipe, same direction",Other (explain in narrative):  No improper action,None Indicated,None apparent,Daylight,Dry,Clear,None apparent,Non-intersection:  Non-junction/no special feature,Paved,N/A,Property Damage Only,0,0,0,0,0,0,2500,2,2,Northbound (NB),POINT (-92.444215855341 42.52568713976)
20160909429,16-004439,02/17/2016,02-February,4-Wednesday,01:42,0100 Hours,District 5 (Southeast),,LEE,77,343 AVE AND J050/190 ST,Collision with:  Animal,On Roadway,Non-collision (single vehicle),Animal,None Indicated,Animal in roadway,N/A,N/A,N/A,N/A,N/A,Unpaved,N/A,Property Damage Only,0,0,0,0,0,0,6500,1,1,Northbound (NB),POINT (-91.252730486922 40.67045268446)
20160909265,2016-8890,02/18/2016,02-February,5-Thursday,17:06,1700 Hours,District 6 (East Central),DAVENPORT,SCOTT,77,E 53RD ST AND ELMORE CIR,Collision with:  Vehicle in traffic,On Roadway,"Angle, oncoming left turn",Ran Traffic Signal,None Indicated,None apparent,Daylight,Dry,Clear,None apparent,Intersection:  Four-way intersection,Paved,N/A,Property Damage Only,0,0,0,0,0,0,7000,2,2,Southbound (SB),POINT (-90.531070075726 41.574850463725)
20160909363,2016-9073,02/19/2016,02-February,6-Friday,14:08,1400 Hours,District 6 (East Central),DAVENPORT,SCOTT,77,KIRKWOOD BLVD AND ADAMS ST,Collision with:  Parked motor vehicle,On Roadway,"Sideswipe, same direction",Unknown,None Indicated,None apparent,Daylight,Dry,Clear,None apparent,Non-intersection:  Non-junction/no special feature,Unpaved,N/A,Property Damage Only,0,0,0,0,0,0,1500,2,1,Northbound (NB),POINT (-90.552284005858 41.534280292046)
20160908903,16-04631,02/19/2016,02-February,6-Friday,11:03,1100 Hours,District 1 (Central),,JASPER,77,STATE 14/IOWA 14 S AND S 44TH AVE W,Non-collision events:  Overturn/rollover,On Roadway,Non-collision (single vehicle),Other (explain in narrative):  No improper action,None Indicated,Severe crosswind,Daylight,Dry,Clear,None apparent,Intersection:  T-intersection,Paved,N/A,Possible/Unknown,0,1,0,0,0,1,10200,1,1,Southbound (SB),POINT (-93.076941761632 41.659410974923)
20160908726,16-1185,02/20/2016,02-February,7-Saturday,15:37,1500 Hours,District 1 (Central),URBANDALE,POLK,IA-28,NB/EB Iowa 0028 / MERLE HAY RD,Collision with:  Vehicle in traffic,On Roadway,Rear-end (front to rear),Driver Distraction:  Reaching for object(s)/fallen object(s),None Indicated,None apparent,Daylight,Dry,Clear,None apparent,Intersection:  Intersection with ramp,Paved,N/A,Property Damage Only,0,0,0,0,0,0,5300,3,9,Northbound (NB),POINT (-93.697668976673 41.6511044368)
20160908937,W16-014245,02/21/2016,02-February,1-Sunday,17:58,1700 Hours,District 2 (Northeast),WATERLOO,BLACK HAWK,77,INDIANA ST AND DEARBORN AVE,Collision with:  Vehicle in traffic,On Roadway,Broadside (front to side),FTYROW:  At uncontrolled intersection,None Indicated,None apparent,Dark - roadway lighted,Dry,Clear,None apparent,Intersection:  Four-way intersection,Paved,N/A,Property Damage Only,0,0,0,0,0,0,3000,2,2,Northbound (NB),POINT (-92.310589403279 42.490387848952)
20160909010,16-1223,02/22/2016,02-February,2-Monday,10:43,1000 Hours,District 1 (Central),,POLK,US 65,US 65/SE RAMP,Non-collision events:  Other non-collision (explain in narrative),Gore,Non-collision (single vehicle),Ran off road - right,None Indicated,None apparent,Daylight,Dry,Clear,None apparent,Interchange-related:  On-ramp,Paved,N/A,Possible/Unknown,0,1,0,0,1,0,6000,1,1,Northbound (NB),POINT (-93.521299056545 41.51215658648)
20160910282,1601389,02/23/2016,02-February,3-Tuesday,12:51,1200 Hours,District 5 (Southeast),WASHINGTON,WASHINGTON,IA-92,STATE 92,Collision with:  Vehicle in traffic,On Roadway,"Sideswipe, opposite direction",Lost Control,None Indicated,None apparent,Daylight,Dry,Clear,None apparent,Intersection:  Four-way intersection,Paved,N/A,Minor Injury,0,1,0,1,0,0,16000,2,2,Southbound (SB),POINT (-91.664053756313 41.297933166638)
20160909455,16015066,02/24/2016,02-February,4-Wednesday,17:59,1700 Hours,District 2 (Northeast),EVANSDALE,BLACK HAWK,77,EVANS RD AND CENTRAL AVE,Collision with:  Vehicle in traffic,Roadside,Broadside (front to side),Ran Stop Sign,None Indicated,None apparent,Dusk,Dry,Clear,None apparent,Intersection:  Four-way intersection,Paved,N/A,Property Damage Only,0,0,0,0,0,0,14000,2,2,Northbound (NB),POINT (-92.287746773638 42.469138453379)
20160910971,16-002730,02/25/2016,02-February,5-Thursday,17:01,1700 Hours,District 3 (Northwest),,DICKINSON,IA-9,STATE 9/IOWA 9,Collision with fixed object:  Ditch,Shoulder,Non-collision (single vehicle),Ran off road - right,None Indicated,None apparent,Daylight,Dry,Cloudy,None apparent,Non-intersection:  Non-junction/no special feature,Paved,N/A,Property Damage Only,0,0,0,0,0,0,3500,1,1,Southbound (SB),POINT (-95.248640766696 43.430456749031)
20160909666,20160005700,02/26/2016,02-February,6-Friday,11:15,1100 Hours,District 1 (Central),DES MOINES,POLK,77,BLOOMFIELD RD AND US 69/SE 14TH ST,Collision with:  Vehicle in traffic,On Roadway,Broadside (front to side),FTYROW:  From stop sign,None Indicated,None apparent,Daylight,Dry,Clear,None apparent,Non-intersection:  Crossover-related,Paved,N/A,Property Damage Only,0,0,0,0,0,0,10000,2,3,Northbound (NB),POINT (-93.596802256749 41.524634070182)
20160911064,2016005364,02/26/2016,02-February,6-Friday,09:15,0900 Hours,District 4 (Southwest),,POTTAWATTAMIE,I-80,I-80 33MM EB,Collision with:  Vehicle in traffic,On Roadway,Broadside (front to side),Made improper turn,None Indicated,None apparent,Daylight,Dry,Clear,None apparent,Non-intersection:  Non-junction/no special feature,Paved,N/A,Minor Injury,0,1,0,1,0,0,15500,2,3,Westbound (WB),POINT (-95.472636907195 41.499072211483)
20160911035,2016002034,02/27/2016,02-February,7-Saturday,22:00,2200 Hours,District 6 (East Central),IOWA CITY,JOHNSON,77,403 N LINN ST,Collision with:  Parked motor vehicle,On Roadway,"Sideswipe, opposite direction",Driver Distraction:  Other interior distraction,None Indicated,None apparent,Dark - roadway not lighted,Dry,Clear,None apparent,Non-intersection:  Driveway access (within),Paved,N/A,Property Damage Only,0,0,0,0,0,0,2000,2,1,Southbound (SB),POINT (-91.531566919597 41.665781965924)
20160910049,16-001642,02/28/2016,02-February,1-Sunday,18:40,1800 Hours,District 6 (East Central),,CLAYTON,US 52,US 52,Collision with:  Animal,On Roadway,Non-collision (single vehicle),Animal,None Indicated,Animal in roadway,N/A,N/A,N/A,N/A,N/A,Paved,N/A,Property Damage Only,0,0,0,0,0,0,12000,1,1,Northbound (NB),POINT (-91.072275980197 42.71905656139)
20160910034,16-000387,02/29/2016,02-February,2-Monday,15:00,1500 Hours,District 1 (Central),ALTOONA,POLK,77,8TH ST SW AND 28TH AVE SW,Collision with:  Vehicle in traffic,On Roadway,"Sideswipe, same direction",Ran off road - straight,None Indicated,None apparent,Daylight,Dry,Clear,None apparent,Intersection:  Four-way intersection,Paved,N/A,Minor Injury,0,3,0,2,1,0,5600,2,3,Northbound (NB),POINT (-93.493458088373 41.644119127643)
20160910535,16-2334,03/01/2016,03-March,3-Tuesday,08:05,0800 Hours,District 3 (Northwest),CARROLL,CARROLL,US 71,US 71,Collision with:  Vehicle in traffic,On Roadway,Rear-end (front to rear),Driving too fast for conditions,None Indicated,None apparent,Daylight,Snow,Snow,"Surface condition (e.g., wet, icy)",Non-intersection:  Non-junction/no special feature,Paved,N/A,Property Damage Only,0,0,0,0,0,0,2000,2,2,Northbound (NB),POINT (-94.878536765084 42.06476169079)
20160910215,20160006091,03/01/2016,03-March,3-Tuesday,07:15,0700 Hours,District 1 (Central),DES MOINES,POLK,I-235,INTERSTATE 235 EB AT BEGINING OF 31 ST OFF RAMP,Collision with:  Vehicle in traffic,On Roadway,Rear-end (front to rear),Lost Control,None Indicated,None apparent,Daylight,Wet,Snow,"Surface condition (e.g., wet, icy)",Interchange-related:  Off-ramp,Paved,N/A,Property Damage Only,0,0,0,0,0,0,1500,2,2,Southbound (SB),POINT (-93.662954059524 41.59288026441)
20160910875,201600963,03/02/2016,03-March,4-Wednesday,12:48,1200 Hours,District 6 (East Central),PALO,LINN,77,HOLLENBECK RD AND E036/BLAIRS FERRY RD AND SHELLSBURG RD,Collision with:  Vehicle in traffic,On Roadway,Broadside (front to side),FTYROW:  From stop sign,None Indicated,None apparent,Daylight,Dry,Cloudy,None apparent,Intersection:  Four-way intersection,Paved,N/A,Property Damage Only,0,0,0,0,0,0,7500,2,3,Northbound (NB),POINT (-91.809173366409 42.066124601314)
20160910580,20160006359,03/03/2016,03-March,5-Thursday,17:32,1700 Hours,District 1 (Central),DES MOINES,POLK,I-235,INTERSTATE 235 MEASURING 143 FEET NORTHEAST FROM INTERSTATE 235 AND INTERSTATE 235,Collision with:  Vehicle in traffic,On Roadway,Rear-end (front to rear),Other (explain in narrative):  Other,None Indicated,None apparent,Daylight,Dry,Clear,None apparent,Non-intersection:  Non-junction/no special feature,Paved,N/A,Possible/Unknown,0,1,0,0,1,0,500,2,2,Westbound (WB),POINT (-93.622835092323 41.595779757272)
20160910689,16-4376,03/03/2016,03-March,5-Thursday,19:25,1900 Hours,District 6 (East Central),BETTENDORF,SCOTT,77,MIDDLE RD,Collision with:  Vehicle in traffic,On Roadway,"Angle, oncoming left turn",FTYROW:  Making left turn,None Indicated,None apparent,Dark - roadway lighted,Dry,Clear,None apparent,Non-intersection:  Driveway access (within),Paved,N/A,Property Damage Only,0,0,0,0,0,0,15200,3,4,Southbound (SB),POINT (-90.484577427735 41.551173259399)
20160910706,2016002248,03/04/2016,03-March,6-Friday,17:25,1700 Hours,District 6 (East Central),IOWA CITY,JOHNSON,77,N DUBUQUE ST MEASURING 287 FEET NORTH FROM N DUBUQUE ST AND PARK RD,Collision with:  Vehicle in traffic,On Roadway,Rear-end (front to rear),Driver Distraction:  Exterior distraction,None Indicated,None apparent,Daylight,Dry,Cloudy,None apparent,Non-intersection:  Non-junction/no special feature,Paved,N/A,Property Damage Only,0,0,0,0,0,0,3500,2,5,Northbound (NB),POINT (-91.532692546377 41.672281269128)
20160914939,16-07392,03/05/2016,03-March,7-Saturday,15:26,1500 Hours,District 5 (Southeast),,DES MOINES,77,N PRAIRIE GROVE RD MEASURING 1618 FEET SOUTHEAST FROM N PRAIRIE GROVE RD AND 145TH AVE,Non-collision events:  Overturn/rollover,Outside trafficway,Non-collision (single vehicle),Driving too fast for conditions,None Indicated,None apparent,Daylight,Gravel,Cloudy,None apparent,Non-intersection:  Non-junction/no special feature,Unpaved,N/A,Property Damage Only,0,0,0,0,0,0,3000,1,1,Northbound (NB),POINT (-91.205627572934 40.877552148397)
20160911202,2016-12296,03/06/2016,03-March,1-Sunday,13:11,1300 Hours,District 6 (East Central),DAVENPORT,SCOTT,77,E 53RD ST MEASURING 123 FEET WEST FROM UTICA RIDGE RD AND E 53RD ST,Collision with:  Vehicle in traffic,On Roadway,Rear-end (front to rear),Followed too close,None Indicated,None apparent,Daylight,Dry,Cloudy,None apparent,Non-intersection:  Non-junction/no special feature,Paved,N/A,Property Damage Only,0,0,0,0,0,0,7000,2,3,Southbound (SB),POINT (-90.513832923577 41.574902114436)
20160911656,2016006215,03/07/2016,03-March,2-Monday,15:16,1500 Hours,District 6 (East Central),,CEDAR,IA-38,2013 HIGHWAY 38 NORTH OF I-80,Collision with:  Vehicle in traffic,On Roadway,Rear-end (front to rear),Followed too close,None Indicated,None apparent,Daylight,Dry,Cloudy,None apparent,Non-intersection:  Driveway access (within),Paved,N/A,Possible/Unknown,0,2,0,0,2,0,14000,2,2,Northbound (NB),POINT (-91.12149279444 41.653892456803)
20160911463,2016006247,03/08/2016,03-March,3-Tuesday,09:00,0900 Hours,District 4 (Southwest),,HARRISON,I-29,I-29 SB 93.8MM,Collision with:  Struck/struck by object/cargo/person from other vehicle,On Roadway,Other (explain in narrative),Cargo/equipment loss or shift,None Indicated,None apparent,Daylight,Dry,Clear,None apparent,Non-intersection:  Non-junction/no special feature,Paved,N/A,Property Damage Only,0,0,0,0,0,0,1500,2,4,Northbound (NB),POINT (-96.050106682181 41.775794722121)
20160912145,AC16-007,03/09/2016,03-March,4-Wednesday,16:07,1600 Hours,District 1 (Central),STORY CITY,STORY,77,BROAD ST,Collision with:  Vehicle in traffic,On Roadway,Rear-end (front to rear),Followed too close,None Indicated,Other (explain in narrative),Daylight,Dry,Other (explain in narrative),None apparent,Non-intersection:  Other non-intersection (explain in narrative),Paved,N/A,Property Damage Only,0,0,0,0,0,0,9500,2,2,Southbound (SB),POINT (-93.595581377107 42.18705747188)
20160911693,,03/10/2016,03-March,5-Thursday,13:04,1300 Hours,District 6 (East Central),CEDAR RAPIDS,LINN,77,33RD AVE SW,Collision with:  Vehicle in traffic,Continuous left turn lane,Rear to side,Unknown,None Indicated,N/A,Daylight,Dry,Clear,N/A,Intersection:  T-intersection,Paved,N/A,Possible/Unknown,0,1,0,0,1,0,4500,2,4,Southbound (SB),POINT (-91.674526458727 41.943314011864)
20160916165,16-001656,03/10/2016,03-March,5-Thursday,23:45,2300 Hours,District 4 (Southwest),,HARRISON,US 30,US 30,Collision with:  Animal,On Roadway,Non-collision (single vehicle),Animal,None Indicated,Animal in roadway,N/A,N/A,N/A,N/A,N/A,Paved,N/A,Property Damage Only,0,0,0,0,0,0,5000,1,2,Southbound (SB),POINT (-95.664936391745 41.78359054429)
20160914874,16-001182,03/11/2016,03-March,6-Friday,03:20,0300 Hours,District 1 (Central),AMES,STORY,US 30,US 30/SW RAMP CURV,Non-collision events:  Vehicle went airborne,On Roadway,Non-collision (single vehicle),Driving too fast for conditions,Under Influence of Alcohol/Drugs/Medications,None apparent,Dark - roadway lighted,Dry,Clear,None apparent,Interchange-related:  Off-ramp,Paved,N/A,Property Damage Only,0,0,0,0,0,0,10000,1,1,Southbound (SB),POINT (-93.613105596686 42.003836714687)
20160911985,201603765,03/12/2016,03-March,7-Saturday,03:06,0300 Hours,District 6 (East Central),CEDAR RAPIDS,LINN,77,700 BLOCK 10TH ST NW,Collision with:  Parked motor vehicle,Roadside,Rear-end (front to rear),Lost Control,Refused,None apparent,Dark - roadway lighted,Dry,Cloudy,None apparent,Non-intersection:  Non-junction/no special feature,Paved,N/A,Property Damage Only,0,0,0,0,0,0,10500,3,1,Northbound (NB),POINT (-91.686213368995 41.978690686987)
20160912697,16-140313-01,03/13/2016,03-March,1-Sunday,09:36,0900 Hours,District 6 (East Central),,IOWA,US 6,US 6,Collision with fixed object:  Ditch,Roadside,Non-collision (single vehicle),Ran off road - left,None Indicated,None apparent,Daylight,Wet,Rain,None apparent,Non-intersection:  Non-junction/no special feature,Paved,N/A,Minor Injury,0,1,0,1,0,0,3000,1,1,Southbound (SB),POINT (-91.934983859254 41.7704307787)
20160912508,2016006725,03/14/2016,03-March,2-Monday,06:37,0600 Hours,District 3 (Northwest),,WOODBURY,77,D051/260TH ST MEASURING 1203 FEET EAST FROM K025/PORT NEAL RD AND D051/260TH ST,Collision with:  Vehicle in traffic,On Roadway,Broadside (front to side),Made improper turn,None Indicated,None apparent,Dark - roadway not lighted,Wet,"Fog, smoke, smog",None apparent,Non-intersection:  Non-junction/no special feature,Paved,N/A,Property Damage Only,0,0,0,0,0,0,3002,2,3,Southbound (SB),POINT (-96.345107784558 42.330162858669)
20160912198,1603152511,03/15/2016,03-March,3-Tuesday,19:00,1900 Hours,District 6 (East Central),,CLINTON,77,F021/262 ST AND 300 AVE,Collision with:  Animal,On Roadway,Non-collision (single vehicle),Animal,None Indicated,Animal in roadway,N/A,N/A,N/A,N/A,N/A,Paved,N/A,Property Damage Only,0,0,0,0,0,0,2000,1,1,Northbound (NB),POINT (-90.510128251582 41.80064245498)
20160913880,201601201,03/16/2016,03-March,4-Wednesday,16:52,1600 Hours,District 6 (East Central),,LINN,77,EAST POST RD AND LAKESIDE RD AND E044/30TH ST DR,Collision with:  Vehicle in traffic,On Roadway,Head-on (front to front),FTYROW:  Making left turn,Drug,None apparent,Daylight,Dry,Cloudy,None apparent,Intersection:  Four-way intersection,Paved,N/A,Possible/Unknown,0,2,0,0,2,0,11000,2,3,Northbound (NB),POINT (-91.599192855957 42.005914733005)
20160913433,16-0131,03/17/2016,03-March,5-Thursday,15:44,1500 Hours,District 3 (Northwest),,BUENA VISTA,US 71,US 71/130TH AVE AND C013/440TH ST,Collision with:  Vehicle in traffic,On Roadway,Rear-end (front to rear),Followed too close,None Indicated,None apparent,Daylight,Dry,Clear,None apparent,Intersection:  Four-way intersection,Paved,N/A,Minor Injury,0,1,0,1,0,0,1500,2,4,Northbound (NB),POINT (-95.151121955546 42.876247156405)
20160912597,20160007952,03/18/2016,03-March,6-Friday,20:34,2000 Hours,District 1 (Central),DES MOINES,POLK,77,INGERSOLL AVE MEASURING 443 FEET EAST FROM 28TH ST AND INGERSOLL AVE,Collision with:  Non-motorist (see non-motorist section - NOT a unit),On Roadway,Non-collision (single vehicle),Other (explain in narrative):  Other,None Indicated,Other (explain in narrative),Dark - roadway lighted,Dry,Clear,None apparent,Non-intersection:  Non-junction/no special feature,Paved,N/A,Minor Injury,0,1,0,1,0,0,1500,1,1,Southbound (SB),POINT (-93.652862874306 41.585687180678)
20160913987,2016002715,03/18/2016,03-March,6-Friday,13:29,1300 Hours,District 6 (East Central),IOWA CITY,JOHNSON,77,SUMMIT ST AND KIRKWOOD AVE,Collision with:  Vehicle in traffic,On Roadway,Broadside (front to side),FTYROW:  From stop sign,None Indicated,None apparent,Daylight,Dry,Cloudy,None apparent,Intersection:  T-intersection,Paved,N/A,Property Damage Only,0,0,0,0,0,0,2400,2,6,Southbound (SB),POINT (-91.52096227443 41.649442639402)
20160912661,16-1341,03/19/2016,03-March,7-Saturday,21:00,2100 Hours,District 1 (Central),WEST DES MOINES,POLK,77,ASHWORTH RD AND 8TH ST,Collision with:  Vehicle in traffic,On Roadway,Broadside (front to side),Ran Traffic Signal,None Indicated,None apparent,Dark - roadway lighted,Wet,Rain,None apparent,Intersection:  Four-way intersection,Paved,N/A,Minor Injury,0,1,0,1,0,0,21500,2,3,Northbound (NB),POINT (-93.71302844147 41.584600202705)
20160913121,WSO1600569,03/20/2016,03-March,1-Sunday,18:30,1800 Hours,District 2 (Northeast),,WINNESHIEK,77,328TH AVE AND A034/POLE LINE RD,Collision with fixed object:  Ditch,Shoulder,Non-collision (single vehicle),Ran off road - right,Alcohol (Statutory),None apparent,Daylight,Dry,Clear,None apparent,Non-intersection:  Non-junction/no special feature,Unpaved,N/A,Major Injury,0,1,1,0,0,0,10400,1,1,Northbound (NB),POINT (-92.048205597067 43.371009829447)
20160913090,16046646,03/21/2016,03-March,2-Monday,21:33,2100 Hours,District 6 (East Central),NORTH LIBERTY,JOHNSON,77,FOREVERGREEN RD,Collision with:  Animal,On Roadway,Non-collision (single vehicle),Animal,None Indicated,Animal in roadway,Dark - roadway not lighted,Dry,Clear,None apparent,Non-intersection:  Non-junction/no special feature,Paved,N/A,Property Damage Only,0,0,0,0,0,0,2000,1,1,Southbound (SB),POINT (-91.611341549689 41.723066403335)
20160913047,20160008282,03/22/2016,03-March,3-Tuesday,11:25,1100 Hours,District 1 (Central),DES MOINES,POLK,77,FLEUR DR AND BELL AVE,Collision with:  Vehicle in traffic,On Roadway,Rear-end (front to rear),Followed too close,None Indicated,None apparent,Daylight,Dry,Cloudy,None apparent,Intersection:  Other intersection (explain in narrative),Paved,N/A,Property Damage Only,0,0,0,0,0,0,2500,2,3,Southbound (SB),POINT (-93.645076192981 41.562726570066)
20160913682,16-000374,03/23/2016,03-March,4-Wednesday,13:19,1300 Hours,District 1 (Central),,STORY,US 30,US 30 AND SOUTH DAKOTA AVE,Collision with fixed object:  Cable barrier,On Roadway,Non-collision (single vehicle),Ran off road - left,None Indicated,Weather conditions,Daylight,Wet,Rain,"Surface condition (e.g., wet, icy)",Interchange-related:  On-ramp merge area,Paved,N/A,Property Damage Only,0,0,0,0,0,0,15500,1,1,Westbound (WB),POINT (-93.678287902572 42.00833361897)
20160913221,W16-023142,03/23/2016,03-March,4-Wednesday,13:41,1300 Hours,District 2 (Northeast),WATERLOO,BLACK HAWK,77,HAMMOND AVE,Collision with:  Vehicle in traffic,On Roadway,Rear-end (front to rear),Lost Control,None Indicated,Weather conditions,Daylight,Wet,Rain,"Surface condition (e.g., wet, icy)",Intersection:  Other intersection (explain in narrative),Paved,N/A,Property Damage Only,0,0,0,0,0,0,2000,2,2,Northbound (NB),POINT (-92.33682486195 42.467334565205)
20160913397,W16-023546,03/24/2016,03-March,5-Thursday,20:57,2000 Hours,District 2 (Northeast),WATERLOO,BLACK HAWK,77,3619 CADILLAC DR,Miscellaneous events:  Hit and run,Outside trafficway,Rear to side,Unknown,None Indicated,None apparent,Dark - unknown roadway lighting,Dry,Clear,None apparent,Non-intersection:  Non-junction/no special feature,Paved,N/A,Possible/Unknown,0,1,0,0,0,1,1500,2,1,Southbound (SB),POINT (-92.402616404364 42.512500468809)
20160915153,201604499,03/25/2016,03-March,6-Friday,13:03,1300 Hours,District 6 (East Central),CEDAR RAPIDS,LINN,77,9TH AVE SE AND 8TH ST SE,Collision with:  Vehicle in traffic,On Roadway,Broadside (front to side),Ran Stop Sign,None Indicated,None apparent,Daylight,Dry,Clear,None apparent,Intersection:  Four-way intersection,Paved,N/A,Property Damage Only,0,0,0,0,0,0,5000,2,2,Northbound (NB),POINT (-91.655156263224 41.975827223177)
20160919255,16-001405,03/25/2016,03-March,6-Friday,14:54,1400 Hours,District 1 (Central),AMES,STORY,77,E 13TH ST AND INTERSTATE 35 AND INTERSTATE 35,Collision with:  Vehicle in traffic,On Roadway,"Angle, oncoming left turn",FTYROW:  Making left turn,None Indicated,None apparent,Daylight,Dry,Clear,None apparent,Interchange-related:  On-ramp,Paved,N/A,Property Damage Only,0,0,0,0,0,0,7000,2,3,Southbound (SB),POINT (-93.568362046706 42.034554283516)
20160913685,16-003770,03/26/2016,03-March,7-Saturday,10:22,1000 Hours,District 3 (Northwest),SPENCER,CLAY,US 71,US 71/11TH ST SW,Collision with:  Parked motor vehicle,On Roadway,Unknown,Unknown,None Indicated,Unknown,Daylight,Unknown,Unknown,Unknown,Unknown,Paved,N/A,Property Damage Only,0,0,0,0,0,0,1500,2,1,Eastbound (EB),POINT (-95.157137334301 43.126975993687)
20160913649,16-1998,03/27/2016,03-March,1-Sunday,17:05,1700 Hours,District 1 (Central),,POLK,US 69,R06F/NE 66 AVE AND US 69/N 14TH ST,Collision with:  Vehicle in traffic,On Roadway,Head-on (front to front),Traveling wrong way or on wrong side of road,Drug,None apparent,Daylight,Dry,Clear,None apparent,Non-intersection:  Non-junction/no special feature,Paved,N/A,Major Injury,0,2,1,1,0,0,29600,3,3,Northbound (NB),POINT (-93.600606279719 41.680412384951)
20160913971,1602394PD,03/28/2016,03-March,2-Monday,11:40,1100 Hours,District 1 (Central),BOONE,BOONE,77,PARK AVE AND S STORY ST,Collision with:  Vehicle in traffic,On Roadway,"Angle, oncoming left turn",Made improper turn,None Indicated,None apparent,Daylight,Dry,Clear,None apparent,Intersection:  Four-way intersection,Paved,N/A,Possible/Unknown,0,2,0,0,2,0,17000,2,2,Northbound (NB),POINT (-93.879904180549 42.048070884807)
20160914042,20160008982,03/29/2016,03-March,3-Tuesday,08:37,0800 Hours,District 1 (Central),DES MOINES,POLK,77,STEWART ST MEASURING 208 FEET NORTH FROM CLEVELAND AVE AND STEWART ST,Collision with:  Vehicle in traffic,On Roadway,Rear-end (front to rear),Followed too close,None Indicated,None apparent,Daylight,Dry,Cloudy,None apparent,Intersection:  Four-way intersection,Paved,N/A,Possible/Unknown,0,1,0,0,1,0,3500,2,3,Northbound (NB),POINT (-93.588030645479 41.605546743516)
20160915488,16006669,03/30/2016,03-March,4-Wednesday,17:42,1700 Hours,District 6 (East Central),MARION,LINN,77,940 5TH AV,Miscellaneous events:  Hit and run,On Roadway,Broadside (front to side),FTYROW:  At uncontrolled intersection,None Indicated,None apparent,Daylight,Dry,Clear,None apparent,Non-intersection:  Alley,Paved,N/A,Property Damage Only,0,0,0,0,0,0,5000,2,2,Southbound (SB),POINT (-91.599826666797 42.031518524525)
20160914290,16-001263,03/31/2016,03-March,5-Thursday,07:45,0700 Hours,District 1 (Central),ANKENY,POLK,I-35,INTERSTATE 35 SB MM 92,Collision with fixed object:  Cable barrier,On Roadway,Non-collision (single vehicle),Ran off road - right,None Indicated,None apparent,Daylight,Wet,Rain,None apparent,Non-intersection:  Non-junction/no special feature,Paved,N/A,Property Damage Only,0,0,0,0,0,0,1500,1,1,Eastbound (EB),POINT (-93.576645714673 41.724444630124)
20160914433,2016-17765,03/31/2016,03-March,5-Thursday,12:12,1200 Hours,District 6 (East Central),DAVENPORT,SCOTT,77,W LOCUST ST AND N LINCOLN AVE,Collision with:  Vehicle in traffic,On Roadway,Broadside (front to side),Ran Traffic Signal,None Indicated,None apparent,Daylight,Dry,Cloudy,None apparent,Intersection:  Four-way intersection,Paved,N/A,Possible/Unknown,0,1,0,0,1,0,11500,3,4,Northbound (NB),POINT (-90.613150000229 41.538217339902)