Iowa DOT Case Number,Law Enforcement Case Number,Date of Crash,Month of Crash,Day of Week,Time of Crash,Hour,DOT District,City Name,County Name,Route with System,Location Description,First Harmful Event,Location of First Harmful Event,Manner of Crash/Collision,Major Cause,Drug or Alcohol ,Environmental Conditions,Light Conditions,Surface Conditions,Weather Conditions,Roadway Contribution,Roadway Type,Roadway Surface,Work Zone,Crash Severity,Number of Fatalities,Number of Injuries,Number of Major Injuries,Number of Minor Injuries,Number of Possible Injuries,Number of Unknown Injuries,Amount of Property Damage,Number of Vehicles Involved,Total Number of Occupants,Travel Direction,Location
20160914965,2016008388,04/01/2016,04-April,6-Friday,14:00,1400 Hours,District 4 (Southwest),,HARRISON,I-29,I-29 SB 74MM,Collision with:  Animal,On Roadway,Non-collision (single vehicle),Animal,None Indicated,Animal in roadway,N/A,N/A,N/A,N/A,N/A,Paved,N/A,Property Damage Only,0,0,0,0,0,0,20000,1,1,Northbound (NB),POINT (-95.917634424224 41.519960247036)
20160914635,16012639,04/02/2016,04-April,7-Saturday,22:14,2200 Hours,District 1 (Central),,HAMILTON,77,INKPADUTA AVE,Collision with:  Vehicle in traffic,On Roadway,Rear-end (front to rear),Driver Distraction:  Reaching for object(s)/fallen object(s),Alcohol (Statutory),None apparent,Dark - roadway lighted,Dry,Clear,None apparent,Non-intersection:  Non-junction/no special feature,Unpaved,N/A,Property Damage Only,0,0,0,0,0,0,10000,2,1,Northbound (NB),POINT (-93.820752204079 42.436910304937)
20160914854,S16-001023,04/03/2016,04-April,1-Sunday,13:40,1300 Hours,District 4 (Southwest),OAKLAND,POTTAWATTAMIE,77,US 6 AND PULLEN AVE,Collision with:  Vehicle in traffic,On Roadway,Rear-end (front to rear),Followed too close,None Indicated,None apparent,Daylight,Dry,Clear,None apparent,Intersection:  T-intersection,Paved,N/A,Property Damage Only,0,0,0,0,0,0,3800,2,2,Northbound (NB),POINT (-95.399232820976 41.306562482898)
20160914713,S16-001029,04/04/2016,04-April,2-Monday,04:25,0400 Hours,District 4 (Southwest),,POTTAWATTAMIE,77,245TH ST AND US 6,Collision with fixed object:  Ditch,On Roadway,Non-collision (single vehicle),Driver Distraction:  Other interior distraction,None Indicated,None apparent,Dark - roadway not lighted,Dry,Clear,None apparent,Non-intersection:  Non-junction/no special feature,Unpaved,N/A,Possible/Unknown,0,1,0,0,1,0,5500,1,1,Northbound (NB),POINT (-95.718277455899 41.282678013569)
20160914857,16-10998,04/04/2016,04-April,2-Monday,19:06,1900 Hours,District 5 (Southeast),BURLINGTON,DES MOINES,77,AGENCY ST AND COLUMBUS DR,Collision with:  Vehicle in traffic,On Roadway,Broadside (front to side),Ran Traffic Signal,None Indicated,None apparent,Daylight,Dry,Cloudy,None apparent,Intersection:  Four-way intersection,Paved,N/A,Possible/Unknown,0,2,0,0,2,0,8000,2,3,Southbound (SB),POINT (-91.137583354927 40.814706793023)
20160915048,20160009774,04/05/2016,04-April,3-Tuesday,21:27,2100 Hours,District 1 (Central),DES MOINES,POLK,US 6,US 6/E EUCLID AVE AND E 12TH ST,Collision with:  Vehicle in traffic,On Roadway,"Angle, oncoming left turn",FTYROW:  Making left turn,None Indicated,Weather conditions,Dark - roadway lighted,Wet,Rain,"Surface condition (e.g., wet, icy)","Non-intersection:  Driveway access (related, not in)",Paved,N/A,Property Damage Only,0,0,0,0,0,0,3500,2,2,Southbound (SB),POINT (-93.604738584823 41.62768986572)
20160916103,A16022,04/06/2016,04-April,4-Wednesday,17:04,1700 Hours,District 5 (Southeast),KNOXVILLE,MARION,IA-14,STATE 14/LINCOLN ST,Collision with:  Vehicle in traffic,On Roadway,Broadside (front to side),FTYROW:  From driveway,None Indicated,None apparent,Daylight,Dry,Cloudy,None apparent,"Non-intersection:  Driveway access (related, not in)",Paved,N/A,Minor Injury,0,4,0,3,1,0,14000,2,4,Northbound (NB),POINT (-93.109473328873 41.307165164359)
20160915311,20160009937,04/07/2016,04-April,5-Thursday,14:25,1400 Hours,District 1 (Central),DES MOINES,POLK,US 6,11TH ST AND US 6/EUCLID AVE MEASURING 50 FEET WEST FROM 11TH ST AND US 6/EUCLID AVE,Collision with:  Vehicle in traffic,On Roadway,"Sideswipe, same direction",FTYROW:  Other (explain in narrative),None Indicated,None apparent,Daylight,Wet,Cloudy,None apparent,Non-intersection:  Non-junction/no special feature,Paved,N/A,Possible/Unknown,0,1,0,0,1,0,2000,2,3,Southbound (SB),POINT (-93.632001463753 41.627660302898)
20160915805,201605175,04/08/2016,04-April,6-Friday,12:24,1200 Hours,District 6 (East Central),CEDAR RAPIDS,LINN,77,5TH AVE SE AND 8TH ST SE,Collision with:  Vehicle in traffic,On Roadway,Broadside (front to side),FTYROW:  From stop sign,None Indicated,None apparent,Daylight,Wet,Freezing rain/drizzle,None apparent,Intersection:  Four-way intersection,Paved,N/A,Property Damage Only,0,0,0,0,0,0,14000,2,6,Northbound (NB),POINT (-91.658575164957 41.979127559799)
20160919395,16-2458,04/08/2016,04-April,6-Friday,07:50,0700 Hours,District 4 (Southwest),,HARRISON,77,"KINCAID PL, NEAR RESIDENCE #1783",Non-collision events:  Overturn/rollover,On Roadway,Non-collision (single vehicle),Ran off road - left,None Indicated,None apparent,Daylight,Gravel,Clear,None apparent,Non-intersection:  Non-junction/no special feature,Unpaved,N/A,Property Damage Only,0,0,0,0,0,0,7000,1,1,Northbound (NB),POINT (-95.890580258969 41.751185520449)
20160915500,20160010144,04/09/2016,04-April,7-Saturday,08:32,0800 Hours,District 1 (Central),DES MOINES,POLK,77,DAY ST AND 6TH AVE,Collision with:  Vehicle in traffic,On Roadway,Broadside (front to side),Unknown,None Indicated,None apparent,Daylight,Dry,Clear,None apparent,Intersection:  Four-way intersection,Paved,N/A,Property Damage Only,0,0,0,0,0,0,14000,2,3,Northbound (NB),POINT (-93.625682969166 41.596205648346)
20160915762,2016-7477,04/10/2016,04-April,1-Sunday,18:53,1800 Hours,District 6 (East Central),,SCOTT,77,15900 BLOCK OF 70TH AVE.,Collision with fixed object:  Ditch,On Roadway,Non-collision (single vehicle),Driver Distraction:  Manual operation of an electronic communication device,None Indicated,None apparent,Dark - roadway not lighted,Wet,Rain,None apparent,Non-intersection:  Non-junction/no special feature,Paved,N/A,Minor Injury,0,1,0,1,0,0,2750,1,1,Northbound (NB),POINT (-90.76541113329 41.538243255046)
20160915714,16-014423,04/11/2016,04-April,2-Monday,09:17,0900 Hours,District 4 (Southwest),COUNCIL BLUFFS,POTTAWATTAMIE,77,N 16TH ST AND AVE B,Other (explain in narrative),On Roadway,Broadside (front to side),Ran Traffic Signal,None Indicated,None apparent,Daylight,Dry,Clear,None apparent,Intersection:  Four-way intersection,Paved,N/A,Possible/Unknown,0,1,0,0,0,1,3300,2,2,Southbound (SB),POINT (-95.869065750747 41.263651245733)
20160915958,16-12259,04/12/2016,04-April,3-Tuesday,14:08,1400 Hours,District 3 (Northwest),SIOUX CITY,WOODBURY,77,STATE 12/GORDON DR AND S ALICE ST,Collision with:  Vehicle in traffic,On Roadway,Broadside (front to side),FTYROW:  From stop sign,None Indicated,None apparent,Daylight,Dry,Clear,None apparent,Intersection:  Four-way intersection,Paved,N/A,Property Damage Only,0,0,0,0,0,0,2500,2,2,Northbound (NB),POINT (-96.368220121684 42.489299147858)
20160916494,CL16001386,04/13/2016,04-April,4-Wednesday,15:09,1500 Hours,District 6 (East Central),CLINTON,CLINTON,77,1000 BLK LINCOLN BLVD,Collision with:  Vehicle in traffic,On Roadway,"Sideswipe, same direction",FTYROW:  From driveway,None Indicated,None apparent,Daylight,Dry,Clear,None apparent,Non-intersection:  Driveway access (within),Paved,N/A,Property Damage Only,0,0,0,0,0,0,3000,2,3,Northbound (NB),POINT (-90.21139249504 41.835480198012)
20160916269,20160010656,04/14/2016,04-April,5-Thursday,15:22,1500 Hours,District 1 (Central),DES MOINES,POLK,77,LALLY ST AND S UNION ST,Collision with:  Non-motorist (see non-motorist section - NOT a unit),On Roadway,Non-collision (single vehicle),Other (explain in narrative):  No improper action,None Indicated,None apparent,Daylight,Dry,Clear,None apparent,Non-intersection:  Non-junction/no special feature,Paved,N/A,Possible/Unknown,0,1,0,0,1,0,0,1,3,Northbound (NB),POINT (-93.616076800539 41.527297685457)
20160916151,16-014255,04/14/2016,04-April,5-Thursday,02:23,0200 Hours,District 5 (Southeast),WEST LIBERTY,MUSCATINE,US 6,US 6/COLUMBUS ST,Collision with:  Vehicle in traffic,On Roadway,Rear-end (front to rear),"Operating vehicle in an reckless, erratic, careless, negligent manner",None Indicated,None apparent,Dark - roadway lighted,Dry,Clear,None apparent,Intersection:  T-intersection,Paved,N/A,Possible/Unknown,0,1,0,0,0,1,4000,2,2,Southbound (SB),POINT (-91.260645960607 41.575175232991)
20160919430,16-10482,04/15/2016,04-April,6-Friday,17:38,1700 Hours,District 1 (Central),,JASPER,I-80,INTERSTATE 80,Collision with:  Vehicle in traffic,On Roadway,Rear-end (front to rear),Followed too close,None Indicated,None apparent,Daylight,Dry,Clear,None apparent,Non-intersection:  Non-junction/no special feature,Paved,N/A,Property Damage Only,0,0,0,0,0,0,3000,2,2,Westbound (WB),POINT (-92.854684085786 41.695094336107)
20160916503,SOI20160123,04/16/2016,04-April,7-Saturday,00:30,0000 Hours,District 1 (Central),,POWESHIEK,77,400TH AVE,Collision with fixed object:  Ditch,On Roadway,Non-collision (single vehicle),Ran off road - right,None Indicated,None apparent,Dark - roadway not lighted,Gravel,Clear,"Surface condition (e.g., wet, icy)",Non-intersection:  Non-junction/no special feature,Unpaved,N/A,Property Damage Only,0,0,0,0,0,0,4500,1,1,Southbound (SB),POINT (-92.490260931216 41.716960787214)
20160916475,16-015197,04/16/2016,04-April,7-Saturday,01:20,0100 Hours,District 4 (Southwest),COUNCIL BLUFFS,POTTAWATTAMIE,77,2ND AVE AND DODGE RIVERSIDE DR,Collision with:  Vehicle in traffic,On Roadway,Broadside (front to side),Ran Stop Sign,Alcohol (Statutory),None apparent,Dark - roadway lighted,Dry,Clear,None apparent,Intersection:  Four-way intersection,Paved,N/A,Property Damage Only,0,0,0,0,0,0,20000,2,2,Southbound (SB),POINT (-95.908295471157 41.259793146265)
20160916586,20160011011,04/17/2016,04-April,1-Sunday,14:05,1400 Hours,District 1 (Central),DES MOINES,POLK,77,E 30TH ST and E WALNUT ST measuring 33 Feet West from E 30TH ST and E WALNUT ST,Collision with fixed object:  Building,Other (explain in narrative),Non-collision (single vehicle),Unknown,None Indicated,None apparent,Daylight,Dry,Clear,None apparent,Non-intersection:  Non-junction/no special feature,Paved,N/A,Property Damage Only,0,0,0,0,0,0,1000,1,1,Northbound (NB),POINT (-93.558477281764 41.593561347737)
20160916882,W16-030486,04/18/2016,04-April,2-Monday,14:00,1400 Hours,District 2 (Northeast),WATERLOO,BLACK HAWK,77,E MULLAN AVE AND LAFAYETTE ST,Collision with:  Vehicle in traffic,On Roadway,Broadside (front to side),Ran Stop Sign,None Indicated,None apparent,Daylight,Dry,Clear,None apparent,Intersection:  Four-way intersection,Paved,N/A,Property Damage Only,0,0,0,0,0,0,6200,2,2,Northbound (NB),POINT (-92.340287204414 42.502495373191)
20160917439,16-12861,04/19/2016,04-April,3-Tuesday,14:15,1400 Hours,District 5 (Southeast),BURLINGTON,DES MOINES,77,DIVISION ST AND E ROOSEVELT FRONTAGE,Collision with:  Vehicle in traffic,On Roadway,Rear-end (front to rear),Other (explain in narrative):  Other,None Indicated,None apparent,Daylight,Dry,Clear,None apparent,Non-intersection:  Non-junction/no special feature,Paved,N/A,Property Damage Only,0,0,0,0,0,0,2000,2,2,Northbound (NB),POINT (-91.140388483641 40.807662888504)
20160917080,20160011353,04/20/2016,04-April,4-Wednesday,11:12,1100 Hours,District 1 (Central),DES MOINES,POLK,77,STATE 163/E UNIVERSITY AVE AND HUBBELL AVE,Collision with:  Vehicle in traffic,On Roadway,Rear-end (front to rear),"Operating vehicle in an reckless, erratic, careless, negligent manner",None Indicated,None apparent,Daylight,Wet,Rain,None apparent,Intersection:  Four-way intersection,Paved,N/A,Property Damage Only,0,0,0,0,0,0,2500,2,4,Northbound (NB),POINT (-93.578528969784 41.600505862389)
20160917077,20160011335,04/20/2016,04-April,4-Wednesday,07:55,0700 Hours,District 1 (Central),DES MOINES,POLK,77,19TH ST MEASURING 53 FEET NORTH FROM CLARK ST AND 19TH ST,Collision with:  Vehicle in traffic,On Roadway,Rear-end (front to rear),Followed too close,None Indicated,None apparent,Daylight,Wet,Cloudy,"Surface condition (e.g., wet, icy)",Non-intersection:  Non-junction/no special feature,Paved,N/A,Property Damage Only,0,0,0,0,0,0,6500,2,2,Northbound (NB),POINT (-93.642675129178 41.606028873709)
20160917293,20160011484,04/21/2016,04-April,5-Thursday,15:19,1500 Hours,District 1 (Central),DES MOINES,POLK,US 6,2221 E EUCLID AVE,Collision with:  Vehicle in traffic,On Roadway,Rear-end (front to rear),Unknown,None Indicated,None apparent,Daylight,Dry,Clear,None apparent,Non-intersection:  Non-junction/no special feature,Paved,N/A,Property Damage Only,0,0,0,0,0,0,4000,2,2,Southbound (SB),POINT (-93.579793018865 41.627764348033)
20160917313,16006654,04/22/2016,04-April,6-Friday,01:33,0100 Hours,District 2 (Northeast),MASON CITY,CERRO GORDO,77,4TH ST NE,Collision with fixed object:  Curb/island/raised median,Separator,Non-collision (single vehicle),Driver Distraction:  Passenger,Refused,None apparent,Dark - roadway not lighted,Dry,Clear,None apparent,Intersection:  Roundabout,Paved,N/A,Possible/Unknown,0,2,0,0,1,1,5000,1,2,Westbound (WB),POINT (-93.185344635324 43.155439551006)
20160917424,20160011551,04/22/2016,04-April,6-Friday,08:05,0800 Hours,District 1 (Central),DES MOINES,POLK,77,SCHOOL ST  AND 3RD ST,Collision with:  Vehicle in traffic,On Roadway,Rear-end (front to rear),Improper or erratic lane changing,None Indicated,None apparent,Daylight,Dry,Cloudy,None apparent,Intersection:  Four-way intersection,Paved,N/A,Property Damage Only,0,0,0,0,0,0,3300,2,3,Southbound (SB),POINT (-93.621521566731 41.5951923879)
20160917881,2016003966,04/23/2016,04-April,7-Saturday,22:32,2200 Hours,District 6 (East Central),IOWA CITY,JOHNSON,77,E WASHINGTON ST,Collision with:  Struck/struck by object/cargo/person from other vehicle,On Roadway,Broadside (front to side),Ran Stop Sign,None Indicated,None apparent,Dark - roadway lighted,Dry,Clear,None apparent,Intersection:  Four-way intersection,Paved,N/A,Possible/Unknown,0,2,0,0,2,0,6000,3,5,Southbound (SB),POINT (-91.525716313424 41.660032742145)
20160918975,S16-5230,04/24/2016,04-April,1-Sunday,01:05,0100 Hours,District 3 (Northwest),,WOODBURY,77,D054/230TH ST,Collision with:  Animal,On Roadway,Non-collision (single vehicle),Animal,None Indicated,Animal in roadway,N/A,N/A,N/A,N/A,N/A,Paved,N/A,Property Damage Only,0,0,0,0,0,0,1800,1,1,Southbound (SB),POINT (-96.175292088624 42.37282545233)
20160917733,16-000501,04/25/2016,04-April,2-Monday,11:53,1100 Hours,District 1 (Central),,STORY,US 69,U.S. HIGHWAY 69 AND 170TH STREET,Collision with:  Vehicle in traffic,On Roadway,Broadside (front to side),FTYROW:  Making left turn,None Indicated,None apparent,Daylight,Dry,Clear,None apparent,Intersection:  Other intersection (explain in narrative),Paved,N/A,Property Damage Only,0,0,0,0,0,0,13100,2,3,Northbound (NB),POINT (-93.620397609021 42.106742121507)
20160917883,2016004034,04/25/2016,04-April,2-Monday,16:13,1600 Hours,District 6 (East Central),IOWA CITY,JOHNSON,77,ROHRET RD AND SHANNON DR,Collision with:  Vehicle in traffic,On Roadway,Rear-end (front to rear),Followed too close,None Indicated,None apparent,Daylight,Dry,Cloudy,None apparent,Non-intersection:  Non-junction/no special feature,Paved,N/A,Property Damage Only,0,0,0,0,0,0,5800,2,3,Southbound (SB),POINT (-91.580693948126 41.646115733136)
20160918040,16040679,04/26/2016,04-April,3-Tuesday,07:24,0700 Hours,District 5 (Southeast),,WAPELLO,US 34,US 34,Non-collision events:  Overturn/rollover,Shoulder,Non-collision (single vehicle),Ran off road - left,None Indicated,None apparent,Daylight,Dry,Clear,None apparent,Non-intersection:  Non-junction/no special feature,Paved,N/A,Property Damage Only,0,0,0,0,0,0,5000,1,2,Southbound (SB),POINT (-92.360786649603 41.006127312325)
20160918121,20160012141,04/27/2016,04-April,4-Wednesday,10:15,1000 Hours,District 1 (Central),DES MOINES,POLK,US 6,US 6/EUCLID AVE MEASURING 1362 FEET WEST FROM 16TH ST AND US 6/EUCLID AVE,Collision with fixed object:  Other fixed object (explain in narrative),On Roadway,Non-collision (single vehicle),Driver Distraction:  Reaching for object(s)/fallen object(s),None Indicated,None apparent,Daylight,Wet,Rain,None apparent,Non-intersection:  Non-junction/no special feature,Paved,N/A,Property Damage Only,0,0,0,0,0,0,3500,1,1,Southbound (SB),POINT (-93.644222500611 41.627664520269)
20160918372,16-1144,04/28/2016,04-April,5-Thursday,22:20,2200 Hours,District 1 (Central),FORT DODGE,WEBSTER,77,S 20TH ST AND 5TH AVE S,Collision with:  Vehicle in traffic,On Roadway,Rear-end (front to rear),Driving too fast for conditions,None Indicated,None apparent,Dark - roadway lighted,Dry,Cloudy,None apparent,Intersection:  Four-way intersection,Paved,N/A,Property Damage Only,0,0,0,0,0,0,4000,2,5,Southbound (SB),POINT (-94.170787230491 42.501079334733)
20160918426,2016-4513,04/28/2016,04-April,5-Thursday,15:12,1500 Hours,District 3 (Northwest),,SAC,US 71,US 71/370TH ST AND US 71/YANKEE AVE,Collision with:  Vehicle in traffic,On Roadway,Other (explain in narrative),Crossed centerline (undivided),None Indicated,None apparent,Daylight,Dry,Cloudy,None apparent,Intersection:  T-intersection,Paved,N/A,Property Damage Only,0,0,0,0,0,0,23000,2,2,Northbound (NB),POINT (-94.877645540202 42.253144310557)
20160918732,AP16-0097,04/29/2016,04-April,6-Friday,18:30,1800 Hours,District 6 (East Central),ANAMOSA,JONES,77,E 2ND ST,Collision with:  Vehicle in traffic,On Roadway,Rear to side,Other (explain in narrative):  No improper action,None Indicated,None apparent,Daylight,Dry,Clear,None apparent,"Non-intersection:  Driveway access (related, not in)",Paved,N/A,Property Damage Only,0,0,0,0,0,0,3750,2,1,Southbound (SB),POINT (-91.272833126487 42.105749467543)
20160918595,20160012496,04/30/2016,04-April,7-Saturday,15:43,1500 Hours,District 1 (Central),DES MOINES,POLK,77,E KENYON AVE AND S UNION ST,Collision with:  Vehicle in traffic,On Roadway,Broadside (front to side),FTYROW:  From stop sign,None Indicated,None apparent,Daylight,Wet,Rain,None apparent,Intersection:  Four-way intersection,Paved,N/A,Property Damage Only,0,0,0,0,0,0,2000,2,2,Southbound (SB),POINT (-93.616034956115 41.535521611911)
20160918849,2016-003684,04/30/2016,04-April,7-Saturday,13:31,1300 Hours,District 6 (East Central),DUBUQUE,DUBUQUE,77,STATE 32/NORTHWEST ARTERIAL,Collision with:  Vehicle in traffic,On Roadway,Rear-end (front to rear),Driver Distraction:  Inattentive/lost in thought,None Indicated,None apparent,Daylight,Wet,Rain,None apparent,Non-intersection:  Non-junction/no special feature,Paved,N/A,Property Damage Only,0,0,0,0,0,0,3000,2,3,Northbound (NB),POINT (-90.740714492294 42.498320731416)
20160918673,16-2067,05/01/2016,05-May,1-Sunday,11:15,1100 Hours,District 4 (Southwest),WAUKEE,DALLAS,77,BOONE DR AND UNIVERSITY AVE AND 92ND ST,Collision with:  Vehicle in traffic,On Roadway,Broadside (front to side),FTYROW:  Making right turn on red signal,None Indicated,None apparent,Daylight,Wet,Cloudy,None apparent,Intersection:  Four-way intersection,Paved,N/A,Property Damage Only,0,0,0,0,0,0,4500,2,2,Eastbound (EB),POINT (-93.833644643577 41.600416170983)
20160918893,16-2083,05/02/2016,05-May,2-Monday,09:47,0900 Hours,District 1 (Central),WEST DES MOINES,POLK,I-235,"2100 BLOCK I-235, WEST BOUND",Collision with:  Animal,On Roadway,Non-collision (single vehicle),Animal,None Indicated,None apparent,Daylight,Dry,Clear,None apparent,Non-intersection:  Non-junction/no special feature,Paved,N/A,Property Damage Only,0,0,0,0,0,0,2500,1,2,Westbound (WB),POINT (-93.731589194715 41.593238617896)
20160919577,162402,05/03/2016,05-May,3-Tuesday,21:05,2100 Hours,District 1 (Central),,HARDIN,77,MM AVE AND 115TH ST,Non-collision events:  Overturn/rollover,On Roadway,Non-collision (single vehicle),Ran off road - right,None Indicated,None apparent,Dark - roadway not lighted,Gravel,Clear,Ruts/holes/bumps,Non-intersection:  Non-junction/no special feature,Unpaved,N/A,Property Damage Only,0,0,0,0,0,0,2000,1,1,Northbound (NB),POINT (-93.222944605196 42.53595891989)
20160918980,16-017681,05/03/2016,05-May,3-Tuesday,07:55,0700 Hours,District 4 (Southwest),COUNCIL BLUFFS,POTTAWATTAMIE,77,2600 BLK OF BROADWAY,Collision with:  Vehicle in traffic,On Roadway,Rear-end (front to rear),Lost Control,None Indicated,None apparent,Daylight,Dry,Clear,None apparent,Non-intersection:  Non-junction/no special feature,Paved,N/A,Property Damage Only,0,0,0,0,0,0,3200,2,5,Southbound (SB),POINT (-95.885162327251 41.261906726319)
20160919233,20160012985,05/04/2016,05-May,4-Wednesday,20:11,2000 Hours,District 1 (Central),DES MOINES,POLK,77,UNIVERSITY AVE MEASURING 44 FEET EAST FROM UNIVERSITY AVE AND 19TH ST,Collision with:  Vehicle in traffic,On Roadway,Rear-end (front to rear),Unknown,None Indicated,None apparent,Dark - roadway lighted,Dry,Clear,None apparent,Intersection:  Four-way intersection,Paved,N/A,Possible/Unknown,0,1,0,0,1,0,5000,2,3,Westbound (WB),POINT (-93.642403466958 41.600418891587)
20160919390,16-011119,05/05/2016,05-May,5-Thursday,15:42,1500 Hours,District 5 (Southeast),,MAHASKA,IA-163,STATE 163/IOWA 163,Collision with:  Vehicle in traffic,On Roadway,Rear-end (front to rear),Followed too close,None Indicated,None apparent,Daylight,Dry,Clear,None apparent,"Non-intersection:  Driveway access (related, not in)",Paved,N/A,Property Damage Only,0,0,0,0,0,0,10000,2,2,Southbound (SB),POINT (-92.747350056365 41.345231760671)
20160919376,16-2988,05/05/2016,05-May,5-Thursday,20:53,2000 Hours,District 1 (Central),,POLK,77,NE BROADWAY AVE,Collision with:  Vehicle in traffic,On Roadway,Rear-end (front to rear),Driver Distraction:  Other interior distraction,None Indicated,None apparent,Dark - roadway lighted,Dry,Clear,None apparent,Non-intersection:  Non-junction/no special feature,Paved,N/A,Property Damage Only,0,0,0,0,0,0,2200,2,2,Southbound (SB),POINT (-93.609598639394 41.644048255681)
20160919903,16-002177,05/06/2016,05-May,6-Friday,16:14,1600 Hours,District 1 (Central),AMES,STORY,77,UNIVERSITY BLVD AND IOWA STATE UNIVERSITY,Collision with:  Vehicle in traffic,On Roadway,Rear-end (front to rear),Followed too close,None Indicated,None apparent,Daylight,Dry,Clear,None apparent,Non-intersection:  Non-junction/no special feature,Paved,N/A,Possible/Unknown,0,1,0,0,1,0,9000,3,3,Northbound (NB),POINT (-93.63941281907 42.006953578806)
20160920845,16013274,05/06/2016,05-May,6-Friday,12:56,1200 Hours,District 5 (Southeast),,LEE,77,8TH ST AND STATE 16/IOWA 16 AND ACADEMY AVE,Collision with:  Other non-fixed object (explain in narrative),On Roadway,Non-collision (single vehicle),Lost Control,None Indicated,None apparent,Daylight,Dry,Clear,None apparent,Non-intersection:  Non-junction/no special feature,Unpaved,N/A,Property Damage Only,0,0,0,0,0,0,2000,1,1,Northbound (NB),POINT (-91.338388393117 40.741773694993)
20160921188,201600020706,05/07/2016,05-May,7-Saturday,11:36,1100 Hours,District 5 (Southeast),OTTUMWA,WAPELLO,77,W MARY ST AND S FERRY ST,Collision with:  Vehicle in traffic,On Roadway,Rear-end (front to rear),Followed too close,None Indicated,None apparent,Daylight,Dry,Clear,None apparent,Non-intersection:  Non-junction/no special feature,Paved,N/A,Minor Injury,0,2,0,1,1,0,1700,2,3,Southbound (SB),POINT (-92.433683159838 40.994752838578)
20160919664,16-001837,05/08/2016,05-May,1-Sunday,11:53,1100 Hours,District 1 (Central),,POLK,IA-415,3900 BLK NW POLK CITY DR,Collision with:  Vehicle in traffic,On Roadway,Rear-end (front to rear),Swerving/Evasive Action,None Indicated,None apparent,Daylight,Dry,Cloudy,None apparent,Non-intersection:  Non-junction/no special feature,Paved,N/A,Property Damage Only,0,0,0,0,0,0,3700,2,2,Northbound (NB),POINT (-93.671289068905 41.738206832066)
20160920982,2016011810,05/09/2016,05-May,2-Monday,16:33,1600 Hours,District 2 (Northeast),,BUTLER,IA-57,"IOWA 57, 200' WEST OF NICKLAUS DR  WB",Collision with:  Vehicle in traffic,On Roadway,Rear-end (front to rear),Exceeded authorized speed,None Indicated,None apparent,Daylight,Dry,Cloudy,None apparent,Non-intersection:  Non-junction/no special feature,Paved,N/A,Major Injury,0,2,1,1,0,0,25000,2,2,Southbound (SB),POINT (-92.762178020347 42.570340131234)
20160920171,16-018804,05/10/2016,05-May,3-Tuesday,15:30,1500 Hours,District 4 (Southwest),COUNCIL BLUFFS,POTTAWATTAMIE,77,DENMARK DR AND MCDERMOTT ST,Collision with:  Vehicle in traffic,On Roadway,Broadside (front to side),Unknown,None Indicated,None apparent,Daylight,Dry,Clear,None apparent,Non-intersection:  Non-junction/no special feature,Paved,N/A,Property Damage Only,0,0,0,0,0,0,2000,2,2,Northbound (NB),POINT (-95.835086104658 41.220398345325)
20160920994,PDI20160469,05/10/2016,05-May,3-Tuesday,17:14,1700 Hours,District 1 (Central),GRINNELL,POWESHIEK,77,STATE 146/WEST ST AND LANG CREEK AVE,Collision with:  Vehicle in traffic,On Roadway,Rear-end (front to rear),Ran Traffic Signal,None Indicated,None apparent,Daylight,Dry,Clear,None apparent,Intersection:  Four-way intersection,Paved,N/A,Property Damage Only,0,0,0,0,0,0,6000,2,2,Southbound (SB),POINT (-92.727146483891 41.699762186919)
20160920318,16-2257,05/11/2016,05-May,4-Wednesday,15:56,1500 Hours,District 1 (Central),WEST DES MOINES,POLK,77,1200 BLK VALLEY WEST DRIVE,Collision with:  Vehicle in traffic,On Roadway,Broadside (front to side),Unknown,None Indicated,None apparent,Daylight,Dry,Cloudy,None apparent,Intersection:  Four-way intersection,Paved,N/A,Property Damage Only,0,0,0,0,0,0,3100,2,3,Southbound (SB),POINT (-93.751829995171 41.589045779052)
20160920993,4516-027,05/12/2016,05-May,5-Thursday,19:09,1900 Hours,District 2 (Northeast),,HOWARD,IA-9,STATE 9/IOWA 9,Collision with:  Animal,On Roadway,Non-collision (single vehicle),Animal,None Indicated,Animal in roadway,N/A,N/A,N/A,N/A,N/A,Paved,N/A,Property Damage Only,0,0,0,0,0,0,5000,1,2,Southbound (SB),POINT (-92.215233450567 43.370954328604)
20160920480,20160013830,05/12/2016,05-May,5-Thursday,13:13,1300 Hours,District 1 (Central),DES MOINES,POLK,77,LAUREL ST AND 6TH AVE,Other (explain in narrative),On Roadway,Non-collision (single vehicle),FTYROW:  Other (explain in narrative),None Indicated,None apparent,Daylight,Dry,Cloudy,None apparent,Intersection:  Four-way intersection,Paved,N/A,Possible/Unknown,0,1,0,0,1,0,0,1,1,Northbound (NB),POINT (-93.625658543075 41.597403743858)
20160922746,2016012192,05/13/2016,05-May,6-Friday,13:15,1300 Hours,District 1 (Central),,POLK,I-80,INTERSTATE 80/35 @ 132.7 MM,Collision with fixed object:  Concrete traffic barrier (median or right side),On Roadway,Non-collision (single vehicle),Ran off road - left,None Indicated,Weather conditions,Daylight,Wet,Rain,"Surface condition (e.g., wet, icy)",Non-intersection:  Non-junction/no special feature,Paved,N/A,Property Damage Only,0,0,0,0,0,0,2000,1,1,Southbound (SB),POINT (-93.673481608578 41.651032533061)