Iowa DOT Case Number,Law Enforcement Case Number,Date of Crash,Month of Crash,Day of Week,Time of Crash,Hour,DOT District,City Name,County Name,Route with System,Location Description,First Harmful Event,Location of First Harmful Event,Manner of Crash/Collision,Major Cause,Drug or Alcohol ,Environmental Conditions,Light Conditions,Surface Conditions,Weather Conditions,Roadway Contribution,Roadway Type,Roadway Surface,Work Zone,Crash Severity,Number of Fatalities,Number of Injuries,Number of Major Injuries,Number of Minor Injuries,Number of Possible Injuries,Number of Unknown Injuries,Amount of Property Damage,Number of Vehicles Involved,Total Number of Occupants,Travel Direction,Location
20160920734,16-1304,05/14/2016,05-May,7-Saturday,11:30,1100 Hours,District 1 (Central),FORT DODGE,WEBSTER,77,1ST AVE N MEASURING 175 FEET WEST FROM N 9TH ST AND 1ST AVE N,Collision with:  Parked motor vehicle,On Roadway,Rear-end (front to rear),Other (explain in narrative):  Other,None Indicated,None apparent,Daylight,Dry,Clear,None apparent,Non-intersection:  Non-junction/no special feature,Paved,N/A,Property Damage Only,0,0,0,0,0,0,1500,2,1,Southbound (SB),POINT (-94.187069917261 42.506153137577)
20160921349,SOI20160154,05/14/2016,05-May,7-Saturday,20:46,2000 Hours,District 1 (Central),,POWESHIEK,IA-21,STATE 21/IOWA 21,Collision with:  Animal,On Roadway,Non-collision (single vehicle),Animal,None Indicated,None apparent,Dark - roadway lighted,Dry,Clear,None apparent,Non-intersection:  Non-junction/no special feature,Paved,N/A,Property Damage Only,0,0,0,0,0,0,2000,1,2,Northbound (NB),POINT (-92.355723195791 41.535366851672)
20160920822,16-1317,05/15/2016,05-May,1-Sunday,11:15,1100 Hours,District 1 (Central),FORT DODGE,WEBSTER,77,1100 BLOCK 14TH ST SW,Collision with fixed object:  Utility pole/light support,On Roadway,Non-collision (single vehicle),Ran off road - left,None Indicated,None apparent,Daylight,Dry,Clear,None apparent,Non-intersection:  Non-junction/no special feature,Paved,N/A,Property Damage Only,0,0,0,0,0,0,3500,1,1,Southbound (SB),POINT (-94.180969870494 42.493752264893)
20160921149,2016012346,05/16/2016,05-May,2-Monday,03:04,0300 Hours,District 6 (East Central),,CEDAR,I-80,I-80 WB 262 MM,Collision with fixed object:  Cable barrier,Median,Non-collision (single vehicle),Ran off road - left,None Indicated,None apparent,Dark - roadway not lighted,Dry,Clear,None apparent,Non-intersection:  Non-junction/no special feature,Paved,N/A,Property Damage Only,0,0,0,0,0,0,11000,1,2,Westbound (WB),POINT (-91.201003469856 41.657839797343)
20160921797,16-010876,05/17/2016,05-May,3-Tuesday,12:00,1200 Hours,District 5 (Southeast),,MARION,IA-92,STATE 92/IOWA 92,Collision with:  Animal,On Roadway,Non-collision (single vehicle),Animal,None Indicated,Animal in roadway,N/A,N/A,N/A,N/A,N/A,Paved,N/A,Property Damage Only,0,0,0,0,0,0,2000,1,1,Southbound (SB),POINT (-93.024272763074 41.302981013124)
20160922400,16-1134,05/17/2016,05-May,3-Tuesday,08:45,0800 Hours,District 1 (Central),URBANDALE,POLK,I-80,6600 BLK I-80 WB,Collision with:  Vehicle in traffic,On Roadway,"Sideswipe, same direction",Improper or erratic lane changing,None Indicated,None apparent,Daylight,Dry,Clear,None apparent,Non-intersection:  Non-junction/no special feature,Paved,N/A,Property Damage Only,0,0,0,0,0,0,4000,2,2,Southbound (SB),POINT (-93.70583804656 41.652459674798)
20160921640,16-002401,05/18/2016,05-May,4-Wednesday,14:03,1400 Hours,District 1 (Central),AMES,STORY,US 69,US 69/GRAND AVE AND 16TH ST,Collision with:  Vehicle in traffic,On Roadway,"Angle, oncoming left turn",FTYROW:  From stop sign,None Indicated,None apparent,Daylight,Dry,Clear,None apparent,Intersection:  Four-way intersection,Paved,N/A,Minor Injury,0,1,0,1,0,0,3900,2,2,Northbound (NB),POINT (-93.62042064452 42.038355653369)
20160921607,20160014589,05/19/2016,05-May,5-Thursday,15:55,1500 Hours,District 1 (Central),DES MOINES,POLK,77,DAY ST AND 5TH AVE,Collision with:  Vehicle in traffic,On Roadway,Broadside (front to side),Ran Traffic Signal,None Indicated,None apparent,Daylight,Dry,Clear,None apparent,Intersection:  Intersection with ramp,Paved,N/A,Possible/Unknown,0,1,0,0,1,0,9000,2,2,Northbound (NB),POINT (-93.624650928872 41.59619324588)
20160925314,,05/19/2016,05-May,5-Thursday,15:20,1500 Hours,District 6 (East Central),VINTON,BENTON,77,E 13TH ST and S 2ND AVE,Collision with:  Vehicle in traffic,On Roadway,Rear-end (front to rear),Unknown,None Indicated,N/A,Daylight,Dry,Clear,N/A,Non-intersection:  Other non-intersection (explain in narrative),Paved,N/A,Minor Injury,0,1,0,1,0,0,0,2,3,Northbound (NB),POINT (-92.023026726053 42.159207776642)
20160921758,20160014713,05/20/2016,05-May,6-Friday,19:25,1900 Hours,District 1 (Central),DES MOINES,POLK,77,23RD ST AND LINCOLN AVE,Collision with:  Vehicle in traffic,On Roadway,Rear-end (front to rear),Lost Control,Drug,None apparent,Daylight,Dry,Clear,None apparent,Non-intersection:  Non-junction/no special feature,Paved,N/A,Property Damage Only,0,0,0,0,0,0,6000,2,1,Southbound (SB),POINT (-93.64813588628 41.613258030167)
20160921745,CA160012,05/20/2016,05-May,6-Friday,03:10,0300 Hours,District 6 (East Central),CAMANCHE,CLINTON,77,DUNN RD,Collision with fixed object:  Ditch,Shoulder,Non-collision (single vehicle),Ran off road - right,None Indicated,None apparent,Dark - roadway not lighted,Dry,Clear,None apparent,Non-intersection:  Non-junction/no special feature,Paved,N/A,Property Damage Only,0,0,0,0,0,0,1500,1,1,Northbound (NB),POINT (-90.262559814971 41.812882645221)
20160921838,20160014801,05/21/2016,05-May,7-Saturday,15:30,1500 Hours,District 1 (Central),DES MOINES,POLK,77,E 33RD ST MEASURING 206 FEET SOUTH FROM E 33RD ST AND E JEFFERSON AVE,Collision with:  Vehicle in traffic,On Roadway,Rear-end (front to rear),Followed too close,None Indicated,None apparent,Daylight,Dry,Cloudy,None apparent,Non-intersection:  Non-junction/no special feature,Paved,N/A,Property Damage Only,0,0,0,0,0,0,7500,3,4,Northbound (NB),POINT (-93.551485661568 41.60948387691)
20160924852,2016013093,05/22/2016,05-May,1-Sunday,16:03,1600 Hours,District 1 (Central),URBANDALE,POLK,I-80,MERLE HAY RD SB / EB I-80/35 OFF RAMP,Collision with:  Vehicle in traffic,On Roadway,Broadside (front to side),Other (explain in narrative):  Other,None Indicated,None apparent,Daylight,Dry,Clear,None apparent,Intersection:  Five points or more,Paved,N/A,Property Damage Only,0,0,0,0,0,0,2200,2,2,Southbound (SB),POINT (-93.697671017646 41.651293574311)
20160923185,16-013556,05/22/2016,05-May,1-Sunday,17:40,1700 Hours,District 2 (Northeast),,WORTH,77,S014 / BLUEBILL,Non-collision events:  Overturn/rollover,On Roadway,Non-collision (single vehicle),Ran off road - left,None Indicated,None apparent,Daylight,Dry,Cloudy,None apparent,Non-intersection:  Other non-intersection (explain in narrative),Paved,N/A,Possible/Unknown,0,1,0,0,1,0,10000,1,1,Northbound (NB),POINT (-93.458644837142 43.3442999508)
20160922118,16-020588,05/23/2016,05-May,2-Monday,15:50,1500 Hours,District 4 (Southwest),COUNCIL BLUFFS,POTTAWATTAMIE,I-29,S 24TH ST AND INTERSTATE 29 AND INTERSTATE 29,Collision with:  Vehicle in traffic,On Roadway,"Angle, oncoming left turn",Ran Traffic Signal,None Indicated,None apparent,Daylight,Dry,Clear,None apparent,Intersection:  Four-way intersection,Paved,N/A,Property Damage Only,0,0,0,0,0,0,6000,2,3,Northbound (NB),POINT (-95.879249258522 41.233549785493)
20160922825,16040985,05/24/2016,05-May,3-Tuesday,15:57,1500 Hours,District 2 (Northeast),CEDAR FALLS,BLACK HAWK,IA-57,W 1ST STREET/DIVISION,Collision with:  Vehicle in traffic,On Roadway,Rear-end (front to rear),Other (explain in narrative):  Other,None Indicated,None apparent,Daylight,Dry,Clear,None apparent,Intersection:  Other intersection (explain in narrative),Paved,N/A,Property Damage Only,0,0,0,0,0,0,3500,3,4,Southbound (SB),POINT (-92.460937572146 42.537861800327)
20160926139,16-15301,05/24/2016,05-May,3-Tuesday,06:02,0600 Hours,District 5 (Southeast),,LEE,77,X038/PERKINS RD,Collision with:  Animal,On Roadway,Non-collision (single vehicle),Animal,None Indicated,Animal in roadway,N/A,N/A,N/A,N/A,N/A,Paved,N/A,Property Damage Only,0,0,0,0,0,0,1500,1,1,Northbound (NB),POINT (-91.28761857141 40.739797336754)
20160923215,80-16-161,05/25/2016,05-May,4-Wednesday,13:45,1300 Hours,District 1 (Central),HUMBOLDT,HUMBOLDT,77,8TH AVE N,Collision with:  Vehicle in traffic,On Roadway,Broadside (front to side),FTYROW:  From yield sign,None Indicated,None apparent,Daylight,Dry,Clear,None apparent,Intersection:  Four-way intersection,Paved,N/A,Minor Injury,0,2,0,1,1,0,5000,2,3,Southbound (SB),POINT (-94.225678005291 42.729957086444)
20160922804,16-021038,05/26/2016,05-May,5-Thursday,14:55,1400 Hours,District 4 (Southwest),COUNCIL BLUFFS,POTTAWATTAMIE,77,30TH AVE AND DIAL DR,Collision with:  Vehicle in traffic,On Roadway,Broadside (front to side),FTYROW:  From stop sign,None Indicated,None apparent,Daylight,Dry,Cloudy,None apparent,Intersection:  Four-way intersection,Paved,N/A,Minor Injury,0,2,0,2,0,0,7400,3,4,Southbound (SB),POINT (-95.849524568116 41.230678246554)
20160923093,16009061,05/26/2016,05-May,5-Thursday,12:11,1200 Hours,District 2 (Northeast),MASON CITY,CERRO GORDO,US 65,12TH ST NW AND 12TH PL AND US 65/N FEDERAL AVE,Collision with:  Vehicle in traffic,On Roadway,Rear-end (front to rear),Driver Distraction:  Reaching for object(s)/fallen object(s),None Indicated,None apparent,Daylight,Dry,Clear,None apparent,Intersection:  Four-way intersection,Paved,N/A,Property Damage Only,0,0,0,0,0,0,1700,2,2,Northbound (NB),POINT (-93.201050671954 43.162724957754)
20160923074,16-2547,05/27/2016,05-May,6-Friday,19:36,1900 Hours,District 1 (Central),WEST DES MOINES,POLK,77,"S 51ST ST AND MILLS CIVIC PKWY, WDM",Collision with:  Vehicle in traffic,On Roadway,Rear-end (front to rear),Followed too close,None Indicated,None apparent,Daylight,Dry,Clear,None apparent,Non-intersection:  Non-junction/no special feature,Paved,N/A,Property Damage Only,0,0,0,0,0,0,1700,2,3,Northbound (NB),POINT (-93.772781891226 41.559182969135)
20160923810,DPD1601368,05/27/2016,05-May,6-Friday,08:06,0800 Hours,District 2 (Northeast),DECORAH,WINNESHIEK,77,,Collision with:  Vehicle in traffic,On Roadway,Rear-end (front to rear),Driver Distraction:  Other interior distraction,None Indicated,None apparent,Daylight,Wet,Rain,None apparent,Non-intersection:  Non-junction/no special feature,Paved,N/A,Property Damage Only,0,0,0,0,0,0,10000,3,5,Northbound (NB),POINT (-91.790908832628 43.299163626096)
20160923344,16-18296,05/28/2016,05-May,7-Saturday,19:02,1900 Hours,District 3 (Northwest),SIOUX CITY,WOODBURY,77,HAMILTON BLVD AND W 7TH ST,Collision with:  Vehicle in traffic,On Roadway,"Angle, oncoming left turn",FTYROW:  Making left turn,None Indicated,None apparent,Daylight,Dry,Cloudy,None apparent,Intersection:  Four-way intersection,Paved,N/A,Minor Injury,0,1,0,1,0,0,7000,2,4,Southbound (SB),POINT (-96.418497529173 42.503233500886)
20160923236,W16-042638,05/29/2016,05-May,1-Sunday,18:09,1800 Hours,District 2 (Northeast),WATERLOO,BLACK HAWK,77,W RIDGEWAY AVE AND ANSBOROUGH AVE,Collision with:  Vehicle in traffic,On Roadway,"Sideswipe, same direction",Improper or erratic lane changing,None Indicated,None apparent,Daylight,Dry,Clear,None apparent,Non-intersection:  Non-junction/no special feature,Paved,N/A,Property Damage Only,0,0,0,0,0,0,10000,2,5,Northbound (NB),POINT (-92.376435392582 42.469349080746)
20160923166,16-3563,05/29/2016,05-May,1-Sunday,04:40,0400 Hours,District 1 (Central),,POLK,77,SE 6 AVE,Collision with fixed object:  Ditch,Roadside,Non-collision (single vehicle),Ran off road - left,Under Influence of Alcohol/Drugs/Medications,None apparent,Dark - roadway not lighted,Dry,Clear,None apparent,Non-intersection:  Non-junction/no special feature,Paved,N/A,Property Damage Only,0,0,0,0,0,0,3000,1,1,Southbound (SB),POINT (-93.406612742324 41.578589108211)
20160923310,161751,05/30/2016,05-May,2-Monday,22:15,2200 Hours,District 3 (Northwest),,CRAWFORD,77,DELOIT BLVD,Collision with fixed object:  Ditch,On Roadway,Non-collision (single vehicle),Ran off road - left,None Indicated,None apparent,Dark - roadway not lighted,Gravel,Clear,None apparent,Non-intersection:  Non-junction/no special feature,Unpaved,N/A,Property Damage Only,0,0,0,0,0,0,5000,1,2,Northbound (NB),POINT (-95.350192276853 42.046918749639)
20160923497,16-004899,05/31/2016,05-May,3-Tuesday,10:00,1000 Hours,District 2 (Northeast),,CLAYTON,IA-13,STATE 13/IOWA 13,Collision with fixed object:  Embankment,On Roadway,Non-collision (single vehicle),FTYROW:  Other (explain in narrative),None Indicated,None apparent,Daylight,Dry,Clear,None apparent,Non-intersection:  Driveway access (within),Paved,N/A,Property Damage Only,0,0,0,0,0,0,7700,1,1,Northbound (NB),POINT (-91.380994233893 42.879689544332)
20160924079,2016-004793,06/01/2016,06-June,4-Wednesday,17:06,1700 Hours,District 6 (East Central),DUBUQUE,DUBUQUE,77,BENNETT ST,Collision with:  Vehicle in traffic,On Roadway,"Sideswipe, same direction",Passing:  Other passing (explain in narrative),None Indicated,None apparent,Daylight,Dry,Clear,None apparent,"Non-intersection:  Driveway access (related, not in)",Paved,N/A,Property Damage Only,0,0,0,0,0,0,3500,2,4,Southbound (SB),POINT (-90.694039659675 42.496156925616)
20160925096,06-16-013,06/01/2016,06-June,4-Wednesday,15:44,1500 Hours,District 3 (Northwest),LE MARS,PLYMOUTH,77,12TH ST SW AND 3RD AVE SW,Collision with:  Vehicle in traffic,On Roadway,Rear-end (front to rear),Followed too close,None Indicated,None apparent,Daylight,Dry,Clear,None apparent,Non-intersection:  Non-junction/no special feature,Paved,N/A,Minor Injury,0,1,0,1,0,0,7000,2,2,Northbound (NB),POINT (-96.171147810774 42.778740540071)
20160924368,H16-43941,06/02/2016,06-June,5-Thursday,22:36,2200 Hours,District 2 (Northeast),WATERLOO,BLACK HAWK,US 20,US 20,Collision with:  Animal,On Roadway,Non-collision (single vehicle),Animal,None Indicated,None apparent,Dark - roadway not lighted,Dry,Clear,None apparent,Non-intersection:  Non-junction/no special feature,Paved,N/A,Property Damage Only,0,0,0,0,0,0,4000,1,1,Southbound (SB),POINT (-92.424423212702 42.462818675365)
20160924032,16-002257,06/02/2016,06-June,5-Thursday,16:50,1600 Hours,District 1 (Central),ANKENY,POLK,77,1200 BLK E 1ST ST,Collision with:  Vehicle in traffic,On Roadway,Rear-end (front to rear),Other (explain in narrative):  Other,None Indicated,None apparent,Daylight,Dry,Clear,None apparent,Intersection:  Four-way intersection,Paved,N/A,Possible/Unknown,0,1,0,0,1,0,2000,2,2,Southbound (SB),POINT (-93.576002522727 41.731851645221)
20160925541,16044272,06/03/2016,06-June,6-Friday,22:42,2200 Hours,District 2 (Northeast),CEDAR FALLS,BLACK HAWK,IA-27,W VIKING RD and NB/EB Iowa 0027 / IA 27 and E VIKING RD,Collision with:  Vehicle in traffic,On Roadway,"Angle, oncoming left turn",FTYROW:  Making left turn,None Indicated,None apparent,Dark - roadway lighted,Wet,Rain,None apparent,Intersection:  Four-way intersection,Paved,N/A,Property Damage Only,0,0,0,0,0,0,7000,2,2,Northbound (NB),POINT (-92.445704096069 42.484033356921)
20160924667,16003541,06/04/2016,06-June,7-Saturday,09:11,0900 Hours,District 2 (Northeast),,MITCHELL,77,NOBLE AVE,Collision with fixed object:  Ditch,On Roadway,Non-collision (single vehicle),Driver Distraction:  Other interior distraction,None Indicated,None apparent,Daylight,Gravel,Clear,None apparent,Non-intersection:  Non-junction/no special feature,Unpaved,N/A,Possible/Unknown,0,1,0,0,1,0,3500,1,1,Northbound (NB),POINT (-92.772018235139 43.219953895351)
20160924875,2016014216,06/04/2016,06-June,7-Saturday,01:55,0100 Hours,District 4 (Southwest),,MILLS,I-29,INTERSTATE 29 SB 38.45 MM,Collision with fixed object:  Cable barrier,Median,Non-collision (single vehicle),Lost Control,None Indicated,Animal in roadway,Dark - roadway not lighted,Dry,Clear,None apparent,Non-intersection:  Non-junction/no special feature,Paved,N/A,Property Damage Only,0,0,0,0,0,0,3121,1,1,Northbound (NB),POINT (-95.828836515344 41.084697933327)
20160925009,2016-08403,06/05/2016,06-June,1-Sunday,15:42,1500 Hours,District 6 (East Central),CEDAR RAPIDS,LINN,77,29TH AVE SW AND WILEY BLVD SW,Collision with:  Vehicle in traffic,On Roadway,Broadside (front to side),FTYROW:  From stop sign,None Indicated,None apparent,Daylight,Dry,Clear,None apparent,Intersection:  T-intersection,Paved,N/A,Property Damage Only,0,0,0,0,0,0,2500,2,2,Northbound (NB),POINT (-91.721326951281 41.949077614894)
20160924628,16-19457,06/06/2016,06-June,2-Monday,09:44,0900 Hours,District 3 (Northwest),SIOUX CITY,WOODBURY,77,CASSELMAN ST AND W 3RD ST,Collision with:  Vehicle in traffic,On Roadway,"Sideswipe, opposite direction",Exceeded authorized speed,None Indicated,None apparent,Daylight,Dry,Clear,None apparent,Intersection:  Four-way intersection,Unpaved,N/A,Minor Injury,0,1,0,1,0,0,9500,2,2,Southbound (SB),POINT (-96.442909274866 42.498810063173)
20160924649,2016-004955,06/06/2016,06-June,2-Monday,13:11,1300 Hours,District 6 (East Central),DUBUQUE,DUBUQUE,77,JACKSON ST AND E 17TH ST,Collision with:  Vehicle in traffic,On Roadway,Broadside (front to side),FTYROW:  From stop sign,None Indicated,None apparent,Daylight,Dry,Cloudy,None apparent,Intersection:  Four-way intersection,Paved,N/A,Possible/Unknown,0,1,0,0,1,0,8000,2,4,Southbound (SB),POINT (-90.667189745265 42.509391242235)
20160924781,20160016735,06/07/2016,06-June,3-Tuesday,16:45,1600 Hours,District 1 (Central),NORWALK,POLK,IA-28,STATE 28/IOWA 28,Collision with:  Vehicle in traffic,On Roadway,Rear-end (front to rear),Followed too close,None Indicated,None apparent,Daylight,Dry,Clear,None apparent,Intersection:  Intersection with ramp,Paved,N/A,Property Damage Only,0,0,0,0,0,0,4000,2,2,Eastbound (EB),POINT (-93.681596690614 41.513840346097)
20160925025,16-0802,06/08/2016,06-June,4-Wednesday,06:42,0600 Hours,District 1 (Central),CLIVE,POLK,I-35,INTERSTATE 35,Collision with fixed object:  Concrete traffic barrier (median or right side),On Roadway,Non-collision (single vehicle),Lost Control,None Indicated,None apparent,Daylight,Dry,Clear,None apparent,Non-intersection:  Non-junction/no special feature,Paved,N/A,Property Damage Only,0,0,0,0,0,0,2000,1,1,Northbound (NB),POINT (-93.776897361004 41.602398932779)
20160925703,CP16-1472,06/08/2016,06-June,4-Wednesday,20:25,2000 Hours,District 2 (Northeast),CLARION,WRIGHT,77,1ST ST NE AND 1ST AVE NE,Collision with:  Re-entering roadway,In parking lane/zone,Rear to rear,Other (explain in narrative):  No improper action,None Indicated,None apparent,Daylight,Dry,Clear,None apparent,Non-intersection:  Other non-intersection (explain in narrative),Paved,N/A,Property Damage Only,0,0,0,0,0,0,4000,2,1,Southbound (SB),POINT (-93.73160522605 42.73260316059)
20160925139,20160016924,06/09/2016,06-June,5-Thursday,09:08,0900 Hours,District 1 (Central),DES MOINES,POLK,77,FOREST AVE,Collision with:  Vehicle in traffic,On Roadway,Rear-end (front to rear),Followed too close,None Indicated,None apparent,Daylight,Dry,Clear,None apparent,Non-intersection:  Non-junction/no special feature,Paved,N/A,Property Damage Only,0,0,0,0,0,0,8000,2,2,Southbound (SB),POINT (-93.625001888077 41.603964580042)
20160926293,1600000635,06/10/2016,06-June,6-Friday,02:30,0200 Hours,District 1 (Central),,MARSHALL,US 30,190 MM 30 WB,Collision with:  Animal,On Roadway,Non-collision (single vehicle),Animal,None Indicated,Animal in roadway,N/A,N/A,N/A,N/A,N/A,Paved,N/A,Property Damage Only,0,0,0,0,0,0,5000,1,1,Westbound (WB),POINT (-92.828363407537 42.006903863052)
20160927401,,06/10/2016,06-June,6-Friday,10:51,1000 Hours,District 5 (Southeast),FORT MADISON,LEE,77,AVE L and 20TH ST,Collision with:  Vehicle in traffic,On Roadway,Rear-end (front to rear),Followed too close,None Indicated,None apparent,Daylight,Dry,Clear,None apparent,Intersection:  T-intersection,Paved,N/A,Property Damage Only,0,0,0,0,0,0,0,2,2,Southbound (SB),POINT (-91.333544537866 40.627300288316)
20160927349,16004154,06/11/2016,06-June,7-Saturday,22:13,2200 Hours,District 2 (Northeast),,CERRO GORDO,US 18,US 18,Collision with:  Animal,On Roadway,Non-collision (single vehicle),Animal,None Indicated,Animal in roadway,N/A,N/A,N/A,N/A,N/A,Paved,N/A,Property Damage Only,0,0,0,0,0,0,2500,1,2,Westbound (WB),POINT (-93.05937248705 43.119050497851)
20160933166,16-033,06/11/2016,06-June,7-Saturday,23:00,2300 Hours,District 3 (Northwest),,CALHOUN,77,N028/DAKOTA AVE,Collision with:  Animal,On Roadway,Non-collision (single vehicle),Animal,None Indicated,Animal in roadway,N/A,N/A,N/A,N/A,N/A,Paved,N/A,Property Damage Only,0,0,0,0,0,0,5000,1,1,Northbound (NB),POINT (-94.855126224113 42.476914053504)
20160925639,16-2626,06/12/2016,06-June,1-Sunday,09:38,0900 Hours,District 6 (East Central),,JONES,77,X040/CO RD X-40 AND US 151,Collision with:  Vehicle in traffic,On Roadway,"Sideswipe, same direction",Followed too close,None Indicated,None apparent,Daylight,Dry,Cloudy,None apparent,Intersection:  T-intersection,Paved,N/A,Property Damage Only,0,0,0,0,0,0,7500,2,3,Northbound (NB),POINT (-91.273078003641 42.081130480096)
20160927172,2016-35786,06/13/2016,06-June,2-Monday,21:19,2100 Hours,District 6 (East Central),DAVENPORT,SCOTT,77,UTICA RIDGE RD AND E 53RD ST,Collision with:  Vehicle in traffic,On Roadway,"Angle, oncoming left turn",FTYROW:  Making left turn,None Indicated,None apparent,Dark - roadway lighted,Dry,Clear,None apparent,Intersection:  Four-way intersection,Paved,N/A,Property Damage Only,0,0,0,0,0,0,7000,2,2,Northbound (NB),POINT (-90.513389173793 41.574901519027)
20160925968,16-024018,06/14/2016,06-June,3-Tuesday,18:21,1800 Hours,District 4 (Southwest),COUNCIL BLUFFS,POTTAWATTAMIE,77,6TH AVE AND S 24TH ST,Collision with:  Vehicle in traffic,On Roadway,Broadside (front to side),FTYROW:  At uncontrolled intersection,None Indicated,None apparent,Daylight,Dry,Clear,None apparent,Intersection:  Four-way intersection,Paved,N/A,Major Injury,0,2,1,0,1,0,10000,2,3,Southbound (SB),POINT (-95.879566679126 41.256255856579)
20160926145,16-0513,06/14/2016,06-June,3-Tuesday,16:23,1600 Hours,District 1 (Central),WINDSOR HEIGHTS,POLK,77,66TH ST AND COLBY AVE,Collision with:  Vehicle in traffic,On Roadway,Broadside (front to side),Ran Stop Sign,None Indicated,None apparent,Daylight,Dry,Clear,None apparent,Intersection:  Four-way intersection,Paved,N/A,Property Damage Only,0,0,0,0,0,0,6000,2,4,Northbound (NB),POINT (-93.708687034619 41.604478963695)
20160927394,201602739,06/15/2016,06-June,4-Wednesday,17:33,1700 Hours,District 6 (East Central),,LINN,77,US 151/WILLIAMS BLVD AND BEVERLY RD AND STONEY POINT RD NW,Collision with:  Vehicle in traffic,On Roadway,"Angle, oncoming left turn",FTYROW:  Making left turn,None Indicated,None apparent,Daylight,Dry,Clear,None apparent,Intersection:  Four-way intersection,Paved,N/A,Property Damage Only,0,0,0,0,0,0,4000,2,2,Southbound (SB),POINT (-91.755898291597 41.938856801261)
20160926299,16010654,06/16/2016,06-June,5-Thursday,11:36,1100 Hours,District 2 (Northeast),MASON CITY,CERRO GORDO,77,MAPLE DR AND S KENTUCKY AVE AND N KENTUCKY AVE AND E STATE ST,Collision with:  Vehicle in traffic,On Roadway,Broadside (front to side),Other (explain in narrative):  Other,None Indicated,None apparent,Daylight,Dry,Clear,None apparent,Non-intersection:  Non-junction/no special feature,Paved,N/A,Property Damage Only,0,0,0,0,0,0,1600,2,6,Northbound (NB),POINT (-93.181090321038 43.151745372096)
20160928032,16-1370,06/16/2016,06-June,5-Thursday,17:40,1700 Hours,District 1 (Central),URBANDALE,POLK,US 6,2300 111TH ST HICKMAN RD INTERSECTION,Collision with:  Vehicle in traffic,On Roadway,Rear-end (front to rear),Driving too fast for conditions,None Indicated,None apparent,Daylight,Dry,Clear,None apparent,Non-intersection:  Non-junction/no special feature,Paved,N/A,Possible/Unknown,0,2,0,0,2,0,29300,4,4,Southbound (SB),POINT (-93.769929697978 41.61488473162)
20160926727,2016-12270,06/17/2016,06-June,6-Friday,15:42,1500 Hours,District 6 (East Central),BETTENDORF,SCOTT,77,900 MIDDLE RD,Collision with fixed object:  Curb/island/raised median,On Roadway,Non-collision (single vehicle),Improper or erratic lane changing,None Indicated,None apparent,Daylight,Dry,Cloudy,None apparent,Non-intersection:  Non-junction/no special feature,Paved,N/A,Property Damage Only,0,0,0,0,0,0,1500,2,2,Southbound (SB),POINT (-90.519277413088 41.539823013594)
20160926507,CL16002269,06/17/2016,06-June,6-Friday,22:35,2200 Hours,District 6 (East Central),CLINTON,CLINTON,77,2200 BLK OF MANUFACTURING DR,Collision with:  Vehicle in traffic,On Roadway,Rear-end (front to rear),Followed too close,None Indicated,None apparent,Dark - roadway not lighted,Dry,Clear,None apparent,"Non-intersection:  Driveway access (related, not in)",Paved,N/A,Property Damage Only,0,0,0,0,0,0,6500,2,2,Northbound (NB),POINT (-90.238413603191 41.824317970778)
20160927484,20160018155,06/18/2016,06-June,7-Saturday,22:30,2200 Hours,District 1 (Central),DES MOINES,POLK,US 6,US 0006 / FREDERICK M HUBBELL AVE,Collision with fixed object:  Fence,Outside trafficway,Non-collision (single vehicle),"Operating vehicle in an reckless, erratic, careless, negligent manner",None Indicated,Unknown,Dark - roadway lighted,Dry,Unknown,None apparent,Non-intersection:  Non-junction/no special feature,Paved,N/A,Possible/Unknown,0,1,0,0,0,1,3000,1,1,Southbound (SB),POINT (-93.537111451009 41.633069774313)
20160927204,2016-37168,06/19/2016,06-June,1-Sunday,14:12,1400 Hours,District 6 (East Central),DAVENPORT,SCOTT,US 67,SCOTT ST AND US 67/W RIVER DR,Collision with:  Vehicle in traffic,On Roadway,Broadside (front to side),FTYROW:  From stop sign,None Indicated,None apparent,Daylight,Dry,Clear,None apparent,Intersection:  Four-way intersection,Paved,N/A,Property Damage Only,0,0,0,0,0,0,5000,2,3,Northbound (NB),POINT (-90.579957420262 41.520221877398)
20160926704,16-004119,06/19/2016,06-June,1-Sunday,22:15,2200 Hours,District 2 (Northeast),,BUTLER,77,CENTER ST,Collision with:  Vehicle in traffic,On Roadway,Rear-end (front to rear),Followed too close,None Indicated,None apparent,Dark - roadway not lighted,Dry,Clear,None apparent,Intersection:  T-intersection,Paved,N/A,Possible/Unknown,0,2,0,0,2,0,16000,2,3,Northbound (NB),POINT (-92.569159853026 42.714938761116)
20160928681,K16-018719,06/20/2016,06-June,2-Monday,11:42,1100 Hours,District 5 (Southeast),KEOKUK,LEE,77,2ND ST S AND EXCHANGE ST,Collision with:  Vehicle in traffic,On Roadway,Broadside (front to side),FTYROW:  From stop sign,None Indicated,None apparent,Daylight,Dry,Clear,None apparent,Intersection:  Four-way intersection,Paved,N/A,Possible/Unknown,0,1,0,0,1,0,5000,2,3,Southbound (SB),POINT (-91.382974604072 40.392117172713)
20160928295,2016015976,06/21/2016,06-June,3-Tuesday,22:28,2200 Hours,District 6 (East Central),,IOWA,I-80,212.9MM I80 EB,Collision with:  Animal,On Roadway,Non-collision (single vehicle),Animal,None Indicated,Animal in roadway,N/A,N/A,N/A,N/A,N/A,Paved,N/A,Property Damage Only,0,0,0,0,0,0,8000,1,1,Southbound (SB),POINT (-92.143255474897 41.69560453123)