Iowa DOT Case Number,Law Enforcement Case Number,Date of Crash,Month of Crash,Day of Week,Time of Crash,Hour,DOT District,City Name,County Name,Route with System,Location Description,First Harmful Event,Location of First Harmful Event,Manner of Crash/Collision,Major Cause,Drug or Alcohol ,Environmental Conditions,Light Conditions,Surface Conditions,Weather Conditions,Roadway Contribution,Roadway Type,Roadway Surface,Work Zone,Crash Severity,Number of Fatalities,Number of Injuries,Number of Major Injuries,Number of Minor Injuries,Number of Possible Injuries,Number of Unknown Injuries,Amount of Property Damage,Number of Vehicles Involved,Total Number of Occupants,Travel Direction,Location
20160927318,16-21679,06/22/2016,06-June,4-Wednesday,02:46,0200 Hours,District 3 (Northwest),SIOUX CITY,WOODBURY,77,OLD PALMETTO ST AND MORNINGSIDE AVE,Collision with fixed object:  Utility pole/light support,On Roadway,Non-collision (single vehicle),Other (explain in narrative):  No improper action,None Indicated,None apparent,Dark - roadway lighted,Dry,Clear,None apparent,Intersection:  T-intersection,Paved,N/A,Property Damage Only,0,0,0,0,0,0,4500,1,2,Southbound (SB),POINT (-96.34572398752 42.470364916554)
20160927418,16-025337,06/22/2016,06-June,4-Wednesday,21:46,2100 Hours,District 4 (Southwest),COUNCIL BLUFFS,POTTAWATTAMIE,I-480,US 6 AND US 6/W BROADWAY,Collision with fixed object:  Ground,On Roadway,Non-collision (single vehicle),Lost Control,None Indicated,None apparent,Dark - roadway lighted,Dry,Clear,"Surface condition (e.g., wet, icy)",Non-intersection:  Non-junction/no special feature,Paved,N/A,Possible/Unknown,0,1,0,0,1,0,2000,1,1,Westbound (WB),POINT (-95.907734809232 41.261950818952)
20160927504,20160018685,06/23/2016,06-June,5-Thursday,12:15,1200 Hours,District 1 (Central),DES MOINES,POLK,77,DELAWARE AVE MEASURING 695 FEET NORTH FROM HULLAVE,Collision with:  Re-entering roadway,On Roadway,"Sideswipe, same direction",FTYROW:  From driveway,None Indicated,None apparent,Daylight,Dry,Clear,None apparent,"Non-intersection:  Driveway access (related, not in)",Paved,N/A,Possible/Unknown,0,1,0,0,1,0,5000,2,4,Northbound (NB),POINT (-93.581297705949 41.624207911832)
20160927771,16-18229,06/24/2016,06-June,6-Friday,16:21,1600 Hours,District 1 (Central),NEWTON,JASPER,US 6,HALTER AVE AND US 6/1ST AVE E,Collision with:  Vehicle in traffic,On Roadway,"Angle, oncoming left turn",FTYROW:  Making left turn,None Indicated,None apparent,Daylight,Dry,Clear,None apparent,Intersection:  T-intersection,Paved,N/A,Property Damage Only,0,0,0,0,0,0,5000,2,2,Southbound (SB),POINT (-93.013364331035 41.699157580289)
20160928021,16-003008,06/24/2016,06-June,6-Friday,13:05,1300 Hours,District 1 (Central),AMES,STORY,77,N 3RD ST AND N MAPLE AVE,Collision with:  Vehicle in traffic,On Roadway,Broadside (front to side),FTYROW:  At uncontrolled intersection,None Indicated,None apparent,Daylight,Dry,Clear,None apparent,Intersection:  Four-way intersection,Paved,N/A,Possible/Unknown,0,1,0,0,1,0,12999,2,2,Northbound (NB),POINT (-93.625281494997 42.025197708858)
20160928264,16-004287,06/25/2016,06-June,7-Saturday,21:48,2100 Hours,District 2 (Northeast),,BUTLER,IA-3,STATE 3/IOWA 3,Collision with:  Animal,On Roadway,Non-collision (single vehicle),Animal,None Indicated,Animal in roadway,N/A,N/A,N/A,N/A,N/A,Paved,N/A,Property Damage Only,0,0,0,0,0,0,2800,1,3,Southbound (SB),POINT (-92.723672586398 42.744764697031)
20160928450,163595,06/25/2016,06-June,7-Saturday,02:30,0200 Hours,District 1 (Central),,GRUNDY,US 20,US 20,Collision with:  Animal,Unknown,N/A,Animal,None Indicated,N/A,N/A,N/A,N/A,N/A,N/A,Paved,N/A,Property Damage Only,0,0,0,0,0,0,8000,1,4,Westbound (WB),POINT (-92.999537799948 42.462309548595)
20160928094,2016-005654,06/26/2016,06-June,1-Sunday,10:44,1000 Hours,District 6 (East Central),DUBUQUE,DUBUQUE,77,BLUFF ST,Collision with:  Vehicle in traffic,On Roadway,Rear-end (front to rear),Lost Control,None Indicated,None apparent,Daylight,Dry,Clear,None apparent,Interchange-related:  On-ramp merge area,Paved,N/A,Property Damage Only,0,0,0,0,0,0,3000,2,2,Northbound (NB),POINT (-90.666785370436 42.492453200111)
20160928489,S16-8093,06/27/2016,06-June,2-Monday,17:30,1700 Hours,District 3 (Northwest),,WOODBURY,77,ALLISON AVE,Collision with:  Parked motor vehicle,In parking lane/zone,Unknown,Unknown,None Indicated,None apparent,Daylight,Dry,Clear,None apparent,Non-intersection:  Non-junction/no special feature,Unpaved,N/A,Property Damage Only,0,0,0,0,0,0,1500,2,1,Northbound (NB),POINT (-96.388876875354 42.349046625746)
20160928358,201602948,06/27/2016,06-June,2-Monday,16:00,1600 Hours,District 6 (East Central),,LINN,US 151,US 151/WILLIAMS BLVD MEASURING 802 FEET SOUTHWEST FROM BEVERLY RD AND US 151/WILLIAMS BLVD AND PRAIRIE VIEW DR,Collision with:  Vehicle in traffic,On Roadway,Rear-end (front to rear),Driving too fast for conditions,None Indicated,None apparent,Daylight,Dry,Clear,None apparent,Non-intersection:  Non-junction/no special feature,Paved,N/A,Minor Injury,0,2,0,1,1,0,20000,2,4,Northbound (NB),POINT (-91.761066997418 41.936688082954)
20160928440,16-0317,06/28/2016,06-June,3-Tuesday,13:56,1300 Hours,District 1 (Central),,WEBSTER,77,RICH MILL RD,Collision with:  Vehicle in traffic,On Roadway,"Angle, oncoming left turn",FTYROW:  Making left turn,None Indicated,Weather conditions,Daylight,Dry,Cloudy,None apparent,"Non-intersection:  Driveway access (related, not in)",Unpaved,N/A,Property Damage Only,0,0,0,0,0,0,5000,2,2,Northbound (NB),POINT (-94.229953156001 42.483348719783)
20160928693,16-0320,06/29/2016,06-June,4-Wednesday,12:00,1200 Hours,District 1 (Central),,WEBSTER,77,260TH ST,Collision with fixed object:  Ditch,On Roadway,Non-collision (single vehicle),Lost Control,None Indicated,None apparent,Daylight,Gravel,Clear,None apparent,Non-intersection:  Non-junction/no special feature,Unpaved,N/A,Possible/Unknown,0,1,0,0,1,0,1500,1,1,Southbound (SB),POINT (-94.049017046282 42.412641920495)
20160928672,16103884,06/29/2016,06-June,4-Wednesday,15:01,1500 Hours,District 6 (East Central),TIFFIN,JOHNSON,US 6,US 6,Collision with:  Vehicle in traffic,On Roadway,Head-on (front to front),Followed too close,None Indicated,None apparent,Daylight,Dry,Cloudy,None apparent,Intersection:  T-intersection,Paved,N/A,Property Damage Only,0,0,0,0,0,0,9000,2,3,Southbound (SB),POINT (-91.656456562021 41.706561916639)
20160928788,20160019567,06/30/2016,06-June,5-Thursday,18:22,1800 Hours,District 1 (Central),DES MOINES,POLK,US 6,US 6/MERLE HAY RD MEASURING 1275 FEET SOUTH FROM US 6/DOUGLAS AVE AND STATE 28/MERLE HAY RD,Collision with:  Vehicle in traffic,On Roadway,Rear-end (front to rear),Driving too fast for conditions,None Indicated,Weather conditions,Daylight,Wet,Cloudy,None apparent,Non-intersection:  Non-junction/no special feature,Paved,N/A,Property Damage Only,0,0,0,0,0,0,18000,4,11,Southbound (SB),POINT (-93.697745438576 41.625910954616)
20160928830,20160019606,07/01/2016,07-July,6-Friday,00:41,0000 Hours,District 1 (Central),DES MOINES,POLK,I-235,INTERSTATE 235 MEASURING 381 FEET WEST FROM US 69/E 14TH ST AND INTERSTATE 235,Collision with:  Work zone maintenance equipment,Shoulder,Rear-end (front to rear),"Operating vehicle in an reckless, erratic, careless, negligent manner",Drug/Alcohol (< Statutory),None apparent,Dark - roadway lighted,Dry,Cloudy,Work Zone (roadway-related),Non-intersection:  Non-junction/no special feature,Paved,Yes,Major Injury,0,2,1,1,0,0,17500,2,3,Westbound (WB),POINT (-93.600327573809 41.596061618601)
20160929295,2016006338,07/01/2016,07-July,6-Friday,17:05,1700 Hours,District 6 (East Central),IOWA CITY,JOHNSON,77,S GILBERT ST,Collision with:  Vehicle in traffic,On Roadway,Rear-end (front to rear),Followed too close,None Indicated,None apparent,Daylight,Dry,Clear,None apparent,Non-intersection:  Non-junction/no special feature,Paved,N/A,Property Damage Only,0,0,0,0,0,0,2500,2,2,Northbound (NB),POINT (-91.530174427601 41.658351526684)
20160929523,16-8063,07/02/2016,07-July,7-Saturday,17:02,1700 Hours,District 3 (Northwest),,SIOUX,77,280TH ST MEASURING 1302 FEET EAST FROM 280TH ST AND K030/ELMWOOD AVE,Collision with fixed object:  Ditch,Roadside,Non-collision (single vehicle),Ran off road - right,Alcohol (Statutory),None apparent,Daylight,Gravel,Cloudy,None apparent,Non-intersection:  Non-junction/no special feature,Unpaved,N/A,Property Damage Only,0,0,0,0,0,0,2500,1,1,Southbound (SB),POINT (-96.290587359996 43.243729868792)
20160929933,,07/03/2016,07-July,1-Sunday,00:00,0000 Hours,District 3 (Northwest),ARNOLDS PARK,DICKINSON,US 71,US 0071 / OKOBOJI GROVE RD,Collision with:  Vehicle in traffic,On Roadway,Rear-end (front to rear),Followed too close,None Indicated,N/A,N/A,N/A,N/A,N/A,N/A,Paved,N/A,Minor Injury,0,1,0,1,0,0,4000,2,5,Northbound (NB),POINT (-95.125911194339 43.374053565749)
20160929150,16-027267,07/04/2016,07-July,2-Monday,14:30,1400 Hours,District 4 (Southwest),COUNCIL BLUFFS,POTTAWATTAMIE,77,FRANKLIN AVE,Collision with:  Vehicle in traffic,On Roadway,Broadside (front to side),FTYROW:  From driveway,None Indicated,None apparent,Daylight,Dry,Clear,None apparent,Non-intersection:  Driveway access (within),Paved,N/A,Property Damage Only,0,0,0,0,0,0,2700,2,2,Northbound (NB),POINT (-95.835427988183 41.260027093208)
20160929145,16-1897,07/04/2016,07-July,2-Monday,10:00,1000 Hours,District 1 (Central),FORT DODGE,WEBSTER,77,S 29TH ST AND 1ST AVE S,Collision with:  Vehicle in traffic,On Roadway,Broadside (front to side),Ran Traffic Signal,None Indicated,None apparent,Daylight,Dry,Cloudy,None apparent,Intersection:  Four-way intersection,Paved,N/A,Property Damage Only,0,0,0,0,0,0,6000,2,2,Southbound (SB),POINT (-94.158280311082 42.50526800988)
20160929912,S16-8411,07/05/2016,07-July,3-Tuesday,10:41,1000 Hours,District 3 (Northwest),,WOODBURY,77,US 20,Collision with fixed object:  Other traffic barrier (explain in narrative),On Roadway,Non-collision (single vehicle),Traveling on prohibited traffic way,None Indicated,None apparent,Daylight,Dry,Clear,Work Zone (roadway-related),Intersection:  Other intersection (explain in narrative),Paved,Yes,Property Damage Only,0,0,0,0,0,0,5500,1,1,Northbound (NB),POINT (-95.917931212323 42.482299816082)
20160929639,16-008238,07/06/2016,07-July,4-Wednesday,09:52,0900 Hours,District 3 (Northwest),HAWARDEN,SIOUX,77,AVE L AND 11TH ST,Collision with:  Re-entering roadway,On Roadway,Broadside (front to side),Improper Backing,None Indicated,None apparent,Daylight,Dry,Clear,None apparent,Intersection:  Four-way intersection,Paved,N/A,Property Damage Only,0,0,0,0,0,0,1800,2,2,Southbound (SB),POINT (-96.48014037133 42.998027729482)
20160930842,049-16,07/07/2016,07-July,5-Thursday,17:55,1700 Hours,District 4 (Southwest),,MADISON,US 169,US 169,Collision with:  Vehicle in traffic,On Roadway,"Sideswipe, opposite direction",Failed to keep in proper lane,None Indicated,None apparent,Daylight,Dry,Clear,None apparent,Non-intersection:  Non-junction/no special feature,Paved,N/A,Property Damage Only,0,0,0,0,0,0,10000,2,2,Northbound (NB),POINT (-94.04148976697 41.216716807787)
20160930034,16-002807,07/07/2016,07-July,5-Thursday,16:32,1600 Hours,District 1 (Central),ANKENY,POLK,US 69,400 BLK S ANKENY BLVD,Collision with:  Vehicle in traffic,On Roadway,Rear-end (front to rear),Other (explain in narrative):  Other,None Indicated,None apparent,Daylight,Dry,Clear,None apparent,"Non-intersection:  Driveway access (related, not in)",Paved,N/A,Property Damage Only,0,0,0,0,0,0,5300,2,3,Northbound (NB),POINT (-93.600376894013 41.728097040456)
20160938435,16010771,07/08/2016,07-July,6-Friday,18:09,1800 Hours,District 3 (Northwest),MILFORD,DICKINSON,US 71,US 71/OKOBOJI AVE,Collision with:  Vehicle in traffic,On Roadway,Rear-end (front to rear),Followed too close,None Indicated,None apparent,Daylight,Dry,Clear,None apparent,Non-intersection:  Non-junction/no special feature,Paved,N/A,Property Damage Only,0,0,0,0,0,0,3000,2,4,Northbound (NB),POINT (-95.149977410245 43.33308476486)
20160930293,20160020716,07/09/2016,07-July,7-Saturday,09:00,0900 Hours,District 1 (Central),DES MOINES,POLK,77,PARK AVE AND SW 30TH ST,Collision with:  Vehicle in traffic,On Roadway,Rear-end (front to rear),Unknown,None Indicated,None apparent,Daylight,Dry,Clear,None apparent,Non-intersection:  Non-junction/no special feature,Paved,N/A,Property Damage Only,0,0,0,0,0,0,2000,2,3,Southbound (SB),POINT (-93.657823039826 41.555475541684)
20160930101,16-3424,07/10/2016,07-July,1-Sunday,11:11,1100 Hours,District 1 (Central),WEST DES MOINES,POLK,77,"5300 BLK UNIVERSITY, WEST DES MOINES, POLK COUNTY",Collision with:  Vehicle in traffic,On Roadway,Rear-end (front to rear),Followed too close,None Indicated,None apparent,Daylight,Dry,Cloudy,None apparent,Intersection:  Four-way intersection,Paved,N/A,Property Damage Only,0,0,0,0,0,0,3000,2,2,Southbound (SB),POINT (-93.779225908306 41.600446626292)
20160932537,201600032086,07/11/2016,07-July,2-Monday,13:23,1300 Hours,District 5 (Southeast),OTTUMWA,WAPELLO,77,WILDWOOD DR,Collision with:  Parked motor vehicle,Other (explain in narrative),Rear to side,Illegally Parked/Unattended,None Indicated,None apparent,Daylight,Dry,Clear,Work Zone (roadway-related),"Non-intersection:  Driveway access (related, not in)",Paved,Yes,Property Damage Only,0,0,0,0,0,0,3000,2,1,Northbound (NB),POINT (-92.448033385379 41.004758467735)
20160930482,2016-0356,07/11/2016,07-July,2-Monday,15:16,1500 Hours,District 5 (Southeast),NORWALK,WARREN,77,NORTH AVE AND SYCAMORE DR,Collision with:  Vehicle in traffic,On Roadway,Broadside (front to side),FTYROW:  From stop sign,None Indicated,None apparent,Daylight,Dry,Clear,None apparent,Intersection:  T-intersection,Paved,N/A,Property Damage Only,0,0,0,0,0,0,3300,2,2,Northbound (NB),POINT (-93.689039228252 41.475460578706)
20160930526,2016-006158,07/12/2016,07-July,3-Tuesday,17:56,1700 Hours,District 6 (East Central),DUBUQUE,DUBUQUE,77,US 52/E 9TH ST AND WHITE ST,Collision with:  Vehicle in traffic,On Roadway,"Sideswipe, same direction",Failed to keep in proper lane,None Indicated,None apparent,Daylight,Dry,Clear,None apparent,Intersection:  Four-way intersection,Paved,N/A,Property Damage Only,0,0,0,0,0,0,1500,2,2,Northbound (NB),POINT (-90.664548521361 42.502529482644)
20160931346,16003329,07/13/2016,07-July,4-Wednesday,12:22,1200 Hours,District 1 (Central),AMES,STORY,77,E 6TH ST AND DUFF AVE AND 6TH ST,Collision with:  Vehicle in traffic,On Roadway,Rear-end (front to rear),Followed too close,None Indicated,Weather conditions,Daylight,Wet,Rain,"Surface condition (e.g., wet, icy)",Non-intersection:  Non-junction/no special feature,Paved,N/A,Possible/Unknown,0,1,0,0,1,0,6000,2,2,Southbound (SB),POINT (-93.61047692584 42.026961632765)
20160930952,20160021072,07/14/2016,07-July,5-Thursday,14:06,1400 Hours,District 1 (Central),DES MOINES,POLK,US 69,US 69/SE 14TH ST MEASURING 509 FEET SOUTH FROM HARRIET ST AND US 69/SE 14TH ST,Collision with:  Vehicle in traffic,On Roadway,Rear-end (front to rear),Followed too close,None Indicated,None apparent,Daylight,Dry,Clear,None apparent,Non-intersection:  Non-junction/no special feature,Paved,N/A,Possible/Unknown,0,2,0,0,2,0,3000,2,3,Northbound (NB),POINT (-93.596912133285 41.575686965307)
20160930943,2016006721,07/14/2016,07-July,5-Thursday,20:17,2000 Hours,District 6 (East Central),IOWA CITY,JOHNSON,77,E BLOOMINGTON ST,Collision with:  Vehicle in traffic,On Roadway,Broadside (front to side),FTYROW:  From stop sign,Alcohol (< Statutory),None apparent,Dusk,Dry,Clear,None apparent,Intersection:  Four-way intersection,Paved,N/A,Possible/Unknown,0,1,0,0,1,0,13000,2,3,Southbound (SB),POINT (-91.522728832098 41.664623894987)
20160931085,16-4731,07/15/2016,07-July,6-Friday,17:20,1700 Hours,District 1 (Central),GRIMES,POLK,77,SE 11TH ST AND S 11TH ST AND STATE 141/IOWA 141,Collision with:  Vehicle in traffic,On Roadway,"Angle, oncoming left turn",FTYROW:  Making left turn,None Indicated,None apparent,Daylight,Dry,Cloudy,None apparent,Intersection:  Four-way intersection,Paved,N/A,Property Damage Only,0,0,0,0,0,0,12000,2,4,Southbound (SB),POINT (-93.774804847839 41.680207671945)
20160931137,16-002936,07/15/2016,07-July,6-Friday,07:18,0700 Hours,District 1 (Central),ANKENY,POLK,77,SE MAGAZINE RD AND US 69/S ANKENY BLVD,Collision with:  Non-motorist (see non-motorist section - NOT a unit),On Roadway,Non-collision (single vehicle),FTYROW:  To pedestrian,None Indicated,None apparent,Daylight,Dry,Clear,None apparent,Intersection:  Four-way intersection,Paved,N/A,Minor Injury,0,1,0,1,0,0,700,1,1,Southbound (SB),POINT (-93.600457278858 41.717360220825)
20160931188,16-002956,07/16/2016,07-July,7-Saturday,09:13,0900 Hours,District 1 (Central),ANKENY,POLK,77,SE 8TH ST AND US 69/S ANKENY BLVD,Collision with:  Vehicle in traffic,On Roadway,"Angle, oncoming left turn",FTYROW:  Making left turn,None Indicated,None apparent,Daylight,Dry,Clear,None apparent,Intersection:  Four-way intersection,Paved,N/A,Major Injury,0,1,1,0,0,0,5000,2,2,Southbound (SB),POINT (-93.600417028943 41.723368133725)
20160931229,16-4761,07/17/2016,07-July,1-Sunday,08:30,0800 Hours,District 1 (Central),,POLK,I-80,STATE 415/2ND AVE AND INTERSTATE 35 AND INTERSTATE 35,Collision with:  Vehicle in traffic,On Roadway,Broadside (front to side),Other (explain in narrative):  Other,None Indicated,None apparent,Daylight,Wet,Rain,Other (explain in narrative),Intersection:  Intersection with ramp,Paved,N/A,Property Damage Only,0,0,0,0,0,0,2000,2,3,Southbound (SB),POINT (-93.619957495617 41.648640547385)
20160931388,16-4782,07/18/2016,07-July,2-Monday,07:25,0700 Hours,District 1 (Central),BONDURANT,POLK,US 65,US 65/HUBBELL AVE,Collision with:  Vehicle in traffic,On Roadway,Rear-end (front to rear),Driving too fast for conditions,None Indicated,None apparent,Daylight,Wet,Rain,None apparent,Non-intersection:  Non-junction/no special feature,Paved,N/A,Possible/Unknown,0,1,0,0,1,0,11000,2,3,Northbound (NB),POINT (-93.479676308659 41.673711966289)
20160931674,20160021697,07/19/2016,07-July,3-Tuesday,16:39,1600 Hours,District 1 (Central),DES MOINES,POLK,77,E WALNUT ST AND US 69/E 15TH ST,Collision with:  Vehicle in traffic,On Roadway,Rear-end (front to rear),Driving too fast for conditions,None Indicated,Weather conditions,Daylight,Wet,Cloudy,"Slippery, loose, or worn surface",Intersection:  Four-way intersection,Paved,N/A,Possible/Unknown,0,1,0,0,1,0,1050,2,2,Northbound (NB),POINT (-93.594517206771 41.591831383437)
20160931649,16-4837,07/19/2016,07-July,3-Tuesday,16:15,1600 Hours,District 1 (Central),GRIMES,POLK,IA-141,STATE 141/IOWA 141,Collision with:  Vehicle in traffic,On Roadway,Rear-end (front to rear),Followed too close,None Indicated,None apparent,Daylight,Wet,Cloudy,None apparent,Intersection:  Four-way intersection,Paved,N/A,Property Damage Only,0,0,0,0,0,0,6000,2,2,Westbound (WB),POINT (-93.774973284649 41.673217042591)
20160931944,16-8824,07/20/2016,07-July,4-Wednesday,16:43,1600 Hours,District 3 (Northwest),,SIOUX,US 18,US 18/320TH ST MEASURING 232 FEET EAST FROM US 18/US 75 AND US 18/320TH ST,Collision with:  Vehicle in traffic,On Roadway,Rear-end (front to rear),Followed too close,None Indicated,None apparent,Daylight,Dry,Clear,None apparent,Intersection:  Four-way intersection,Paved,N/A,Minor Injury,0,5,0,1,4,0,5500,3,7,Southbound (SB),POINT (-96.176418077426 43.185725004157)
20160932347,N16000431,07/21/2016,07-July,5-Thursday,10:32,1000 Hours,District 6 (East Central),NORTH LIBERTY,JOHNSON,77,W ZELLER ST AND HWY 965 AND ZELLER ST,Collision with:  Vehicle in traffic,On Roadway,"Angle, oncoming left turn",Made improper turn,None Indicated,Glare,Daylight,Dry,Clear,None apparent,Intersection:  Four-way intersection,Paved,N/A,Property Damage Only,0,0,0,0,0,0,2000,2,2,Northbound (NB),POINT (-91.607611002621 41.744943751948)
20160932617,2016-45034,07/22/2016,07-July,6-Friday,08:14,0800 Hours,District 6 (East Central),DAVENPORT,SCOTT,77,WINDING HILL RD AND EASTERN AVE,Collision with:  Vehicle in traffic,Outside trafficway,Rear-end (front to rear),FTYROW:  From parked position,None Indicated,None apparent,Daylight,Dry,Clear,None apparent,Non-intersection:  Non-junction/no special feature,Paved,N/A,Property Damage Only,0,0,0,0,0,0,1500,2,2,Northbound (NB),POINT (-90.551338319714 41.561873696608)
20160932623,2016-45169,07/22/2016,07-July,6-Friday,17:20,1700 Hours,District 6 (East Central),DAVENPORT,SCOTT,IA-461,E 29TH ST AND STATE 461/BRADY ST,Collision with:  Non-motorist (see non-motorist section - NOT a unit),On Roadway,Non-collision (single vehicle),FTYROW:  To pedestrian,None Indicated,None apparent,Daylight,Dry,Clear,None apparent,Intersection:  Four-way intersection,Paved,N/A,Possible/Unknown,0,1,0,0,1,0,100,1,1,Northbound (NB),POINT (-90.570694316446 41.549666560722)
20160932216,16-2117,07/23/2016,07-July,7-Saturday,01:00,0100 Hours,District 1 (Central),FORT DODGE,WEBSTER,77,860  S 22ND ST,Collision with:  Parked motor vehicle,Shoulder,Rear-end (front to rear),"Operating vehicle in an reckless, erratic, careless, negligent manner",None Indicated,None apparent,Dark - roadway lighted,Dry,Clear,None apparent,Non-intersection:  Non-junction/no special feature,Paved,N/A,Property Damage Only,0,0,0,0,0,0,3000,2,1,Northbound (NB),POINT (-94.167927125781 42.495191765094)
20160932268,16-030505,07/24/2016,07-July,1-Sunday,19:56,1900 Hours,District 4 (Southwest),COUNCIL BLUFFS,POTTAWATTAMIE,77,N 10TH ST AND AVE B,Collision with:  Non-motorist (see non-motorist section - NOT a unit),On Roadway,Non-collision (single vehicle),Swerving/Evasive Action,None Indicated,None apparent,Daylight,Dry,Clear,None apparent,Intersection:  Four-way intersection,Paved,N/A,Major Injury,0,1,1,0,0,0,1000,1,1,Northbound (NB),POINT (-95.85891849179 41.263615667579)
20160932474,16119132,07/25/2016,07-July,2-Monday,21:46,2100 Hours,District 6 (East Central),,JOHNSON,I-80,INTERSTATE 80,Collision with:  Parked motor vehicle,Shoulder,"Sideswipe, same direction",Other (explain in narrative):  Improper operation,None Indicated,None apparent,Dark - roadway not lighted,Dry,Clear,None apparent,Non-intersection:  Non-junction/no special feature,Paved,N/A,Property Damage Only,0,0,0,0,0,0,2000,2,2,Westbound (WB),POINT (-91.71723408132 41.695277374991)
20160932964,20160022550,07/26/2016,07-July,3-Tuesday,23:00,2300 Hours,District 1 (Central),DES MOINES,POLK,77,GRAND AVE MEASURING 259 FEET WEST FROM TERRACE RD AND GRAND AVE,Collision with:  Vehicle in traffic,On Roadway,Rear-end (front to rear),Unknown,None Indicated,None apparent,Dark - roadway lighted,Dry,Clear,None apparent,Non-intersection:  Non-junction/no special feature,Paved,N/A,Property Damage Only,0,0,0,0,0,0,7500,2,5,Southbound (SB),POINT (-93.64933519288 41.58443713602)
20160932719,16-15412,07/26/2016,07-July,3-Tuesday,12:40,1200 Hours,District 6 (East Central),BETTENDORF,SCOTT,77,UTICA RIDGE RD APPROXIMATELY 120 FEET SOUTH OF UTICA RIDGE COURT,Collision with:  Vehicle in traffic,On Roadway,Rear-end (front to rear),Followed too close,None Indicated,None apparent,Daylight,Dry,Clear,None apparent,"Non-intersection:  Driveway access (related, not in)",Paved,N/A,Property Damage Only,0,0,0,0,0,0,11000,2,2,Northbound (NB),POINT (-90.517333492949 41.563674866101)
20160934675,201611384,07/27/2016,07-July,4-Wednesday,15:30,1500 Hours,District 6 (East Central),CEDAR RAPIDS,LINN,77,COLDSTREAM AVE NE AND 29TH ST NE AND CENTER POINT RD NE,Collision with:  Vehicle in traffic,On Roadway,Broadside (front to side),Other (explain in narrative):  No improper action,None Indicated,None apparent,Daylight,Dry,Cloudy,None apparent,Non-intersection:  Non-junction/no special feature,Paved,N/A,Property Damage Only,0,0,0,0,0,0,13000,3,7,Eastbound (EB),POINT (-91.662857548002 42.006935303574)
20160933057,20160022697,07/28/2016,07-July,5-Thursday,09:39,0900 Hours,District 1 (Central),DES MOINES,POLK,77,SW 18TH ST AND MCKINLEY AVE,Collision with:  Vehicle in traffic,On Roadway,"Sideswipe, same direction",Passing:  Other passing (explain in narrative),None Indicated,None apparent,Daylight,Dry,Clear,None apparent,Non-intersection:  Non-junction/no special feature,Paved,N/A,Property Damage Only,0,0,0,0,0,0,4500,2,2,Northbound (NB),POINT (-93.641071619328 41.540987320637)
20160933899,162568,07/29/2016,07-July,6-Friday,10:15,1000 Hours,District 3 (Northwest),,CRAWFORD,77,M047/330TH ST AND 11TH AVE,Collision with:  Vehicle in traffic,On Roadway,Broadside (front to side),FTYROW:  From driveway,None Indicated,None apparent,Daylight,Dry,Clear,None apparent,Non-intersection:  Driveway access (within),Paved,N/A,Property Damage Only,0,0,0,0,0,0,14500,2,3,Northbound (NB),POINT (-95.228124953304 41.882581710735)
20160934573,16-15630,07/29/2016,07-July,6-Friday,16:49,1600 Hours,District 6 (East Central),BETTENDORF,SCOTT,US 67,US 67/STATE ST,Non-collision events:  Overturn/rollover,Median,Other (explain in narrative),Exceeded authorized speed,Alcohol (Statutory),None apparent,Daylight,Dry,Clear,None apparent,Non-intersection:  Non-junction/no special feature,Paved,N/A,Minor Injury,0,1,0,1,0,0,5800,3,1,Northbound (NB),POINT (-90.496694282478 41.525814795875)
20160935335,16-002706,07/30/2016,07-July,7-Saturday,23:41,2300 Hours,District 5 (Southeast),,KEOKUK,IA-149,STATE 149/IOWA 149,Collision with:  Animal,On Roadway,Non-collision (single vehicle),Animal,None Indicated,Animal in roadway,N/A,N/A,N/A,N/A,N/A,Paved,N/A,Property Damage Only,0,0,0,0,0,0,3000,1,1,Northbound (NB),POINT (-92.213707933348 41.210310927953)
20160933379,16014230,07/31/2016,07-July,1-Sunday,03:00,0300 Hours,District 2 (Northeast),MASON CITY,CERRO GORDO,77,E STATE ST MEASURING 340 FEET EAST FROM WILLOW DR AND E STATE ST,Collision with:  Parked motor vehicle,On Roadway,Rear to side,FTYROW:  From driveway,None Indicated,None apparent,Dark - roadway not lighted,Dry,Unknown,None apparent,Non-intersection:  Driveway access (within),Paved,N/A,Possible/Unknown,0,1,0,0,0,1,2700,2,1,Southbound (SB),POINT (-93.1885438298 43.151850395756)
20160934230,16-063035,08/01/2016,08-August,2-Monday,21:26,2100 Hours,District 2 (Northeast),WATERLOO,BLACK HAWK,77,US 218 AND US 218/WASHINGTON ST,Collision with:  Thrown or falling object,On Roadway,Other (explain in narrative),Other (explain in narrative):  Other,None Indicated,None apparent,Dark - roadway lighted,Dry,Clear,None apparent,Non-intersection:  Non-junction/no special feature,Paved,N/A,Property Damage Only,0,0,0,0,0,0,3000,2,5,Northbound (NB),POINT (-92.336579479944 42.489415512965)
20160934531,W16-063264,08/02/2016,08-August,3-Tuesday,17:48,1700 Hours,District 2 (Northeast),WATERLOO,BLACK HAWK,77,100 BLOCK VINE ST,Collision with:  Parked motor vehicle,On Roadway,Head-on (front to front),Failed to keep in proper lane,None Indicated,None apparent,Daylight,Dry,Clear,None apparent,Non-intersection:  Non-junction/no special feature,Paved,N/A,Property Damage Only,0,0,0,0,0,0,5000,2,1,Southbound (SB),POINT (-92.314094148919 42.501504058659)
20160934821,2016-0809,08/02/2016,08-August,3-Tuesday,17:04,1700 Hours,District 4 (Southwest),WAUKEE,DALLAS,77,ALICES RD AND SE LAUREL ST,Collision with:  Vehicle in traffic,On Roadway,Rear-end (front to rear),Followed too close,None Indicated,None apparent,Daylight,Dry,Clear,None apparent,Non-intersection:  Non-junction/no special feature,Paved,N/A,Possible/Unknown,0,1,0,0,1,0,13000,3,3,Southbound (SB),POINT (-93.852925619305 41.611146389815)