Iowa DOT Case Number,Law Enforcement Case Number,Date of Crash,Month of Crash,Day of Week,Time of Crash,Hour,DOT District,City Name,County Name,Route with System,Location Description,First Harmful Event,Location of First Harmful Event,Manner of Crash/Collision,Major Cause,Drug or Alcohol ,Environmental Conditions,Light Conditions,Surface Conditions,Weather Conditions,Roadway Contribution,Roadway Type,Roadway Surface,Work Zone,Crash Severity,Number of Fatalities,Number of Injuries,Number of Major Injuries,Number of Minor Injuries,Number of Possible Injuries,Number of Unknown Injuries,Amount of Property Damage,Number of Vehicles Involved,Total Number of Occupants,Travel Direction,Location
20160934358,16063463,08/03/2016,08-August,4-Wednesday,11:00,1100 Hours,District 2 (Northeast),CEDAR FALLS,BLACK HAWK,77,400 BLOCK MAIN ST,Collision with:  Vehicle in traffic,On Roadway,Other (explain in narrative),Unknown,None Indicated,None apparent,Daylight,Dry,Clear,None apparent,Non-intersection:  Non-junction/no special feature,Paved,N/A,Property Damage Only,0,0,0,0,0,0,3500,2,2,Northbound (NB),POINT (-92.445512843846 42.534600154054)
20160935224,20160023520,08/04/2016,08-August,5-Thursday,17:56,1700 Hours,District 1 (Central),DES MOINES,POLK,US 69,US 69/E 14TH ST MEASURING 300 FEET SOUTH FROM US 6/E EUCLID AVE AND US 69/E 14TH ST,Collision with:  Vehicle in traffic,On Roadway,Broadside (front to side),Other (explain in narrative):  Other,None Indicated,None apparent,Daylight,Dry,Cloudy,None apparent,Non-intersection:  Non-junction/no special feature,Paved,N/A,Property Damage Only,0,0,0,0,0,0,2500,2,3,Northbound (NB),POINT (-93.600529376744 41.626883270262)
20160934422,20160023596,08/05/2016,08-August,6-Friday,13:04,1300 Hours,District 1 (Central),DES MOINES,POLK,77,GRAND AVE AND 7TH ST,Collision with:  Vehicle in traffic,On Roadway,"Sideswipe, same direction",Made improper turn,None Indicated,None apparent,Daylight,Dry,Clear,None apparent,Intersection:  Four-way intersection,Paved,N/A,Property Damage Only,0,0,0,0,0,0,9000,2,4,Eastbound (EB),POINT (-93.626510367848 41.587464114911)
20160935585,2016-006871,08/05/2016,08-August,6-Friday,13:37,1300 Hours,District 6 (East Central),DUBUQUE,DUBUQUE,77,GOETHE ST AND BURDEN ST,Collision with:  Parked motor vehicle,On Roadway,Rear-end (front to rear),Lost Control,None Indicated,None apparent,Daylight,Dry,Clear,None apparent,Non-intersection:  Non-junction/no special feature,Paved,N/A,Property Damage Only,0,0,0,0,0,0,6500,3,2,Northbound (NB),POINT (-90.672685932821 42.526910091719)
20160934334,16010860,08/06/2016,08-August,7-Saturday,21:45,2100 Hours,District 5 (Southeast),,CEDAR,77,330TH AND US 6,Collision with fixed object:  Ditch,On Roadway,Non-collision (single vehicle),"Operating vehicle in an reckless, erratic, careless, negligent manner",None Indicated,None apparent,Dark - roadway lighted,Dry,Clear,None apparent,Intersection:  Four-way intersection,Unpaved,N/A,Property Damage Only,0,0,0,0,0,0,1550,1,1,Southbound (SB),POINT (-91.0359410754 41.611959192576)
20160934446,20160023801,08/07/2016,08-August,1-Sunday,11:00,1100 Hours,District 1 (Central),DES MOINES,POLK,77,E WATROUS AVE MEASURING 32 FEET WEST FROM SE 10TH ST AND E WATROUS AVE,Collision with:  Vehicle in traffic,On Roadway,Rear-end (front to rear),"Operating vehicle in an reckless, erratic, careless, negligent manner",None Indicated,None apparent,Daylight,Dry,Clear,None apparent,Non-intersection:  Non-junction/no special feature,Paved,N/A,Possible/Unknown,0,1,0,0,1,0,6000,2,3,Southbound (SB),POINT (-93.601178714964 41.548111415551)
20160934612,16014859,08/08/2016,08-August,2-Monday,10:45,1000 Hours,District 2 (Northeast),MASON CITY,CERRO GORDO,77,2ND ST NW AND N JEFFERSON AVE,Collision with:  Vehicle in traffic,On Roadway,Broadside (front to side),FTYROW:  From stop sign,None Indicated,None apparent,Daylight,Dry,Clear,None apparent,Intersection:  Four-way intersection,Paved,N/A,Property Damage Only,0,0,0,0,0,0,3000,2,3,Southbound (SB),POINT (-93.205916004127 43.153630424552)
20160934576,16-2289,08/08/2016,08-August,2-Monday,12:44,1200 Hours,District 1 (Central),FORT DODGE,WEBSTER,77,2500 BLK 5TH AVE S,Collision with:  Vehicle in traffic,On Roadway,"Angle, oncoming left turn",FTYROW:  Making left turn,None Indicated,None apparent,Daylight,Dry,Clear,None apparent,"Non-intersection:  Driveway access (related, not in)",Paved,N/A,Property Damage Only,0,0,0,0,0,0,3000,2,3,Southbound (SB),POINT (-94.162342364338 42.501156298257)
20160934929,2016007516,08/09/2016,08-August,3-Tuesday,09:37,0900 Hours,District 6 (East Central),IOWA CITY,JOHNSON,77,MCCOLLISTER BLVD AND S GILBERT ST,Collision with:  Vehicle in traffic,On Roadway,Rear-end (front to rear),Followed too close,None Indicated,None apparent,Daylight,Dry,Cloudy,None apparent,Intersection:  Four-way intersection,Paved,N/A,Property Damage Only,0,0,0,0,0,0,3000,2,3,Northbound (NB),POINT (-91.527256086008 41.628294247789)
20160935725,,08/10/2016,08-August,4-Wednesday,13:50,1300 Hours,District 6 (East Central),CEDAR RAPIDS,LINN,IA-922,SB/WB Iowa 0100 / IOWA 100 and 1ST AVE E and Iowa 0922 / 1ST AVE E,Collision with:  Vehicle in traffic,On Roadway,Other (explain in narrative),Unknown,None Indicated,N/A,Daylight,Dry,Clear,N/A,N/A,Paved,N/A,Property Damage Only,0,0,0,0,0,0,2500,2,2,Northbound (NB),POINT (-91.621272840176 42.02576194258)
20160935023,16-28254,08/10/2016,08-August,4-Wednesday,15:44,1500 Hours,District 3 (Northwest),SIOUX CITY,WOODBURY,I-29,INTERSTATE 29,Collision with:  Vehicle in traffic,On Roadway,"Sideswipe, same direction",Other (explain in narrative):  No improper action,None Indicated,None apparent,Daylight,Dry,Clear,None apparent,Non-intersection:  Non-junction/no special feature,Paved,N/A,Property Damage Only,0,0,0,0,0,0,2500,2,2,Northbound (NB),POINT (-96.387966713088 42.480297253515)
20160935256,16-28335,08/11/2016,08-August,5-Thursday,10:18,1000 Hours,District 3 (Northwest),SIOUX CITY,WOODBURY,77,5TH AND PIERCE ST,Collision with:  Vehicle in traffic,On Roadway,Broadside (front to side),Ran Traffic Signal,None Indicated,None apparent,Daylight,Dry,Clear,None apparent,Intersection:  Four-way intersection,Paved,N/A,Property Damage Only,0,0,0,0,0,0,8700,2,2,Eastbound (EB),POINT (-96.404955393027 42.495208917195)
20160937347,201612397,08/12/2016,08-August,6-Friday,16:27,1600 Hours,District 6 (East Central),CEDAR RAPIDS,LINN,77,EDGEWOOD RD NW AND 1ST AVE W,Collision with:  Vehicle in traffic,On Roadway,Broadside (front to side),Ran Traffic Signal,None Indicated,None apparent,Daylight,Dry,Cloudy,None apparent,Intersection:  Four-way intersection,Paved,N/A,Property Damage Only,0,0,0,0,0,0,6000,2,2,Northbound (NB),POINT (-91.716008777476 41.967589635989)
20160937543,2016021205,08/12/2016,08-August,6-Friday,22:45,2200 Hours,District 1 (Central),DES MOINES,POLK,I-235,INTERSTATE 235 (MM: 5),Collision with:  Vehicle in traffic,Roadside,"Sideswipe, same direction",Lost Control,None Indicated,None apparent,Dark - roadway lighted,Dry,Cloudy,None apparent,Non-intersection:  Non-junction/no special feature,Paved,N/A,Property Damage Only,0,0,0,0,0,0,3000,2,2,Southbound (SB),POINT (-93.682453324069 41.59191048288)
20160935383,162778,08/13/2016,08-August,7-Saturday,10:54,1000 Hours,District 3 (Northwest),,CRAWFORD,77,R AVE AND 180TH ST,Collision with:  Vehicle in traffic,On Roadway,"Sideswipe, opposite direction",Over correcting/over steering,None Indicated,None apparent,Daylight,Gravel,Clear,None apparent,Intersection:  Four-way intersection,Unpaved,N/A,Property Damage Only,0,0,0,0,0,0,3000,2,4,Northbound (NB),POINT (-95.518217419321 41.964769026115)
20160935597,16-011217,08/14/2016,08-August,1-Sunday,13:45,1300 Hours,District 3 (Northwest),SPENCER,CLAY,US 71,US 71/11TH ST SW MEASURING 445 FEET SOUTH FROM,Collision with:  Vehicle in traffic,On Roadway,"Angle, oncoming left turn",FTYROW:  Making left turn,None Indicated,None apparent,Daylight,Dry,Clear,None apparent,Intersection:  Four-way intersection,Paved,N/A,Property Damage Only,0,0,0,0,0,0,4000,2,5,Eastbound (EB),POINT (-95.156560558397 43.127004879616)
20160936584,20160024826,08/15/2016,08-August,2-Monday,19:20,1900 Hours,District 1 (Central),DES MOINES,POLK,I-235,1688 FEET WEST FROM INTERSTATE 235 AND KEOSAUQUA WAY,Collision with:  Vehicle in traffic,On Roadway,"Sideswipe, same direction",Other (explain in narrative):  No improper action,None Indicated,None apparent,Daylight,Dry,Cloudy,Work Zone (roadway-related),Non-intersection:  Non-junction/no special feature,Paved,Yes,Property Damage Only,0,0,0,0,0,0,3500,2,2,Westbound (WB),POINT (-93.64216683544 41.595916597696)
20160935650,2016-26903,08/15/2016,08-August,2-Monday,11:25,1100 Hours,District 5 (Southeast),,WARREN,I-35,INTERSTATE 35,Collision with fixed object:  Guardrail - face,Shoulder,Non-collision (single vehicle),Driver Distraction:  Inattentive/lost in thought,None Indicated,None apparent,Daylight,Dry,Cloudy,None apparent,Non-intersection:  Non-junction/no special feature,Paved,N/A,Property Damage Only,0,0,0,0,0,0,10341,1,1,Eastbound (EB),POINT (-93.783504324391 41.21759921634)
20160937031,201600038258,08/16/2016,08-August,3-Tuesday,20:59,2000 Hours,District 5 (Southeast),OTTUMWA,WAPELLO,77,E FINLEY AVE,Collision with:  Vehicle in traffic,On Roadway,Rear-end (front to rear),Ran off road - right,None Indicated,None apparent,Dark - roadway not lighted,Dry,Clear,None apparent,Non-intersection:  Non-junction/no special feature,Paved,N/A,Property Damage Only,0,0,0,0,0,0,6000,2,1,Southbound (SB),POINT (-92.41836476961 41.002072277494)
20160936156,16-034109,08/17/2016,08-August,4-Wednesday,19:24,1900 Hours,District 4 (Southwest),COUNCIL BLUFFS,POTTAWATTAMIE,IA-192,STATE 192/S EXPRESSWAY AND INTERSTATE 29,Collision with:  Vehicle in traffic,On Roadway,Rear-end (front to rear),Driver Distraction:  Inattentive/lost in thought,None Indicated,None apparent,Daylight,Dry,Clear,None apparent,Intersection:  Four-way intersection,Unpaved,N/A,Property Damage Only,0,0,0,0,0,0,14000,2,2,Northbound (NB),POINT (-95.851316734057 41.232110896214)
20160936195,2016007796,08/17/2016,08-August,4-Wednesday,20:47,2000 Hours,District 6 (East Central),IOWA CITY,JOHNSON,77,US 6 AND SYCAMORE ST,Collision with fixed object:  Ground,On Roadway,Non-collision (single vehicle),Lost Control,None Indicated,None apparent,Dark - roadway lighted,Dry,Clear,None apparent,Non-intersection:  Non-junction/no special feature,Paved,N/A,Minor Injury,0,1,0,1,0,0,500,1,1,Northbound (NB),POINT (-91.511630523157 41.641143927638)
20160936360,20160025224,08/18/2016,08-August,5-Thursday,16:51,1600 Hours,District 1 (Central),DES MOINES,POLK,77,MLK JR PKWY AND WASHINGTON AVE,Collision with:  Vehicle in traffic,On Roadway,Broadside (front to side),FTYROW:  At uncontrolled intersection,None Indicated,None apparent,Daylight,Dry,Clear,None apparent,Non-intersection:  Non-junction/no special feature,Paved,N/A,Property Damage Only,0,0,0,0,0,0,6500,2,2,Southbound (SB),POINT (-93.644073432376 41.609065487562)
20160936490,2016007892,08/19/2016,08-August,6-Friday,17:03,1700 Hours,District 6 (East Central),IOWA CITY,JOHNSON,77,E COURT ST AND S GILBERT ST,Collision with:  Vehicle in traffic,On Roadway,"Sideswipe, same direction",Improper or erratic lane changing,None Indicated,None apparent,Daylight,Dry,Cloudy,None apparent,Non-intersection:  Non-junction/no special feature,Paved,N/A,Property Damage Only,0,0,0,0,0,0,2500,2,3,Southbound (SB),POINT (-91.530238779314 41.656577999088)
20160940338,2016021888,08/19/2016,08-August,6-Friday,20:40,2000 Hours,District 1 (Central),,POLK,I-80,INTERSTATE 80 (MM: 143),Collision with:  Vehicle in traffic,On Roadway,"Sideswipe, same direction",Ran off road - left,None Indicated,None apparent,Dark - roadway lighted,Wet,Rain,None apparent,Non-intersection:  Non-junction/no special feature,Paved,N/A,Property Damage Only,0,0,0,0,0,0,16000,2,2,Southbound (SB),POINT (-93.477843593664 41.663064139033)
20160936573,16-034523,08/20/2016,08-August,7-Saturday,15:00,1500 Hours,District 4 (Southwest),COUNCIL BLUFFS,POTTAWATTAMIE,77,1400 BLOCK S 35TH STREET,Collision with:  Vehicle in traffic,On Roadway,Rear-end (front to rear),Driver Distraction:  Other interior distraction,None Indicated,None apparent,Daylight,Dry,Clear,None apparent,Non-intersection:  Non-junction/no special feature,Paved,N/A,Minor Injury,0,1,0,1,0,0,6500,2,2,Northbound (NB),POINT (-95.902062354251 41.248143277654)
20160936632,C16002724,08/20/2016,08-August,7-Saturday,14:05,1400 Hours,District 6 (East Central),CORALVILLE,JOHNSON,US 6,US 6/2ND ST,Collision with:  Vehicle in traffic,On Roadway,Broadside (front to side),FTYROW:  From stop sign,None Indicated,None apparent,Daylight,Dry,Cloudy,None apparent,"Non-intersection:  Driveway access (related, not in)",Paved,N/A,Possible/Unknown,0,1,0,0,1,0,7500,2,7,Southbound (SB),POINT (-91.593122342203 41.680314543363)
20160938573,2016022011,08/21/2016,08-August,1-Sunday,14:49,1400 Hours,District 3 (Northwest),,SHELBY,77,LINDEN RD N/ 2100TH STREET,Collision with:  Vehicle in traffic,On Roadway,Rear-end (front to rear),Passing:  Where prohibited by signs/markings,Alcohol (Statutory),None apparent,Daylight,Dry,Clear,None apparent,Non-intersection:  Non-junction/no special feature,Paved,N/A,Major Injury,0,1,1,0,0,0,8500,2,2,Northbound (NB),POINT (-95.332607269178 41.809547109599)
20160937123,16028358,08/22/2016,08-August,2-Monday,13:19,1300 Hours,District 1 (Central),MARSHALLTOWN,MARSHALL,77,E SOUTHRIDGE RD,Collision with:  Re-entering roadway,On Roadway,Broadside (front to side),FTYROW:  From driveway,None Indicated,None apparent,Daylight,Dry,Clear,None apparent,"Non-intersection:  Driveway access (related, not in)",Paved,N/A,Property Damage Only,0,0,0,0,0,0,6500,2,4,Southbound (SB),POINT (-92.9118297649 42.017923379476)
20160937119,W16-069678,08/23/2016,08-August,3-Tuesday,02:20,0200 Hours,District 2 (Northeast),WATERLOO,BLACK HAWK,77,700 BLK RAINBOW DR,Non-collision events:  Other non-collision (explain in narrative),On Roadway,Non-collision (single vehicle),Ran off road - straight,None Indicated,None apparent,Dark - roadway lighted,Dry,Clear,None apparent,Non-intersection:  Non-junction/no special feature,Paved,N/A,Property Damage Only,0,0,0,0,0,0,4000,1,1,Southbound (SB),POINT (-92.37816110565 42.507597297624)
20160938934,2016022251,08/23/2016,08-August,3-Tuesday,16:08,1600 Hours,District 1 (Central),,POLK,I-235,I80 EB TO I235 WB,Collision with fixed object:  Concrete traffic barrier (median or right side),On Roadway,Non-collision (single vehicle),Driving too fast for conditions,None Indicated,Weather conditions,Daylight,Wet,Cloudy,"Surface condition (e.g., wet, icy)",Interchange-related:  On-ramp merge area,Paved,N/A,Property Damage Only,0,0,0,0,0,0,3000,1,1,Westbound (WB),POINT (-93.57568431969 41.647663851964)
20160937493,2016-002353,08/24/2016,08-August,4-Wednesday,07:51,0700 Hours,District 6 (East Central),,DUBUQUE,77,US 20 AND COTTINGHAM RD,Collision with:  Vehicle in traffic,On Roadway,"Sideswipe, same direction",Exceeded authorized speed,None Indicated,None apparent,Daylight,Dry,Cloudy,None apparent,Non-intersection:  Non-junction/no special feature,Paved,N/A,Property Damage Only,0,0,0,0,0,0,3500,2,2,Northbound (NB),POINT (-90.800689151291 42.439854596134)
20160939410,2016-53323,08/25/2016,08-August,5-Thursday,22:43,2200 Hours,District 6 (East Central),DAVENPORT,SCOTT,77,VETERANS MEMORIAL PKWY AND JERSEY RIDGE RD,Collision with:  Vehicle in traffic,On Roadway,Other (explain in narrative),FTYROW:  From stop sign,None Indicated,None apparent,Dark - roadway not lighted,Dry,Cloudy,None apparent,Intersection:  Four-way intersection,Paved,N/A,Possible/Unknown,0,1,0,0,1,0,26000,2,2,Eastbound (EB),POINT (-90.53932328811 41.589338539291)
20160937679,20160026243,08/26/2016,08-August,6-Friday,22:15,2200 Hours,District 1 (Central),DES MOINES,POLK,77,US 69/SE 14TH ST AND MAURY ST,Collision with:  Vehicle in traffic,On Roadway,Rear-end (front to rear),Driving too fast for conditions,None Indicated,Weather conditions,Dark - roadway lighted,Wet,Rain,"Slippery, loose, or worn surface",Intersection:  Four-way intersection,Paved,N/A,Property Damage Only,0,0,0,0,0,0,6000,3,7,Southbound (SB),POINT (-93.596867425031 41.581253691327)
20160937689,20160026259,08/26/2016,08-August,6-Friday,23:19,2300 Hours,District 1 (Central),DES MOINES,POLK,77,6TH AVE AND FOREST AVE,Collision with:  Vehicle in traffic,On Roadway,Head-on (front to front),Other (explain in narrative):  Other,None Indicated,None apparent,Dark - roadway lighted,Wet,Rain,None apparent,Intersection:  Four-way intersection,Paved,N/A,Property Damage Only,0,0,0,0,0,0,2000,2,2,Southbound (SB),POINT (-93.625745968017 41.603969539665)
20160938089,2016022643,08/27/2016,08-August,7-Saturday,19:58,1900 Hours,District 1 (Central),,POLK,I-80,STATE 415/2ND AVE AND INTERSTATE 35 AND INTERSTATE 35,Collision with:  Vehicle in traffic,On Roadway,Rear-end (front to rear),Followed too close,None Indicated,None apparent,Dusk,Dry,Clear,None apparent,Non-intersection:  Non-junction/no special feature,Paved,N/A,Property Damage Only,0,0,0,0,0,0,1600,2,3,Westbound (WB),POINT (-93.619997747328 41.65033367574)
20160938287,,08/29/2016,08-August,2-Monday,15:50,1500 Hours,District 1 (Central),DES MOINES,POLK,77,FLEUR DR measuring 150 Feet South from FLEUR DR and GEORGE FLAGG PKWY,Collision with:  Vehicle in traffic,On Roadway,Rear-end (front to rear),Unknown,None Indicated,N/A,Daylight,Wet,Rain,N/A,Non-intersection:  Other non-intersection (explain in narrative),Paved,N/A,Property Damage Only,0,0,0,0,0,0,1500,2,3,Eastbound (EB),POINT (-93.644963117545 41.568239660914)
20160938147,BV16-0486,08/30/2016,08-August,3-Tuesday,22:55,2200 Hours,District 3 (Northwest),,BUENA VISTA,77,M027/20TH AVE AND STATE 7/IOWA 7,Collision with fixed object:  Traffic sign support,On Roadway,Non-collision (single vehicle),Animal,None Indicated,Animal in roadway,Dark - roadway not lighted,Dry,"Fog, smoke, smog",None apparent,Intersection:  Four-way intersection,Paved,N/A,Property Damage Only,0,0,0,0,0,0,1600,1,1,Northbound (NB),POINT (-95.367918765592 42.695183710038)
20160938568,2016008530,08/31/2016,08-August,4-Wednesday,00:40,0000 Hours,District 6 (East Central),IOWA CITY,JOHNSON,77,CALIFORNIA AVE,Collision with:  Vehicle in traffic,On Roadway,Other (explain in narrative),Unknown,Alcohol (Statutory),None apparent,Dark - unknown roadway lighting,Dry,Cloudy,None apparent,Non-intersection:  Non-junction/no special feature,Paved,N/A,Property Damage Only,0,0,0,0,0,0,7500,2,4,Southbound (SB),POINT (-91.514198376261 41.635466794993)
20160938270,16-30975,09/01/2016,09-September,5-Thursday,18:29,1800 Hours,District 3 (Northwest),SIOUX CITY,WOODBURY,77,LEECH AVE AND STATE 376/S LEWIS BLVD,Collision with:  Vehicle in traffic,On Roadway,Rear-end (front to rear),Driver Distraction:  Manual operation of an electronic communication device,None Indicated,None apparent,Daylight,Dry,Clear,None apparent,Intersection:  Four-way intersection,Paved,N/A,Possible/Unknown,0,1,0,0,1,0,1200,2,3,Southbound (SB),POINT (-96.380376735862 42.48776124413)
20160939349,16-001073,09/01/2016,09-September,5-Thursday,09:23,0900 Hours,District 1 (Central),NEVADA,STORY,77,"1315 S B AVE, NEVADA",Collision with:  Parked motor vehicle,Other (explain in narrative),Unknown,Unknown,None Indicated,None apparent,Daylight,Dry,Clear,None apparent,Non-intersection:  Other non-intersection (explain in narrative),Paved,N/A,Property Damage Only,0,0,0,0,0,0,1501,2,1,Southbound (SB),POINT (-93.443004570665 42.009789012139)
20160942873,K16-027822,09/02/2016,09-September,6-Friday,10:45,1000 Hours,District 5 (Southeast),KEOKUK,LEE,77,MC KINLEY AVE,Collision with:  Vehicle in traffic,On Roadway,"Angle, oncoming left turn",FTYROW:  Making left turn,None Indicated,None apparent,Daylight,Dry,Clear,None apparent,Intersection:  Four-way intersection,Paved,N/A,Property Damage Only,0,0,0,0,0,0,4500,2,2,Northbound (NB),POINT (-91.40288782308 40.414483091559)
20160938755,W16-072925,09/02/2016,09-September,6-Friday,11:46,1100 Hours,District 2 (Northeast),WATERLOO,BLACK HAWK,77,SOUTH HILL DR AND OLYMPIC DR,Collision with:  Vehicle in traffic,On Roadway,Broadside (front to side),FTYROW:  From stop sign,None Indicated,Visual obstruction,Daylight,Dry,Clear,None apparent,Intersection:  Four-way intersection,Paved,N/A,Property Damage Only,0,0,0,0,0,0,3000,2,3,Northbound (NB),POINT (-92.365795582864 42.459303173075)
20160939210,2016-55569,09/03/2016,09-September,7-Saturday,13:03,1300 Hours,District 6 (East Central),DAVENPORT,SCOTT,77,JERSEY RIDGE RD MEASURING 355 FEET NORTH FROM JERSEY RIDGE RD AND KIRKWOOD BLVD,Collision with:  Vehicle in traffic,On Roadway,Rear-end (front to rear),Followed too close,None Indicated,None apparent,Daylight,Dry,Clear,None apparent,Non-intersection:  Non-junction/no special feature,Paved,N/A,Property Damage Only,0,0,0,0,0,0,3500,2,3,Northbound (NB),POINT (-90.543011900024 41.533506038098)
20160938552,20160027346,09/04/2016,09-September,1-Sunday,17:32,1700 Hours,District 1 (Central),DES MOINES,POLK,77,SCHOOL ST AND 6TH AVE,Collision with:  Vehicle in traffic,On Roadway,Broadside (front to side),Unknown,None Indicated,None apparent,Daylight,Dry,Cloudy,None apparent,Intersection:  T-intersection,Paved,N/A,Possible/Unknown,0,1,0,0,1,0,3000,2,3,Southbound (SB),POINT (-93.625721741352 41.595250670016)
20160938929,2016023364,09/05/2016,09-September,2-Monday,06:45,0600 Hours,District 3 (Northwest),LAWTON,WOODBURY,77,FRONTAGE RD AND US 20,Collision with fixed object:  Ditch,On Roadway,Non-collision (single vehicle),Ran off road - right,None Indicated,Weather conditions,Dark - roadway not lighted,Wet,Rain,"Surface condition (e.g., wet, icy)",Non-intersection:  Non-junction/no special feature,Paved,N/A,Property Damage Only,0,0,0,0,0,0,1500,1,1,Southbound (SB),POINT (-96.178181360734 42.475210229065)
20160938884,W16-074284,09/06/2016,09-September,3-Tuesday,21:10,2100 Hours,District 2 (Northeast),WATERLOO,BLACK HAWK,77,1100 BLOCK OF W 4TH ST,Miscellaneous events:  Hit and run,On Roadway,"Sideswipe, same direction",Failed to keep in proper lane,None Indicated,None apparent,Dark - roadway lighted,Dry,Clear,None apparent,Non-intersection:  Non-junction/no special feature,Paved,N/A,Possible/Unknown,0,1,0,0,0,1,3000,2,2,Eastbound (EB),POINT (-92.349403740905 42.488354293584)
20160938866,C16002948,09/06/2016,09-September,3-Tuesday,20:50,2000 Hours,District 6 (East Central),CORALVILLE,JOHNSON,77,700 BLOCK 20TH AVE,Collision with:  Non-motorist (see non-motorist section - NOT a unit),On Roadway,Non-collision (single vehicle),Traveling wrong way or on wrong side of road,None Indicated,None apparent,Dark - roadway lighted,Dry,Clear,None apparent,Non-intersection:  Non-junction/no special feature,Paved,N/A,Minor Injury,0,1,0,1,0,0,1000,1,3,Northbound (NB),POINT (-91.590837698263 41.680953055972)
20160938969,20160027673,09/07/2016,09-September,4-Wednesday,13:41,1300 Hours,District 1 (Central),DES MOINES,POLK,77,HICKMAN RD AND 24TH ST,Collision with:  Vehicle in traffic,On Roadway,"Angle, oncoming left turn",FTYROW:  Making left turn,None Indicated,None apparent,Daylight,Wet,Rain,None apparent,Non-intersection:  Driveway access (within),Paved,N/A,Possible/Unknown,0,3,0,0,3,0,11000,3,4,Southbound (SB),POINT (-93.650001848822 41.615012906952)
20160939632,16-2160,09/07/2016,09-September,4-Wednesday,14:09,1400 Hours,District 1 (Central),URBANDALE,POLK,77,FRONTAGE RD and 100TH ST,Collision with:  Vehicle in traffic,On Roadway,Broadside (front to side),Unknown,None Indicated,None apparent,Daylight,Wet,Rain,None apparent,Non-intersection:  Non-junction/no special feature,Paved,N/A,Property Damage Only,0,0,0,0,0,0,2300,2,2,Southbound (SB),POINT (-93.755887848803 41.616004738918)
20160940085,S16-0806CF,09/08/2016,09-September,5-Thursday,16:16,1600 Hours,District 5 (Southeast),,CLARKE,77,INTERSTATE 35 SB AT 31MM,Collision with fixed object:  Ditch,Shoulder,Non-collision (single vehicle),Driving too fast for conditions,Refused,None apparent,Daylight,Dry,Clear,None apparent,Interchange-related:  Off-ramp,Unpaved,N/A,Property Damage Only,0,0,0,0,0,0,2000,1,1,N/A,POINT (-93.79856776825 40.995152459015)
20160939914,20170027898,09/09/2016,09-September,6-Friday,12:45,1200 Hours,District 1 (Central),DES MOINES,POLK,77,SW 9TH ST MEASURING 65 FEET NORTH FROM THORNTON AVE,Collision with:  Vehicle in traffic,On Roadway,Rear-end (front to rear),Swerving/Evasive Action,None Indicated,None apparent,Daylight,Dry,Cloudy,None apparent,Non-intersection:  Non-junction/no special feature,Paved,N/A,Possible/Unknown,0,1,0,0,1,0,7100,3,4,Northbound (NB),POINT (-93.625735596068 41.551943624181)
20160941123,2016008766,09/09/2016,09-September,6-Friday,08:07,0800 Hours,District 6 (East Central),IOWA CITY,JOHNSON,IA-1,STATE 1/DODGE ST,Collision with:  Non-motorist (see non-motorist section - NOT a unit),On Roadway,Non-collision (single vehicle),Made improper turn,None Indicated,None apparent,Daylight,Dry,Cloudy,None apparent,Intersection:  Other intersection (explain in narrative),Paved,N/A,Minor Injury,0,1,0,1,0,0,100,1,1,Eastbound (EB),POINT (-91.525738215249 41.663284495131)
20160939219,2016-56850,09/09/2016,09-September,6-Friday,12:21,1200 Hours,District 6 (East Central),DAVENPORT,SCOTT,77,GAINE ST AND W 53RD ST,Collision with:  Vehicle in traffic,On Roadway,Broadside (front to side),FTYROW:  From stop sign,None Indicated,None apparent,Daylight,Dry,Cloudy,None apparent,Intersection:  T-intersection,Paved,N/A,Property Damage Only,0,0,0,0,0,0,3500,2,2,Southbound (SB),POINT (-90.581731504914 41.574549805699)
20160941701,201614241,09/10/2016,09-September,7-Saturday,23:24,2300 Hours,District 6 (East Central),CEDAR RAPIDS,LINN,77,15TH ST SE AND 15TH ST NE AND STATE 922/1ST AVE E,Collision with:  Vehicle in traffic,On Roadway,Head-on (front to front),FTYROW:  Making left turn,None Indicated,None apparent,Dark - roadway lighted,Dry,Clear,None apparent,Intersection:  Four-way intersection,Paved,N/A,Property Damage Only,0,0,0,0,0,0,3000,2,3,Northbound (NB),POINT (-91.65231400714 41.988123689133)
20160941523,16006350,09/11/2016,09-September,1-Sunday,00:09,0000 Hours,District 2 (Northeast),,MITCHELL,77,S070/CAMEO AVE,Collision with:  Vehicle in traffic,On Roadway,Rear-end (front to rear),Aggressive driving/road rage,None Indicated,None apparent,Dark - roadway not lighted,Dry,Clear,None apparent,Non-intersection:  Non-junction/no special feature,Paved,N/A,Property Damage Only,0,0,0,0,0,0,3000,2,7,Northbound (NB),POINT (-92.985307729466 43.43807271225)
20160940071,2016008996,09/12/2016,09-September,2-Monday,22:00,2200 Hours,District 6 (East Central),IOWA CITY,JOHNSON,US 6,US 6/S RIVERSIDE DR,Collision with:  Vehicle in traffic,On Roadway,Rear-end (front to rear),Followed too close,None Indicated,None apparent,Dark - roadway lighted,Dry,Clear,None apparent,Non-intersection:  Non-junction/no special feature,Paved,N/A,Property Damage Only,0,0,0,0,0,0,3700,2,3,Southbound (SB),POINT (-91.540336337181 41.652977856844)