Iowa DOT Case Number,Law Enforcement Case Number,Date of Crash,Month of Crash,Day of Week,Time of Crash,Hour,DOT District,City Name,County Name,Route with System,Location Description,First Harmful Event,Location of First Harmful Event,Manner of Crash/Collision,Major Cause,Drug or Alcohol ,Environmental Conditions,Light Conditions,Surface Conditions,Weather Conditions,Roadway Contribution,Roadway Type,Roadway Surface,Work Zone,Crash Severity,Number of Fatalities,Number of Injuries,Number of Major Injuries,Number of Minor Injuries,Number of Possible Injuries,Number of Unknown Injuries,Amount of Property Damage,Number of Vehicles Involved,Total Number of Occupants,Travel Direction,Location
20160940376,2016024097,09/12/2016,09-September,2-Monday,14:30,1400 Hours,District 2 (Northeast),,CLAYTON,77,100TH ST AND DOGWOOD AVE,Collision with fixed object:  Ditch,On Roadway,Non-collision (single vehicle),Followed too close,None Indicated,None apparent,Daylight,Dry,Clear,None apparent,Intersection:  T-intersection,Unpaved,N/A,Property Damage Only,0,0,0,0,0,0,2000,1,2,Northbound (NB),POINT (-91.488987069777 43.078625454687)
20160941175,16-19301,09/13/2016,09-September,3-Tuesday,18:53,1800 Hours,District 6 (East Central),BETTENDORF,SCOTT,77,2600 HAWTHORNE DR,Collision with:  Non-motorist (see non-motorist section - NOT a unit),On Roadway,Non-collision (single vehicle),Swerving/Evasive Action,None Indicated,Other (explain in narrative),Daylight,Dry,Clear,None apparent,Non-intersection:  Non-junction/no special feature,Paved,N/A,Minor Injury,0,1,0,1,0,0,200,1,1,Northbound (NB),POINT (-90.520321491705 41.548572704062)
20160941274,16-9912,09/14/2016,09-September,4-Wednesday,10:40,1000 Hours,District 3 (Northwest),CARROLL,CARROLL,77,2ND ST,Collision with:  Vehicle in traffic,On Roadway,Broadside (front to side),Made improper turn,None Indicated,None apparent,Daylight,Dry,Cloudy,None apparent,Non-intersection:  Non-junction/no special feature,Paved,N/A,Property Damage Only,0,0,0,0,0,0,2500,2,2,Southbound (SB),POINT (-94.871233027039 42.062170221865)
20160940664,16-32711,09/15/2016,09-September,5-Thursday,14:50,1400 Hours,District 3 (Northwest),SIOUX CITY,WOODBURY,77,JONES ST AND 11TH ST,Collision with:  Vehicle in traffic,On Roadway,Broadside (front to side),FTYROW:  From stop sign,None Indicated,None apparent,Daylight,Dry,Cloudy,None apparent,Intersection:  Four-way intersection,Paved,N/A,Possible/Unknown,0,2,0,0,2,0,7000,2,3,Southbound (SB),POINT (-96.400898754816 42.501848748349)
20160940623,20160028654,09/15/2016,09-September,5-Thursday,16:00,1600 Hours,District 1 (Central),DES MOINES,POLK,77,UNIVERSITY AVE AND 55TH ST,Collision with:  Vehicle in traffic,On Roadway,Rear-end (front to rear),Followed too close,None Indicated,None apparent,Daylight,Dry,Cloudy,None apparent,Non-intersection:  Non-junction/no special feature,Paved,N/A,Property Damage Only,0,0,0,0,0,0,5000,2,2,Southbound (SB),POINT (-93.693042566722 41.600394992654)
20160940704,ACC16-017,09/16/2016,09-September,6-Friday,08:04,0800 Hours,District 2 (Northeast),CRESCO,HOWARD,77,STATE 9/2ND AVE SE AND 3RD ST SE,Collision with:  Non-motorist (see non-motorist section - NOT a unit),On Roadway,Non-collision (single vehicle),Other (explain in narrative):  Other,None Indicated,Non-motorist action,Daylight,Dry,Cloudy,None apparent,Intersection:  Four-way intersection,Paved,N/A,Possible/Unknown,0,1,0,0,1,0,100,1,2,Northbound (NB),POINT (-92.11330184884 43.371100872429)
20160941071,WSO1602279,09/17/2016,09-September,7-Saturday,02:27,0200 Hours,District 2 (Northeast),,WINNESHIEK,77,A018/CO RD A18,Collision with:  Animal,Unknown,N/A,Animal,None Indicated,N/A,N/A,N/A,N/A,N/A,N/A,Paved,N/A,Property Damage Only,0,0,0,0,0,0,3000,1,1,Southbound (SB),POINT (-91.976752816935 43.457482929875)
20160941358,2016024601,09/17/2016,09-September,7-Saturday,00:53,0000 Hours,District 5 (Southeast),,MAHASKA,77,STATE 163/IOWA 163 MM 44.5 NB,Collision with:  Animal,On Roadway,Non-collision (single vehicle),Animal,None Indicated,Animal in roadway,N/A,N/A,N/A,N/A,N/A,Unpaved,N/A,Property Damage Only,0,0,0,0,0,0,4000,1,1,Northbound (NB),POINT (-92.8473524829 41.389599410967)
20160940976,16-004008,09/18/2016,09-September,1-Sunday,09:35,0900 Hours,District 1 (Central),ANKENY,POLK,77,900 BLOCK SE DELAWARE AVE,Collision with:  Vehicle in traffic,On Roadway,"Angle, oncoming left turn",FTYROW:  From stop sign,None Indicated,None apparent,Daylight,Dry,Clear,None apparent,Intersection:  T-intersection,Paved,N/A,Property Damage Only,0,0,0,0,0,0,8500,2,4,Northbound (NB),POINT (-93.581130559119 41.723143035596)
20160941170,16-010134,09/19/2016,09-September,2-Monday,19:35,1900 Hours,District 3 (Northwest),MANNING,CARROLL,77,500 BL 1ST ST,Collision with:  Non-motorist (see non-motorist section - NOT a unit),On Roadway,Non-collision (single vehicle),"Operating vehicle in an reckless, erratic, careless, negligent manner",None Indicated,None apparent,Dusk,Dry,Clear,None apparent,Non-intersection:  Non-junction/no special feature,Paved,N/A,Minor Injury,0,1,0,1,0,0,0,1,2,Southbound (SB),POINT (-95.061549489583 41.911136636941)
20160941817,2016-59194,09/19/2016,09-September,2-Monday,15:31,1500 Hours,District 6 (East Central),DAVENPORT,SCOTT,77,MARQUETTE ST AND W 53RD ST,Collision with:  Vehicle in traffic,On Roadway,Head-on (front to front),FTYROW:  Making left turn,None Indicated,None apparent,Daylight,Dry,Clear,None apparent,Intersection:  Four-way intersection,Paved,N/A,Possible/Unknown,0,2,0,0,2,0,10000,2,2,Northbound (NB),POINT (-90.590823458109 41.574533632313)
20160941756,16018284,09/20/2016,09-September,3-Tuesday,17:01,1700 Hours,District 2 (Northeast),MASON CITY,CERRO GORDO,US 65,19TH ST SE AND US 65/S FEDERAL AVE AND 19TH ST SW,Collision with:  Vehicle in traffic,On Roadway,"Angle, oncoming left turn",FTYROW:  Making left turn,None Indicated,None apparent,Daylight,Dry,Cloudy,None apparent,Intersection:  Four-way intersection,Paved,N/A,Property Damage Only,0,0,0,0,0,0,10000,2,3,Northbound (NB),POINT (-93.201090557153 43.133621203051)
20160941739,16078794,09/21/2016,09-September,4-Wednesday,17:37,1700 Hours,District 2 (Northeast),CEDAR FALLS,BLACK HAWK,77,22ND ST AND WALNUT ST,Collision with:  Vehicle in traffic,On Roadway,Broadside (front to side),FTYROW:  From stop sign,None Indicated,None apparent,Daylight,Dry,Clear,None apparent,Intersection:  Four-way intersection,Paved,N/A,Possible/Unknown,0,1,0,0,1,0,8500,2,3,Southbound (SB),POINT (-92.453416574754 42.517752245919)
20160942418,2016-1009,09/21/2016,09-September,4-Wednesday,20:58,2000 Hours,District 4 (Southwest),WAUKEE,DALLAS,US 6,US 6/HICKMAN AVE,Collision with:  Re-entering roadway,On Roadway,"Angle, oncoming left turn",FTYROW:  From stop sign,None Indicated,None apparent,Dark - roadway lighted,Dry,Clear,None apparent,"Non-intersection:  Driveway access (related, not in)",Paved,N/A,Property Damage Only,0,0,0,0,0,0,4000,2,2,Westbound (WB),POINT (-93.857561617874 41.615021004727)
20160941996,2016009402,09/22/2016,09-September,5-Thursday,17:48,1700 Hours,District 6 (East Central),IOWA CITY,JOHNSON,77,MORMON TREK BLVD/HWY 1 W,Collision with:  Vehicle in traffic,On Roadway,Rear-end (front to rear),Driving too fast for conditions,None Indicated,Weather conditions,Daylight,Wet,Rain,None apparent,Non-intersection:  Non-junction/no special feature,Paved,N/A,Possible/Unknown,0,2,0,0,2,0,6800,3,7,Northbound (NB),POINT (-91.564644880822 41.636125912466)
20160943229,201600044919,09/22/2016,09-September,5-Thursday,11:50,1100 Hours,District 5 (Southeast),OTTUMWA,WAPELLO,IA-149,US 34 (MM: 0),Collision with:  Vehicle in traffic,On Roadway,Rear-end (front to rear),Swerving/Evasive Action,None Indicated,None apparent,Daylight,Dry,Cloudy,None apparent,Intersection:  Four-way intersection,Paved,N/A,Property Damage Only,0,0,0,0,0,0,7500,3,3,Eastbound (EB),POINT (-92.423421961266 41.015294640478)
20160942480,2016-60237,09/23/2016,09-September,6-Friday,16:03,1600 Hours,District 6 (East Central),DAVENPORT,SCOTT,77,UTICA RIDGE RD,Collision with:  Vehicle in traffic,On Roadway,Broadside (front to side),Ran Traffic Signal,None Indicated,None apparent,Daylight,Dry,Clear,None apparent,Intersection:  Four-way intersection,Paved,N/A,Property Damage Only,0,0,0,0,0,0,11000,2,3,Northbound (NB),POINT (-90.51385325335 41.573434525473)
20160942290,2016009424,09/23/2016,09-September,6-Friday,08:46,0800 Hours,District 6 (East Central),IOWA CITY,JOHNSON,US 6,GRAND AVE AND US 6/S RIVERSIDE DR,Collision with:  Vehicle in traffic,On Roadway,Rear-end (front to rear),Followed too close,None Indicated,Weather conditions,Daylight,Wet,Rain,"Surface condition (e.g., wet, icy)",Intersection:  Four-way intersection,Paved,N/A,Property Damage Only,0,0,0,0,0,0,4500,2,4,Southbound (SB),POINT (-91.541926198927 41.658095924674)
20160942162,16-6531,09/24/2016,09-September,7-Saturday,10:00,1000 Hours,District 1 (Central),,POLK,US 69,US 69/NE 14TH ST AND INTERSTATE 35/4800 B NE14TH ST NORTHBOUND,Collision with:  Vehicle in traffic,On Roadway,Rear-end (front to rear),Followed too close,Under Influence of Alcohol/Drugs/Medications,None apparent,Daylight,Dry,Clear,None apparent,Intersection:  Four-way intersection,Paved,N/A,Property Damage Only,0,0,0,0,0,0,1700,3,4,Northbound (NB),POINT (-93.600373732841 41.647627617832)
20160943999,2016025261,09/25/2016,09-September,1-Sunday,01:40,0100 Hours,District 4 (Southwest),,POTTAWATTAMIE,I-29,I29 NB AT MM 61,Collision with fixed object:  Guardrail - face,Shoulder,Non-collision (single vehicle),Ran off road - right,None Indicated,None apparent,Dark - roadway not lighted,Wet,Rain,"Surface condition (e.g., wet, icy)",Interchange-related:  On-ramp merge area,Paved,N/A,Property Damage Only,0,0,0,0,0,0,5000,1,3,Northbound (NB),POINT (-95.898349336009 41.351331612261)
20160942850,2016-60935,09/26/2016,09-September,2-Monday,17:06,1700 Hours,District 6 (East Central),DAVENPORT,SCOTT,77,JERSEY RIDGE RD AND E 53RD ST,Collision with:  Vehicle in traffic,On Roadway,"Angle, oncoming left turn",Ran off road - right,None Indicated,None apparent,Daylight,Dry,Clear,None apparent,Intersection:  Four-way intersection,Paved,N/A,Possible/Unknown,0,1,0,0,1,0,7000,2,2,Northbound (NB),POINT (-90.541640037838 41.574761858139)
20160942880,16080282,09/26/2016,09-September,2-Monday,09:20,0900 Hours,District 2 (Northeast),CEDAR FALLS,BLACK HAWK,77,STATE 934/UNIVERSITY AVE AND VALLEY PARK DR,Collision with:  Vehicle in traffic,On Roadway,Broadside (front to side),Other (explain in narrative):  No improper action,None Indicated,None apparent,Daylight,Dry,Clear,Work Zone (roadway-related),Intersection:  Four-way intersection,Unpaved,Yes,Property Damage Only,0,0,0,0,0,0,3100,2,3,Westbound (WB),POINT (-92.436804702144 42.513078845006)
20160942877,+,09/27/2016,09-September,3-Tuesday,15:30,1500 Hours,District 1 (Central),STATE CENTER,MARSHALL,77,2ND AVE SW AND 3RD ST SW,Other (explain in narrative),On Roadway,Non-collision (single vehicle),Other (explain in narrative):  Other,None Indicated,None apparent,Daylight,Dry,Clear,None apparent,Intersection:  Four-way intersection,Paved,N/A,Minor Injury,0,1,0,1,0,0,0,1,1,Southbound (SB),POINT (-93.164688963226 42.014749823502)
20160944008,2016025527,09/28/2016,09-September,4-Wednesday,07:58,0700 Hours,District 6 (East Central),,CEDAR,77,YANKEE AND I80,Non-collision events:  Overturn/rollover,On Roadway,Non-collision (single vehicle),FTYROW:  From stop sign,None Indicated,None apparent,Daylight,Dry,Cloudy,None apparent,Interchange-related:  Other interchange (explain in narrative),Paved,N/A,Minor Injury,0,1,0,1,0,0,25000,2,2,Northbound (NB),POINT (-90.919072042787 41.636633789266)
20160943192,16008136,09/28/2016,09-September,4-Wednesday,23:25,2300 Hours,District 6 (East Central),,DELAWARE,77,D022/210TH ST,Collision with:  Animal,On Roadway,Non-collision (single vehicle),Animal,None Indicated,Animal in roadway,N/A,N/A,N/A,N/A,N/A,Paved,N/A,Property Damage Only,0,0,0,0,0,0,4000,1,1,Southbound (SB),POINT (-91.507257536032 42.483685004557)
20160955097,16-013614,09/29/2016,09-September,5-Thursday,19:16,1900 Hours,District 3 (Northwest),SPENCER,CLAY,77,US 18/N GRAND AVE AND W 2ND ST AND E 2ND ST,Collision with:  Vehicle in traffic,On Roadway,Rear-end (front to rear),Other (explain in narrative):  Other,None Indicated,None apparent,Dusk,Dry,Clear,None apparent,Intersection:  Four-way intersection,Paved,N/A,Property Damage Only,0,0,0,0,0,0,1500,2,6,Southbound (SB),POINT (-95.144581358793 43.13951221018)
20160944174,S16-11985,09/29/2016,09-September,5-Thursday,15:24,1500 Hours,District 3 (Northwest),,WOODBURY,77,D054/DANBURY BLACK TOP,Other (explain in narrative),On Roadway,"Sideswipe, opposite direction",Driver Distraction:  Reaching for object(s)/fallen object(s),None Indicated,None apparent,Daylight,Dry,Clear,None apparent,Non-intersection:  Non-junction/no special feature,Paved,N/A,Property Damage Only,0,0,0,0,0,0,25300,2,2,Southbound (SB),POINT (-95.844634953583 42.255100454507)
20160943168,16-040814,09/30/2016,09-September,6-Friday,02:00,0200 Hours,District 4 (Southwest),COUNCIL BLUFFS,POTTAWATTAMIE,77,AVE M AND N 25TH ST,Collision with fixed object:  Utility pole/light support,Outside trafficway,Non-collision (single vehicle),"Operating vehicle in an reckless, erratic, careless, negligent manner",Refused,None apparent,Dark - roadway lighted,Dry,Clear,None apparent,Non-intersection:  Non-junction/no special feature,Paved,N/A,Property Damage Only,0,0,0,0,0,0,12500,1,1,Northbound (NB),POINT (-95.881804124682 41.273473960377)
20160943358,20160030730,10/01/2016,10-October,7-Saturday,21:10,2100 Hours,District 1 (Central),DES MOINES,POLK,77,FLEUR DR AND GRAYS LAKE,Collision with:  Vehicle in traffic,On Roadway,Rear-end (front to rear),"Operating vehicle in an reckless, erratic, careless, negligent manner",Alcohol (Statutory),None apparent,Dark - roadway lighted,Dry,Clear,None apparent,Non-intersection:  Non-junction/no special feature,Paved,N/A,Possible/Unknown,0,1,0,0,1,0,2100,3,4,Northbound (NB),POINT (-93.644933440801 41.572491260866)
20160944516,16082016,10/01/2016,10-October,7-Saturday,20:21,2000 Hours,District 2 (Northeast),CEDAR FALLS,BLACK HAWK,77,ANDREA DR AND E VIKING RD,Collision with:  Vehicle in traffic,On Roadway,"Angle, oncoming left turn",Unknown,None Indicated,None apparent,Dark - roadway lighted,Dry,Clear,None apparent,Intersection:  Four-way intersection,Paved,N/A,Property Damage Only,0,0,0,0,0,0,4500,2,2,Northbound (NB),POINT (-92.443343737625 42.484021917208)
20160943655,16-34492,10/02/2016,10-October,1-Sunday,19:23,1900 Hours,District 5 (Southeast),BURLINGTON,DES MOINES,77,CENTRAL AVE measuring 162 Feet South from CENTRAL AVE and DIVISION ST,Collision with:  Vehicle in traffic,On Roadway,Broadside (front to side),Exceeded authorized speed,None Indicated,None apparent,Dark - roadway lighted,Dry,Clear,None apparent,Non-intersection:  Non-junction/no special feature,Paved,N/A,Property Damage Only,0,0,0,0,0,0,2000,2,3,Northbound (NB),POINT (-91.112861604222 40.807224810808)
20160944243,,10/03/2016,10-October,2-Monday,14:00,1400 Hours,District 6 (East Central),,,77,,Collision with:  Vehicle in traffic,On Roadway,"Angle, oncoming left turn",Unknown,None Indicated,None apparent,N/A,N/A,N/A,N/A,Intersection:  Four-way intersection,Unpaved,N/A,Property Damage Only,0,0,0,0,0,0,2000,2,3,N/A,POINT (0 0)
20160945050,16-10450,10/03/2016,10-October,2-Monday,20:02,2000 Hours,District 3 (Northwest),CARROLL,CARROLL,77,CLARK ST AND 1ST ST,Collision with:  Vehicle in traffic,On Roadway,"Angle, oncoming left turn",FTYROW:  From stop sign,None Indicated,None apparent,Dark - roadway lighted,Dry,Cloudy,None apparent,Intersection:  Four-way intersection,Paved,N/A,Property Damage Only,0,0,0,0,0,0,3000,2,3,Southbound (SB),POINT (-94.86667931954 42.059785744194)
20160944365,16-35125,10/04/2016,10-October,3-Tuesday,09:44,0900 Hours,District 3 (Northwest),SIOUX CITY,WOODBURY,77,6TH ST AND PIERCE ST,Collision with:  Vehicle in traffic,On Roadway,Broadside (front to side),Ran Traffic Signal,None Indicated,None apparent,Daylight,Wet,Rain,None apparent,Intersection:  Four-way intersection,Paved,N/A,Property Damage Only,0,0,0,0,0,0,2000,2,2,Eastbound (EB),POINT (-96.404944026644 42.496343819733)
20160944048,20160031109,10/05/2016,10-October,4-Wednesday,07:37,0700 Hours,District 1 (Central),DES MOINES,POLK,77,FLEUR DR AND WATROUS AVE MEASURING 1153 FEET SOUTH FROM FLEUR DR,Collision with:  Vehicle in traffic,On Roadway,Rear-end (front to rear),Unknown,None Indicated,Unknown,Daylight,Dry,Clear,None apparent,Non-intersection:  Non-junction/no special feature,Paved,N/A,Property Damage Only,0,0,0,0,0,0,2500,2,2,Southbound (SB),POINT (-93.64501586033 41.548216152349)
20160944604,16196,10/05/2016,10-October,4-Wednesday,14:00,1400 Hours,District 5 (Southeast),PELLA,MARION,77,E UNIVERSITY ST AND E 9TH ST,Collision with:  Vehicle in traffic,On Roadway,Rear-end (front to rear),Followed too close,None Indicated,None apparent,Daylight,Dry,Clear,None apparent,Non-intersection:  Non-junction/no special feature,Paved,N/A,Property Damage Only,0,0,0,0,0,0,2500,2,2,Southbound (SB),POINT (-92.902955770841 41.400225673122)
20160944199,16-5030,10/06/2016,10-October,5-Thursday,10:05,1000 Hours,District 1 (Central),WEST DES MOINES,POLK,77,S 32ND ST AND E P TRUE PKWY,Collision with:  Vehicle in traffic,On Roadway,Broadside (front to side),FTYROW:  From stop sign,None Indicated,None apparent,Daylight,Dry,Cloudy,None apparent,Intersection:  Four-way intersection,Paved,N/A,Property Damage Only,0,0,0,0,0,0,4500,2,3,Northbound (NB),POINT (-93.746537168229 41.570138051044)
20160946603,16-12340,10/06/2016,10-October,5-Thursday,11:11,1100 Hours,District 3 (Northwest),,SIOUX,77,B040/390TH ST,Non-collision events:  Overturn/rollover,Shoulder,Non-collision (single vehicle),Ran off road - right,None Indicated,None apparent,Daylight,Dry,Cloudy,None apparent,Non-intersection:  Non-junction/no special feature,Paved,N/A,Possible/Unknown,0,1,0,0,1,0,5000,1,1,Southbound (SB),POINT (-96.261826739756 43.084105284055)
20160944738,16-29852,10/07/2016,10-October,6-Friday,19:09,1900 Hours,District 1 (Central),NEWTON,JASPER,77,E 12TH ST S AND S 8TH AVE E,Collision with:  Vehicle in traffic,On Roadway,Broadside (front to side),FTYROW:  From stop sign,None Indicated,None apparent,Dark - unknown roadway lighting,Dry,Clear,None apparent,Intersection:  Four-way intersection,Paved,N/A,Possible/Unknown,0,2,0,0,2,0,1700,2,3,Southbound (SB),POINT (-93.038634943395 41.692747782505)
20160946378,16-055,10/07/2016,10-October,6-Friday,07:53,0700 Hours,District 3 (Northwest),,CALHOUN,77,STATE 175/360TH ST AND N047/LANGLEY AVE,Collision with fixed object:  Ditch,Roadside,Non-collision (single vehicle),Ran off road - right,None Indicated,None apparent,Daylight,Dry,Clear,None apparent,Non-intersection:  Non-junction/no special feature,Paved,N/A,Minor Injury,0,1,0,1,0,0,10000,1,1,Northbound (NB),POINT (-94.687486705041 42.267385008931)
20160945073,16-004842,10/08/2016,10-October,7-Saturday,02:00,0200 Hours,District 3 (Northwest),,LYON,US 18,US 18 MEASURING 4/10 MILE WEST FROM US 18 AND BEECH AVE,Collision with fixed object:  Tree,Outside trafficway,Non-collision (single vehicle),Driver Distraction:  Manual operation of an electronic communication device,None Indicated,None apparent,Dark - roadway not lighted,Dry,Clear,None apparent,Non-intersection:  Non-junction/no special feature,Paved,N/A,Possible/Unknown,0,1,0,0,0,1,15000,1,1,Southbound (SB),POINT (-96.521906612505 43.308566017244)
20160944696,16-35754,10/09/2016,10-October,1-Sunday,16:24,1600 Hours,District 3 (Northwest),SIOUX CITY,WOODBURY,US 75,US 75/LEWIS BLVD,Non-collision events:  Non-contact vehicle (phantom),On Roadway,Non-collision (single vehicle),Driver Distraction:  Exterior distraction,None Indicated,None apparent,Daylight,Dry,Clear,None apparent,Non-intersection:  Non-junction/no special feature,Paved,N/A,Property Damage Only,0,0,0,0,0,0,5000,2,2,Northbound (NB),POINT (-96.333522916617 42.560234721094)
20160945400,2016026676,10/10/2016,10-October,2-Monday,22:13,2200 Hours,District 1 (Central),,POLK,I-80,INTERSTATE 80 (MM: 144) WB,Collision with fixed object:  Cable barrier,On Roadway,Non-collision (single vehicle),Ran off road - left,None Indicated,Weather conditions,Dark - roadway not lighted,Wet,Rain,"Surface condition (e.g., wet, icy)",Non-intersection:  Non-junction/no special feature,Paved,N/A,Property Damage Only,0,0,0,0,0,0,9000,1,3,Southbound (SB),POINT (-93.459783957516 41.668929404374)
20160947092,16200,10/10/2016,10-October,2-Monday,19:36,1900 Hours,District 5 (Southeast),PELLA,MARION,IA-163,STATE 163/IOWA 163 (MM: 41) WESTBOUND,Collision with:  Animal,On Roadway,Non-collision (single vehicle),Animal,None Indicated,Animal in roadway,N/A,N/A,N/A,N/A,N/A,Paved,N/A,Property Damage Only,0,0,0,0,0,0,7000,1,1,Westbound (WB),POINT (-92.939380332893 41.403358252426)
20160945047,CL16003994,10/11/2016,10-October,3-Tuesday,06:42,0600 Hours,District 6 (East Central),CLINTON,CLINTON,77,13TH AVE N AND PERSHING BLVD,Collision with:  Vehicle in traffic,On Roadway,Broadside (front to side),FTYROW:  From stop sign,None Indicated,None apparent,Dark - roadway not lighted,Wet,Clear,None apparent,Intersection:  Four-way intersection,Paved,N/A,Property Damage Only,0,0,0,0,0,0,10000,2,2,Southbound (SB),POINT (-90.18618771302 41.858838209247)
20160945983,2016010209,10/12/2016,10-October,4-Wednesday,13:01,1300 Hours,District 6 (East Central),IOWA CITY,JOHNSON,77,N GILBERT ST AND E BLOOMINGTON ST,Collision with:  Parked motor vehicle,On Roadway,Rear-end (front to rear),Made improper turn,None Indicated,None apparent,Daylight,Dry,Cloudy,None apparent,Intersection:  Four-way intersection,Paved,N/A,Property Damage Only,0,0,0,0,0,0,4000,2,1,Northbound (NB),POINT (-91.53012732893 41.664646712421)
20160945525,PD16-03446,10/12/2016,10-October,4-Wednesday,19:05,1900 Hours,District 1 (Central),MARSHALLTOWN,MARSHALL,IA-14,W SOUTHRIDGE RD AND E SOUTHRIDGE RD AND STATE 14/S CENTER ST,Miscellaneous events:  Hit and run,On Roadway,"Sideswipe, same direction",Unknown,None Indicated,None apparent,Dark - roadway lighted,Dry,Clear,None apparent,Intersection:  Four-way intersection,Paved,N/A,Property Damage Only,0,0,0,0,0,0,2000,2,3,Northbound (NB),POINT (-92.912228305171 42.017950704832)
20160949058,16-018080,10/13/2016,10-October,5-Thursday,19:20,1900 Hours,District 2 (Northeast),,FLOYD,US 18,US 18,Collision with:  Animal,On Roadway,Non-collision (single vehicle),Animal,None Indicated,Animal in roadway,N/A,N/A,N/A,N/A,N/A,Paved,N/A,Property Damage Only,0,0,0,0,0,0,3000,1,8,Westbound (WB),POINT (-92.726236072791 43.10505095754)
20160949049,80-16-327,10/13/2016,10-October,5-Thursday,06:10,0600 Hours,District 1 (Central),HUMBOLDT,HUMBOLDT,US 169,US 169/13TH ST N,Collision with:  Animal,On Roadway,Non-collision (single vehicle),Animal,None Indicated,Animal in roadway,N/A,N/A,N/A,N/A,N/A,Paved,N/A,Property Damage Only,0,0,0,0,0,0,3000,1,1,Northbound (NB),POINT (-94.226927694802 42.722091034188)
20160945964,16-001302,10/14/2016,10-October,6-Friday,08:31,0800 Hours,District 1 (Central),,STORY,77,SOUTH OF U.S. HIGHWAY 210 ON 585TH AVENUE,Collision with:  Animal,On Roadway,Non-collision (single vehicle),Animal,None Indicated,Animal in roadway,N/A,N/A,N/A,N/A,N/A,Paved,N/A,Property Damage Only,0,0,0,0,0,0,1387,1,1,Northbound (NB),POINT (-93.531447906418 41.874060661408)
20160946130,16007455,10/14/2016,10-October,6-Friday,07:00,0700 Hours,District 2 (Northeast),,CERRO GORDO,77,250TH ST,Collision with:  Animal,On Roadway,Non-collision (single vehicle),Animal,None Indicated,Animal in roadway,N/A,N/A,N/A,N/A,N/A,Unpaved,N/A,Property Damage Only,0,0,0,0,0,0,2000,1,1,Southbound (SB),POINT (-93.288796799163 43.126526711658)
20160946541,16-32744,10/15/2016,10-October,7-Saturday,04:33,0400 Hours,District 5 (Southeast),,LEE,US 61,US 61/ MM16,Collision with:  Animal,On Roadway,Non-collision (single vehicle),Animal,None Indicated,Animal in roadway,N/A,N/A,N/A,N/A,N/A,Paved,N/A,Property Damage Only,0,0,0,0,0,0,2500,1,2,Eastbound (EB),POINT (-91.423654606898 40.597432955277)
20160946010,1617654,10/16/2016,10-October,1-Sunday,07:45,0700 Hours,District 2 (Northeast),,FAYETTE,IA-150,STATE 150/LINCOLN RD,Collision with:  Animal,On Roadway,Rear-end (front to rear),Animal,None Indicated,Visual obstruction,Daylight,Dry,Cloudy,None apparent,Non-intersection:  Non-junction/no special feature,Paved,N/A,Property Damage Only,0,0,0,0,0,0,5500,2,2,Northbound (NB),POINT (-91.810435706894 42.884732795965)
20160947099,16214,10/17/2016,10-October,2-Monday,11:27,1100 Hours,District 5 (Southeast),PELLA,MARION,IA-163,STATE 163/IOWA 163 (MM: 40),Collision with:  Vehicle in traffic,On Roadway,Rear-end (front to rear),Other (explain in narrative):  Other,None Indicated,None apparent,Daylight,Dry,Cloudy,None apparent,Interchange-related:  On-ramp merge area,Paved,N/A,Minor Injury,0,1,0,1,0,0,6700,2,3,Southbound (SB),POINT (-92.952317043165 41.414200480146)
20160946061,16-061017-01,10/17/2016,10-October,2-Monday,15:45,1500 Hours,District 6 (East Central),,IOWA,77,F012/110TH ST AND U AVE,Collision with:  Vehicle in traffic,On Roadway,Broadside (front to side),Ran Stop Sign,None Indicated,None apparent,Daylight,Gravel,Clear,None apparent,Intersection:  Four-way intersection,Unpaved,N/A,Minor Injury,0,1,0,1,0,0,9500,2,2,Southbound (SB),POINT (-91.908479522242 41.846973847403)
20160946447,S16-12724,10/18/2016,10-October,3-Tuesday,19:31,1900 Hours,District 3 (Northwest),,WOODBURY,US 20,US 20,Collision with:  Animal,On Roadway,Non-collision (single vehicle),Animal,None Indicated,Animal in roadway,N/A,N/A,N/A,N/A,N/A,Paved,N/A,Property Damage Only,0,0,0,0,0,0,10000,1,1,Southbound (SB),POINT (-96.212580789555 42.475204723439)
20160953323,201600004718,10/18/2016,10-October,3-Tuesday,13:29,1300 Hours,District 6 (East Central),,LINN,77,BANNER VALLEY RD,Other (explain in narrative),On Roadway,Non-collision (single vehicle),Driving too fast for conditions,None Indicated,None apparent,Daylight,Dry,Clear,None apparent,Non-intersection:  Non-junction/no special feature,Unpaved,N/A,Property Damage Only,0,0,0,0,0,0,3000,1,2,Southbound (SB),POINT (-91.541648154177 41.871163986618)
20160947365,16087268,10/19/2016,10-October,4-Wednesday,10:21,1000 Hours,District 2 (Northeast),CEDAR FALLS,BLACK HAWK,77,N FRANCIS ST AND S PARK RD,Collision with:  Vehicle in traffic,On Roadway,Broadside (front to side),FTYROW:  From driveway,None Indicated,None apparent,Daylight,Dry,Clear,None apparent,"Non-intersection:  Driveway access (related, not in)",Paved,N/A,Minor Injury,0,2,0,1,1,0,10000,2,2,Northbound (NB),POINT (-92.461996881699 42.542135519125)