Iowa DOT Case Number,Law Enforcement Case Number,Date of Crash,Month of Crash,Day of Week,Time of Crash,Hour,DOT District,City Name,County Name,Route with System,Location Description,First Harmful Event,Location of First Harmful Event,Manner of Crash/Collision,Major Cause,Drug or Alcohol ,Environmental Conditions,Light Conditions,Surface Conditions,Weather Conditions,Roadway Contribution,Roadway Type,Roadway Surface,Work Zone,Crash Severity,Number of Fatalities,Number of Injuries,Number of Major Injuries,Number of Minor Injuries,Number of Possible Injuries,Number of Unknown Injuries,Amount of Property Damage,Number of Vehicles Involved,Total Number of Occupants,Travel Direction,Location
20160946497,16172463,10/19/2016,10-October,4-Wednesday,21:56,2100 Hours,District 6 (East Central),,JOHNSON,I-80,INTERSTATE 80,Collision with fixed object:  Cable barrier,Median,Non-collision (single vehicle),Ran off road - left,None Indicated,None apparent,Dark - roadway not lighted,Dry,Clear,None apparent,Non-intersection:  Non-junction/no special feature,Paved,N/A,Property Damage Only,0,0,0,0,0,0,3000,1,1,Southbound (SB),POINT (-91.811613221263 41.687672580049)
20160946742,16172940,10/20/2016,10-October,5-Thursday,17:28,1700 Hours,District 6 (East Central),TIFFIN,JOHNSON,I-80,INTERSTATE 80 AND INTERSTATE 380 AND INTERSTATE 80 AND US 218,Collision with:  Vehicle in traffic,On Roadway,Rear-end (front to rear),Followed too close,None Indicated,None apparent,Dusk,Dry,Clear,None apparent,Interchange-related:  On-ramp merge area,Paved,N/A,Property Damage Only,0,0,0,0,0,0,6000,2,2,Southbound (SB),POINT (-91.638241400547 41.694314339071)
20160947652,201604750,10/20/2016,10-October,5-Thursday,04:50,0400 Hours,District 6 (East Central),,LINN,US 151,US 151/DUBUQUE RD,Collision with:  Animal,On Roadway,Non-collision (single vehicle),Animal,None Indicated,Animal in roadway,N/A,N/A,N/A,N/A,N/A,Paved,N/A,Property Damage Only,0,0,0,0,0,0,6000,1,1,Northbound (NB),POINT (-91.464534808268 42.050286321634)
20160947021,2016027603,10/21/2016,10-October,6-Friday,08:25,0800 Hours,District 4 (Southwest),COUNCIL BLUFFS,POTTAWATTAMIE,I-80,S 24TH ST EXIT OFF RAMP FROM INTERSTE 29 SB,Collision with fixed object:  Other traffic barrier (explain in narrative),On Roadway,Non-collision (single vehicle),Ran off road - straight,None Indicated,None apparent,Daylight,Dry,Cloudy,Work Zone (roadway-related),Interchange-related:  Off-ramp,Paved,Yes,Minor Injury,0,1,0,1,0,0,500,1,1,Westbound (WB),POINT (-95.89100941113 41.232660462412)
20160947425,16-33361,10/21/2016,10-October,6-Friday,05:33,0500 Hours,District 5 (Southeast),,LEE,US 218,HWY 27/ MM26,Collision with:  Animal,On Roadway,Non-collision (single vehicle),Animal,None Indicated,Animal in roadway,N/A,N/A,N/A,N/A,N/A,Paved,N/A,Property Damage Only,0,0,0,0,0,0,6500,1,2,Eastbound (EB),POINT (-91.563557763021 40.738004144805)
20160954513,201616777,10/22/2016,10-October,7-Saturday,12:10,1200 Hours,District 6 (East Central),CEDAR RAPIDS,LINN,77,HENDERSON AVE SE AND 33RD ST SE,Collision with:  Vehicle in traffic,On Roadway,Broadside (front to side),FTYROW:  Making left turn,None Indicated,None apparent,Daylight,Dry,Clear,None apparent,Intersection:  Four-way intersection,Paved,N/A,Property Damage Only,0,0,0,0,0,0,16000,2,2,Northbound (NB),POINT (-91.620476970564 41.975956056033)
20160947103,20160033191,10/22/2016,10-October,7-Saturday,23:20,2300 Hours,District 1 (Central),DES MOINES,POLK,77,3RD ST AND GRAND AVE,Collision with:  Vehicle in traffic,On Roadway,Broadside (front to side),Ran Traffic Signal,None Indicated,None apparent,Dark - roadway lighted,Dry,Clear,None apparent,Intersection:  Four-way intersection,Paved,N/A,Property Damage Only,0,0,0,0,0,0,3500,2,3,Eastbound (EB),POINT (-93.621494145657 41.588581217679)
20160947235,2016-0418,10/23/2016,10-October,1-Sunday,00:30,0000 Hours,District 1 (Central),CARLISLE,WARREN,77,N RIVER TER,Collision with fixed object:  Mailbox,Outside trafficway,Non-collision (single vehicle),Ran off road - left,Under Influence of Alcohol/Drugs/Medications,None apparent,Dark - roadway lighted,Dry,Clear,None apparent,Non-intersection:  Non-junction/no special feature,Paved,N/A,Property Damage Only,0,0,0,0,0,0,2200,1,1,Southbound (SB),POINT (-93.493011324742 41.506561629601)
20160947614,16019071,10/24/2016,10-October,2-Monday,17:55,1700 Hours,District 2 (Northeast),,CHICKASAW,US 18,US 18/270TH,Collision with:  Animal,On Roadway,Non-collision (single vehicle),Animal,None Indicated,Animal in roadway,N/A,N/A,N/A,N/A,N/A,Paved,N/A,Property Damage Only,0,0,0,0,0,0,8000,1,1,Southbound (SB),POINT (-92.160487069169 42.965288234187)
20160947618,166220,10/24/2016,10-October,2-Monday,19:56,1900 Hours,District 1 (Central),,HARDIN,IA-175,STATE 175/IOWA 175,Collision with:  Animal,On Roadway,Non-collision (single vehicle),Animal,None Indicated,Animal in roadway,N/A,N/A,N/A,N/A,N/A,Paved,N/A,Property Damage Only,0,0,0,0,0,0,1500,1,2,Southbound (SB),POINT (-93.068125524753 42.360917559077)
20160948211,163810,10/25/2016,10-October,3-Tuesday,16:49,1600 Hours,District 3 (Northwest),DENISON,CRAWFORD,77,S 25TH ST AND 1ST AVE S,Collision with:  Vehicle in traffic,On Roadway,Head-on (front to front),Crossed centerline (undivided),None Indicated,None apparent,Daylight,Dry,Clear,None apparent,Intersection:  T-intersection,Paved,N/A,Property Damage Only,0,0,0,0,0,0,10000,2,4,Northbound (NB),POINT (-95.337426522268 42.015434026982)
20160948360,16-02537,10/26/2016,10-October,4-Wednesday,18:34,1800 Hours,District 5 (Southeast),,MARION,77,T015/HWY T15,Collision with:  Animal,On Roadway,Non-collision (single vehicle),Animal,None Indicated,Animal in roadway,N/A,N/A,N/A,N/A,N/A,Paved,N/A,Property Damage Only,0,0,0,0,0,0,2000,1,2,Northbound (NB),POINT (-93.023948164931 41.32995026213)
20160952259,16-027792,10/26/2016,10-October,4-Wednesday,18:25,1800 Hours,District 2 (Northeast),,WORTH,77,LARK AVE and A034 / 430TH ST,Collision with:  Animal,On Roadway,Non-collision (single vehicle),Animal,None Indicated,Animal in roadway,N/A,N/A,N/A,N/A,N/A,Unpaved,N/A,Property Damage Only,0,0,0,0,0,0,4000,1,2,Northbound (NB),POINT (-93.28184038035 43.3860679082)
20160947940,20160033531,10/26/2016,10-October,4-Wednesday,06:48,0600 Hours,District 1 (Central),DES MOINES,POLK,77,GEORGE FLAGG PKWY AND FLEUR DR,Collision with:  Vehicle in traffic,On Roadway,Rear-end (front to rear),Lost Control,None Indicated,None apparent,Dark - roadway lighted,Wet,Rain,None apparent,Intersection:  Four-way intersection,Paved,N/A,Possible/Unknown,0,1,0,0,0,1,4000,2,2,Northbound (NB),POINT (-93.644955245608 41.568654039862)
20160950243,20164393,10/27/2016,10-October,5-Thursday,19:03,1900 Hours,District 1 (Central),,GRUNDY,US 20,US 20 & 193  WB,Collision with:  Animal,Unknown,N/A,Animal,None Indicated,N/A,N/A,N/A,N/A,N/A,N/A,Paved,N/A,Property Damage Only,0,0,0,0,0,0,5000,1,1,Westbound (WB),POINT (-92.831039473497 42.463076607616)
20160948259,16-044931,10/28/2016,10-October,6-Friday,09:52,0900 Hours,District 4 (Southwest),COUNCIL BLUFFS,POTTAWATTAMIE,I-80,30TH AVE AND STATE 192/S EXPRESSWAY AND INTERSTATE 29 AND INTERSTATE 29,Collision with:  Vehicle in traffic,On Roadway,Rear-end (front to rear),Followed too close,None Indicated,None apparent,Daylight,Dry,Clear,None apparent,Non-intersection:  Non-junction/no special feature,Paved,N/A,Possible/Unknown,0,3,0,0,3,0,14000,5,8,Southbound (SB),POINT (-95.851337560598 41.230669356817)
20160948650,16-005250,10/28/2016,10-October,6-Friday,13:37,1300 Hours,District 1 (Central),AMES,STORY,US 69,US 69/S DUFF AVE,Collision with:  Vehicle in traffic,On Roadway,Rear-end (front to rear),Other (explain in narrative):  Other,None Indicated,None apparent,Daylight,Dry,Clear,None apparent,Non-intersection:  Non-junction/no special feature,Paved,N/A,Property Damage Only,0,0,0,0,0,0,3950,3,4,Northbound (NB),POINT (-93.610348153242 42.018550173863)
20160948442,16-090365,10/29/2016,10-October,7-Saturday,19:38,1900 Hours,District 1 (Central),,BLACK HAWK,77,W TAMA RD AND US 63/HUDSON RD,Collision with:  Animal,Unknown,N/A,Animal,None Indicated,N/A,N/A,N/A,N/A,N/A,N/A,Paved,N/A,Property Damage Only,0,0,0,0,0,0,3000,1,2,Southbound (SB),POINT (-92.455639508027 42.31173309579)
20160948458,16-007692,10/29/2016,10-October,7-Saturday,21:48,2100 Hours,District 3 (Northwest),,MONONA,IA-183,STATE 183/IOWA 183,Collision with:  Animal,On Roadway,Non-collision (single vehicle),Animal,None Indicated,Animal in roadway,Dark - roadway not lighted,Dry,Cloudy,None apparent,Non-intersection:  Non-junction/no special feature,Paved,N/A,Property Damage Only,0,0,0,0,0,0,2500,1,1,Northbound (NB),POINT (-95.739076035587 42.031762472112)
20160948908,SA1609873,10/30/2016,10-October,1-Sunday,14:43,1400 Hours,District 5 (Southeast),,WASHINGTON,77,W038/GINKGO AVE,Collision with fixed object:  Ditch,On Roadway,Non-collision (single vehicle),Ran off road - right,Alcohol (Statutory),None apparent,Daylight,Dry,Clear,None apparent,Non-intersection:  Non-junction/no special feature,Paved,N/A,Minor Injury,0,1,0,1,0,0,10000,1,1,Northbound (NB),POINT (-91.834784567823 41.453823916323)
20160949193,,10/30/2016,10-October,1-Sunday,21:36,2100 Hours,District 6 (East Central),MARENGO,IOWA,77,LAFAYETTE AVE and GARFIELD ST,Collision with fixed object:  Other fixed object (explain in narrative),On Roadway,Non-collision (single vehicle),Driver Distraction:  Exterior distraction,None Indicated,Animal in roadway,Dark - roadway not lighted,Dry,Clear,None apparent,Non-intersection:  Non-junction/no special feature,Paved,N/A,Property Damage Only,0,0,0,0,0,0,1500,1,2,Northbound (NB),POINT (-92.072626109419 41.805264995407)
20160951956,16-034528,10/31/2016,10-October,2-Monday,06:01,0600 Hours,District 5 (Southeast),,LEE,77,STATE 16/IOWA 16 AND 130 AVE,Collision with:  Animal,On Roadway,Non-collision (single vehicle),Animal,None Indicated,Animal in roadway,N/A,N/A,N/A,N/A,N/A,Unpaved,N/A,Property Damage Only,0,0,0,0,0,0,2500,1,1,Northbound (NB),POINT (-91.660681277717 40.784708875915)
20160949414,16016462,11/01/2016,11-November,3-Tuesday,07:30,0700 Hours,District 5 (Southeast),,APPANOOSE,77,J05T/HWY J5T MEASURING 3034 FEET SOUTHWEST FROM BOYER RIDGE RD AND J05T/HWY J5T,Collision with:  Animal,On Roadway,Non-collision (single vehicle),Animal,None Indicated,None apparent,Dawn,Dry,Clear,None apparent,Non-intersection:  Non-junction/no special feature,Paved,N/A,Property Damage Only,0,0,0,0,0,0,3000,1,1,Northbound (NB),POINT (-92.874835539804 40.833303730928)
20160949220,S16-003606,11/01/2016,11-November,3-Tuesday,07:40,0700 Hours,District 4 (Southwest),UNDERWOOD,POTTAWATTAMIE,77,701 HIGHWAY ST,Collision with:  Vehicle in traffic,On Roadway,Rear-end (front to rear),Followed too close,None Indicated,None apparent,Dawn,Dry,Clear,None apparent,Non-intersection:  Non-junction/no special feature,Paved,N/A,Property Damage Only,0,0,0,0,0,0,7000,2,2,Northbound (NB),POINT (-95.683486236748 41.380476189737)
20160949342,2016-009759,11/02/2016,11-November,4-Wednesday,12:36,1200 Hours,District 6 (East Central),DUBUQUE,DUBUQUE,77,LORAS BLVD AND ALGONA ST N,Collision with:  Vehicle in traffic,On Roadway,"Sideswipe, same direction",FTYROW:  From stop sign,None Indicated,None apparent,Daylight,Dry,Cloudy,None apparent,Intersection:  Four-way intersection,Paved,N/A,Property Damage Only,0,0,0,0,0,0,3000,2,2,Northbound (NB),POINT (-90.691576817831 42.499592345551)
20160950884,2016028650,11/02/2016,11-November,4-Wednesday,15:10,1500 Hours,District 4 (Southwest),,POTTAWATTAMIE,I-80,I-80 WB 45MM,Collision with:  Vehicle in traffic,On Roadway,"Sideswipe, same direction",Improper or erratic lane changing,None Indicated,Other (explain in narrative),Daylight,Dry,Cloudy,None apparent,Non-intersection:  Non-junction/no special feature,Paved,N/A,Property Damage Only,0,0,0,0,0,0,2000,2,2,Westbound (WB),POINT (-95.24506770328 41.497401385414)
20160949321,16C05163,11/03/2016,11-November,5-Thursday,07:10,0700 Hours,District 4 (Southwest),CRESTON,UNION,IA-25,W ADAMS ST AND STATE 25/N SUMNER AVE AND STATE 25/S SUMNER AVE,Collision with:  Vehicle in traffic,On Roadway,Rear-end (front to rear),Other (explain in narrative):  Vision obstructed,None Indicated,None apparent,Dawn,Dry,Clear,None apparent,Intersection:  Four-way intersection,Paved,N/A,Property Damage Only,0,0,0,0,0,0,1600,2,2,Northbound (NB),POINT (-94.372644314456 41.057295370669)
20160949531,016721,11/03/2016,11-November,5-Thursday,07:39,0700 Hours,District 2 (Northeast),,EMMET,IA-9,STATE 9/IOWA 9,Collision with:  Animal,On Roadway,Non-collision (single vehicle),Animal,None Indicated,Animal in roadway,N/A,N/A,N/A,N/A,N/A,Paved,N/A,Minor Injury,0,1,0,1,0,0,2500,1,1,Southbound (SB),POINT (-94.51504053714 43.398124427601)
20160950045,2016011228,11/04/2016,11-November,6-Friday,22:54,2200 Hours,District 6 (East Central),IOWA CITY,JOHNSON,77,MELROSE AVE/KENNEDY PKWY,Collision with:  Vehicle in traffic,On Roadway,Non-collision (single vehicle),Animal,None Indicated,None apparent,Dark - roadway lighted,Dry,Cloudy,None apparent,Non-intersection:  Non-junction/no special feature,Paved,N/A,Property Damage Only,0,0,0,0,0,0,3000,1,1,Southbound (SB),POINT (-91.589305095133 41.657057047868)
20160949886,16-001435,11/04/2016,11-November,6-Friday,20:59,2000 Hours,District 1 (Central),,STORY,US 30,INTERSTATE 35 AND US 30,Collision with:  Animal,On Roadway,Non-collision (single vehicle),Animal,None Indicated,Animal in roadway,N/A,N/A,N/A,N/A,N/A,Paved,N/A,Property Damage Only,0,0,0,0,0,0,1500,1,1,Westbound (WB),POINT (-93.565940355787 42.008059862266)
20160949731,16-1637,11/04/2016,11-November,6-Friday,10:43,1000 Hours,District 1 (Central),CLIVE,POLK,77,NW 78TH ST AND UNIVERSITY BLVD AND UNIVERSITY AVE,Collision with:  Animal,On Roadway,Non-collision (single vehicle),Animal,None Indicated,Animal in roadway,N/A,N/A,N/A,N/A,N/A,Paved,N/A,Property Damage Only,0,0,0,0,0,0,2000,1,1,Southbound (SB),POINT (-93.724437500126 41.600696843015)
20160953515,1611052511,11/05/2016,11-November,7-Saturday,01:00,0100 Hours,District 6 (East Central),,CLINTON,77,140 AVE MEASURING 798 FEET EAST FROM 65 AVE AND 100 ST,Non-collision events:  Overturn/rollover,On Roadway,Non-collision (single vehicle),Ran off road - left,None Indicated,None apparent,Dark - roadway not lighted,Gravel,Clear,None apparent,Non-intersection:  Non-junction/no special feature,Unpaved,N/A,Possible/Unknown,0,1,0,0,0,1,2000,1,1,Northbound (NB),POINT (-90.8207013341 42.03251488305)
20160949903,16009163,11/05/2016,11-November,7-Saturday,06:53,0600 Hours,District 6 (East Central),,DELAWARE,IA-38,STATE 38/IOWA 38 (MM: 87),Collision with:  Animal,On Roadway,Non-collision (single vehicle),Animal,None Indicated,Animal in roadway,N/A,N/A,N/A,N/A,N/A,Paved,N/A,Property Damage Only,0,0,0,0,0,0,4000,1,1,Northbound (NB),POINT (-91.341687111045 42.490260928948)
20160954534,201617778,11/06/2016,11-November,1-Sunday,18:01,1800 Hours,District 6 (East Central),CEDAR RAPIDS,LINN,77,L ST SW AND 3RD ST NW AND STATE 922/1ST AVE W AND INTERSTATE 380,Collision with:  Vehicle in traffic,On Roadway,Rear-end (front to rear),Followed too close,None Indicated,None apparent,Dark - roadway lighted,Dry,Clear,None apparent,Non-intersection:  Non-junction/no special feature,Paved,N/A,Property Damage Only,0,0,0,0,0,0,2000,2,3,Eastbound (EB),POINT (-91.676967358322 41.97519806319)
20160950456,16045113,11/07/2016,11-November,2-Monday,05:49,0500 Hours,District 5 (Southeast),,MUSCATINE,77,HWY 61 SB/170TH ST,Collision with:  Animal,On Roadway,Non-collision (single vehicle),Animal,None Indicated,Animal in roadway,Dark - roadway not lighted,Dry,Clear,None apparent,Non-intersection:  Non-junction/no special feature,Unpaved,N/A,Property Damage Only,0,0,0,0,0,0,6000,1,1,Southbound (SB),POINT (-90.961784325839 41.499453448273)
20160950212,16-0586,11/07/2016,11-November,2-Monday,14:48,1400 Hours,District 1 (Central),,WEBSTER,77,US 169 AND D014/170TH ST,Collision with:  Vehicle in traffic,On Roadway,Broadside (front to side),FTYROW:  From stop sign,None Indicated,None apparent,Daylight,Dry,Cloudy,None apparent,Intersection:  Four-way intersection,Paved,N/A,Property Damage Only,0,0,0,0,0,0,4000,2,3,Southbound (SB),POINT (-94.227209702919 42.544013343328)
20160952122,,11/08/2016,11-November,3-Tuesday,14:56,1400 Hours,District 1 (Central),TAMA,TAMA,US 63,US 0063 / HARDING ST,Collision with:  Vehicle in traffic,On Roadway,Broadside (front to side),FTYROW:  From driveway,None Indicated,None apparent,N/A,N/A,N/A,N/A,"Non-intersection:  Driveway access (related, not in)",Paved,N/A,Property Damage Only,0,0,0,0,0,0,2000,2,2,Northbound (NB),POINT (-92.58166932904 41.976367828395)
20160950174,16-1854,11/08/2016,11-November,3-Tuesday,01:03,0100 Hours,District 1 (Central),,GREENE,US 30,US 30/220TH & 1/4 MILE EAST OF KIRKWOOD AVE.,Collision with:  Animal,On Roadway,Non-collision (single vehicle),Animal,None Indicated,Animal in roadway,Dark - roadway not lighted,Dry,Cloudy,None apparent,Non-intersection:  Non-junction/no special feature,Paved,N/A,Property Damage Only,0,0,0,0,0,0,4000,1,1,Southbound (SB),POINT (-94.421671771024 42.034568536844)
20160950591,16-3358,11/09/2016,11-November,4-Wednesday,11:10,1100 Hours,District 1 (Central),FORT DODGE,WEBSTER,77,2ND AVE N AND N 15TH ST,Collision with:  Vehicle in traffic,On Roadway,"Angle, oncoming left turn",FTYROW:  Making left turn,None Indicated,None apparent,Daylight,Dry,Clear,None apparent,Unknown,Paved,N/A,Property Damage Only,0,0,0,0,0,0,2300,2,3,Northbound (NB),POINT (-94.177835461618 42.508292720735)
20160951140,16-39494,11/09/2016,11-November,4-Wednesday,12:15,1200 Hours,District 5 (Southeast),,DES MOINES,77,MADISON AVE MEASURING 1633 FEET SOUTH FROM KOESTNER ST AND MADISON AVE,Non-collision events:  Overturn/rollover,Shoulder,Non-collision (single vehicle),Other (explain in narrative):  Other,None Indicated,None apparent,Daylight,Dry,Clear,None apparent,Non-intersection:  Driveway access (within),Paved,N/A,Property Damage Only,0,0,0,0,0,0,10000,1,1,Northbound (NB),POINT (-91.109822733872 40.770179841559)
20160954634,201618000,11/10/2016,11-November,5-Thursday,12:45,1200 Hours,District 6 (East Central),HIAWATHA,LINN,77,BLAIRS FERRY RD,Collision with:  Vehicle in traffic,On Roadway,Broadside (front to side),FTYROW:  From stop sign,None Indicated,None apparent,Daylight,Dry,Clear,None apparent,Intersection:  T-intersection,Paved,N/A,Property Damage Only,0,0,0,0,0,0,5000,2,2,Southbound (SB),POINT (-91.690953738326 42.034800725505)
20160951233,1611102381,11/10/2016,11-November,5-Thursday,17:38,1700 Hours,District 6 (East Central),,CLINTON,77,180 ST MEASURING 4518 FEET WEST FROM US 67 AND 180 ST,Collision with:  Animal,On Roadway,Non-collision (single vehicle),Animal,None Indicated,Animal in roadway,N/A,N/A,N/A,N/A,N/A,Unpaved,N/A,Property Damage Only,0,0,0,0,0,0,1500,1,1,Southbound (SB),POINT (-90.212104550938 41.917449237191)
20160951364,2016029450,11/10/2016,11-November,5-Thursday,19:41,1900 Hours,District 2 (Northeast),,CERRO GORDO,I-35,INTERSTATE 35 SB @ 182.5 MM,Collision with:  Animal,On Roadway,Non-collision (single vehicle),Animal,None Indicated,Animal in roadway,N/A,N/A,N/A,N/A,N/A,Paved,N/A,Property Damage Only,0,0,0,0,0,0,6500,1,2,Northbound (NB),POINT (-93.345512085543 42.978390405513)
20160954671,201618082,11/11/2016,11-November,6-Friday,15:50,1500 Hours,District 6 (East Central),CEDAR RAPIDS,LINN,77,INTERSTATE 380 AND 42ND ST NE,Collision with:  Vehicle in traffic,On Roadway,Rear-end (front to rear),Followed too close,None Indicated,Glare,Daylight,Dry,Clear,None apparent,"Interchange-related:  Mainline, between ramps",Paved,N/A,Major Injury,0,2,1,0,1,0,30000,2,2,Westbound (WB),POINT (-91.66856609819 42.021564997493)
20160951306,2016-71430,11/11/2016,11-November,6-Friday,20:09,2000 Hours,District 6 (East Central),DAVENPORT,SCOTT,77,BELLE AVE AND E LOCUST ST,Collision with:  Parked motor vehicle,On Roadway,"Sideswipe, same direction",Lost Control,None Indicated,None apparent,Dark - roadway lighted,Dry,Clear,None apparent,Non-intersection:  Non-junction/no special feature,Paved,N/A,Possible/Unknown,0,1,0,0,0,1,1500,2,1,Northbound (NB),POINT (-90.54384561566 41.538396312812)
20160951022,16-5789,11/12/2016,11-November,7-Saturday,17:35,1700 Hours,District 1 (Central),WEST DES MOINES,DALLAS,77,1200 JORDAN CREEK PKWY,Collision with:  Vehicle in traffic,On Roadway,Rear-end (front to rear),Followed too close,None Indicated,None apparent,Dark - roadway lighted,Dry,Clear,None apparent,Non-intersection:  Non-junction/no special feature,Paved,N/A,Property Damage Only,0,0,0,0,0,0,6000,2,7,Eastbound (EB),POINT (-93.809111596574 41.585567445456)
20160951450,16-23909,11/12/2016,11-November,7-Saturday,13:06,1300 Hours,District 6 (East Central),BETTENDORF,SCOTT,77,14TH ST AND CALVERT ST,Collision with:  Vehicle in traffic,On Roadway,Broadside (front to side),FTYROW:  From stop sign,None Indicated,None apparent,Daylight,Dry,Clear,None apparent,Intersection:  Four-way intersection,Paved,N/A,Possible/Unknown,0,2,0,0,2,0,12000,2,3,Northbound (NB),POINT (-90.513053674594 41.529250129998)
20160951093,16-014065,11/13/2016,11-November,1-Sunday,10:00,1000 Hours,District 3 (Northwest),ORANGE CITY,SIOUX,77,IOWA AVE SW,Collision with:  Vehicle in traffic,On Roadway,Other (explain in narrative),Improper Backing,None Indicated,None apparent,Daylight,Dry,Clear,None apparent,Intersection:  T-intersection,Paved,N/A,Property Damage Only,0,0,0,0,0,0,5000,2,2,Northbound (NB),POINT (-96.066670458092 43.00412990483)
20160951661,16-046152,11/14/2016,11-November,2-Monday,18:00,1800 Hours,District 5 (Southeast),,MUSCATINE,US 61,US 61,Collision with:  Animal,On Roadway,Non-collision (single vehicle),Animal,None Indicated,Animal in roadway,N/A,N/A,N/A,N/A,N/A,Paved,N/A,Property Damage Only,0,0,0,0,0,0,1500,1,1,Northbound (NB),POINT (-90.869271135861 41.519581241456)
20160951539,16-7806,11/14/2016,11-November,2-Monday,07:55,0700 Hours,District 1 (Central),GRIMES,POLK,IA-141,STATE 141/IOWA 141 1ST INNERLEG,Collision with:  Vehicle in traffic,On Roadway,"Sideswipe, same direction",Driver Distraction:  Other interior distraction,None Indicated,None apparent,Daylight,Dry,Clear,None apparent,Non-intersection:  Non-junction/no special feature,Paved,N/A,Property Damage Only,0,0,0,0,0,0,3000,2,2,Southbound (SB),POINT (-93.775183958448 41.652724468031)
20160954641,201618251,11/14/2016,11-November,2-Monday,21:52,2100 Hours,District 6 (East Central),CEDAR RAPIDS,LINN,77,2ND AVE/ 6TH ST SW,Collision with:  Vehicle in traffic,On Roadway,Rear-end (front to rear),Other (explain in narrative):  Other,None Indicated,None apparent,Dark - roadway lighted,Dry,Clear,None apparent,Non-intersection:  Non-junction/no special feature,Paved,N/A,Property Damage Only,0,0,0,0,0,0,3000,2,2,Westbound (WB),POINT (-91.67884041486 41.973337288781)
20160952199,111516-0224,11/15/2016,11-November,3-Tuesday,23:33,2300 Hours,District 3 (Northwest),STORM LAKE,BUENA VISTA,77,SUPERIOR ST AND E 4TH ST,Collision with:  Vehicle in traffic,On Roadway,Broadside (front to side),FTYROW:  From stop sign,None Indicated,None apparent,Dark - roadway lighted,Dry,Clear,None apparent,Intersection:  Four-way intersection,Paved,N/A,Minor Injury,0,2,0,1,1,0,10000,2,2,Southbound (SB),POINT (-95.192617664582 42.642483682338)
20160951873,16-40315,11/15/2016,11-November,3-Tuesday,18:08,1800 Hours,District 5 (Southeast),,DES MOINES,US 61,260TH ST AND US 61,Collision with:  Animal,On Roadway,Non-collision (single vehicle),Animal,None Indicated,Animal in roadway,N/A,N/A,N/A,N/A,N/A,Paved,N/A,Property Damage Only,0,0,0,0,0,0,1500,1,1,Northbound (NB),POINT (-91.17536595589 41.059517972788)
20160953488,16-007943,11/16/2016,11-November,4-Wednesday,08:25,0800 Hours,District 6 (East Central),URBANA,BENTON,77,SUNSET ST AND UNION AVE AND N UNOIN AVE,Collision with:  Vehicle in traffic,On Roadway,Rear-end (front to rear),FTYROW:  Other (explain in narrative),None Indicated,None apparent,Daylight,Dry,Clear,None apparent,Intersection:  Four-way intersection,Paved,N/A,Possible/Unknown,0,2,0,0,2,0,10000,2,3,Northbound (NB),POINT (-91.871368391293 42.227163645292)
20160952158,20160035999,11/16/2016,11-November,4-Wednesday,18:00,1800 Hours,District 1 (Central),DES MOINES,POLK,US 69,US 69/E 14TH ST MEASURING 85 FEET NORTH FROM DES MOINES ST AND US 69/E 14TH ST,Collision with:  Vehicle in traffic,On Roadway,Rear-end (front to rear),Followed too close,None Indicated,None apparent,Dark - roadway lighted,Dry,Clear,None apparent,Non-intersection:  Non-junction/no special feature,Paved,N/A,Property Damage Only,0,0,0,0,0,0,4500,3,3,Eastbound (EB),POINT (-93.59863946332 41.595169696557)
20160953489,16-007973,11/17/2016,11-November,5-Thursday,17:19,1700 Hours,District 6 (East Central),,BENTON,IA-150,STATE 150/24 AVE DR,Collision with:  Animal,On Roadway,Non-collision (single vehicle),Animal,None Indicated,Animal in roadway,N/A,N/A,N/A,N/A,N/A,Paved,N/A,Property Damage Only,0,0,0,0,0,0,2000,1,1,Northbound (NB),POINT (-92.017468366995 42.204713911679)
20160952471,W16-096021,11/17/2016,11-November,5-Thursday,18:11,1800 Hours,District 2 (Northeast),WATERLOO,BLACK HAWK,77,2834 ANSBOROUGH AVE,Collision with:  Vehicle in traffic,On Roadway,Broadside (front to side),Driver Distraction:  Other interior distraction,None Indicated,None apparent,Dark - roadway lighted,Dry,Clear,None apparent,Non-intersection:  Non-junction/no special feature,Paved,N/A,Property Damage Only,0,0,0,0,0,0,3500,2,3,Northbound (NB),POINT (-92.376619926305 42.471592548259)
20160954318,16702756,11/18/2016,11-November,6-Friday,13:30,1300 Hours,District 4 (Southwest),ELLIOTT,MONTGOMERY,77,MAIN ST,Collision with:  Parked motor vehicle,On Roadway,Rear-end (front to rear),Improper Backing,None Indicated,None apparent,Daylight,Dry,Cloudy,None apparent,Non-intersection:  Non-junction/no special feature,Paved,N/A,Property Damage Only,0,0,0,0,0,0,2250,2,1,Southbound (SB),POINT (-95.163435926713 41.149282805254)
20160954362,201605237,11/18/2016,11-November,6-Friday,21:55,2100 Hours,District 6 (East Central),,LINN,77,W06E/NORTH CENTER POINT RD AND FAY RD,Non-collision events:  Overturn/rollover,On Roadway,Non-collision (single vehicle),Ran off road - right,None Indicated,Animal in roadway,Dark - roadway not lighted,Dry,Cloudy,None apparent,Non-intersection:  Non-junction/no special feature,Unpaved,N/A,Property Damage Only,0,0,0,0,0,0,5200,1,1,Southbound (SB),POINT (-91.765029138251 42.179623230868)
20160953627,2016030292,11/19/2016,11-November,7-Saturday,10:03,1000 Hours,District 6 (East Central),,JACKSON,77,400 AVE AND 17 ST WEST OF PRESTON,Collision with:  Vehicle in traffic,On Roadway,Head-on (front to front),FTYROW:  From stop sign,None Indicated,None apparent,Daylight,Dry,Clear,None apparent,Intersection:  T-intersection,Unpaved,N/A,Possible/Unknown,0,1,0,0,1,0,10000,2,2,Northbound (NB),POINT (-90.432599451023 42.047873303041)
20160952859,16-006811(A),11/19/2016,11-November,7-Saturday,15:36,1500 Hours,District 4 (Southwest),ADAIR,ADAIR,77,HILLCREST ST AND 2ND ST,Collision with fixed object:  Fire hydrant,Shoulder,Non-collision (single vehicle),"Operating vehicle in an reckless, erratic, careless, negligent manner",Alcohol (Statutory),None apparent,Daylight,Dry,Clear,None apparent,Intersection:  T-intersection,Paved,N/A,Property Damage Only,0,0,0,0,0,0,4701,1,3,Southbound (SB),POINT (-94.639423765102 41.496752308202)