Iowa DOT Case Number,Law Enforcement Case Number,Date of Crash,Month of Crash,Day of Week,Time of Crash,Hour,DOT District,City Name,County Name,Route with System,Location Description,First Harmful Event,Location of First Harmful Event,Manner of Crash/Collision,Major Cause,Drug or Alcohol ,Environmental Conditions,Light Conditions,Surface Conditions,Weather Conditions,Roadway Contribution,Roadway Type,Roadway Surface,Work Zone,Crash Severity,Number of Fatalities,Number of Injuries,Number of Major Injuries,Number of Minor Injuries,Number of Possible Injuries,Number of Unknown Injuries,Amount of Property Damage,Number of Vehicles Involved,Total Number of Occupants,Travel Direction,Location
20160954201,2016-003264,11/20/2016,11-November,1-Sunday,16:30,1600 Hours,District 6 (East Central),CASCADE,DUBUQUE,77,1ST AVE W,Collision with:  Parked motor vehicle,In parking lane/zone,Head-on (front to front),Improper Backing,None Indicated,None apparent,Daylight,Dry,Clear,None apparent,"Interchange-related:  Mainline, between ramps",Paved,N/A,Property Damage Only,0,0,0,0,0,0,3000,2,1,Southbound (SB),POINT (-91.014515081776 42.298715597528)
20160955230,16097070,11/21/2016,11-November,2-Monday,14:42,1400 Hours,District 2 (Northeast),CEDAR FALLS,BLACK HAWK,IA-27,STATE 57/HWY 58,Collision with fixed object:  Bridge pier or support,Outside trafficway,Non-collision (single vehicle),Ran off road - right,None Indicated,None apparent,Daylight,Dry,Cloudy,None apparent,Non-intersection:  Non-junction/no special feature,Paved,N/A,Fatal,1,0,0,0,0,0,25250,1,1,Eastbound (EB),POINT (-92.425966569564 42.537475816874)
20160953218,20160036539,11/21/2016,11-November,2-Monday,14:15,1400 Hours,District 1 (Central),DES MOINES,POLK,77,UNIVERSITY AVE AND 19TH ST,Collision with:  Vehicle in traffic,On Roadway,Broadside (front to side),Unknown,None Indicated,None apparent,Daylight,Dry,Cloudy,None apparent,Intersection:  Four-way intersection,Paved,N/A,Property Damage Only,0,0,0,0,0,0,7000,2,3,Northbound (NB),POINT (-93.642559455813 41.600418019851)
20160953500,16-5981,11/22/2016,11-November,3-Tuesday,17:00,1700 Hours,District 1 (Central),WEST DES MOINES,DALLAS,77,1600 JORDAN CREEK PKWY,Collision with:  Vehicle in traffic,On Roadway,Rear-end (front to rear),Operator inexperience,None Indicated,Weather conditions,Dark - roadway lighted,Wet,Rain,None apparent,Non-intersection:  Non-junction/no special feature,Paved,N/A,Possible/Unknown,0,1,0,0,1,0,1600,2,2,Northbound (NB),POINT (-93.808938670882 41.596701564731)
20160961030,2016030553,11/22/2016,11-November,3-Tuesday,23:45,2300 Hours,District 1 (Central),,POLK,I-80,INTERSTATE 35/INTERSTATE 80 @ 137.40 MM,Collision with fixed object:  Guardrail - face,Shoulder,Non-collision (single vehicle),Ran off road - left,None Indicated,Weather conditions,Dark - roadway not lighted,Wet,Rain,None apparent,Non-intersection:  Non-junction/no special feature,Paved,N/A,Possible/Unknown,0,1,0,0,1,0,88850,1,1,Westbound (WB),POINT (-93.583351852967 41.650993873665)
20160953675,2016-73821,11/23/2016,11-November,4-Wednesday,09:09,0900 Hours,District 6 (East Central),DAVENPORT,SCOTT,US 6,SB/WB US 0006 / E KIMBERLY RD and DUCK CR / Goose Creek,Collision with:  Vehicle in traffic,On Roadway,Rear-end (front to rear),Followed too close,None Indicated,None apparent,Daylight,Wet,Rain,None apparent,Non-intersection:  Non-junction/no special feature,Paved,N/A,Property Damage Only,0,0,0,0,0,0,4300,2,2,Westbound (WB),POINT (-90.552209190568 41.556911731408)
20160965591,16-010337,11/23/2016,11-November,4-Wednesday,18:25,1800 Hours,District 3 (Northwest),,PALO ALTO,US 18,3400 BLOCK 360TH STREET,Collision with:  Animal,On Roadway,Non-collision (single vehicle),Animal,None Indicated,Animal in roadway,N/A,N/A,N/A,N/A,N/A,Paved,N/A,Property Damage Only,0,0,0,0,0,0,1500,1,1,Southbound (SB),POINT (-94.908841953115 43.126076614128)
20160954336,S16-003897,11/24/2016,11-November,5-Thursday,18:50,1800 Hours,District 4 (Southwest),,POTTAWATTAMIE,77,L066/340TH ST AND ROSEWOOD RD,Collision with:  Animal,On Roadway,Non-collision (single vehicle),Animal,None Indicated,Animal in roadway,N/A,N/A,N/A,N/A,N/A,Paved,N/A,Property Damage Only,0,0,0,0,0,0,2000,1,1,Northbound (NB),POINT (-95.536225978161 41.419231828712)
20160953886,2016-74157,11/25/2016,11-November,6-Friday,11:34,1100 Hours,District 6 (East Central),DAVENPORT,SCOTT,US 6,MISSISSIPPI AVE AND US 6/E KIMBERLY RD,Collision with:  Vehicle in traffic,On Roadway,Rear-end (front to rear),Other (explain in narrative):  No improper action,None Indicated,None apparent,Daylight,Dry,Clear,None apparent,Intersection:  T-intersection,Paved,N/A,Property Damage Only,0,0,0,0,0,0,2000,2,4,Westbound (WB),POINT (-90.554007350069 41.556922998938)
20160954664,16026557,11/25/2016,11-November,6-Friday,14:00,1400 Hours,District 6 (East Central),MARION,LINN,77,2200-BLK 7TH AV,Collision with:  Vehicle in traffic,On Roadway,Rear-end (front to rear),Followed too close,Alcohol (< Statutory),None apparent,Daylight,Dry,Cloudy,None apparent,Non-intersection:  Non-junction/no special feature,Paved,N/A,Minor Injury,0,1,0,1,0,0,7000,2,2,Southbound (SB),POINT (-91.587731528826 42.033279656911)
20160954359,2016012151,11/26/2016,11-November,7-Saturday,18:00,1800 Hours,District 6 (East Central),IOWA CITY,JOHNSON,77,E COURT ST AND S 1ST AVE,Collision with:  Vehicle in traffic,On Roadway,"Sideswipe, same direction",Made improper turn,None Indicated,None apparent,Dark - roadway lighted,Dry,Cloudy,None apparent,Non-intersection:  Non-junction/no special feature,Paved,N/A,Property Damage Only,0,0,0,0,0,0,6000,2,3,Northbound (NB),POINT (-91.502010632764 41.656789942758)
20160955128,16-41733,11/27/2016,11-November,1-Sunday,17:20,1700 Hours,District 5 (Southeast),BURLINGTON,DES MOINES,77,CENTRAL AVE AND ANGULAR ST,Collision with:  Vehicle in traffic,On Roadway,Broadside (front to side),FTYROW:  From stop sign,None Indicated,None apparent,Dark - roadway lighted,Wet,Rain,None apparent,Intersection:  Four-way intersection,Paved,N/A,Property Damage Only,0,0,0,0,0,0,2500,2,2,Southbound (SB),POINT (-91.11229574195 40.801675740384)
20160955601,2016030811,11/27/2016,11-November,1-Sunday,13:39,1300 Hours,District 4 (Southwest),,POTTAWATTAMIE,I-29,I-680 ON RAMP FROM I-29 SB,Collision with fixed object:  Utility pole/light support,Gore,Non-collision (single vehicle),Driving too fast for conditions,None Indicated,Weather conditions,Daylight,Wet,Rain,"Surface condition (e.g., wet, icy)",Non-intersection:  Non-junction/no special feature,Paved,N/A,Possible/Unknown,0,1,0,0,1,0,4000,1,1,Eastbound (EB),POINT (-95.901567612498 41.491061477164)
20160954655,16-049314,11/28/2016,11-November,2-Monday,14:40,1400 Hours,District 4 (Southwest),COUNCIL BLUFFS,POTTAWATTAMIE,77,30TH AVE AND DIAL DR,Collision with:  Vehicle in traffic,On Roadway,Broadside (front to side),FTYROW:  From stop sign,None Indicated,None apparent,Daylight,Dry,Clear,None apparent,Intersection:  Four-way intersection,Paved,N/A,Property Damage Only,0,0,0,0,0,0,3500,2,2,Southbound (SB),POINT (-95.849524568116 41.230678246554)
20160954987,20160037351,11/29/2016,11-November,3-Tuesday,16:45,1600 Hours,District 1 (Central),DES MOINES,POLK,77,FOREST AVE AND BEAVER AVE,Collision with:  Vehicle in traffic,On Roadway,Broadside (front to side),Ran Stop Sign,None Indicated,None apparent,Daylight,Dry,Cloudy,None apparent,Intersection:  Four-way intersection,Paved,N/A,Possible/Unknown,0,1,0,0,0,1,3500,2,2,Southbound (SB),POINT (-93.664088076569 41.604015658941)
20160956166,16-1436,11/29/2016,11-November,3-Tuesday,17:30,1700 Hours,District 1 (Central),PLEASANT HILL,POLK,77,100 BLK LIBERTY BELL,Miscellaneous events:  Hit and run,On Roadway,"Sideswipe, opposite direction",Lost Control,Under Influence of Alcohol/Drugs/Medications,None apparent,Dark - roadway lighted,Dry,Cloudy,None apparent,Non-intersection:  Non-junction/no special feature,Paved,N/A,Property Damage Only,0,0,0,0,0,0,4100,2,1,Northbound (NB),POINT (-93.524634035867 41.586749139295)
20160982790,16-14803,11/30/2016,11-November,4-Wednesday,21:30,2100 Hours,District 3 (Northwest),,SIOUX,US 75,US 75 AND B030/360TH ST,Non-collision events:  Overturn/rollover,Outside trafficway,Non-collision (single vehicle),Ran off road - right,None Indicated,Weather conditions,Dark - roadway not lighted,Ice/frost,Freezing rain/drizzle,"Surface condition (e.g., wet, icy)",Non-intersection:  Non-junction/no special feature,Paved,N/A,Minor Injury,0,2,0,2,0,0,5000,1,2,Northbound (NB),POINT (-96.176456745407 43.127882637504)
20160970201,,11/30/2016,11-November,4-Wednesday,18:24,1800 Hours,District 1 (Central),DES MOINES,POLK,US 69,US 0069 / E 14TH ST and FREMONT ST and US 0069 / JOHNSON CT,N/A,On Roadway,Rear-end (front to rear),"Operating vehicle in an reckless, erratic, careless, negligent manner",None Indicated,None apparent,Dark - roadway lighted,Wet,Freezing rain/drizzle,"Surface condition (e.g., wet, icy)",Intersection:  Four-way intersection,Paved,N/A,Property Damage Only,0,0,0,0,0,0,1000,2,3,Eastbound (EB),POINT (-93.60024155473 41.599728014733)
20160955856,2016-25335,12/01/2016,12-December,5-Thursday,17:08,1700 Hours,District 6 (East Central),BETTENDORF,SCOTT,77,18TH ST AND MAPLECREST RD,Collision with:  Vehicle in traffic,On Roadway,Rear-end (front to rear),Other (explain in narrative):  Other,None Indicated,None apparent,Dark - roadway lighted,Dry,Clear,None apparent,Intersection:  Four-way intersection,Paved,N/A,Property Damage Only,0,0,0,0,0,0,4500,2,2,Southbound (SB),POINT (-90.499290941858 41.555772380537)
20160955700,16-050075,12/02/2016,12-December,6-Friday,19:00,1900 Hours,District 4 (Southwest),COUNCIL BLUFFS,POTTAWATTAMIE,77,STATE 192/SE RAMP AND 19TH AVE AND STATE 192/S EXPRESSWAY,Collision with:  Vehicle in traffic,On Roadway,Rear-end (front to rear),Followed too close,None Indicated,None apparent,Dark - roadway lighted,Dry,Clear,None apparent,Non-intersection:  Non-junction/no special feature,Paved,N/A,Property Damage Only,0,0,0,0,0,0,1942,2,2,Southbound (SB),POINT (-95.853785002624 41.243866078276)
20160955637,W16-100081,12/02/2016,12-December,6-Friday,19:00,1900 Hours,District 2 (Northeast),WATERLOO,BLACK HAWK,77,W 6TH ST AND COMMERCIAL ST,Collision with:  Vehicle in traffic,On Roadway,"Sideswipe, same direction",FTYROW:  Other (explain in narrative),None Indicated,None apparent,Dark - roadway lighted,Dry,Clear,None apparent,Intersection:  Four-way intersection,Paved,N/A,Possible/Unknown,0,1,0,0,1,0,6000,2,3,Northbound (NB),POINT (-92.337604522362 42.493753250637)
20160956207,20160037880,12/03/2016,12-December,7-Saturday,23:19,2300 Hours,District 1 (Central),DES MOINES,POLK,US 69,US 69/SE 14TH ST AND GRATIS AVE,Collision with fixed object:  Utility pole/light support,On Roadway,Non-collision (single vehicle),Failed to yield to emergency vehicle,None Indicated,None apparent,Dark - roadway lighted,Wet,Rain,None apparent,Non-intersection:  Non-junction/no special feature,Paved,N/A,Property Damage Only,0,0,0,0,0,0,10500,1,1,Northbound (NB),POINT (-93.596929921724 41.568499062267)
20160966360,2016-75963,12/03/2016,12-December,7-Saturday,19:07,1900 Hours,District 6 (East Central),DAVENPORT,SCOTT,77,W 7TH ST AND GAINES ST,Collision with:  Vehicle in traffic,On Roadway,"Sideswipe, opposite direction","Operating vehicle in an reckless, erratic, careless, negligent manner",None Indicated,None apparent,Dark - roadway lighted,Dry,Clear,None apparent,Non-intersection:  Non-junction/no special feature,Paved,N/A,Property Damage Only,0,0,0,0,0,0,3000,2,1,Southbound (SB),POINT (-90.582948255 41.526796461806)
20160955853,16-8270,12/04/2016,12-December,1-Sunday,18:16,1800 Hours,District 1 (Central),,POLK,IA-17,NW 142ND ST/NW 130 AVE.,Collision with:  Animal,Unknown,N/A,Animal,None Indicated,N/A,N/A,N/A,N/A,N/A,N/A,Paved,N/A,Property Damage Only,0,0,0,0,0,0,4000,1,2,Northbound (NB),POINT (-93.81199239757 41.795897741684)
20160955813,16-050157,12/04/2016,12-December,1-Sunday,09:30,0900 Hours,District 4 (Southwest),COUNCIL BLUFFS,POTTAWATTAMIE,77,S 7TH ST,Collision with:  Parked motor vehicle,Shoulder,Broadside (front to side),Lost Control,None Indicated,None apparent,Daylight,Dry,Clear,None apparent,Non-intersection:  Non-junction/no special feature,Paved,N/A,Property Damage Only,0,0,0,0,0,0,4300,2,1,Northbound (NB),POINT (-95.854243805477 41.230561271881)
20160957436,16-42370,12/05/2016,12-December,2-Monday,20:40,2000 Hours,District 3 (Northwest),SIOUX CITY,WOODBURY,77,OUTER DR N,Collision with:  Animal,Unknown,N/A,Animal,None Indicated,N/A,N/A,N/A,N/A,N/A,N/A,Paved,N/A,Property Damage Only,0,0,0,0,0,0,2000,1,2,Southbound (SB),POINT (-96.354225197804 42.526070248378)
20160956059,16-9784,12/05/2016,12-December,2-Monday,08:40,0800 Hours,District 2 (Northeast),,KOSSUTH,77,B063/130 ST AND P060/190 AVE,Non-collision events:  Overturn/rollover,On Roadway,Non-collision (single vehicle),Ran off road - right,None Indicated,Weather conditions,Daylight,Ice/frost,Clear,"Surface condition (e.g., wet, icy)",Non-intersection:  Non-junction/no special feature,Paved,N/A,Property Damage Only,0,0,0,0,0,0,8000,1,1,Southbound (SB),POINT (-94.089542732016 42.951528721534)
20160956439,16-050458,12/06/2016,12-December,3-Tuesday,17:31,1700 Hours,District 4 (Southwest),COUNCIL BLUFFS,POTTAWATTAMIE,77,S 12TH ST AND 2ND AVE,Collision with:  Railway vehicle/train,On Roadway,Other (explain in narrative),Drove around RR grade crossing gates,None Indicated,None apparent,Daylight,Dry,Clear,None apparent,Non-intersection:  Railroad grade crossing,Paved,N/A,Property Damage Only,0,0,0,0,0,0,2000,2,2,Southbound (SB),POINT (-95.861932943236 41.259667983821)
20160956573,16-011329,12/06/2016,12-December,3-Tuesday,09:23,0900 Hours,District 6 (East Central),INDEPENDENCE,BUCHANAN,77,1ST ST E AND 5TH AVE SE AND STATE 150/5TH AVE NE,Collision with:  Vehicle in traffic,On Roadway,"Sideswipe, same direction",Failed to keep in proper lane,None Indicated,None apparent,Daylight,Dry,Clear,None apparent,Non-intersection:  Non-junction/no special feature,Paved,N/A,Property Damage Only,0,0,0,0,0,0,3000,2,2,Northbound (NB),POINT (-91.889359818362 42.468717012836)
20160956704,20160038308,12/07/2016,12-December,4-Wednesday,18:10,1800 Hours,District 1 (Central),WEST DES MOINES,POLK,77,GRAND AVE AND STATE 28/63RD ST,Collision with:  Vehicle in traffic,On Roadway,Rear-end (front to rear),Followed too close,None Indicated,None apparent,Dark - roadway lighted,Dry,Cloudy,None apparent,Non-intersection:  Non-junction/no special feature,Paved,N/A,Possible/Unknown,0,1,0,0,0,1,20000,2,4,Southbound (SB),POINT (-93.703422244097 41.582695798629)
20160956713,2016-76873,12/07/2016,12-December,4-Wednesday,17:36,1700 Hours,District 6 (East Central),DAVENPORT,SCOTT,77,GAINES ST AND W 4TH ST,Collision with:  Vehicle in traffic,On Roadway,"Angle, oncoming left turn",FTYROW:  Making left turn,None Indicated,None apparent,Dusk,Dry,Clear,None apparent,Intersection:  Four-way intersection,Paved,N/A,Property Damage Only,0,0,0,0,0,0,5500,2,2,Northbound (NB),POINT (-90.582962457364 41.523518419476)
20160957669,2016031921,12/08/2016,12-December,5-Thursday,14:25,1400 Hours,District 6 (East Central),,CEDAR,I-80,EB I-80 MM 270.5,Collision with fixed object:  Cable barrier,Shoulder,Non-collision (single vehicle),Ran off road - left,None Indicated,None apparent,Daylight,Dry,Cloudy,None apparent,Non-intersection:  Non-junction/no special feature,Paved,N/A,Property Damage Only,0,0,0,0,0,0,31851,1,1,Southbound (SB),POINT (-91.047284713347 41.638920215868)
20160958159,2016-11433,12/09/2016,12-December,6-Friday,07:35,0700 Hours,District 6 (East Central),ELDRIDGE,SCOTT,77,W SHERIDAN DR AND S 5TH ST,Collision with:  Vehicle in traffic,On Roadway,Broadside (front to side),Operator inexperience,None Indicated,None apparent,Daylight,Dry,Clear,None apparent,Intersection:  Four-way intersection,Paved,N/A,Property Damage Only,0,0,0,0,0,0,4500,2,2,Northbound (NB),POINT (-90.588223989696 41.650438429814)
20160959271,B16-1979,12/09/2016,12-December,6-Friday,18:06,1800 Hours,District 3 (Northwest),,WOODBURY,77,CF INDUSTRIES DR/PORT NEAL RD,Collision with:  Animal,On Roadway,Non-collision (single vehicle),Animal,None Indicated,Animal in roadway,Dark - unknown roadway lighting,Unknown,Clear,None apparent,Non-intersection:  Non-junction/no special feature,Paved,N/A,Property Damage Only,0,0,0,0,0,0,1500,1,1,Northbound (NB),POINT (-96.349796883441 42.340759409104)
20160959694,16023910,12/10/2016,12-December,7-Saturday,11:56,1100 Hours,District 2 (Northeast),MASON CITY,CERRO GORDO,77,N TAYLOR AVE AND 1ST ST NW,Collision with fixed object:  Utility pole/light support,On Roadway,Non-collision (single vehicle),Ran off road - right,None Indicated,None apparent,Daylight,Snow,Snow,"Surface condition (e.g., wet, icy)",Intersection:  T-intersection,Paved,N/A,Property Damage Only,0,0,0,0,0,0,2050,1,1,Northbound (NB),POINT (-93.218310699702 43.152769996371)
20160957403,16-005511,12/10/2016,12-December,7-Saturday,03:17,0300 Hours,District 1 (Central),ANKENY,POLK,I-35,91.8 INTERSTATE 35,Collision with:  Vehicle in traffic,On Roadway,"Sideswipe, same direction",Driver Distraction:  Other interior distraction,Alcohol (Statutory),None apparent,Dark - roadway not lighted,Dry,Clear,None apparent,Non-intersection:  Non-junction/no special feature,Paved,N/A,Property Damage Only,0,0,0,0,0,0,25000,2,2,Eastbound (EB),POINT (-93.576790347027 41.727173039237)
20160957261,2016012732,12/10/2016,12-December,7-Saturday,14:00,1400 Hours,District 6 (East Central),IOWA CITY,JOHNSON,77,PARK RD AND ROCKY SHORE DR,Collision with fixed object:  Utility pole/light support,Outside trafficway,Non-collision (single vehicle),Driving too fast for conditions,None Indicated,None apparent,Daylight,Snow,Snow,"Surface condition (e.g., wet, icy)",Non-intersection:  Non-junction/no special feature,Paved,N/A,Property Damage Only,0,0,0,0,0,0,2000,1,1,Northbound (NB),POINT (-91.55225930135 41.671304519855)
20160961878,2016-3386,12/10/2016,12-December,7-Saturday,13:17,1300 Hours,District 1 (Central),JEFFERSON,GREENE,77,N MAPLE ST AND W ADAMS ST,Collision with:  Vehicle in traffic,On Roadway,Broadside (front to side),Driving too fast for conditions,None Indicated,Weather conditions,Daylight,Snow,Snow,"Surface condition (e.g., wet, icy)",Intersection:  Four-way intersection,Paved,N/A,Property Damage Only,0,0,0,0,0,0,12000,2,2,Northbound (NB),POINT (-94.380086516124 42.01824330829)
20160957360,2016-77541,12/10/2016,12-December,7-Saturday,15:55,1500 Hours,District 6 (East Central),DAVENPORT,SCOTT,77,N THORNWOOD AVE AND US 6/W KIMBERLY RD,Collision with:  Vehicle in traffic,On Roadway,Head-on (front to front),Ran off road - left,None Indicated,Weather conditions,Daylight,Snow,Snow,None apparent,Non-intersection:  Non-junction/no special feature,Paved,N/A,Property Damage Only,0,0,0,0,0,0,4000,2,2,Northbound (NB),POINT (-90.615625140908 41.560235389277)
20160957410,16-42664,12/11/2016,12-December,1-Sunday,17:24,1700 Hours,District 3 (Northwest),SIOUX CITY,WOODBURY,77,18TH ST,Collision with:  Vehicle in traffic,On Roadway,"Angle, oncoming left turn",FTYROW:  Making left turn,None Indicated,None apparent,Dark - roadway lighted,Wet,Clear,None apparent,Intersection:  Four-way intersection,Paved,N/A,Property Damage Only,0,0,0,0,0,0,3000,2,2,Southbound (SB),POINT (-96.380427050501 42.50832603064)
20160959401,16050023,12/11/2016,12-December,1-Sunday,08:21,0800 Hours,District 5 (Southeast),,MUSCATINE,US 6,HWY 6/CEDAR RIVER,N/A,On Roadway,Non-collision (single vehicle),Other (explain in narrative):  No improper action,None Indicated,Weather conditions,Daylight,Ice/frost,Freezing rain/drizzle,"Surface condition (e.g., wet, icy)",Non-intersection:  Non-junction/no special feature,Paved,N/A,Property Damage Only,0,0,0,0,0,0,2000,1,1,Southbound (SB),POINT (-91.100852020002 41.567079948106)
20160957764,16-051241,12/12/2016,12-December,2-Monday,17:50,1700 Hours,District 4 (Southwest),COUNCIL BLUFFS,POTTAWATTAMIE,77,2500 BLOCK OF 5TH AVE,Collision with:  Vehicle in traffic,On Roadway,Broadside (front to side),Other (explain in narrative):  Other,None Indicated,None apparent,Dark - roadway lighted,Dry,Clear,None apparent,"Non-intersection:  Driveway access (related, not in)",Paved,N/A,Possible/Unknown,0,1,0,0,1,0,4100,2,2,Southbound (SB),POINT (-95.883212142262 41.257191272325)
20160957767,16-6360,12/12/2016,12-December,2-Monday,15:39,1500 Hours,District 1 (Central),WEST DES MOINES,POLK,77,5500 BLOCK E P TRUE PKWY,Collision with:  Vehicle in traffic,On Roadway,"Sideswipe, same direction",Other (explain in narrative):  Other,None Indicated,None apparent,Daylight,Dry,Cloudy,None apparent,Non-intersection:  Non-junction/no special feature,Paved,N/A,Property Damage Only,0,0,0,0,0,0,4000,2,2,Southbound (SB),POINT (-93.781928521279 41.573820960252)
20160957924,20160038915,12/13/2016,12-December,3-Tuesday,08:20,0800 Hours,District 1 (Central),DES MOINES,POLK,77,SW 9TH ST AND ARMY POST RD,Collision with:  Vehicle in traffic,On Roadway,Broadside (front to side),Ran Traffic Signal,None Indicated,None apparent,Daylight,Dry,Clear,None apparent,Intersection:  Four-way intersection,Paved,N/A,Possible/Unknown,0,2,0,0,2,0,10000,2,3,Northbound (NB),POINT (-93.62571792441 41.52648000746)
20160958695,C16004113,12/13/2016,12-December,3-Tuesday,17:15,1700 Hours,District 6 (East Central),CORALVILLE,JOHNSON,IA-965,STATE 965/CORAL RIDGE AVE,Collision with:  Vehicle in traffic,On Roadway,Rear-end (front to rear),Followed too close,None Indicated,None apparent,Dark - roadway lighted,Dry,Clear,None apparent,Non-intersection:  Non-junction/no special feature,Paved,N/A,Property Damage Only,0,0,0,0,0,0,9000,2,2,Northbound (NB),POINT (-91.608496390249 41.694453351032)
20160958270,20160039099,12/14/2016,12-December,4-Wednesday,17:16,1700 Hours,District 1 (Central),DES MOINES,POLK,77,12TH ST MEASURING 52 FEET NORTH FROM SW 11TH ST AND W MLK JR PKWY AND 12TH ST,Collision with fixed object:  Traffic sign support,On Roadway,Non-collision (single vehicle),"Operating vehicle in an reckless, erratic, careless, negligent manner",Under Influence of Alcohol/Drugs/Medications,None apparent,Dark - roadway lighted,Dry,Clear,None apparent,Non-intersection:  Non-junction/no special feature,Paved,N/A,Possible/Unknown,0,1,0,0,1,0,700,1,1,Northbound (NB),POINT (-93.629484149866 41.581124777782)
20160958514,16-24188,12/15/2016,12-December,5-Thursday,21:18,2100 Hours,District 2 (Northeast),WAVERLY,BREMER,77,EAGLE RIDGE DR,Collision with:  Animal,On Roadway,Non-collision (single vehicle),Animal,None Indicated,Animal in roadway,N/A,N/A,N/A,N/A,N/A,Paved,N/A,Property Damage Only,0,0,0,0,0,0,2100,1,4,Southbound (SB),POINT (-92.469095441838 42.704495511773)
20160959227,WSO1603165,12/15/2016,12-December,5-Thursday,17:14,1700 Hours,District 2 (Northeast),,WINNESHIEK,77,W040/CO RD W40,Collision with:  Animal,On Roadway,Non-collision (single vehicle),Animal,None Indicated,Animal in roadway,N/A,N/A,N/A,N/A,N/A,Paved,N/A,Property Damage Only,0,0,0,0,0,0,4000,1,2,Northbound (NB),POINT (-91.742476802787 43.441009589047)
20160958747,2016032663,12/16/2016,12-December,6-Friday,06:52,0600 Hours,District 3 (Northwest),,SIOUX,77,B040/400TH ST  .3 MILES WEST OF LARCH AVE,Non-collision events:  Overturn/rollover,Roadside,Non-collision (single vehicle),Ran off road - right,None Indicated,None apparent,Dark - roadway not lighted,Dry,Clear,None apparent,Non-intersection:  Non-junction/no special feature,Paved,N/A,Possible/Unknown,0,1,0,0,1,0,5000,1,1,Southbound (SB),POINT (-95.945134681171 43.069399594557)
20160958674,20160039290,12/16/2016,12-December,6-Friday,14:17,1400 Hours,District 1 (Central),DES MOINES,POLK,77,MLK JR PKWY MEASURING 167 FEET SOUTH FROM FRANCIS AVE AND MLK JR PKWY,Collision with:  Vehicle in traffic,On Roadway,Rear-end (front to rear),Driving too fast for conditions,None Indicated,None apparent,Daylight,Ice/frost,Cloudy,None apparent,Non-intersection:  Non-junction/no special feature,Paved,N/A,Property Damage Only,0,0,0,0,0,0,8000,2,4,Northbound (NB),POINT (-93.645969175866 41.613828672424)
20160958891,16103706,12/16/2016,12-December,6-Friday,11:06,1100 Hours,District 2 (Northeast),CEDAR FALLS,BLACK HAWK,77,CEDAR HEIGHTS/VIKING RD ROUNDABOUT,Collision with:  Vehicle in traffic,On Roadway,Rear-end (front to rear),Swerving/Evasive Action,None Indicated,None apparent,Daylight,Ice/frost,Blowing snow,"Surface condition (e.g., wet, icy)",Intersection:  Roundabout,Paved,N/A,Property Damage Only,0,0,0,0,0,0,7859,2,4,Southbound (SB),POINT (-92.416103314781 42.489019715272)
20160958566,16-051673,12/16/2016,12-December,6-Friday,03:00,0300 Hours,District 4 (Southwest),COUNCIL BLUFFS,POTTAWATTAMIE,77,8TH AVE AND S 24TH ST,Collision with:  Parked motor vehicle,Outside trafficway,Rear-end (front to rear),"Operating vehicle in an reckless, erratic, careless, negligent manner",None Indicated,None apparent,Dark - roadway lighted,Dry,Clear,None apparent,Non-intersection:  Non-junction/no special feature,Paved,N/A,Property Damage Only,0,0,0,0,0,0,5000,3,1,Southbound (SB),POINT (-95.879605227631 41.2544175988)
20160958960,16-44129,12/17/2016,12-December,7-Saturday,12:08,1200 Hours,District 5 (Southeast),BURLINGTON,DES MOINES,77,WEST AVE MEASURING 433 FEET EAST FROM WEST AVE AND MONTICELLO DR,Collision with:  Vehicle in traffic,On Roadway,"Sideswipe, opposite direction",Lost Control,None Indicated,Weather conditions,Daylight,Ice/frost,Cloudy,"Surface condition (e.g., wet, icy)",Non-intersection:  Non-junction/no special feature,Paved,N/A,Property Damage Only,0,0,0,0,0,0,4000,2,4,Southbound (SB),POINT (-91.161807827935 40.797025645108)
20160958913,S16-004158,12/17/2016,12-December,7-Saturday,15:21,1500 Hours,District 4 (Southwest),MACEDONIA,POTTAWATTAMIE,77,CIPHER ST AND BRODBECK ST,Collision with fixed object:  Ditch,Roadside,Non-collision (single vehicle),Ran off road - left,None Indicated,Weather conditions,Daylight,Ice/frost,Cloudy,"Surface condition (e.g., wet, icy)",Non-intersection:  Non-junction/no special feature,Unpaved,N/A,Property Damage Only,0,0,0,0,0,0,11000,1,2,Southbound (SB),POINT (-95.422901568302 41.195688346831)
20160964838,NT-16-133,12/17/2016,12-December,7-Saturday,16:40,1600 Hours,District 1 (Central),NEVADA,STORY,77,LINCOLN HWY,Collision with fixed object:  Guardrail - face,Roadside,Non-collision (single vehicle),Driving too fast for conditions,None Indicated,Weather conditions,Dusk,Snow,Snow,"Surface condition (e.g., wet, icy)",Non-intersection:  Other non-intersection (explain in narrative),Paved,N/A,Minor Injury,0,2,0,1,1,0,1200,1,2,Southbound (SB),POINT (-93.467603200972 42.022805067892)
20160964671,201620112,12/18/2016,12-December,1-Sunday,12:16,1200 Hours,District 6 (East Central),HIAWATHA,LINN,77,BLAIRS FERRY RD NE,Collision with:  Vehicle in traffic,On Roadway,"Sideswipe, same direction",Improper or erratic lane changing,None Indicated,None apparent,Daylight,Snow,Clear,None apparent,Non-intersection:  Non-junction/no special feature,Paved,N/A,Property Damage Only,0,0,0,0,0,0,4500,2,7,Southbound (SB),POINT (-91.669788254337 42.034782504045)