Iowa DOT Case Number,Law Enforcement Case Number,Date of Crash,Month of Crash,Day of Week,Time of Crash,Hour,DOT District,City Name,County Name,Route with System,Location Description,First Harmful Event,Location of First Harmful Event,Manner of Crash/Collision,Major Cause,Drug or Alcohol ,Environmental Conditions,Light Conditions,Surface Conditions,Weather Conditions,Roadway Contribution,Roadway Type,Roadway Surface,Work Zone,Crash Severity,Number of Fatalities,Number of Injuries,Number of Major Injuries,Number of Minor Injuries,Number of Possible Injuries,Number of Unknown Injuries,Amount of Property Damage,Number of Vehicles Involved,Total Number of Occupants,Travel Direction,Location
20160959069,16-26537,12/18/2016,12-December,1-Sunday,09:47,0900 Hours,District 6 (East Central),BETTENDORF,SCOTT,I-74,INTERSTATE 74 (MM: 3),Collision with fixed object:  Bridge/bridge rail parapet,Shoulder,Non-collision (single vehicle),Driving too fast for conditions,None Indicated,Weather conditions,Daylight,Snow,Clear,"Surface condition (e.g., wet, icy)",Interchange-related:  On-ramp merge area,Paved,N/A,Property Damage Only,0,0,0,0,0,0,3500,1,1,Southbound (SB),POINT (-90.521873171458 41.553145373755)
20160960480,16039220,12/19/2016,12-December,2-Monday,08:10,0800 Hours,District 5 (Southeast),,LEE,77,J062/255 ST,Collision with:  Vehicle in traffic,On Roadway,Rear-end (front to rear),Driving too fast for conditions,None Indicated,Weather conditions,Daylight,Ice/frost,Clear,"Surface condition (e.g., wet, icy)",Non-intersection:  Non-junction/no special feature,Paved,N/A,Property Damage Only,0,0,0,0,0,0,2250,2,3,Southbound (SB),POINT (-91.493450068094 40.589112970655)
20160960856,16-44360,12/19/2016,12-December,2-Monday,21:51,2100 Hours,District 5 (Southeast),,DES MOINES,US 61,US 61 (MM: 35),Collision with:  Animal,On Roadway,Non-collision (single vehicle),Animal,None Indicated,Animal in roadway,N/A,N/A,N/A,N/A,N/A,Paved,N/A,Property Damage Only,0,0,0,0,0,0,4000,1,2,Northbound (NB),POINT (-91.173250423395 40.734584344841)
20160959524,20160039654,12/19/2016,12-December,2-Monday,22:05,2200 Hours,District 1 (Central),DES MOINES,POLK,US 6,US 6/DOUGLAS AVE MEASURING 398 FEET WEST FROM US 6/DOUGLAS AVE AND LOWER BEAVER RD AND EUCLID AVE,Collision with:  Vehicle in traffic,On Roadway,Head-on (front to front),Crossed centerline (undivided),Drug/Alcohol (Statutory),Unknown,Dark - roadway lighted,Wet,Cloudy,Unknown,Non-intersection:  Non-junction/no special feature,Paved,N/A,Minor Injury,0,1,0,1,0,0,30000,2,2,Southbound (SB),POINT (-93.663269657446 41.629555790986)
20160959246,16122047,12/19/2016,12-December,2-Monday,07:07,0700 Hours,District 4 (Southwest),CLARINDA,PAGE,77,E GARFIELD ST AND S 10TH ST,Collision with:  Vehicle in traffic,On Roadway,Broadside (front to side),FTYROW:  From stop sign,None Indicated,None apparent,Dawn,Snow,Clear,None apparent,Intersection:  Four-way intersection,Paved,N/A,Property Damage Only,0,0,0,0,0,0,3000,2,2,Southbound (SB),POINT (-95.02988969241 40.735053778829)
20160962129,4516-067,12/20/2016,12-December,3-Tuesday,17:08,1700 Hours,District 2 (Northeast),,HOWARD,US 63,,Non-collision events:  Jackknife,On Roadway,Other (explain in narrative),Lost Control,None Indicated,Weather conditions,Dark - roadway not lighted,Ice/frost,Blowing snow,"Surface condition (e.g., wet, icy)",Non-intersection:  Non-junction/no special feature,Paved,N/A,Possible/Unknown,0,3,0,0,3,0,35904,3,5,Northbound (NB),POINT (-92.298171928225 43.381227199915)
20160961190,SA1611547,12/20/2016,12-December,3-Tuesday,18:10,1800 Hours,District 5 (Southeast),,WASHINGTON,IA-92,STATE 92,Collision with:  Animal,On Roadway,Non-collision (single vehicle),Animal,None Indicated,Animal in roadway,Dark - roadway not lighted,Dry,Clear,None apparent,Non-intersection:  Non-junction/no special feature,Paved,N/A,Minor Injury,0,1,0,1,0,0,10000,1,1,Southbound (SB),POINT (-91.580342856868 41.290598851368)
20160961142,16-006211,12/21/2016,12-December,4-Wednesday,13:54,1300 Hours,District 1 (Central),AMES,STORY,77,UNIVERSITY BLVD MEASURING 69 FEET NORTH FROM UNIVERSITY BLVD AND LINCOLN WAY,Collision with:  Vehicle in traffic,On Roadway,Rear-end (front to rear),Followed too close,None Indicated,None apparent,Daylight,Dry,Clear,None apparent,Non-intersection:  Non-junction/no special feature,Paved,N/A,Property Damage Only,0,0,0,0,0,0,1700,2,2,Northbound (NB),POINT (-93.633340821299 42.023000951089)
20160959951,16032621,12/21/2016,12-December,4-Wednesday,13:01,1300 Hours,District 2 (Northeast),,WORTH,77,S028/WHEELERWOOD RD,Collision with:  Vehicle in traffic,On Roadway,"Angle, oncoming left turn",FTYROW:  From stop sign,None Indicated,None apparent,Daylight,Snow,Cloudy,None apparent,Intersection:  T-intersection,Paved,N/A,Property Damage Only,0,0,0,0,0,0,2500,2,2,Northbound (NB),POINT (-93.355290350717 43.445589656701)
20160960535,16030541,12/22/2016,12-December,5-Thursday,15:27,1500 Hours,District 5 (Southeast),OSKALOOSA,MAHASKA,IA-92,600 BLK A AVE W,Collision with:  Vehicle in traffic,On Roadway,Rear-end (front to rear),Other (explain in narrative):  Other,None Indicated,None apparent,Daylight,Dry,Clear,None apparent,Non-intersection:  Non-junction/no special feature,Paved,N/A,Property Damage Only,0,0,0,0,0,0,6000,2,3,Southbound (SB),POINT (-92.651318426829 41.296213123022)
20160960397,DPD1603689,12/23/2016,12-December,6-Friday,13:09,1300 Hours,District 2 (Northeast),DECORAH,WINNESHIEK,77,W WATER ST,Collision with:  Parked motor vehicle,On Roadway,"Sideswipe, same direction",Lost Control,None Indicated,Weather conditions,Daylight,Snow,Snow,"Surface condition (e.g., wet, icy)",Intersection:  Four-way intersection,Paved,N/A,Property Damage Only,0,0,0,0,0,0,3200,2,1,Southbound (SB),POINT (-91.784607576712 43.304184373363)
20160963439,16-022269,12/23/2016,12-December,6-Friday,10:54,1000 Hours,District 2 (Northeast),,FLOYD,IA-14,QUAIL AVE AND STATE 14/7 MILE RD,Collision with:  Vehicle in traffic,On Roadway,Broadside (front to side),Ran Stop Sign,None Indicated,Weather conditions,Daylight,Snow,Snow,None apparent,Intersection:  T-intersection,Paved,N/A,Minor Injury,0,1,0,1,0,0,9000,2,3,Northbound (NB),POINT (-92.712340151341 43.059631906987)
20160960597,2016033414,12/23/2016,12-December,6-Friday,16:30,1600 Hours,District 6 (East Central),,DELAWARE,US 20,US 20 EB AT 282MM,Collision with fixed object:  Guardrail - face,On Roadway,Non-collision (single vehicle),Ran off road - left,None Indicated,Weather conditions,Dusk,Snow,Snow,"Surface condition (e.g., wet, icy)","Interchange-related:  Off-ramp, diverge area",Paved,N/A,Property Damage Only,0,0,0,0,0,0,3000,1,1,Westbound (WB),POINT (-91.345307883087 42.469690508807)
20160960848,16-10229,12/23/2016,12-December,6-Friday,10:10,1000 Hours,District 2 (Northeast),,KOSSUTH,77,US 18 AND 230 AVE,Collision with fixed object:  Ditch,On Roadway,Non-collision (single vehicle),Ran off road - right,None Indicated,Weather conditions,Daylight,Snow,Snow,"Surface condition (e.g., wet, icy)",Non-intersection:  Non-junction/no special feature,Unpaved,N/A,Property Damage Only,0,0,0,0,0,0,5500,1,1,Northbound (NB),POINT (-94.00994031705 43.0889630642)
20160960544,16-044952,12/24/2016,12-December,7-Saturday,19:18,1900 Hours,District 5 (Southeast),BURLINGTON,DES MOINES,77,AMELIA ST AND PLANE ST,Collision with:  Parked motor vehicle,In parking lane/zone,Rear-end (front to rear),Failed to keep in proper lane,None Indicated,None apparent,Dark - roadway lighted,Dry,Clear,None apparent,Non-intersection:  Non-junction/no special feature,Paved,N/A,Possible/Unknown,0,2,0,0,2,0,10000,2,2,Northbound (NB),POINT (-91.124797452927 40.805194543535)
20160960556,W16-105937,12/25/2016,12-December,1-Sunday,01:20,0100 Hours,District 2 (Northeast),WATERLOO,BLACK HAWK,77,147 LINCOLN ST,Miscellaneous events:  Hit and run,On Roadway,Unknown,Unknown,None Indicated,None apparent,Dark - roadway lighted,Snow,Clear,None apparent,Non-intersection:  Non-junction/no special feature,Paved,N/A,Property Damage Only,0,0,0,0,0,0,1500,2,1,Southbound (SB),POINT (-92.339427090886 42.507893909794)
20160960809,2016-011429,12/26/2016,12-December,2-Monday,07:52,0700 Hours,District 6 (East Central),DUBUQUE,DUBUQUE,77,KAUFMANN AVE AND KANE ST,Collision with fixed object:  Curb/island/raised median,Roadside,Non-collision (single vehicle),Ran off road - right,None Indicated,None apparent,Daylight,Ice/frost,Clear,"Surface condition (e.g., wet, icy)",Intersection:  T-intersection,Paved,N/A,Property Damage Only,0,0,0,0,0,0,2000,1,1,Southbound (SB),POINT (-90.6820749481 42.516645451048)
20160961128,2016-0495,12/27/2016,12-December,3-Tuesday,08:10,0800 Hours,District 1 (Central),,WARREN,77,COUNTY LINE RD AND STATE 5,Collision with:  Re-entering roadway,On Roadway,Rear-end (front to rear),Other (explain in narrative):  No improper action,None Indicated,None apparent,Daylight,Ice/frost,Clear,"Surface condition (e.g., wet, icy)",Intersection:  Four-way intersection,Unpaved,N/A,Property Damage Only,0,0,0,0,0,0,8500,2,5,Southbound (SB),POINT (-93.515518135383 41.508525642891)
20160964718,2016-20647,12/28/2016,12-December,4-Wednesday,21:26,2100 Hours,District 6 (East Central),CEDAR RAPIDS,LINN,77,EDGEWOOD RD NW AND 1ST AVE W AND EDGEWOOD RD SW,Collision with:  Vehicle in traffic,On Roadway,Rear-end (front to rear),Followed too close,Alcohol (Statutory),None apparent,Dark - roadway lighted,Dry,Clear,None apparent,Intersection:  Four-way intersection,Paved,N/A,Possible/Unknown,0,2,0,0,2,0,5000,2,3,Northbound (NB),POINT (-91.715985008053 41.967571357134)
20160968718,16-011266,12/29/2016,12-December,5-Thursday,12:16,1200 Hours,District 3 (Northwest),,PALO ALTO,IA-4,3500-BLK 420AVE,Collision with fixed object:  Other post/pole/support (explain in narrative),Roadside,Non-collision (single vehicle),Driver Distraction:  Exterior distraction,None Indicated,Other (explain in narrative),Daylight,Dry,Clear,None apparent,Non-intersection:  Non-junction/no special feature,Paved,N/A,Property Damage Only,0,0,0,0,0,0,2050,1,1,Northbound (NB),POINT (-94.757883181382 43.129666741008)
20160961645,16-8834,12/30/2016,12-December,6-Friday,18:05,1800 Hours,District 1 (Central),,POLK,IA-415,STATE 415/2ND AVE,Collision with:  Vehicle in traffic,On Roadway,Rear-end (front to rear),Followed too close,None Indicated,None apparent,Dark - roadway lighted,Dry,Clear,None apparent,Intersection:  Four-way intersection,Paved,N/A,Property Damage Only,0,0,0,0,0,0,5000,2,3,Eastbound (EB),POINT (-93.620158565527 41.692125858068)
20160962089,16-704028,12/31/2016,12-December,7-Saturday,21:36,2100 Hours,District 4 (Southwest),,MONTGOMERY,77,WILLOW AVE AND H054/260 ST,Collision with:  Animal,On Roadway,Non-collision (single vehicle),Animal,None Indicated,Animal in roadway,N/A,N/A,N/A,N/A,N/A,Paved,N/A,Property Damage Only,0,0,0,0,0,0,1500,1,3,Southbound (SB),POINT (-94.937738958276 40.930232620491)
20170963189,17-35,01/01/2017,01-January,1-Sunday,18:52,1800 Hours,District 3 (Northwest),HULL,SIOUX,US 18,US 18/BLACK FOREST RD AND OKEY ST,Collision with:  Vehicle in traffic,On Roadway,"Sideswipe, same direction",Ran Stop Sign,None Indicated,Weather conditions,Dark - roadway lighted,Snow,Snow,"Surface condition (e.g., wet, icy)",Intersection:  T-intersection,Paved,N/A,Property Damage Only,0,0,0,0,0,0,9000,2,4,Southbound (SB),POINT (-96.122771891502 43.185762667053)
20170962131,4517-001,01/02/2017,01-January,2-Monday,17:36,1700 Hours,District 2 (Northeast),,HOWARD,US 63,US 63 (MM: 219),Collision with:  Animal,On Roadway,Non-collision (single vehicle),Animal,None Indicated,Animal in roadway,N/A,N/A,N/A,N/A,N/A,Paved,N/A,Property Damage Only,0,0,0,0,0,0,3000,1,1,Northbound (NB),POINT (-92.298856637609 43.281011014126)
20171011858,17-060102-01,01/02/2017,01-January,2-Monday,20:30,2000 Hours,District 6 (East Central),VICTOR,IOWA,77,CO LINE ROADT AT IOWA INTERSTATE RAILROAD,Collision with fixed object:  Other post/pole/support (explain in narrative),Outside trafficway,Non-collision (single vehicle),Ran off road - right,None Indicated,None apparent,Dark - roadway not lighted,Wet,Rain,None apparent,Non-intersection:  Railroad grade crossing,Paved,N/A,Property Damage Only,0,0,0,0,0,0,6000,1,1,Northbound (NB),POINT (-92.29988184352 41.731937043729)
20170962015,20170000193,01/03/2017,01-January,3-Tuesday,06:57,0600 Hours,District 1 (Central),DES MOINES,POLK,77,2ND AVE MEASURING 341 FEET SOUTH FROM SCHOOL ST AND INTERSTATE 235 AND INTERSTATE 235 AND 2ND AVE,Collision with:  Vehicle in traffic,On Roadway,"Sideswipe, same direction",Improper or erratic lane changing,None Indicated,None apparent,Dark - roadway lighted,Dry,Cloudy,None apparent,Non-intersection:  Non-junction/no special feature,Paved,N/A,Property Damage Only,0,0,0,0,0,0,1800,2,2,Northbound (NB),POINT (-93.620037072876 41.594290672177)
20170962175,20170000307,01/04/2017,01-January,4-Wednesday,01:02,0100 Hours,District 1 (Central),DES MOINES,POLK,77,DES MOINES ST AND PENNSYLVANIA AVE,Collision with fixed object:  Utility pole/light support,Roadside,Non-collision (single vehicle),Ran off road - left,Alcohol (Statutory),None apparent,Dark - roadway lighted,Dry,Cloudy,None apparent,Intersection:  Four-way intersection,Paved,N/A,Property Damage Only,0,0,0,0,0,0,4000,1,1,Northbound (NB),POINT (-93.608093014468 41.59244493123)
20170962533,1701052811,01/05/2017,01-January,5-Thursday,17:35,1700 Hours,District 6 (East Central),,CLINTON,77,Z024/330 AVE MEASURING 1149 FEET SOUTH FROM Z024/330 AVE AND PARK AVE,Non-collision events:  Overturn/rollover,Outside trafficway,Non-collision (single vehicle),Ran off road - right,None Indicated,None apparent,Dark - roadway not lighted,Dry,Clear,None apparent,Non-intersection:  Non-junction/no special feature,Paved,N/A,Minor Injury,0,1,0,1,0,0,5000,1,1,Northbound (NB),POINT (-90.460880650278 41.956320239451)
20170999387,NT-17-001,01/06/2017,01-January,6-Friday,16:30,1600 Hours,District 1 (Central),NEVADA,STORY,77,WEST 18TH STREET AND US 30,Collision with:  Vehicle in traffic,On Roadway,"Angle, oncoming left turn",FTYROW:  Making left turn,None Indicated,None apparent,Daylight,Dry,Clear,None apparent,Intersection:  Other intersection (explain in narrative),Unpaved,N/A,Major Injury,0,2,2,0,0,0,10000,2,3,Northbound (NB),POINT (-93.482172513933 42.008685474155)
20170962809,2017-1278,01/06/2017,01-January,6-Friday,16:30,1600 Hours,District 6 (East Central),DAVENPORT,SCOTT,US 6,US 6/E KIMBERLY RD,Collision with:  Vehicle in traffic,On Roadway,Rear-end (front to rear),Lost Control,None Indicated,None apparent,Daylight,Dry,Clear,None apparent,Non-intersection:  Non-junction/no special feature,Paved,N/A,Property Damage Only,0,0,0,0,0,0,1500,2,2,Westbound (WB),POINT (-90.540520005765 41.556869303853)
20170980321,17-000251,01/07/2017,01-January,7-Saturday,17:53,1700 Hours,District 3 (Northwest),,PALO ALTO,US 18,US 18/525 AVE  3700 BLOCK,Collision with:  Animal,On Roadway,Non-collision (single vehicle),Animal,None Indicated,Animal in roadway,N/A,N/A,N/A,N/A,N/A,Paved,N/A,Property Damage Only,0,0,0,0,0,0,2000,1,3,Southbound (SB),POINT (-94.551252555999 43.109657476835)
20170962920,17-001078,01/08/2017,01-January,1-Sunday,05:00,0500 Hours,District 5 (Southeast),MUSCATINE,MUSCATINE,77,MULBERRY AVE AND BONNIE DR,Collision with:  Struck/struck by object/cargo/person from other vehicle,Shoulder,Non-collision (single vehicle),Driver Distraction:  Exterior distraction,None Indicated,Animal in roadway,Dark - roadway not lighted,Dry,Clear,None apparent,Non-intersection:  Non-junction/no special feature,Paved,N/A,Property Damage Only,0,0,0,0,0,0,1850,1,1,Northbound (NB),POINT (-91.076429625679 41.444622438119)
20170963214,17-000278,01/09/2017,01-January,2-Monday,17:48,1700 Hours,District 2 (Northeast),FOREST CITY,HANCOCK,77,CRYSTAL LAKE RD MEASURING 2564 FEET EAST FROM QUAIL AVE AND CRYSTAL LAKE RD AND B014/335,Collision with:  Vehicle in traffic,On Roadway,Broadside (front to side),FTYROW:  From driveway,None Indicated,None apparent,Daylight,Dry,Clear,None apparent,Non-intersection:  Other non-intersection (explain in narrative),Paved,N/A,Property Damage Only,0,0,0,0,0,0,2500,2,2,Southbound (SB),POINT (-93.646390867518 43.249087926098)
20170963212,16-303,01/09/2017,01-January,2-Monday,16:00,1600 Hours,District 3 (Northwest),EARLY,SAC,77,5TH ST AND MAPLE ST,Collision with fixed object:  Utility pole/light support,Other (explain in narrative),Non-collision (single vehicle),Other (explain in narrative):  Other,None Indicated,None apparent,Daylight,Dry,Clear,None apparent,Non-intersection:  Non-junction/no special feature,Unpaved,N/A,Property Damage Only,0,0,0,0,0,0,2100,1,1,Southbound (SB),POINT (-95.149118920871 42.465346721498)
20170963352,20170000993,01/10/2017,01-January,3-Tuesday,14:47,1400 Hours,District 1 (Central),DES MOINES,POLK,77,US 6/E EUCLID AVE AND E 7TH ST,Collision with:  Vehicle in traffic,On Roadway,Rear-end (front to rear),Followed too close,None Indicated,None apparent,Daylight,Wet,Cloudy,None apparent,Non-intersection:  Non-junction/no special feature,Paved,N/A,Property Damage Only,0,0,0,0,0,0,4500,2,2,Northbound (NB),POINT (-93.609685130087 41.627744801489)
20170963445,17-355,01/10/2017,01-January,3-Tuesday,06:09,0600 Hours,District 3 (Northwest),CARROLL,CARROLL,77,AMY AVE AND WOODLAND DR,Collision with:  Vehicle in traffic,On Roadway,Head-on (front to front),Lost Control,None Indicated,Weather conditions,Dark - roadway lighted,Ice/frost,Cloudy,None apparent,Non-intersection:  Non-junction/no special feature,Paved,N/A,Property Damage Only,0,0,0,0,0,0,15200,2,1,Southbound (SB),POINT (-94.852224913681 42.068089452764)
20170964021,2017000938,01/10/2017,01-January,3-Tuesday,14:35,1400 Hours,District 2 (Northeast),,CERRO GORDO,I-35,INTERSTATE 35 MM 185.5 SB,Non-collision events:  Jackknife,Roadside,Non-collision (single vehicle),Driving too fast for conditions,None Indicated,Weather conditions,Daylight,Ice/frost,Blowing snow,"Surface condition (e.g., wet, icy)",Non-intersection:  Non-junction/no special feature,Paved,N/A,Property Damage Only,0,0,0,0,0,0,2500,1,1,Eastbound (EB),POINT (-93.340881957464 43.023825898857)
20170964917,2017001080,01/11/2017,01-January,4-Wednesday,12:50,1200 Hours,District 4 (Southwest),,GUTHRIE,77,WILLOW AVE,Collision with fixed object:  Ditch,On Roadway,Non-collision (single vehicle),Driving too fast for conditions,None Indicated,None apparent,Daylight,Dry,Cloudy,None apparent,Non-intersection:  Non-junction/no special feature,Unpaved,N/A,Possible/Unknown,0,1,0,0,1,0,5500,1,1,Northbound (NB),POINT (-94.318561489813 41.656845074941)
20170963735,CL17000143,01/12/2017,01-January,5-Thursday,07:53,0700 Hours,District 6 (East Central),CLINTON,CLINTON,77,US 30/8TH AVE S AND US 67/S 3RD ST,Collision with:  Vehicle in traffic,On Roadway,Broadside (front to side),Ran Traffic Signal,None Indicated,None apparent,Daylight,Dry,Clear,None apparent,Intersection:  Four-way intersection,Paved,N/A,Property Damage Only,0,0,0,0,0,0,10000,2,2,Southbound (SB),POINT (-90.190722414863 41.83781292309)
20170963701,17-000138,01/12/2017,01-January,5-Thursday,12:24,1200 Hours,District 1 (Central),ANKENY,POLK,77,SW 3RD ST AND SE 3RD ST AND US 69/S ANKENY BLVD,Collision with:  Vehicle in traffic,On Roadway,Rear-end (front to rear),Driver Distraction:  Exterior distraction,None Indicated,None apparent,Daylight,Dry,Clear,None apparent,Intersection:  Four-way intersection,Paved,N/A,Property Damage Only,0,0,0,0,0,0,4500,2,3,Southbound (SB),POINT (-93.600367019731 41.729619281282)
20170965121,CA17003,01/13/2017,01-January,6-Friday,11:04,1100 Hours,District 6 (East Central),CAMANCHE,CLINTON,77,9TH ST,Collision with:  Animal,Unknown,N/A,Animal,None Indicated,N/A,N/A,N/A,N/A,N/A,N/A,Paved,N/A,Property Damage Only,0,0,0,0,0,0,3000,1,1,Southbound (SB),POINT (-90.291985702358 41.786482029259)
20170964322,17-000334,01/14/2017,01-January,7-Saturday,21:00,2100 Hours,District 1 (Central),,HAMILTON,77,225TH ST,Collision with fixed object:  Ditch,On Roadway,Non-collision (single vehicle),Lost Control,None Indicated,None apparent,Dark - roadway not lighted,Ice/frost,Clear,"Surface condition (e.g., wet, icy)",Non-intersection:  Non-junction/no special feature,Unpaved,N/A,Property Damage Only,0,0,0,0,0,0,7500,1,1,Southbound (SB),POINT (-93.753495646879 42.463480224936)
20170964108,CL17000170,01/14/2017,01-January,7-Saturday,14:15,1400 Hours,District 6 (East Central),CLINTON,CLINTON,US 67,US 67/7TH AVE S AND US 67/S 4TH ST,Collision with:  Vehicle in traffic,On Roadway,Broadside (front to side),Ran Traffic Signal,None Indicated,None apparent,Daylight,Dry,Clear,None apparent,Intersection:  Four-way intersection,Paved,N/A,Property Damage Only,0,0,0,0,0,0,9000,2,3,Eastbound (EB),POINT (-90.193249563505 41.838955438515)
20170966946,17-000584,01/15/2017,01-January,1-Sunday,04:03,0400 Hours,District 1 (Central),,TAMA,77,E066/HWY E66,Other (explain in narrative),On Roadway,Non-collision (single vehicle),Lost Control,None Indicated,None apparent,Dark - roadway not lighted,Dry,Clear,None apparent,Intersection:  Other intersection (explain in narrative),Paved,N/A,Property Damage Only,0,0,0,0,0,0,7500,1,2,Southbound (SB),POINT (-92.331935383961 41.906014768113)
20170964227,17-3975,01/16/2017,01-January,2-Monday,08:10,0800 Hours,District 2 (Northeast),,BLACK HAWK,77,11305 DYSART RD,Non-collision events:  Overturn/rollover,On Roadway,Non-collision (single vehicle),Ran off road - right,None Indicated,Weather conditions,Dawn,Ice/frost,Freezing rain/drizzle,"Surface condition (e.g., wet, icy)",Non-intersection:  Non-junction/no special feature,Paved,N/A,Property Damage Only,0,0,0,0,0,0,8000,1,1,Northbound (NB),POINT (-92.298604228981 42.349633275662)
20170964556,20170001726,01/17/2017,01-January,3-Tuesday,17:19,1700 Hours,District 1 (Central),DES MOINES,WARREN,77,SW 9TH ST,Collision with fixed object:  Utility pole/light support,On Roadway,Non-collision (single vehicle),Ran off road - right,None Indicated,None apparent,Dusk,Wet,Clear,None apparent,Non-intersection:  Non-junction/no special feature,Paved,N/A,Minor Injury,0,1,0,1,0,0,20000,1,1,Northbound (NB),POINT (-93.625656735665 41.506438959622)
20170964945,17-0275,01/18/2017,01-January,4-Wednesday,15:15,1500 Hours,District 1 (Central),WEST DES MOINES,POLK,77,WESTOWN PKWY AND 50TH ST,Collision with:  Vehicle in traffic,On Roadway,Rear-end (front to rear),Other (explain in narrative):  Other,None Indicated,None apparent,Daylight,Dry,Clear,None apparent,Intersection:  Four-way intersection,Paved,N/A,Possible/Unknown,0,1,0,0,1,0,1600,2,2,Northbound (NB),POINT (-93.771222293722 41.595429542112)
20170965054,2017-0024,01/18/2017,01-January,4-Wednesday,09:40,0900 Hours,District 4 (Southwest),WOODBINE,HARRISON,77,LINCOLN WAY AND 1ST ST,Collision with fixed object:  Traffic signal support,Shoulder,Non-collision (single vehicle),Disregarded RR Signal,None Indicated,None apparent,Daylight,Dry,Clear,None apparent,Non-intersection:  Railroad grade crossing,Paved,N/A,Property Damage Only,0,0,0,0,0,0,10150,1,1,Northbound (NB),POINT (-95.702902448452 41.732972369972)
20170967217,2017001810,01/19/2017,01-January,5-Thursday,08:00,0800 Hours,District 4 (Southwest),,GUTHRIE,77,P028/WAGON RD,Non-collision events:  Overturn/rollover,On Roadway,Non-collision (single vehicle),Ran off road - right,None Indicated,Weather conditions,Dawn,Ice/frost,Cloudy,"Surface condition (e.g., wet, icy)",Non-intersection:  Non-junction/no special feature,Paved,N/A,Possible/Unknown,0,1,0,0,1,0,7500,1,2,Northbound (NB),POINT (-94.322909826268 41.596403379005)
20170967805,17-000474,01/19/2017,01-January,5-Thursday,07:00,0700 Hours,District 5 (Southeast),GRANDVIEW,LOUISA,77,G048/CO HWY 252 AND JACKSON ST,Collision with:  Vehicle in traffic,On Roadway,Rear-end (front to rear),Driving too fast for conditions,None Indicated,Weather conditions,Dawn,Wet,Cloudy,"Surface condition (e.g., wet, icy)",Non-intersection:  Non-junction/no special feature,Paved,N/A,Property Damage Only,0,0,0,0,0,0,4500,2,2,Southbound (SB),POINT (-91.192083534157 41.276787059497)
20170965776,2017001978,01/20/2017,01-January,6-Friday,13:55,1300 Hours,District 6 (East Central),,CEDAR,I-80,I80 EB 270.90,Collision with:  Vehicle in traffic,On Roadway,"Sideswipe, same direction",Unknown,None Indicated,None apparent,Daylight,Dry,Cloudy,None apparent,Non-intersection:  Non-junction/no special feature,Paved,N/A,Property Damage Only,0,0,0,0,0,0,3500,2,2,Southbound (SB),POINT (-91.038142124814 41.636737997228)
20170965814,2017--353,01/21/2017,01-January,7-Saturday,05:25,0500 Hours,District 6 (East Central),,LINN,77,HOLLENBECK RD,Collision with fixed object:  Tree,Roadside,Non-collision (single vehicle),Driving too fast for conditions,None Indicated,Weather conditions,Dark - roadway not lighted,Wet,"Fog, smoke, smog",None apparent,Non-intersection:  Non-junction/no special feature,Paved,N/A,Possible/Unknown,0,1,0,0,1,0,3500,1,1,Northbound (NB),POINT (-91.808801886089 42.069831365235)
20170965467,170345,01/22/2017,01-January,1-Sunday,02:00,0200 Hours,District 3 (Northwest),DENISON,CRAWFORD,77,N 10TH ST MEASURING 116 FEET SOUTH FROM N 10TH ST AND 6TH AVE N,Collision with:  Parked motor vehicle,On Roadway,Rear-end (front to rear),"Operating vehicle in an reckless, erratic, careless, negligent manner",None Indicated,None apparent,Dark - roadway lighted,Wet,Cloudy,None apparent,Non-intersection:  Non-junction/no special feature,Paved,N/A,Minor Injury,0,1,0,1,0,0,12000,2,1,Northbound (NB),POINT (-95.359404923198 42.02291826778)
20170967600,2017000729,01/23/2017,01-January,2-Monday,06:44,0600 Hours,District 6 (East Central),IOWA CITY,JOHNSON,77,MELROSE AVE/HWY 218 NB,Collision with:  Vehicle in traffic,On Roadway,Non-collision (single vehicle),Animal,None Indicated,None apparent,Daylight,Dry,Clear,None apparent,Interchange-related:  On-ramp merge area,Paved,N/A,Property Damage Only,0,0,0,0,0,0,3000,1,1,Southbound (SB),POINT (-91.505503552982 41.649602920278)
20170965905,17-922,01/24/2017,01-January,3-Tuesday,14:07,1400 Hours,District 3 (Northwest),CARROLL,CARROLL,77,SW ACCESS RD AND US 30,Collision with:  Vehicle in traffic,On Roadway,"Sideswipe, same direction",Swerving/Evasive Action,None Indicated,None apparent,Daylight,Dry,Cloudy,None apparent,Non-intersection:  Non-junction/no special feature,Paved,N/A,Major Injury,0,1,1,0,0,0,5500,2,3,Northbound (NB),POINT (-94.879834191967 42.074322881727)
20170967057,17-1728,01/24/2017,01-January,3-Tuesday,22:18,2200 Hours,District 6 (East Central),BETTENDORF,SCOTT,77,23RD ST,Collision with:  Vehicle in traffic,On Roadway,Rear-end (front to rear),Lost Control,Refused,None apparent,Dark - roadway lighted,Wet,Rain,None apparent,Non-intersection:  Non-junction/no special feature,Paved,N/A,Property Damage Only,0,0,0,0,0,0,12098,2,1,Northbound (NB),POINT (-90.500189245464 41.53060119165)