Iowa DOT Case Number,Law Enforcement Case Number,Date of Crash,Month of Crash,Day of Week,Time of Crash,Hour,DOT District,City Name,County Name,Route with System,Location Description,First Harmful Event,Location of First Harmful Event,Manner of Crash/Collision,Major Cause,Drug or Alcohol ,Environmental Conditions,Light Conditions,Surface Conditions,Weather Conditions,Roadway Contribution,Roadway Type,Roadway Surface,Work Zone,Crash Severity,Number of Fatalities,Number of Injuries,Number of Major Injuries,Number of Minor Injuries,Number of Possible Injuries,Number of Unknown Injuries,Amount of Property Damage,Number of Vehicles Involved,Total Number of Occupants,Travel Direction,Location
20170965928,17-003143,01/25/2017,01-January,4-Wednesday,08:55,0800 Hours,District 4 (Southwest),COUNCIL BLUFFS,POTTAWATTAMIE,77,N 30TH ST AND AVE E,Collision with:  Vehicle in traffic,On Roadway,Broadside (front to side),Unknown,None Indicated,Weather conditions,Daylight,Snow,Snow,"Surface condition (e.g., wet, icy)",Non-intersection:  Non-junction/no special feature,Paved,N/A,Possible/Unknown,0,1,0,0,1,0,8300,2,4,Southbound (SB),POINT (-95.892471586342 41.266334410413)
20170966175,17-2553,01/25/2017,01-January,4-Wednesday,16:22,1600 Hours,District 3 (Northwest),SIOUX CITY,WOODBURY,IA-12,INTERSTATE 29 AND STATE 12/RIVERSIDE BLVD,Collision with fixed object:  Concrete traffic barrier (median or right side),On Roadway,Non-collision (single vehicle),Driving too fast for conditions,None Indicated,Weather conditions,Daylight,Snow,Clear,"Surface condition (e.g., wet, icy)",Non-intersection:  Non-junction/no special feature,Paved,N/A,Property Damage Only,0,0,0,0,0,0,5000,1,2,Eastbound (EB),POINT (-96.467455138134 42.493134749282)
20170966087,17001406,01/25/2017,01-January,4-Wednesday,06:23,0600 Hours,District 2 (Northeast),MASON CITY,CERRO GORDO,77,15TH ST SW MEASURING 210 FEET EAST FROM 15TH ST SW AND S TAFT AVE,Collision with:  Vehicle in traffic,On Roadway,Broadside (front to side),Lost Control,None Indicated,Weather conditions,Dawn,Snow,Blowing snow,"Surface condition (e.g., wet, icy)",Non-intersection:  Non-junction/no special feature,Paved,N/A,Property Damage Only,0,0,0,0,0,0,3100,2,2,Southbound (SB),POINT (-93.239780293957 43.13895859497)
20170973380,032-005-17,01/26/2017,01-January,5-Thursday,15:12,1500 Hours,District 3 (Northwest),ESTHERVILLE,EMMET,77,1900 BLK N 6TH ST,Collision with:  Parked motor vehicle,On Roadway,Rear to side,Improper Backing,None Indicated,None apparent,Daylight,Snow,Cloudy,None apparent,"Non-intersection:  Driveway access (related, not in)",Paved,N/A,Property Damage Only,0,0,0,0,0,0,2000,2,1,Northbound (NB),POINT (-94.830648449551 43.418457205598)
20170966879,17-0044,01/26/2017,01-January,5-Thursday,13:00,1300 Hours,District 1 (Central),,WEBSTER,US 169,169 SOUTH OF 250TH ST,Collision with:  Vehicle in traffic,On Roadway,"Sideswipe, opposite direction",Ran off road - left,None Indicated,None apparent,Daylight,Snow,Cloudy,"Surface condition (e.g., wet, icy)",Non-intersection:  Non-junction/no special feature,Paved,N/A,Property Damage Only,0,0,0,0,0,0,15250,2,2,Northbound (NB),POINT (-94.184071858273 42.420755481397)
20170966515,20170002762,01/27/2017,01-January,6-Friday,13:33,1300 Hours,District 1 (Central),DES MOINES,POLK,77,GRAND AVE MEASURING 267 FEET WEST FROM 31ST ST AND GRAND AVE,Collision with:  Vehicle in traffic,On Roadway,Rear-end (front to rear),Followed too close,None Indicated,None apparent,Daylight,Dry,Clear,None apparent,Intersection:  T-intersection,Paved,N/A,Property Damage Only,0,0,0,0,0,0,3000,2,2,Southbound (SB),POINT (-93.660660059631 41.584417654491)
20170966803,17-2779,01/27/2017,01-January,6-Friday,11:24,1100 Hours,District 3 (Northwest),SIOUX CITY,WOODBURY,77,W 19TH ST AND WEST ST,Collision with:  Vehicle in traffic,On Roadway,Rear-end (front to rear),Followed too close,None Indicated,None apparent,Daylight,Wet,Cloudy,None apparent,Intersection:  Four-way intersection,Paved,N/A,Property Damage Only,0,0,0,0,0,0,3500,2,2,Southbound (SB),POINT (-96.430353523937 42.510406548803)
20170971529,17-013,01/28/2017,01-January,7-Saturday,20:45,2000 Hours,District 3 (Northwest),SIOUX CENTER,SIOUX,77,7TH ST NE,Collision with:  Vehicle in traffic,On Roadway,Rear-end (front to rear),Followed too close,None Indicated,None apparent,Dark - roadway lighted,Ice/frost,Cloudy,None apparent,Non-intersection:  Non-junction/no special feature,Paved,N/A,Property Damage Only,0,0,0,0,0,0,2000,2,9,Southbound (SB),POINT (-96.162991328081 43.084397539835)
20170967367,17-631,01/29/2017,01-January,1-Sunday,15:55,1500 Hours,District 4 (Southwest),,HARRISON,77,MUNCIE AVE,Collision with fixed object:  Utility pole/light support,On Roadway,Non-collision (single vehicle),Ran off road - left,None Indicated,None apparent,Daylight,Wet,Cloudy,"Surface condition (e.g., wet, icy)",Non-intersection:  Non-junction/no special feature,Unpaved,N/A,Minor Injury,0,1,0,1,0,0,4500,1,1,Northbound (NB),POINT (-95.843329091519 41.53506176909)
20170966901,2016-2315,01/30/2017,01-January,2-Monday,06:43,0600 Hours,District 6 (East Central),DAVENPORT,SCOTT,77,JERSEY RIDGE RD,Collision with:  Animal,On Roadway,Non-collision (single vehicle),Animal,None Indicated,Animal in roadway,N/A,N/A,N/A,N/A,N/A,Paved,N/A,Property Damage Only,0,0,0,0,0,0,3000,1,1,Northbound (NB),POINT (-90.539328450728 41.601830395274)
20170967256,17001795,01/31/2017,01-January,3-Tuesday,12:42,1200 Hours,District 2 (Northeast),MASON CITY,CERRO GORDO,77,STATE 122/4TH ST SW AND S PIERCE AVE,Collision with:  Vehicle in traffic,On Roadway,"Angle, oncoming left turn",FTYROW:  Making left turn,None Indicated,None apparent,Daylight,Wet,Cloudy,None apparent,Intersection:  Four-way intersection,Paved,N/A,Property Damage Only,0,0,0,0,0,0,5500,2,3,Northbound (NB),POINT (-93.220976073015 43.148370513839)
20170968475,17-000770,02/01/2017,02-February,4-Wednesday,19:40,1900 Hours,District 6 (East Central),,BENTON,I-380,INTERSTATE 380,Collision with:  Vehicle in traffic,On Roadway,Rear-end (front to rear),Followed too close,None Indicated,None apparent,Dark - roadway not lighted,Dry,Clear,None apparent,Non-intersection:  Non-junction/no special feature,Paved,N/A,Minor Injury,0,2,0,2,0,0,13500,2,2,Eastbound (EB),POINT (-91.855472533457 42.221656473663)
20170968210,17-3191,02/02/2017,02-February,5-Thursday,16:43,1600 Hours,District 1 (Central),NEWTON,JASPER,77,S 6TH AVE W,Collision with:  Vehicle in traffic,On Roadway,Rear to side,Improper Backing,None Indicated,None apparent,Daylight,Dry,Clear,None apparent,"Non-intersection:  Driveway access (related, not in)",Paved,N/A,Property Damage Only,0,0,0,0,0,0,2500,2,2,Southbound (SB),POINT (-93.05993098134 41.694639158878)
20170973408,032-011-17,02/03/2017,02-February,6-Friday,07:45,0700 Hours,District 3 (Northwest),,EMMET,IA-4,Iowa 0004 / IOWA 4,Collision with:  Parked motor vehicle,On Roadway,"Sideswipe, same direction",Lost Control,None Indicated,Glare,Daylight,Dry,Clear,None apparent,Non-intersection:  Non-junction/no special feature,Paved,N/A,Property Damage Only,0,0,0,0,0,0,8000,2,1,Northbound (NB),POINT (-94.797742221056 43.355004402025)
20170967690,17-0060,02/03/2017,02-February,6-Friday,09:45,0900 Hours,District 1 (Central),,WEBSTER,US 169,US 169/360TH ST AND P046/LAINSON AVE,Collision with:  Vehicle in traffic,On Roadway,Rear-end (front to rear),Improper Backing,None Indicated,None apparent,Daylight,Dry,Clear,Ruts/holes/bumps,Intersection:  Four-way intersection,Paved,N/A,Property Damage Only,0,0,0,0,0,0,2500,2,2,Eastbound (EB),POINT (-94.184346349287 42.267858742773)
20170999396,NT-17-011,02/04/2017,02-February,7-Saturday,19:45,1900 Hours,District 1 (Central),NEVADA,STORY,77,"1117 6TH STREET, NEVADA, IA 50201",Collision with:  Parked motor vehicle,In parking lane/zone,Other (explain in narrative),Other (explain in narrative):  Vision obstructed,None Indicated,None apparent,Dark - roadway lighted,Dry,Clear,None apparent,Non-intersection:  Non-junction/no special feature,Paved,N/A,Property Damage Only,0,0,0,0,0,0,3000,2,2,Northbound (NB),POINT (-93.452325808955 42.023163505698)
20170969258,1700000131,02/05/2017,02-February,1-Sunday,15:36,1500 Hours,District 1 (Central),,MARSHALL,IA-330,MM 28 HWY 330,Non-collision events:  Fell/jumped from vehicle,On Roadway,Non-collision (single vehicle),"Operating vehicle in an reckless, erratic, careless, negligent manner",None Indicated,None apparent,Daylight,Dry,Clear,None apparent,Non-intersection:  Non-junction/no special feature,Paved,N/A,Minor Injury,0,1,0,1,0,0,0,1,1,Northbound (NB),POINT (-92.990263757346 42.105437648819)
20170968185,17000616,02/06/2017,02-February,2-Monday,20:45,2000 Hours,District 5 (Southeast),ALBIA,MONROE,77,3RD AVE E,Collision with:  Parked motor vehicle,On Roadway,Head-on (front to front),"Operating vehicle in an reckless, erratic, careless, negligent manner",None Indicated,None apparent,Dark - roadway not lighted,Dry,Clear,None apparent,Non-intersection:  Non-junction/no special feature,Paved,N/A,Property Damage Only,0,0,0,0,0,0,6000,2,2,Southbound (SB),POINT (-92.794077872517 41.02433586976)
20170967807,17-2118,02/07/2017,02-February,3-Tuesday,06:00,0600 Hours,District 2 (Northeast),,BREMER,77,2600 BLOCK JOPLIN AVENUE,Collision with:  Animal,Unknown,N/A,Animal,None Indicated,N/A,N/A,N/A,N/A,N/A,N/A,Paved,N/A,Property Damage Only,0,0,0,0,0,0,1500,1,1,Northbound (NB),POINT (-92.376666282967 42.657831325999)
20170968194,SO1700591,02/08/2017,02-February,4-Wednesday,19:59,1900 Hours,District 5 (Southeast),,JEFFERSON,77,H046/GLASGOW RD AND MIDDLE GLASGOW RD,Collision with:  Animal,Unknown,N/A,Animal,None Indicated,N/A,N/A,N/A,N/A,N/A,N/A,Paved,N/A,Property Damage Only,0,0,0,0,0,0,3000,1,1,Northbound (NB),POINT (-91.942682496698 41.000546109447)
20170968122,20170004051,02/08/2017,02-February,4-Wednesday,13:39,1300 Hours,District 1 (Central),DES MOINES,POLK,77,E SHERIDAN AVE AND E 13TH ST,Non-collision events:  Other non-collision (explain in narrative),On Roadway,Broadside (front to side),Ran Stop Sign,None Indicated,Weather conditions,Daylight,Snow,Clear,"Surface condition (e.g., wet, icy)",Intersection:  Four-way intersection,Paved,N/A,Property Damage Only,0,0,0,0,0,0,7000,2,2,Northbound (NB),POINT (-93.603526099938 41.618680029855)
20170968086,1701623,02/08/2017,02-February,4-Wednesday,06:00,0600 Hours,District 4 (Southwest),,DALLAS,77,QUINLAN AVE AND STATE 141/141ST ST,Collision with fixed object:  Ditch,Outside trafficway,Non-collision (single vehicle),Ran off road - right,None Indicated,Weather conditions,Dawn,Unknown,Unknown,None apparent,Non-intersection:  Non-junction/no special feature,Unpaved,N/A,Property Damage Only,0,0,0,0,0,0,8200,1,1,Northbound (NB),POINT (-93.967484247889 41.83486378114)
20170968333,17-00180,02/09/2017,02-February,5-Thursday,16:54,1600 Hours,District 1 (Central),WEST DES MOINES,POLK,77,11600 UNIVERSITY AVE,Collision with:  Vehicle in traffic,On Roadway,Rear-end (front to rear),Followed too close,None Indicated,None apparent,Daylight,Dry,Clear,None apparent,Intersection:  Four-way intersection,Paved,N/A,Property Damage Only,0,0,0,0,0,0,5000,2,2,Southbound (SB),POINT (-93.779225908306 41.600446626292)
20170969184,W17-010827,02/10/2017,02-February,6-Friday,11:36,1100 Hours,District 2 (Northeast),WATERLOO,BLACK HAWK,US 63,JEFFERSON ST AND US 63/W MULLAN AVE,Collision with:  Vehicle in traffic,On Roadway,"Sideswipe, same direction",Improper or erratic lane changing,None Indicated,None apparent,Daylight,Dry,Clear,None apparent,Intersection:  Four-way intersection,Paved,N/A,Property Damage Only,0,0,0,0,0,0,3000,2,2,Eastbound (EB),POINT (-92.345995128475 42.497845058448)
20170970757,,02/10/2017,02-February,6-Friday,18:00,1800 Hours,District 2 (Northeast),,ALLAMAKEE,77,X020 / LYCURGUS RD measuring 8 Miles North from 10TH AVE NW,Collision with:  Animal,On Roadway,Non-collision (single vehicle),Animal,None Indicated,N/A,Dusk,Dry,Clear,N/A,Non-intersection:  Non-junction/no special feature,Paved,N/A,Property Damage Only,0,0,0,0,0,0,3350,1,1,Northbound (NB),POINT (-91.439308943686 43.393728617585)
20170968684,17-4425,02/11/2017,02-February,7-Saturday,16:31,1600 Hours,District 3 (Northwest),SIOUX CITY,WOODBURY,77,W 4TH ST AND HAMILTON BLVD,Collision with:  Vehicle in traffic,On Roadway,"Sideswipe, same direction","Operating vehicle in an reckless, erratic, careless, negligent manner",None Indicated,None apparent,Daylight,Dry,Cloudy,None apparent,Intersection:  Four-way intersection,Paved,N/A,Minor Injury,0,1,0,1,0,0,3000,2,5,Southbound (SB),POINT (-96.420453545127 42.50027563521)
20170968590,17-005678,02/12/2017,02-February,1-Sunday,03:23,0300 Hours,District 4 (Southwest),,POTTAWATTAMIE,77,MYNSTER SPRINGS RD AND DELONG AVE,Collision with fixed object:  Guardrail - end,Outside trafficway,Non-collision (single vehicle),Unknown,None Indicated,None apparent,Dark - roadway lighted,Dry,Cloudy,None apparent,Non-intersection:  Non-junction/no special feature,Paved,N/A,Property Damage Only,0,0,0,0,0,0,7000,1,1,Northbound (NB),POINT (-95.857551107706 41.289993172054)
20170973630,2017005035,02/13/2017,02-February,2-Monday,18:17,1800 Hours,District 4 (Southwest),,DALLAS,IA-141,STATE HWY 141 EB -  MILE MARKER 135.5,Collision with:  Vehicle in traffic,On Roadway,Head-on (front to front),Traveling wrong way or on wrong side of road,None Indicated,None apparent,Dark - roadway not lighted,Dry,Clear,None apparent,Non-intersection:  Non-junction/no special feature,Paved,N/A,Major Injury,0,1,1,0,0,0,31650,4,5,Southbound (SB),POINT (-93.974131375852 41.83480759592)
20170969061,2017-9401,02/13/2017,02-February,2-Monday,17:20,1700 Hours,District 6 (East Central),DAVENPORT,SCOTT,77,1800 E 53RD ST,Collision with:  Vehicle in traffic,On Roadway,Rear-end (front to rear),Followed too close,None Indicated,None apparent,Daylight,Dry,Cloudy,None apparent,Non-intersection:  Non-junction/no special feature,Paved,N/A,Property Damage Only,0,0,0,0,0,0,10000,2,2,Southbound (SB),POINT (-90.551165011339 41.574713058569)
20170969090,CL17000529,02/14/2017,02-February,3-Tuesday,01:00,0100 Hours,District 6 (East Central),CLINTON,CLINTON,77,8TH AVE S MEASURING 200 FEET WEST FROM US 30/8TH AVE S AND US 67/S 4TH ST,Collision with:  Parked motor vehicle,On Roadway,"Sideswipe, same direction",Unknown,None Indicated,None apparent,Dark - roadway lighted,Dry,Clear,None apparent,Non-intersection:  Non-junction/no special feature,Paved,N/A,Property Damage Only,0,0,0,0,0,0,3000,2,1,Southbound (SB),POINT (-90.193975156116 41.837784426199)
20170969066,17-1090,02/14/2017,02-February,3-Tuesday,16:45,1600 Hours,District 1 (Central),DES MOINES,POLK,77,DELAWARE AVE,Collision with:  Vehicle in traffic,On Roadway,Rear-end (front to rear),Followed too close,None Indicated,None apparent,Daylight,Dry,Clear,None apparent,Non-intersection:  Non-junction/no special feature,Paved,N/A,Property Damage Only,0,0,0,0,0,0,10000,2,2,Northbound (NB),POINT (-93.581297098688 41.629486133779)
20170969300,20170004910,02/15/2017,02-February,4-Wednesday,21:17,2100 Hours,District 1 (Central),DES MOINES,POLK,77,INTERSTATE 235 AND 31ST ST,Collision with:  Vehicle in traffic,On Roadway,"Sideswipe, same direction",FTYROW:  Other (explain in narrative),None Indicated,None apparent,Dark - roadway lighted,Dry,Clear,None apparent,Non-intersection:  Non-junction/no special feature,Paved,N/A,Property Damage Only,0,0,0,0,0,0,1500,2,2,Northbound (NB),POINT (-93.659368932633 41.593117055527)
20170973413,032-019-17,02/16/2017,02-February,5-Thursday,14:00,1400 Hours,District 3 (Northwest),ESTHERVILLE,EMMET,77,600 BLOCK S 18TH ST,Collision with:  Parked motor vehicle,In parking lane/zone,Unknown,Unknown,None Indicated,None apparent,Daylight,Dry,Cloudy,None apparent,Non-intersection:  Non-junction/no special feature,Paved,N/A,Property Damage Only,0,0,0,0,0,0,1500,2,1,Northbound (NB),POINT (-94.818310792505 43.396251687079)
20170969817,17-1927,02/17/2017,02-February,6-Friday,13:54,1300 Hours,District 3 (Northwest),SPENCER,CLAY,US 18,US 18/N GRAND AVE MEASURING 103 FEET NORTH FROM US 18/N GRAND AVE AND W PARK ST AND E PARK ST,Collision with:  Vehicle in traffic,On Roadway,Rear-end (front to rear),Followed too close,None Indicated,None apparent,Daylight,Dry,Clear,None apparent,Non-intersection:  Non-junction/no special feature,Paved,N/A,Minor Injury,0,1,0,1,0,0,3500,2,2,Southbound (SB),POINT (-95.144467376956 43.138010603894)
20170969475,C17000519,02/17/2017,02-February,6-Friday,14:09,1400 Hours,District 6 (East Central),CORALVILLE,JOHNSON,US 6,22ND AVE AND US 6/2ND ST AND CAMP CARDINAL BLVD,Collision with:  Vehicle in traffic,On Roadway,Broadside (front to side),Ran Traffic Signal,None Indicated,None apparent,Daylight,Dry,Clear,None apparent,Intersection:  Four-way intersection,Paved,N/A,Property Damage Only,0,0,0,0,0,0,5000,2,2,Southbound (SB),POINT (-91.595795484146 41.681698268134)
20170970898,90-17-77,02/18/2017,02-February,7-Saturday,22:05,2200 Hours,District 3 (Northwest),,HUMBOLDT,77,P019/ARIZONA AVE,Collision with fixed object:  Traffic sign support,Roadside,Non-collision (single vehicle),Ran off road - straight,None Indicated,Weather conditions,Dark - roadway not lighted,Dry,"Fog, smoke, smog",None apparent,Non-intersection:  Non-junction/no special feature,Paved,N/A,Property Damage Only,0,0,0,0,0,0,18000,1,1,Northbound (NB),POINT (-94.442344665623 42.801420102266)
20170969700,17-001110,02/19/2017,02-February,1-Sunday,22:03,2200 Hours,District 2 (Northeast),,BUTLER,77,T047/SINCLAIR AVE AND C045/BUTLER CENTER RD,Collision with:  Animal,On Roadway,Non-collision (single vehicle),Animal,None Indicated,Animal in roadway,N/A,N/A,N/A,N/A,N/A,Paved,N/A,Property Damage Only,0,0,0,0,0,0,2000,1,1,Southbound (SB),POINT (-92.732012037947 42.700657464111)
20170970167,2017001744,02/20/2017,02-February,2-Monday,08:21,0800 Hours,District 6 (East Central),IOWA CITY,JOHNSON,77,N DUBUQUE ST,Collision with:  Vehicle in traffic,On Roadway,Rear-end (front to rear),Followed too close,None Indicated,None apparent,Daylight,Wet,Cloudy,Work Zone (roadway-related),Non-intersection:  Non-junction/no special feature,Paved,Yes,Property Damage Only,0,0,0,0,0,0,3000,2,2,Northbound (NB),POINT (-91.532132389306 41.677371981619)
20170970276,2017005836,02/21/2017,02-February,3-Tuesday,06:45,0600 Hours,District 2 (Northeast),,WINNESHIEK,77,A052/OLD STAGE RD MEASURING 921 FEET EAST FROM A052/OLD STAGE RD AND PONTOPPIDAN RD,Collision with fixed object:  Ditch,Roadside,Non-collision (single vehicle),Driving too fast for conditions,None Indicated,Weather conditions,Daylight,Ice/frost,"Fog, smoke, smog","Surface condition (e.g., wet, icy)",Non-intersection:  Non-junction/no special feature,Paved,N/A,Property Damage Only,0,0,0,0,0,0,4000,1,1,Southbound (SB),POINT (-91.651804979479 43.28473201133)
20170970314,AP17-0067,02/22/2017,02-February,4-Wednesday,08:12,0800 Hours,District 6 (East Central),ANAMOSA,JONES,77,E 1ST ST AND S DUBUQUE ST,Collision with:  Struck/struck by object/cargo/person from other vehicle,On Roadway,"Angle, oncoming left turn",FTYROW:  Making left turn,None Indicated,None apparent,Daylight,Dry,Clear,None apparent,Intersection:  Four-way intersection,Paved,N/A,Property Damage Only,0,0,0,0,0,0,1600,2,2,Southbound (SB),POINT (-91.274588762438 42.106568421619)
20170970328,17-1203,02/22/2017,02-February,4-Wednesday,09:10,0900 Hours,District 3 (Northwest),CHEROKEE,CHEROKEE,IA-3,RIVERVIEW DR AND STATE 3/IOWA 3,Collision with:  Vehicle in traffic,On Roadway,Broadside (front to side),FTYROW:  From stop sign,None Indicated,None apparent,Daylight,Dry,Clear,None apparent,Intersection:  Four-way intersection,Paved,N/A,Possible/Unknown,0,1,0,0,1,0,18000,2,2,Southbound (SB),POINT (-95.534715266975 42.76303821264)
20170971310,2017006212,02/23/2017,02-February,5-Thursday,22:08,2200 Hours,District 4 (Southwest),,POTTAWATTAMIE,I-80,INTERSTATE 80 31.60 WB,Collision with:  Vehicle in traffic,On Roadway,"Sideswipe, same direction",Driving too fast for conditions,None Indicated,Weather conditions,Dark - roadway not lighted,Slush,Freezing rain/drizzle,"Surface condition (e.g., wet, icy)",Non-intersection:  Non-junction/no special feature,Paved,N/A,Property Damage Only,0,0,0,0,0,0,7000,2,2,Southbound (SB),POINT (-95.503765578152 41.499515168326)
20170970781,17-000245,02/24/2017,02-February,6-Friday,18:01,1800 Hours,District 1 (Central),AMES,STORY,77,STANGE RD AT GREENSBORO DR,Collision with:  Vehicle in traffic,On Roadway,Other (explain in narrative),Driver Distraction:  Exterior distraction,None Indicated,Weather conditions,Dusk,Snow,Snow,"Surface condition (e.g., wet, icy)",Non-intersection:  Non-junction/no special feature,Paved,N/A,Property Damage Only,0,0,0,0,0,0,1700,2,2,Northbound (NB),POINT (-93.644845310682 42.043841109354)
20170973484,,02/24/2017,02-February,6-Friday,14:10,1400 Hours,District 3 (Northwest),,POCAHONTAS,IA-7,Iowa 0007 / 620TH ST measuring 786 Feet West from 180TH AVE and Iowa 0007 / 620TH ST,Collision with:  Vehicle in traffic,On Roadway,"Sideswipe, opposite direction",Crossed centerline (undivided),None Indicated,Weather conditions,Daylight,Snow,Snow,"Surface condition (e.g., wet, icy)",Non-intersection:  Driveway access (within),Paved,N/A,Property Damage Only,0,0,0,0,0,0,8000,2,3,Southbound (SB),POINT (-94.759251420663 42.588418855972)
20170971424,201700891,02/24/2017,02-February,6-Friday,23:01,2300 Hours,District 6 (East Central),,LINN,IA-100,US 151 AND SECRIST RD AND US 151 AND STATE 100/IOWA 100,Collision with fixed object:  Curb/island/raised median,On Roadway,Non-collision (single vehicle),Lost Control,None Indicated,Weather conditions,Dark - roadway lighted,Ice/frost,Blowing snow,"Surface condition (e.g., wet, icy)",Intersection:  Four-way intersection,Paved,N/A,Possible/Unknown,0,2,0,0,2,0,5000,1,2,Westbound (WB),POINT (-91.550211048179 42.019905718707)
20170970935,20170005943,02/24/2017,02-February,6-Friday,22:20,2200 Hours,District 1 (Central),DES MOINES,POLK,77,MADISON AVE AND 50TH ST,Collision with fixed object:  Traffic sign support,On Roadway,Non-collision (single vehicle),Ran off road - right,None Indicated,Weather conditions,Dark - roadway lighted,Ice/frost,Freezing rain/drizzle,"Surface condition (e.g., wet, icy)",Non-intersection:  Non-junction/no special feature,Paved,N/A,Property Damage Only,0,0,0,0,0,0,1500,1,1,Southbound (SB),POINT (-93.687737868544 41.633086930351)
20170972161,17-0805-02,02/24/2017,02-February,6-Friday,22:20,2200 Hours,District 4 (Southwest),ADEL,DALLAS,77,S. 11TH & CASSIDY CURVE (WB),Collision with fixed object:  Curb/island/raised median,Shoulder,Non-collision (single vehicle),Driving too fast for conditions,None Indicated,Weather conditions,Dark - roadway lighted,Ice/frost,Blowing snow,"Surface condition (e.g., wet, icy)",Non-intersection:  Non-junction/no special feature,Paved,N/A,Property Damage Only,0,0,0,0,0,0,3000,1,1,Southbound (SB),POINT (-94.021535627007 41.610231069174)
20170970835,1702522,02/25/2017,02-February,7-Saturday,00:11,0000 Hours,District 4 (Southwest),VAN METER,DALLAS,77,F064/340TH TRL AND R016/VETERANS MEMORIAL DR,Collision with:  Struck/struck by object/cargo/person from other vehicle,On Roadway,Head-on (front to front),Lost Control,None Indicated,None apparent,Dark - roadway not lighted,Ice/frost,Clear,"Surface condition (e.g., wet, icy)",Non-intersection:  Non-junction/no special feature,Unpaved,N/A,Possible/Unknown,0,1,0,0,1,0,20000,3,5,Northbound (NB),POINT (-93.949044983701 41.538038297643)
20170972068,201703032,02/26/2017,02-February,1-Sunday,02:27,0200 Hours,District 6 (East Central),CEDAR RAPIDS,LINN,77,2ND AVE SE,Collision with fixed object:  Embankment,Other (explain in narrative),Non-collision (single vehicle),Ran off road - straight,Alcohol (Statutory),None apparent,Dark - roadway not lighted,Dry,Clear,None apparent,Non-intersection:  Non-junction/no special feature,Paved,N/A,Property Damage Only,0,0,0,0,0,0,3500,1,1,Southbound (SB),POINT (-91.641333085548 41.993010802104)
20170971247,17-06895,02/27/2017,02-February,2-Monday,08:33,0800 Hours,District 5 (Southeast),BURLINGTON,DES MOINES,77,RACINE AVE MEASURING 280 FEET SOUTH FROM RACINE AVE AND LENOX AVE AND NORTHERN DR,Collision with:  Parked motor vehicle,Outside trafficway,Rear-end (front to rear),Unknown,None Indicated,None apparent,Daylight,Dry,Clear,None apparent,Non-intersection:  Driveway access (within),Paved,N/A,Property Damage Only,0,0,0,0,0,0,2000,2,1,Northbound (NB),POINT (-91.147079090063 40.830082954208)
20170971525,W17-016118,02/28/2017,02-February,3-Tuesday,15:59,1500 Hours,District 2 (Northeast),WATERLOO,BLACK HAWK,77,2100 BLOCK E SAN MARNAN DR,Collision with:  Vehicle in traffic,On Roadway,"Angle, oncoming left turn",Made improper turn,None Indicated,None apparent,Daylight,Dry,Clear,None apparent,Intersection:  Four-way intersection,Paved,N/A,Property Damage Only,0,0,0,0,0,0,6000,2,3,Southbound (SB),POINT (-92.317598006125 42.469157966565)
20170971758,WSO1700499,03/01/2017,03-March,4-Wednesday,06:34,0600 Hours,District 2 (Northeast),,WINNESHIEK,77,W038/LOCUST RD,Collision with:  Vehicle in traffic,On Roadway,"Sideswipe, opposite direction",Driving too fast for conditions,None Indicated,Weather conditions,Daylight,Snow,Snow,"Surface condition (e.g., wet, icy)",Non-intersection:  Non-junction/no special feature,Paved,N/A,Possible/Unknown,0,1,0,0,1,0,9700,2,2,Northbound (NB),POINT (-91.700945272531 43.496938706831)
20170973314,17-003325,03/01/2017,03-March,4-Wednesday,09:06,0900 Hours,District 2 (Northeast),,FLOYD,77,GILBERT ST,Collision with:  Vehicle in traffic,On Roadway,"Sideswipe, opposite direction",Lost Control,None Indicated,Weather conditions,Daylight,Snow,Snow,None apparent,Non-intersection:  Other non-intersection (explain in narrative),Paved,N/A,Property Damage Only,0,0,0,0,0,0,8000,2,2,Northbound (NB),POINT (-92.70019088628 43.078051914462)
20170971882,17-002498,03/02/2017,03-March,5-Thursday,08:18,0800 Hours,District 3 (Northwest),,CLAY,77,M044/200 AVE AND 32ND AVE W,Collision with:  Railway vehicle/train,On Roadway,Other (explain in narrative),Exceeded authorized speed,None Indicated,None apparent,Daylight,Snow,Snow,"Surface condition (e.g., wet, icy)",Non-intersection:  Railroad grade crossing,Paved,N/A,Minor Injury,0,1,0,1,0,0,2200,2,2,Northbound (NB),POINT (-95.191444194428 43.147853397964)
20170972082,17-008817,03/03/2017,03-March,6-Friday,15:10,1500 Hours,District 4 (Southwest),COUNCIL BLUFFS,POTTAWATTAMIE,77,1600 BLOCK OF US 6/W BROADWAY,Collision with:  Vehicle in traffic,On Roadway,"Sideswipe, same direction",Improper or erratic lane changing,None Indicated,None apparent,Daylight,Dry,Clear,None apparent,Non-intersection:  Non-junction/no special feature,Paved,N/A,Property Damage Only,0,0,0,0,0,0,3500,2,2,Southbound (SB),POINT (-95.867888858012 41.261852304171)
20170972289,17-6651,03/04/2017,03-March,7-Saturday,01:00,0100 Hours,District 3 (Northwest),SIOUX CITY,WOODBURY,77,INGLESIDE AVE 1900 BLK,Collision with:  Parked motor vehicle,On Roadway,"Sideswipe, opposite direction",Unknown,None Indicated,None apparent,Dark - roadway lighted,Dry,Unknown,None apparent,Non-intersection:  Non-junction/no special feature,Paved,N/A,Possible/Unknown,0,1,0,0,0,1,4000,2,1,Northbound (NB),POINT (-96.397054004027 42.510616207388)