Iowa DOT Case Number,Law Enforcement Case Number,Date of Crash,Month of Crash,Day of Week,Time of Crash,Hour,DOT District,City Name,County Name,Route with System,Location Description,First Harmful Event,Location of First Harmful Event,Manner of Crash/Collision,Major Cause,Drug or Alcohol ,Environmental Conditions,Light Conditions,Surface Conditions,Weather Conditions,Roadway Contribution,Roadway Type,Roadway Surface,Work Zone,Crash Severity,Number of Fatalities,Number of Injuries,Number of Major Injuries,Number of Minor Injuries,Number of Possible Injuries,Number of Unknown Injuries,Amount of Property Damage,Number of Vehicles Involved,Total Number of Occupants,Travel Direction,Location
20170972240,17-009086,03/05/2017,03-March,1-Sunday,18:47,1800 Hours,District 4 (Southwest),COUNCIL BLUFFS,POTTAWATTAMIE,77,900 BLOCK WOODBURY AVE,Collision with:  Vehicle in traffic,On Roadway,Rear-end (front to rear),Followed too close,None Indicated,None apparent,Dark - roadway lighted,Dry,Clear,None apparent,Non-intersection:  Non-junction/no special feature,Paved,N/A,Property Damage Only,0,0,0,0,0,0,4000,2,2,Northbound (NB),POINT (-95.826037240053 41.238777897416)
20170974877,2017007449,03/06/2017,03-March,2-Monday,15:25,1500 Hours,District 4 (Southwest),DE SOTO,DALLAS,I-80,WB INTERSTATE 80 110 MM,Collision with:  Vehicle in traffic,On Roadway,Rear-end (front to rear),Driving too fast for conditions,None Indicated,Visual obstruction,Daylight,Dry,Cloudy,"Traffic backup, prior crash",Non-intersection:  Non-junction/no special feature,Paved,N/A,Property Damage Only,0,0,0,0,0,0,3500,2,2,Southbound (SB),POINT (-94.014459832872 41.540037844721)
20170973595,VPD17-000429,03/07/2017,03-March,3-Tuesday,13:52,1300 Hours,District 6 (East Central),VINTON,BENTON,77,E 13TH ST,Collision with:  Vehicle in traffic,On Roadway,"Sideswipe, opposite direction",FTYROW:  Other (explain in narrative),None Indicated,None apparent,Daylight,Dry,Clear,None apparent,"Interchange-related:  Off-ramp, diverge area",Paved,N/A,Property Damage Only,0,0,0,0,0,0,6000,2,4,Southbound (SB),POINT (-92.014005538542 42.159409791614)
20170972729,2017007503,03/07/2017,03-March,3-Tuesday,10:36,1000 Hours,District 6 (East Central),,CLINTON,77,110 ST AND Y046/185 AVE NB Y46 IN CLINTON CO,Collision with fixed object:  Ditch,Shoulder,Non-collision (single vehicle),Ran off road - right,None Indicated,None apparent,Daylight,Dry,Cloudy,None apparent,Intersection:  Four-way intersection,Paved,N/A,Minor Injury,0,2,0,2,0,0,5000,1,2,Northbound (NB),POINT (-90.733239899174 42.018319968645)
20170972767,CLP17000809,03/08/2017,03-March,4-Wednesday,19:51,1900 Hours,District 6 (East Central),CLINTON,CLINTON,US 67,13TH AVE N AND US 67/N 2ND ST,Collision with:  Vehicle in traffic,On Roadway,Rear-end (front to rear),Followed too close,None Indicated,None apparent,Dark - roadway not lighted,Dry,Clear,None apparent,Intersection:  T-intersection,Paved,N/A,Property Damage Only,0,0,0,0,0,0,2500,2,4,Northbound (NB),POINT (-90.184909992479 41.858581732057)
20170973602,17-6917,03/09/2017,03-March,5-Thursday,15:30,1500 Hours,District 1 (Central),NEWTON,JASPER,77,E 4TH ST N,Collision with:  Vehicle in traffic,On Roadway,Broadside (front to side),FTYROW:  From stop sign,None Indicated,Other (explain in narrative),Daylight,Dry,Clear,"Traffic backup, regular congestion",Intersection:  Four-way intersection,Paved,N/A,Property Damage Only,0,0,0,0,0,0,6000,2,2,Northbound (NB),POINT (-93.049768695366 41.700435602075)
20170979180,201703705,03/10/2017,03-March,6-Friday,16:21,1600 Hours,District 6 (East Central),CEDAR RAPIDS,LINN,77,2ND AVE AND 5TH ST SE,Collision with:  Vehicle in traffic,On Roadway,Broadside (front to side),Driver Distraction:  Passenger,None Indicated,None apparent,Daylight,Dry,Cloudy,None apparent,Intersection:  Four-way intersection,Paved,N/A,Minor Injury,0,1,0,1,0,0,10000,2,5,Southbound (SB),POINT (-91.664609499063 41.9797473148)
20170974394,2017007905,03/11/2017,03-March,7-Saturday,02:33,0200 Hours,District 1 (Central),,POLK,I-80,INTERSTATE 35 (MM: 135),Collision with fixed object:  Concrete traffic barrier (median or right side),On Roadway,Non-collision (single vehicle),Driving too fast for conditions,None Indicated,Weather conditions,Dark - roadway not lighted,Wet,Clear,"Surface condition (e.g., wet, icy)",Non-intersection:  Non-junction/no special feature,Paved,N/A,Property Damage Only,0,0,0,0,0,0,4000,1,2,Southbound (SB),POINT (-93.62986091228 41.649478413988)
20170973156,17004325,03/11/2017,03-March,7-Saturday,23:30,2300 Hours,District 5 (Southeast),,HENRY,77,X023/RACINE AVE,Collision with:  Animal,On Roadway,Non-collision (single vehicle),Animal,None Indicated,Animal in roadway,N/A,N/A,N/A,N/A,N/A,Paved,N/A,Property Damage Only,0,0,0,0,0,0,3000,1,1,Northbound (NB),POINT (-91.391110135358 40.937201061082)
20170976897,17001979,03/12/2017,03-March,1-Sunday,19:45,1900 Hours,District 5 (Southeast),,LOUISA,IA-92,24000 BLOCK OF HIGHWAY 92,Collision with:  Animal,Unknown,N/A,Animal,None Indicated,N/A,N/A,N/A,N/A,N/A,N/A,Paved,N/A,Property Damage Only,0,0,0,0,0,0,2000,1,2,Southbound (SB),POINT (-91.395494812259 41.280964504929)
20170973718,2017007986,03/13/2017,03-March,2-Monday,05:20,0500 Hours,District 6 (East Central),,CEDAR,I-80,I80 WB 261.65,Non-collision events:  Jackknife,Outside trafficway,Non-collision (single vehicle),Ran off road - right,None Indicated,None apparent,Dark - roadway not lighted,Slush,Snow,"Surface condition (e.g., wet, icy)",Non-intersection:  Non-junction/no special feature,Paved,N/A,Possible/Unknown,0,1,0,0,1,0,100000,1,2,Southbound (SB),POINT (-91.213551878855 41.659647770546)
20170973211,W17-019695,03/13/2017,03-March,2-Monday,02:05,0200 Hours,District 2 (Northeast),WATERLOO,BLACK HAWK,77,MINNESOTA ST AND FOREST AVE,Collision with fixed object:  Utility pole/light support,Outside trafficway,Non-collision (single vehicle),Other (explain in narrative):  Other,Alcohol (Statutory),Weather conditions,Dark - roadway lighted,Snow,Snow,"Surface condition (e.g., wet, icy)",Intersection:  Four-way intersection,Paved,N/A,Property Damage Only,0,0,0,0,0,0,8000,1,3,Northbound (NB),POINT (-92.330074941567 42.482055922395)
20170973819,17019951,03/14/2017,03-March,3-Tuesday,08:02,0800 Hours,District 2 (Northeast),CEDAR FALLS,BLACK HAWK,77,LANTZ AVE,Collision with:  Vehicle in traffic,On Roadway,Broadside (front to side),FTYROW:  From driveway,None Indicated,None apparent,Daylight,Dry,Clear,None apparent,"Non-intersection:  Driveway access (related, not in)",Paved,N/A,Property Damage Only,0,0,0,0,0,0,4500,2,2,Southbound (SB),POINT (-92.454398568107 42.558787275269)
20170973539,2017-16260,03/14/2017,03-March,3-Tuesday,00:57,0000 Hours,District 6 (East Central),DAVENPORT,SCOTT,77,HICKORY GROVE RD,Collision with fixed object:  Ditch,On Roadway,Non-collision (single vehicle),Ran off road - left,None Indicated,Weather conditions,Dark - roadway lighted,Snow,Snow,"Surface condition (e.g., wet, icy)",Non-intersection:  Non-junction/no special feature,Paved,N/A,Property Damage Only,0,0,0,0,0,0,5000,1,1,Northbound (NB),POINT (-90.627878612337 41.556346012069)
20170974322,17-004614,03/15/2017,03-March,4-Wednesday,16:09,1600 Hours,District 2 (Northeast),,FAYETTE,77,W014/R AVE AND STATE 93/150TH ST,Collision with:  Struck/struck by object/cargo/person from other vehicle,On Roadway,Rear-end (front to rear),Swerving/Evasive Action,None Indicated,None apparent,Daylight,Dry,Clear,Other (explain in narrative),Intersection:  Four-way intersection,Paved,N/A,Property Damage Only,0,0,0,0,0,0,1600,2,10,Northbound (NB),POINT (-91.943303345747 42.847269055764)
20170973963,17-010612,03/16/2017,03-March,5-Thursday,10:06,1000 Hours,District 4 (Southwest),COUNCIL BLUFFS,POTTAWATTAMIE,77,32ND AVE AND DIAL DR,Collision with:  Vehicle in traffic,On Roadway,"Sideswipe, same direction",Other (explain in narrative):  Other,None Indicated,None apparent,Daylight,Dry,Clear,None apparent,Intersection:  Four-way intersection,Paved,N/A,Property Damage Only,0,0,0,0,0,0,7200,2,3,Northbound (NB),POINT (-95.849560453116 41.228209604351)
20170979273,17-02428,03/17/2017,03-March,6-Friday,12:20,1200 Hours,District 5 (Southeast),MOUNT PLEASANT,HENRY,77,E MAPLE LEAF DR AND GRAND AVE,Collision with:  Vehicle in traffic,On Roadway,Broadside (front to side),FTYROW:  From stop sign,None Indicated,None apparent,Daylight,Dry,Clear,None apparent,Intersection:  Four-way intersection,Paved,N/A,Property Damage Only,0,0,0,0,0,0,13300,2,4,Northbound (NB),POINT (-91.53806622439 40.974036880096)
20170974364,17001119,03/18/2017,03-March,7-Saturday,16:26,1600 Hours,District 3 (Northwest),GEORGE,LYON,77,MICHIGAN AVE AND S BALDWIN ST AND N BALDWIN ST MEASURING 0 FEET EAST FROM MICHIGAN AVE AND S BALDWIN ST AND N BALDWIN ST,Collision with:  Vehicle in traffic,On Roadway,Broadside (front to side),FTYROW:  From stop sign,None Indicated,None apparent,Daylight,Dry,Clear,None apparent,Intersection:  Four-way intersection,Paved,N/A,Property Damage Only,0,0,0,0,0,0,7000,2,2,Northbound (NB),POINT (-96.000857609436 43.343652483563)
20170974321,17-003823,03/19/2017,03-March,1-Sunday,17:10,1700 Hours,District 4 (Southwest),GLENWOOD,MILLS,77,TYSON ST AND S LOCUST ST,Collision with:  Parked motor vehicle,Roadside,Rear to side,Other (explain in narrative):  Other,None Indicated,None apparent,Daylight,Dry,Clear,None apparent,"Non-intersection:  Driveway access (related, not in)",Paved,N/A,Property Damage Only,0,0,0,0,0,0,1500,2,1,Northbound (NB),POINT (-95.744603480921 41.044026866903)
20170975551,201704208,03/20/2017,03-March,2-Monday,07:52,0700 Hours,District 6 (East Central),CEDAR RAPIDS,LINN,77,300 BLK BOYSON RD NE,Collision with:  Vehicle in traffic,On Roadway,Rear-end (front to rear),Driver Distraction:  Passenger,None Indicated,None apparent,Daylight,Dry,Clear,None apparent,Non-intersection:  Non-junction/no special feature,Paved,N/A,Property Damage Only,0,0,0,0,0,0,18000,3,6,Northbound (NB),POINT (-91.636613150196 42.046686817521)
20170975160,201701268,03/21/2017,03-March,3-Tuesday,17:50,1700 Hours,District 6 (East Central),ELY,LINN,77,WRIGLEY ST MEASURING 31 FEET NORTHWEST FROM WRIGLEY ST AND NORTHGATE DR,Collision with:  Parked motor vehicle,On Roadway,Other (explain in narrative),Improper Backing,None Indicated,None apparent,Daylight,Dry,Clear,None apparent,Non-intersection:  Non-junction/no special feature,Paved,N/A,Property Damage Only,0,0,0,0,0,0,4300,2,1,Northbound (NB),POINT (-91.588528072175 41.876946608856)
20170974622,20170008616,03/21/2017,03-March,3-Tuesday,16:50,1600 Hours,District 1 (Central),DES MOINES,POLK,77,FLEUR DR AND PARK AVE,Collision with:  Vehicle in traffic,On Roadway,Rear-end (front to rear),Followed too close,None Indicated,None apparent,Daylight,Dry,Cloudy,None apparent,Intersection:  Four-way intersection,Paved,N/A,Possible/Unknown,0,1,0,0,1,0,1700,2,2,Eastbound (EB),POINT (-93.64501572738 41.555440010185)
20170975835,,03/22/2017,03-March,4-Wednesday,15:50,1500 Hours,District 6 (East Central),CEDAR RAPIDS,LINN,77,MOUNT VERNON RD SE,Collision with:  Vehicle in traffic,On Roadway,"Sideswipe, opposite direction",Unknown,None Indicated,N/A,Daylight,Dry,Clear,N/A,Non-intersection:  Other non-intersection (explain in narrative),Paved,N/A,Property Damage Only,0,0,0,0,0,0,1946,2,5,Southbound (SB),POINT (-91.609485869263 41.976859171162)
20170975036,17022598,03/23/2017,03-March,5-Thursday,15:10,1500 Hours,District 2 (Northeast),CEDAR FALLS,BLACK HAWK,77,5200 BLK UNIVERSITY AVE,Collision with:  Vehicle in traffic,On Roadway,Rear-end (front to rear),Followed too close,None Indicated,None apparent,Daylight,Wet,Rain,None apparent,Non-intersection:  Non-junction/no special feature,Paved,N/A,Property Damage Only,0,0,0,0,0,0,2500,3,5,Southbound (SB),POINT (-92.418207621029 42.508798235785)
20170979212,201704467,03/24/2017,03-March,6-Friday,18:07,1800 Hours,District 6 (East Central),CEDAR RAPIDS,LINN,77,WILSON AVE SW AND ROCKFORD RD SW,Collision with:  Vehicle in traffic,On Roadway,Rear-end (front to rear),Driving too fast for conditions,None Indicated,None apparent,Dusk,Wet,Rain,None apparent,Non-intersection:  Non-junction/no special feature,Paved,N/A,Property Damage Only,0,0,0,0,0,0,2500,2,3,Southbound (SB),POINT (-91.695035563501 41.956284162001)
20170979211,201704460,03/24/2017,03-March,6-Friday,16:35,1600 Hours,District 6 (East Central),CEDAR RAPIDS,LINN,77,6TH ST SW AND 2ND AVE SW,Collision with:  Vehicle in traffic,On Roadway,Broadside (front to side),Passing:  Through/around barrier,None Indicated,None apparent,Daylight,Wet,Rain,None apparent,Non-intersection:  Non-junction/no special feature,Paved,N/A,Minor Injury,0,1,0,1,0,0,12000,2,4,Northbound (NB),POINT (-91.678829278445 41.97329212834)
20170975748,1703-018,03/25/2017,03-March,7-Saturday,06:58,0600 Hours,District 3 (Northwest),,OSCEOLA,IA-9,STATE 9/IOWA 9 (MM: 53),Collision with:  Animal,On Roadway,Non-collision (single vehicle),Animal,None Indicated,Animal in roadway,N/A,N/A,N/A,N/A,N/A,Paved,N/A,Property Damage Only,0,0,0,0,0,0,3000,1,3,Southbound (SB),POINT (-95.520947182975 43.430978538925)
20170975390,20170009288,03/27/2017,03-March,2-Monday,17:05,1700 Hours,District 1 (Central),DES MOINES,POLK,77,E 42ND ST MEASURING 81 FEET SOUTH FROM E 42ND ST AND US 6/FREDERICK M HUBBELL AVE,Collision with:  Vehicle in traffic,On Roadway,"Sideswipe, same direction",FTYROW:  From driveway,None Indicated,None apparent,Daylight,Dry,Cloudy,None apparent,"Non-intersection:  Driveway access (related, not in)",Paved,N/A,Property Damage Only,0,0,0,0,0,0,1500,2,2,Northbound (NB),POINT (-93.532136581864 41.6354527974)
20170975723,17-001483,03/27/2017,03-March,2-Monday,12:04,1200 Hours,District 1 (Central),AMES,STORY,77,UNIVERSITY BLVD AND MORTENSON PKWY,Collision with:  Vehicle in traffic,On Roadway,"Sideswipe, same direction",Other (explain in narrative):  No improper action,None Indicated,None apparent,Daylight,Dry,Cloudy,None apparent,Intersection:  T-intersection,Paved,N/A,Property Damage Only,0,0,0,0,0,0,5000,2,3,Southbound (SB),POINT (-93.639294058196 42.008359269306)
20170977503,2017009427,03/28/2017,03-March,3-Tuesday,09:54,0900 Hours,District 1 (Central),,JASPER,IA-117,STATE 117/IOWA 117 N (MM: 10),Collision with fixed object:  Ditch,Outside trafficway,Non-collision (single vehicle),Ran off road - right,None Indicated,None apparent,Daylight,Dry,Clear,None apparent,Non-intersection:  Non-junction/no special feature,Paved,N/A,Property Damage Only,0,0,0,0,0,0,1500,1,1,Northbound (NB),POINT (-93.247422557625 41.715420080252)
20170975532,201701467,03/29/2017,03-March,4-Wednesday,01:06,0100 Hours,District 1 (Central),,BOONE,77,E026/W 22ND ST AND E026/MARION ST AND MONARCH DR,Collision with fixed object:  Ditch,On Roadway,Non-collision (single vehicle),Ran off road - straight,None Indicated,None apparent,Dark - roadway not lighted,Dry,Clear,None apparent,Intersection:  T-intersection,Paved,N/A,Property Damage Only,0,0,0,0,0,0,4000,1,1,Northbound (NB),POINT (-93.902938636435 42.078135635861)
20170975845,2017003139,03/30/2017,03-March,5-Thursday,07:58,0700 Hours,District 6 (East Central),IOWA CITY,JOHNSON,US 6,US 6/S RIVERSIDE DR AND STURGIS CORNER DR,Collision with:  Vehicle in traffic,On Roadway,"Sideswipe, same direction",Other (explain in narrative):  Other,None Indicated,None apparent,Daylight,Wet,Cloudy,None apparent,Intersection:  T-intersection,Paved,N/A,Property Damage Only,0,0,0,0,0,0,4500,2,2,Southbound (SB),POINT (-91.540114472171 41.648975988266)
20170976516,C17001018,03/31/2017,03-March,6-Friday,04:55,0400 Hours,District 6 (East Central),CORALVILLE,JOHNSON,US 6,US 6/2ND ST WEST OF JONES BLVD,Collision with:  Animal,On Roadway,Non-collision (single vehicle),Animal,None Indicated,None apparent,Dark - roadway lighted,Wet,Cloudy,None apparent,Non-intersection:  Non-junction/no special feature,Paved,N/A,Property Damage Only,0,0,0,0,0,0,2500,1,1,Southbound (SB),POINT (-91.626342783418 41.698351885418)
20170976566,S17-001139,04/01/2017,04-April,7-Saturday,08:00,0800 Hours,District 4 (Southwest),,POTTAWATTAMIE,77,245TH ST,Collision with:  Parked motor vehicle,Outside trafficway,Unknown,Unknown,None Indicated,Unknown,Daylight,Unknown,Unknown,Unknown,Non-intersection:  Driveway access (within),Unpaved,N/A,Property Damage Only,0,0,0,0,0,0,2500,2,1,Northbound (NB),POINT (-95.718390200756 41.291429630454)
20170976055,20170009814,04/01/2017,04-April,7-Saturday,16:53,1600 Hours,District 1 (Central),DES MOINES,POLK,77,SE 14TH ST AND MAURY ST,Collision with:  Vehicle in traffic,On Roadway,Rear-end (front to rear),Followed too close,None Indicated,None apparent,Daylight,Dry,Clear,None apparent,Intersection:  Four-way intersection,Paved,N/A,Possible/Unknown,0,1,0,0,0,1,4500,3,5,Northbound (NB),POINT (-93.594371730899 41.581203569216)
20170976352,2017003265,04/02/2017,04-April,1-Sunday,01:51,0100 Hours,District 6 (East Central),IOWA CITY,JOHNSON,77,E MARKET ST,Collision with:  Parked motor vehicle,On Roadway,Rear-end (front to rear),Unknown,Alcohol (Statutory),None apparent,Dark - roadway lighted,Wet,Rain,None apparent,Non-intersection:  Non-junction/no special feature,Paved,N/A,Possible/Unknown,0,1,0,0,1,0,16000,2,1,Westbound (WB),POINT (-91.531233010416 41.663562014491)
20170977252,17-002431,04/03/2017,04-April,2-Monday,13:40,1300 Hours,District 4 (Southwest),,FREMONT,77,210 AVE AND STATE 2/IOWA 2,Collision with:  Vehicle in traffic,On Roadway,Rear-end (front to rear),Followed too close,None Indicated,None apparent,Daylight,Dry,Cloudy,None apparent,Intersection:  Four-way intersection,Paved,N/A,Possible/Unknown,0,1,0,0,1,0,10000,2,2,Northbound (NB),POINT (-95.791625481854 40.68934901538)
20170976675,2017-000921,04/04/2017,04-April,3-Tuesday,14:25,1400 Hours,District 6 (East Central),,DUBUQUE,77,US 151 AND DRISCOLL RD AND Y021/SUNDOWN RD,Collision with:  Vehicle in traffic,On Roadway,Rear-end (front to rear),Followed too close,None Indicated,None apparent,Daylight,Dry,Cloudy,None apparent,Intersection:  Four-way intersection,Paved,N/A,Property Damage Only,0,0,0,0,0,0,7000,2,2,Northbound (NB),POINT (-90.872401698151 42.332206343822)
20170979735,261700611,04/05/2017,04-April,4-Wednesday,20:07,2000 Hours,District 5 (Southeast),,DAVIS,77,T07J/150TH ST,Collision with:  Animal,Unknown,N/A,Animal,None Indicated,N/A,N/A,N/A,N/A,N/A,N/A,Unpaved,N/A,Property Damage Only,0,0,0,0,0,0,1800,1,1,Southbound (SB),POINT (-92.516254312783 40.841708207411)
20170976522,2017-22696,04/05/2017,04-April,4-Wednesday,08:36,0800 Hours,District 6 (East Central),DAVENPORT,SCOTT,77,N DIVISION ST AND W GARFIELD ST,Collision with:  Vehicle in traffic,On Roadway,"Angle, oncoming left turn",FTYROW:  Making left turn,None Indicated,None apparent,Daylight,Wet,Rain,None apparent,Intersection:  T-intersection,Paved,N/A,Property Damage Only,0,0,0,0,0,0,7000,2,2,Southbound (SB),POINT (-90.600829244086 41.548210117406)
20170977604,17-4313,04/06/2017,04-April,5-Thursday,18:50,1800 Hours,District 3 (Northwest),CARROLL,CARROLL,77,WEST ST AND 21ST ST,Collision with:  Vehicle in traffic,On Roadway,Rear-end (front to rear),"Operating vehicle in an reckless, erratic, careless, negligent manner",Alcohol (Statutory),None apparent,Daylight,Dry,Clear,None apparent,Intersection:  Four-way intersection,Paved,N/A,Property Damage Only,0,0,0,0,0,0,10000,2,3,Northbound (NB),POINT (-94.868932448783 42.081795894902)
20170976947,17-4426,04/07/2017,04-April,6-Friday,08:03,0800 Hours,District 6 (East Central),MAQUOKETA,JACKSON,77,W SUMMIT ST AND S VERMONT ST,Collision with:  Vehicle in traffic,On Roadway,Rear-end (front to rear),Followed too close,None Indicated,None apparent,Daylight,Dry,Clear,None apparent,Intersection:  Four-way intersection,Paved,N/A,Possible/Unknown,0,4,0,0,4,0,15500,3,9,Northbound (NB),POINT (-90.673176185692 42.061786414416)
20170977932,17-002521,04/07/2017,04-April,6-Friday,16:20,1600 Hours,District 6 (East Central),,BENTON,77,D065/51 ST,Collision with:  Vehicle in traffic,On Roadway,Broadside (front to side),FTYROW:  Making left turn,None Indicated,Other (explain in narrative),Daylight,Gravel,Clear,Other (explain in narrative),"Non-intersection:  Driveway access (related, not in)",Unpaved,N/A,Minor Injury,0,1,0,1,0,0,8100,2,2,Southbound (SB),POINT (-91.900952692088 42.283423889589)
20171001119,17-002763,04/08/2017,04-April,7-Saturday,03:45,0300 Hours,District 5 (Southeast),,LOUISA,77,R AVE,Collision with fixed object:  Ditch,Shoulder,Non-collision (single vehicle),Driver Distraction:  Manual operation of an electronic communication device,Refused,None apparent,Dark - roadway not lighted,Dry,Clear,None apparent,Non-intersection:  Non-junction/no special feature,Unpaved,N/A,Property Damage Only,0,0,0,0,0,0,10000,1,1,Northbound (NB),POINT (-91.34555940957 41.266773585254)
20170977041,17004580,04/09/2017,04-April,1-Sunday,00:07,0000 Hours,District 6 (East Central),,JACKSON,77,D057/300 ST,Collision with fixed object:  Embankment,Outside trafficway,Non-collision (single vehicle),Driver Distraction:  Inattentive/lost in thought,Alcohol (Statutory),None apparent,Dark - roadway not lighted,Dry,Clear,None apparent,Non-intersection:  Non-junction/no special feature,Paved,N/A,Property Damage Only,0,0,0,0,0,0,6500,1,1,Southbound (SB),POINT (-90.642179024499 42.294642289922)
20170977437,CLP17001289,04/10/2017,04-April,2-Monday,14:08,1400 Hours,District 6 (East Central),CLINTON,CLINTON,77,S 9TH ST AND 7TH AVE S,Collision with:  Vehicle in traffic,On Roadway,Broadside (front to side),FTYROW:  From stop sign,None Indicated,None apparent,Daylight,Wet,Cloudy,None apparent,Intersection:  Four-way intersection,Paved,N/A,Property Damage Only,0,0,0,0,0,0,6200,2,2,Northbound (NB),POINT (-90.207161470476 41.838898560649)
20170977479,SOI20170104,04/10/2017,04-April,2-Monday,10:00,1000 Hours,District 1 (Central),,POWESHIEK,IA-146,F057/DIAMOND TRAIL RD AND STATE 146/IOWA 146,Collision with fixed object:  Ditch,Shoulder,Non-collision (single vehicle),Ran off road - straight,None Indicated,Visual obstruction,Daylight,Dry,Clear,None apparent,Intersection:  T-intersection,Paved,N/A,Property Damage Only,0,0,0,0,0,0,56000,1,1,Northbound (NB),POINT (-92.658094210608 41.573809679541)
20170977574,17-12400,04/11/2017,04-April,3-Tuesday,18:21,1800 Hours,District 5 (Southeast),BURLINGTON,DES MOINES,77,CENTRAL AVE AND ANGULAR ST,Collision with:  Vehicle in traffic,On Roadway,"Angle, oncoming left turn",FTYROW:  From stop sign,None Indicated,None apparent,Daylight,Dry,Clear,None apparent,Intersection:  Four-way intersection,Paved,N/A,Property Damage Only,0,0,0,0,0,0,5000,2,4,Southbound (SB),POINT (-91.112248092612 40.80168396842)
20170977669,20170010995,04/12/2017,04-April,4-Wednesday,14:47,1400 Hours,District 1 (Central),DES MOINES,POLK,77,FLEUR DR MEASURING 260 FEET NORTH FROM FLEUR DR AND PARK AVE,Collision with:  Vehicle in traffic,On Roadway,Rear-end (front to rear),Followed too close,None Indicated,None apparent,Daylight,Dry,Cloudy,None apparent,Non-intersection:  Non-junction/no special feature,Paved,N/A,Property Damage Only,0,0,0,0,0,0,2200,2,2,Eastbound (EB),POINT (-93.644973226287 41.555989693736)
20170977898,20170011078,04/13/2017,04-April,5-Thursday,10:40,1000 Hours,District 1 (Central),DES MOINES,POLK,77,E WASHINGTON AVE AND PENNSYLVANIA AVE MEASURING 0 FEET EAST FROM E WASHINGTON AVE AND PENNSYLVANIA AVE,Collision with fixed object:  Fire hydrant,Shoulder,Non-collision (single vehicle),Driver Distraction:  Talking on a hand-held device,None Indicated,None apparent,Daylight,Dry,Clear,None apparent,Intersection:  Four-way intersection,Paved,N/A,Property Damage Only,0,0,0,0,0,0,7500,1,1,Northbound (NB),POINT (-93.608428106731 41.607683401336)
20170977920,17004591,04/13/2017,04-April,5-Thursday,15:27,1500 Hours,District 1 (Central),TOLEDO,TAMA,US 63,US 63/S COUNTY ROAD,Collision with:  Vehicle in traffic,On Roadway,Rear-end (front to rear),Followed too close,None Indicated,None apparent,Daylight,Dry,Clear,None apparent,Intersection:  Four-way intersection,Paved,N/A,Property Damage Only,0,0,0,0,0,0,6000,2,2,Northbound (NB),POINT (-92.581677925019 41.984275718612)
20170978710,201700004777,04/14/2017,04-April,6-Friday,15:49,1500 Hours,District 4 (Southwest),,DALLAS,IA-141,STATE 141/141ST ST,Collision with:  Vehicle in traffic,On Roadway,Rear-end (front to rear),Driver Distraction:  Manual operation of an electronic communication device,None Indicated,None apparent,Daylight,Wet,Rain,None apparent,"Non-intersection:  Driveway access (related, not in)",Paved,N/A,Minor Injury,0,2,0,1,1,0,12000,2,2,Southbound (SB),POINT (-94.141228825431 41.835223243049)
20170978233,2017011228,04/15/2017,04-April,7-Saturday,06:05,0600 Hours,District 4 (Southwest),,CASS,I-80,INTERSTATE 80 - 54.85MM WB,Non-collision events:  Overturn/rollover,On Roadway,Non-collision (single vehicle),Lost Control,None Indicated,None apparent,Dawn,Wet,Rain,"Surface condition (e.g., wet, icy)","Interchange-related:  Mainline, between ramps",Paved,N/A,Property Damage Only,0,0,0,0,0,0,10000,1,1,Southbound (SB),POINT (-95.056138788405 41.496819569848)
20170978011,17-015060,04/15/2017,04-April,7-Saturday,12:20,1200 Hours,District 4 (Southwest),COUNCIL BLUFFS,POTTAWATTAMIE,77,METRO DR AND MCDERMOTT ST,Collision with:  Vehicle in traffic,On Roadway,"Sideswipe, same direction",Other (explain in narrative):  Other,None Indicated,None apparent,Daylight,Dry,Clear,None apparent,Intersection:  Four-way intersection,Paved,N/A,Possible/Unknown,0,1,0,0,1,0,6000,2,6,Northbound (NB),POINT (-95.836545984674 41.219677877256)
20170978115,20170011431,04/16/2017,04-April,1-Sunday,11:15,1100 Hours,District 1 (Central),DES MOINES,POLK,77,33RD ST 100 YARDS SOUTH OF FOREST,Collision with:  Parked motor vehicle,On Roadway,Unknown,Unknown,None Indicated,None apparent,Daylight,Dry,Clear,None apparent,Non-intersection:  Non-junction/no special feature,Paved,N/A,Property Damage Only,0,0,0,0,0,0,2200,2,1,Northbound (NB),POINT (-93.66202101088 41.60255039688)
20170979743,P17-003218,04/17/2017,04-April,2-Monday,23:50,2300 Hours,District 1 (Central),WEBSTER CITY,HAMILTON,77,MACKINLAY KANTOR DR,Collision with:  Vehicle in traffic,On Roadway,Non-collision (single vehicle),Animal,None Indicated,None apparent,Dark - roadway not lighted,Dry,Clear,None apparent,Non-intersection:  Non-junction/no special feature,Paved,N/A,Possible/Unknown,0,1,0,0,1,0,1500,1,1,Northbound (NB),POINT (-93.853299895181 42.474560277232)
20170978738,20170011626,04/18/2017,04-April,3-Tuesday,06:50,0600 Hours,District 1 (Central),DES MOINES,POLK,I-235,INTERSTATE 235 MEASURING 1027 FEET WEST FROM ML KING PKWY,Collision with:  Vehicle in traffic,On Roadway,Rear-end (front to rear),FTYROW:  Other (explain in narrative),None Indicated,None apparent,Daylight,Dry,Clear,None apparent,Non-intersection:  Non-junction/no special feature,Paved,N/A,Property Damage Only,0,0,0,0,0,0,8000,3,3,Westbound (WB),POINT (-93.643707725529 41.596421392874)