Iowa DOT Case Number,Law Enforcement Case Number,Date of Crash,Month of Crash,Day of Week,Time of Crash,Hour,DOT District,City Name,County Name,Route with System,Location Description,First Harmful Event,Location of First Harmful Event,Manner of Crash/Collision,Major Cause,Drug or Alcohol ,Environmental Conditions,Light Conditions,Surface Conditions,Weather Conditions,Roadway Contribution,Roadway Type,Roadway Surface,Work Zone,Crash Severity,Number of Fatalities,Number of Injuries,Number of Major Injuries,Number of Minor Injuries,Number of Possible Injuries,Number of Unknown Injuries,Amount of Property Damage,Number of Vehicles Involved,Total Number of Occupants,Travel Direction,Location
20170978825,2017011480,04/19/2017,04-April,4-Wednesday,06:31,0600 Hours,District 5 (Southeast),,MARION,77,EB LANE OF HWY 92 AT INTER WITH HWY T17,Collision with:  Vehicle in traffic,On Roadway,Rear-end (front to rear),Lost Control,None Indicated,Weather conditions,Dawn,Wet,Cloudy,"Surface condition (e.g., wet, icy)",Intersection:  Four-way intersection,Paved,N/A,Minor Injury,0,1,0,1,0,0,8000,2,2,Northbound (NB),POINT (-92.948154900518 41.306367823004)
20170979756,S17-D2002T,04/20/2017,04-April,5-Thursday,20:33,2000 Hours,District 5 (Southeast),,CLARKE,US 34,1500 BLOCK US 34,Collision with:  Animal,Unknown,N/A,Animal,None Indicated,N/A,N/A,N/A,N/A,N/A,N/A,Paved,N/A,Property Damage Only,0,0,0,0,0,0,1500,1,1,Southbound (SB),POINT (-93.925139063175 41.026427924002)
20170979608,17-11638,04/21/2017,04-April,6-Friday,13:25,1300 Hours,District 1 (Central),NEWTON,JASPER,77,E 2ND ST N,Other (explain in narrative),In parking lane/zone,Rear to rear,Other (explain in narrative):  Other,None Indicated,None apparent,Daylight,Dry,Cloudy,None apparent,Non-intersection:  Non-junction/no special feature,Paved,N/A,Property Damage Only,0,0,0,0,0,0,2000,2,1,Northbound (NB),POINT (-93.052328288461 41.700002122434)
20170979112,17031100,04/21/2017,04-April,6-Friday,08:34,0800 Hours,District 2 (Northeast),CEDAR FALLS,BLACK HAWK,IA-27,STATE 27/IOWA 58 AND W VIKING RD AND E VIKING RD,Collision with:  Vehicle in traffic,On Roadway,"Angle, oncoming left turn",FTYROW:  Making left turn,None Indicated,None apparent,Daylight,Dry,Clear,None apparent,Intersection:  Four-way intersection,Paved,N/A,Minor Injury,0,2,0,1,1,0,18000,2,2,Northbound (NB),POINT (-92.445704096069 42.484033356921)
20170978939,17-13842,04/22/2017,04-April,7-Saturday,16:41,1600 Hours,District 5 (Southeast),,DES MOINES,77,GOLDEN RD,Non-collision events:  Overturn/rollover,On Roadway,Non-collision (single vehicle),Ran off road - right,None Indicated,None apparent,Daylight,Dry,Clear,None apparent,Non-intersection:  Non-junction/no special feature,Unpaved,N/A,Property Damage Only,0,0,0,0,0,0,5000,1,1,Northbound (NB),POINT (-91.275912638418 40.950929970593)
20170979153,2017012059,04/23/2017,04-April,1-Sunday,20:13,2000 Hours,District 6 (East Central),,JOHNSON,IA-1,SB STATE 1/IOWA 1 MEASURING 2771 FEET SOUTH FROM 120TH ST,Collision with:  Animal,On Roadway,Non-collision (single vehicle),Animal,None Indicated,Animal in roadway,N/A,N/A,N/A,N/A,N/A,Paved,N/A,Property Damage Only,0,0,0,0,0,0,10000,1,1,Northbound (NB),POINT (-91.500541080587 41.838355050438)
20170979375,17-00975',04/24/2017,04-April,2-Monday,16:45,1600 Hours,District 4 (Southwest),URBANDALE,POLK,77,WINSTON AVE,Collision with:  Parked motor vehicle,On Roadway,Rear to side,Other (explain in narrative):  Other,None Indicated,None apparent,Daylight,Dry,Clear,None apparent,Non-intersection:  Non-junction/no special feature,Paved,N/A,Property Damage Only,0,0,0,0,0,0,1700,2,1,Southbound (SB),POINT (-93.791315826167 41.636293626695)
20170979261,17-000827,04/24/2017,04-April,2-Monday,08:00,0800 Hours,District 1 (Central),ALTOONA,POLK,77,100 BLK 1ST AVE S,Collision with:  Vehicle in traffic,On Roadway,Rear-end (front to rear),Driver Distraction:  Other interior distraction,None Indicated,None apparent,Daylight,Dry,Clear,None apparent,Non-intersection:  Railroad grade crossing,Paved,N/A,Possible/Unknown,0,2,0,0,2,0,11200,4,4,Northbound (NB),POINT (-93.464553668518 41.65064368809)
20170980345,17-016575,04/25/2017,04-April,3-Tuesday,19:15,1900 Hours,District 4 (Southwest),COUNCIL BLUFFS,POTTAWATTAMIE,77,N 26TH ST AND AVE A,Collision with:  Vehicle in traffic,On Roadway,Broadside (front to side),FTYROW:  From stop sign,None Indicated,None apparent,Dusk,Wet,Freezing rain/drizzle,None apparent,Intersection:  Four-way intersection,Paved,N/A,Property Damage Only,0,0,0,0,0,0,4500,3,5,Northbound (NB),POINT (-95.884368550713 41.262854282937)
20170979917,201706342,04/26/2017,04-April,4-Wednesday,10:05,1000 Hours,District 6 (East Central),CEDAR RAPIDS,LINN,77,EDGEWOOD RD SW AND WILSON AVE SW,Collision with:  Vehicle in traffic,On Roadway,"Angle, oncoming left turn",Ran Traffic Signal,None Indicated,None apparent,Daylight,Wet,Rain,None apparent,Intersection:  Four-way intersection,Paved,N/A,Property Damage Only,0,0,0,0,0,0,12000,2,2,Southbound (SB),POINT (-91.716267883045 41.956487539396)
20170979920,C17001322,04/27/2017,04-April,5-Thursday,10:11,1000 Hours,District 6 (East Central),CORALVILLE,JOHNSON,77,20TH AVE AND 5TH ST,Collision with:  Vehicle in traffic,On Roadway,"Angle, oncoming left turn",FTYROW:  From stop sign,None Indicated,None apparent,Daylight,Unknown,Cloudy,None apparent,Intersection:  Four-way intersection,Paved,N/A,Property Damage Only,0,0,0,0,0,0,3400,2,2,Southbound (SB),POINT (-91.591179091309 41.680173646082)
20170980119,17-01914,04/28/2017,04-April,6-Friday,17:55,1700 Hours,District 1 (Central),WEST DES MOINES,POLK,77,5400 MILLS CIVIC PKWY,Collision with:  Vehicle in traffic,On Roadway,Rear-end (front to rear),Followed too close,None Indicated,None apparent,Dusk,Wet,Rain,None apparent,Non-intersection:  Non-junction/no special feature,Paved,N/A,Property Damage Only,0,0,0,0,0,0,4500,2,3,Southbound (SB),POINT (-93.78284229118 41.559096899654)
20170980832,2017004292,04/28/2017,04-April,6-Friday,08:15,0800 Hours,District 6 (East Central),IOWA CITY,JOHNSON,77,1300 BLK OAKCREST ST,Collision with:  Parked motor vehicle,On Roadway,Unknown,Unknown,None Indicated,Unknown,Daylight,Unknown,Unknown,Unknown,Non-intersection:  Non-junction/no special feature,Paved,N/A,Possible/Unknown,0,1,0,0,0,1,2000,2,1,Southbound (SB),POINT (-91.558964729974 41.651807882133)
20170980461,W17-033588,04/29/2017,04-April,7-Saturday,13:44,1300 Hours,District 2 (Northeast),WATERLOO,BLACK HAWK,77,E SAN MARNAN DR AND SEARS ST,Collision with:  Vehicle in traffic,On Roadway,Rear-end (front to rear),Driving too fast for conditions,None Indicated,None apparent,Daylight,Wet,Clear,None apparent,Intersection:  Four-way intersection,Paved,N/A,Possible/Unknown,0,1,0,0,1,0,1500,2,2,Southbound (SB),POINT (-92.323523313502 42.465653783337)
20170980596,17015742,04/29/2017,04-April,7-Saturday,20:15,2000 Hours,District 1 (Central),MARSHALLTOWN,MARSHALL,77,S 12TH ST,Collision with:  Animal,On Roadway,Non-collision (single vehicle),Animal,None Indicated,None apparent,Dark - roadway not lighted,Dry,Clear,None apparent,Non-intersection:  Non-junction/no special feature,Paved,N/A,Property Damage Only,0,0,0,0,0,0,1500,1,1,Northbound (NB),POINT (-92.93165369586 42.014424304498)
20170980479,17-017262,04/30/2017,04-April,1-Sunday,00:07,0000 Hours,District 5 (Southeast),MUSCATINE,MUSCATINE,77,POPLAR ST,Collision with:  Vehicle in traffic,On Roadway,"Angle, oncoming left turn",Made improper turn,None Indicated,None apparent,Dark - roadway lighted,Wet,Rain,None apparent,Intersection:  Four-way intersection,Paved,N/A,Property Damage Only,0,0,0,0,0,0,4000,2,3,Southbound (SB),POINT (-91.042055323634 41.430937307047)
20170980753,17-13378,05/01/2017,05-May,2-Monday,13:59,1300 Hours,District 3 (Northwest),SIOUX CITY,WOODBURY,77,CHEYENNE BLVD,Collision with:  Vehicle in traffic,In parking lane/zone,"Sideswipe, same direction",Lost Control,None Indicated,None apparent,Daylight,Dry,Cloudy,None apparent,Non-intersection:  Non-junction/no special feature,Paved,N/A,Property Damage Only,0,0,0,0,0,0,4000,2,3,Northbound (NB),POINT (-96.39309378469 42.54423024165)
20170984619,201706693,05/02/2017,05-May,3-Tuesday,18:59,1800 Hours,District 6 (East Central),CEDAR RAPIDS,LINN,77,BLAIRS FERRY RD NE,Collision with:  Vehicle in traffic,On Roadway,"Angle, oncoming left turn",FTYROW:  Making left turn,None Indicated,None apparent,Daylight,Dry,Clear,None apparent,Intersection:  Four-way intersection,Paved,N/A,Property Damage Only,0,0,0,0,0,0,10000,2,10,Southbound (SB),POINT (-91.652092579609 42.035215476448)
20170982879,17-13489,05/02/2017,05-May,3-Tuesday,15:23,1500 Hours,District 3 (Northwest),SIOUX CITY,WOODBURY,77,2012 GRANDVIEW BLVD,Collision with:  Parked motor vehicle,Roadside,"Sideswipe, same direction",Lost Control,None Indicated,None apparent,Daylight,Dry,Clear,None apparent,Non-intersection:  Non-junction/no special feature,Paved,N/A,Property Damage Only,0,0,0,0,0,0,2000,2,1,Northbound (NB),POINT (-96.408062191284 42.511396548381)
20170983255,17-13733,05/03/2017,05-May,4-Wednesday,21:00,2100 Hours,District 3 (Northwest),SIOUX CITY,WOODBURY,77,WESLEY PKWY AND W 4TH ST AND 6TH ST,Collision with:  Vehicle in traffic,On Roadway,Unknown,FTYROW:  Making left turn,None Indicated,Unknown,Dark - roadway lighted,Wet,Rain,None apparent,Intersection:  Four-way intersection,Paved,N/A,Possible/Unknown,0,1,0,0,0,1,2000,2,2,Westbound (WB),POINT (-96.410782487594 42.496305080216)
20170982751,201700005707,05/03/2017,05-May,4-Wednesday,00:15,0000 Hours,District 4 (Southwest),,DALLAS,I-80,INTERSTATE 80/I 80,Collision with:  Animal,Unknown,N/A,Animal,None Indicated,N/A,N/A,N/A,N/A,N/A,N/A,Paved,N/A,Property Damage Only,0,0,0,0,0,0,4000,1,1,Southbound (SB),POINT (-94.162288225571 41.517832000587)
20170981113,2017-14376,05/04/2017,05-May,5-Thursday,21:00,2100 Hours,District 1 (Central),,WARREN,US 65,US 65 MEASURING 190 FEET SOUTH FROM G024/HWY G24 AND US 65,Collision with:  Animal,Unknown,N/A,Animal,None Indicated,N/A,N/A,N/A,N/A,N/A,N/A,Paved,N/A,Property Damage Only,0,0,0,0,0,0,8000,1,1,Northbound (NB),POINT (-93.558590722815 41.439480631643)
20170981483,17-002490,05/05/2017,05-May,6-Friday,20:47,2000 Hours,District 5 (Southeast),,MONROE,77,H035/189TH ST,Collision with:  Animal,On Roadway,Non-collision (single vehicle),Animal,None Indicated,Animal in roadway,Dark - roadway not lighted,Dry,Clear,None apparent,Non-intersection:  Non-junction/no special feature,Paved,N/A,Major Injury,0,3,1,1,1,0,4500,1,3,Southbound (SB),POINT (-92.763141284724 41.030510111939)
20170989521,DPD1701250,05/05/2017,05-May,6-Friday,08:07,0800 Hours,District 2 (Northeast),DECORAH,WINNESHIEK,77,VALLEY DR,Collision with:  Parked motor vehicle,Unknown,N/A,Unknown,None Indicated,N/A,N/A,N/A,N/A,N/A,N/A,Paved,N/A,Property Damage Only,0,0,0,0,0,0,1500,2,1,Southbound (SB),POINT (-91.799991857468 43.303707510075)
20170988405,201700022199,05/06/2017,05-May,7-Saturday,08:32,0800 Hours,District 5 (Southeast),OTTUMWA,WAPELLO,77,S WEBSTER ST,Collision with:  Parked motor vehicle,On Roadway,Rear-end (front to rear),Driver Distraction:  Reaching for object(s)/fallen object(s),None Indicated,None apparent,Daylight,Dry,Clear,None apparent,Non-intersection:  Non-junction/no special feature,Paved,N/A,Property Damage Only,0,0,0,0,0,0,12000,2,1,Northbound (NB),POINT (-92.431194895672 40.99238044257)
20170981375,2017-31806,05/07/2017,05-May,1-Sunday,12:43,1200 Hours,District 6 (East Central),DAVENPORT,SCOTT,US 6,US 6/E KIMBERLY RD MEASURING 69 FEET EAST FROM BRIDGE AVE AND US 6/E KIMBERLY RD,Collision with:  Vehicle in traffic,On Roadway,"Sideswipe, same direction",Other (explain in narrative):  Other,None Indicated,None apparent,Daylight,Dry,Clear,None apparent,Non-intersection:  Non-junction/no special feature,Paved,N/A,Property Damage Only,0,0,0,0,0,0,6000,2,5,Southbound (SB),POINT (-90.556839944772 41.556848158092)
20170982254,1705-025,05/07/2017,05-May,1-Sunday,16:50,1600 Hours,District 3 (Northwest),SIBLEY,OSCEOLA,77,5TH ST E,Collision with fixed object:  Embankment,Other (explain in narrative),Non-collision (single vehicle),"Operating vehicle in an reckless, erratic, careless, negligent manner",None Indicated,Unknown,Daylight,"Mud, dirt",Clear,Ruts/holes/bumps,Non-intersection:  Other non-intersection (explain in narrative),Paved,N/A,Fatal,1,0,0,0,0,0,5000,1,1,Southbound (SB),POINT (-95.733804968536 43.404079258619)
20170982940,17016917,05/08/2017,05-May,2-Monday,17:28,1700 Hours,District 1 (Central),MARSHALLTOWN,MARSHALL,77,E LINCOLN ST AND N 2ND AVE,Collision with:  Vehicle in traffic,On Roadway,Broadside (front to side),FTYROW:  From stop sign,None Indicated,None apparent,Daylight,Dry,Clear,None apparent,Intersection:  Four-way intersection,Paved,N/A,Property Damage Only,0,0,0,0,0,0,9500,2,2,Northbound (NB),POINT (-92.909652331296 42.054425474997)
20170981645,17-02105,05/09/2017,05-May,3-Tuesday,17:48,1700 Hours,District 1 (Central),WEST DES MOINES,DALLAS,77,ASHWORTH RD,Collision with:  Vehicle in traffic,On Roadway,"Angle, oncoming left turn",Other (explain in narrative):  Vision obstructed,None Indicated,Visual obstruction,Daylight,Dry,Clear,None apparent,Non-intersection:  Driveway access (within),Paved,N/A,Property Damage Only,0,0,0,0,0,0,5000,2,2,Southbound (SB),POINT (-93.791424720844 41.584321461791)
20170981624,17-3136,05/09/2017,05-May,3-Tuesday,15:05,1500 Hours,District 1 (Central),GRIMES,POLK,77,SE 37TH ST AND S JAMES ST,Collision with:  Vehicle in traffic,On Roadway,"Sideswipe, same direction",Passing:  On wrong side,None Indicated,None apparent,Daylight,Dry,Clear,None apparent,Intersection:  Four-way intersection,Paved,N/A,Property Damage Only,0,0,0,0,0,0,6500,2,2,Southbound (SB),POINT (-93.794445270054 41.658429554886)
20170991524,17004457,05/10/2017,05-May,4-Wednesday,17:13,1700 Hours,District 2 (Northeast),CLEAR LAKE,CERRO GORDO,77,2900 BLOCK 4TH AVE S,Collision with:  Vehicle in traffic,On Roadway,Broadside (front to side),FTYROW:  From driveway,None Indicated,None apparent,Daylight,Dry,Cloudy,None apparent,"Non-intersection:  Driveway access (related, not in)",Paved,N/A,Possible/Unknown,0,2,0,0,2,0,11000,2,6,Southbound (SB),POINT (-93.353159899002 43.133703146009)
20170988882,17003549,05/10/2017,05-May,4-Wednesday,08:04,0800 Hours,District 6 (East Central),MANCHESTER,DELAWARE,77,NEW ST AND LIBERTY ST,Collision with:  Vehicle in traffic,On Roadway,Broadside (front to side),FTYROW:  Making left turn,None Indicated,None apparent,Daylight,Dry,Cloudy,None apparent,Intersection:  Four-way intersection,Paved,N/A,Property Damage Only,0,0,0,0,0,0,6000,2,2,Southbound (SB),POINT (-91.453826238802 42.488388866966)
20170999416,NT-17-034,05/11/2017,05-May,5-Thursday,16:00,1600 Hours,District 1 (Central),NEVADA,STORY,77,4TH ST AND H AVE,Collision with:  Vehicle in traffic,On Roadway,Broadside (front to side),FTYROW:  At uncontrolled intersection,None Indicated,None apparent,Daylight,Dry,Clear,None apparent,Intersection:  Four-way intersection,Paved,N/A,Property Damage Only,0,0,0,0,0,0,6100,2,3,Northbound (NB),POINT (-93.454999210512 42.018631623988)
20170987665,17-1294,05/12/2017,05-May,6-Friday,14:50,1400 Hours,District 1 (Central),FORT DODGE,WEBSTER,77,200 BLK I ST,Collision with:  Vehicle in traffic,On Roadway,Broadside (front to side),Other (explain in narrative):  No improper action,None Indicated,None apparent,Daylight,Dry,Clear,None apparent,Non-intersection:  Non-junction/no special feature,Unpaved,N/A,Property Damage Only,0,0,0,0,0,0,5000,2,3,Northbound (NB),POINT (-94.194085985108 42.496840390185)
20170982786,,05/12/2017,05-May,6-Friday,16:35,1600 Hours,District 4 (Southwest),COUNCIL BLUFFS,POTTAWATTAMIE,77,COUNCIL POINTE RD,Collision with:  Vehicle in traffic,On Roadway,"Sideswipe, same direction",Unknown,None Indicated,N/A,Daylight,Dry,Clear,N/A,Non-intersection:  Non-junction/no special feature,Paved,N/A,Property Damage Only,0,0,0,0,0,0,5100,2,2,Northbound (NB),POINT (-95.894413802376 41.210860529374)
20170993539,17-129,05/13/2017,05-May,7-Saturday,14:05,1400 Hours,District 4 (Southwest),,TAYLOR,IA-2,STATE 2/IOWA 2,Collision with:  Struck/struck by object/cargo/person from other vehicle,On Roadway,"Sideswipe, opposite direction",Passing:  With insufficient distance/inadequate visibility,None Indicated,Weather conditions,Daylight,Dry,Clear,None apparent,Non-intersection:  Non-junction/no special feature,Paved,N/A,Minor Injury,0,2,0,2,0,0,20000,2,3,Southbound (SB),POINT (-94.562655302193 40.675820009462)
20170982925,17000707,05/13/2017,05-May,7-Saturday,14:50,1400 Hours,District 6 (East Central),IOWA CITY,JOHNSON,77,LOT 46 ENTRANCE TO CARVER ARENA,Collision with:  Vehicle in traffic,In parking lane/zone,"Sideswipe, opposite direction",Traveling wrong way or on wrong side of road,None Indicated,None apparent,Daylight,Dry,Clear,None apparent,Non-intersection:  Driveway access (within),Paved,N/A,Property Damage Only,0,0,0,0,0,0,3500,2,4,Northbound (NB),POINT (-91.557013884723 41.662807810869)
20170982631,17011503,05/14/2017,05-May,1-Sunday,17:49,1700 Hours,District 5 (Southeast),OSKALOOSA,MAHASKA,77,STATE 92/A AVE W AND N D ST,Collision with:  Vehicle in traffic,On Roadway,Broadside (front to side),Ran Traffic Signal,None Indicated,None apparent,Daylight,Dry,Clear,None apparent,Intersection:  Four-way intersection,Paved,N/A,Property Damage Only,0,0,0,0,0,0,15000,2,2,Northbound (NB),POINT (-92.64981345947 41.296217562453)
20170982482,20170014752,05/15/2017,05-May,2-Monday,12:43,1200 Hours,District 1 (Central),DES MOINES,POLK,77,E 38TH ST MEASURING 554 FEET SOUTH FROM E SHERIDAN AVE AND E 38TH ST,Collision with:  Parked motor vehicle,On Roadway,Rear-end (front to rear),Lost Control,None Indicated,None apparent,Daylight,Dry,Clear,None apparent,Non-intersection:  Non-junction/no special feature,Paved,N/A,Possible/Unknown,0,1,0,0,1,0,10000,2,1,Northbound (NB),POINT (-93.54182922771 41.617230973953)
20170982516,17-001972,05/15/2017,05-May,2-Monday,14:38,1400 Hours,District 1 (Central),ANKENY,POLK,77,SW IRVINEDALE DR AND NW IRVINEDALE DR AND W 1ST ST,Collision with:  Vehicle in traffic,On Roadway,Rear-end (front to rear),Followed too close,None Indicated,None apparent,Daylight,Dry,Cloudy,None apparent,Intersection:  Four-way intersection,Paved,N/A,Property Damage Only,0,0,0,0,0,0,5000,2,2,Northbound (NB),POINT (-93.639104422043 41.731689133164)
20170988470,C17001517,05/16/2017,05-May,3-Tuesday,08:40,0800 Hours,District 6 (East Central),CORALVILLE,JOHNSON,US 6,US 6/2ND ST (MM: 247)/UHAUL,Collision with:  Vehicle in traffic,On Roadway,Head-on (front to front),Ran Traffic Signal,None Indicated,None apparent,Daylight,Dry,Clear,None apparent,Intersection:  Four-way intersection,Paved,N/A,Property Damage Only,0,0,0,0,0,0,10000,2,2,Southbound (SB),POINT (-91.606667450874 41.687324789422)
20170982674,17-005842,05/17/2017,05-May,4-Wednesday,14:40,1400 Hours,District 3 (Northwest),ROCK VALLEY,SIOUX,US 18,US 18/10TH ST AND 16TH AVE,Collision with:  Vehicle in traffic,On Roadway,Rear-end (front to rear),FTYROW:  Other (explain in narrative),None Indicated,Weather conditions,Daylight,Wet,Rain,None apparent,"Non-intersection:  Driveway access (related, not in)",Paved,N/A,Property Damage Only,0,0,0,0,0,0,2300,2,4,Southbound (SB),POINT (-96.294864612763 43.199947193199)
20170983614,2017014513,05/17/2017,05-May,4-Wednesday,16:55,1600 Hours,District 1 (Central),,JASPER,I-80,INTERSTATE 80 (MM: 163) EB INTO MEDIAN,Non-collision events:  Overturn/rollover,Shoulder,Non-collision (single vehicle),Ran off road - left,None Indicated,Weather conditions,Daylight,Wet,Rain,None apparent,Non-intersection:  Non-junction/no special feature,Paved,N/A,Possible/Unknown,0,1,0,0,1,0,116892,1,1,Westbound (WB),POINT (-93.102739565588 41.681080112408)
20170982864,17-02288,05/18/2017,05-May,5-Thursday,19:24,1900 Hours,District 1 (Central),WEST DES MOINES,DALLAS,77,JORDAN CREEK PKWY AND E P TRUE PKWY,Collision with:  Vehicle in traffic,On Roadway,Rear-end (front to rear),"Operating vehicle in an reckless, erratic, careless, negligent manner",Refused,None apparent,Dusk,Dry,Cloudy,None apparent,Non-intersection:  Non-junction/no special feature,Paved,N/A,Property Damage Only,0,0,0,0,0,0,2000,2,5,Westbound (WB),POINT (-93.809235583846 41.573397817908)
20170987304,2017-11005,05/18/2017,05-May,5-Thursday,09:55,0900 Hours,District 6 (East Central),BETTENDORF,SCOTT,I-74,INTERSTATE 74 AND MIDDLE RD,Collision with:  Vehicle in traffic,On Roadway,Broadside (front to side),Ran Traffic Signal,None Indicated,None apparent,Daylight,Dry,Cloudy,None apparent,Intersection:  Intersection with ramp,Paved,N/A,Possible/Unknown,0,1,0,0,1,0,3300,2,2,Westbound (WB),POINT (-90.517177529246 41.541443843805)
20170987460,W17-039739,05/19/2017,05-May,6-Friday,15:15,1500 Hours,District 2 (Northeast),WATERLOO,BLACK HAWK,77,1300 BLOCK W CONGER ST,Collision with:  Vehicle in traffic,On Roadway,Rear-end (front to rear),Other (explain in narrative):  Other,None Indicated,None apparent,Daylight,Wet,Cloudy,None apparent,Non-intersection:  Non-junction/no special feature,Paved,N/A,Property Damage Only,0,0,0,0,0,0,2000,2,2,Southbound (SB),POINT (-92.368948385643 42.509879445309)
20170987256,17006333,05/20/2017,05-May,7-Saturday,17:00,1700 Hours,District 1 (Central),GARWIN,TAMA,77,3RD ST AND CLARK ST,Collision with:  Parked motor vehicle,On Roadway,Rear to side,Improper Backing,None Indicated,None apparent,Daylight,Dry,Clear,None apparent,Non-intersection:  Non-junction/no special feature,Paved,N/A,Property Damage Only,0,0,0,0,0,0,2030,2,2,Northbound (NB),POINT (-92.675560520291 42.09101034025)
20170985004,201707779,05/20/2017,05-May,7-Saturday,09:04,0900 Hours,District 6 (East Central),CEDAR RAPIDS,LINN,I-380,INTERSTATE 380 JUST SOUTH OF 7TH ST NE,Non-collision events:  Jackknife,On Roadway,Non-collision (single vehicle),Unknown,None Indicated,Weather conditions,Daylight,Wet,Cloudy,"Surface condition (e.g., wet, icy)",Non-intersection:  Non-junction/no special feature,Paved,N/A,Property Damage Only,0,0,0,0,0,0,11631,1,1,Eastbound (EB),POINT (-91.666759404693 41.981996896603)
20170983113,2017014834,05/21/2017,05-May,1-Sunday,21:04,2100 Hours,District 6 (East Central),DAVENPORT,SCOTT,I-280,INTERSTATE 280 (MM: 6),Collision with:  Animal,Unknown,N/A,Animal,None Indicated,N/A,N/A,N/A,N/A,N/A,N/A,Paved,N/A,Property Damage Only,0,0,0,0,0,0,1500,1,2,Westbound (WB),POINT (-90.674288544355 41.518710773367)
20170995811,17-02344,05/22/2017,05-May,2-Monday,18:14,1800 Hours,District 1 (Central),WEST DES MOINES,POLK,I-235,1800 BLK I-235 EB,Collision with:  Vehicle in traffic,On Roadway,Rear-end (front to rear),Followed too close,None Indicated,None apparent,Daylight,Dry,Clear,None apparent,Non-intersection:  Non-junction/no special feature,Paved,N/A,Property Damage Only,0,0,0,0,0,0,20000,4,8,Southbound (SB),POINT (-93.728818954771 41.593364299547)
20170983469,17-0418,05/23/2017,05-May,3-Tuesday,09:23,0900 Hours,District 1 (Central),WINDSOR HEIGHTS,POLK,I-235,73RD AND EB  INTERSTATE 235,Collision with:  Vehicle in traffic,On Roadway,Rear-end (front to rear),Followed too close,None Indicated,None apparent,Daylight,Dry,Clear,None apparent,Interchange-related:  On-ramp,Paved,N/A,Property Damage Only,0,0,0,0,0,0,3000,2,2,Southbound (SB),POINT (-93.715798234053 41.592068000229)
20170983553,20170015770,05/23/2017,05-May,3-Tuesday,21:15,2100 Hours,District 1 (Central),DES MOINES,POLK,77,31ST ST AND GRAND AVE,Collision with:  Vehicle in traffic,On Roadway,Rear-end (front to rear),"Operating vehicle in an reckless, erratic, careless, negligent manner",Refused,None apparent,Dark - roadway lighted,Dry,Clear,None apparent,Non-intersection:  Non-junction/no special feature,Paved,N/A,Minor Injury,0,3,0,1,2,0,10000,2,6,Southbound (SB),POINT (-93.659472437418 41.584424472738)
20170983948,2017-003994,05/24/2017,05-May,4-Wednesday,18:01,1800 Hours,District 6 (East Central),DUBUQUE,DUBUQUE,77,BENNETT ST MEASURING 320 FEET SOUTH FROM BENNETT ST AND GRIGGS PL,Collision with:  Parked motor vehicle,On Roadway,Head-on (front to front),Lost Control,None Indicated,None apparent,Daylight,Dry,Cloudy,None apparent,Non-intersection:  Non-junction/no special feature,Paved,N/A,Fatal,1,0,0,0,0,0,11000,2,1,Southbound (SB),POINT (-90.690005581754 42.495994598034)
20170983939,SO1702411,05/25/2017,05-May,5-Thursday,20:57,2000 Hours,District 5 (Southeast),,JEFFERSON,77,H043/LIBERTYVILLE RD,Collision with:  Animal,On Roadway,Non-collision (single vehicle),Animal,None Indicated,Animal in roadway,N/A,N/A,N/A,N/A,N/A,Paved,N/A,Property Damage Only,0,0,0,0,0,0,2500,1,1,Northbound (NB),POINT (-91.987301291345 40.984570130943)
20170984319,017549,05/25/2017,05-May,5-Thursday,12:29,1200 Hours,District 3 (Northwest),,EMMET,77,480 AVE,Collision with fixed object:  Ditch,Shoulder,Non-collision (single vehicle),Driver Distraction:  Other interior distraction,None Indicated,None apparent,Daylight,Dry,Clear,None apparent,Non-intersection:  Non-junction/no special feature,Unpaved,N/A,Property Damage Only,0,0,0,0,0,0,7000,1,1,Northbound (NB),POINT (-94.639649114678 43.33996644525)
20170984034,17-2403,05/26/2017,05-May,6-Friday,12:53,1200 Hours,District 1 (Central),WEST DES MOINES,POLK,77,19TH ST AND VINE ST,Collision with:  Vehicle in traffic,On Roadway,Broadside (front to side),FTYROW:  Other (explain in narrative),None Indicated,None apparent,Daylight,Dry,Clear,None apparent,Intersection:  Four-way intersection,Paved,N/A,Property Damage Only,0,0,0,0,0,0,4800,2,2,Northbound (NB),POINT (-93.73230987444 41.577381302759)
20170984072,17-18268,05/26/2017,05-May,6-Friday,15:58,1500 Hours,District 5 (Southeast),BURLINGTON,DES MOINES,77,1900 BLK OSBORN ST,Collision with fixed object:  Utility pole/light support,Roadside,"Sideswipe, opposite direction",Lost Control,Under Influence of Alcohol/Drugs/Medications,None apparent,Daylight,Dry,Clear,None apparent,Non-intersection:  Non-junction/no special feature,Paved,N/A,Possible/Unknown,0,1,0,0,1,0,4000,2,1,Eastbound (EB),POINT (-91.112698466573 40.828453535852)
20170984135,20170016225,05/27/2017,05-May,7-Saturday,20:29,2000 Hours,District 1 (Central),DES MOINES,POLK,77,INDIANOLA AVE MEASURING 139 FEET NORTH FROM INDIANOLA AVE AND SE 5TH ST,Collision with:  Vehicle in traffic,On Roadway,Rear-end (front to rear),Other (explain in narrative):  Other,None Indicated,None apparent,Daylight,Dry,Clear,None apparent,Non-intersection:  Non-junction/no special feature,Paved,N/A,Property Damage Only,0,0,0,0,0,0,4000,2,5,Northbound (NB),POINT (-93.60693371434 41.560898581703)
20170984517,201700007017,05/28/2017,05-May,1-Sunday,18:01,1800 Hours,District 4 (Southwest),DE SOTO,DALLAS,US 6,INTERSTATE 80/SW RAMP AND US 169/GUTHRIE ST AND INTERSTATE 80/SE RAMP,Miscellaneous events:  Vehicle out of gear/rolled,On Roadway,Rear-end (front to rear),Followed too close,None Indicated,None apparent,Daylight,Dry,Clear,None apparent,"Interchange-related:  Off-ramp, diverge area",Paved,N/A,Minor Injury,0,1,0,1,0,0,3200,2,4,Southbound (SB),POINT (-94.012779601507 41.539151934284)