Iowa DOT Case Number,Law Enforcement Case Number,Date of Crash,Month of Crash,Day of Week,Time of Crash,Hour,DOT District,City Name,County Name,Route with System,Location Description,First Harmful Event,Location of First Harmful Event,Manner of Crash/Collision,Major Cause,Drug or Alcohol ,Environmental Conditions,Light Conditions,Surface Conditions,Weather Conditions,Roadway Contribution,Roadway Type,Roadway Surface,Work Zone,Crash Severity,Number of Fatalities,Number of Injuries,Number of Major Injuries,Number of Minor Injuries,Number of Possible Injuries,Number of Unknown Injuries,Amount of Property Damage,Number of Vehicles Involved,Total Number of Occupants,Travel Direction,Location
20170985126,,05/29/2017,05-May,2-Monday,12:34,1200 Hours,District 5 (Southeast),FORT MADISON,LEE,77,AVE L,N/A,On Roadway,"Sideswipe, same direction",Improper or erratic lane changing,None Indicated,None apparent,Daylight,Dry,Cloudy,None apparent,Non-intersection:  Non-junction/no special feature,Paved,N/A,Property Damage Only,0,0,0,0,0,0,0,2,5,Southbound (SB),POINT (-91.349529873294 40.626809243838)
20170984867,17003300,05/29/2017,05-May,2-Monday,21:30,2100 Hours,District 2 (Northeast),,CERRO GORDO,77,S025/GROUSE AVE,Collision with:  Animal,Unknown,N/A,Animal,None Indicated,N/A,N/A,N/A,N/A,N/A,N/A,Paved,N/A,Property Damage Only,0,0,0,0,0,0,2000,1,1,Northbound (NB),POINT (-93.37866930243 43.08928143524)
20170984444,2017005305,05/30/2017,05-May,3-Tuesday,07:05,0700 Hours,District 6 (East Central),IOWA CITY,JOHNSON,US 6,US 6/S RIVERSIDE DR,Collision with:  Vehicle in traffic,On Roadway,Broadside (front to side),FTYROW:  From driveway,None Indicated,None apparent,Daylight,Dry,Clear,None apparent,Non-intersection:  Driveway access (within),Paved,N/A,Property Damage Only,0,0,0,0,0,0,3500,2,3,Southbound (SB),POINT (-91.540187140487 41.650544107065)
20170985118,CLP17002085,05/31/2017,05-May,4-Wednesday,14:43,1400 Hours,District 6 (East Central),CLINTON,CLINTON,US 30,US 30/8TH AVE S AND US 67/S 4TH ST,Collision with:  Vehicle in traffic,On Roadway,"Sideswipe, same direction",Unknown,None Indicated,None apparent,Daylight,Dry,Clear,None apparent,Intersection:  Four-way intersection,Paved,N/A,Property Damage Only,0,0,0,0,0,0,5000,2,2,Westbound (WB),POINT (-90.193240556996 41.83778447519)
20170985164,17043556,05/31/2017,05-May,4-Wednesday,15:35,1500 Hours,District 2 (Northeast),CEDAR FALLS,BLACK HAWK,77,HIGHLAND DR,Collision with:  Parked motor vehicle,On Roadway,Other (explain in narrative),Lost Control,None Indicated,None apparent,Daylight,Dry,Clear,None apparent,Non-intersection:  Non-junction/no special feature,Paved,N/A,Property Damage Only,0,0,0,0,0,0,2100,2,4,Northbound (NB),POINT (-92.468607163463 42.536708858565)
20170987527,17003721,06/01/2017,06-June,5-Thursday,16:29,1600 Hours,District 3 (Northwest),,CHEROKEE,77,O AVE AND STATE 3/IOWA 3,Collision with:  Vehicle in traffic,On Roadway,"Sideswipe, same direction",Passing:  Other passing (explain in narrative),None Indicated,None apparent,Daylight,Dry,Clear,None apparent,Non-intersection:  Non-junction/no special feature,Unpaved,N/A,Property Damage Only,0,0,0,0,0,0,4000,2,2,Northbound (NB),POINT (-95.583420549054 42.793429671114)
20170996029,17013111,06/01/2017,06-June,5-Thursday,17:00,1700 Hours,District 5 (Southeast),OSKALOOSA,MAHASKA,77,N A ST,Collision with:  Parked motor vehicle,On Roadway,Unknown,Other (explain in narrative):  Other,None Indicated,None apparent,Daylight,Dry,Clear,None apparent,Non-intersection:  Non-junction/no special feature,Paved,N/A,Property Damage Only,0,0,0,0,0,0,1500,2,1,Northbound (NB),POINT (-92.646382888622 41.303341210579)
20170991203,17006554,06/02/2017,06-June,6-Friday,11:22,1100 Hours,District 3 (Northwest),ORANGE CITY,SIOUX,77,FLORIDA AVE NW AND 2ND ST NW,Collision with:  Vehicle in traffic,On Roadway,Broadside (front to side),FTYROW:  From yield sign,None Indicated,None apparent,Daylight,Dry,Clear,None apparent,Intersection:  Four-way intersection,Paved,N/A,Minor Injury,0,1,0,1,0,0,12000,2,2,Northbound (NB),POINT (-96.06395335709 43.007219138383)
20170985680,1700000561,06/02/2017,06-June,6-Friday,21:30,2100 Hours,District 1 (Central),,MARSHALL,US 30,2900 MILE 240TH ST,Collision with:  Animal,Unknown,N/A,Animal,None Indicated,N/A,N/A,N/A,N/A,N/A,N/A,Paved,N/A,Property Damage Only,0,0,0,0,0,0,3000,1,2,Southbound (SB),POINT (-92.854568135741 42.007012106387)
20170985344,2017016333,06/03/2017,06-June,7-Saturday,23:03,2300 Hours,District 6 (East Central),,SCOTT,I-80,I-80 WB 280 MM,Collision with:  Animal,On Roadway,Non-collision (single vehicle),Animal,None Indicated,Animal in roadway,N/A,N/A,N/A,N/A,N/A,Paved,N/A,Property Damage Only,0,0,0,0,0,0,2500,1,2,Westbound (WB),POINT (-90.853989275624 41.633013922841)
20170985507,17-002284,06/03/2017,06-June,7-Saturday,05:44,0500 Hours,District 1 (Central),ANKENY,POLK,I-35,INTERSTATE 35/I 35,Collision with:  Vehicle in traffic,On Roadway,Rear-end (front to rear),Animal,None Indicated,Animal in roadway,Dawn,Dry,Clear,None apparent,Non-intersection:  Non-junction/no special feature,Paved,N/A,Property Damage Only,0,0,0,0,0,0,13300,3,7,Northbound (NB),POINT (-93.574777085932 41.748151488881)
20170986064,S17-044952,06/04/2017,06-June,1-Sunday,20:55,2000 Hours,District 2 (Northeast),,BLACK HAWK,US 218,US 218,Collision with:  Animal,On Roadway,Non-collision (single vehicle),Animal,None Indicated,None apparent,Dusk,Dry,Clear,None apparent,Non-intersection:  Non-junction/no special feature,Paved,N/A,Property Damage Only,0,0,0,0,0,0,3000,1,1,Northbound (NB),POINT (-92.433315116473 42.582649194885)
20170985933,N17000391,06/05/2017,06-June,2-Monday,14:10,1400 Hours,District 6 (East Central),NORTH LIBERTY,JOHNSON,77,CHERRY ST AND FRONT ST,Collision with:  Vehicle in traffic,On Roadway,Broadside (front to side),FTYROW:  From stop sign,None Indicated,Visual obstruction,Daylight,Dry,Clear,None apparent,Intersection:  Four-way intersection,Paved,N/A,Property Damage Only,0,0,0,0,0,0,2800,2,3,Northbound (NB),POINT (-91.597996058352 41.748528590674)
20170986017,W17-045386,06/06/2017,06-June,3-Tuesday,07:53,0700 Hours,District 2 (Northeast),WATERLOO,BLACK HAWK,77,NORTH BOUND 11TH ST BRIDGE,Collision with:  Vehicle in traffic,On Roadway,Rear-end (front to rear),Followed too close,None Indicated,None apparent,Daylight,Dry,Clear,None apparent,Non-intersection:  Railroad grade crossing,Paved,N/A,Possible/Unknown,0,1,0,0,1,0,5000,2,2,Northbound (NB),POINT (-92.330101255018 42.492133616766)
20170985894,17011104,06/06/2017,06-June,3-Tuesday,17:27,1700 Hours,District 2 (Northeast),MASON CITY,CERRO GORDO,US 65,US 65/S FEDERAL AVE MEASURING 84 FEET NORTH FROM 7TH ST SE AND 7TH ST SW AND US 65/S FEDERAL AVE,Collision with:  Re-entering roadway,On Roadway,Broadside (front to side),Made improper turn,None Indicated,None apparent,Daylight,Dry,Clear,None apparent,Non-intersection:  Non-junction/no special feature,Paved,N/A,Property Damage Only,0,0,0,0,0,0,2200,2,3,Northbound (NB),POINT (-93.201127536301 43.144904236335)
20170985881,17-3876,06/07/2017,06-June,4-Wednesday,17:10,1700 Hours,District 1 (Central),BONDURANT,POLK,77,GRANT ST S/HUBBELL RD SW,Collision with:  Vehicle in traffic,On Roadway,"Angle, oncoming left turn",FTYROW:  Making left turn,None Indicated,None apparent,Daylight,Dry,Clear,None apparent,Intersection:  Four-way intersection,Paved,N/A,Minor Injury,0,1,0,1,0,0,12500,2,2,Northbound (NB),POINT (-93.462261619765 41.687825451568)
20170985934,17-002342,06/07/2017,06-June,4-Wednesday,10:40,1000 Hours,District 1 (Central),ANKENY,POLK,77,SW ORALABOR RD AND SW IRVINEDALE DR,Collision with:  Non-motorist (see non-motorist section - NOT a unit),On Roadway,Non-collision (single vehicle),Other (explain in narrative):  No improper action,None Indicated,None apparent,Daylight,Dry,Clear,None apparent,Intersection:  Four-way intersection,Paved,N/A,Minor Injury,0,1,0,1,0,0,0,1,1,Northbound (NB),POINT (-93.637416188485 41.703218226541)
20170986121,17-0911,06/08/2017,06-June,5-Thursday,20:41,2000 Hours,District 1 (Central),,GREENE,77,S AVE,Non-collision events:  Overturn/rollover,Roadside,Non-collision (single vehicle),Driver Distraction:  Exterior distraction,None Indicated,Visual obstruction,Dusk,Gravel,Cloudy,None apparent,Non-intersection:  Non-junction/no special feature,Unpaved,N/A,Property Damage Only,0,0,0,0,0,0,10200,1,1,Northbound (NB),POINT (-94.27899105728 41.932394001835)
20170986658,17-18396,06/09/2017,06-June,6-Friday,17:48,1700 Hours,District 3 (Northwest),SIOUX CITY,WOODBURY,77,ROSS ST AND W 4TH ST,Collision with:  Vehicle in traffic,On Roadway,Broadside (front to side),FTYROW:  From stop sign,None Indicated,None apparent,Daylight,Dry,Clear,None apparent,Intersection:  Four-way intersection,Paved,N/A,Possible/Unknown,0,2,0,0,1,1,5000,2,2,Southbound (SB),POINT (-96.428345093082 42.500390738209)
20170986209,17-0641,06/09/2017,06-June,6-Friday,11:59,1100 Hours,District 1 (Central),,POLK,77,NE 23 AVE AND N COPPER WYND DR,Collision with:  Vehicle in traffic,On Roadway,"Angle, oncoming left turn",FTYROW:  Making left turn,None Indicated,None apparent,Daylight,Dry,Clear,None apparent,Intersection:  T-intersection,Paved,N/A,Minor Injury,0,1,0,1,0,0,10000,2,2,Southbound (SB),POINT (-93.509296410912 41.615109884215)
20170986267,17-10214,06/09/2017,06-June,6-Friday,22:05,2200 Hours,District 2 (Northeast),,BREMER,77,US 218 AND CEDAR DR,Collision with:  Animal,On Roadway,Non-collision (single vehicle),Animal,None Indicated,Animal in roadway,N/A,N/A,N/A,N/A,N/A,Paved,N/A,Property Damage Only,0,0,0,0,0,0,2000,1,1,Northbound (NB),POINT (-92.472134016643 42.662894870357)
20170986317,17-3932,06/10/2017,06-June,7-Saturday,09:34,0900 Hours,District 1 (Central),,POLK,77,F048/NE 46TH AVE AND NE 88TH ST,Collision with:  Vehicle in traffic,On Roadway,Rear-end (front to rear),Followed too close,None Indicated,None apparent,Daylight,Dry,Clear,None apparent,Intersection:  Four-way intersection,Paved,N/A,Possible/Unknown,0,2,0,0,2,0,11000,2,3,Northbound (NB),POINT (-93.425829129183 41.644137356697)
20170986569,2017-004518,06/11/2017,06-June,1-Sunday,15:00,1500 Hours,District 6 (East Central),DUBUQUE,DUBUQUE,77,MELROSE TER MEASURING 288 FEET SOUTH FROM MELROSE TER AND W 5TH ST,Collision with:  Parked motor vehicle,On Roadway,"Sideswipe, opposite direction",Improper Backing,None Indicated,None apparent,Daylight,Dry,Clear,None apparent,Non-intersection:  Non-junction/no special feature,Paved,N/A,Property Damage Only,0,0,0,0,0,0,3500,2,1,Southbound (SB),POINT (-90.67714711654 42.495887659759)
20170990399,A17038,06/12/2017,06-June,2-Monday,16:26,1600 Hours,District 5 (Southeast),KNOXVILLE,MARION,IA-14,200 BLK S. LINCOLN,Collision with:  Vehicle in traffic,On Roadway,"Sideswipe, same direction",Improper or erratic lane changing,None Indicated,None apparent,Daylight,Dry,Clear,None apparent,Non-intersection:  Non-junction/no special feature,Paved,N/A,Property Damage Only,0,0,0,0,0,0,2000,2,4,Northbound (NB),POINT (-93.109550384561 41.317514992249)
20170987169,17-024081,06/12/2017,06-June,2-Monday,21:16,2100 Hours,District 5 (Southeast),MUSCATINE,MUSCATINE,IA-92,STATE 92/IOWA 92 (HIGHBRIDGE),Collision with:  Vehicle in traffic,On Roadway,Rear-end (front to rear),Driver Distraction:  Manual operation of an electronic communication device,None Indicated,None apparent,Dark - roadway lighted,Dry,Clear,None apparent,Non-intersection:  Non-junction/no special feature,Paved,N/A,Property Damage Only,0,0,0,0,0,0,12500,3,3,Southbound (SB),POINT (-91.034482894997 41.424485295921)
20170987359,20170018257,06/13/2017,06-June,3-Tuesday,17:04,1700 Hours,District 1 (Central),DES MOINES,POLK,77,E 6TH ST MEASURING 120 FEET SOUTH FROM E GRAND AVE AND E 6TH ST,Collision with:  Vehicle in traffic,On Roadway,"Sideswipe, same direction",FTYROW:  Other (explain in narrative),None Indicated,None apparent,Daylight,Dry,Clear,None apparent,Non-intersection:  Non-junction/no special feature,Paved,N/A,Property Damage Only,0,0,0,0,0,0,8000,2,3,Northbound (NB),POINT (-93.61007917429 41.590578915636)
20170987255,17006112,06/13/2017,06-June,3-Tuesday,07:40,0700 Hours,District 2 (Northeast),CLEAR LAKE,CERRO GORDO,77,HWY 18 AND N 24TH STREET,Collision with:  Vehicle in traffic,On Roadway,Rear-end (front to rear),Followed too close,None Indicated,None apparent,Daylight,Dry,Clear,None apparent,Intersection:  Four-way intersection,Paved,N/A,Property Damage Only,0,0,0,0,0,0,2000,2,2,Northbound (NB),POINT (-93.359414862936 43.145723164829)
20170987382,20170018394,06/14/2017,06-June,4-Wednesday,17:09,1700 Hours,District 1 (Central),DES MOINES,POLK,77,GRANDVIEW AVE AND E 9TH ST,Collision with:  Vehicle in traffic,On Roadway,"Sideswipe, same direction",Other (explain in narrative):  Other,None Indicated,None apparent,Daylight,Dry,Clear,None apparent,Intersection:  Four-way intersection,Paved,N/A,Property Damage Only,0,0,0,0,0,0,3600,2,3,Southbound (SB),POINT (-93.606507549976 41.620456772518)
20170994331,201709331,06/15/2017,06-June,5-Thursday,18:51,1800 Hours,District 6 (East Central),CEDAR RAPIDS,LINN,77,9TH ST SE AND 10TH AVE SE,Collision with:  Vehicle in traffic,On Roadway,Broadside (front to side),FTYROW:  From stop sign,None Indicated,None apparent,Daylight,Dry,Clear,None apparent,Intersection:  Four-way intersection,Paved,N/A,Minor Injury,0,1,0,1,0,0,1200,2,3,Northbound (NB),POINT (-91.653168653521 41.975641802655)
20170990701,17-0318,06/15/2017,06-June,5-Thursday,04:50,0400 Hours,District 1 (Central),,WEBSTER,IA-7,STATE 7/190TH ST AND P029/DAKOTA AVE,Collision with:  Animal,On Roadway,Non-collision (single vehicle),Animal,None Indicated,Animal in roadway,N/A,N/A,N/A,N/A,N/A,Paved,N/A,Property Damage Only,0,0,0,0,0,0,5000,1,1,Southbound (SB),POINT (-94.383507112079 42.516782808152)
20170987921,2017-42862,06/16/2017,06-June,6-Friday,14:35,1400 Hours,District 6 (East Central),DAVENPORT,SCOTT,77,STATE 461/W RIVER DR AND GAINES ST,Collision with:  Vehicle in traffic,On Roadway,Rear-end (front to rear),Followed too close,None Indicated,None apparent,Daylight,Dry,Clear,None apparent,Intersection:  Four-way intersection,Paved,N/A,Property Damage Only,0,0,0,0,0,0,2713,2,2,Northbound (NB),POINT (-90.582990300646 41.520195630242)
20170987887,20170018670,06/16/2017,06-June,6-Friday,19:46,1900 Hours,District 1 (Central),DES MOINES,POLK,I-235,INTERSTATE 235/NE RAMP AND STATE 28/63RD ST AND INTERSTATE 235/NW RAMP,Collision with:  Vehicle in traffic,On Roadway,"Angle, oncoming left turn",Unknown,None Indicated,None apparent,Daylight,Dry,Clear,None apparent,Intersection:  Intersection with ramp,Paved,N/A,Possible/Unknown,0,1,0,0,1,0,12000,2,4,Westbound (WB),POINT (-93.703564548916 41.593593680606)
20170988193,17-004190,06/17/2017,06-June,7-Saturday,22:45,2200 Hours,District 1 (Central),,HAMILTON,US 20,US 20,Collision with:  Animal,On Roadway,Non-collision (single vehicle),Animal,None Indicated,Animal in roadway,N/A,N/A,N/A,N/A,N/A,Paved,N/A,Property Damage Only,0,0,0,0,0,0,3000,1,2,Southbound (SB),POINT (-93.613281451784 42.448979189558)
20170989619,,06/18/2017,06-June,1-Sunday,21:15,2100 Hours,District 2 (Northeast),,HOWARD,IA-9,Iowa 0009 / IOWA 9,Collision with:  Animal,On Roadway,Non-collision (single vehicle),Animal,None Indicated,N/A,Dark - roadway lighted,Dry,Clear,N/A,Non-intersection:  Non-junction/no special feature,Paved,N/A,Property Damage Only,0,0,0,0,0,0,2150,1,1,Southbound (SB),POINT (-92.404735246252 43.371206245497)
20170988332,2017-43565,06/19/2017,06-June,2-Monday,16:47,1600 Hours,District 6 (East Central),DAVENPORT,SCOTT,IA-461,STATE 461/HARRISON ST,Collision with:  Vehicle in traffic,On Roadway,Rear-end (front to rear),Followed too close,None Indicated,None apparent,Daylight,Wet,Rain,Work Zone (roadway-related),Non-intersection:  Non-junction/no special feature,Paved,Yes,Property Damage Only,0,0,0,0,0,0,4000,2,5,Eastbound (EB),POINT (-90.577222718569 41.556559166927)
20170989174,20170017670,06/19/2017,06-June,2-Monday,00:45,0000 Hours,District 6 (East Central),,CLINTON,US 61,135.5MM HWY 61 NB,Collision with:  Animal,On Roadway,Non-collision (single vehicle),Animal,None Indicated,Animal in roadway,Dark - roadway not lighted,Dry,Clear,None apparent,Non-intersection:  Non-junction/no special feature,Paved,N/A,Property Damage Only,0,0,0,0,0,0,3000,1,1,Eastbound (EB),POINT (-90.567667393689 41.775316969424)
20170988991,2017-43867,06/20/2017,06-June,3-Tuesday,13:00,1300 Hours,District 6 (East Central),DAVENPORT,SCOTT,77,S CONCORD ST,Non-collision events:  Overturn/rollover,On Roadway,Non-collision (single vehicle),Ran off road - left,None Indicated,None apparent,Daylight,Dry,Clear,None apparent,Non-intersection:  Non-junction/no special feature,Paved,N/A,Minor Injury,0,2,0,1,1,0,5000,1,3,Northbound (NB),POINT (-90.622985853701 41.499747395627)
20170988994,2017-43937,06/20/2017,06-June,3-Tuesday,17:19,1700 Hours,District 6 (East Central),DAVENPORT,SCOTT,77,E 53RD ST AND E 52ND ST,Collision with:  Vehicle in traffic,On Roadway,Broadside (front to side),FTYROW:  Making left turn,None Indicated,None apparent,Daylight,Dry,Clear,None apparent,Non-intersection:  Other non-intersection (explain in narrative),Paved,N/A,Property Damage Only,0,0,0,0,0,0,5500,2,2,Southbound (SB),POINT (-90.544591890184 41.57472590117)
20170989519,261701224,06/21/2017,06-June,4-Wednesday,10:35,1000 Hours,District 5 (Southeast),,DAVIS,US 63,US 63,Collision with fixed object:  Ditch,On Roadway,Non-collision (single vehicle),Ran off road - left,None Indicated,None apparent,Daylight,Dry,Clear,None apparent,Non-intersection:  Non-junction/no special feature,Paved,N/A,Property Damage Only,0,0,0,0,0,0,5000,1,1,Northbound (NB),POINT (-92.407444878661 40.763007032202)
20170988776,17-025334,06/22/2017,06-June,5-Thursday,12:01,1200 Hours,District 4 (Southwest),COUNCIL BLUFFS,POTTAWATTAMIE,77,5TH AVE AND STATE 192/S 6TH ST,Collision with:  Vehicle in traffic,In parking lane/zone,Rear to side,Improper Backing,None Indicated,None apparent,Daylight,Dry,Clear,None apparent,Non-intersection:  Non-junction/no special feature,Paved,N/A,Property Damage Only,0,0,0,0,0,0,3500,2,2,Northbound (NB),POINT (-95.853020669268 41.257007317586)
20171000455,17-8045,06/22/2017,06-June,5-Thursday,05:00,0500 Hours,District 3 (Northwest),,SAC,77,M055/JACKSON AVE,Non-collision events:  Overturn/rollover,On Roadway,Non-collision (single vehicle),Ran off road - left,None Indicated,None apparent,Dark - roadway not lighted,Dry,Cloudy,None apparent,Non-intersection:  Non-junction/no special feature,Paved,N/A,Possible/Unknown,0,1,0,0,0,1,5000,1,1,Northbound (NB),POINT (-95.163480943088 42.21753255866)
20170989450,17S0107,06/23/2017,06-June,6-Friday,06:48,0600 Hours,District 4 (Southwest),,UNION,77,250TH ST,Collision with:  Animal,On Roadway,Non-collision (single vehicle),Animal,None Indicated,None apparent,Dawn,Dry,Clear,None apparent,Non-intersection:  Non-junction/no special feature,Unpaved,N/A,Property Damage Only,0,0,0,0,0,0,2500,1,1,Southbound (SB),POINT (-94.38406859237 40.94250655939)
20170989642,2017-004864,06/24/2017,06-June,7-Saturday,01:37,0100 Hours,District 6 (East Central),DUBUQUE,DUBUQUE,US 61,US 0061 / US 61,Collision with:  Vehicle in traffic,On Roadway,Rear-end (front to rear),Lost Control,Alcohol (Statutory),None apparent,Dark - roadway not lighted,Dry,Clear,None apparent,Non-intersection:  Non-junction/no special feature,Paved,N/A,Property Damage Only,0,0,0,0,0,0,13000,2,2,Northbound (NB),POINT (-90.681548326036 42.435704549659)
20170991812,17-20916,06/24/2017,06-June,7-Saturday,11:30,1100 Hours,District 5 (Southeast),,LEE,77,260 AVE,Collision with fixed object:  Ditch,Shoulder,Non-collision (single vehicle),Driver Distraction:  Inattentive/lost in thought,None Indicated,None apparent,Daylight,Dry,Clear,None apparent,Non-intersection:  Non-junction/no special feature,Unpaved,N/A,Possible/Unknown,0,1,0,0,1,0,15000,1,1,Northbound (NB),POINT (-91.406020147865 40.522835699251)
20170991259,17-1854,06/25/2017,06-June,1-Sunday,22:22,2200 Hours,District 1 (Central),FORT DODGE,WEBSTER,77,10TH AVE N AND N 29TH ST,Collision with:  Vehicle in traffic,On Roadway,"Sideswipe, opposite direction",Other (explain in narrative):  Other,None Indicated,None apparent,Dark - roadway not lighted,Dry,Clear,None apparent,Intersection:  Four-way intersection,Paved,N/A,Property Damage Only,0,0,0,0,0,0,5000,2,4,Southbound (SB),POINT (-94.157936510552 42.515655056745)
20170990367,C17-0001689,06/26/2017,06-June,2-Monday,07:33,0700 Hours,District 2 (Northeast),MCGREGOR,CLAYTON,IA-76,STATE 76/RIVER ST,Collision with:  Animal,On Roadway,Non-collision (single vehicle),Animal,None Indicated,Animal in roadway,N/A,N/A,N/A,N/A,N/A,Paved,N/A,Property Damage Only,0,0,0,0,0,0,2500,1,1,Northbound (NB),POINT (-91.173506003975 43.027451510946)
20170991077,17-005296,06/27/2017,06-June,3-Tuesday,20:14,2000 Hours,District 3 (Northwest),,PALO ALTO,77,3500 BLOCK OF 440TH AVENUE,Collision with:  Animal,On Roadway,Non-collision (single vehicle),Animal,None Indicated,Animal in roadway,N/A,N/A,N/A,N/A,N/A,Unpaved,N/A,Property Damage Only,0,0,0,0,0,0,1800,1,1,Northbound (NB),POINT (-94.71844015511 43.135695858694)
20170989956,W17-052201,06/27/2017,06-June,3-Tuesday,08:30,0800 Hours,District 2 (Northeast),WATERLOO,BLACK HAWK,77,300 BLK BYRON AVE,Collision with:  Parked motor vehicle,On Roadway,Rear-end (front to rear),Other (explain in narrative):  Other,None Indicated,None apparent,Daylight,Dry,Clear,None apparent,Non-intersection:  Non-junction/no special feature,Paved,N/A,Property Damage Only,0,0,0,0,0,0,2300,2,1,Southbound (SB),POINT (-92.35373369244 42.48026451792)
20170990288,2017018630,06/28/2017,06-June,4-Wednesday,06:50,0600 Hours,District 6 (East Central),CORALVILLE,JOHNSON,US 6,US 6/2ND ST AND 1ST AVE,Collision with:  Vehicle in traffic,On Roadway,"Sideswipe, same direction",Improper or erratic lane changing,None Indicated,Weather conditions,Daylight,Wet,Cloudy,None apparent,Intersection:  Other intersection (explain in narrative),Paved,N/A,Property Damage Only,0,0,0,0,0,0,5500,2,4,Southbound (SB),POINT (-91.56577531269 41.669060170901)
20170990258,2017006383,06/28/2017,06-June,4-Wednesday,09:50,0900 Hours,District 6 (East Central),IOWA CITY,JOHNSON,77,S VAN BUREN ST AND IOWA AVE AND VAN BUREN ST,Collision with:  Vehicle in traffic,On Roadway,Broadside (front to side),FTYROW:  From stop sign,None Indicated,None apparent,Daylight,Dry,Cloudy,None apparent,Intersection:  Four-way intersection,Paved,N/A,Minor Injury,0,2,0,1,1,0,20000,2,2,Northbound (NB),POINT (-91.528679415372 41.6612416085)
20170990771,201700008485,06/29/2017,06-June,5-Thursday,05:36,0500 Hours,District 4 (Southwest),,DALLAS,77,F060/OLD HWY 6 SOUTH,Collision with:  Animal,Unknown,N/A,Animal,None Indicated,N/A,N/A,N/A,N/A,N/A,N/A,Paved,N/A,Property Damage Only,0,0,0,0,0,0,3000,1,1,Northbound (NB),POINT (-94.189793510388 41.561712777619)
20170990473,17-027049,06/30/2017,06-June,6-Friday,15:17,1500 Hours,District 5 (Southeast),MUSCATINE,MUSCATINE,77,ISETT AVE AND US 61,Collision with:  Vehicle in traffic,On Roadway,Head-on (front to front),FTYROW:  Making left turn,None Indicated,Visual obstruction,Daylight,Dry,Clear,None apparent,Intersection:  Four-way intersection,Paved,N/A,Minor Injury,0,1,0,1,0,0,20000,2,2,Northbound (NB),POINT (-91.042146508025 41.451789798328)
20170990582,W17-053367,06/30/2017,06-June,6-Friday,16:28,1600 Hours,District 2 (Northeast),WATERLOO,BLACK HAWK,77,SYCAMORE ST AND E 3RD ST,Collision with:  Vehicle in traffic,On Roadway,Broadside (front to side),Ran Stop Sign,None Indicated,None apparent,Daylight,Dry,Clear,None apparent,Intersection:  Four-way intersection,Paved,N/A,Property Damage Only,0,0,0,0,0,0,13000,2,2,Northbound (NB),POINT (-92.338089611717 42.499681890309)
20170991606,2017019117,07/01/2017,07-July,7-Saturday,16:20,1600 Hours,District 3 (Northwest),,WOODBURY,I-29,INTERSTATE 29 EXIT 135 NB,Collision with fixed object:  Traffic sign support,Outside trafficway,Non-collision (single vehicle),Ran off road - right,Alcohol (Statutory),None apparent,Daylight,Dry,Clear,None apparent,"Interchange-related:  Off-ramp, diverge area",Paved,N/A,Property Damage Only,0,0,0,0,0,0,5500,1,3,Eastbound (EB),POINT (-96.31479246353 42.326694915874)
20170994403,201710330,07/02/2017,07-July,1-Sunday,19:45,1900 Hours,District 6 (East Central),CEDAR RAPIDS,LINN,IA-100,200 BLK COLLINS RD SE,Collision with:  Vehicle in traffic,On Roadway,Rear-end (front to rear),Ran off road - right,None Indicated,None apparent,Daylight,Dry,Clear,None apparent,Intersection:  T-intersection,Paved,N/A,Possible/Unknown,0,1,0,0,1,0,2500,2,2,Southbound (SB),POINT (-91.620872178983 42.025297804536)
20170991280,2017-47642,07/03/2017,07-July,2-Monday,14:23,1400 Hours,District 6 (East Central),DAVENPORT,SCOTT,77,W CENTRAL PARK AVE AND STURDEVANT ST,Collision with:  Vehicle in traffic,On Roadway,"Angle, oncoming left turn",Made improper turn,None Indicated,None apparent,Daylight,Dry,Clear,None apparent,Non-intersection:  Non-junction/no special feature,Paved,N/A,Property Damage Only,0,0,0,0,0,0,11500,2,2,Northbound (NB),POINT (-90.598531261063 41.545514236366)
20170990856,20170020664,07/03/2017,07-July,2-Monday,13:30,1300 Hours,District 1 (Central),DES MOINES,POLK,77,9TH ST AND HIGH ST,Collision with:  Vehicle in traffic,On Roadway,Broadside (front to side),Driving too fast for conditions,None Indicated,Weather conditions,Daylight,Wet,Rain,"Surface condition (e.g., wet, icy)",Intersection:  Four-way intersection,Paved,N/A,Property Damage Only,0,0,0,0,0,0,6000,2,4,Eastbound (EB),POINT (-93.62925973903 41.587665273977)
20170991289,2017-48337,07/05/2017,07-July,4-Wednesday,16:11,1600 Hours,District 6 (East Central),DAVENPORT,SCOTT,77,EASTERN AVE,Collision with:  Vehicle in traffic,On Roadway,Broadside (front to side),FTYROW:  Making left turn,None Indicated,None apparent,Daylight,Dry,Cloudy,None apparent,Intersection:  Other intersection (explain in narrative),Paved,N/A,Possible/Unknown,0,1,0,0,1,0,4000,2,4,Northbound (NB),POINT (-90.551404683654 41.556624401759)
20170992018,17-21978,07/05/2017,07-July,4-Wednesday,14:36,1400 Hours,District 3 (Northwest),SIOUX CITY,WOODBURY,IA-12,STATE 12/GORDON DR5900 BLK,Non-collision events:  Fell/jumped from vehicle,On Roadway,Non-collision (single vehicle),FTYROW:  Making left turn,None Indicated,None apparent,Daylight,Dry,Clear,None apparent,Intersection:  Four-way intersection,Paved,N/A,Minor Injury,0,2,0,1,0,1,1000,3,3,Eastbound (EB),POINT (-96.333989835749 42.475686743036)
20170991684,17-00860,07/06/2017,07-July,5-Thursday,04:10,0400 Hours,District 4 (Southwest),URBANDALE,POLK,US 6,US 0006 / HICKMAN RD,Collision with:  Parked motor vehicle,In parking lane/zone,Unknown,Unknown,None Indicated,None apparent,Dark - roadway lighted,Dry,Clear,None apparent,Non-intersection:  Non-junction/no special feature,Paved,N/A,Property Damage Only,0,0,0,0,0,0,2000,2,2,Southbound (SB),POINT (-93.779651796887 41.614891263233)
20170991760,2017-005184,07/06/2017,07-July,5-Thursday,09:00,0900 Hours,District 6 (East Central),DUBUQUE,DUBUQUE,77,535 W 17TH ST MEASURING 124 FEET NORTHEAST FROM W 17TH ST,Collision with:  Parked motor vehicle,On Roadway,Rear to side,Improper Backing,None Indicated,None apparent,Daylight,Dry,Clear,None apparent,Non-intersection:  Driveway access (within),Paved,N/A,Property Damage Only,0,0,0,0,0,0,1500,2,1,Southbound (SB),POINT (-90.676333330029 42.506686424739)