Iowa DOT Case Number,Law Enforcement Case Number,Date of Crash,Month of Crash,Day of Week,Time of Crash,Hour,DOT District,City Name,County Name,Route with System,Location Description,First Harmful Event,Location of First Harmful Event,Manner of Crash/Collision,Major Cause,Drug or Alcohol ,Environmental Conditions,Light Conditions,Surface Conditions,Weather Conditions,Roadway Contribution,Roadway Type,Roadway Surface,Work Zone,Crash Severity,Number of Fatalities,Number of Injuries,Number of Major Injuries,Number of Minor Injuries,Number of Possible Injuries,Number of Unknown Injuries,Amount of Property Damage,Number of Vehicles Involved,Total Number of Occupants,Travel Direction,Location
20170991868,W17-055880,07/07/2017,07-July,6-Friday,07:21,0700 Hours,District 2 (Northeast),WATERLOO,BLACK HAWK,77,1300 W AIRLINE HWY,Miscellaneous events:  Hit and run,On Roadway,"Sideswipe, opposite direction",Ran off road - right,None Indicated,None apparent,Daylight,Dry,Clear,None apparent,Non-intersection:  Non-junction/no special feature,Paved,N/A,Property Damage Only,0,0,0,0,0,0,5000,2,2,Southbound (SB),POINT (-92.360732633007 42.542065631131)
20170991857,17-028119,07/08/2017,07-July,7-Saturday,12:15,1200 Hours,District 4 (Southwest),COUNCIL BLUFFS,POTTAWATTAMIE,IA-192,STATE 192/S EXPRESSWAY AND SERVICE ROAD E,Collision with:  Vehicle in traffic,On Roadway,Rear-end (front to rear),Other (explain in narrative):  Improper operation,None Indicated,None apparent,Daylight,Dry,Clear,None apparent,Non-intersection:  Non-junction/no special feature,Unpaved,N/A,Property Damage Only,0,0,0,0,0,0,3500,2,3,Northbound (NB),POINT (-95.851338372675 41.231236739656)
20170991976,20170021380,07/09/2017,07-July,1-Sunday,16:26,1600 Hours,District 1 (Central),DES MOINES,POLK,77,SW 9TH ST MEASURING 356 FEET SOUTH FROM MCKINLEY AVE AND SW 9TH ST,Collision with:  Re-entering roadway,On Roadway,Broadside (front to side),FTYROW:  From driveway,None Indicated,None apparent,Daylight,Dry,Clear,None apparent,"Non-intersection:  Driveway access (related, not in)",Paved,N/A,Possible/Unknown,0,2,0,0,2,0,5000,2,3,Northbound (NB),POINT (-93.625752148426 41.539981818042)
20171014098,261701376,07/10/2017,07-July,2-Monday,22:26,2200 Hours,District 5 (Southeast),,DAVIS,77,J040/215TH ST,Collision with fixed object:  Tree,On Roadway,Non-collision (single vehicle),Ran off road - left,Under Influence of Alcohol/Drugs/Medications,None apparent,Dark - roadway not lighted,Dry,Clear,None apparent,Non-intersection:  Non-junction/no special feature,Paved,N/A,Possible/Unknown,0,1,0,0,1,0,5500,1,1,Southbound (SB),POINT (-92.330977339694 40.747734005226)
20170992266,2017-005296,07/10/2017,07-July,2-Monday,14:57,1400 Hours,District 6 (East Central),DUBUQUE,DUBUQUE,77,KAUFMANN AVE MEASURING 245 FEET NORTHWEST FROM KAUFMANN AVE AND CUSHING ST,Collision with:  Parked motor vehicle,On Roadway,"Sideswipe, same direction",Lost Control,None Indicated,None apparent,Daylight,Dry,Cloudy,None apparent,Non-intersection:  Non-junction/no special feature,Paved,N/A,Possible/Unknown,0,1,0,0,1,0,5500,2,2,Southbound (SB),POINT (-90.67791298871 42.513985663307)
20170992240,17-4684,07/11/2017,07-July,3-Tuesday,00:23,0000 Hours,District 1 (Central),,POLK,77,NE 96TH ST AND F048/NE 46TH AVE,Collision with:  Vehicle in traffic,On Roadway,Broadside (front to side),Ran off road - right,None Indicated,None apparent,Dark - roadway lighted,Dry,Clear,None apparent,Intersection:  Four-way intersection,Paved,N/A,Minor Injury,0,1,0,1,0,0,15000,2,2,Northbound (NB),POINT (-93.40643651173 41.644189547339)
20170992818,17-012542,07/12/2017,07-July,4-Wednesday,21:20,2100 Hours,District 2 (Northeast),,BREMER,IA-93,STATE 93/IOWA 93,Collision with:  Animal,Unknown,N/A,Animal,None Indicated,N/A,N/A,N/A,N/A,N/A,N/A,Paved,N/A,Property Damage Only,0,0,0,0,0,0,6000,1,1,Southbound (SB),POINT (-92.205761931317 42.847562532623)
20170992912,BV17-0371,07/13/2017,07-July,5-Thursday,16:38,1600 Hours,District 3 (Northwest),,BUENA VISTA,US 71,US 71/130TH AVE AND C065/630TH ST,Collision with:  Animal,On Roadway,Non-collision (single vehicle),Animal,None Indicated,Animal in roadway,N/A,N/A,N/A,N/A,N/A,Paved,N/A,Property Damage Only,0,0,0,0,0,0,7500,1,1,Northbound (NB),POINT (-95.151543011191 42.60444162842)
20170992893,S17-002282,07/13/2017,07-July,5-Thursday,11:30,1100 Hours,District 4 (Southwest),,POTTAWATTAMIE,77,DOGWOOD RD,Collision with fixed object:  Ditch,On Roadway,Non-collision (single vehicle),Driver Distraction:  Exterior distraction,None Indicated,None apparent,Daylight,Dry,Clear,None apparent,Non-intersection:  Non-junction/no special feature,Paved,N/A,Property Damage Only,0,0,0,0,0,0,200,1,1,Southbound (SB),POINT (-95.75094825662 41.261735942929)
20170992861,20170021978,07/14/2017,07-July,6-Friday,08:12,0800 Hours,District 1 (Central),DES MOINES,POLK,US 69,HENDERSON AVE AND US 69/E 14TH ST,Collision with:  Vehicle in traffic,On Roadway,Head-on (front to front),FTYROW:  Making left turn,None Indicated,None apparent,Daylight,Dry,Clear,None apparent,Intersection:  Four-way intersection,Paved,N/A,Possible/Unknown,0,1,0,0,1,0,12800,2,4,Northbound (NB),POINT (-93.600535833834 41.624991725134)
20170993795,17-016122,07/14/2017,07-July,6-Friday,11:38,1100 Hours,District 5 (Southeast),,MARION,77,T017/HWY T17 AND JESUP DR,Collision with:  Vehicle in traffic,On Roadway,Rear-end (front to rear),Lost Control,None Indicated,None apparent,Daylight,Dry,Clear,None apparent,Intersection:  Other intersection (explain in narrative),Paved,N/A,Major Injury,0,1,1,0,0,0,7000,2,2,Northbound (NB),POINT (-92.914189057043 41.363843739993)
20170993930,PD17-02207,07/15/2017,07-July,7-Saturday,02:11,0200 Hours,District 1 (Central),MARSHALLTOWN,MARSHALL,77,W LINCOLN ST,Collision with:  Parked motor vehicle,On Roadway,"Sideswipe, same direction","Operating vehicle in an reckless, erratic, careless, negligent manner",Alcohol (Statutory),None apparent,Dark - roadway lighted,Dry,Clear,None apparent,Non-intersection:  Non-junction/no special feature,Paved,N/A,Property Damage Only,0,0,0,0,0,0,9000,2,1,Southbound (SB),POINT (-92.91359203401 42.054437515274)
20170993148,20170022255,07/16/2017,07-July,1-Sunday,13:05,1300 Hours,District 1 (Central),DES MOINES,POLK,77,E DOUGLAS AVE MEASURING 362 FEET EAST FROM E DOUGLAS AVE AND E 39TH CT,Collision with:  Vehicle in traffic,On Roadway,Rear-end (front to rear),Passing:  Other passing (explain in narrative),None Indicated,None apparent,Daylight,Dry,Cloudy,None apparent,Non-intersection:  Non-junction/no special feature,Paved,N/A,Minor Injury,0,1,0,1,0,0,1500,2,1,Southbound (SB),POINT (-93.536170299561 41.629606395721)
20170993959,07172017144,07/17/2017,07-July,2-Monday,20:40,2000 Hours,District 6 (East Central),,,77,,Collision with fixed object:  Curb/island/raised median,In parking lane/zone,Non-collision (single vehicle),Other (explain in narrative):  Improper operation,None Indicated,None apparent,Dusk,Dry,Cloudy,None apparent,Non-intersection:  Driveway access (within),Unpaved,N/A,Property Damage Only,0,0,0,0,0,0,1500,1,1,N/A,POINT (0 0)
20170994187,2017-51997,07/17/2017,07-July,2-Monday,21:32,2100 Hours,District 6 (East Central),DAVENPORT,SCOTT,I-80,STATE 130/NEW LIBERTY RD AND INTERSTATE 80 AND INTERSTATE 80,Collision with:  Vehicle in traffic,On Roadway,"Sideswipe, same direction",Other (explain in narrative):  Other,None Indicated,None apparent,Dark - roadway lighted,Dry,Clear,None apparent,Non-intersection:  Non-junction/no special feature,Paved,N/A,Property Damage Only,0,0,0,0,0,0,7000,2,2,Westbound (WB),POINT (-90.621123194264 41.601229332285)
20170993827,2017-002107,07/18/2017,07-July,3-Tuesday,17:10,1700 Hours,District 2 (Northeast),,ALLAMAKEE,77,B038/CHERRY VALLEY DR,Collision with fixed object:  Guardrail - face,On Roadway,Non-collision (single vehicle),Exceeded authorized speed,None Indicated,None apparent,Daylight,Dry,Clear,None apparent,Non-intersection:  Non-junction/no special feature,Paved,N/A,Property Damage Only,0,0,0,0,0,0,10000,1,2,Southbound (SB),POINT (-91.548064663945 43.11071792434)
20170994704,1712396,07/19/2017,07-July,4-Wednesday,05:27,0500 Hours,District 1 (Central),,HARDIN,US 20,US 20,Collision with:  Animal,Unknown,N/A,Animal,None Indicated,N/A,N/A,N/A,N/A,N/A,N/A,Paved,N/A,Property Damage Only,0,0,0,0,0,0,2500,1,1,Westbound (WB),POINT (-93.116809119705 42.426415292409)
20170993837,20170022735,07/20/2017,07-July,5-Thursday,08:20,0800 Hours,District 1 (Central),DES MOINES,POLK,I-235,INTERSTATE 235/E 14TH NE EXIT RAMP AND INTERSTATE 235/UNIV NW ENTR RAMP MEASURING 626 FEET WEST FROM STATE 163/E UNIVERS,Collision with:  Vehicle in traffic,On Roadway,"Sideswipe, same direction",Other (explain in narrative):  Other,None Indicated,None apparent,Daylight,Dry,Clear,None apparent,Non-intersection:  Non-junction/no special feature,Paved,N/A,Property Damage Only,0,0,0,0,0,0,2200,2,2,Westbound (WB),POINT (-93.589163366255 41.599461059941)
20170994124,17004258,07/20/2017,07-July,5-Thursday,21:18,2100 Hours,District 4 (Southwest),,ADAIR,I-80,94 MM INTERSTATE 80,Collision with:  Animal,On Roadway,Non-collision (single vehicle),Animal,None Indicated,Animal in roadway,N/A,N/A,N/A,N/A,N/A,Paved,N/A,Property Damage Only,0,0,0,0,0,0,3000,1,2,Westbound (WB),POINT (-94.301456504096 41.493012582959)
20170994595,CLP17002879,07/21/2017,07-July,6-Friday,20:14,2000 Hours,District 6 (East Central),CLINTON,CLINTON,77,200 BLOCK 11TH AVE N,Collision with:  Vehicle in traffic,On Roadway,Rear to rear,Unknown,None Indicated,None apparent,Dusk,Wet,Rain,None apparent,Non-intersection:  Non-junction/no special feature,Paved,N/A,Property Damage Only,0,0,0,0,0,0,1600,2,2,Southbound (SB),POINT (-90.186340627841 41.856176275164)
20170994210,20170022860,07/21/2017,07-July,6-Friday,07:13,0700 Hours,District 1 (Central),DES MOINES,POLK,77,GRAND AVE AND 9TH ST,Collision with:  Vehicle in traffic,On Roadway,"Sideswipe, same direction",Other (explain in narrative):  No improper action,None Indicated,None apparent,Daylight,Dry,Clear,None apparent,Intersection:  Four-way intersection,Paved,N/A,Property Damage Only,0,0,0,0,0,0,1800,2,2,Eastbound (EB),POINT (-93.628988989499 41.586964189919)
20170994308,2017020967,07/22/2017,07-July,7-Saturday,13:39,1300 Hours,District 1 (Central),,WEBSTER,77,NORTH OF BARNUM ON EASTER AVE,Collision with fixed object:  Ditch,Roadside,Non-collision (single vehicle),Driver Distraction:  Exterior distraction,None Indicated,None apparent,Daylight,Dry,Clear,None apparent,Non-intersection:  Non-junction/no special feature,Paved,N/A,Minor Injury,0,2,0,1,1,0,5500,1,4,Northbound (NB),POINT (-94.363821289009 42.511120123133)
20170994548,17015111,07/23/2017,07-July,1-Sunday,16:04,1600 Hours,District 2 (Northeast),MASON CITY,CERRO GORDO,77,2ND ST SE AND US 65/S DELAWARE AVE,Collision with:  Vehicle in traffic,On Roadway,Rear-end (front to rear),"Driver Distraction:  Adjusting devices (radio, climate)",None Indicated,None apparent,Daylight,Dry,Clear,None apparent,Non-intersection:  Non-junction/no special feature,Paved,N/A,Property Damage Only,0,0,0,0,0,0,17000,2,5,Southbound (SB),POINT (-93.199410178464 43.150012994502)
20170994573,20170023251,07/24/2017,07-July,2-Monday,13:00,1300 Hours,District 1 (Central),DES MOINES,POLK,77,HIGHVIEW DR AND FLEUR DR MEASURING 0 FEET NORTH FROM HIGHVIEW DR AND FLEUR DR,Collision with:  Vehicle in traffic,On Roadway,Broadside (front to side),Ran Traffic Signal,None Indicated,None apparent,Daylight,Dry,Clear,None apparent,Intersection:  Four-way intersection,Paved,N/A,Minor Injury,0,2,0,2,0,0,8000,2,3,Southbound (SB),POINT (-93.645016150486 41.531354444354)
20170999592,17-0004271,07/25/2017,07-July,3-Tuesday,04:30,0400 Hours,District 5 (Southeast),,MONROE,US 34,US 34,Collision with:  Animal,Unknown,N/A,Animal,None Indicated,N/A,N/A,N/A,N/A,N/A,N/A,Paved,N/A,Property Damage Only,0,0,0,0,0,0,2000,1,1,Southbound (SB),POINT (-92.689562451928 41.015940340285)
20170994936,17-010504,07/25/2017,07-July,3-Tuesday,14:34,1400 Hours,District 3 (Northwest),MILFORD,DICKINSON,US 71,US 71/OKOBOJI AVE,Collision with:  Vehicle in traffic,On Roadway,"Angle, oncoming left turn",Made improper turn,None Indicated,None apparent,Daylight,Dry,Clear,None apparent,Intersection:  Four-way intersection,Paved,N/A,Minor Injury,0,2,0,2,0,0,12000,2,2,Northbound (NB),POINT (-95.15004071093 43.327888157071)
20170994840,17-030796,07/26/2017,07-July,4-Wednesday,07:50,0700 Hours,District 4 (Southwest),COUNCIL BLUFFS,POTTAWATTAMIE,77,2ND AVE AND S 8TH ST,Collision with:  Vehicle in traffic,On Roadway,"Angle, oncoming left turn",Made improper turn,None Indicated,None apparent,Daylight,Wet,Rain,None apparent,Non-intersection:  Non-junction/no special feature,Paved,N/A,Minor Injury,0,1,0,1,0,0,16000,2,2,Northbound (NB),POINT (-95.856047312649 41.259634125755)
20170995061,17-2251,07/27/2017,07-July,5-Thursday,16:12,1600 Hours,District 1 (Central),FORT DODGE,WEBSTER,77,S 15TH ST AND 5TH AVE S,Collision with:  Vehicle in traffic,On Roadway,Other (explain in narrative),Unknown,None Indicated,None apparent,Daylight,Dry,Clear,None apparent,Intersection:  Four-way intersection,Paved,N/A,Property Damage Only,0,0,0,0,0,0,1500,2,2,Southbound (SB),POINT (-94.177650549705 42.50103602433)
20170995594,2017021540,07/27/2017,07-July,5-Thursday,18:20,1800 Hours,District 6 (East Central),,IOWA,I-80,I80WB/228.7MM,Collision with fixed object:  Ditch,On Roadway,Non-collision (single vehicle),Ran off road - right,None Indicated,None apparent,Daylight,Dry,Clear,None apparent,Non-intersection:  Non-junction/no special feature,Paved,N/A,Property Damage Only,0,0,0,0,0,0,10000,1,6,Southbound (SB),POINT (-91.840266366164 41.687262784661)
20170995107,17-031089,07/28/2017,07-July,6-Friday,02:50,0200 Hours,District 4 (Southwest),COUNCIL BLUFFS,POTTAWATTAMIE,I-80,INTERSTATE 29/I 29,Collision with fixed object:  Concrete traffic barrier (median or right side),On Roadway,Non-collision (single vehicle),Other (explain in narrative):  Other,None Indicated,None apparent,Dark - roadway lighted,Dry,Clear,None apparent,Non-intersection:  Non-junction/no special feature,Paved,N/A,Property Damage Only,0,0,0,0,0,0,3000,1,1,Southbound (SB),POINT (-95.844984222158 41.231619193168)
20170996286,2017-00740,07/29/2017,07-July,7-Saturday,13:56,1300 Hours,District 4 (Southwest),WAUKEE,DALLAS,77,MARSHALL DR AND SE CARDINAL LN,Collision with:  Vehicle in traffic,On Roadway,Broadside (front to side),Ran Stop Sign,None Indicated,None apparent,Daylight,Dry,Clear,None apparent,Intersection:  T-intersection,Paved,N/A,Possible/Unknown,0,2,0,0,2,0,8000,2,3,Southbound (SB),POINT (-93.868022837124 41.608385279285)
20170995769,20170024215,07/29/2017,07-July,7-Saturday,18:30,1800 Hours,District 1 (Central),DES MOINES,POLK,77,ROBERT D RAY DR AND DES MOINES ST,Collision with:  Parked motor vehicle,On Roadway,Unknown,Unknown,None Indicated,None apparent,Daylight,Dry,Unknown,None apparent,Non-intersection:  Non-junction/no special feature,Paved,N/A,Property Damage Only,0,0,0,0,0,0,1500,2,1,Southbound (SB),POINT (-93.616787110112 41.590687240852)
20170995448,17015692,07/30/2017,07-July,1-Sunday,18:48,1800 Hours,District 2 (Northeast),MASON CITY,CERRO GORDO,US 65,1ST ST SW AND US 65/S WASHINGTON AVE,Collision with fixed object:  Utility pole/light support,On Roadway,Non-collision (single vehicle),Made improper turn,None Indicated,None apparent,Daylight,Dry,Clear,None apparent,Non-intersection:  Non-junction/no special feature,Paved,N/A,Property Damage Only,0,0,0,0,0,0,5500,1,1,Eastbound (EB),POINT (-93.202659886106 43.150880755117)
20170997170,17-005942,07/31/2017,07-July,2-Monday,20:50,2000 Hours,District 4 (Southwest),,HARRISON,77,MORGAN AVE,Collision with fixed object:  Ditch,Roadside,Non-collision (single vehicle),Ran off road - straight,None Indicated,None apparent,Dark - roadway not lighted,Dry,Clear,None apparent,Non-intersection:  Non-junction/no special feature,Paved,N/A,Property Damage Only,0,0,0,0,0,0,5400,1,1,Northbound (NB),POINT (-95.83797249587 41.710954203605)
20170997240,2017021937,08/01/2017,08-August,3-Tuesday,14:13,1400 Hours,District 4 (Southwest),,POTTAWATTAMIE,77,L035 / WABASH AVE,Non-collision events:  Overturn/rollover,Roadside,Non-collision (single vehicle),Ran off road - right,None Indicated,None apparent,Daylight,Dry,Clear,None apparent,Non-intersection:  Non-junction/no special feature,Paved,N/A,Possible/Unknown,0,1,0,0,1,0,30000,1,1,Northbound (NB),POINT (-95.777418130664 41.181068350203)
20170996946,17-25493,08/01/2017,08-August,3-Tuesday,10:35,1000 Hours,District 3 (Northwest),SIOUX CITY,WOODBURY,I-29,INTERSTATE 29 AND STATE 376/SINGING HILLS BLVD AND INTERSTATE 29,Collision with:  Vehicle in traffic,On Roadway,"Angle, oncoming left turn",Ran Traffic Signal,None Indicated,None apparent,Daylight,Dry,Cloudy,None apparent,Intersection:  Intersection with ramp,Paved,N/A,Possible/Unknown,0,1,0,0,1,0,8000,2,2,Northbound (NB),POINT (-96.374076540855 42.434631217135)
20170996499,CLP17003054,08/02/2017,08-August,4-Wednesday,19:56,1900 Hours,District 6 (East Central),CLINTON,CLINTON,77,24TH AVE N MEASURING 107 FEET EAST FROM ROOSEVELT ST AND 24TH AVE N,Collision with:  Vehicle in traffic,On Roadway,Rear-end (front to rear),Improper Backing,None Indicated,None apparent,Daylight,Dry,Cloudy,None apparent,Non-intersection:  Non-junction/no special feature,Paved,N/A,Property Damage Only,0,0,0,0,0,0,2000,2,2,Southbound (SB),POINT (-90.178219935826 41.872367214662)
20170996519,2017-56640,08/03/2017,08-August,5-Thursday,14:02,1400 Hours,District 6 (East Central),DAVENPORT,SCOTT,77,W 2ND ST AND WESTERN AVE,Collision with:  Vehicle in traffic,On Roadway,"Sideswipe, same direction",Swerving/Evasive Action,None Indicated,None apparent,Daylight,Dry,Cloudy,None apparent,Intersection:  Four-way intersection,Paved,N/A,Property Damage Only,0,0,0,0,0,0,8000,2,2,Southbound (SB),POINT (-90.581462894271 41.521307318244)
20170996466,201704199,08/03/2017,08-August,5-Thursday,12:36,1200 Hours,District 1 (Central),,BOONE,US 30,US 30/220TH ST AND US 30/NE RAMP,Other (explain in narrative),On Roadway,Non-collision (single vehicle),Driver Distraction:  Other electronic device activity,None Indicated,None apparent,Daylight,Dry,Cloudy,None apparent,Interchange-related:  On-ramp merge area,Paved,N/A,Property Damage Only,0,0,0,0,0,0,4000,1,2,Southbound (SB),POINT (-93.810784900132 42.034718982502)
20170997485,17-007517,08/04/2017,08-August,6-Friday,17:01,1700 Hours,District 4 (Southwest),ATLANTIC,CASS,77,13TH ST AND CHESTNUT ST,Collision with:  Vehicle in traffic,In parking lane/zone,"Angle, oncoming left turn",Lost Control,None Indicated,None apparent,Daylight,Dry,Clear,None apparent,Non-intersection:  Driveway access (within),Paved,N/A,Property Damage Only,0,0,0,0,0,0,2000,2,1,Southbound (SB),POINT (-95.013116926143 41.398037350115)
20170997385,2017-56902,08/04/2017,08-August,6-Friday,09:59,0900 Hours,District 6 (East Central),DAVENPORT,SCOTT,77,GAYMAN AVE AND ROCKINGHAM RD,Collision with fixed object:  Curb/island/raised median,Shoulder,Non-collision (single vehicle),Ran off road - right,Drug,None apparent,Daylight,Dry,Cloudy,None apparent,Non-intersection:  Non-junction/no special feature,Paved,N/A,Minor Injury,0,1,0,1,0,0,12500,1,1,Northbound (NB),POINT (-90.631074469572 41.50921808198)
20170999113,17-025918,08/05/2017,08-August,7-Saturday,12:40,1200 Hours,District 5 (Southeast),,LEE,IA-2,STATE 2/IOWA 2,Collision with:  Vehicle in traffic,On Roadway,"Sideswipe, same direction",Passing:  Other passing (explain in narrative),None Indicated,None apparent,Daylight,Dry,Clear,None apparent,Non-intersection:  Non-junction/no special feature,Paved,N/A,Property Damage Only,0,0,0,0,0,0,1700,2,3,Southbound (SB),POINT (-91.53415617147 40.638975748691)
20170996931,2017-006089,08/06/2017,08-August,1-Sunday,11:46,1100 Hours,District 6 (East Central),DUBUQUE,DUBUQUE,77,BEVERLY ST,Collision with:  Vehicle in traffic,On Roadway,"Sideswipe, same direction",Lost Control,None Indicated,None apparent,Daylight,Dry,Cloudy,None apparent,Non-intersection:  Non-junction/no special feature,Paved,N/A,Property Damage Only,0,0,0,0,0,0,4000,2,1,Southbound (SB),POINT (-90.704560263854 42.496638387786)
20170997071,17-28618,08/07/2017,08-August,2-Monday,15:49,1500 Hours,District 5 (Southeast),BURLINGTON,DES MOINES,77,AGENCY ST,Collision with:  Vehicle in traffic,On Roadway,Broadside (front to side),FTYROW:  From driveway,None Indicated,None apparent,Daylight,Dry,Clear,None apparent,Non-intersection:  Other non-intersection (explain in narrative),Paved,N/A,Property Damage Only,0,0,0,0,0,0,3000,2,2,Southbound (SB),POINT (-91.139537760202 40.814774366174)
20170998884,2017007931,08/08/2017,08-August,3-Tuesday,06:40,0600 Hours,District 6 (East Central),IOWA CITY,JOHNSON,US 6,US 6/S RIVERSIDE DR,Collision with:  Vehicle in traffic,On Roadway,Head-on (front to front),Driver Distraction:  Other interior distraction,None Indicated,None apparent,Daylight,Dry,Clear,None apparent,Non-intersection:  Non-junction/no special feature,Paved,N/A,Property Damage Only,0,0,0,0,0,0,20000,2,2,Southbound (SB),POINT (-91.541759302727 41.657508361049)
20170997602,17010970,08/09/2017,08-August,4-Wednesday,22:43,2200 Hours,District 6 (East Central),,CEDAR,77,X046/SNAGGY RIDGE RD,Other (explain in narrative),On Roadway,Non-collision (single vehicle),Driving too fast for conditions,None Indicated,None apparent,Dark - roadway not lighted,Gravel,Clear,None apparent,Non-intersection:  Non-junction/no special feature,Unpaved,N/A,Minor Injury,0,1,0,1,0,0,6000,1,1,Northbound (NB),POINT (-91.177505675523 41.732962946545)
20170997471,17-28944,08/09/2017,08-August,4-Wednesday,22:47,2200 Hours,District 5 (Southeast),BURLINGTON,DES MOINES,77,GARFIELD AVE AND WEST AVE,Non-collision events:  Overturn/rollover,On Roadway,Non-collision (single vehicle),Exceeded authorized speed,None Indicated,None apparent,Dark - roadway lighted,Dry,Clear,None apparent,Non-intersection:  Non-junction/no special feature,Paved,N/A,Property Damage Only,0,0,0,0,0,0,5000,1,2,Northbound (NB),POINT (-91.119557495433 40.800163937099)
20170997706,2017022813,08/10/2017,08-August,5-Thursday,09:26,0900 Hours,District 4 (Southwest),,POTTAWATTAMIE,I-29,INTERSTATE 29 SB MM44.40,Collision with fixed object:  Ditch,Roadside,Non-collision (single vehicle),Ran off road - right,None Indicated,None apparent,Daylight,Dry,Clear,None apparent,Non-intersection:  Non-junction/no special feature,Paved,N/A,Minor Injury,0,1,0,1,0,0,10500,1,1,Northbound (NB),POINT (-95.823652707047 41.173125354241)
20170999964,201700040098,08/10/2017,08-August,5-Thursday,16:30,1600 Hours,District 5 (Southeast),OTTUMWA,WAPELLO,77,400 BLOCK OF NORTH GREEN STREET,Collision with:  Parked motor vehicle,On Roadway,Head-on (front to front),Failed to keep in proper lane,None Indicated,None apparent,Daylight,Dry,Clear,None apparent,Non-intersection:  Non-junction/no special feature,Paved,N/A,Property Damage Only,0,0,0,0,0,0,10000,2,1,Northbound (NB),POINT (-92.405731461732 41.019880016313)
20170998152,17-01984,08/11/2017,08-August,6-Friday,19:20,1900 Hours,District 1 (Central),DES MOINES,POLK,77,E 29TH ST and DUBUQUE AVE,Collision with fixed object:  Fence,Outside trafficway,Non-collision (single vehicle),Failed to yield to emergency vehicle,None Indicated,None apparent,Daylight,Gravel,Clear,"Slippery, loose, or worn surface",Non-intersection:  Alley,Paved,N/A,Property Damage Only,0,0,0,0,0,0,1500,1,1,Northbound (NB),POINT (-93.561124777705 41.60415899351)
20170997994,17-01079,08/12/2017,08-August,7-Saturday,16:44,1600 Hours,District 4 (Southwest),CLIVE,POLK,US 6,"11700 BLOCK HICKMAN (EB) CLIVE, IOWA 50325",Collision with:  Vehicle in traffic,On Roadway,Rear-end (front to rear),Other (explain in narrative):  Other,None Indicated,None apparent,Daylight,Dry,Clear,None apparent,Intersection:  Four-way intersection,Paved,N/A,Possible/Unknown,0,2,0,0,2,0,12000,3,5,Southbound (SB),POINT (-93.778847587316 41.614887707562)
20170997923,17-033665,08/13/2017,08-August,1-Sunday,12:19,1200 Hours,District 4 (Southwest),COUNCIL BLUFFS,POTTAWATTAMIE,77,MADISON AVE WESTBOUND AT I-80 EAST ON-RAMP,Collision with:  Vehicle in traffic,On Roadway,Rear-end (front to rear),Driver Distraction:  Other interior distraction,None Indicated,None apparent,Daylight,Dry,Clear,None apparent,Intersection:  Intersection with ramp,Paved,N/A,Possible/Unknown,0,1,0,0,1,0,2000,2,4,Eastbound (EB),POINT (-95.822485487371 41.241639058732)
20171001348,K17-27153,08/14/2017,08-August,2-Monday,11:02,1100 Hours,District 5 (Southeast),KEOKUK,LEE,77,CARROLL ST AND 17TH ST S,Collision with:  Parked motor vehicle,On Roadway,Head-on (front to front),Other (explain in narrative):  Other,None Indicated,None apparent,Daylight,Dry,Cloudy,None apparent,Non-intersection:  Non-junction/no special feature,Paved,N/A,Property Damage Only,0,0,0,0,0,0,4000,2,1,Northbound (NB),POINT (-91.400418152243 40.400818932685)
20170998203,17-003476,08/14/2017,08-August,2-Monday,10:34,1000 Hours,District 1 (Central),ANKENY,POLK,US 69,US 69/S ANKENY BLVD AND SE 3RD ST AND SW 3RD ST,Collision with:  Vehicle in traffic,On Roadway,Broadside (front to side),Ran Traffic Signal,None Indicated,None apparent,Daylight,Dry,Cloudy,None apparent,Intersection:  Four-way intersection,Paved,N/A,Minor Injury,0,1,0,1,0,0,3000,2,2,Northbound (NB),POINT (-93.600366265146 41.729538221928)
20170998507,201704459,08/15/2017,08-August,3-Tuesday,09:14,0900 Hours,District 1 (Central),,BOONE,77,R018/L AVE AND US 30/220TH ST,Collision with:  Vehicle in traffic,On Roadway,Broadside (front to side),FTYROW:  From stop sign,None Indicated,None apparent,Daylight,Dry,Cloudy,None apparent,Intersection:  Four-way intersection,Paved,N/A,Property Damage Only,0,0,0,0,0,0,10000,2,2,Northbound (NB),POINT (-93.950825981787 42.03367127622)
20170998600,2017-006388,08/16/2017,08-August,4-Wednesday,15:55,1500 Hours,District 6 (East Central),DUBUQUE,DUBUQUE,77,CEDAR CROSS RD AND CEDAR CREST CT,Collision with:  Vehicle in traffic,On Roadway,Rear-end (front to rear),Lost Control,None Indicated,None apparent,Daylight,Dry,Clear,None apparent,Non-intersection:  Non-junction/no special feature,Paved,N/A,Property Damage Only,0,0,0,0,0,0,3500,2,2,Northbound (NB),POINT (-90.707848288237 42.478252458059)
20170999350,17-00,08/16/2017,08-August,4-Wednesday,06:25,0600 Hours,District 3 (Northwest),,MONONA,I-29,INTERSTATE 29,Collision with:  Struck/struck by object/cargo/person from other vehicle,On Roadway,Non-collision (single vehicle),Driving too fast for conditions,None Indicated,Weather conditions,Dawn,Wet,Cloudy,"Surface condition (e.g., wet, icy)",Non-intersection:  Non-junction/no special feature,Paved,N/A,Property Damage Only,0,0,0,0,0,0,2000,1,1,Eastbound (EB),POINT (-96.104154927975 41.911597705895)