Iowa DOT Case Number,Law Enforcement Case Number,Date of Crash,Month of Crash,Day of Week,Time of Crash,Hour,DOT District,City Name,County Name,Route with System,Location Description,First Harmful Event,Location of First Harmful Event,Manner of Crash/Collision,Major Cause,Drug or Alcohol ,Environmental Conditions,Light Conditions,Surface Conditions,Weather Conditions,Roadway Contribution,Roadway Type,Roadway Surface,Work Zone,Crash Severity,Number of Fatalities,Number of Injuries,Number of Major Injuries,Number of Minor Injuries,Number of Possible Injuries,Number of Unknown Injuries,Amount of Property Damage,Number of Vehicles Involved,Total Number of Occupants,Travel Direction,Location
20170998737,17-27502,08/17/2017,08-August,5-Thursday,00:59,0000 Hours,District 3 (Northwest),SIOUX CITY,WOODBURY,77,CECELIA ST AND 11TH ST,Collision with:  Parked motor vehicle,On Roadway,Rear to side,Lost Control,None Indicated,None apparent,Dark - roadway lighted,Dry,Cloudy,None apparent,Intersection:  T-intersection,Unpaved,N/A,Property Damage Only,0,0,0,0,0,0,4000,2,1,Southbound (SB),POINT (-96.367690190227 42.501858020975)
20171000286,17068816,08/18/2017,08-August,6-Friday,00:43,0000 Hours,District 2 (Northeast),CEDAR FALLS,BLACK HAWK,77,1022 ORCHARD DR,Collision with:  Vehicle in traffic,On Roadway,Head-on (front to front),Traveling wrong way or on wrong side of road,None Indicated,None apparent,Dark - roadway lighted,Dry,Clear,None apparent,Non-intersection:  Non-junction/no special feature,Paved,N/A,Property Damage Only,0,0,0,0,0,0,5000,2,1,Southbound (SB),POINT (-92.434520776857 42.505817908291)
20170999507,17007614,08/18/2017,08-August,6-Friday,05:20,0500 Hours,District 6 (East Central),,BUCHANAN,IA-187,STATE 187/WASHBURN AVE MEASURING 4638 FEET SOUTH FROM STATE 187/WASHBURN AVE AND 100TH ST AND STATE 187/C AVE,Collision with:  Animal,Unknown,N/A,Animal,None Indicated,N/A,N/A,N/A,N/A,N/A,N/A,Paved,N/A,Property Damage Only,0,0,0,0,0,0,6500,1,1,Northbound (NB),POINT (-91.647089819571 42.630960252768)
20170999031,2017-61399,08/19/2017,08-August,7-Saturday,18:38,1800 Hours,District 6 (East Central),DAVENPORT,SCOTT,77,W 2ND ST,Collision with:  Vehicle in traffic,On Roadway,Broadside (front to side),FTYROW:  From driveway,None Indicated,None apparent,Daylight,Dry,Clear,None apparent,"Non-intersection:  Driveway access (related, not in)",Paved,N/A,Property Damage Only,0,0,0,0,0,0,7000,2,4,Southbound (SB),POINT (-90.580816264471 41.521293710127)
20170999779,2017008383,08/19/2017,08-August,7-Saturday,11:32,1100 Hours,District 6 (East Central),IOWA CITY,JOHNSON,I-80,INTERSTATE 80,Collision with:  Vehicle in traffic,On Roadway,"Sideswipe, same direction",Improper or erratic lane changing,None Indicated,None apparent,Daylight,Dry,Clear,None apparent,Non-intersection:  Non-junction/no special feature,Paved,N/A,Property Damage Only,0,0,0,0,0,0,1800,2,4,Westbound (WB),POINT (-91.556733513336 41.685573591265)
20170999334,H17-69879,08/21/2017,08-August,2-Monday,14:05,1400 Hours,District 2 (Northeast),HUDSON,BLACK HAWK,77,WOODS ST AND US 63,Collision with:  Vehicle in traffic,On Roadway,Broadside (front to side),Ran Stop Sign,None Indicated,None apparent,Daylight,Dry,Cloudy,None apparent,Intersection:  Four-way intersection,Paved,N/A,Property Damage Only,0,0,0,0,0,0,13000,2,2,Southbound (SB),POINT (-92.451858055228 42.399254071703)
20170999558,17-28065,08/21/2017,08-August,2-Monday,16:23,1600 Hours,District 3 (Northwest),SIOUX CITY,WOODBURY,77,NORTHBROOK DR AND STATE 376/LEWIS BLVD,Collision with:  Vehicle in traffic,On Roadway,Rear-end (front to rear),Followed too close,None Indicated,None apparent,Daylight,Wet,Cloudy,None apparent,Intersection:  T-intersection,Paved,N/A,Property Damage Only,0,0,0,0,0,0,6000,2,2,Northbound (NB),POINT (-96.369805491854 42.516076902192)
20170999443,20170026893,08/22/2017,08-August,3-Tuesday,10:06,1000 Hours,District 1 (Central),DES MOINES,POLK,I-235,E 6TH ST AND INTERSTATE 235  RAMP MEASURING 17180 FEET WESTBOUND ONRAMP,Collision with:  Vehicle in traffic,On Roadway,Rear-end (front to rear),Operator inexperience,None Indicated,None apparent,Daylight,Dry,Clear,None apparent,Interchange-related:  On-ramp merge area,Paved,N/A,Property Damage Only,0,0,0,0,0,0,16000,3,3,Westbound (WB),POINT (-93.609829339335 41.595903523575)
20171000006,2017008586,08/23/2017,08-August,4-Wednesday,20:15,2000 Hours,District 6 (East Central),IOWA CITY,JOHNSON,77,N DUBUQUE ST,Collision with fixed object:  Ditch,Outside trafficway,Non-collision (single vehicle),"Operating vehicle in an reckless, erratic, careless, negligent manner",None Indicated,None apparent,Dark - roadway not lighted,Dry,Clear,None apparent,Non-intersection:  Non-junction/no special feature,Paved,N/A,Minor Injury,0,1,0,1,0,0,4000,1,1,Northbound (NB),POINT (-91.53250181967 41.675917593971)
20171006711,B17-1249,08/23/2017,08-August,4-Wednesday,20:40,2000 Hours,District 3 (Northwest),SERGEANT BLUFF,WOODBURY,77,4TH ST,Collision with:  Parked motor vehicle,On Roadway,Unknown,Unknown,None Indicated,Unknown,Unknown,Dry,Clear,Unknown,"Non-intersection:  Driveway access (related, not in)",Paved,N/A,Property Damage Only,0,0,0,0,0,0,2000,2,1,Southbound (SB),POINT (-96.361652334725 42.403480578587)
20171003025,17-09017,08/24/2017,08-August,5-Thursday,20:34,2000 Hours,District 6 (East Central),,JONES,US 151,US 151,Collision with:  Vehicle in traffic,On Roadway,Rear-end (front to rear),Followed too close,Refused,None apparent,Dark - roadway not lighted,Dry,Clear,None apparent,Non-intersection:  Non-junction/no special feature,Paved,N/A,Minor Injury,0,1,0,1,0,0,31500,2,6,Northbound (NB),POINT (-91.238706531289 42.152350144478)
20171000031,20170027279,08/25/2017,08-August,6-Friday,15:14,1500 Hours,District 1 (Central),DES MOINES,POLK,US 6,HUBBELL AVE AND E DOUGLAS AVE,Collision with:  Vehicle in traffic,On Roadway,Broadside (front to side),"Operating vehicle in an reckless, erratic, careless, negligent manner",None Indicated,None apparent,Daylight,Dry,Clear,None apparent,Intersection:  Four-way intersection,Paved,N/A,Property Damage Only,0,0,0,0,0,0,11000,2,4,Westbound (WB),POINT (-93.543709477956 41.629588998243)
20171000293,1709277,08/25/2017,08-August,6-Friday,20:40,2000 Hours,District 3 (Northwest),,PLYMOUTH,77,TALBOT RD AND STATE 12/IOWA 12 MEASURING 0 FEET EAST FROM TALBOT RD AND STATE 12/IOWA 12,Collision with:  Animal,Unknown,N/A,Animal,None Indicated,N/A,N/A,N/A,N/A,N/A,N/A,Unpaved,N/A,Property Damage Only,0,0,0,0,0,0,4000,1,2,Southbound (SB),POINT (-96.4823100381 42.566006502375)
20171000477,2017-27452,08/26/2017,08-August,7-Saturday,02:00,0200 Hours,District 5 (Southeast),,WARREN,77,15000 BLK QUEBEC,Collision with fixed object:  Ditch,Outside trafficway,Non-collision (single vehicle),Ran off road - right,None Indicated,None apparent,Dark - roadway not lighted,"Mud, dirt",Clear,None apparent,Non-intersection:  Non-junction/no special feature,Unpaved,N/A,Property Damage Only,0,0,0,0,0,0,6000,1,3,Southbound (SB),POINT (-93.506137996357 41.248157581046)
20171000292,1708278111,08/27/2017,08-August,1-Sunday,13:00,1300 Hours,District 6 (East Central),,CLINTON,77,E062/190 ST MEASURING 9041 FEET WEST FROM Z036/380 AVE AND E062/190 ST,Collision with fixed object:  Ditch,On Roadway,Non-collision (single vehicle),Ran off road - left,None Indicated,None apparent,Daylight,Dry,Clear,None apparent,Non-intersection:  Non-junction/no special feature,Unpaved,N/A,Property Damage Only,0,0,0,0,0,0,2100,1,1,Southbound (SB),POINT (-90.387865927141 41.902465770253)
20171000377,20170027672,08/28/2017,08-August,2-Monday,16:00,1600 Hours,District 1 (Central),DES MOINES,POLK,77,E OVID AVE,Collision with:  Other non-fixed object (explain in narrative),Outside trafficway,Non-collision (single vehicle),Ran off road - right,None Indicated,None apparent,Daylight,Dry,Clear,None apparent,Non-intersection:  Non-junction/no special feature,Paved,N/A,Possible/Unknown,0,1,0,0,0,1,1800,1,1,Southbound (SB),POINT (-93.603137223743 41.625896839856)
20171000841,17-006525,08/28/2017,08-August,2-Monday,14:55,1400 Hours,District 5 (Southeast),CORYDON,WAYNE,77,JOHNSON ST AND JACKSON ST,Collision with:  Struck/struck by object/cargo/person from other vehicle,On Roadway,Broadside (front to side),FTYROW:  From yield sign,None Indicated,None apparent,Daylight,Dry,Clear,None apparent,Intersection:  Four-way intersection,Paved,N/A,Property Damage Only,0,0,0,0,0,0,2400,2,3,Northbound (NB),POINT (-93.315764270705 40.758429877023)
20171000597,17-04097,08/29/2017,08-August,3-Tuesday,13:22,1300 Hours,District 1 (Central),WEST DES MOINES,POLK,77,1700 BLK 35TH ST/VALLEY WEST DR,Collision with:  Vehicle in traffic,On Roadway,Rear-end (front to rear),Driver Distraction:  Exterior distraction,None Indicated,None apparent,Daylight,Dry,Clear,None apparent,Non-intersection:  Non-junction/no special feature,Paved,N/A,Property Damage Only,0,0,0,0,0,0,14500,3,4,Northbound (NB),POINT (-93.751897744313 41.595917841267)
20171002112,,08/30/2017,08-August,4-Wednesday,17:30,1700 Hours,District 2 (Northeast),GUTTENBERG,CLAYTON,US 52,US 0052 / US 52 and SCHILLER ST,Collision with:  Vehicle in traffic,On Roadway,Rear-end (front to rear),Passing:  With insufficient distance/inadequate visibility,None Indicated,None apparent,Daylight,Dry,Clear,None apparent,Intersection:  Four-way intersection,Paved,N/A,Property Damage Only,0,0,0,0,0,0,6500,2,2,Northbound (NB),POINT (-91.100482463874 42.780411392086)
20171000789,17-19827,08/30/2017,08-August,4-Wednesday,09:33,0900 Hours,District 6 (East Central),BETTENDORF,SCOTT,77,MIDDLE RD AND 53RD AVE,Collision with:  Vehicle in traffic,On Roadway,"Sideswipe, same direction",Failure to signal intentions,None Indicated,None apparent,Daylight,Dry,Clear,None apparent,Intersection:  Roundabout,Paved,N/A,Property Damage Only,0,0,0,0,0,0,2100,2,2,Southbound (SB),POINT (-90.464000316003 41.575470279681)
20171000868,2017024828,08/31/2017,08-August,5-Thursday,06:55,0600 Hours,District 6 (East Central),,DUBUQUE,77,US 20 AND SULLIVAN RD EAST BOUND EAST OF DYERSVILLE,Collision with fixed object:  Traffic sign support,Shoulder,Non-collision (single vehicle),Ran off road - right,None Indicated,None apparent,Dawn,Wet,Cloudy,None apparent,Non-intersection:  Non-junction/no special feature,Paved,N/A,Property Damage Only,0,0,0,0,0,0,3000,1,1,Northbound (NB),POINT (-91.04848263205 42.457103759179)
20171001549,201700012052,09/01/2017,09-September,6-Friday,14:00,1400 Hours,District 4 (Southwest),,DALLAS,77,130TH ST,Collision with fixed object:  Tree,Shoulder,Non-collision (single vehicle),Ran off road - left,None Indicated,None apparent,Daylight,Gravel,Clear,None apparent,Non-intersection:  Non-junction/no special feature,Unpaved,N/A,Property Damage Only,0,0,0,0,0,0,11000,1,1,Southbound (SB),POINT (-94.180080781806 41.848980137861)
20171005559,17-06101,09/01/2017,09-September,6-Friday,12:42,1200 Hours,District 2 (Northeast),OELWEIN,FAYETTE,77,5TH AVE SE AND 4TH ST SE,Other (explain in narrative),On Roadway,Broadside (front to side),Other (explain in narrative):  Other,None Indicated,None apparent,Daylight,Dry,Clear,None apparent,Intersection:  Four-way intersection,Paved,N/A,Property Damage Only,0,0,0,0,0,0,3000,2,2,Northbound (NB),POINT (-91.906636628437 42.672878579559)
20171001295,20170028238,09/02/2017,09-September,7-Saturday,00:45,0000 Hours,District 1 (Central),DES MOINES,POLK,77,55TH ST MEASURING 479 FEET SOUTH FROM COLLEGE AVE AND 55TH ST,Collision with:  Parked motor vehicle,On Roadway,Rear-end (front to rear),Ran off road - left,None Indicated,None apparent,Dark - roadway lighted,Dry,Clear,None apparent,Non-intersection:  Non-junction/no special feature,Paved,N/A,Possible/Unknown,0,1,0,0,1,0,20000,2,0,Northbound (NB),POINT (-93.693082178833 41.606339514084)
20171001202,17-037218,09/03/2017,09-September,1-Sunday,12:55,1200 Hours,District 5 (Southeast),MUSCATINE,MUSCATINE,77,ISETT AVE AND BIDWELL RD,Collision with:  Vehicle in traffic,On Roadway,"Angle, oncoming left turn",FTYROW:  Making left turn,None Indicated,None apparent,Daylight,Dry,Clear,None apparent,Intersection:  Y-intersection,Paved,N/A,Minor Injury,0,2,0,2,0,0,1500,2,3,Northbound (NB),POINT (-91.043659894395 41.43808006073)
20171006647,,09/03/2017,09-September,1-Sunday,08:30,0800 Hours,District 1 (Central),URBANDALE,POLK,I-80,SB/WB Interstate 0035 and BEAVER CR,Collision with fixed object:  Utility pole/light support,Outside trafficway,Non-collision (single vehicle),Unknown,None Indicated,None apparent,Daylight,Dry,Clear,None apparent,Non-intersection:  Non-junction/no special feature,Paved,N/A,Minor Injury,0,1,0,1,0,0,23414,1,3,Southbound (SB),POINT (-93.715917306643 41.652757622072)
20171003832,17-02216,09/04/2017,09-September,2-Monday,03:00,0300 Hours,District 1 (Central),URBANDALE,POLK,77,MONROE CT,Collision with:  Vehicle in traffic,On Roadway,Unknown,Unknown,None Indicated,None apparent,Unknown,Unknown,Unknown,None apparent,Non-intersection:  Non-junction/no special feature,Paved,N/A,Possible/Unknown,0,1,0,0,0,1,1500,2,1,Southbound (SB),POINT (-93.716716273646 41.628406318029)
20171001886,17-02228,09/05/2017,09-September,3-Tuesday,12:42,1200 Hours,District 1 (Central),URBANDALE,POLK,77,PRAIRIE AVE AND 70TH ST,Collision with:  Vehicle in traffic,On Roadway,"Angle, oncoming left turn",FTYROW:  Making left turn,None Indicated,None apparent,Daylight,Dry,Clear,None apparent,Intersection:  Four-way intersection,Paved,N/A,Property Damage Only,0,0,0,0,0,0,8000,2,3,Northbound (NB),POINT (-93.71222466848 41.634793293302)
20171002501,17004451,09/06/2017,09-September,4-Wednesday,12:00,1200 Hours,District 1 (Central),AMES,STORY,77,CULLEN DR,Collision with:  Parked motor vehicle,On Roadway,Rear-end (front to rear),Improper Backing,None Indicated,None apparent,Daylight,Dry,Clear,None apparent,Non-intersection:  Non-junction/no special feature,Paved,N/A,Property Damage Only,0,0,0,0,0,0,5000,2,2,Northbound (NB),POINT (-93.644060842487 42.054698383358)
20171002414,17-32812,09/06/2017,09-September,4-Wednesday,17:15,1700 Hours,District 5 (Southeast),MIDDLETOWN,DES MOINES,US 34,US 34 MEASURING 600 FEET EAST FROM BOUNDARY AVE AND US 34,Collision with:  Vehicle in traffic,On Roadway,Broadside (front to side),FTYROW:  From driveway,None Indicated,None apparent,Daylight,Dry,Clear,None apparent,"Non-intersection:  Driveway access (related, not in)",Paved,N/A,Property Damage Only,0,0,0,0,0,0,1500,2,2,Southbound (SB),POINT (-91.259400427601 40.833120930281)
20171003795,,09/07/2017,09-September,5-Thursday,23:30,2300 Hours,District 2 (Northeast),,ALLAMAKEE,IA-76,Iowa 0076 / IOWA 76 measuring 5 Miles North from Iowa 0076 / 9TH ST NW and Iowa 0076 / IOWA 76,Collision with:  Animal,On Roadway,Non-collision (single vehicle),Animal,None Indicated,N/A,Dark - roadway not lighted,Dry,Clear,N/A,Non-intersection:  Non-junction/no special feature,Paved,N/A,Property Damage Only,0,0,0,0,0,0,4483,1,1,Northbound (NB),POINT (-91.505619730301 43.351834987598)
20171002281,17018879,09/08/2017,09-September,6-Friday,21:27,2100 Hours,District 2 (Northeast),MASON CITY,CERRO GORDO,77,9TH ST SE AND S MISSISSIPPI AVE,Collision with:  Vehicle in traffic,On Roadway,Rear-end (front to rear),Lost Control,None Indicated,None apparent,Dark - roadway lighted,Dry,Clear,None apparent,Non-intersection:  Non-junction/no special feature,Paved,N/A,Property Damage Only,0,0,0,0,0,0,8000,2,1,Southbound (SB),POINT (-93.17332854281 43.142644479611)
20171002250,P17-009172,09/08/2017,09-September,6-Friday,06:20,0600 Hours,District 1 (Central),WEBSTER CITY,HAMILTON,77,R027/BEACH ST,Collision with:  Animal,Unknown,N/A,Animal,None Indicated,N/A,N/A,N/A,N/A,N/A,N/A,Unpaved,N/A,Property Damage Only,0,0,0,0,0,0,1500,1,1,Northbound (NB),POINT (-93.835480112807 42.45279834257)
20171002334,20170029076,09/09/2017,09-September,7-Saturday,13:00,1300 Hours,District 1 (Central),DES MOINES,POLK,US 69,SE 14TH ST MEASURING 214 FEET NORTH FROM MAURY ST,Collision with:  Vehicle in traffic,On Roadway,Rear-end (front to rear),Unknown,None Indicated,None apparent,Daylight,Dry,Clear,None apparent,Non-intersection:  Non-junction/no special feature,Paved,N/A,Property Damage Only,0,0,0,0,0,0,3000,2,3,Northbound (NB),POINT (-93.596860819719 41.581839197957)
20171002756,2017-002513,09/10/2017,09-September,1-Sunday,00:36,0000 Hours,District 6 (East Central),,DUBUQUE,77,NARROW GAUGE RD,Collision with fixed object:  Ditch,Roadside,Non-collision (single vehicle),Driving too fast for conditions,None Indicated,None apparent,Dark - roadway not lighted,Dry,Clear,None apparent,Non-intersection:  Non-junction/no special feature,Unpaved,N/A,Property Damage Only,0,0,0,0,0,0,3650,1,2,Southbound (SB),POINT (-90.895605913169 42.316622812372)
20171002423,20170029202,09/10/2017,09-September,1-Sunday,16:53,1600 Hours,District 1 (Central),DES MOINES,POLK,77,GRAND AVE AND 9TH ST,Collision with:  Vehicle in traffic,On Roadway,Broadside (front to side),Other (explain in narrative):  Other,None Indicated,None apparent,Daylight,Dry,Clear,None apparent,Intersection:  Four-way intersection,Paved,N/A,Possible/Unknown,0,2,0,0,2,0,16500,2,3,Eastbound (EB),POINT (-93.628988989499 41.586964189919)
20171002852,17-003948,09/11/2017,09-September,2-Monday,19:00,1900 Hours,District 1 (Central),ANKENY,POLK,77,SW PLEASANT ST AND SW 3RD ST,Collision with:  Vehicle in traffic,On Roadway,Broadside (front to side),FTYROW:  From stop sign,None Indicated,None apparent,Daylight,Dry,Clear,None apparent,Intersection:  Four-way intersection,Paved,N/A,Property Damage Only,0,0,0,0,0,0,3000,2,2,Northbound (NB),POINT (-93.604575510056 41.72963324379)
20171002906,20170029451,09/12/2017,09-September,3-Tuesday,18:18,1800 Hours,District 1 (Central),DES MOINES,POLK,77,E 25TH ST AND E GRAND AVE,Collision with:  Vehicle in traffic,On Roadway,Broadside (front to side),FTYROW:  From stop sign,None Indicated,None apparent,Daylight,Dry,Clear,None apparent,Intersection:  Four-way intersection,Paved,N/A,Minor Injury,0,2,0,1,1,0,1500,2,2,Southbound (SB),POINT (-93.570432903286 41.595493252872)
20171003217,17-038767,09/13/2017,09-September,4-Wednesday,20:09,2000 Hours,District 5 (Southeast),,MUSCATINE,IA-22,STATE 22/IOWA 22 AND SWEETLAND RD,Collision with:  Animal,Unknown,N/A,Animal,None Indicated,N/A,N/A,N/A,N/A,N/A,N/A,Paved,N/A,Property Damage Only,0,0,0,0,0,0,5000,1,1,Southbound (SB),POINT (-90.979594930127 41.444844357159)
20171003667,2017025944,09/13/2017,09-September,4-Wednesday,00:35,0000 Hours,District 6 (East Central),,SCOTT,I-80,INTERSTATE 80 (MM: 281),Collision with:  Vehicle in traffic,Shoulder,"Sideswipe, same direction",Ran off road - right,None Indicated,None apparent,Dark - roadway not lighted,Dry,Clear,None apparent,Non-intersection:  Non-junction/no special feature,Paved,N/A,Property Damage Only,0,0,0,0,0,0,2878,2,2,Westbound (WB),POINT (-90.843616839568 41.633017870424)
20171003303,17-31049,09/14/2017,09-September,5-Thursday,07:59,0700 Hours,District 3 (Northwest),SIOUX CITY,WOODBURY,I-29,INTERSTATE 29 (MM: 151),Collision with:  Vehicle in traffic,On Roadway,Rear-end (front to rear),Followed too close,None Indicated,None apparent,Daylight,Dry,Clear,Work Zone (roadway-related),Non-intersection:  Non-junction/no special feature,Paved,Yes,Property Damage Only,0,0,0,0,0,0,4250,2,2,Northbound (NB),POINT (-96.460555969852 42.493568633047)
20171003193,390917-3131,09/14/2017,09-September,5-Thursday,12:00,1200 Hours,District 4 (Southwest),PANORA,GUTHRIE,IA-44,STATE 44/E MAIN ST,Collision with:  Parked motor vehicle,In parking lane/zone,Rear-end (front to rear),Other (explain in narrative):  No improper action,Alcohol (< Statutory),None apparent,Daylight,Dry,Clear,None apparent,Non-intersection:  Non-junction/no special feature,Paved,N/A,Possible/Unknown,0,1,0,0,1,0,17000,4,2,Southbound (SB),POINT (-94.363542147416 41.691708221522)
20171003671,2017026255,09/15/2017,09-September,6-Friday,04:40,0400 Hours,District 5 (Southeast),,WASHINGTON,US 218,NB US 218 (MM: 59),Collision with fixed object:  Ditch,Roadside,Non-collision (single vehicle),Ran off road - right,None Indicated,None apparent,Dark - roadway not lighted,Dry,Clear,None apparent,Non-intersection:  Non-junction/no special feature,Paved,N/A,Major Injury,0,1,1,0,0,0,200100,1,1,Northbound (NB),POINT (-91.537925192483 41.176996908559)
20171003608,20170029811,09/15/2017,09-September,6-Friday,10:40,1000 Hours,District 1 (Central),DES MOINES,POLK,77,HUBBELL AVE,Collision with fixed object:  Fence,Other (explain in narrative),Non-collision (single vehicle),Lost Control,None Indicated,None apparent,Daylight,Dry,Cloudy,None apparent,Non-intersection:  Other non-intersection (explain in narrative),Paved,N/A,Possible/Unknown,0,1,0,0,0,1,2000,1,1,Northbound (NB),POINT (-93.584166341062 41.597559009419)
20171003673,2017026399,09/16/2017,09-September,7-Saturday,00:38,0000 Hours,District 6 (East Central),,LINN,I-380,W036/LEWIS ACCESS RD AND INTERSTATE 380,Collision with:  Vehicle in traffic,On Roadway,Rear-end (front to rear),"Operating vehicle in an reckless, erratic, careless, negligent manner",Refused,None apparent,Dark - roadway lighted,Dry,Clear,None apparent,Intersection:  Intersection with ramp,Paved,N/A,Possible/Unknown,0,1,0,0,1,0,26000,2,3,Northbound (NB),POINT (-91.778106498645 42.171441564992)
20171003910,2017-69125,09/17/2017,09-September,1-Sunday,16:22,1600 Hours,District 6 (East Central),DAVENPORT,SCOTT,77,E LOCUST ST AND GRAND AVE,Collision with:  Vehicle in traffic,On Roadway,"Sideswipe, same direction",Followed too close,None Indicated,None apparent,Daylight,Dry,Clear,None apparent,Non-intersection:  Non-junction/no special feature,Paved,N/A,Possible/Unknown,0,1,0,0,1,0,2000,2,3,Northbound (NB),POINT (-90.564840638035 41.538248658863)
20171003975,20170030209,09/18/2017,09-September,2-Monday,23:00,2300 Hours,District 1 (Central),DES MOINES,POLK,77,FLEUR DR MEASURING 394 FEET NORTH FROM WATROUS AVE AND FLEUR DR,Collision with fixed object:  Concrete traffic barrier (median or right side),On Roadway,Non-collision (single vehicle),Unknown,None Indicated,None apparent,Dark - roadway lighted,Dry,Clear,None apparent,Non-intersection:  Non-junction/no special feature,Paved,N/A,Minor Injury,0,1,0,1,0,0,1000,1,2,Eastbound (EB),POINT (-93.644990634739 41.549297170818)
20171004169,17-016481,09/18/2017,09-September,2-Monday,00:49,0000 Hours,District 1 (Central),,HARDIN,US 20,US 20,Collision with:  Animal,Unknown,N/A,Animal,None Indicated,N/A,N/A,N/A,N/A,N/A,N/A,Paved,N/A,Property Damage Only,0,0,0,0,0,0,5000,1,2,Westbound (WB),POINT (-93.409976802807 42.448247572147)
20171004016,17-039612,09/19/2017,09-September,3-Tuesday,16:57,1600 Hours,District 5 (Southeast),MUSCATINE,MUSCATINE,77,E 4TH ST AND SYCAMORE ST,Collision with:  Vehicle in traffic,On Roadway,Broadside (front to side),Ran Stop Sign,None Indicated,None apparent,Daylight,Dry,Clear,None apparent,Intersection:  Four-way intersection,Paved,N/A,Minor Injury,0,1,0,1,0,0,2500,2,4,Southbound (SB),POINT (-91.046155018097 41.423531297058)
20171004388,17-007418,09/20/2017,09-September,4-Wednesday,19:12,1900 Hours,District 6 (East Central),,BENTON,77,E036/65 ST,Non-collision events:  Overturn/rollover,Roadside,Non-collision (single vehicle),Ran off road - right,None Indicated,Animal in roadway,Dusk,Dry,Cloudy,None apparent,Non-intersection:  Non-junction/no special feature,Unpaved,N/A,Minor Injury,0,1,0,1,0,0,6000,1,1,Southbound (SB),POINT (-92.186755131295 42.079824056851)
20171004278,VPD17-002393,09/20/2017,09-September,4-Wednesday,11:25,1100 Hours,District 6 (East Central),VINTON,BENTON,77,1000 BLK W 4TH ST,Collision with:  Re-entering roadway,On Roadway,Rear to side,Driver Distraction:  Other interior distraction,None Indicated,None apparent,Daylight,Dry,Clear,None apparent,Non-intersection:  Non-junction/no special feature,Paved,N/A,Property Damage Only,0,0,0,0,0,0,1600,2,3,Southbound (SB),POINT (-92.035581381038 42.167842954407)
20171005661,2017009919,09/21/2017,09-September,5-Thursday,17:00,1700 Hours,District 6 (East Central),IOWA CITY,JOHNSON,IA-1,LUCAS ST AND STATE 1/E BURLINGTON ST,Collision with:  Non-motorist (see non-motorist section - NOT a unit),On Roadway,Non-collision (single vehicle),Other (explain in narrative):  No improper action,None Indicated,None apparent,Daylight,Dry,Clear,None apparent,Non-intersection:  Non-junction/no special feature,Paved,N/A,Minor Injury,0,1,0,1,0,0,2500,1,1,Northbound (NB),POINT (-91.524326254964 41.657790208289)
20171005297,S17-10541,09/22/2017,09-September,6-Friday,09:18,0900 Hours,District 3 (Northwest),ANTHON,WOODBURY,IA-31,STATE 31/FOX AVE MEASURING 0 FEET NORTH FROM STATE 31/FOX AVE,Collision with:  Vehicle in traffic,On Roadway,"Angle, oncoming left turn",FTYROW:  Making left turn,None Indicated,None apparent,Daylight,Dry,Clear,None apparent,"Non-intersection:  Driveway access (related, not in)",Paved,N/A,Property Damage Only,0,0,0,0,0,0,21000,2,2,Northbound (NB),POINT (-95.873275796954 42.3829516387)
20171014295,17-32047,09/22/2017,09-September,6-Friday,11:45,1100 Hours,District 3 (Northwest),SIOUX CITY,WOODBURY,77,6TH ST,Collision with:  Parked motor vehicle,On Roadway,"Sideswipe, same direction",Unknown,None Indicated,None apparent,Daylight,Dry,Clear,None apparent,Non-intersection:  Non-junction/no special feature,Paved,N/A,Possible/Unknown,0,1,0,0,0,1,1500,2,1,Westbound (WB),POINT (-96.407085043444 42.496334144774)
20171004803,17-32159,09/23/2017,09-September,7-Saturday,11:27,1100 Hours,District 3 (Northwest),SIOUX CITY,WOODBURY,I-29,INTERSTATE 29/SPECIAL CASE AND US 77 AND WESLEY PKWY,Collision with:  Vehicle in traffic,On Roadway,Rear-end (front to rear),Driver Distraction:  Other electronic device activity,None Indicated,None apparent,Daylight,Dry,Clear,None apparent,Intersection:  Intersection with ramp,Paved,N/A,Property Damage Only,0,0,0,0,0,0,4700,3,4,Northbound (NB),POINT (-96.41275658933 42.491888079203)
20171007752,17-004838,09/23/2017,09-September,7-Saturday,01:58,0100 Hours,District 1 (Central),AMES,STORY,US 30,US 30 (MM: 146),Collision with fixed object:  Ditch,Roadside,Non-collision (single vehicle),Ran off road - right,Under Influence of Alcohol/Drugs/Medications,None apparent,Dark - roadway lighted,Dry,Clear,None apparent,Non-intersection:  Non-junction/no special feature,Paved,N/A,Possible/Unknown,0,1,0,0,1,0,20000,1,1,Southbound (SB),POINT (-93.655702527971 42.006879696062)
20171004919,17-6680,09/24/2017,09-September,1-Sunday,13:32,1300 Hours,District 1 (Central),,POLK,77,NE 56TH ST AND F038/NE 78TH AVE,Collision with:  Vehicle in traffic,On Roadway,Rear-end (front to rear),"Operating vehicle in an reckless, erratic, careless, negligent manner",Under Influence of Alcohol/Drugs/Medications,None apparent,Daylight,Dry,Clear,None apparent,Intersection:  Four-way intersection,Paved,N/A,Property Damage Only,0,0,0,0,0,0,6000,2,3,Southbound (SB),POINT (-93.503077641898 41.702894057235)
20171005430,17-32394,09/25/2017,09-September,2-Monday,12:41,1200 Hours,District 3 (Northwest),SIOUX CITY,WOODBURY,US 20,US 20,Collision with fixed object:  Ditch,On Roadway,Non-collision (single vehicle),Ran off road - left,None Indicated,None apparent,Daylight,Wet,Cloudy,None apparent,Non-intersection:  Non-junction/no special feature,Paved,N/A,Minor Injury,0,1,0,1,0,0,4000,1,1,Southbound (SB),POINT (-96.33755908402 42.445822640984)