Iowa DOT Case Number,Law Enforcement Case Number,Date of Crash,Month of Crash,Day of Week,Time of Crash,Hour,DOT District,City Name,County Name,Route with System,Location Description,First Harmful Event,Location of First Harmful Event,Manner of Crash/Collision,Major Cause,Drug or Alcohol ,Environmental Conditions,Light Conditions,Surface Conditions,Weather Conditions,Roadway Contribution,Roadway Type,Roadway Surface,Work Zone,Crash Severity,Number of Fatalities,Number of Injuries,Number of Major Injuries,Number of Minor Injuries,Number of Possible Injuries,Number of Unknown Injuries,Amount of Property Damage,Number of Vehicles Involved,Total Number of Occupants,Travel Direction,Location
20171005395,2017-007688,09/25/2017,09-September,2-Monday,14:20,1400 Hours,District 6 (East Central),DUBUQUE,DUBUQUE,77,ALTA VISTA ST MEASURING 280 FEET NORTHWEST FROM EDINA ST AND ALTA VISTA ST,Collision with:  Vehicle in traffic,On Roadway,"Sideswipe, same direction",Made improper turn,None Indicated,None apparent,Daylight,Dry,Clear,None apparent,Non-intersection:  Non-junction/no special feature,Paved,N/A,Property Damage Only,0,0,0,0,0,0,5500,2,2,Northbound (NB),POINT (-90.68318908453 42.504943205903)
20171005602,17004911,09/26/2017,09-September,3-Tuesday,17:07,1700 Hours,District 1 (Central),AMES,STORY,77,E 13TH ST,Collision with:  Vehicle in traffic,On Roadway,Rear-end (front to rear),Followed too close,None Indicated,None apparent,Daylight,Dry,Cloudy,None apparent,Intersection:  T-intersection,Paved,N/A,Possible/Unknown,0,2,0,0,2,0,12000,2,3,Southbound (SB),POINT (-93.59735604746 42.034461086622)
20171005613,1708477PD,09/27/2017,09-September,4-Wednesday,19:09,1900 Hours,District 1 (Central),BOONE,BOONE,77,PRAIRIE AVE AND S GREENE ST,Collision with:  Parked motor vehicle,On Roadway,"Sideswipe, same direction",Driver Distraction:  Other interior distraction,None Indicated,None apparent,Dusk,Dry,Clear,None apparent,Non-intersection:  Non-junction/no special feature,Paved,N/A,Property Damage Only,0,0,0,0,0,0,4500,4,1,Northbound (NB),POINT (-93.883281360028 42.05198077311)
20171005437,17-32600,09/27/2017,09-September,4-Wednesday,08:57,0800 Hours,District 3 (Northwest),SIOUX CITY,WOODBURY,77,GLENN AVE AND S ST AUBIN ST,Collision with:  Vehicle in traffic,On Roadway,Rear-end (front to rear),Followed too close,None Indicated,None apparent,Daylight,Dry,Clear,None apparent,Intersection:  Four-way intersection,Paved,N/A,Property Damage Only,0,0,0,0,0,0,5000,2,2,Northbound (NB),POINT (-96.356025532127 42.465354031459)
20171005719,17092033,09/28/2017,09-September,5-Thursday,14:10,1400 Hours,District 4 (Southwest),CLARINDA,PAGE,77,S 20TH ST AND W STUART ST,Collision with:  Vehicle in traffic,On Roadway,Broadside (front to side),FTYROW:  At uncontrolled intersection,None Indicated,None apparent,Daylight,Dry,Clear,None apparent,Intersection:  Four-way intersection,Paved,N/A,Property Damage Only,0,0,0,0,0,0,6000,2,2,Southbound (SB),POINT (-95.043468764585 40.737255189324)
20171005810,17-023210,09/28/2017,09-September,5-Thursday,03:47,0300 Hours,District 5 (Southeast),,MARION,77,G062/QUEBEC ST AND 135TH PL,Collision with fixed object:  Ditch,Shoulder,Non-collision (single vehicle),Other (explain in narrative):  Other,None Indicated,None apparent,Dark - roadway not lighted,Gravel,Clear,None apparent,Non-intersection:  Non-junction/no special feature,Unpaved,N/A,Possible/Unknown,0,1,0,0,0,1,2000,1,1,Northbound (NB),POINT (-93.090791889664 41.248387492239)
20171005939,20170031540,09/29/2017,09-September,6-Friday,08:15,0800 Hours,District 1 (Central),DES MOINES,POLK,US 6,PROPOSED ML KING JR PKWY AND US 6/EUCLID AVE MEASURING 622 FEET NORTH FROM PROPOSED ML KING JR PKWY,Collision with:  Vehicle in traffic,On Roadway,Broadside (front to side),Ran Traffic Signal,None Indicated,None apparent,Daylight,Dry,Clear,None apparent,Intersection:  Four-way intersection,Paved,N/A,Possible/Unknown,0,1,0,0,1,0,3000,2,2,Westbound (WB),POINT (-93.650946315952 41.627770756536)
20171006446,CFS1735481,09/29/2017,09-September,6-Friday,16:40,1600 Hours,District 6 (East Central),DE WITT,CLINTON,77,11TH ST,Collision with:  Vehicle in traffic,On Roadway,Rear-end (front to rear),Lost Control,None Indicated,None apparent,Daylight,Dry,Clear,None apparent,Non-intersection:  Non-junction/no special feature,Paved,N/A,Property Damage Only,0,0,0,0,0,0,4000,2,2,Southbound (SB),POINT (-90.530539463346 41.826372205442)
20171014488,2017027644,09/30/2017,09-September,7-Saturday,23:45,2300 Hours,District 1 (Central),,BOONE,IA-17,STATE 17/S AVE,Collision with:  Vehicle in traffic,On Roadway,Rear-end (front to rear),Followed too close,Alcohol (Statutory),None apparent,Dark - roadway not lighted,Dry,Clear,"Traffic backup, prior non-recurring incident",Non-intersection:  Non-junction/no special feature,Paved,N/A,Property Damage Only,0,0,0,0,0,0,3500,2,5,Northbound (NB),POINT (-93.815480241408 42.044782014467)
20171006332,S17-003252,09/30/2017,09-September,7-Saturday,23:30,2300 Hours,District 4 (Southwest),,POTTAWATTAMIE,I-80,Interstate 0080 (Milepost 37),Collision with:  Animal,Unknown,N/A,Animal,None Indicated,N/A,N/A,N/A,N/A,N/A,N/A,Paved,N/A,Property Damage Only,0,0,0,0,0,0,1500,1,1,Westbound (WB),POINT (-95.399399706396 41.497661148974)
20171006199,17-014061,10/01/2017,10-October,1-Sunday,15:56,1500 Hours,District 6 (East Central),TIPTON,CEDAR,IA-38,STATE 38/CEDAR ST,Collision with:  Vehicle in traffic,On Roadway,"Sideswipe, opposite direction",Unknown,None Indicated,None apparent,Daylight,Dry,Clear,None apparent,Intersection:  Four-way intersection,Paved,N/A,Minor Injury,0,2,0,1,1,0,3000,2,3,Northbound (NB),POINT (-91.128407325709 41.774107753811)
20171006373,20170031901,10/02/2017,10-October,2-Monday,06:45,0600 Hours,District 1 (Central),DES MOINES,POLK,77,US 69/SE 14TH ST AND BLOOMFIELD RD MEASURING 159 FEET SOUTH FROM US 69/SE 14TH ST,Collision with:  Vehicle in traffic,On Roadway,Rear-end (front to rear),Followed too close,None Indicated,None apparent,Dark - roadway lighted,Wet,Rain,None apparent,Non-intersection:  Non-junction/no special feature,Paved,N/A,Minor Injury,0,1,0,1,0,0,10000,3,3,Northbound (NB),POINT (-93.596778368749 41.524643201559)
20171006730,2017010453,10/03/2017,10-October,3-Tuesday,17:12,1700 Hours,District 6 (East Central),IOWA CITY,JOHNSON,77,US 6 AND BOYRUM ST,Collision with:  Vehicle in traffic,On Roadway,Rear-end (front to rear),Driver Distraction:  Manual operation of an electronic communication device,None Indicated,None apparent,Daylight,Wet,Clear,None apparent,Intersection:  Four-way intersection,Paved,N/A,Possible/Unknown,0,1,0,0,1,0,12000,2,2,Northbound (NB),POINT (-91.527805049173 41.644261482816)
20171006700,20170032151,10/03/2017,10-October,3-Tuesday,15:30,1500 Hours,District 1 (Central),DES MOINES,POLK,77,COTTAGE GROVE AVE AND MLK JR PKWY,Collision with:  Vehicle in traffic,On Roadway,"Sideswipe, same direction",Made improper turn,None Indicated,None apparent,Daylight,Dry,Cloudy,None apparent,Intersection:  T-intersection,Paved,N/A,Property Damage Only,0,0,0,0,0,0,1500,2,3,Southbound (SB),POINT (-93.644347304452 41.59437316753)
20171007442,17166723,10/04/2017,10-October,4-Wednesday,07:00,0700 Hours,District 6 (East Central),,JOHNSON,77,AMERICAN LEGION RD,Collision with fixed object:  Ditch,On Roadway,Non-collision (single vehicle),Driving too fast for conditions,None Indicated,None apparent,Daylight,Wet,Rain,"Slippery, loose, or worn surface",Non-intersection:  Non-junction/no special feature,Paved,N/A,Minor Injury,0,1,0,1,0,0,5600,1,1,Northbound (NB),POINT (-91.410720941017 41.614384452509)
20171009199,17-33654,10/05/2017,10-October,5-Thursday,05:31,0500 Hours,District 3 (Northwest),SIOUX CITY,WOODBURY,77,INGLESIDE AVE AND 20TH ST,Collision with:  Vehicle in traffic,On Roadway,"Sideswipe, opposite direction",Made improper turn,None Indicated,None apparent,Dark - roadway lighted,Dry,Cloudy,None apparent,Intersection:  T-intersection,Paved,N/A,Property Damage Only,0,0,0,0,0,0,5000,2,2,Southbound (SB),POINT (-96.397116776503 42.511100585952)
20171018245,17-4307-10,10/05/2017,10-October,5-Thursday,05:00,0500 Hours,District 4 (Southwest),ADEL,DALLAS,US 6,US 6,Collision with:  Animal,On Roadway,Non-collision (single vehicle),Animal,None Indicated,Animal in roadway,Dark - roadway not lighted,Dry,Clear,None apparent,Non-intersection:  Non-junction/no special feature,Paved,N/A,Property Damage Only,0,0,0,0,0,0,8000,1,1,Westbound (WB),POINT (-93.986416673694 41.613221911082)
20171007803,S17-11124,10/06/2017,10-October,6-Friday,12:00,1200 Hours,District 3 (Northwest),,WOODBURY,I-29,INTERSTATE 29/I 29,Collision with fixed object:  Ditch,Roadside,Non-collision (single vehicle),Ran off road - right,None Indicated,Weather conditions,Daylight,Wet,Rain,"Surface condition (e.g., wet, icy)",Non-intersection:  Non-junction/no special feature,Paved,N/A,Possible/Unknown,0,1,0,0,1,0,12000,1,1,Eastbound (EB),POINT (-96.338672773987 42.355770860066)
20171007931,17-5168,10/06/2017,10-October,6-Friday,14:30,1400 Hours,District 1 (Central),AMES,STORY,77,LINCOLN WAY AND MC DONALD DR AND DOTSON DR,Collision with:  Vehicle in traffic,On Roadway,Broadside (front to side),Ran Traffic Signal,None Indicated,Weather conditions,Daylight,Wet,Rain,None apparent,Intersection:  Five points or more,Paved,N/A,Property Damage Only,0,0,0,0,0,0,8000,2,5,Northbound (NB),POINT (-93.671424556409 42.022874560005)
20171007187,17-7098,10/06/2017,10-October,6-Friday,17:41,1700 Hours,District 1 (Central),,POLK,US 65,INTERSTATE 80/SPEC CASE,Collision with fixed object:  Ditch,On Roadway,Non-collision (single vehicle),Ran off road - left,None Indicated,Weather conditions,Dusk,Wet,Cloudy,"Surface condition (e.g., wet, icy)",Intersection:  Roundabout,Paved,N/A,Property Damage Only,0,0,0,0,0,0,70500,1,2,Eastbound (EB),POINT (-93.526192078388 41.660375998537)
20171007519,17-10606,10/07/2017,10-October,7-Saturday,12:27,1200 Hours,District 6 (East Central),,JONES,77,LEAD MINE RD,Non-collision events:  Overturn/rollover,On Roadway,Non-collision (single vehicle),Driving too fast for conditions,None Indicated,None apparent,Daylight,Dry,Cloudy,None apparent,Intersection:  T-intersection,Unpaved,N/A,Possible/Unknown,0,1,0,0,1,0,5000,1,4,Southbound (SB),POINT (-91.23846077199 42.086989506994)
20171007308,20170032667,10/07/2017,10-October,7-Saturday,12:00,1200 Hours,District 1 (Central),DES MOINES,POLK,77,WOODLAND AVE AND MLK JR PKWY,Collision with:  Vehicle in traffic,On Roadway,Rear-end (front to rear),Driving too fast for conditions,None Indicated,None apparent,Daylight,Wet,Rain,"Surface condition (e.g., wet, icy)",Non-intersection:  Non-junction/no special feature,Paved,N/A,Property Damage Only,0,0,0,0,0,0,4000,3,3,Southbound (SB),POINT (-93.644728316794 41.588047947603)
20171008662,17-001401,10/08/2017,10-October,1-Sunday,11:13,1100 Hours,District 1 (Central),JOHNSTON,POLK,77,5000-B NW 86TH ST,Collision with:  Vehicle in traffic,On Roadway,Rear-end (front to rear),Followed too close,None Indicated,None apparent,Daylight,Dry,Clear,None apparent,Non-intersection:  Non-junction/no special feature,Paved,N/A,Property Damage Only,0,0,0,0,0,0,5500,2,2,Northbound (NB),POINT (-93.736441866931 41.654888737661)
20171009580,2017028386,10/09/2017,10-October,2-Monday,18:02,1800 Hours,District 1 (Central),,POLK,I-80,80 EB 140.3 MM,Collision with:  Vehicle in traffic,On Roadway,"Sideswipe, same direction",Driver Distraction:  Passenger,None Indicated,None apparent,Daylight,Dry,Clear,None apparent,Non-intersection:  Non-junction/no special feature,Paved,N/A,Property Damage Only,0,0,0,0,0,0,11200,3,5,Westbound (WB),POINT (-93.533322007696 41.658361561796)
20171007717,201716349,10/09/2017,10-October,2-Monday,17:00,1700 Hours,District 6 (East Central),CEDAR RAPIDS,LINN,77,700 BOYSON RD NE,Collision with:  Vehicle in traffic,On Roadway,Rear-end (front to rear),Lost Control,None Indicated,None apparent,Daylight,Dry,Clear,None apparent,Non-intersection:  Non-junction/no special feature,Paved,N/A,Property Damage Only,0,0,0,0,0,0,9000,3,3,Southbound (SB),POINT (-91.641046948774 42.04672139657)
20171009581,2017028481,10/10/2017,10-October,3-Tuesday,14:30,1400 Hours,District 1 (Central),ANKENY,POLK,I-35,NB NE72ND ST TO WB I-80 ON RAMP AT EXIT 143,Non-collision events:  Jackknife,On Roadway,Non-collision (single vehicle),Equipment failure,None Indicated,None apparent,Daylight,Dry,Cloudy,None apparent,"Interchange-related:  Off-ramp, diverge area",Paved,N/A,Property Damage Only,0,0,0,0,0,0,20000,1,1,Northbound (NB),POINT (-93.576424522501 41.714492942822)
20171008014,20170033133,10/11/2017,10-October,4-Wednesday,07:25,0700 Hours,District 1 (Central),DES MOINES,POLK,77,E PARK AVE AND US 69/SE 14TH ST,Collision with:  Vehicle in traffic,On Roadway,Rear-end (front to rear),Unknown,None Indicated,None apparent,Dawn,Dry,Cloudy,None apparent,Intersection:  Four-way intersection,Paved,N/A,Property Damage Only,0,0,0,0,0,0,2000,2,2,Southbound (SB),POINT (-93.596832563212 41.555312884191)
20171008130,W17-085700,10/11/2017,10-October,4-Wednesday,14:37,1400 Hours,District 2 (Northeast),WATERLOO,BLACK HAWK,77,LA PORTE RD AND HOWARD AVE,Collision with:  Vehicle in traffic,On Roadway,Rear-end (front to rear),Other (explain in narrative):  Other,None Indicated,None apparent,Daylight,Wet,Cloudy,None apparent,Intersection:  Four-way intersection,Paved,N/A,Property Damage Only,0,0,0,0,0,0,3500,2,3,Northbound (NB),POINT (-92.322698700496 42.471061443042)
20171016023,201716504,10/12/2017,10-October,5-Thursday,07:23,0700 Hours,District 6 (East Central),CEDAR RAPIDS,LINN,77,4700 BLK 42ND ST NE,Collision with:  Vehicle in traffic,On Roadway,Rear-end (front to rear),Lost Control,None Indicated,None apparent,Daylight,Wet,Cloudy,None apparent,Non-intersection:  Non-junction/no special feature,Paved,N/A,Property Damage Only,0,0,0,0,0,0,6500,2,2,Southbound (SB),POINT (-91.710435767794 42.02188098491)
20171008318,17-37512,10/12/2017,10-October,5-Thursday,19:13,1900 Hours,District 5 (Southeast),BURLINGTON,DES MOINES,77,WELLSHIRE DR AND W ROOSEVELT FRONTAGE AND WEST AVE,Collision with:  Vehicle in traffic,On Roadway,Broadside (front to side),FTYROW:  From stop sign,None Indicated,None apparent,Dark - roadway lighted,Dry,Clear,None apparent,Intersection:  Other intersection (explain in narrative),Paved,N/A,Property Damage Only,0,0,0,0,0,0,4000,2,4,Southbound (SB),POINT (-91.142795667666 40.800414325372)
20171008427,17-006872,10/13/2017,10-October,6-Friday,16:30,1600 Hours,District 3 (Northwest),,OBRIEN,77,REDWOOD AVE,Non-collision events:  Overturn/rollover,On Roadway,Non-collision (single vehicle),Driver Distraction:  Reaching for object(s)/fallen object(s),None Indicated,None apparent,Daylight,Dry,Clear,None apparent,Non-intersection:  Non-junction/no special feature,Unpaved,N/A,Possible/Unknown,0,1,0,0,1,0,11928,1,1,Northbound (NB),POINT (-95.66382654028 43.237186016306)
20171016039,201716683,10/14/2017,10-October,7-Saturday,16:58,1600 Hours,District 6 (East Central),CEDAR RAPIDS,LINN,77,900 BLOCK OLD MARION RD NE,Collision with:  Vehicle in traffic,On Roadway,"Sideswipe, same direction",Passing:  On wrong side,Alcohol (Statutory),None apparent,Daylight,Wet,Rain,None apparent,Non-intersection:  Non-junction/no special feature,Paved,N/A,Property Damage Only,0,0,0,0,0,0,3000,2,2,Southbound (SB),POINT (-91.645547361922 42.023709347321)
20171008683,2017-008364,10/14/2017,10-October,7-Saturday,15:48,1500 Hours,District 6 (East Central),DUBUQUE,DUBUQUE,77,US 52/WHITE ST AND E 18TH ST,Collision with:  Vehicle in traffic,On Roadway,"Angle, oncoming left turn",Made improper turn,None Indicated,None apparent,Daylight,Wet,Rain,None apparent,Intersection:  Other intersection (explain in narrative),Paved,N/A,Property Damage Only,0,0,0,0,0,0,2500,2,5,Northbound (NB),POINT (-90.668545669541 42.509914135656)
20171008557,1710158021,10/15/2017,10-October,1-Sunday,00:23,0000 Hours,District 6 (East Central),,CLINTON,77,Z050/442 AVE AND 190 ST MEASURING 1011 FEET SOUTH FROM Z050/442 AVE,Collision with fixed object:  Ditch,On Roadway,Non-collision (single vehicle),Ran off road - right,None Indicated,Animal in roadway,Dark - roadway not lighted,Wet,Cloudy,None apparent,Non-intersection:  Non-junction/no special feature,Paved,N/A,Possible/Unknown,0,1,0,0,1,0,10,1,2,Northbound (NB),POINT (-90.224616618592 41.903073350486)
20171013771,2017028934,10/16/2017,10-October,2-Monday,17:43,1700 Hours,District 6 (East Central),IOWA CITY,JOHNSON,I-80,INTERSTATE 80/I 80 246MM,Collision with:  Vehicle in traffic,On Roadway,"Sideswipe, same direction",Other (explain in narrative):  No improper action,Drug,None apparent,Dusk,Dry,Clear,None apparent,Non-intersection:  Non-junction/no special feature,Paved,N/A,Property Damage Only,0,0,0,0,0,0,7800,2,2,Westbound (WB),POINT (-91.50686278755 41.686926873763)
20171009808,17009534,10/16/2017,10-October,2-Monday,02:10,0200 Hours,District 6 (East Central),,BUCHANAN,US 20,US 20 MEASURING 3202 FEET EAST FROM US 20 AND US 20/NE RAMP,Collision with:  Animal,On Roadway,Non-collision (single vehicle),Animal,None Indicated,Animal in roadway,N/A,N/A,N/A,N/A,N/A,Paved,N/A,Property Damage Only,0,0,0,0,0,0,4000,1,1,Southbound (SB),POINT (-91.873832091927 42.449383155329)
20171009725,2017-77029,10/17/2017,10-October,3-Tuesday,12:22,1200 Hours,District 6 (East Central),DAVENPORT,SCOTT,77,W LOCUST ST,Collision with:  Vehicle in traffic,On Roadway,Rear-end (front to rear),Followed too close,None Indicated,None apparent,Daylight,Dry,Clear,None apparent,Intersection:  Four-way intersection,Paved,N/A,Possible/Unknown,0,2,0,0,2,0,1000,2,3,Southbound (SB),POINT (-90.600742182962 41.538247196929)
20171009127,20170033988,10/17/2017,10-October,3-Tuesday,17:05,1700 Hours,District 1 (Central),DES MOINES,POLK,77,ARMY POST RD AND FLEUR DR,Other (explain in narrative),On Roadway,Non-collision (single vehicle),Ran off road - left,None Indicated,None apparent,Daylight,Dry,Clear,None apparent,Intersection:  Four-way intersection,Paved,N/A,Possible/Unknown,0,1,0,0,1,0,2000,1,1,Northbound (NB),POINT (-93.644974995968 41.526004315794)
20171010188,17006797,10/18/2017,10-October,4-Wednesday,12:19,1200 Hours,District 2 (Northeast),PLYMOUTH,CERRO GORDO,77,COLLEGE AVE,Collision with:  Parked motor vehicle,Shoulder,Rear to side,Other (explain in narrative):  Other,None Indicated,Unknown,Daylight,Unknown,Unknown,None apparent,Non-intersection:  Non-junction/no special feature,Paved,N/A,Property Damage Only,0,0,0,0,0,0,1500,2,1,Northbound (NB),POINT (-93.12502090089 43.2429937458)
20171053292,17-10187A,10/18/2017,10-October,4-Wednesday,03:40,0300 Hours,District 4 (Southwest),,PAGE,77,M060/MAPLE AVE AND 255 ST,Collision with fixed object:  Ditch,On Roadway,Non-collision (single vehicle),Equipment failure,None Indicated,None apparent,Dark - roadway not lighted,Dry,Clear,None apparent,Non-intersection:  Non-junction/no special feature,Unpaved,N/A,Minor Injury,0,1,0,1,0,0,3000,1,1,Southbound (SB),POINT (-95.134655520181 40.675035944041)
20171010104,17-7382,10/19/2017,10-October,5-Thursday,06:29,0600 Hours,District 1 (Central),,POLK,IA-44,STATE 44/NW 70 AVE,Collision with:  Vehicle in traffic,On Roadway,Rear-end (front to rear),Other (explain in narrative):  Other,None Indicated,None apparent,Dark - roadway not lighted,Dry,Clear,None apparent,Intersection:  Other intersection (explain in narrative),Paved,N/A,Possible/Unknown,0,1,0,0,1,0,22000,2,2,Southbound (SB),POINT (-93.814220559038 41.688446850389)
20171009614,1710192811,10/19/2017,10-October,5-Thursday,16:20,1600 Hours,District 6 (East Central),,CLINTON,77,US 30 AND 330 AVE,Collision with:  Struck/struck by object/cargo/person from other vehicle,Outside trafficway,Non-collision (single vehicle),Swerving/Evasive Action,None Indicated,None apparent,Daylight,Dry,Clear,None apparent,Non-intersection:  Non-junction/no special feature,Unpaved,N/A,Property Damage Only,0,0,0,0,0,0,8400,1,1,Eastbound (EB),POINT (-90.451823787972 41.815276702955)
20171009918,17026636,10/20/2017,10-October,6-Friday,16:03,1600 Hours,District 5 (Southeast),OSKALOOSA,MAHASKA,IA-92,STATE 92/NW RAMP,Collision with:  Vehicle in traffic,On Roadway,Rear-end (front to rear),Followed too close,None Indicated,None apparent,Daylight,Dry,Clear,"Traffic backup, regular congestion",Non-intersection:  Non-junction/no special feature,Paved,N/A,Property Damage Only,0,0,0,0,0,0,5000,2,3,Westbound (WB),POINT (-92.675579570863 41.29804056403)
20171010330,2017029283,10/20/2017,10-October,6-Friday,06:57,0600 Hours,District 1 (Central),,POLK,77,"HWY. 65 NB, 3,300 FT. NORTH OF ARMY POST RD.",Collision with:  Animal,On Roadway,Rear-end (front to rear),Animal,None Indicated,Animal in roadway,Dawn,Dry,Clear,None apparent,Non-intersection:  Non-junction/no special feature,Paved,N/A,Possible/Unknown,0,1,0,0,1,0,13000,2,2,Southbound (SB),POINT (-93.519435576946 41.524892445185)
20171009887,17044312,10/21/2017,10-October,7-Saturday,03:29,0300 Hours,District 5 (Southeast),MUSCATINE,MUSCATINE,77,LUCAS ST AND NEWELL AVE,Unknown,On Roadway,Non-collision (single vehicle),Other (explain in narrative):  Other,None Indicated,None apparent,Dark - unknown roadway lighting,Dry,Clear,None apparent,Intersection:  Y-intersection,Paved,N/A,Property Damage Only,0,0,0,0,0,0,2600,1,1,Southbound (SB),POINT (-91.072322476996 41.42323429678)
20171009904,20170034531,10/22/2017,10-October,1-Sunday,01:05,0100 Hours,District 1 (Central),DES MOINES,POLK,77,SW 7TH ST AND SW 6TH AVE AND W MLK JR PKWY MEASURING 92 FEET NORTH FROM SW 7TH ST AND SW 6TH AVE AND W MLK JR PKWY,Collision with fixed object:  Tree,Outside trafficway,Non-collision (single vehicle),Other (explain in narrative):  Other,None Indicated,None apparent,Dark - roadway lighted,Wet,Cloudy,None apparent,Non-intersection:  Non-junction/no special feature,Paved,N/A,Possible/Unknown,0,1,0,0,0,1,3750,1,1,Northbound (NB),POINT (-93.624294021023 41.581567410628)
20171010040,2017-008616,10/22/2017,10-October,1-Sunday,16:01,1600 Hours,District 6 (East Central),DUBUQUE,DUBUQUE,77,E 14TH ST AND US 52/CENTRAL AVE AND LORAS BLVD,Collision with:  Vehicle in traffic,On Roadway,"Angle, oncoming left turn",Made improper turn,None Indicated,None apparent,Daylight,Dry,Cloudy,None apparent,Intersection:  Other intersection (explain in narrative),Paved,N/A,Property Damage Only,0,0,0,0,0,0,4300,2,3,Eastbound (EB),POINT (-90.667729555496 42.50633145918)
20171010675,WSO1703240,10/23/2017,10-October,2-Monday,07:30,0700 Hours,District 2 (Northeast),,WINNESHIEK,77,A014/CO RD A14,Collision with:  Animal,Unknown,N/A,Animal,None Indicated,N/A,N/A,N/A,N/A,N/A,N/A,Paved,N/A,Property Damage Only,0,0,0,0,0,0,3500,1,1,Southbound (SB),POINT (-91.797579841404 43.486434502951)
20171010288,20170034765,10/23/2017,10-October,2-Monday,17:39,1700 Hours,District 1 (Central),DES MOINES,POLK,77,INTERSTATE 235/I 235 AND 56TH ST MEASURING 1365 FEET NORTH FROM INTERSTATE 235/I 235 AND 56TH ST,Collision with:  Vehicle in traffic,On Roadway,Rear-end (front to rear),Followed too close,None Indicated,None apparent,Daylight,Dry,Cloudy,None apparent,Non-intersection:  Non-junction/no special feature,Paved,N/A,Property Damage Only,0,0,0,0,0,0,5500,3,3,Northbound (NB),POINT (-93.693738974866 41.592590537244)
20171013537,17007890,10/24/2017,10-October,3-Tuesday,15:40,1500 Hours,District 5 (Southeast),,LOUISA,IA-92,STATE 92/IOWA 92,Collision with:  Animal,Unknown,N/A,Animal,None Indicated,N/A,N/A,N/A,N/A,N/A,N/A,Paved,N/A,Property Damage Only,0,0,0,0,0,0,4500,1,1,Southbound (SB),POINT (-91.285318176411 41.277349178991)
20171011188,17-1218,10/25/2017,10-October,4-Wednesday,12:51,1200 Hours,District 1 (Central),PLEASANT HILL,POLK,77,1100  NE 56TH,Collision with:  Vehicle in traffic,On Roadway,Rear-end (front to rear),Followed too close,None Indicated,None apparent,Daylight,Dry,Clear,None apparent,Intersection:  Four-way intersection,Paved,N/A,Property Damage Only,0,0,0,0,0,0,2300,2,2,Northbound (NB),POINT (-93.503229882084 41.598995618469)
20171012995,17013964,10/25/2017,10-October,4-Wednesday,08:50,0800 Hours,District 1 (Central),TOLEDO,TAMA,US 63,2ND AVE AND US 63/S COUNTY ROAD,Collision with:  Vehicle in traffic,On Roadway,Broadside (front to side),FTYROW:  From stop sign,None Indicated,Glare,Daylight,Dry,Clear,None apparent,Intersection:  Four-way intersection,Paved,N/A,Property Damage Only,0,0,0,0,0,0,5200,2,3,Northbound (NB),POINT (-92.581674092806 41.984861137951)
20171010820,201706175,10/25/2017,10-October,4-Wednesday,08:10,0800 Hours,District 1 (Central),,BOONE,77,E026/190TH ST,Collision with:  Vehicle in traffic,On Roadway,"Angle, oncoming left turn",FTYROW:  Making left turn,None Indicated,None apparent,Daylight,Dry,Clear,None apparent,"Non-intersection:  Driveway access (related, not in)",Paved,N/A,Major Injury,0,1,1,0,0,0,11000,3,4,Southbound (SB),POINT (-93.769787351837 42.078241450136)
20171017531,201704722,10/26/2017,10-October,5-Thursday,07:04,0700 Hours,District 6 (East Central),,LINN,I-380,INTERSTATE 380,Collision with:  Animal,Unknown,N/A,Animal,None Indicated,N/A,N/A,N/A,N/A,N/A,N/A,Paved,N/A,Property Damage Only,0,0,0,0,0,0,5000,1,1,Northbound (NB),POINT (-91.740565004606 42.142638976429)
20171025010,S017002546,10/26/2017,10-October,5-Thursday,17:55,1700 Hours,District 4 (Southwest),,ADAMS,77,170TH ST,Non-collision events:  Overturn/rollover,Shoulder,Non-collision (single vehicle),Ran off road - right,None Indicated,None apparent,Daylight,Dry,Clear,"Slippery, loose, or worn surface",Non-intersection:  Non-junction/no special feature,Unpaved,N/A,Major Injury,0,2,1,1,0,0,10000,1,2,Southbound (SB),POINT (-94.481497440837 41.057919852696)
20171016370,17-021027-01,10/27/2017,10-October,6-Friday,09:45,0900 Hours,District 6 (East Central),VICTOR,IOWA,77,3RD ST,Collision with:  Vehicle in traffic,On Roadway,"Sideswipe, same direction",Other (explain in narrative):  Other,None Indicated,None apparent,Daylight,Dry,Clear,None apparent,Non-intersection:  Non-junction/no special feature,Paved,N/A,Property Damage Only,0,0,0,0,0,0,3600,3,1,Southbound (SB),POINT (-92.298342672807 41.730837806712)
20171011522,2017011443,10/27/2017,10-October,6-Friday,16:43,1600 Hours,District 6 (East Central),IOWA CITY,JOHNSON,I-80,INTERSTATE 80,Collision with:  Vehicle in traffic,On Roadway,Rear-end (front to rear),"Operating vehicle in an reckless, erratic, careless, negligent manner",None Indicated,None apparent,Daylight,Dry,Cloudy,None apparent,Non-intersection:  Non-junction/no special feature,Paved,N/A,Property Damage Only,0,0,0,0,0,0,2000,2,2,Southbound (SB),POINT (-91.502233608092 41.686028993517)
20171011607,106-17,10/28/2017,10-October,7-Saturday,18:59,1800 Hours,District 5 (Southeast),,MADISON,77,STATE 92/IOWA 92 AND QUAIL RIDGE TRL AND QUAIL RIDGE AVE,Collision with:  Vehicle in traffic,On Roadway,Rear-end (front to rear),Other (explain in narrative):  Other,None Indicated,None apparent,Dark - roadway not lighted,Dry,Clear,None apparent,Non-intersection:  Non-junction/no special feature,Unpaved,N/A,Property Damage Only,0,0,0,0,0,0,7100,2,2,Southbound (SB),POINT (-93.916990044584 41.355358244836)