Iowa DOT Case Number,Law Enforcement Case Number,Date of Crash,Month of Crash,Day of Week,Time of Crash,Hour,DOT District,City Name,County Name,Route with System,Location Description,First Harmful Event,Location of First Harmful Event,Manner of Crash/Collision,Major Cause,Drug or Alcohol ,Environmental Conditions,Light Conditions,Surface Conditions,Weather Conditions,Roadway Contribution,Roadway Type,Roadway Surface,Work Zone,Crash Severity,Number of Fatalities,Number of Injuries,Number of Major Injuries,Number of Minor Injuries,Number of Possible Injuries,Number of Unknown Injuries,Amount of Property Damage,Number of Vehicles Involved,Total Number of Occupants,Travel Direction,Location
20171011976,17-019130,10/28/2017,10-October,7-Saturday,18:44,1800 Hours,District 2 (Northeast),,FLOYD,77,B030/RUDD PARK RD,Collision with:  Animal,Unknown,N/A,Animal,None Indicated,N/A,N/A,N/A,N/A,N/A,N/A,Paved,N/A,Property Damage Only,0,0,0,0,0,0,5000,1,3,Southbound (SB),POINT (-92.920354767963 43.139938522591)
20171011372,17-1846,10/29/2017,10-October,1-Sunday,17:45,1700 Hours,District 1 (Central),,GREENE,IA-4,STATE 4/N AVE,Collision with:  Animal,Unknown,N/A,Animal,None Indicated,N/A,N/A,N/A,N/A,N/A,N/A,Paved,N/A,Property Damage Only,0,0,0,0,0,0,8000,1,2,Northbound (NB),POINT (-94.377205280343 41.987701238027)
20171012139,17-010645,10/30/2017,10-October,2-Monday,15:32,1500 Hours,District 4 (Southwest),ATLANTIC,CASS,77,10TH ST MEASURING 121 FEET EAST FROM 10TH ST AND MULBERRY ST,Collision with:  Vehicle in traffic,On Roadway,Rear to side,FTYROW:  From driveway,None Indicated,None apparent,Daylight,Dry,Cloudy,None apparent,"Non-intersection:  Driveway access (related, not in)",Paved,N/A,Property Damage Only,0,0,0,0,0,0,2000,2,6,Southbound (SB),POINT (-94.998718769193 41.400891449071)
20171011589,20170035495,10/30/2017,10-October,2-Monday,10:29,1000 Hours,District 1 (Central),DES MOINES,POLK,I-235,SCHOOL ST AND INTERSTATE 235/2ND AVE SE ENTRANCE RAMP AND INTERSTATE 235/2ND AVE NW ENTRANCE LOOP AND 2ND AVE,Collision with:  Vehicle in traffic,On Roadway,Broadside (front to side),Ran Traffic Signal,None Indicated,None apparent,Daylight,Dry,Clear,None apparent,Interchange-related:  Off-ramp,Paved,N/A,Possible/Unknown,0,1,0,0,1,0,15000,2,4,Southbound (SB),POINT (-93.619793901624 41.595210722022)
20171012052,17-006559,10/31/2017,10-October,3-Tuesday,21:48,2100 Hours,District 5 (Southeast),,MONROE,US 34,US 34,Collision with:  Animal,Unknown,N/A,Animal,None Indicated,N/A,N/A,N/A,N/A,N/A,N/A,Paved,N/A,Property Damage Only,0,0,0,0,0,0,5500,1,1,Southbound (SB),POINT (-93.012544941731 41.003061559546)
20171012879,201700055700,11/01/2017,11-November,4-Wednesday,11:20,1100 Hours,District 5 (Southeast),OTTUMWA,WAPELLO,77,E MAIN ST,Collision with:  Re-entering roadway,On Roadway,Broadside (front to side),FTYROW:  Other (explain in narrative),None Indicated,None apparent,Daylight,Dry,Clear,None apparent,Intersection:  Other intersection (explain in narrative),Paved,N/A,Property Damage Only,0,0,0,0,0,0,8500,2,2,Southbound (SB),POINT (-92.407354103003 41.014006052534)
20171012097,20170035708,11/01/2017,11-November,4-Wednesday,07:58,0700 Hours,District 1 (Central),DES MOINES,POLK,77,6TH AVE AND SCHOOL ST,Collision with:  Vehicle in traffic,On Roadway,Broadside (front to side),Other (explain in narrative):  Other,None Indicated,None apparent,Daylight,Dry,Cloudy,None apparent,Intersection:  Intersection with ramp,Paved,N/A,Property Damage Only,0,0,0,0,0,0,11000,2,2,Northbound (NB),POINT (-93.625673574585 41.595232917691)
20171012152,2017-008956,11/01/2017,11-November,4-Wednesday,12:45,1200 Hours,District 6 (East Central),DUBUQUE,DUBUQUE,77,E 14TH ST MEASURING 150 FEET NORTHEAST FROM JACKSON ST AND E 14TH ST,Collision with:  Vehicle in traffic,On Roadway,Broadside (front to side),FTYROW:  Other (explain in narrative),None Indicated,None apparent,Daylight,Dry,Cloudy,None apparent,Non-intersection:  Non-junction/no special feature,Paved,N/A,Property Damage Only,0,0,0,0,0,0,5000,2,3,Southbound (SB),POINT (-90.665267422422 42.507082763786)
20171012347,17-01516,11/02/2017,11-November,5-Thursday,08:00,0800 Hours,District 1 (Central),CLIVE,POLK,I-80,INTERSTATE 35/NW RAMP AND INTERSTATE 35/NW LOOP,Collision with:  Animal,On Roadway,Non-collision (single vehicle),Animal,None Indicated,None apparent,Dawn,Dry,Clear,None apparent,Non-intersection:  Non-junction/no special feature,Paved,N/A,Property Damage Only,0,0,0,0,0,0,3000,1,1,Westbound (WB),POINT (-93.779321603138 41.601418754744)
20171012297,20170035868,11/02/2017,11-November,5-Thursday,18:17,1800 Hours,District 1 (Central),DES MOINES,POLK,77,39 FEET EAST FROM UNIVERSITY AVE AND 29TH ST,Collision with:  Non-motorist (see non-motorist section - NOT a unit),On Roadway,Non-collision (single vehicle),Other (explain in narrative):  No improper action,None Indicated,None apparent,Dark - roadway lighted,Dry,Clear,None apparent,Non-intersection:  Non-junction/no special feature,Paved,N/A,Minor Injury,0,1,0,1,0,0,1500,1,1,Southbound (SB),POINT (-93.656706837272 41.600374106062)
20171013203,DPD1703466,11/03/2017,11-November,6-Friday,19:27,1900 Hours,District 2 (Northeast),DECORAH,WINNESHIEK,77,RIVER ST AND W BROADWAY ST,Collision with:  Vehicle in traffic,On Roadway,Broadside (front to side),Ran Stop Sign,None Indicated,None apparent,Dark - roadway lighted,Dry,Cloudy,None apparent,Intersection:  Four-way intersection,Paved,N/A,Property Damage Only,0,0,0,0,0,0,3000,2,3,Southbound (SB),POINT (-91.78967429051 43.302356167421)
20171017374,17002621,11/03/2017,11-November,6-Friday,16:05,1600 Hours,District 4 (Southwest),,ADAMS,77,N026/BIRCH AVE,Collision with:  Vehicle in traffic,On Roadway,Rear-end (front to rear),Followed too close,None Indicated,None apparent,Daylight,Dry,Clear,None apparent,Non-intersection:  Non-junction/no special feature,Paved,N/A,Major Injury,0,1,1,0,0,0,4000,2,2,Northbound (NB),POINT (-94.896053350779 40.954814047994)
20171012702,17-020481,11/04/2017,11-November,7-Saturday,23:42,2300 Hours,District 5 (Southeast),,HENRY,77,X023/RACINE AVE AND H038/220TH ST,Collision with fixed object:  Ditch,On Roadway,Non-collision (single vehicle),FTYROW:  From stop sign,None Indicated,Weather conditions,Dark - roadway not lighted,Wet,"Fog, smoke, smog",None apparent,Intersection:  T-intersection,Paved,N/A,Property Damage Only,0,0,0,0,0,0,3000,1,2,Northbound (NB),POINT (-91.39056667078 40.986961526834)
20171012627,20170036078,11/04/2017,11-November,7-Saturday,18:43,1800 Hours,District 1 (Central),DES MOINES,POLK,77,INGERSOLL AVE AND 42ND ST,Collision with:  Non-motorist (see non-motorist section - NOT a unit),On Roadway,Non-collision (single vehicle),FTYROW:  To pedestrian,None Indicated,None apparent,Dark - roadway lighted,Dry,Clear,None apparent,Non-intersection:  Non-junction/no special feature,Paved,N/A,Minor Injury,0,1,0,1,0,0,200,1,1,Northbound (NB),POINT (-93.674344865312 41.586373840812)
20171012904,17-021909,11/05/2017,11-November,1-Sunday,18:32,1800 Hours,District 2 (Northeast),CLERMONT,FAYETTE,US 18,US 18/MILL ST,Collision with:  Animal,Unknown,N/A,Animal,None Indicated,N/A,N/A,N/A,N/A,N/A,N/A,Paved,N/A,Property Damage Only,0,0,0,0,0,0,2000,1,1,Southbound (SB),POINT (-91.649828183696 43.006166469198)
20171012762,1711058301,11/05/2017,11-November,1-Sunday,02:36,0200 Hours,District 6 (East Central),,CLINTON,77,F012/220 ST MEASURING 2528 FEET WEST FROM F012/220 ST AND 360 AVE,Collision with:  Animal,On Roadway,Non-collision (single vehicle),Animal,None Indicated,None apparent,Dark - roadway not lighted,Wet,"Fog, smoke, smog",None apparent,Non-intersection:  Non-junction/no special feature,Paved,N/A,Property Damage Only,0,0,0,0,0,0,2500,1,2,Southbound (SB),POINT (-90.402716337327 41.859079511384)
20171013094,20170036298,11/06/2017,11-November,2-Monday,17:24,1700 Hours,District 1 (Central),DES MOINES,POLK,77,E GRAND AVE AND E 4TH ST,Collision with:  Vehicle in traffic,On Roadway,Head-on (front to front),FTYROW:  Making left turn,None Indicated,None apparent,Daylight,Dry,Clear,None apparent,Intersection:  Four-way intersection,Paved,N/A,Property Damage Only,0,0,0,0,0,0,3000,2,2,Northbound (NB),POINT (-93.613052322996 41.590328911969)
20171015849,201718041,11/06/2017,11-November,2-Monday,15:24,1500 Hours,District 6 (East Central),CEDAR RAPIDS,LINN,IA-922,1300 BLK 1ST AVE W,Collision with:  Vehicle in traffic,On Roadway,Rear-end (front to rear),Followed too close,None Indicated,None apparent,Daylight,Dry,Cloudy,None apparent,Intersection:  T-intersection,Paved,N/A,Property Damage Only,0,0,0,0,0,0,8000,2,4,Northbound (NB),POINT (-91.688615342793 41.971044655295)
20171013280,17-05495,11/07/2017,11-November,3-Tuesday,17:11,1700 Hours,District 1 (Central),WEST DES MOINES,POLK,77,VALLEY WEST DRIVE/WESTOWN PARKWAY,Collision with:  Vehicle in traffic,On Roadway,Rear-end (front to rear),Followed too close,None Indicated,None apparent,Daylight,Dry,Clear,None apparent,Intersection:  Four-way intersection,Paved,N/A,Property Damage Only,0,0,0,0,0,0,2000,2,3,Northbound (NB),POINT (-93.751877592406 41.595215410639)
20171016257,,11/07/2017,11-November,3-Tuesday,14:00,1400 Hours,District 4 (Southwest),,FREMONT,US 275,US 0275 / US 275,Collision with:  Animal,On Roadway,Non-collision (single vehicle),Animal,None Indicated,N/A,Daylight,Dry,Clear,N/A,Non-intersection:  Non-junction/no special feature,Paved,N/A,Property Damage Only,0,0,0,0,0,0,0,1,1,Northbound (NB),POINT (-95.632595185598 40.736628666107)
20171014376,2017011966,11/08/2017,11-November,4-Wednesday,11:17,1100 Hours,District 6 (East Central),IOWA CITY,JOHNSON,US 6,US 6/S RIVERSIDE DR,Collision with:  Vehicle in traffic,On Roadway,Rear-end (front to rear),Followed too close,None Indicated,None apparent,Daylight,Dry,Clear,None apparent,Non-intersection:  Non-junction/no special feature,Paved,N/A,Property Damage Only,0,0,0,0,0,0,5500,2,3,Southbound (SB),POINT (-91.540295227579 41.652671101161)
20171013626,2017-009153,11/08/2017,11-November,4-Wednesday,07:18,0700 Hours,District 6 (East Central),DUBUQUE,DUBUQUE,77,UNIVERSITY AVE AND WALNUT ST,Collision with:  Vehicle in traffic,On Roadway,"Angle, oncoming left turn",FTYROW:  From stop sign,None Indicated,None apparent,Daylight,Dry,Clear,None apparent,Intersection:  T-intersection,Paved,N/A,Property Damage Only,0,0,0,0,0,0,1700,2,2,Southbound (SB),POINT (-90.674835091951 42.500154254598)
20171013676,17-5789,11/09/2017,11-November,5-Thursday,05:45,0500 Hours,District 6 (East Central),HIAWATHA,LINN,I-380,INTERSTATE 380/I 380,Collision with:  Vehicle in traffic,On Roadway,Other (explain in narrative),Other (explain in narrative):  Other,None Indicated,Animal in roadway,Dark - roadway not lighted,Dry,Clear,None apparent,Non-intersection:  Non-junction/no special feature,Paved,N/A,Property Damage Only,0,0,0,0,0,0,13000,2,2,Northbound (NB),POINT (-91.701202114345 42.079687662847)
20171014235,17-4438,11/09/2017,11-November,5-Thursday,01:32,0100 Hours,District 3 (Northwest),,CALHOUN,IA-4,STATE 4/NORRIDGE AVE,Collision with:  Animal,On Roadway,Non-collision (single vehicle),Animal,None Indicated,Animal in roadway,Dark - roadway not lighted,Dry,Clear,None apparent,Non-intersection:  Non-junction/no special feature,Paved,N/A,Property Damage Only,0,0,0,0,0,0,4000,1,1,Northbound (NB),POINT (-94.649052335915 42.313495815934)
20171013907,17189754,11/10/2017,11-November,6-Friday,11:56,1100 Hours,District 6 (East Central),,JOHNSON,I-380,INTERSTATE 380/I 380,Collision with:  Vehicle in traffic,On Roadway,Rear-end (front to rear),Other (explain in narrative):  Other,None Indicated,None apparent,Daylight,Dry,Clear,None apparent,Non-intersection:  Non-junction/no special feature,Paved,N/A,Property Damage Only,0,0,0,0,0,0,8000,2,6,Northbound (NB),POINT (-91.646600681508 41.776996387632)
20171013969,2017012052,11/10/2017,11-November,6-Friday,22:31,2200 Hours,District 6 (East Central),,,77,,Collision with:  Parked motor vehicle,On Roadway,Other (explain in narrative),Unknown,None Indicated,None apparent,Dark - roadway not lighted,Dry,Clear,None apparent,Non-intersection:  Non-junction/no special feature,Unpaved,N/A,Possible/Unknown,0,1,0,0,0,1,1600,2,1,N/A,POINT (0 0)
20171014048,2017-84567,11/11/2017,11-November,7-Saturday,19:10,1900 Hours,District 6 (East Central),DAVENPORT,SCOTT,77,E 53RD ST AND E 52ND ST,Collision with:  Animal,On Roadway,Non-collision (single vehicle),Animal,None Indicated,None apparent,Dark - roadway not lighted,Dry,Clear,None apparent,Non-intersection:  Non-junction/no special feature,Paved,N/A,Property Damage Only,0,0,0,0,0,0,2000,1,2,Southbound (SB),POINT (-90.556311341923 41.574687519324)
20171014088,20170036916,11/11/2017,11-November,7-Saturday,22:05,2200 Hours,District 1 (Central),DES MOINES,POLK,77,E ROSE AVE MEASURING 228 FEET WEST FROM E ROSE AVE AND SE 5TH ST,Collision with:  Re-entering roadway,On Roadway,Rear to side,Other (explain in narrative):  Other,None Indicated,None apparent,Dark - roadway lighted,Dry,Clear,None apparent,Non-intersection:  Non-junction/no special feature,Paved,N/A,Property Damage Only,0,0,0,0,0,0,7000,2,1,Southbound (SB),POINT (-93.607355361974 41.549574172014)
20171014317,17-38291,11/12/2017,11-November,1-Sunday,00:00,0000 Hours,District 3 (Northwest),SIOUX CITY,WOODBURY,77,707 4TH ST,Collision with:  Parked motor vehicle,On Roadway,"Sideswipe, same direction",Lost Control,None Indicated,None apparent,Dark - roadway lighted,Dry,Clear,None apparent,Non-intersection:  Non-junction/no special feature,Paved,N/A,Property Damage Only,0,0,0,0,0,0,1500,2,1,Southbound (SB),POINT (-96.401407936088 42.494188816172)
20171014739,17047315,11/12/2017,11-November,1-Sunday,03:00,0300 Hours,District 5 (Southeast),WILTON,MUSCATINE,US 6,HIGHWAY 38 1100 BLOCK SB,Collision with:  Animal,On Roadway,Non-collision (single vehicle),Animal,None Indicated,Animal in roadway,Dark - roadway not lighted,Wet,Rain,None apparent,Non-intersection:  Non-junction/no special feature,Paved,N/A,Property Damage Only,0,0,0,0,0,0,16000,1,1,Southbound (SB),POINT (-91.03821817439 41.583942325671)
20171015095,17-005970,11/13/2017,11-November,2-Monday,11:46,1100 Hours,District 1 (Central),AMES,STORY,US 69,US 69/S DUFF AVE,Collision with:  Vehicle in traffic,On Roadway,Rear-end (front to rear),Followed too close,None Indicated,None apparent,Daylight,Dry,Clear,None apparent,Non-intersection:  Non-junction/no special feature,Paved,N/A,Property Damage Only,0,0,0,0,0,0,1600,3,3,Northbound (NB),POINT (-93.610362583779 42.022585045558)
20171015405,17047439,11/13/2017,11-November,2-Monday,12:07,1200 Hours,District 5 (Southeast),,MUSCATINE,77,PETTIBONE AVE,Collision with fixed object:  Ditch,Shoulder,Non-collision (single vehicle),Ran off road - right,None Indicated,None apparent,Daylight,Dry,Cloudy,None apparent,Non-intersection:  Non-junction/no special feature,Paved,N/A,Property Damage Only,0,0,0,0,0,0,45000,1,1,Northbound (NB),POINT (-91.075603085786 41.3850727074)
20171015212,201700058079,11/14/2017,11-November,3-Tuesday,16:36,1600 Hours,District 5 (Southeast),OTTUMWA,WAPELLO,77,N JOHNSON AVE AND ALBIA RD,Collision with:  Vehicle in traffic,On Roadway,Rear-end (front to rear),Exceeded authorized speed,None Indicated,None apparent,Dusk,Dry,Clear,None apparent,Non-intersection:  Non-junction/no special feature,Paved,N/A,Possible/Unknown,0,1,0,0,1,0,3000,2,2,Northbound (NB),POINT (-92.440848557329 41.009281971968)
20171016514,,11/14/2017,11-November,3-Tuesday,17:30,1700 Hours,District 3 (Northwest),CHEROKEE,CHEROKEE,77,C043 / 540TH ST,Collision with:  Animal,On Roadway,Non-collision (single vehicle),Animal,None Indicated,N/A,Dusk,Dry,Clear,N/A,Non-intersection:  Non-junction/no special feature,Paved,N/A,Property Damage Only,0,0,0,0,0,0,5000,1,1,Southbound (SB),POINT (-95.542037847182 42.735006018693)
20171015053,20170037360,11/15/2017,11-November,4-Wednesday,16:53,1600 Hours,District 1 (Central),DES MOINES,POLK,77,FOREST AVE AND 30TH ST,Collision with:  Vehicle in traffic,On Roadway,Rear-end (front to rear),Driver Distraction:  Inattentive/lost in thought,None Indicated,None apparent,Dark - roadway lighted,Dry,Clear,None apparent,Intersection:  Four-way intersection,Paved,N/A,Possible/Unknown,0,2,0,0,2,0,5500,2,2,Northbound (NB),POINT (-93.658435706122 41.604003135051)
20171016814,17010493,11/15/2017,11-November,4-Wednesday,06:45,0600 Hours,District 6 (East Central),,BUCHANAN,IA-150,STATE 150/JAMESTOWN AVE MEASURING 991 FEET SOUTH FROM STATE 150/JAMESTOWN AVE AND 305TH ST,Collision with:  Animal,On Roadway,Non-collision (single vehicle),Animal,None Indicated,Animal in roadway,N/A,N/A,N/A,N/A,N/A,Paved,N/A,Property Damage Only,0,0,0,0,0,0,6000,1,1,Northbound (NB),POINT (-91.88931183575 42.346074614963)
20171015286,20170037456,11/16/2017,11-November,5-Thursday,13:00,1300 Hours,District 1 (Central),DES MOINES,POLK,77,SUMMIT ST MEASURING 301 FEET NORTH FROM SUMMIT ST AND TAYLOR ST AND IRVING,Collision with:  Parked motor vehicle,On Roadway,Unknown,Lost Control,None Indicated,None apparent,Daylight,Dry,Cloudy,None apparent,Non-intersection:  Non-junction/no special feature,Paved,N/A,Property Damage Only,0,0,0,0,0,0,2000,2,1,Northbound (NB),POINT (-93.620658689985 41.571498950241)
20171017227,1-17-000489,11/16/2017,11-November,5-Thursday,20:00,2000 Hours,District 4 (Southwest),PANAMA,SHELBY,77,MAIN ST,Collision with:  Vehicle in traffic,In parking lane/zone,"Sideswipe, same direction",Other (explain in narrative):  Other,None Indicated,None apparent,Dark - roadway lighted,Dry,Clear,None apparent,Non-intersection:  Non-junction/no special feature,Paved,N/A,Property Damage Only,0,0,0,0,0,0,5000,2,2,Southbound (SB),POINT (-95.472842253984 41.726160982946)
20171016368,032-102-17,11/17/2017,11-November,6-Friday,10:21,1000 Hours,District 3 (Northwest),ESTHERVILLE,EMMET,77,200 BLOCK 2ND AVE SOUTH,Collision with:  Re-entering roadway,On Roadway,Other (explain in narrative),Operator inexperience,None Indicated,None apparent,Daylight,Dry,Cloudy,None apparent,Non-intersection:  Non-junction/no special feature,Paved,N/A,Property Damage Only,0,0,0,0,0,0,1700,2,1,Southbound (SB),POINT (-94.841181639127 43.400000562533)
20171015554,20170037630,11/17/2017,11-November,6-Friday,19:40,1900 Hours,District 1 (Central),DES MOINES,POLK,I-235,INTERSTATE 235 MEASURING 293 FEET WEST FROM INTERSTATE 235 AND 9TH ST,Collision with:  Vehicle in traffic,On Roadway,"Sideswipe, same direction",Improper or erratic lane changing,None Indicated,None apparent,Dark - roadway lighted,Wet,Rain,None apparent,Non-intersection:  Non-junction/no special feature,Paved,N/A,Property Damage Only,0,0,0,0,0,0,2500,2,2,Westbound (WB),POINT (-93.630371642248 41.595900811312)
20171204759,201718692,11/17/2017,11-November,6-Friday,14:02,1400 Hours,District 6 (East Central),CEDAR RAPIDS,LINN,77,5TH AVE SE AND 3RD ST SE,Collision with:  Vehicle in traffic,On Roadway,Broadside (front to side),Ran Stop Sign,None Indicated,None apparent,Daylight,Wet,Cloudy,None apparent,Intersection:  Four-way intersection,Paved,N/A,Property Damage Only,0,0,0,0,0,0,4000,2,4,Northbound (NB),POINT (-91.664120621513 41.975994947066)
20171015927,17-39030,11/18/2017,11-November,7-Saturday,20:16,2000 Hours,District 3 (Northwest),SIOUX CITY,WOODBURY,77,HAMILTON BLVD AND W 7TH ST,Collision with:  Vehicle in traffic,On Roadway,"Angle, oncoming left turn",FTYROW:  Making left turn,None Indicated,None apparent,Dark - roadway lighted,Dry,Clear,None apparent,Intersection:  Four-way intersection,Paved,N/A,Possible/Unknown,0,2,0,0,2,0,3500,2,6,Southbound (SB),POINT (-96.418497529173 42.503233500886)
20171015615,17-8177,11/18/2017,11-November,7-Saturday,19:09,1900 Hours,District 1 (Central),,POLK,IA-141,12100 BLK HWY 141 EB,Collision with:  Animal,On Roadway,Non-collision (single vehicle),Animal,None Indicated,Animal in roadway,N/A,N/A,N/A,N/A,N/A,Paved,N/A,Property Damage Only,0,0,0,0,0,0,4500,1,1,Southbound (SB),POINT (-93.787815487662 41.744096094827)
20171024764,201718791,11/19/2017,11-November,1-Sunday,09:21,0900 Hours,District 6 (East Central),CEDAR RAPIDS,LINN,IA-922,800 BLK 1ST AVE E,Collision with:  Vehicle in traffic,On Roadway,Rear-end (front to rear),Unknown,None Indicated,None apparent,Daylight,Dry,Cloudy,None apparent,Non-intersection:  Non-junction/no special feature,Paved,N/A,Property Damage Only,0,0,0,0,0,0,3500,2,3,Northbound (NB),POINT (-91.661918238999 41.982607038374)
20171018582,17011543,11/20/2017,11-November,2-Monday,17:20,1700 Hours,District 2 (Northeast),,WRIGHT,US 69,US 69,Collision with:  Animal,Unknown,N/A,Animal,None Indicated,N/A,N/A,N/A,N/A,N/A,N/A,Paved,N/A,Property Damage Only,0,0,0,0,0,0,1500,1,1,Northbound (NB),POINT (-93.61687567322 42.793065581068)
20171016557,118-17,11/20/2017,11-November,2-Monday,21:10,2100 Hours,District 5 (Southeast),,MADISON,77,G050/SAINT CHARLES RD,Collision with:  Animal,Unknown,Non-collision (single vehicle),Animal,None Indicated,N/A,N/A,N/A,N/A,N/A,N/A,Paved,N/A,Property Damage Only,0,0,0,0,0,0,3500,1,1,Southbound (SB),POINT (-93.970341989132 41.301298762183)
20171016642,2017032340,11/21/2017,11-November,3-Tuesday,16:15,1600 Hours,District 6 (East Central),,FAYETTE,77,STATE 187/C AVE AND 30TH ST,Collision with:  Vehicle in traffic,On Roadway,Rear-end (front to rear),Followed too close,None Indicated,None apparent,Daylight,Dry,Clear,None apparent,Intersection:  Four-way intersection,Unpaved,N/A,Possible/Unknown,0,1,0,0,1,0,4000,2,2,Southbound (SB),POINT (-91.645628660354 42.673016351695)
20171016854,17023045,11/21/2017,11-November,3-Tuesday,13:29,1300 Hours,District 2 (Northeast),WEST UNION,FAYETTE,US 18,US 18/BRADFORD ST AND STATE ST,Collision with:  Vehicle in traffic,On Roadway,Broadside (front to side),FTYROW:  From stop sign,None Indicated,None apparent,Daylight,Dry,Clear,None apparent,Intersection:  T-intersection,Paved,N/A,Property Damage Only,0,0,0,0,0,0,2900,2,2,Southbound (SB),POINT (-91.812081212085 42.964201583143)
20171017679,1700001284,11/22/2017,11-November,4-Wednesday,18:40,1800 Hours,District 1 (Central),,MARSHALL,77,E041/MARSHALLTOWN BLVD MEASURING 3116 FEET WEST FROM LINCOLN WAY AND MERRITT RD,Collision with:  Animal,Unknown,N/A,Animal,None Indicated,N/A,N/A,N/A,N/A,N/A,N/A,Paved,N/A,Property Damage Only,0,0,0,0,0,0,1500,1,1,Northbound (NB),POINT (-92.971587260668 42.029184993685)
20171016709,201706851,11/22/2017,11-November,4-Wednesday,15:58,1500 Hours,District 1 (Central),,BOONE,77,220TH ST,Collision with fixed object:  Ditch,On Roadway,Non-collision (single vehicle),Driver Distraction:  Passenger,None Indicated,None apparent,Daylight,Dry,Cloudy,None apparent,Non-intersection:  Non-junction/no special feature,Unpaved,N/A,Minor Injury,0,2,0,2,0,0,10000,1,2,Southbound (SB),POINT (-93.706377685212 42.034571434761)
20171018056,S17-13092,11/23/2017,11-November,5-Thursday,11:37,1100 Hours,District 3 (Northwest),,WOODBURY,77,L043/TAYLOR AVE,Other (explain in narrative),On Roadway,Non-collision (single vehicle),Swerving/Evasive Action,None Indicated,None apparent,Daylight,Gravel,Clear,None apparent,Non-intersection:  Non-junction/no special feature,Unpaved,N/A,Property Damage Only,0,0,0,0,0,0,8000,1,1,Northbound (NB),POINT (-95.709002635357 42.274046907615)
20171017883,20171078,11/24/2017,11-November,6-Friday,10:45,1000 Hours,District 6 (East Central),MOUNT VERNON,LINN,77,STATE 1/S 1ST AVE AND 3RD ST SE AND 3RD ST SW,Collision with:  Vehicle in traffic,On Roadway,Rear to side,FTYROW:  From parked position,None Indicated,None apparent,Daylight,Dry,Clear,None apparent,Intersection:  Other intersection (explain in narrative),Paved,N/A,Property Damage Only,0,0,0,0,0,0,5000,2,2,Southbound (SB),POINT (-91.418337355662 41.920634238475)
20171016924,20170038306,11/24/2017,11-November,6-Friday,13:47,1300 Hours,District 1 (Central),DES MOINES,POLK,I-235,E 6TH ST AND INTERSTATE 235/PENN AND E 6TH CONNECTOR AND INTERSTATE 235/E 6TH NW ENTRANCE RAMP,Collision with:  Vehicle in traffic,On Roadway,Broadside (front to side),Unknown,None Indicated,None apparent,Daylight,Dry,Clear,None apparent,Intersection:  Four-way intersection,Paved,N/A,Possible/Unknown,0,1,0,0,1,0,15000,2,2,Westbound (WB),POINT (-93.609829339335 41.595903523575)
20171017295,17-39763,11/25/2017,11-November,7-Saturday,13:21,1300 Hours,District 3 (Northwest),SIOUX CITY,WOODBURY,77,LOGAN ST,Miscellaneous events:  Eluding law enforcement,Outside trafficway,Other (explain in narrative),Ran off road - straight,None Indicated,None apparent,Daylight,Dry,Clear,None apparent,Non-intersection:  Non-junction/no special feature,Unpaved,N/A,Possible/Unknown,0,1,0,0,1,0,3750,2,1,Northbound (NB),POINT (-96.366152162171 42.502902756314)
20171017765,2017032629,11/26/2017,11-November,1-Sunday,06:40,0600 Hours,District 4 (Southwest),,ADAMS,US 34,US 34 74MM WB,Collision with:  Vehicle in traffic,On Roadway,Rear-end (front to rear),"Operating vehicle in an reckless, erratic, careless, negligent manner",Drug,None apparent,Dawn,Dry,Cloudy,None apparent,Non-intersection:  Non-junction/no special feature,Paved,N/A,Major Injury,0,1,1,0,0,0,14000,2,2,Southbound (SB),POINT (-94.504712851558 40.978936099222)
20171018035,2017032643,11/26/2017,11-November,1-Sunday,17:22,1700 Hours,District 2 (Northeast),,CERRO GORDO,I-35,INTERSTATE 35/I 35 NB @ 201.7,Collision with:  Vehicle in traffic,On Roadway,"Sideswipe, same direction",Driving too fast for conditions,None Indicated,None apparent,Dark - roadway not lighted,Dry,Clear,None apparent,Non-intersection:  Non-junction/no special feature,Paved,N/A,Property Damage Only,0,0,0,0,0,0,10000,2,4,Eastbound (EB),POINT (-93.348992935996 43.254857141114)
20171017572,2017012666,11/27/2017,11-November,2-Monday,19:46,1900 Hours,District 6 (East Central),IOWA CITY,JOHNSON,77,1539 LANGENBERG AVE,Collision with:  Vehicle in traffic,On Roadway,"Sideswipe, opposite direction",Driver Distraction:  Exterior distraction,None Indicated,Animal in roadway,Dark - roadway lighted,Dry,Clear,Obstruction in roadway,Non-intersection:  Non-junction/no special feature,Paved,N/A,Property Damage Only,0,0,0,0,0,0,7000,2,1,Southbound (SB),POINT (-91.530159942267 41.660044629792)
20171020260,2017012717,11/28/2017,11-November,3-Tuesday,22:44,2200 Hours,District 6 (East Central),IOWA CITY,JOHNSON,77,S 1ST AVE AND US 6,Collision with:  Vehicle in traffic,On Roadway,"Angle, oncoming left turn",Made improper turn,None Indicated,None apparent,Dark - roadway lighted,Dry,Clear,None apparent,Intersection:  Four-way intersection,Paved,N/A,Property Damage Only,0,0,0,0,0,0,4000,2,4,Northbound (NB),POINT (-91.507436599912 41.640774296041)
20171020707,17010980,11/28/2017,11-November,3-Tuesday,18:40,1800 Hours,District 6 (East Central),LAMONT,BUCHANAN,IA-187,C064/130TH ST AND STATE 187/WASHBURN AVE,Collision with:  Vehicle in traffic,On Roadway,Rear-end (front to rear),Other (explain in narrative):  Other,None Indicated,None apparent,Dark - roadway not lighted,Dry,Clear,None apparent,Intersection:  T-intersection,Paved,N/A,Minor Injury,0,1,0,1,0,0,9000,2,2,Northbound (NB),POINT (-91.647620634072 42.599114120297)