Iowa DOT Case Number,Law Enforcement Case Number,Date of Crash,Month of Crash,Day of Week,Time of Crash,Hour,DOT District,City Name,County Name,Route with System,Location Description,First Harmful Event,Location of First Harmful Event,Manner of Crash/Collision,Major Cause,Drug or Alcohol ,Environmental Conditions,Light Conditions,Surface Conditions,Weather Conditions,Roadway Contribution,Roadway Type,Roadway Surface,Work Zone,Crash Severity,Number of Fatalities,Number of Injuries,Number of Major Injuries,Number of Minor Injuries,Number of Possible Injuries,Number of Unknown Injuries,Amount of Property Damage,Number of Vehicles Involved,Total Number of Occupants,Travel Direction,Location
20171018157,17010024,11/29/2017,11-November,4-Wednesday,06:27,0600 Hours,District 6 (East Central),,DELAWARE,US 20,US 20,Collision with:  Animal,Unknown,N/A,Animal,None Indicated,N/A,N/A,N/A,N/A,N/A,N/A,Paved,N/A,Property Damage Only,0,0,0,0,0,0,7000,1,1,Westbound (WB),POINT (-91.388012278931 42.470317227282)
20171025561,201719405,11/30/2017,11-November,5-Thursday,11:17,1100 Hours,District 6 (East Central),CEDAR RAPIDS,LINN,77,5500 KIRKWOOD BVD SW,Collision with:  Vehicle in traffic,On Roadway,Rear-end (front to rear),Followed too close,None Indicated,None apparent,Daylight,Dry,Clear,None apparent,Non-intersection:  Non-junction/no special feature,Paved,N/A,Property Damage Only,0,0,0,0,0,0,2000,2,2,Eastbound (EB),POINT (-91.656697933948 41.920248264959)
20171018420,S17-003925,12/01/2017,12-December,6-Friday,08:25,0800 Hours,District 4 (Southwest),,POTTAWATTAMIE,77,G08L/RAILROAD HWY,Collision with:  Animal,On Roadway,Non-collision (single vehicle),Animal,None Indicated,Animal in roadway,Daylight,Dry,Clear,None apparent,Non-intersection:  Non-junction/no special feature,Paved,N/A,Property Damage Only,0,0,0,0,0,0,5000,1,1,Northbound (NB),POINT (-95.604251990012 41.465426974658)
20171018551,17-43524,12/01/2017,12-December,6-Friday,18:58,1800 Hours,District 5 (Southeast),BURLINGTON,DES MOINES,77,MASON RD,Collision with:  Parked motor vehicle,Other (explain in narrative),"Sideswipe, same direction",Unknown,None Indicated,None apparent,Dark - roadway lighted,Dry,Clear,None apparent,Non-intersection:  Other non-intersection (explain in narrative),Paved,N/A,Property Damage Only,0,0,0,0,0,0,5000,2,1,Southbound (SB),POINT (-91.136572059428 40.794071510755)
20171018754,17-023740,12/01/2017,12-December,6-Friday,06:44,0600 Hours,District 2 (Northeast),,FAYETTE,IA-3,STATE 3/60TH ST,Collision with:  Animal,Unknown,N/A,Animal,None Indicated,N/A,N/A,N/A,N/A,N/A,N/A,Paved,N/A,Property Damage Only,0,0,0,0,0,0,4000,1,1,Southbound (SB),POINT (-91.962965731771 42.714962590101)
20171019585,,12/02/2017,12-December,7-Saturday,01:45,0100 Hours,District 2 (Northeast),,WINNESHIEK,IA-9,Iowa 0009 / IOWA 9 measuring 0.2 Miles Southwest from Iowa 0009 / IOWA 9 (Milepost 258),Collision with:  Animal,On Roadway,Non-collision (single vehicle),Animal,None Indicated,N/A,Dark - roadway not lighted,Dry,Clear,N/A,Non-intersection:  Non-junction/no special feature,Paved,N/A,Property Damage Only,0,0,0,0,0,0,5000,1,1,Southbound (SB),POINT (-91.817116592646 43.288488205748)
20171019667,17006313,12/03/2017,12-December,1-Sunday,13:45,1300 Hours,District 1 (Central),AMES,STORY,77,9TH ST AND US 69/GRAND AVE,Collision with:  Vehicle in traffic,On Roadway,"Angle, oncoming left turn",FTYROW:  Making left turn,None Indicated,None apparent,Daylight,Dry,Cloudy,None apparent,Intersection:  Four-way intersection,Paved,N/A,Property Damage Only,0,0,0,0,0,0,1500,2,3,Southbound (SB),POINT (-93.620293059495 42.0302054078)
20171019089,17-029046,12/04/2017,12-December,2-Monday,21:16,2100 Hours,District 1 (Central),,MARION,IA-5,STATE 5/IOWA 5,Collision with fixed object:  Ditch,On Roadway,Non-collision (single vehicle),Ran off road - right,None Indicated,Weather conditions,Dark - roadway not lighted,Dry,Cloudy,None apparent,Non-intersection:  Non-junction/no special feature,Paved,N/A,Minor Injury,0,1,0,1,0,0,400000,1,1,Northbound (NB),POINT (-93.313200812159 41.429385173199)
20171019071,2017-009919,12/04/2017,12-December,2-Monday,18:03,1800 Hours,District 6 (East Central),DUBUQUE,DUBUQUE,77,JUDSON ST AND ASBURY RD,Collision with:  Vehicle in traffic,On Roadway,Rear-end (front to rear),Followed too close,None Indicated,None apparent,Dark - roadway lighted,Wet,Rain,None apparent,Non-intersection:  Non-junction/no special feature,Paved,N/A,Property Damage Only,0,0,0,0,0,0,2000,2,2,Northbound (NB),POINT (-90.713974766135 42.509442997214)
20171082211,17012033,12/05/2017,12-December,3-Tuesday,05:00,0500 Hours,District 2 (Northeast),EAGLE GROVE,WRIGHT,77,S JACKSON AVE,Collision with:  Parked motor vehicle,On Roadway,"Sideswipe, same direction",Unknown,None Indicated,None apparent,Dark - roadway lighted,Dry,Clear,None apparent,Non-intersection:  Non-junction/no special feature,Paved,N/A,Property Damage Only,0,0,0,0,0,0,1500,2,1,Northbound (NB),POINT (-93.896262417431 42.661379335042)
20171019220,DPD1703856,12/05/2017,12-December,3-Tuesday,11:56,1100 Hours,District 2 (Northeast),DECORAH,WINNESHIEK,IA-9,OLD STAGE RD AND STATE 9/IOWA 9 AND TROUT RUN RD,Collision with:  Vehicle in traffic,On Roadway,Broadside (front to side),Ran Traffic Signal,None Indicated,None apparent,Daylight,Dry,Clear,None apparent,Intersection:  Four-way intersection,Paved,N/A,Property Damage Only,0,0,0,0,0,0,4700,2,2,Southbound (SB),POINT (-91.755449155515 43.288428080373)
20171019423,17-8655,12/06/2017,12-December,4-Wednesday,19:20,1900 Hours,District 1 (Central),,POLK,IA-141,STATE 141/IOWA 141,Collision with:  Animal,On Roadway,Non-collision (single vehicle),Animal,None Indicated,None apparent,Dark - roadway not lighted,Dry,Clear,None apparent,Non-intersection:  Non-junction/no special feature,Paved,N/A,Property Damage Only,0,0,0,0,0,0,1700,1,1,Southbound (SB),POINT (-93.796651668038 41.745773513025)
20171020805,17-33113,12/06/2017,12-December,4-Wednesday,14:24,1400 Hours,District 6 (East Central),,SCOTT,I-80,INTERSTATE 80/I 80,Collision with:  Vehicle in traffic,On Roadway,Rear-end (front to rear),Driver Distraction:  Other interior distraction,None Indicated,None apparent,Daylight,Dry,Clear,None apparent,Non-intersection:  Non-junction/no special feature,Paved,N/A,Minor Injury,0,1,0,1,0,0,2500,2,2,Westbound (WB),POINT (-90.724705402715 41.6044258799)
20171019693,BV17-0669,12/07/2017,12-December,5-Thursday,08:30,0800 Hours,District 3 (Northwest),ALTA,BUENA VISTA,77,S CHEROKEE ST AND W 3RD ST,Collision with:  Vehicle in traffic,On Roadway,Broadside (front to side),FTYROW:  At uncontrolled intersection,None Indicated,None apparent,Daylight,Dry,Clear,None apparent,Intersection:  Four-way intersection,Paved,N/A,Property Damage Only,0,0,0,0,0,0,3500,2,3,Northbound (NB),POINT (-95.305271049992 42.672473062881)
20171019596,201707214,12/07/2017,12-December,5-Thursday,12:13,1200 Hours,District 1 (Central),,BOONE,77,500TH AVE,Non-collision events:  Overturn/rollover,Shoulder,Non-collision (single vehicle),Ran off road - right,None Indicated,None apparent,Daylight,Dry,Clear,None apparent,Non-intersection:  Non-junction/no special feature,Unpaved,N/A,Possible/Unknown,0,1,0,0,1,0,7000,1,1,Northbound (NB),POINT (-93.69871111493 42.018478615072)
20171019840,C17004104,12/08/2017,12-December,6-Friday,14:38,1400 Hours,District 6 (East Central),CORALVILLE,JOHNSON,US 6,10 BLK US HWY 6 (2ND ST),Collision with:  Vehicle in traffic,On Roadway,Rear-end (front to rear),Driver Distraction:  Talking on a hand-held device,None Indicated,None apparent,Daylight,Dry,Cloudy,None apparent,Non-intersection:  Non-junction/no special feature,Paved,N/A,Property Damage Only,0,0,0,0,0,0,15000,2,2,Southbound (SB),POINT (-91.562740485657 41.667788314462)
20171020669,2017-91728,12/08/2017,12-December,6-Friday,15:36,1500 Hours,District 6 (East Central),DAVENPORT,SCOTT,77,STATE 461/WELCOME WAY AND W 37TH ST AND MAIN ST,Collision with:  Vehicle in traffic,On Roadway,Broadside (front to side),Ran Traffic Signal,None Indicated,None apparent,Daylight,Dry,Cloudy,None apparent,Intersection:  Other intersection (explain in narrative),Paved,N/A,Possible/Unknown,0,1,0,0,1,0,3000,2,2,Southbound (SB),POINT (-90.574882896511 41.558527244813)
20171019912,17-06089,12/09/2017,12-December,7-Saturday,17:15,1700 Hours,District 1 (Central),WEST DES MOINES,POLK,77,5700 BLOCK MILLS CIVIC PKWY AND S PRAIRIE VIEW DR,Collision with:  Vehicle in traffic,On Roadway,Rear-end (front to rear),Other (explain in narrative):  Other,None Indicated,None apparent,Dark - roadway lighted,Dry,Clear,None apparent,Non-intersection:  Non-junction/no special feature,Paved,N/A,Possible/Unknown,0,1,0,0,1,0,3500,2,5,Northbound (NB),POINT (-93.785420502757 41.559088324601)
20171020676,2017-92184,12/10/2017,12-December,1-Sunday,14:50,1400 Hours,District 6 (East Central),DAVENPORT,SCOTT,77,ONEIDA AVE AND CHARLOTTE ST,Collision with:  Vehicle in traffic,On Roadway,Broadside (front to side),"Operating vehicle in an reckless, erratic, careless, negligent manner",None Indicated,None apparent,Daylight,Dry,Clear,None apparent,Non-intersection:  Non-junction/no special feature,Paved,N/A,Possible/Unknown,0,1,0,0,1,0,7000,2,2,Eastbound (EB),POINT (-90.558547666382 41.5270913135)
20171020243,17-8773,12/11/2017,12-December,2-Monday,15:53,1500 Hours,District 1 (Central),,POLK,US 69,US 69/NE 14TH ST,Collision with:  Vehicle in traffic,On Roadway,Rear-end (front to rear),Operator inexperience,None Indicated,None apparent,Dusk,Dry,Cloudy,None apparent,Intersection:  T-intersection,Paved,N/A,Minor Injury,0,1,0,1,0,0,5500,2,6,Northbound (NB),POINT (-93.600414794833 41.652049918914)
20171023242,2017033878,12/11/2017,12-December,2-Monday,06:52,0600 Hours,District 5 (Southeast),WINTERSET,MADISON,IA-92,STATE 92/IOWA 92 EB,Collision with:  Animal,Unknown,N/A,Animal,None Indicated,N/A,N/A,N/A,N/A,N/A,N/A,Paved,N/A,Property Damage Only,0,0,0,0,0,0,3000,1,1,Southbound (SB),POINT (-93.998223722851 41.344539805824)
20171020643,129-17,12/12/2017,12-December,3-Tuesday,18:30,1800 Hours,District 5 (Southeast),,MADISON,77,G064/PERU RD,Collision with:  Animal,Unknown,N/A,Animal,None Indicated,N/A,N/A,N/A,N/A,N/A,N/A,Paved,N/A,Property Damage Only,0,0,0,0,0,0,9000,1,1,Southbound (SB),POINT (-93.821073175724 41.225444455241)
20171020417,20170040294,12/12/2017,12-December,3-Tuesday,07:45,0700 Hours,District 1 (Central),DES MOINES,POLK,77,INTERSTATE 235 AND 31ST ST,Collision with:  Vehicle in traffic,On Roadway,Rear-end (front to rear),Unknown,None Indicated,None apparent,Daylight,Dry,Clear,None apparent,Non-intersection:  Non-junction/no special feature,Paved,N/A,Property Damage Only,0,0,0,0,0,0,4500,2,2,Northbound (NB),POINT (-93.659368932633 41.593117055527)
20171020992,17025322,12/13/2017,12-December,4-Wednesday,06:41,0600 Hours,District 2 (Northeast),MASON CITY,CERRO GORDO,77,S BENJAMIN AVE AND 15TH ST SW,Collision with:  Vehicle in traffic,On Roadway,Broadside (front to side),Traveling wrong way or on wrong side of road,None Indicated,None apparent,Dark - roadway lighted,Dry,Cloudy,None apparent,Intersection:  T-intersection,Paved,N/A,Property Damage Only,0,0,0,0,0,0,2800,2,2,Northbound (NB),POINT (-93.230773694189 43.137464296727)
20171021100,17-01713,12/14/2017,12-December,5-Thursday,17:23,1700 Hours,District 1 (Central),CLIVE,POLK,I-80,1700 BLOCK INTERSTATE 35/I 35,Collision with:  Vehicle in traffic,On Roadway,Rear-end (front to rear),Followed too close,None Indicated,None apparent,Dark - roadway not lighted,Dry,Clear,None apparent,Non-intersection:  Non-junction/no special feature,Paved,N/A,Possible/Unknown,0,1,0,0,1,0,1700,2,2,Westbound (WB),POINT (-93.776871698831 41.608262786298)
20171020817,C17004194,12/14/2017,12-December,5-Thursday,07:10,0700 Hours,District 6 (East Central),CORALVILLE,JOHNSON,I-80,INTERSTATE 80/SW RAMP CURV AND 1ST AVE AND INTERSTATE 80/SE RAMP CURV,Collision with:  Non-motorist (see non-motorist section - NOT a unit),On Roadway,Non-collision (single vehicle),Other (explain in narrative):  No improper action,None Indicated,None apparent,Daylight,Dry,Clear,None apparent,Non-intersection:  Non-junction/no special feature,Paved,N/A,Possible/Unknown,0,1,0,0,1,0,0,1,1,Southbound (SB),POINT (-91.565092424191 41.684120096215)
20171024388,17-3220,12/15/2017,12-December,6-Friday,18:31,1800 Hours,District 5 (Southeast),,DECATUR,77,US 69 AND J067/310TH ST,Collision with:  Vehicle in traffic,On Roadway,Rear-end (front to rear),Driver Distraction:  Manual operation of an electronic communication device,None Indicated,None apparent,Dark - roadway not lighted,Dry,Clear,None apparent,Intersection:  Other intersection (explain in narrative),Unpaved,N/A,Property Damage Only,0,0,0,0,0,0,13100,2,2,Southbound (SB),POINT (-93.93889722618 40.594663210064)
20171021458,2017013365,12/15/2017,12-December,6-Friday,07:39,0700 Hours,District 6 (East Central),,,77,,Collision with:  Vehicle in traffic,On Roadway,"Angle, oncoming left turn",Made improper turn,None Indicated,None apparent,Daylight,Dry,Clear,None apparent,Non-intersection:  Alley,Unpaved,N/A,Property Damage Only,0,0,0,0,0,0,6000,2,2,N/A,POINT (0 0)
20171021171,17-008143,12/15/2017,12-December,6-Friday,10:00,1000 Hours,District 3 (Northwest),PRIMGHAR,OBRIEN,US 59,US 59/RERICK AVE,Collision with:  Vehicle in traffic,On Roadway,Rear-end (front to rear),FTYROW:  From driveway,None Indicated,Visual obstruction,Daylight,Wet,Clear,None apparent,"Non-intersection:  Driveway access (related, not in)",Paved,N/A,Property Damage Only,0,0,0,0,0,0,5500,2,4,Northbound (NB),POINT (-95.624347930841 43.081056541166)
20171021326,WSO1704016,12/16/2017,12-December,7-Saturday,18:45,1800 Hours,District 2 (Northeast),,WINNESHIEK,IA-24,STATE 24/IOWA 24,Collision with:  Animal,Unknown,N/A,Animal,None Indicated,N/A,N/A,N/A,N/A,N/A,N/A,Paved,N/A,Property Damage Only,0,0,0,0,0,0,7000,1,3,Southbound (SB),POINT (-91.971153701312 43.126227678232)
20171021223,20170040947,12/17/2017,12-December,1-Sunday,12:44,1200 Hours,District 1 (Central),DES MOINES,POLK,77,BELL AVE AND FLEUR DR,Collision with:  Vehicle in traffic,On Roadway,Rear-end (front to rear),Driving too fast for conditions,None Indicated,None apparent,Daylight,Wet,Cloudy,"Surface condition (e.g., wet, icy)",Non-intersection:  Non-junction/no special feature,Paved,N/A,Property Damage Only,0,0,0,0,0,0,2000,2,8,Westbound (WB),POINT (-93.645028313675 41.562735845953)
20171022508,2017-94259,12/18/2017,12-December,2-Monday,13:02,1300 Hours,District 6 (East Central),DAVENPORT,SCOTT,77,E 53RD ST MEASURING 211 FEET WEST FROM JERSEY RIDGE RD AND E 53RD ST,Collision with:  Vehicle in traffic,On Roadway,"Sideswipe, same direction",Other (explain in narrative):  Other,None Indicated,None apparent,Daylight,Dry,Clear,None apparent,Intersection:  Four-way intersection,Paved,N/A,Property Damage Only,0,0,0,0,0,0,1700,2,2,Southbound (SB),POINT (-90.542384760972 41.574732756393)
20171023926,90-17-578,12/18/2017,12-December,2-Monday,16:00,1600 Hours,District 2 (Northeast),,HUMBOLDT,US 169,US 169/LINCOLN AVE,Collision with:  Vehicle in traffic,On Roadway,Rear-end (front to rear),Lost Control,None Indicated,None apparent,Daylight,Dry,Cloudy,None apparent,"Non-intersection:  Driveway access (related, not in)",Paved,N/A,Possible/Unknown,0,1,0,0,1,0,22500,2,2,Northbound (NB),POINT (-94.227416425928 42.800720096102)
20171022833,20170041241,12/19/2017,12-December,3-Tuesday,19:33,1900 Hours,District 1 (Central),DES MOINES,POLK,77,E 25TH ST MEASURING 158 FEET NORTH FROM E 25TH ST AND E GRAND AVE,Collision with:  Parked motor vehicle,On Roadway,"Sideswipe, same direction",Other (explain in narrative):  No improper action,None Indicated,None apparent,Dark - roadway not lighted,Dry,Clear,None apparent,Non-intersection:  Non-junction/no special feature,Paved,N/A,Property Damage Only,0,0,0,0,0,0,1600,2,1,Northbound (NB),POINT (-93.570436709448 41.595925582025)
20171204968,17-34312,12/19/2017,12-December,3-Tuesday,07:08,0700 Hours,District 6 (East Central),,SCOTT,77,Y040/70 AVE,Collision with fixed object:  Ditch,On Roadway,Non-collision (single vehicle),Ran off road - right,None Indicated,None apparent,Dawn,Wet,Cloudy,"Surface condition (e.g., wet, icy)",Intersection:  L-intersection,Paved,N/A,Possible/Unknown,0,1,0,0,1,0,4000,1,1,Northbound (NB),POINT (-90.76560141623 41.47001293788)
20171023799,17-001770,12/20/2017,12-December,4-Wednesday,12:59,1200 Hours,District 1 (Central),JOHNSTON,POLK,77,MERLE HAY RD AND PIONEER PKWY,Collision with:  Vehicle in traffic,On Roadway,"Angle, oncoming left turn",Unknown,None Indicated,None apparent,Daylight,Dry,Clear,None apparent,Intersection:  Four-way intersection,Paved,N/A,Property Damage Only,0,0,0,0,0,0,10000,2,2,Northbound (NB),POINT (-93.697666399407 41.661994071479)
20171023878,17012525,12/20/2017,12-December,4-Wednesday,06:50,0600 Hours,District 2 (Northeast),,WRIGHT,US 69,US 69,Collision with:  Vehicle in traffic,On Roadway,Rear-end (front to rear),Driver Distraction:  Inattentive/lost in thought,None Indicated,None apparent,Dark - roadway not lighted,Dry,Clear,None apparent,Non-intersection:  Non-junction/no special feature,Paved,N/A,Property Damage Only,0,0,0,0,0,0,2000,2,2,Northbound (NB),POINT (-93.636819392726 42.660557887038)
20171023757,2017034953,12/21/2017,12-December,5-Thursday,17:57,1700 Hours,District 5 (Southeast),,MARION,IA-5,"STATE 5/IOWA 5, 2418 HWY 5",Collision with fixed object:  Embankment,On Roadway,Non-collision (single vehicle),Ran off road - left,Alcohol (Statutory),None apparent,Dark - roadway not lighted,Wet,Cloudy,None apparent,Non-intersection:  Non-junction/no special feature,Paved,N/A,Major Injury,0,1,1,0,0,0,17000,1,1,Northbound (NB),POINT (-92.921508631488 41.17254094245)
20171204945,17-054035,12/21/2017,12-December,5-Thursday,12:52,1200 Hours,District 4 (Southwest),COUNCIL BLUFFS,POTTAWATTAMIE,77,I29N & NEBRASKA AVE,Collision with:  Vehicle in traffic,On Roadway,Broadside (front to side),Lost Control,None Indicated,None apparent,Daylight,Wet,Freezing rain/drizzle,"Surface condition (e.g., wet, icy)",Intersection:  T-intersection,Paved,N/A,Property Damage Only,0,0,0,0,0,0,4500,2,3,Southbound (SB),POINT (-95.902776127728 41.243243841898)
20171205039,17028830,12/22/2017,12-December,6-Friday,17:10,1700 Hours,District 6 (East Central),MARION,LINN,IA-13,13 HY/151 HY,Collision with:  Vehicle in traffic,On Roadway,Rear-end (front to rear),Other (explain in narrative):  Other,None Indicated,None apparent,Dark - roadway lighted,Dry,Cloudy,None apparent,Intersection:  Five points or more,Paved,N/A,Property Damage Only,0,0,0,0,0,0,2500,2,2,Northbound (NB),POINT (-91.550286485103 42.035721769404)
20171022106,17-42647,12/22/2017,12-December,6-Friday,02:38,0200 Hours,District 3 (Northwest),SIOUX CITY,WOODBURY,77,FAWCETT ST,Collision with:  Parked motor vehicle,On Roadway,Head-on (front to front),Driver Distraction:  Other interior distraction,None Indicated,None apparent,Dark - roadway not lighted,Snow,Cloudy,"Surface condition (e.g., wet, icy)",Non-intersection:  Non-junction/no special feature,Paved,N/A,Property Damage Only,0,0,0,0,0,0,4500,2,1,Northbound (NB),POINT (-96.441563815065 42.497797001463)
20171023710,17032016,12/23/2017,12-December,7-Saturday,10:20,1000 Hours,District 5 (Southeast),OSKALOOSA,MAHASKA,77,3RD AVE E AND S 1ST ST,Collision with:  Vehicle in traffic,On Roadway,Broadside (front to side),Ran Stop Sign,None Indicated,None apparent,Daylight,Dry,Clear,None apparent,Intersection:  Four-way intersection,Paved,N/A,Property Damage Only,0,0,0,0,0,0,7000,2,3,Northbound (NB),POINT (-92.643849119396 41.292614178078)
20171024063,2017035080,12/24/2017,12-December,1-Sunday,05:22,0500 Hours,District 6 (East Central),,CEDAR,I-80,I-80WB 258MM,Collision with fixed object:  Cable barrier,Median,Non-collision (single vehicle),Ran off road - left,Alcohol (< Statutory),Weather conditions,Dark - roadway not lighted,Wet,Snow,"Surface condition (e.g., wet, icy)",Non-intersection:  Non-junction/no special feature,Paved,N/A,Property Damage Only,0,0,0,0,0,0,7500,1,1,Southbound (SB),POINT (-91.283468322459 41.66354160054)
20171023707,17-46178,12/24/2017,12-December,1-Sunday,16:45,1600 Hours,District 5 (Southeast),BURLINGTON,DES MOINES,77,SUNNYSIDE AVE AND DEHN ST AND IRISH RIDGE RD,Collision with:  Vehicle in traffic,On Roadway,Broadside (front to side),Ran Stop Sign,None Indicated,None apparent,Dark - roadway lighted,Slush,Clear,None apparent,Intersection:  Four-way intersection,Paved,N/A,Possible/Unknown,0,1,0,0,1,0,10000,2,3,Northbound (NB),POINT (-91.131946676251 40.834315717345)
20171024965,2017035140,12/25/2017,12-December,2-Monday,15:43,1500 Hours,District 4 (Southwest),MODALE,HARRISON,77,200 NORTH BEEBE ST,Collision with:  Vehicle in traffic,On Roadway,"Sideswipe, same direction",FTYROW:  From parked position,Alcohol (Statutory),None apparent,Daylight,Snow,Cloudy,"Surface condition (e.g., wet, icy)",Non-intersection:  Non-junction/no special feature,Paved,N/A,Property Damage Only,0,0,0,0,0,0,2300,2,2,Northbound (NB),POINT (-96.013066761583 41.621271725065)
20171047952,,12/26/2017,12-December,3-Tuesday,18:52,1800 Hours,District 2 (Northeast),DUNKERTON,BLACK HAWK,77,SAL AVE,Collision with:  Parked motor vehicle,On Roadway,"Sideswipe, opposite direction",Driving too fast for conditions,None Indicated,None apparent,Dark - roadway not lighted,Snow,Clear,None apparent,Non-intersection:  Non-junction/no special feature,Paved,N/A,Property Damage Only,0,0,0,0,0,0,10560,2,1,Southbound (SB),POINT (-92.151587634821 42.564762245733)
20171204992,17-46324,12/26/2017,12-December,3-Tuesday,15:38,1500 Hours,District 5 (Southeast),BURLINGTON,DES MOINES,77,SUNNYSIDE AVE AND YODER DR AND FRONTAGE RD,Collision with:  Vehicle in traffic,On Roadway,Rear-end (front to rear),Driving too fast for conditions,None Indicated,None apparent,Dusk,Dry,Cloudy,None apparent,Intersection:  T-intersection,Paved,N/A,Possible/Unknown,0,1,0,0,1,0,8500,3,7,Southbound (SB),POINT (-91.140470206077 40.833174356569)
20171022209,17-43072,12/27/2017,12-December,4-Wednesday,02:34,0200 Hours,District 3 (Northwest),SIOUX CITY,WOODBURY,I-29,INTERSTATE 29/I 29,Collision with fixed object:  Guardrail - face,Shoulder,Non-collision (single vehicle),Ran off road - right,Alcohol (Statutory),None apparent,Dark - roadway not lighted,Dry,Clear,None apparent,Non-intersection:  Non-junction/no special feature,Paved,N/A,Property Damage Only,0,0,0,0,0,0,8000,1,1,Eastbound (EB),POINT (-96.435553011429 42.491584391486)
20171024423,17-06506,12/28/2017,12-December,5-Thursday,12:04,1200 Hours,District 1 (Central),WEST DES MOINES,POLK,I-35,300 BLK INTERSTATE 35/I 35,Collision with fixed object:  Fence,Outside trafficway,Non-collision (single vehicle),Ran off road - right,None Indicated,None apparent,Daylight,Ice/frost,Cloudy,"Surface condition (e.g., wet, icy)",Non-intersection:  Non-junction/no special feature,Paved,N/A,Property Damage Only,0,0,0,0,0,0,5263,1,1,Eastbound (EB),POINT (-93.777204764494 41.573006308381)
20171205204,2017035486,12/28/2017,12-December,5-Thursday,13:00,1300 Hours,District 6 (East Central),DAVENPORT,SCOTT,US 61,I-80 OFF RAMP TO HWY 61 NB,Collision with fixed object:  Ditch,On Roadway,Non-collision (single vehicle),Driving too fast for conditions,None Indicated,Weather conditions,Daylight,Snow,Snow,"Surface condition (e.g., wet, icy)",Interchange-related:  Off-ramp,Paved,N/A,Property Damage Only,0,0,0,0,0,0,2500,1,1,Northbound (NB),POINT (-90.568357654662 41.595657647198)
20171023535,2017-96596,12/28/2017,12-December,5-Thursday,12:32,1200 Hours,District 6 (East Central),DAVENPORT,SCOTT,77,MAY LN AND S MICHIGAN AVE AND INDIAN RD,Collision with:  Vehicle in traffic,On Roadway,"Sideswipe, opposite direction",Driving too fast for conditions,None Indicated,Weather conditions,Daylight,Snow,Snow,"Surface condition (e.g., wet, icy)",Non-intersection:  Non-junction/no special feature,Paved,N/A,Minor Injury,0,2,0,1,1,0,8000,2,2,Northbound (NB),POINT (-90.6270892079 41.51236920963)
20171204889,17-005784,12/28/2017,12-December,5-Thursday,09:12,0900 Hours,District 1 (Central),,POLK,I-35,INTERSTATE 35 88.3 MM NB,Collision with:  Vehicle in traffic,On Roadway,"Sideswipe, same direction",Driving too fast for conditions,None Indicated,Weather conditions,Daylight,Snow,Snow,"Surface condition (e.g., wet, icy)",Non-intersection:  Non-junction/no special feature,Paved,N/A,Property Damage Only,0,0,0,0,0,0,5000,2,2,Northbound (NB),POINT (-93.576372055498 41.665539606286)
20171022846,2017035618,12/29/2017,12-December,6-Friday,10:30,1000 Hours,District 1 (Central),,POWESHIEK,I-80,INTERSTATE 80 EB AT 191.1MM,Collision with fixed object:  Other fixed object (explain in narrative),Outside trafficway,Non-collision (single vehicle),Driving too fast for conditions,None Indicated,Weather conditions,Daylight,Snow,Snow,"Surface condition (e.g., wet, icy)",Non-intersection:  Non-junction/no special feature,Paved,N/A,Property Damage Only,0,0,0,0,0,0,3100,1,2,Southbound (SB),POINT (-92.564451896708 41.69648655974)
20171028199,80-17-403,12/29/2017,12-December,6-Friday,13:55,1300 Hours,District 1 (Central),HUMBOLDT,HUMBOLDT,US 169,WILDCAT RD AND 4TH AVE SW AND US 169/13TH ST S,Collision with:  Vehicle in traffic,On Roadway,Rear-end (front to rear),Unknown,None Indicated,Weather conditions,Daylight,Snow,Cloudy,"Surface condition (e.g., wet, icy)",Intersection:  Four-way intersection,Paved,N/A,Property Damage Only,0,0,0,0,0,0,2300,2,6,Northbound (NB),POINT (-94.226977851338 42.716579212987)
20171024207,2017035707,12/29/2017,12-December,6-Friday,12:00,1200 Hours,District 1 (Central),,POWESHIEK,I-80,INTERSTATE 80 WB AT 202.7 MM,Collision with:  Vehicle in traffic,On Roadway,"Sideswipe, same direction",Driving too fast for conditions,None Indicated,Weather conditions,Daylight,Snow,Snow,"Surface condition (e.g., wet, icy)",Non-intersection:  Non-junction/no special feature,Paved,N/A,Property Damage Only,0,0,0,0,0,0,14000,3,7,Westbound (WB),POINT (-92.339922459663 41.695542370715)
20171045071,,12/29/2017,12-December,6-Friday,10:46,1000 Hours,District 6 (East Central),DAVENPORT,SCOTT,I-280,Interstate 0080,N/A,On Roadway,Non-collision (single vehicle),Driving too fast for conditions,None Indicated,Weather conditions,Daylight,Snow,Snow,"Surface condition (e.g., wet, icy)",Interchange-related:  On-ramp merge area,Paved,N/A,Property Damage Only,0,0,0,0,0,0,8542,1,2,Southbound (SB),POINT (-90.679506840773 41.602315142638)
20171024485,201721028,12/29/2017,12-December,6-Friday,12:15,1200 Hours,District 6 (East Central),CEDAR RAPIDS,LINN,77,C AVE NE AND ASHTON PL NE AND BRENTWOOD DR NE,Collision with:  Vehicle in traffic,On Roadway,"Angle, oncoming left turn",FTYROW:  Making left turn,None Indicated,Weather conditions,Daylight,Snow,Snow,"Surface condition (e.g., wet, icy)",Intersection:  Four-way intersection,Paved,N/A,Possible/Unknown,0,1,0,0,1,0,6000,2,3,Southbound (SB),POINT (-91.63864024355 42.04116298286)