Iowa DOT Case Number,Law Enforcement Case Number,Date of Crash,Month of Crash,Day of Week,Time of Crash,Hour,DOT District,City Name,County Name,Route with System,Location Description,First Harmful Event,Location of First Harmful Event,Manner of Crash/Collision,Major Cause,Drug or Alcohol ,Environmental Conditions,Light Conditions,Surface Conditions,Weather Conditions,Roadway Contribution,Roadway Type,Roadway Surface,Work Zone,Crash Severity,Number of Fatalities,Number of Injuries,Number of Major Injuries,Number of Minor Injuries,Number of Possible Injuries,Number of Unknown Injuries,Amount of Property Damage,Number of Vehicles Involved,Total Number of Occupants,Travel Direction,Location
20171021923,2017-96979,12/30/2017,12-December,7-Saturday,01:05,0100 Hours,District 6 (East Central),DAVENPORT,SCOTT,77,MISSISSIPPI AVE AND E LOCUST ST,Collision with fixed object:  Utility pole/light support,Outside trafficway,Non-collision (single vehicle),Unknown,None Indicated,None apparent,Dark - roadway lighted,Snow,Clear,None apparent,Non-intersection:  Non-junction/no special feature,Paved,N/A,Possible/Unknown,0,1,0,0,0,1,5500,1,1,Northbound (NB),POINT (-90.553727970422 41.53826484207)
20171025777,2017035824,12/30/2017,12-December,7-Saturday,22:35,2200 Hours,District 5 (Southeast),,WARREN,I-35,INTERSTATE 35 AT 54.40MM,Collision with fixed object:  Bridge/bridge rail parapet,On Roadway,Non-collision (single vehicle),Lost Control,None Indicated,Weather conditions,Dark - roadway not lighted,Ice/frost,"Sleet, hail","Surface condition (e.g., wet, icy)",Non-intersection:  Non-junction/no special feature,Paved,N/A,Property Damage Only,0,0,0,0,0,0,3000,1,1,Northbound (NB),POINT (-93.779936817056 41.329895402945)
20171022611,17-43516,12/31/2017,12-December,1-Sunday,16:16,1600 Hours,District 3 (Northwest),SIOUX CITY,WOODBURY,77,FLOYD BLVD AND OUTER DR N,Collision with:  Vehicle in traffic,On Roadway,"Angle, oncoming left turn",FTYROW:  Making left turn,None Indicated,None apparent,Daylight,Snow,Clear,"Surface condition (e.g., wet, icy)",Intersection:  Four-way intersection,Paved,N/A,Property Damage Only,0,0,0,0,0,0,2500,2,2,Southbound (SB),POINT (-96.370219784083 42.533956603205)
20171022314,17-43526,12/31/2017,12-December,1-Sunday,19:19,1900 Hours,District 3 (Northwest),SIOUX CITY,WOODBURY,I-29,US 77 AND INTERSTATE 29/SPECIAL CASE,Collision with:  Vehicle in traffic,On Roadway,Rear-end (front to rear),Driving too fast for conditions,None Indicated,Weather conditions,Dark - roadway lighted,Slush,Snow,None apparent,Intersection:  Intersection with ramp,Paved,N/A,Property Damage Only,0,0,0,0,0,0,2500,2,3,Eastbound (EB),POINT (-96.41313240402 42.491192534626)
20181022866,20180000064,01/01/2018,01-January,2-Monday,15:53,1500 Hours,District 1 (Central),DES MOINES,POLK,77,MCKINLEY AVE AND SW 9TH ST,Collision with:  Vehicle in traffic,On Roadway,Broadside (front to side),FTYROW:  Making left turn,None Indicated,None apparent,Daylight,Dry,Clear,None apparent,Intersection:  Four-way intersection,Paved,N/A,Property Damage Only,0,0,0,0,0,0,4000,2,2,Southbound (SB),POINT (-93.625749537023 41.540954623294)
20181021913,W18-000225,01/01/2018,01-January,2-Monday,19:14,1900 Hours,District 2 (Northeast),WATERLOO,BLACK HAWK,77,100 BLK LAFAYETTE ST,Collision with:  Parked motor vehicle,On Roadway,Rear-end (front to rear),Driver Distraction:  Exterior distraction,None Indicated,None apparent,Dark - roadway lighted,Dry,Clear,None apparent,Non-intersection:  Non-junction/no special feature,Paved,N/A,Property Damage Only,0,0,0,0,0,0,5000,2,2,Northbound (NB),POINT (-92.341532034938 42.503331067965)
20181026385,H18-1001,01/02/2018,01-January,3-Tuesday,20:29,2000 Hours,District 1 (Central),HUXLEY,STORY,I-35,NORTHBOUND LANES OF I-35 IN 104 MM,Collision with fixed object:  Ditch,Roadside,Non-collision (single vehicle),Driving too fast for conditions,None Indicated,Weather conditions,Dark - roadway not lighted,Ice/frost,Blowing snow,"Surface condition (e.g., wet, icy)",Non-intersection:  Non-junction/no special feature,Paved,N/A,Property Damage Only,0,0,0,0,0,0,2500,1,1,Northbound (NB),POINT (-93.57108356203 41.894378891161)
20181021985,18-38,01/02/2018,01-January,3-Tuesday,17:32,1700 Hours,District 1 (Central),GRIMES,POLK,77,S 11TH ST AND GATEWAY DR AND SE GATEWAY DR,Collision with:  Vehicle in traffic,On Roadway,Broadside (front to side),Passing:  Other passing (explain in narrative),None Indicated,None apparent,Dark - roadway lighted,Wet,Clear,"Surface condition (e.g., wet, icy)",Non-intersection:  Other non-intersection (explain in narrative),Paved,N/A,Possible/Unknown,0,1,0,0,1,0,7000,2,2,Northbound (NB),POINT (-93.777604136605 41.680197772745)
20181025580,201800091,01/02/2018,01-January,3-Tuesday,19:05,1900 Hours,District 6 (East Central),CEDAR RAPIDS,LINN,77,BLAIRS FERRY RD NE,Collision with:  Vehicle in traffic,On Roadway,Rear-end (front to rear),Followed too close,None Indicated,None apparent,Dark - roadway lighted,Dry,Cloudy,None apparent,Non-intersection:  Non-junction/no special feature,Paved,N/A,Property Damage Only,0,0,0,0,0,0,5214,2,2,Southbound (SB),POINT (-91.652660817925 42.035195130247)
20181025056,18-00021,01/03/2018,01-January,4-Wednesday,14:39,1400 Hours,District 1 (Central),URBANDALE,POLK,77,FRONTAGE RD AND SANDLER DR,Collision with:  Vehicle in traffic,On Roadway,"Sideswipe, opposite direction",Driving too fast for conditions,None Indicated,None apparent,Daylight,Snow,Clear,"Surface condition (e.g., wet, icy)",Non-intersection:  Non-junction/no special feature,Paved,N/A,Property Damage Only,0,0,0,0,0,0,16000,2,2,Northbound (NB),POINT (-93.746652331351 41.615533672011)
20181022423,18-000282,01/03/2018,01-January,4-Wednesday,09:20,0900 Hours,District 4 (Southwest),COUNCIL BLUFFS,POTTAWATTAMIE,77,10 BLK PEARL ST,Collision with:  Vehicle in traffic,On Roadway,"Sideswipe, same direction",Improper or erratic lane changing,None Indicated,None apparent,Daylight,Dry,Clear,None apparent,Non-intersection:  Non-junction/no special feature,Paved,N/A,Property Damage Only,0,0,0,0,0,0,1600,2,2,Eastbound (EB),POINT (-95.850559458764 41.260238568387)
20181023672,2018-000075,01/03/2018,01-January,4-Wednesday,15:15,1500 Hours,District 6 (East Central),DUBUQUE,DUBUQUE,77,HILLCREST RD AND ASBURY RD,Collision with:  Vehicle in traffic,On Roadway,Broadside (front to side),FTYROW:  Making left turn,None Indicated,None apparent,Daylight,Dry,Clear,None apparent,Intersection:  T-intersection,Paved,N/A,Property Damage Only,0,0,0,0,0,0,9000,3,4,Northbound (NB),POINT (-90.702611084977 42.505667584059)
20181024916,W18-001019,01/04/2018,01-January,5-Thursday,18:40,1800 Hours,District 2 (Northeast),WATERLOO,BLACK HAWK,US 63,HWY 218 NB OFFRAMP AND US 63/NE RAMP CURV,Collision with:  Vehicle in traffic,On Roadway,Rear-end (front to rear),Other (explain in narrative):  Other,None Indicated,None apparent,Dark - roadway lighted,Dry,Cloudy,None apparent,Intersection:  L-intersection,Paved,N/A,Property Damage Only,0,0,0,0,0,0,10000,2,3,Northbound (NB),POINT (-92.34561838852 42.496627120667)
20181024795,201800184,01/04/2018,01-January,5-Thursday,14:38,1400 Hours,District 6 (East Central),CEDAR RAPIDS,LINN,77,300 BLK 19TH ST SE,Collision with:  Vehicle in traffic,On Roadway,Broadside (front to side),Lost Control,None Indicated,Weather conditions,Daylight,Slush,Clear,"Surface condition (e.g., wet, icy)",Non-intersection:  Alley,Paved,N/A,Property Damage Only,0,0,0,0,0,0,12000,2,3,Northbound (NB),POINT (-91.642906305105 41.98431120395)
20181026258,,01/05/2018,01-January,6-Friday,22:00,2200 Hours,District 1 (Central),,TAMA,77,T047 / HWY T47 and SB/WB US 0030 / US 30 and C AVE,Collision with:  Animal,On Roadway,Non-collision (single vehicle),Animal,None Indicated,N/A,Dark - roadway not lighted,Dry,Clear,N/A,Non-intersection:  Non-junction/no special feature,Unpaved,N/A,Property Damage Only,0,0,0,0,0,0,2500,1,1,Northbound (NB),POINT (-92.729818778723 42.005066004666)
20181025362,2018-000168,01/06/2018,01-January,7-Saturday,11:34,1100 Hours,District 6 (East Central),DUBUQUE,DUBUQUE,77,BLUFF ST AND W 9TH ST,Collision with:  Vehicle in traffic,On Roadway,Broadside (front to side),Ran Traffic Signal,None Indicated,None apparent,Daylight,Dry,Clear,None apparent,Intersection:  Four-way intersection,Paved,N/A,Property Damage Only,0,0,0,0,0,0,2500,2,6,Eastbound (EB),POINT (-90.669626457812 42.501138037847)
20181025164,DPD1800062,01/06/2018,01-January,7-Saturday,15:08,1500 Hours,District 2 (Northeast),DECORAH,WINNESHIEK,IA-9,STATE 9/IOWA 9 AND CO RD W42 AND MILLENNIUM RD,Collision with:  Vehicle in traffic,On Roadway,"Sideswipe, same direction",Followed too close,None Indicated,None apparent,Daylight,Dry,Clear,None apparent,Intersection:  Four-way intersection,Paved,N/A,Property Damage Only,0,0,0,0,0,0,6000,2,2,Southbound (SB),POINT (-91.728973558303 43.272973316763)
20181026412,18001785,01/07/2018,01-January,1-Sunday,17:41,1700 Hours,District 2 (Northeast),CEDAR FALLS,BLACK HAWK,77,W RIDGEWAY AVE / NORDIC,Collision with:  Vehicle in traffic,Roadside,Broadside (front to side),FTYROW:  From stop sign,None Indicated,None apparent,Dark - roadway lighted,Dry,Clear,None apparent,Intersection:  T-intersection,Paved,N/A,Property Damage Only,0,0,0,0,0,0,9000,2,5,Southbound (SB),POINT (-92.447705534437 42.469516536591)
20181026462,,01/08/2018,01-January,2-Monday,11:07,1100 Hours,District 3 (Northwest),LAURENS,POCAHONTAS,77,SECTION LINE RD,Collision with:  Vehicle in traffic,On Roadway,Rear-end (front to rear),Driving too fast for conditions,None Indicated,None apparent,Daylight,Ice/frost,Clear,"Surface condition (e.g., wet, icy)",Non-intersection:  Non-junction/no special feature,Paved,N/A,Property Damage Only,0,0,0,0,0,0,3000,2,3,Southbound (SB),POINT (-94.851886927945 42.849972110106)
20181028856,S18-1960,01/08/2018,01-January,2-Monday,12:00,1200 Hours,District 2 (Northeast),,BLACK HAWK,77,STATE 281/FAIRBANK RD AND PACE RD,Collision with fixed object:  Traffic sign support,On Roadway,Non-collision (single vehicle),Ran off road - right,None Indicated,None apparent,Daylight,Dry,Clear,None apparent,Intersection:  T-intersection,Unpaved,N/A,Property Damage Only,0,0,0,0,0,0,5196,1,1,Northbound (NB),POINT (-92.121818279281 42.635529341188)
20181026207,18-943,01/09/2018,01-January,3-Tuesday,16:43,1600 Hours,District 3 (Northwest),SIOUX CITY,WOODBURY,77,WEST ST AND W 19TH ST,Collision with:  Vehicle in traffic,On Roadway,Broadside (front to side),FTYROW:  From stop sign,None Indicated,None apparent,Daylight,Dry,Clear,None apparent,Intersection:  Four-way intersection,Paved,N/A,Possible/Unknown,0,1,0,0,1,0,3000,2,6,Northbound (NB),POINT (-96.430413292446 42.51038674877)
20181026319,DPD1800098,01/10/2018,01-January,4-Wednesday,15:12,1500 Hours,District 2 (Northeast),DECORAH,WINNESHIEK,77,MECHANIC ST,Collision with:  Vehicle in traffic,On Roadway,Rear-end (front to rear),Followed too close,None Indicated,None apparent,Daylight,Wet,Cloudy,None apparent,Intersection:  Four-way intersection,Paved,N/A,Possible/Unknown,0,1,0,0,1,0,7900,3,4,Northbound (NB),POINT (-91.790920328369 43.301694010323)
20181026815,18000568,01/10/2018,01-January,4-Wednesday,14:25,1400 Hours,District 2 (Northeast),MASON CITY,CERRO GORDO,77,19TH ST SW MEASURING 630 FEET EAST FROM 19TH ST SW AND S TAFT AVE,Collision with:  Vehicle in traffic,On Roadway,Rear-end (front to rear),Other (explain in narrative):  Other,None Indicated,None apparent,Daylight,Wet,Freezing rain/drizzle,None apparent,"Non-intersection:  Driveway access (related, not in)",Paved,N/A,Possible/Unknown,0,1,0,0,1,0,4000,2,2,Southbound (SB),POINT (-93.238211172514 43.133865116005)
20181026421,18-000175,01/11/2018,01-January,5-Thursday,10:27,1000 Hours,District 1 (Central),ANKENY,POLK,US 69,800 US 69/S ANKENY BLVD,Collision with:  Vehicle in traffic,On Roadway,"Sideswipe, same direction",Improper or erratic lane changing,None Indicated,Weather conditions,Daylight,Snow,Snow,None apparent,"Non-intersection:  Driveway access (related, not in)",Paved,N/A,Property Damage Only,0,0,0,0,0,0,5100,2,2,Northbound (NB),POINT (-93.600437248224 41.721665696217)
20181027064,18000434,01/11/2018,01-January,5-Thursday,16:00,1600 Hours,District 5 (Southeast),,APPANOOSE,77,T061/310TH AVE 18000 BLK,Collision with:  Vehicle in traffic,On Roadway,"Sideswipe, same direction",Passing:  Where prohibited by signs/markings,None Indicated,None apparent,Daylight,Ice/frost,Cloudy,None apparent,Non-intersection:  Non-junction/no special feature,Paved,N/A,Property Damage Only,0,0,0,0,0,0,4000,2,2,Northbound (NB),POINT (-92.695796147349 40.808323304994)
20181027313,18-000264,01/12/2018,01-January,6-Friday,17:40,1700 Hours,District 1 (Central),,HAMILTON,77,R061/UBBEN AVE,Collision with:  Animal,Unknown,N/A,Animal,None Indicated,N/A,N/A,N/A,N/A,N/A,N/A,Paved,N/A,Property Damage Only,0,0,0,0,0,0,5000,1,1,Northbound (NB),POINT (-93.581310361415 42.24065502634)
20181026612,20100001265,01/12/2018,01-January,6-Friday,11:30,1100 Hours,District 1 (Central),DES MOINES,POLK,77,US 6/E EUCLID AVE AND DELAWARE AVE,Collision with:  Vehicle in traffic,On Roadway,"Angle, oncoming left turn",Driving too fast for conditions,None Indicated,None apparent,Daylight,Ice/frost,Clear,None apparent,Non-intersection:  Non-junction/no special feature,Paved,N/A,Property Damage Only,0,0,0,0,0,0,6500,2,3,Northbound (NB),POINT (-93.581329662617 41.627765594548)
20181026766,2018-3085,01/13/2018,01-January,7-Saturday,14:57,1400 Hours,District 6 (East Central),DAVENPORT,SCOTT,77,PERSHING AVE AND E 4TH ST,Collision with:  Vehicle in traffic,On Roadway,Broadside (front to side),Ran Traffic Signal,None Indicated,None apparent,Daylight,Dry,Clear,None apparent,Intersection:  Four-way intersection,Paved,N/A,Property Damage Only,0,0,0,0,0,0,4500,2,2,Westbound (WB),POINT (-90.571157687232 41.52352174882)
20181028042,DA-18-0178,01/14/2018,01-January,1-Sunday,23:50,2300 Hours,District 4 (Southwest),DUNLAP,HARRISON,77,2ND ST AND EATON ST,Collision with fixed object:  Utility pole/light support,Shoulder,Non-collision (single vehicle),Driver Distraction:  Passenger,None Indicated,Weather conditions,Dark - roadway lighted,Snow,Snow,"Surface condition (e.g., wet, icy)",Intersection:  T-intersection,Paved,N/A,Property Damage Only,0,0,0,0,0,0,4000,1,2,Northbound (NB),POINT (-95.602535057078 41.853412945302)
20181028250,2018001172,01/14/2018,01-January,1-Sunday,19:45,1900 Hours,District 4 (Southwest),,DALLAS,I-80,INTERSTATE 80/I 80 EB 108MM,Collision with fixed object:  Fence,Roadside,Non-collision (single vehicle),Driving too fast for conditions,None Indicated,Weather conditions,Dark - roadway not lighted,Snow,Snow,"Surface condition (e.g., wet, icy)",Non-intersection:  Non-junction/no special feature,Paved,N/A,Property Damage Only,0,0,0,0,0,0,2200,1,1,Southbound (SB),POINT (-94.050158570548 41.528728549707)
20181027604,18000281,01/15/2018,01-January,2-Monday,18:14,1800 Hours,District 1 (Central),AMES,STORY,US 69,LINCOLN WAY AND US 69/LINCOLN WAY AND US 69/GRAND AVE AND GRAND AVE,Collision with:  Vehicle in traffic,On Roadway,Rear-end (front to rear),Followed too close,None Indicated,Weather conditions,Dark - roadway lighted,Snow,Clear,"Slippery, loose, or worn surface",Intersection:  Four-way intersection,Paved,N/A,Property Damage Only,0,0,0,0,0,0,1800,2,3,Eastbound (EB),POINT (-93.620222148283 42.022910469203)
20181028535,C18000190,01/15/2018,01-January,2-Monday,16:56,1600 Hours,District 6 (East Central),CORALVILLE,JOHNSON,US 6,2700 BLOCK 2ND ST,Collision with:  Vehicle in traffic,On Roadway,Head-on (front to front),Made improper turn,None Indicated,None apparent,Dusk,Dry,Clear,None apparent,Intersection:  T-intersection,Paved,N/A,Minor Injury,0,1,0,1,0,0,12000,2,2,Southbound (SB),POINT (-91.612064814765 41.690011102178)
20181028435,01-18-151,01/16/2018,01-January,3-Tuesday,14:54,1400 Hours,District 3 (Northwest),LE MARS,PLYMOUTH,77,12TH ST SW AND HAWKEYE AVE,Collision with:  Vehicle in traffic,On Roadway,Broadside (front to side),Ran Traffic Signal,None Indicated,None apparent,Daylight,Dry,Clear,None apparent,Intersection:  Four-way intersection,Paved,N/A,Property Damage Only,0,0,0,0,0,0,2000,2,4,Southbound (SB),POINT (-96.185258733208 42.77907788286)
20181028371,18003980,01/16/2018,01-January,3-Tuesday,08:56,0800 Hours,District 2 (Northeast),CEDAR FALLS,BLACK HAWK,77,1600 BLK RAINBOW DR,Collision with:  Vehicle in traffic,On Roadway,Rear-end (front to rear),Followed too close,None Indicated,None apparent,Daylight,Snow,Clear,None apparent,Non-intersection:  Non-junction/no special feature,Paved,N/A,Minor Injury,0,1,0,1,0,0,2500,2,2,Southbound (SB),POINT (-92.42654238517 42.521124178307)
20181027529,20180001668,01/16/2018,01-January,3-Tuesday,15:00,1500 Hours,District 1 (Central),DES MOINES,POLK,77,FOREST AVE MEASURING 76 FEET EAST FROM FOREST AVE AND 25TH ST,Collision with:  Parked motor vehicle,On Roadway,Rear-end (front to rear),Driver Distraction:  Talking on a hand-held device,None Indicated,None apparent,Daylight,Snow,Cloudy,Unknown,Non-intersection:  Non-junction/no special feature,Paved,N/A,Property Damage Only,0,0,0,0,0,0,10000,2,2,Southbound (SB),POINT (-93.650647817461 41.60404747533)
20181029074,,01/17/2018,01-January,4-Wednesday,15:10,1500 Hours,District 5 (Southeast),MUSCATINE,MUSCATINE,77,BARRY AVE,Collision with:  Parked motor vehicle,On Roadway,"Sideswipe, same direction",Unknown,None Indicated,N/A,Daylight,Dry,Clear,N/A,Non-intersection:  Non-junction/no special feature,Paved,N/A,Property Damage Only,0,0,0,0,0,0,0,2,12,Southbound (SB),POINT (-91.054389390115 41.439910344623)
20181027894,SA1800467,01/17/2018,01-January,4-Wednesday,08:22,0800 Hours,District 5 (Southeast),KALONA,WASHINGTON,77,J PL,Collision with:  Vehicle in traffic,On Roadway,Head-on (front to front),Driving too fast for conditions,None Indicated,Weather conditions,Dawn,Ice/frost,Snow,"Surface condition (e.g., wet, icy)",Non-intersection:  Non-junction/no special feature,Paved,N/A,Property Damage Only,0,0,0,0,0,0,16000,2,2,Southbound (SB),POINT (-91.693998745068 41.489655426353)
20181028532,201800886,01/18/2018,01-January,5-Thursday,07:32,0700 Hours,District 6 (East Central),CEDAR RAPIDS,LINN,77,18TH ST SW AND WILSON AVE SW,Collision with:  Vehicle in traffic,On Roadway,Broadside (front to side),FTYROW:  From stop sign,None Indicated,None apparent,Daylight,Wet,Clear,None apparent,Intersection:  Four-way intersection,Paved,N/A,Property Damage Only,0,0,0,0,0,0,6500,2,5,Northbound (NB),POINT (-91.696663931531 41.956311668076)
20181028096,2018-000551,01/18/2018,01-January,5-Thursday,16:06,1600 Hours,District 6 (East Central),DUBUQUE,DUBUQUE,77,PENNSYLVANIA AVE,Collision with:  Vehicle in traffic,On Roadway,Rear-end (front to rear),Driver Distraction:  Other interior distraction,None Indicated,None apparent,Daylight,Wet,Clear,None apparent,Intersection:  T-intersection,Paved,N/A,Possible/Unknown,0,1,0,0,1,0,7500,2,2,Southbound (SB),POINT (-90.73075316394 42.5005282327)
20181028218,20180002015,01/19/2018,01-January,6-Friday,17:45,1700 Hours,District 1 (Central),DES MOINES,POLK,77,HUBBELL AVE AND E 29TH ST,Collision with:  Vehicle in traffic,On Roadway,Broadside (front to side),Unknown,None Indicated,None apparent,Dark - roadway lighted,Dry,Clear,None apparent,Intersection:  Four-way intersection,Paved,N/A,Property Damage Only,0,0,0,0,0,0,6000,2,7,Northbound (NB),POINT (-93.561264673242 41.620299259523)
20181031495,2018001742,01/20/2018,01-January,7-Saturday,18:23,1800 Hours,District 1 (Central),,POLK,77,INTERSTATE 35/80 WB MM 137.6,Collision with fixed object:  Guardrail - face,Shoulder,Non-collision (single vehicle),Lost Control,None Indicated,None apparent,Dark - roadway lighted,Wet,Clear,None apparent,Interchange-related:  On-ramp merge area,Unpaved,N/A,Property Damage Only,0,0,0,0,0,0,7600,1,1,N/A,POINT (-93.579141958575 41.651591620748)
20181029253,2018-4930,01/21/2018,01-January,1-Sunday,00:25,0000 Hours,District 6 (East Central),DAVENPORT,SCOTT,77,FOREST RD AND MIDDLE RD,Collision with:  Vehicle in traffic,On Roadway,"Sideswipe, opposite direction",Unknown,None Indicated,None apparent,Dark - roadway lighted,Dry,Clear,None apparent,Non-intersection:  Non-junction/no special feature,Paved,N/A,Property Damage Only,0,0,0,0,0,0,4500,2,2,Northbound (NB),POINT (-90.533493043151 41.536391337233)
20181029762,2018001908,01/22/2018,01-January,2-Monday,17:05,1700 Hours,District 4 (Southwest),,RINGGOLD,IA-25,HWY 25 AT 190TH,Collision with:  Vehicle in traffic,On Roadway,"Sideswipe, opposite direction",Lost Control,None Indicated,None apparent,Dusk,Wet,Rain,None apparent,Non-intersection:  Non-junction/no special feature,Paved,N/A,Property Damage Only,0,0,0,0,0,0,11500,2,2,Northbound (NB),POINT (-94.471543969149 40.769649015907)
20181028699,18-002931,01/22/2018,01-January,2-Monday,19:25,1900 Hours,District 4 (Southwest),COUNCIL BLUFFS,POTTAWATTAMIE,77,121 BENNETT AVE,Collision with fixed object:  Guardrail - end,On Roadway,Non-collision (single vehicle),Unknown,None Indicated,Weather conditions,Dark - roadway not lighted,Snow,Snow,"Surface condition (e.g., wet, icy)",Non-intersection:  Non-junction/no special feature,Paved,N/A,Possible/Unknown,0,1,0,0,0,1,8000,1,1,Northbound (NB),POINT (-95.818510784497 41.255759475642)
20181028776,18-002984,01/23/2018,01-January,3-Tuesday,06:49,0600 Hours,District 4 (Southwest),COUNCIL BLUFFS,POTTAWATTAMIE,77,3000 BLOCK & AVE A,Collision with:  Vehicle in traffic,On Roadway,Rear to side,FTYROW:  From driveway,None Indicated,None apparent,Dawn,Wet,Clear,None apparent,"Non-intersection:  Driveway access (related, not in)",Paved,N/A,Property Damage Only,0,0,0,0,0,0,3000,2,4,Westbound (WB),POINT (-95.893582426852 41.262839043549)
20181029312,18-2574,01/24/2018,01-January,4-Wednesday,18:53,1800 Hours,District 3 (Northwest),SIOUX CITY,WOODBURY,77,PIERCE ST,Collision with:  Vehicle in traffic,On Roadway,Other (explain in narrative),Other (explain in narrative):  No improper action,None Indicated,None apparent,Dark - roadway lighted,Snow,Clear,"Surface condition (e.g., wet, icy)",Non-intersection:  Non-junction/no special feature,Paved,N/A,Property Damage Only,0,0,0,0,0,0,2500,2,4,Northbound (NB),POINT (-96.40520260041 42.521035379909)
20181030386,18006290,01/24/2018,01-January,4-Wednesday,17:19,1700 Hours,District 2 (Northeast),CEDAR FALLS,BLACK HAWK,77,3800 BLK S MAIN ST,Collision with:  Vehicle in traffic,On Roadway,Rear-end (front to rear),Followed too close,None Indicated,None apparent,Dark - roadway lighted,Dry,Clear,None apparent,Non-intersection:  Non-junction/no special feature,Paved,N/A,Minor Injury,0,1,0,1,0,0,5700,3,4,Northbound (NB),POINT (-92.445847060251 42.505053704003)
20181029214,W18-006539,01/25/2018,01-January,5-Thursday,14:16,1400 Hours,District 2 (Northeast),WATERLOO,BLACK HAWK,77,200 BLOCK E 5TH ST,Collision with:  Vehicle in traffic,On Roadway,"Sideswipe, same direction",Improper or erratic lane changing,None Indicated,None apparent,Daylight,Dry,Clear,None apparent,Non-intersection:  Non-junction/no special feature,Paved,N/A,Property Damage Only,0,0,0,0,0,0,6000,2,2,Eastbound (EB),POINT (-92.334432448923 42.49795860819)
20181029600,1801-003,01/26/2018,01-January,6-Friday,16:30,1600 Hours,District 3 (Northwest),SIBLEY,OSCEOLA,77,2ND AVE,Collision with:  Vehicle in traffic,On Roadway,"Angle, oncoming left turn",FTYROW:  Making left turn,None Indicated,None apparent,Daylight,Dry,Cloudy,None apparent,"Non-intersection:  Driveway access (related, not in)",Paved,N/A,Property Damage Only,0,0,0,0,0,0,1800,2,3,Northbound (NB),POINT (-95.75141948497 43.404727969445)
20181029869,2018-000293,01/26/2018,01-January,6-Friday,19:55,1900 Hours,District 6 (East Central),,DUBUQUE,US 52,US 52 AND HILKEN HILL RD,Collision with:  Animal,On Roadway,Non-collision (single vehicle),Animal,None Indicated,Animal in roadway,N/A,N/A,N/A,N/A,N/A,Paved,N/A,Property Damage Only,0,0,0,0,0,0,2500,1,1,Northbound (NB),POINT (-90.60184744224 42.406354687249)
20181029552,CLP18000277,01/27/2018,01-January,7-Saturday,18:00,1800 Hours,District 6 (East Central),CLINTON,CLINTON,77,12TH AVE S AND S 22ND ST,Collision with:  Parked motor vehicle,On Roadway,Rear to side,Improper Backing,None Indicated,None apparent,Dusk,Dry,Clear,None apparent,Non-intersection:  Non-junction/no special feature,Paved,N/A,Property Damage Only,0,0,0,0,0,0,1700,2,2,Southbound (SB),POINT (-90.238837875703 41.832091148672)
20181037661,18002791,01/28/2018,01-January,1-Sunday,06:49,0600 Hours,District 5 (Southeast),,LEE,77,X023/WEST POINT RD,Collision with fixed object:  Ditch,On Roadway,Non-collision (single vehicle),Ran off road - right,None Indicated,None apparent,Dark - roadway not lighted,Dry,Clear,None apparent,Non-intersection:  Non-junction/no special feature,Paved,N/A,Property Damage Only,0,0,0,0,0,0,6000,1,1,Northbound (NB),POINT (-91.449638687308 40.700298985273)
20181029900,W18-007658,01/29/2018,01-January,2-Monday,13:03,1300 Hours,District 2 (Northeast),WATERLOO,BLACK HAWK,77,200 BLK VINTON ST,Collision with:  Parked motor vehicle,On Roadway,Rear-end (front to rear),"Operating vehicle in an reckless, erratic, careless, negligent manner",None Indicated,None apparent,Daylight,Dry,Clear,None apparent,Non-intersection:  Non-junction/no special feature,Paved,N/A,Property Damage Only,0,0,0,0,0,0,6500,2,1,Northbound (NB),POINT (-92.320843557263 42.494123454156)
20181030145,2018002724,01/30/2018,01-January,3-Tuesday,15:26,1500 Hours,District 6 (East Central),,JACKSON,IA-64,STATE 64/HWY 64 NEAR 100TH AVE,Collision with:  Vehicle in traffic,On Roadway,"Sideswipe, same direction","Operating vehicle in an reckless, erratic, careless, negligent manner",None Indicated,Other (explain in narrative),Daylight,Dry,Clear,None apparent,Non-intersection:  Non-junction/no special feature,Paved,N/A,Property Damage Only,0,0,0,0,0,0,10000,2,6,Southbound (SB),POINT (-90.782652502132 42.067503149019)
20181030119,18002076,01/31/2018,01-January,4-Wednesday,07:39,0700 Hours,District 6 (East Central),MARION,LINN,77,ALBURNETT RD/EAST ROBINS RD,Collision with:  Vehicle in traffic,On Roadway,Rear-end (front to rear),Followed too close,None Indicated,None apparent,Daylight,Dry,Clear,None apparent,Intersection:  T-intersection,Paved,N/A,Property Damage Only,0,0,0,0,0,0,2000,2,3,Southbound (SB),POINT (-91.614124707407 42.052874958036)
20181030222,2018-000960,02/01/2018,02-February,5-Thursday,06:28,0600 Hours,District 6 (East Central),DUBUQUE,DUBUQUE,77,PENNSYLVANIA AVE,Collision with:  Vehicle in traffic,On Roadway,Head-on (front to front),Passing:  Where prohibited by signs/markings,None Indicated,None apparent,Dark - roadway lighted,Dry,Clear,None apparent,Intersection:  Four-way intersection,Paved,N/A,Property Damage Only,0,0,0,0,0,0,4500,2,2,Southbound (SB),POINT (-90.722054488685 42.500454637073)