Iowa DOT Case Number,Law Enforcement Case Number,Date of Crash,Month of Crash,Day of Week,Time of Crash,Hour,DOT District,City Name,County Name,Route with System,Location Description,First Harmful Event,Location of First Harmful Event,Manner of Crash/Collision,Major Cause,Drug or Alcohol ,Environmental Conditions,Light Conditions,Surface Conditions,Weather Conditions,Roadway Contribution,Roadway Type,Roadway Surface,Work Zone,Crash Severity,Number of Fatalities,Number of Injuries,Number of Major Injuries,Number of Minor Injuries,Number of Possible Injuries,Number of Unknown Injuries,Amount of Property Damage,Number of Vehicles Involved,Total Number of Occupants,Travel Direction,Location
20181030820,390218-0365,02/02/2018,02-February,6-Friday,14:09,1400 Hours,District 4 (Southwest),,GUTHRIE,77,P018/QUAIL AVE,Collision with fixed object:  Ditch,On Roadway,Non-collision (single vehicle),Ran Stop Sign,None Indicated,None apparent,Daylight,Dry,Clear,None apparent,Intersection:  Other intersection (explain in narrative),Unpaved,N/A,Possible/Unknown,0,1,0,0,1,0,2000,1,1,Northbound (NB),POINT (-94.435256416347 41.77594871795)
20181030709,2018-8393,02/02/2018,02-February,6-Friday,13:00,1300 Hours,District 6 (East Central),DAVENPORT,SCOTT,77,E 12TH ST AND PERRY ST,Collision with:  Vehicle in traffic,On Roadway,Rear-end (front to rear),Followed too close,None Indicated,None apparent,Daylight,Dry,Clear,None apparent,Intersection:  Four-way intersection,Paved,N/A,Possible/Unknown,0,1,0,0,0,1,2000,2,2,Northbound (NB),POINT (-90.572614292889 41.532000541976)
20181030608,H18-009086,02/03/2018,02-February,7-Saturday,18:58,1800 Hours,District 2 (Northeast),CEDAR FALLS,BLACK HAWK,US 20,US 20 MILE POST 224.5,Non-collision events:  Other non-collision (explain in narrative),On Roadway,Non-collision (single vehicle),Driving too fast for conditions,None Indicated,Weather conditions,Dark - roadway not lighted,Wet,Freezing rain/drizzle,"Surface condition (e.g., wet, icy)",Non-intersection:  Non-junction/no special feature,Paved,N/A,Property Damage Only,0,0,0,0,0,0,5100,1,2,Southbound (SB),POINT (-92.461455134701 42.464826853365)
20181030582,20180003692,02/04/2018,02-February,1-Sunday,20:35,2000 Hours,District 1 (Central),DES MOINES,POLK,77,E DOUGLAS AVE MEASURING 254 FEET WEST FROM E 13TH ST,Collision with:  Vehicle in traffic,On Roadway,Rear to side,Unknown,Alcohol (Statutory),None apparent,Dark - roadway lighted,Dry,Clear,None apparent,Non-intersection:  Non-junction/no special feature,Paved,N/A,Property Damage Only,0,0,0,0,0,0,3000,2,1,Southbound (SB),POINT (-93.60459977984 41.629537070199)
20181030860,2018003093,02/05/2018,02-February,2-Monday,07:10,0700 Hours,District 1 (Central),,BOONE,US 30,HWY 30 AND MONTANA EB,Collision with:  Animal,Unknown,N/A,Animal,None Indicated,N/A,N/A,N/A,N/A,N/A,N/A,Paved,N/A,Property Damage Only,0,0,0,0,0,0,5000,1,1,Southbound (SB),POINT (-93.903327323086 42.034775469748)
20181031390,2018001136,02/05/2018,02-February,2-Monday,13:32,1300 Hours,District 6 (East Central),IOWA CITY,JOHNSON,77,MORMON TREK BLVD AND CAE DR AND ROHRET RD,Collision with:  Vehicle in traffic,On Roadway,Broadside (front to side),Driving too fast for conditions,None Indicated,Weather conditions,Daylight,Snow,Snow,"Surface condition (e.g., wet, icy)",Intersection:  Four-way intersection,Paved,N/A,Property Damage Only,0,0,0,0,0,0,5500,2,2,Southbound (SB),POINT (-91.574230362146 41.645720485804)
20181031373,02052018-1,02/05/2018,02-February,2-Monday,14:50,1400 Hours,District 6 (East Central),WILLIAMSBURG,IOWA,IA-149,STATE 149/HIGHLAND ST,Collision with:  Vehicle in traffic,On Roadway,Other (explain in narrative),Lost Control,None Indicated,Weather conditions,Daylight,Snow,Snow,None apparent,Non-intersection:  Non-junction/no special feature,Paved,N/A,Minor Injury,0,1,0,1,0,0,11000,2,3,Northbound (NB),POINT (-92.007723175095 41.680724446207)
20181031744,4518-009,02/05/2018,02-February,2-Monday,16:54,1600 Hours,District 2 (Northeast),,HOWARD,IA-9,STATE 9/IOWA 9,Collision with fixed object:  Tree,Outside trafficway,Non-collision (single vehicle),Ran off road - left,None Indicated,Weather conditions,Daylight,Snow,Snow,"Surface condition (e.g., wet, icy)",Non-intersection:  Non-junction/no special feature,Paved,N/A,Major Injury,0,2,1,1,0,0,5000,1,2,Southbound (SB),POINT (-92.215690221431 43.370948457623)
20181031100,18-4029,02/05/2018,02-February,2-Monday,14:03,1400 Hours,District 3 (Northwest),SIOUX CITY,WOODBURY,77,CHEYENNE BLVD AND 29TH ST,Collision with:  Vehicle in traffic,On Roadway,Broadside (front to side),Driving too fast for conditions,None Indicated,Weather conditions,Daylight,Snow,Cloudy,"Surface condition (e.g., wet, icy)",Intersection:  T-intersection,Paved,N/A,Property Damage Only,0,0,0,0,0,0,5500,2,4,Northbound (NB),POINT (-96.390758301496 42.520671764481)
20181031309,18-0426,02/06/2018,02-February,3-Tuesday,18:13,1800 Hours,District 1 (Central),FORT DODGE,WEBSTER,77,TOWER DR AND KENYON RD,Collision with:  Vehicle in traffic,On Roadway,Broadside (front to side),FTYROW:  Making left turn,None Indicated,None apparent,Dark - roadway lighted,Snow,Clear,"Surface condition (e.g., wet, icy)",Intersection:  Four-way intersection,Paved,N/A,Minor Injury,0,1,0,1,0,0,25000,2,2,Northbound (NB),POINT (-94.202326983997 42.48615449332)
20181031366,2018003358,02/06/2018,02-February,3-Tuesday,08:50,0800 Hours,District 6 (East Central),WALCOTT,SCOTT,I-80,I-80 286MM E.B,Collision with:  Vehicle in traffic,On Roadway,Other (explain in narrative),Driving too fast for conditions,None Indicated,None apparent,Daylight,Ice/frost,Clear,"Surface condition (e.g., wet, icy)",Non-intersection:  Non-junction/no special feature,Paved,N/A,Minor Injury,0,2,0,1,1,0,14000,2,2,Westbound (WB),POINT (-90.772957564684 41.614485730282)
20181033319,18009678,02/06/2018,02-February,3-Tuesday,08:22,0800 Hours,District 2 (Northeast),CEDAR FALLS,BLACK HAWK,US 218,US 218/NE RAMP,Collision with fixed object:  Guardrail - face,On Roadway,Non-collision (single vehicle),Driving too fast for conditions,None Indicated,None apparent,Daylight,Ice/frost,Clear,"Surface condition (e.g., wet, icy)",Interchange-related:  On-ramp,Paved,N/A,Property Damage Only,0,0,0,0,0,0,2500,1,1,Northbound (NB),POINT (-92.424797149914 42.541495535563)
20181031085,18005318,02/06/2018,02-February,3-Tuesday,09:50,0900 Hours,District 5 (Southeast),MUSCATINE,MUSCATINE,IA-22,STATE 38/PARK AVE AND US 61 AND STATE 22/PARK AVE,Collision with:  Vehicle in traffic,On Roadway,Rear-end (front to rear),Followed too close,None Indicated,None apparent,Daylight,Snow,Clear,"Surface condition (e.g., wet, icy)",Intersection:  Four-way intersection,Paved,N/A,Possible/Unknown,0,2,0,0,2,0,20000,2,3,Westbound (WB),POINT (-91.030081409718 41.453691356729)
20181032331,18-000723,02/07/2018,02-February,4-Wednesday,10:10,1000 Hours,District 1 (Central),AMES,STORY,77,CLARK AVE AND 9TH ST,Collision with:  Vehicle in traffic,On Roadway,Broadside (front to side),FTYROW:  From stop sign,None Indicated,None apparent,Daylight,Ice/frost,Clear,None apparent,Intersection:  Four-way intersection,Paved,N/A,Property Damage Only,0,0,0,0,0,0,2400,2,4,Northbound (NB),POINT (-93.617006935947 42.030178086977)
20181033878,18-050207-01,02/07/2018,02-February,4-Wednesday,06:30,0600 Hours,District 6 (East Central),,IOWA,77,THE ACCIDENT OCCURRED ON F15 BLVD A 1/4 MILE EAST OF O AVENUE.,Collision with:  Animal,Unknown,N/A,Animal,None Indicated,N/A,N/A,N/A,N/A,N/A,N/A,Paved,N/A,Property Damage Only,0,0,0,0,0,0,1500,1,1,Southbound (SB),POINT (-92.019321737851 41.813982211216)
20181034171,2018003669,02/08/2018,02-February,5-Thursday,22:05,2200 Hours,District 1 (Central),,HAMILTON,I-35,136.35 SB I35,Collision with:  Vehicle in traffic,On Roadway,Rear-end (front to rear),Driving too fast for conditions,None Indicated,Weather conditions,Dark - roadway not lighted,Snow,Snow,None apparent,Non-intersection:  Non-junction/no special feature,Paved,N/A,Property Damage Only,0,0,0,0,0,0,12400,2,3,Northbound (NB),POINT (-93.570239884976 42.361158860177)
20181031949,18-01441,02/08/2018,02-February,5-Thursday,18:55,1800 Hours,District 6 (East Central),,JONES,77,X073/EBYS MILL RD,Non-collision events:  Overturn/rollover,On Roadway,Non-collision (single vehicle),Ran off road - left,None Indicated,Animal in roadway,Dark - roadway not lighted,Snow,Snow,"Surface condition (e.g., wet, icy)",Non-intersection:  Non-junction/no special feature,Unpaved,N/A,Property Damage Only,0,0,0,0,0,0,15000,1,1,Northbound (NB),POINT (-91.075797379704 42.178794813902)
20181031936,2018-1874,02/09/2018,02-February,6-Friday,06:54,0600 Hours,District 3 (Northwest),,SAC,77,M054/210TH AVE AND 160TH ST AND M054/SIERRA AVE,Collision with:  Vehicle in traffic,On Roadway,Rear-end (front to rear),Driving too fast for conditions,None Indicated,None apparent,Daylight,Snow,Clear,"Surface condition (e.g., wet, icy)",Intersection:  T-intersection,Paved,N/A,Property Damage Only,0,0,0,0,0,0,2000,2,3,Northbound (NB),POINT (-94.993252047277 42.560766730236)
20181031932,18002326,02/09/2018,02-February,6-Friday,09:50,0900 Hours,District 2 (Northeast),MASON CITY,CERRO GORDO,IA-122,S INDIANA AVE AND STATE 122/4TH ST SE,Collision with:  Vehicle in traffic,On Roadway,Rear-end (front to rear),Driving too fast for conditions,None Indicated,None apparent,Daylight,Snow,Cloudy,None apparent,Non-intersection:  Non-junction/no special feature,Paved,N/A,Property Damage Only,0,0,0,0,0,0,2000,2,4,Southbound (SB),POINT (-93.174413827149 43.148072759992)
20181032139,20180004348,02/10/2018,02-February,7-Saturday,20:47,2000 Hours,District 1 (Central),DES MOINES,POLK,77,2ND AVE AND VINE ST,Collision with:  Vehicle in traffic,On Roadway,"Sideswipe, same direction",Made improper turn,None Indicated,None apparent,Dark - roadway lighted,Slush,Cloudy,None apparent,Intersection:  Four-way intersection,Paved,N/A,Property Damage Only,0,0,0,0,0,0,3500,2,3,Northbound (NB),POINT (-93.618717283332 41.584245690824)
20181032744,2018003814,02/10/2018,02-February,7-Saturday,06:51,0600 Hours,District 6 (East Central),,JOHNSON,I-380,INTERSTATE 380 SB MM 8.5,Collision with fixed object:  Cable barrier,Median,Non-collision (single vehicle),Ran off road - left,None Indicated,None apparent,Dawn,Ice/frost,Cloudy,"Surface condition (e.g., wet, icy)",Non-intersection:  Non-junction/no special feature,Paved,N/A,Property Damage Only,0,0,0,0,0,0,10000,1,1,Northbound (NB),POINT (-91.653122762187 41.816630494777)
20181032242,18-00397,02/10/2018,02-February,7-Saturday,08:30,0800 Hours,District 1 (Central),URBANDALE,POLK,I-80,I80/35 WB MM 130.4,Collision with fixed object:  Cable barrier,On Roadway,Non-collision (single vehicle),Driving too fast for conditions,None Indicated,None apparent,Daylight,Snow,Cloudy,"Surface condition (e.g., wet, icy)",Non-intersection:  Non-junction/no special feature,Paved,N/A,Property Damage Only,0,0,0,0,0,0,6150,1,1,Southbound (SB),POINT (-93.718498479068 41.652678466012)
20181034570,2018003858,02/11/2018,02-February,1-Sunday,07:20,0700 Hours,District 1 (Central),ANKENY,POLK,I-35,INTERSTATE 35 NB MM 93.8,Collision with fixed object:  Ditch,Roadside,Non-collision (single vehicle),Lost Control,None Indicated,None apparent,Daylight,Wet,Clear,"Surface condition (e.g., wet, icy)",Non-intersection:  Non-junction/no special feature,Paved,N/A,Property Damage Only,0,0,0,0,0,0,5000,1,1,Northbound (NB),POINT (-93.57445846428 41.748837615231)
20181033123,18-4914,02/12/2018,02-February,2-Monday,17:30,1700 Hours,District 3 (Northwest),SIOUX CITY,WOODBURY,77,SERGEANT RD,Collision with:  Re-entering roadway,On Roadway,Broadside (front to side),FTYROW:  From driveway,None Indicated,None apparent,Dark - roadway lighted,Dry,Cloudy,None apparent,"Non-intersection:  Driveway access (related, not in)",Paved,N/A,Property Damage Only,0,0,0,0,0,0,4000,2,2,Northbound (NB),POINT (-96.35321323845 42.449363290241)
20181033223,2018-4147,02/12/2018,02-February,2-Monday,11:10,1100 Hours,District 6 (East Central),,SCOTT,US 61,US 61/140 ST,Collision with:  Vehicle in traffic,On Roadway,Rear-end (front to rear),Swerving/Evasive Action,None Indicated,None apparent,Daylight,Dry,Cloudy,None apparent,Non-intersection:  Non-junction/no special feature,Paved,N/A,Possible/Unknown,0,1,0,0,1,0,18000,2,3,Northbound (NB),POINT (-90.703021507264 41.508994063824)
20181032862,W18-011747,02/13/2018,02-February,3-Tuesday,18:55,1800 Hours,District 2 (Northeast),WATERLOO,BLACK HAWK,77,ANSBOROUGH AVE AND STATE 934/UNIVERSITY AVE,Collision with:  Vehicle in traffic,On Roadway,Broadside (front to side),FTYROW:  Making left turn,None Indicated,None apparent,Dark - roadway lighted,Wet,Clear,None apparent,Intersection:  Four-way intersection,Paved,N/A,Property Damage Only,0,0,0,0,0,0,17500,2,2,Northbound (NB),POINT (-92.376912040469 42.496099074905)
20181033807,2018-11173,02/13/2018,02-February,3-Tuesday,15:06,1500 Hours,District 6 (East Central),DAVENPORT,SCOTT,77,S MICHIGAN AVE AND ROCKINGHAM RD,Collision with:  Vehicle in traffic,On Roadway,Broadside (front to side),Failed to keep in proper lane,None Indicated,None apparent,Daylight,Wet,Clear,None apparent,Intersection:  T-intersection,Paved,N/A,Property Damage Only,0,0,0,0,0,0,5500,2,2,Southbound (SB),POINT (-90.626939578218 41.509249876722)
20181034864,CLP18000451,02/14/2018,02-February,4-Wednesday,15:14,1500 Hours,District 6 (East Central),CLINTON,CLINTON,77,S 19TH ST AND US 30/LINCOLN WAY,Collision with:  Vehicle in traffic,On Roadway,Broadside (front to side),Ran Traffic Signal,None Indicated,None apparent,Daylight,Wet,Clear,None apparent,Intersection:  Four-way intersection,Paved,N/A,Property Damage Only,0,0,0,0,0,0,7300,3,4,Northbound (NB),POINT (-90.23139361869 41.815953606025)
20181033203,20180004844,02/15/2018,02-February,5-Thursday,12:34,1200 Hours,District 1 (Central),DES MOINES,POLK,77,HUBBELL AVE AND E 22ND ST MEASURING 28 FEET EAST FROM HUBBELL AVE,Collision with:  Vehicle in traffic,On Roadway,Broadside (front to side),Exceeded authorized speed,None Indicated,None apparent,Daylight,Dry,Cloudy,None apparent,Intersection:  T-intersection,Paved,N/A,Possible/Unknown,0,1,0,0,1,0,12000,2,2,Northbound (NB),POINT (-93.577574644542 41.601141167555)
20181033382,18-00843,02/16/2018,02-February,6-Friday,10:50,1000 Hours,District 1 (Central),WEST DES MOINES,POLK,77,WESTOWN PKWY,Collision with:  Vehicle in traffic,On Roadway,"Sideswipe, same direction",Other (explain in narrative):  No improper action,None Indicated,None apparent,Daylight,Dry,Clear,None apparent,Intersection:  Traffic circle,Paved,N/A,Property Damage Only,0,0,0,0,0,0,2500,2,2,Southbound (SB),POINT (-93.747086511382 41.595949207108)
20181033734,2018-001482,02/16/2018,02-February,6-Friday,16:49,1600 Hours,District 6 (East Central),DUBUQUE,DUBUQUE,77,E 26TH ST AND WASHINGTON ST,Collision with:  Parked motor vehicle,On Roadway,Rear-end (front to rear),Lost Control,None Indicated,None apparent,Dusk,Dry,Clear,None apparent,Non-intersection:  Non-junction/no special feature,Paved,N/A,Property Damage Only,0,0,0,0,0,0,4500,2,1,Northbound (NB),POINT (-90.673039812449 42.520658675254)
20181034002,18-4965,02/17/2018,02-February,7-Saturday,11:05,1100 Hours,District 1 (Central),,JASPER,I-80,INTERSTATE 80/I 80,Collision with:  Vehicle in traffic,On Roadway,Rear-end (front to rear),Other (explain in narrative):  Other,None Indicated,Weather conditions,Daylight,Snow,Snow,Obstruction in roadway,Non-intersection:  Non-junction/no special feature,Paved,N/A,Property Damage Only,0,0,0,0,0,0,17000,3,4,Southbound (SB),POINT (-93.2166511233 41.698440739526)
20181033580,2018001582,02/17/2018,02-February,7-Saturday,11:46,1100 Hours,District 6 (East Central),IOWA CITY,JOHNSON,77,S GILBERT ST,Collision with:  Vehicle in traffic,On Roadway,Rear-end (front to rear),Driving too fast for conditions,None Indicated,Weather conditions,Daylight,Snow,Snow,"Surface condition (e.g., wet, icy)",Non-intersection:  Non-junction/no special feature,Paved,N/A,Minor Injury,0,2,0,2,0,0,4500,2,3,Northbound (NB),POINT (-91.531997447079 41.648944644113)
20181033685,2018004348,02/17/2018,02-February,7-Saturday,12:30,1200 Hours,District 6 (East Central),,JOHNSON,IA-1,STATE 1/IOWA 1,Collision with:  Vehicle in traffic,On Roadway,"Sideswipe, same direction",Lost Control,None Indicated,Weather conditions,Daylight,Snow,Snow,"Surface condition (e.g., wet, icy)",Non-intersection:  Non-junction/no special feature,Paved,N/A,Property Damage Only,0,0,0,0,0,0,12500,4,10,Northbound (NB),POINT (-91.482818754641 41.772797287438)
20181033779,18-5530,02/18/2018,02-February,1-Sunday,01:45,0100 Hours,District 3 (Northwest),SIOUX CITY,WOODBURY,77,W 19TH ST ACROSS THE STRET FROM 3829 W.19TH,Collision with fixed object:  Embankment,Shoulder,Non-collision (single vehicle),"Driver Distraction:  Adjusting devices (radio, climate)",Alcohol (Statutory),None apparent,Dark - roadway lighted,Wet,Clear,None apparent,Non-intersection:  Non-junction/no special feature,Paved,N/A,Property Damage Only,0,0,0,0,0,0,7000,1,1,Southbound (SB),POINT (-96.460812516121 42.510336125806)
20181034742,2018004445,02/19/2018,02-February,2-Monday,08:30,0800 Hours,District 4 (Southwest),,HARRISON,US 30,US 30 AND K045/AUSTIN AVE,Collision with fixed object:  Ditch,Roadside,Non-collision (single vehicle),Driving too fast for conditions,None Indicated,Weather conditions,Daylight,Ice/frost,Freezing rain/drizzle,"Surface condition (e.g., wet, icy)",Intersection:  T-intersection,Paved,N/A,Property Damage Only,0,0,0,0,0,0,60000,1,1,Southbound (SB),POINT (-96.033912328549 41.55135129918)
20181035434,18001418,02/20/2018,02-February,3-Tuesday,11:24,1100 Hours,District 6 (East Central),MANCHESTER,DELAWARE,77,E DELAWARE ST,Miscellaneous events:  Hit and run,In parking lane/zone,Rear-end (front to rear),Improper Backing,None Indicated,None apparent,Daylight,Dry,Clear,None apparent,Non-intersection:  Other non-intersection (explain in narrative),Paved,N/A,Property Damage Only,0,0,0,0,0,0,1500,2,2,Southbound (SB),POINT (-91.456037779641 42.483069355219)
20181034488,18-000970,02/20/2018,02-February,3-Tuesday,22:32,2200 Hours,District 1 (Central),AMES,STORY,77,STEINBECK ST,Collision with:  Vehicle in traffic,On Roadway,Rear-end (front to rear),Lost Control,None Indicated,None apparent,Dark - roadway lighted,Ice/frost,Cloudy,"Surface condition (e.g., wet, icy)",Non-intersection:  Non-junction/no special feature,Paved,N/A,Property Damage Only,0,0,0,0,0,0,6000,2,1,Southbound (SB),POINT (-93.679815679952 42.014584155803)
20181034421,18-000321,02/21/2018,02-February,4-Wednesday,19:39,1900 Hours,District 1 (Central),ALTOONA,POLK,77,HUBBELL AVE AND ADVENTURELAND DR,Collision with:  Vehicle in traffic,On Roadway,Broadside (front to side),Other (explain in narrative):  Other,None Indicated,None apparent,Dark - roadway lighted,Dry,Clear,None apparent,Intersection:  Four-way intersection,Paved,N/A,Property Damage Only,0,0,0,0,0,0,3500,2,4,Southbound (SB),POINT (-93.498804701044 41.658525546497)
20181034525,18-007039,02/22/2018,02-February,5-Thursday,08:56,0800 Hours,District 4 (Southwest),COUNCIL BLUFFS,POTTAWATTAMIE,77,S 9TH & 19TH AVE,Collision with:  Vehicle in traffic,On Roadway,"Sideswipe, same direction",FTYROW:  From parked position,None Indicated,None apparent,Daylight,Snow,Snow,"Surface condition (e.g., wet, icy)",Non-intersection:  Non-junction/no special feature,Paved,N/A,Property Damage Only,0,0,0,0,0,0,5500,2,5,Southbound (SB),POINT (-95.857424018551 41.24385681289)
20181034539,2018-13423,02/22/2018,02-February,5-Thursday,10:30,1000 Hours,District 6 (East Central),DAVENPORT,SCOTT,77,E 53RD ST MEASURING 113 FEET WEST FROM CAREY AVE AND E 53RD ST,Collision with:  Vehicle in traffic,On Roadway,"Sideswipe, same direction",Other (explain in narrative):  Other,None Indicated,None apparent,Daylight,Dry,Cloudy,None apparent,Intersection:  T-intersection,Paved,N/A,Property Damage Only,0,0,0,0,0,0,4500,2,2,Southbound (SB),POINT (-90.55941865761 41.574663493059)
20181040871,2018-00207,02/23/2018,02-February,6-Friday,08:05,0800 Hours,District 4 (Southwest),WAUKEE,DALLAS,77,10 BLK WARRIOR LN,Collision with:  Vehicle in traffic,On Roadway,Broadside (front to side),Driving too fast for conditions,None Indicated,None apparent,Daylight,Ice/frost,Clear,"Surface condition (e.g., wet, icy)",Non-intersection:  Non-junction/no special feature,Paved,N/A,Property Damage Only,0,0,0,0,0,0,1550,2,2,Northbound (NB),POINT (-93.872205826075 41.614217275388)
20181036043,CLP18000550,02/24/2018,02-February,7-Saturday,04:31,0400 Hours,District 6 (East Central),CLINTON,CLINTON,US 30,US 30/CAMANCHE AVE,Collision with fixed object:  Tree,On Roadway,Non-collision (single vehicle),Driver Distraction:  Other interior distraction,None Indicated,None apparent,Dark - roadway lighted,Dry,Clear,None apparent,Non-intersection:  Non-junction/no special feature,Paved,N/A,Property Damage Only,0,0,0,0,0,0,10500,1,1,Southbound (SB),POINT (-90.216317304668 41.819659573926)
20181034928,18-001045,02/24/2018,02-February,7-Saturday,13:50,1300 Hours,District 1 (Central),ANKENY,POLK,77,US 69/N ANKENY BLVD AND NW 9TH ST AND NE 9TH ST,Collision with:  Vehicle in traffic,On Roadway,Broadside (front to side),Ran Traffic Signal,None Indicated,None apparent,Daylight,Wet,Rain,None apparent,Intersection:  Four-way intersection,Paved,N/A,Property Damage Only,0,0,0,0,0,0,3000,2,3,Southbound (SB),POINT (-93.600331153595 41.738680539721)
20181035876,18-00539,02/25/2018,02-February,1-Sunday,03:50,0300 Hours,District 4 (Southwest),URBANDALE,DALLAS,77,3800 BLK 156TH ST NB,Collision with fixed object:  Utility pole/light support,On Roadway,Non-collision (single vehicle),Driving too fast for conditions,None Indicated,None apparent,Dark - roadway lighted,Ice/frost,Freezing rain/drizzle,"Surface condition (e.g., wet, icy)",Non-intersection:  Non-junction/no special feature,Paved,N/A,Major Injury,0,1,1,0,0,0,10000,1,3,Northbound (NB),POINT (-93.833541495423 41.631554662975)
20181039605,2018005066,02/26/2018,02-February,2-Monday,15:00,1500 Hours,District 1 (Central),,STORY,I-35,INTERSTATE 35 NORTH BOUND 108.45 MILE MARKER,Collision with fixed object:  Tree,Outside trafficway,Non-collision (single vehicle),Ran off road - right,None Indicated,None apparent,Daylight,Dry,Clear,None apparent,Non-intersection:  Non-junction/no special feature,Paved,N/A,Minor Injury,0,1,0,1,0,0,10000,1,1,Northbound (NB),POINT (-93.569744218857 41.957946075562)
20181035337,18-0921,02/27/2018,02-February,3-Tuesday,01:51,0100 Hours,District 6 (East Central),HIAWATHA,LINN,77,NORTHWOOD DR,Collision with fixed object:  Curb/island/raised median,Roadside,Non-collision (single vehicle),Ran off road - left,None Indicated,None apparent,Dark - roadway lighted,Dry,Clear,None apparent,Non-intersection:  Non-junction/no special feature,Paved,N/A,Property Damage Only,0,0,0,0,0,0,5200,1,2,Southbound (SB),POINT (-91.671749790439 42.043271194638)
20181035320,18-01018,02/27/2018,02-February,3-Tuesday,03:14,0300 Hours,District 1 (Central),WEST DES MOINES,POLK,I-35,INTERSTATE 35/I 35,Collision with fixed object:  Concrete traffic barrier (median or right side),Separator,Non-collision (single vehicle),Ran off road - left,None Indicated,None apparent,Dark - roadway not lighted,Dry,Clear,None apparent,Non-intersection:  Non-junction/no special feature,Paved,N/A,Property Damage Only,0,0,0,0,0,0,20000,1,1,Eastbound (EB),POINT (-93.775612770147 41.543194013254)
20181035927,18002444,02/28/2018,02-February,4-Wednesday,16:10,1600 Hours,District 5 (Southeast),,APPANOOSE,77,20799 HWY T61,Collision with:  Vehicle in traffic,On Roadway,Broadside (front to side),FTYROW:  From parked position,None Indicated,None apparent,Daylight,Wet,Clear,None apparent,Non-intersection:  Non-junction/no special feature,Unpaved,N/A,Property Damage Only,0,0,0,0,0,0,7097,2,2,Northbound (NB),POINT (-92.695265666123 40.701281669288)
20181037468,,03/01/2018,03-March,5-Thursday,07:30,0700 Hours,District 6 (East Central),CEDAR RAPIDS,LINN,77,NB/EB US 0030 / LINCOLN FWY and C STREET RD SW and C ST RD SW,Collision with:  Vehicle in traffic,Other (explain in narrative),"Sideswipe, same direction",Unknown,None Indicated,N/A,Dusk,Dry,Clear,N/A,Interchange-related:  Off-ramp,Paved,N/A,Property Damage Only,0,0,0,0,0,0,1194,2,2,Northbound (NB),POINT (-91.637436026759 41.926632053533)
20181036376,2018-001860,03/02/2018,03-March,6-Friday,15:33,1500 Hours,District 6 (East Central),DUBUQUE,DUBUQUE,77,FINLEY ST AND UNIVERSITY AVE,Collision with:  Vehicle in traffic,On Roadway,Broadside (front to side),Ran Stop Sign,None Indicated,None apparent,Daylight,Dry,Clear,None apparent,Intersection:  Four-way intersection,Paved,N/A,Property Damage Only,0,0,0,0,0,0,2250,2,2,Northbound (NB),POINT (-90.697813637592 42.499096502252)
20181035979,W18-016106,03/02/2018,03-March,6-Friday,11:38,1100 Hours,District 2 (Northeast),WATERLOO,BLACK HAWK,77,SOUTH ST AND W 7TH ST,Collision with:  Vehicle in traffic,On Roadway,Broadside (front to side),FTYROW:  From stop sign,None Indicated,None apparent,Daylight,Dry,Cloudy,None apparent,Intersection:  Four-way intersection,Paved,N/A,Property Damage Only,0,0,0,0,0,0,2100,2,2,Northbound (NB),POINT (-92.34032218032 42.489905420687)
20181036102,18-01112,03/03/2018,03-March,7-Saturday,19:00,1900 Hours,District 1 (Central),WEST DES MOINES,DALLAS,77,1000 JORDAN CREEK PKWY,Collision with:  Vehicle in traffic,On Roadway,Rear-end (front to rear),Other (explain in narrative):  Other,None Indicated,None apparent,Dark - roadway lighted,Dry,Clear,None apparent,Non-intersection:  Non-junction/no special feature,Paved,N/A,Property Damage Only,0,0,0,0,0,0,2100,3,8,Eastbound (EB),POINT (-93.809135066857 41.583603707888)
20181036432,18-000261,03/04/2018,03-March,1-Sunday,23:13,2300 Hours,District 1 (Central),AMES,STORY,77,IOWA STATE UNIVERSITY,Collision with:  Parked motor vehicle,Other (explain in narrative),Rear to side,Operator inexperience,None Indicated,None apparent,Dark - roadway lighted,Dry,Clear,None apparent,Non-intersection:  Non-junction/no special feature,Paved,N/A,Property Damage Only,0,0,0,0,0,0,2000,2,3,Northbound (NB),POINT (-93.639014616566 42.031111439668)
20181037539,201803373,03/05/2018,03-March,2-Monday,15:13,1500 Hours,District 6 (East Central),CEDAR RAPIDS,LINN,77,200BLK 15TH ST NW,Collision with:  Parked motor vehicle,On Roadway,Rear-end (front to rear),Swerving/Evasive Action,None Indicated,Weather conditions,Daylight,Snow,Snow,"Surface condition (e.g., wet, icy)",Non-intersection:  Non-junction/no special feature,Paved,N/A,Property Damage Only,0,0,0,0,0,0,7000,2,1,Northbound (NB),POINT (-91.691762743104 41.9723504804)
20181037528,2018005811,03/05/2018,03-March,2-Monday,21:21,2100 Hours,District 2 (Northeast),,WORTH,I-35,INTERSTATE 35/I 35 MEASURING 934 FEET SOUTH FROM INTERSTATE 35/SE RAMP CURV,Collision with fixed object:  Ditch,On Roadway,Non-collision (single vehicle),Driving too fast for conditions,None Indicated,None apparent,Dark - roadway not lighted,Ice/frost,Snow,"Surface condition (e.g., wet, icy)",Non-intersection:  Non-junction/no special feature,Paved,N/A,Property Damage Only,0,0,0,0,0,0,12000,1,2,Eastbound (EB),POINT (-93.348821236504 43.345570067194)