Iowa DOT Case Number,Law Enforcement Case Number,Date of Crash,Month of Crash,Day of Week,Time of Crash,Hour,DOT District,City Name,County Name,Route with System,Location Description,First Harmful Event,Location of First Harmful Event,Manner of Crash/Collision,Major Cause,Drug or Alcohol ,Environmental Conditions,Light Conditions,Surface Conditions,Weather Conditions,Roadway Contribution,Roadway Type,Roadway Surface,Work Zone,Crash Severity,Number of Fatalities,Number of Injuries,Number of Major Injuries,Number of Minor Injuries,Number of Possible Injuries,Number of Unknown Injuries,Amount of Property Damage,Number of Vehicles Involved,Total Number of Occupants,Travel Direction,Location
20181036506,20180006754,03/06/2018,03-March,3-Tuesday,01:55,0100 Hours,District 1 (Central),DES MOINES,POLK,77,31ST ST MEASURING 40 FEET SOUTH FROM CARPENTER AVE AND 30TH ST AND 31ST ST,Collision with fixed object:  Traffic sign support,In parking lane/zone,Non-collision (single vehicle),Driving too fast for conditions,Alcohol (Statutory),Weather conditions,Dark - roadway lighted,Snow,Snow,"Surface condition (e.g., wet, icy)",Intersection:  Other intersection (explain in narrative),Paved,N/A,Property Damage Only,0,0,0,0,0,0,4200,1,3,Northbound (NB),POINT (-93.658440293818 41.602093577935)
20181036632,18-01165,03/06/2018,03-March,3-Tuesday,08:15,0800 Hours,District 1 (Central),WEST DES MOINES,POLK,77,WOODLAND AVE,Collision with fixed object:  Fire hydrant,Outside trafficway,Non-collision (single vehicle),Driving too fast for conditions,None Indicated,Weather conditions,Daylight,Snow,Snow,"Surface condition (e.g., wet, icy)",Intersection:  T-intersection,Paved,N/A,Property Damage Only,0,0,0,0,0,0,4500,1,1,Southbound (SB),POINT (-93.719070945754 41.589651655415)
20181036624,18-01164,03/06/2018,03-March,3-Tuesday,08:00,0800 Hours,District 1 (Central),WEST DES MOINES,POLK,77,35TH ST,Collision with:  Vehicle in traffic,On Roadway,Broadside (front to side),Passing:  Where prohibited by signs/markings,None Indicated,Other (explain in narrative),Daylight,Slush,Snow,"Surface condition (e.g., wet, icy)","Non-intersection:  Driveway access (related, not in)",Paved,N/A,Property Damage Only,0,0,0,0,0,0,2500,2,3,Northbound (NB),POINT (-93.751916855073 41.570679459328)
20181038039,2018006064,03/07/2018,03-March,4-Wednesday,12:00,1200 Hours,District 4 (Southwest),,CASS,US 6,HWY 71 MM62 SB,Non-collision events:  Overturn/rollover,On Roadway,Non-collision (single vehicle),Lost Control,None Indicated,None apparent,Daylight,Dry,Cloudy,None apparent,Non-intersection:  Non-junction/no special feature,Paved,N/A,Major Injury,0,1,1,0,0,0,15000,1,1,Westbound (WB),POINT (-94.945954646234 41.491450779163)
20181037158,18001235,03/08/2018,03-March,5-Thursday,17:29,1700 Hours,District 1 (Central),AMES,STORY,77,SUNSET DR AND GRAY AVE,Collision with:  Vehicle in traffic,On Roadway,"Sideswipe, opposite direction",FTYROW:  Making left turn,None Indicated,Glare,Daylight,Dry,Clear,None apparent,Intersection:  T-intersection,Paved,N/A,Property Damage Only,0,0,0,0,0,0,5000,2,3,Southbound (SB),POINT (-93.640813736366 42.021401336595)
20181037013,WSO1800790,03/08/2018,03-March,5-Thursday,05:30,0500 Hours,District 2 (Northeast),,WINNESHIEK,US 52,W038/MIDDLE CALMAR RD AND US 52,Collision with fixed object:  Ditch,On Roadway,Non-collision (single vehicle),Ran off road - right,None Indicated,None apparent,Dark - roadway lighted,Dry,Clear,None apparent,Non-intersection:  Non-junction/no special feature,Paved,N/A,Property Damage Only,0,0,0,0,0,0,16000,1,1,Northbound (NB),POINT (-91.822724780355 43.177195160049)
20181037226,20180007167,03/09/2018,03-March,6-Friday,17:06,1700 Hours,District 1 (Central),DES MOINES,POLK,I-235,INTERSTATE 235/I 235 (MILE MARKER 5.8),Collision with:  Vehicle in traffic,On Roadway,"Sideswipe, same direction",Improper or erratic lane changing,None Indicated,None apparent,Daylight,Dry,Clear,None apparent,Interchange-related:  On-ramp merge area,Paved,N/A,Property Damage Only,0,0,0,0,0,0,5000,2,4,Southbound (SB),POINT (-93.667492359119 41.593160251098)
20181039684,DPD1800841,03/10/2018,03-March,7-Saturday,19:48,1900 Hours,District 2 (Northeast),DECORAH,WINNESHIEK,US 52,US 52 (MM: 152),Collision with:  Animal,Unknown,N/A,Animal,None Indicated,N/A,N/A,N/A,N/A,N/A,N/A,Paved,N/A,Property Damage Only,0,0,0,0,0,0,2500,1,2,Northbound (NB),POINT (-91.813671312783 43.322408455138)
20181037361,18-009363,03/11/2018,03-March,1-Sunday,11:35,1100 Hours,District 4 (Southwest),COUNCIL BLUFFS,POTTAWATTAMIE,77,N 34TH ST AND AVE B,Collision with:  Vehicle in traffic,On Roadway,Broadside (front to side),FTYROW:  From stop sign,None Indicated,None apparent,Daylight,Wet,Cloudy,None apparent,Intersection:  Four-way intersection,Paved,N/A,Property Damage Only,0,0,0,0,0,0,3500,2,2,Southbound (SB),POINT (-95.899420240117 41.263673741685)
20181037492,18C00994,03/12/2018,03-March,2-Monday,02:30,0200 Hours,District 4 (Southwest),CRESTON,UNION,77,N JARVIS ST,Miscellaneous events:  Hit and run,On Roadway,Unknown,Other (explain in narrative):  Other,None Indicated,None apparent,Dark - roadway lighted,Dry,Clear,None apparent,Non-intersection:  Non-junction/no special feature,Paved,N/A,Property Damage Only,0,0,0,0,0,0,2000,2,1,Northbound (NB),POINT (-94.371145437675 41.060186701515)
20181038173,,03/13/2018,03-March,3-Tuesday,10:58,1000 Hours,District 5 (Southeast),FORT MADISON,LEE,77,15TH ST,Non-collision events:  Overturn/rollover,On Roadway,Non-collision (single vehicle),Downhill runaway,None Indicated,None apparent,Daylight,Dry,Clear,None apparent,Non-intersection:  Non-junction/no special feature,Paved,N/A,Property Damage Only,0,0,0,0,0,0,10500,1,1,Northbound (NB),POINT (-91.32449286962 40.637033290837)
20181037810,20180951,03/14/2018,03-March,4-Wednesday,05:40,0500 Hours,District 1 (Central),REINBECK,GRUNDY,77,D053/270TH ST,Collision with:  Animal,Unknown,N/A,Animal,None Indicated,N/A,N/A,N/A,N/A,N/A,N/A,Paved,N/A,Property Damage Only,0,0,0,0,0,0,3000,1,1,Southbound (SB),POINT (-92.598132845779 42.311303296709)
20181040464,80-18-53,03/15/2018,03-March,5-Thursday,15:32,1500 Hours,District 1 (Central),HUMBOLDT,HUMBOLDT,US 169,US 169/13TH ST N AND 9TH AVE N,Collision with:  Vehicle in traffic,On Roadway,Broadside (front to side),Unknown,None Indicated,None apparent,Daylight,Dry,Clear,None apparent,Non-intersection:  Non-junction/no special feature,Paved,N/A,Property Damage Only,0,0,0,0,0,0,4000,2,3,Northbound (NB),POINT (-94.227006044065 42.731023506703)
20181038207,18-000712,03/16/2018,03-March,6-Friday,22:56,2200 Hours,District 1 (Central),URBANDALE,POLK,I-80,INTERSTATE 35/I 35 MM 128,Collision with:  Vehicle in traffic,On Roadway,"Sideswipe, same direction",FTYROW:  Other (explain in narrative),None Indicated,Weather conditions,Dark - roadway not lighted,Ice/frost,Freezing rain/drizzle,"Surface condition (e.g., wet, icy)",Interchange-related:  On-ramp merge area,Paved,N/A,Property Damage Only,0,0,0,0,0,0,7000,2,3,Southbound (SB),POINT (-93.742221674181 41.652014315574)
20181038602,PD1802071,03/16/2018,03-March,6-Friday,17:15,1700 Hours,District 5 (Southeast),FAIRFIELD,JEFFERSON,77,S 3RD ST,Collision with:  Vehicle in traffic,On Roadway,Rear to side,Improper Backing,None Indicated,None apparent,Dusk,Wet,Rain,None apparent,Non-intersection:  Non-junction/no special feature,Paved,N/A,Property Damage Only,0,0,0,0,0,0,1500,2,1,Northbound (NB),POINT (-91.966348319109 41.002553368339)
20181038214,20180007911,03/17/2018,03-March,7-Saturday,03:16,0300 Hours,District 1 (Central),DES MOINES,POLK,77,E GRAND AVE MEASURING 256 FEET EAST FROM E 25TH ST AND E GRAND AVE,Collision with:  Parked motor vehicle,On Roadway,"Sideswipe, same direction",Unknown,None Indicated,Unknown,Dark - roadway lighted,Slush,Freezing rain/drizzle,Unknown,Non-intersection:  Non-junction/no special feature,Paved,N/A,Possible/Unknown,0,1,0,0,0,1,2000,2,1,Southbound (SB),POINT (-93.569497104 41.595506899455)
20181038305,18-003382,03/17/2018,03-March,7-Saturday,07:32,0700 Hours,District 1 (Central),TOLEDO,TAMA,US 30,US 30/US 30 SW RAMP AND US 30/US 30 SW LOOP AND SUMMIT ST AND US 63/S COUNTY ROAD,Collision with fixed object:  Curb/island/raised median,Roadside,Non-collision (single vehicle),Driving too fast for conditions,None Indicated,Weather conditions,Daylight,Slush,Freezing rain/drizzle,"Surface condition (e.g., wet, icy)",Intersection:  Other intersection (explain in narrative),Paved,N/A,Property Damage Only,0,0,0,0,0,0,1700,1,1,Southbound (SB),POINT (-92.581675949624 41.980889203697)
20181040161,20181024,03/19/2018,03-March,2-Monday,00:00,0000 Hours,District 2 (Northeast),,GRUNDY,77,X AVE  10000 MILE,Collision with fixed object:  Mailbox,Roadside,Non-collision (single vehicle),Lost Control,None Indicated,None apparent,Dark - roadway not lighted,Gravel,Clear,None apparent,Non-intersection:  Non-junction/no special feature,Unpaved,N/A,Property Damage Only,0,0,0,0,0,0,2150,1,1,Northbound (NB),POINT (-92.574046842682 42.539346706008)
20181039049,SO18-00330,03/19/2018,03-March,2-Monday,06:50,0600 Hours,District 1 (Central),,MARSHALL,77,T029/WALLACE AVE (1859),Collision with:  Animal,Unknown,N/A,Animal,None Indicated,N/A,N/A,N/A,N/A,N/A,N/A,Paved,N/A,Property Damage Only,0,0,0,0,0,0,1500,1,1,Northbound (NB),POINT (-92.824886405467 42.081383142418)
20181038694,18-010732,03/20/2018,03-March,3-Tuesday,18:08,1800 Hours,District 4 (Southwest),COUNCIL BLUFFS,POTTAWATTAMIE,77,9TH AVE AND S 8TH ST,Collision with:  Vehicle in traffic,On Roadway,Broadside (front to side),FTYROW:  From stop sign,None Indicated,None apparent,Daylight,Dry,Cloudy,None apparent,Intersection:  Four-way intersection,Paved,N/A,Property Damage Only,0,0,0,0,0,0,2500,2,2,Southbound (SB),POINT (-95.856085478472 41.253391770208)
20181039026,18005729,03/21/2018,03-March,4-Wednesday,11:03,1100 Hours,District 6 (East Central),MARION,LINN,77,44TH ST/8TH AV,Collision with:  Vehicle in traffic,On Roadway,Rear-end (front to rear),Other (explain in narrative):  Other,None Indicated,None apparent,Daylight,Dry,Clear,None apparent,Intersection:  T-intersection,Paved,N/A,Property Damage Only,0,0,0,0,0,0,2500,2,2,Southbound (SB),POINT (-91.562816782269 42.03401507271)
20181039225,S18-C2201T,03/22/2018,03-March,5-Thursday,20:04,2000 Hours,District 5 (Southeast),,CLARKE,US 69,1000 BLK US 69,Collision with:  Animal,Unknown,N/A,Animal,None Indicated,N/A,N/A,N/A,N/A,N/A,N/A,Paved,N/A,Property Damage Only,0,0,0,0,0,0,5000,1,1,Northbound (NB),POINT (-93.645709959804 41.153705764878)
20181039457,S18-000776,03/23/2018,03-March,6-Friday,19:57,1900 Hours,District 4 (Southwest),,POTTAWATTAMIE,77,225TH ST,Collision with fixed object:  Ditch,On Roadway,Non-collision (single vehicle),Driving too fast for conditions,None Indicated,None apparent,Dark - roadway not lighted,Gravel,Rain,None apparent,Non-intersection:  Non-junction/no special feature,Unpaved,N/A,Property Damage Only,0,0,0,0,0,0,4000,1,2,Northbound (NB),POINT (-95.750914925529 41.321728533335)
20181039622,2018007643,03/24/2018,03-March,7-Saturday,11:29,1100 Hours,District 6 (East Central),,CEDAR,I-80,I80 WB MM 269,Unknown,On Roadway,Non-collision (single vehicle),Unknown,None Indicated,Weather conditions,Daylight,Snow,Blowing snow,"Surface condition (e.g., wet, icy)",Non-intersection:  Non-junction/no special feature,Paved,N/A,Property Damage Only,0,0,0,0,0,0,5000,1,4,Southbound (SB),POINT (-91.086992028468 41.644514758777)
20181040311,2018007593,03/24/2018,03-March,7-Saturday,01:55,0100 Hours,District 4 (Southwest),,MILLS,I-29,INTERSTATE 29/I 29 SB 47 MM,Collision with:  Vehicle in traffic,On Roadway,"Sideswipe, opposite direction",Other (explain in narrative):  Disregarded signs/road markings,Refused,None apparent,Dark - roadway not lighted,Wet,Rain,None apparent,Non-intersection:  Non-junction/no special feature,Paved,N/A,Property Damage Only,0,0,0,0,0,0,6000,2,2,Northbound (NB),POINT (-95.822126313073 41.066426073015)
20181041381,2018003356,03/24/2018,03-March,7-Saturday,08:00,0800 Hours,District 6 (East Central),IOWA CITY,JOHNSON,77,100 BLK N GILBERT ST,Collision with:  Struck/struck by object/cargo/person from other vehicle,On Roadway,Non-collision (single vehicle),Other (explain in narrative):  Other,None Indicated,Weather conditions,Daylight,Snow,Cloudy,"Surface condition (e.g., wet, icy)",Non-intersection:  Non-junction/no special feature,Paved,N/A,Property Damage Only,0,0,0,0,0,0,2500,1,1,Northbound (NB),POINT (-91.530120185527 41.663376655721)
20181039713,20180008858,03/26/2018,03-March,2-Monday,06:50,0600 Hours,District 1 (Central),DES MOINES,POLK,US 69,E 15TH ST MEASURING 190 FEET NORTH FROM DES MOINES ST,Collision with:  Vehicle in traffic,On Roadway,Rear-end (front to rear),Improper or erratic lane changing,None Indicated,None apparent,Dawn,Dry,Clear,None apparent,Non-intersection:  Non-junction/no special feature,Paved,N/A,Property Damage Only,0,0,0,0,0,0,2500,4,5,Northbound (NB),POINT (-93.595870336388 41.595454299436)
20181039911,2018007762,03/26/2018,03-March,2-Monday,10:57,1000 Hours,District 1 (Central),,POLK,I-35,INTERSTATE 35/I 35 NB @ 95MM,Collision with:  Vehicle in traffic,On Roadway,Other (explain in narrative),Improper or erratic lane changing,None Indicated,Weather conditions,Daylight,Wet,Rain,None apparent,Non-intersection:  Non-junction/no special feature,Paved,N/A,Minor Injury,0,1,0,1,0,0,2800,2,2,Northbound (NB),POINT (-93.570605299871 41.771428342029)
20181039933,18-10382,03/27/2018,03-March,3-Tuesday,06:12,0600 Hours,District 5 (Southeast),BURLINGTON,DES MOINES,77,6TH ST MEASURING 123 FEET SOUTH FROM ANGULAR ST AND 6TH ST,Miscellaneous events:  Hit and run,On Roadway,Unknown,Unknown,None Indicated,None apparent,Dark - roadway lighted,Wet,Rain,None apparent,Non-intersection:  Non-junction/no special feature,Paved,N/A,Property Damage Only,0,0,0,0,0,0,2000,2,1,Northbound (NB),POINT (-91.106708542479 40.802232730118)
20181040078,2018003065,03/28/2018,03-March,4-Wednesday,15:28,1500 Hours,District 6 (East Central),IOWA CITY,JOHNSON,77,MARKET ST AND STATE 1/GOVERNOR ST,Collision with:  Vehicle in traffic,On Roadway,"Sideswipe, same direction",Made improper turn,None Indicated,None apparent,Daylight,Dry,Cloudy,None apparent,Intersection:  Four-way intersection,Paved,N/A,Property Damage Only,0,0,0,0,0,0,3000,2,4,Westbound (WB),POINT (-91.52280238795 41.66350799208)
20181040076,20180009109,03/28/2018,03-March,4-Wednesday,08:56,0800 Hours,District 1 (Central),DES MOINES,POLK,77,FLEUR DR MEASURING 562 FEET SOUTH FROM BELL AVE AND FLEUR DR,Collision with:  Vehicle in traffic,On Roadway,Broadside (front to side),FTYROW:  From driveway,None Indicated,None apparent,Daylight,Dry,Clear,None apparent,"Non-intersection:  Driveway access (related, not in)",Paved,N/A,Property Damage Only,0,0,0,0,0,0,3300,2,4,Eastbound (EB),POINT (-93.645013265996 41.561222706133)
20181040234,C18001121,03/29/2018,03-March,5-Thursday,17:30,1700 Hours,District 6 (East Central),CORALVILLE,JOHNSON,US 6,US 6/2ND ST/JIFFY LUBE,Collision with:  Vehicle in traffic,On Roadway,Rear-end (front to rear),Passing:  Through/around barrier,None Indicated,None apparent,Daylight,Dry,Clear,None apparent,Non-intersection:  Non-junction/no special feature,Paved,N/A,Property Damage Only,0,0,0,0,0,0,5500,3,3,Southbound (SB),POINT (-91.561692744609 41.667369896865)
20181040359,18-012310,03/30/2018,03-March,6-Friday,16:50,1600 Hours,District 4 (Southwest),COUNCIL BLUFFS,POTTAWATTAMIE,77,S 8TH ST,Collision with:  Vehicle in traffic,On Roadway,Rear-end (front to rear),Followed too close,None Indicated,None apparent,Daylight,Sand,Cloudy,None apparent,Non-intersection:  Railroad grade crossing,Paved,N/A,Possible/Unknown,0,1,0,0,1,0,1500,2,2,Northbound (NB),POINT (-95.856118178047 41.249761392648)
20181040531,20180009558,03/31/2018,03-March,7-Saturday,19:45,1900 Hours,District 1 (Central),DES MOINES,POLK,77,58TH PL MEASURING 735 FEET SOUTH FROM GRAND AVE AND 58TH PL,Collision with:  Parked motor vehicle,On Roadway,Rear to side,Improper Backing,None Indicated,None apparent,Dark - roadway lighted,Dry,Clear,None apparent,Non-intersection:  Non-junction/no special feature,Paved,N/A,Property Damage Only,0,0,0,0,0,0,2000,2,1,Northbound (NB),POINT (-93.697030793733 41.580717102131)
20181040766,S18-D0102T,04/01/2018,04-April,1-Sunday,11:20,1100 Hours,District 5 (Southeast),OSCEOLA,CLARKE,I-35,INTERSTATE 35/SE RAMP AND US 34/W MC LANE ST AND INTERSTATE 35/SE LOOP,Collision with:  Vehicle in traffic,On Roadway,Broadside (front to side),FTYROW:  From stop sign,None Indicated,None apparent,Daylight,Dry,Clear,None apparent,Intersection:  Intersection with ramp,Paved,N/A,Property Damage Only,0,0,0,0,0,0,12000,2,2,Northbound (NB),POINT (-93.79211571574 41.027247797446)
20181040777,2018-24082,04/02/2018,04-April,2-Monday,18:18,1800 Hours,District 6 (East Central),DAVENPORT,SCOTT,IA-461,STATE 461/BRADY ST AND E 36TH ST,Collision with:  Vehicle in traffic,On Roadway,"Sideswipe, same direction",Other (explain in narrative):  No improper action,None Indicated,None apparent,Daylight,Dry,Clear,None apparent,Non-intersection:  Non-junction/no special feature,Paved,N/A,Property Damage Only,0,0,0,0,0,0,8500,2,4,Northbound (NB),POINT (-90.56868108769 41.556675985302)
20181041469,18024909,04/03/2018,04-April,3-Tuesday,13:49,1300 Hours,District 2 (Northeast),CEDAR FALLS,BLACK HAWK,IA-27,HWY 27 SB MM 182.7,Collision with:  Vehicle in traffic,On Roadway,Rear-end (front to rear),Driver Distraction:  Other interior distraction,None Indicated,None apparent,Daylight,Wet,Rain,None apparent,Non-intersection:  Non-junction/no special feature,Paved,N/A,Property Damage Only,0,0,0,0,0,0,4750,3,3,Northbound (NB),POINT (-92.452384431154 42.500717296361)
20181040945,2018-6917,04/03/2018,04-April,3-Tuesday,10:00,1000 Hours,District 6 (East Central),BETTENDORF,SCOTT,77,FALCON AVE AND 18TH ST,Collision with:  Vehicle in traffic,On Roadway,"Angle, oncoming left turn",FTYROW:  From stop sign,None Indicated,Visual obstruction,Daylight,Wet,Cloudy,None apparent,Intersection:  Four-way intersection,Paved,N/A,Minor Injury,0,1,0,1,0,0,11500,2,4,Northbound (NB),POINT (-90.499024581495 41.574175484472)
20181041112,18-01693,04/04/2018,04-April,4-Wednesday,14:32,1400 Hours,District 1 (Central),WEST DES MOINES,DALLAS,77,6300 MILLS CIVIC PKWY,Collision with:  Vehicle in traffic,On Roadway,Rear-end (front to rear),Driver Distraction:  Other interior distraction,None Indicated,None apparent,Daylight,Dry,Clear,None apparent,Non-intersection:  Non-junction/no special feature,Paved,N/A,Property Damage Only,0,0,0,0,0,0,1500,2,4,Westbound (WB),POINT (-93.79645867488 41.561480382465)
20181041640,2018-001016,04/05/2018,04-April,5-Thursday,22:20,2200 Hours,District 6 (East Central),,DUBUQUE,77,OLDE DAVENPORT RD,Collision with fixed object:  Ditch,Shoulder,Non-collision (single vehicle),Exceeded authorized speed,Under Influence of Alcohol/Drugs/Medications,None apparent,Dark - roadway not lighted,Dry,Clear,None apparent,Non-intersection:  Non-junction/no special feature,Paved,N/A,Minor Injury,0,4,0,4,0,0,7100,1,4,Northbound (NB),POINT (-90.67075595184 42.421509396095)
20181041278,20180010055,04/05/2018,04-April,5-Thursday,20:24,2000 Hours,District 1 (Central),DES MOINES,POLK,77,WOODLAND AVE AND 15TH ST,Collision with:  Vehicle in traffic,On Roadway,Other (explain in narrative),Other (explain in narrative):  Other,None Indicated,None apparent,Dark - roadway lighted,Dry,Clear,None apparent,Intersection:  Four-way intersection,Paved,N/A,Possible/Unknown,0,1,0,0,1,0,0,2,2,Northbound (NB),POINT (-93.637109926754 41.588054388272)
20181041859,CR18-0076,04/06/2018,04-April,6-Friday,13:37,1300 Hours,District 4 (Southwest),STUART,GUTHRIE,77,N 6TH ST AND N FREMONT ST,Collision with:  Vehicle in traffic,On Roadway,Broadside (front to side),FTYROW:  From yield sign,None Indicated,None apparent,Daylight,Dry,Clear,None apparent,Intersection:  Four-way intersection,Paved,N/A,Property Damage Only,0,0,0,0,0,0,3000,2,2,Southbound (SB),POINT (-94.316925665765 41.509733906459)
20181045008,18-007992,04/07/2018,04-April,7-Saturday,13:46,1300 Hours,District 5 (Southeast),,MARION,IA-5,STATE 5/IOWA 5,Collision with:  Vehicle in traffic,On Roadway,"Sideswipe, same direction",Aggressive driving/road rage,None Indicated,None apparent,Daylight,Dry,Clear,None apparent,Non-intersection:  Other non-intersection (explain in narrative),Paved,N/A,Property Damage Only,0,0,0,0,0,0,4000,2,3,Eastbound (EB),POINT (-93.146347650438 41.321833832786)
20181041661,W18-026339,04/08/2018,04-April,1-Sunday,18:27,1800 Hours,District 2 (Northeast),WATERLOO,BLACK HAWK,77,W 9TH ST AND WILLISTON AVE,Collision with:  Vehicle in traffic,On Roadway,Broadside (front to side),Ran Traffic Signal,None Indicated,None apparent,Daylight,Wet,Cloudy,None apparent,Intersection:  Four-way intersection,Paved,N/A,Property Damage Only,0,0,0,0,0,0,6000,2,2,Northbound (NB),POINT (-92.342916025278 42.483904415391)
20181041787,18-002403,04/08/2018,04-April,1-Sunday,04:29,0400 Hours,District 4 (Southwest),,FREMONT,77,Iowa 0002 / IOWA 2 and 390 AVE,Collision with fixed object:  Embankment,Shoulder,Non-collision (single vehicle),Ran off road - right,None Indicated,None apparent,Dark - roadway not lighted,Dry,Clear,None apparent,Non-intersection:  Non-junction/no special feature,Unpaved,N/A,Fatal,1,0,0,0,0,0,8500,1,1,Northbound (NB),POINT (-95.441620540021 40.743621471151)
20181042442,18-001926,04/09/2018,04-April,2-Monday,13:35,1300 Hours,District 1 (Central),AMES,STORY,77,DUFF AVE,Collision with:  Vehicle in traffic,On Roadway,"Sideswipe, same direction",Other (explain in narrative):  Other,None Indicated,None apparent,Daylight,Dry,Clear,None apparent,Non-intersection:  Non-junction/no special feature,Paved,N/A,Property Damage Only,0,0,0,0,0,0,1800,2,3,Northbound (NB),POINT (-93.610400523227 42.024025896113)
20181041896,W18-026419,04/09/2018,04-April,2-Monday,01:00,0100 Hours,District 2 (Northeast),WATERLOO,BLACK HAWK,US 218,US 218/WASHINGTON ST,Non-collision events:  Non-contact vehicle (phantom),On Roadway,Non-collision (single vehicle),Unknown,None Indicated,Weather conditions,Dark - roadway not lighted,Snow,Snow,"Surface condition (e.g., wet, icy)",Non-intersection:  Non-junction/no special feature,Paved,N/A,Property Damage Only,0,0,0,0,0,0,2000,1,1,Northbound (NB),POINT (-92.388412444314 42.536038745061)
20181042577,201801577,04/10/2018,04-April,3-Tuesday,10:16,1000 Hours,District 6 (East Central),CENTER POINT,LINN,77,FRANKLIN ST AND IOWA ST,Collision with:  Vehicle in traffic,On Roadway,Rear to side,FTYROW:  Other (explain in narrative),None Indicated,None apparent,Daylight,Dry,Cloudy,None apparent,Intersection:  Four-way intersection,Paved,N/A,Property Damage Only,0,0,0,0,0,0,14000,2,2,Northbound (NB),POINT (-91.781404176324 42.190119434788)
20181042258,MC1805460,04/11/2018,04-April,4-Wednesday,06:22,0600 Hours,District 2 (Northeast),MASON CITY,CERRO GORDO,77,S JEFFERSON AVE AND 24TH ST SW,Collision with:  Vehicle in traffic,On Roadway,Broadside (front to side),FTYROW:  From yield sign,None Indicated,None apparent,Dawn,Dry,Clear,None apparent,Intersection:  Four-way intersection,Paved,N/A,Major Injury,0,1,1,0,0,0,10300,2,2,Southbound (SB),POINT (-93.20733355373 43.129080606941)
20181042364,20180010775,04/12/2018,04-April,5-Thursday,12:45,1200 Hours,District 1 (Central),DES MOINES,POLK,77,STATE 28/63RD ST AND ARMY POST RD AND STATE 28/IOWA 5,Collision with:  Vehicle in traffic,On Roadway,Rear-end (front to rear),Followed too close,None Indicated,None apparent,Daylight,Dry,Clear,None apparent,Intersection:  T-intersection,Paved,N/A,Minor Injury,0,2,0,1,1,0,5500,3,4,Southbound (SB),POINT (-93.697168518941 41.526573455635)
20181042380,20180010778,04/12/2018,04-April,5-Thursday,12:58,1200 Hours,District 1 (Central),DES MOINES,POLK,77,GEORGE FLAGG PKWY AND FLEUR DR,Collision with:  Vehicle in traffic,On Roadway,"Angle, oncoming left turn",FTYROW:  Making left turn,None Indicated,None apparent,Daylight,Dry,Cloudy,None apparent,Intersection:  Four-way intersection,Paved,N/A,Property Damage Only,0,0,0,0,0,0,4000,2,3,Northbound (NB),POINT (-93.644955155777 41.568645033054)
20181043319,18-027514,04/13/2018,04-April,6-Friday,06:00,0600 Hours,District 2 (Northeast),,BLACK HAWK,US 218,US 218,Collision with:  Animal,Unknown,N/A,Animal,None Indicated,N/A,N/A,N/A,N/A,N/A,N/A,Paved,N/A,Property Damage Only,0,0,0,0,0,0,7500,1,1,Northbound (NB),POINT (-92.215828180201 42.337632320586)
20181042811,18-27860,04/14/2018,04-April,7-Saturday,12:06,1200 Hours,District 2 (Northeast),EVANSDALE,BLACK HAWK,I-380,INTERSTATE 380/I 380,Collision with:  Vehicle in traffic,On Roadway,Rear to side,Lost Control,None Indicated,Weather conditions,Daylight,Ice/frost,Cloudy,"Surface condition (e.g., wet, icy)",Non-intersection:  Non-junction/no special feature,Paved,N/A,Possible/Unknown,0,1,0,0,1,0,7000,2,2,Northbound (NB),POINT (-92.247896400012 42.453880099745)
20181042843,2018009438,04/14/2018,04-April,7-Saturday,10:45,1000 Hours,District 2 (Northeast),,CERRO GORDO,I-35,INTERSTATE 35 MEASURING 1400 FEET SOUTH FROM 183 MM,Collision with:  Vehicle in traffic,On Roadway,"Sideswipe, same direction",Driving too fast for conditions,None Indicated,Weather conditions,Daylight,Slush,"Sleet, hail","Surface condition (e.g., wet, icy)",Non-intersection:  Non-junction/no special feature,Paved,N/A,Property Damage Only,0,0,0,0,0,0,11700,2,7,Northbound (NB),POINT (-93.343401272797 42.982557118357)
20181043168,18028094,04/15/2018,04-April,1-Sunday,11:17,1100 Hours,District 2 (Northeast),CEDAR FALLS,BLACK HAWK,IA-27,HWY 58/VIKING RD,Collision with:  Vehicle in traffic,On Roadway,Rear-end (front to rear),Followed too close,None Indicated,None apparent,Daylight,Wet,Cloudy,None apparent,Intersection:  Four-way intersection,Paved,N/A,Property Damage Only,0,0,0,0,0,0,2100,2,5,Eastbound (EB),POINT (-92.445703380111 42.484114406309)
20181063125,RCPD2241418,04/15/2018,04-April,1-Sunday,08:40,0800 Hours,District 3 (Northwest),,CALHOUN,IA-4,STATE 4/NORRIDGE AVE,Non-collision events:  Overturn/rollover,On Roadway,Non-collision (single vehicle),Driving too fast for conditions,None Indicated,Weather conditions,Daylight,Slush,Freezing rain/drizzle,"Surface condition (e.g., wet, icy)",Non-intersection:  Non-junction/no special feature,Paved,N/A,Property Damage Only,0,0,0,0,0,0,5000,1,1,Northbound (NB),POINT (-94.649561390526 42.382643781566)
20181048739,18-11930,04/16/2018,04-April,2-Monday,18:38,1800 Hours,District 5 (Southeast),,LEE,US 218,US 218,Collision with:  Vehicle in traffic,On Roadway,Rear-end (front to rear),Swerving/Evasive Action,None Indicated,None apparent,Daylight,Dry,Clear,None apparent,Intersection:  Intersection with ramp,Paved,N/A,Property Damage Only,0,0,0,0,0,0,3000,2,5,Eastbound (EB),POINT (-91.55858998877 40.610276362852)
20181043272,2018-003106,04/17/2018,04-April,3-Tuesday,12:05,1200 Hours,District 6 (East Central),DUBUQUE,DUBUQUE,77,W 13TH ST AND MAIN ST,Collision with:  Vehicle in traffic,On Roadway,Broadside (front to side),FTYROW:  From stop sign,None Indicated,None apparent,Daylight,Dry,Clear,None apparent,Intersection:  Four-way intersection,Paved,N/A,Property Damage Only,0,0,0,0,0,0,3000,2,3,Northbound (NB),POINT (-90.66941238389 42.504933883006)