Iowa DOT Case Number,Law Enforcement Case Number,Date of Crash,Month of Crash,Day of Week,Time of Crash,Hour,DOT District,City Name,County Name,Route with System,Location Description,First Harmful Event,Location of First Harmful Event,Manner of Crash/Collision,Major Cause,Drug or Alcohol ,Environmental Conditions,Light Conditions,Surface Conditions,Weather Conditions,Roadway Contribution,Roadway Type,Roadway Surface,Work Zone,Crash Severity,Number of Fatalities,Number of Injuries,Number of Major Injuries,Number of Minor Injuries,Number of Possible Injuries,Number of Unknown Injuries,Amount of Property Damage,Number of Vehicles Involved,Total Number of Occupants,Travel Direction,Location
20181043625,18-4411,04/18/2018,04-April,4-Wednesday,11:05,1100 Hours,District 3 (Northwest),CARROLL,CARROLL,77,18TH ST,Collision with:  Vehicle in traffic,On Roadway,Rear to side,Other (explain in narrative):  Other,None Indicated,None apparent,Daylight,Wet,Snow,None apparent,Non-intersection:  Non-junction/no special feature,Paved,N/A,Property Damage Only,0,0,0,0,0,0,2100,2,3,Southbound (SB),POINT (-94.859441835841 42.07847377822)
20181043657,18-4949,04/18/2018,04-April,4-Wednesday,17:41,1700 Hours,District 3 (Northwest),SPENCER,CLAY,77,W 1ST ST AND US 18/N GRAND AVE AND E 1ST ST,Collision with:  Vehicle in traffic,On Roadway,Broadside (front to side),Ran Traffic Signal,None Indicated,None apparent,Daylight,Slush,Clear,None apparent,Intersection:  Four-way intersection,Paved,N/A,Property Damage Only,0,0,0,0,0,0,6000,2,3,Southbound (SB),POINT (-95.144513032034 43.138613046162)
20181043975,BV18-0198,04/19/2018,04-April,5-Thursday,13:23,1300 Hours,District 3 (Northwest),,BUENA VISTA,77,100 YARDS SOUTH OF HWY 10 ON N14,Collision with fixed object:  Ditch,Shoulder,Non-collision (single vehicle),Ran off road - right,None Indicated,None apparent,Daylight,Dry,Clear,None apparent,Non-intersection:  Non-junction/no special feature,Paved,N/A,Property Damage Only,0,0,0,0,0,0,4200,1,1,Northbound (NB),POINT (-94.953323150115 42.850879385563)
20181043549,2018003803,04/19/2018,04-April,5-Thursday,17:04,1700 Hours,District 6 (East Central),IOWA CITY,JOHNSON,77,STATE 1/DODGE ST AND STATE 1/E BURLINGTON ST AND DODGE ST,Collision with:  Non-motorist (see non-motorist section - NOT a unit),On Roadway,Non-collision (single vehicle),FTYROW:  To pedestrian,None Indicated,None apparent,Daylight,Dry,Clear,None apparent,Intersection:  Four-way intersection,Paved,N/A,Possible/Unknown,0,1,0,0,1,0,0,1,2,Eastbound (EB),POINT (-91.525793524521 41.657700958097)
20181043744,18-080420-01,04/20/2018,04-April,6-Friday,08:10,0800 Hours,District 6 (East Central),NORTH ENGLISH,IOWA,77,LUTTON AND COLLEGE ST,Collision with:  Vehicle in traffic,On Roadway,Broadside (front to side),Ran Stop Sign,None Indicated,None apparent,Daylight,Dry,Clear,None apparent,Intersection:  Four-way intersection,Paved,N/A,Property Damage Only,0,0,0,0,0,0,3500,2,6,Southbound (SB),POINT (-92.080537803892 41.512932188394)
20181044638,2018001705,04/21/2018,04-April,7-Saturday,13:25,1300 Hours,District 6 (East Central),,LINN,US 151,US 151/WILLIAMS BLVD AND DEAN RD SW MEASURING 102 FEET EAST FROM US 151/WILLIAMS BLVD,Collision with:  Vehicle in traffic,On Roadway,Broadside (front to side),FTYROW:  From stop sign,None Indicated,None apparent,Daylight,Dry,Cloudy,None apparent,Intersection:  Four-way intersection,Paved,N/A,Possible/Unknown,0,2,0,0,2,0,12000,2,5,Northbound (NB),POINT (-91.747712632523 41.942298361261)
20181043933,201802151,04/22/2018,04-April,1-Sunday,20:29,2000 Hours,District 1 (Central),,BOONE,77,R023/ORIOLE RD,Collision with:  Animal,Unknown,N/A,Animal,None Indicated,N/A,N/A,N/A,N/A,N/A,N/A,Paved,N/A,Property Damage Only,0,0,0,0,0,0,1500,1,2,Northbound (NB),POINT (-93.893422908395 42.006455440805)
20181044825,18-11896,04/23/2018,04-April,2-Monday,15:40,1500 Hours,District 1 (Central),NEWTON,JASPER,77,S 5TH AVE E AND E 8TH ST S,Collision with:  Vehicle in traffic,On Roadway,Broadside (front to side),Driver Distraction:  Other interior distraction,None Indicated,None apparent,Daylight,Dry,Clear,None apparent,Intersection:  Four-way intersection,Paved,N/A,Property Damage Only,0,0,0,0,0,0,2000,2,4,Northbound (NB),POINT (-93.043515859541 41.695682368523)
20181044536,2018-30246,04/24/2018,04-April,3-Tuesday,11:39,1100 Hours,District 6 (East Central),DAVENPORT,SCOTT,US 6,US 6/W KIMBERLY RD MEASURING 427 FEET EAST FROM US 6/W KIMBERLY RD AND STURDEVANT ST,Collision with:  Vehicle in traffic,On Roadway,"Sideswipe, same direction",Other (explain in narrative):  No improper action,None Indicated,None apparent,Daylight,Dry,Clear,None apparent,Non-intersection:  Non-junction/no special feature,Paved,N/A,Property Damage Only,0,0,0,0,0,0,2500,2,2,Westbound (WB),POINT (-90.595893791219 41.560067485682)
20181045666,18-3071,04/25/2018,04-April,4-Wednesday,03:35,0300 Hours,District 1 (Central),,POLK,77,I 80 WB MM 139.5,Collision with:  Vehicle in traffic,On Roadway,"Sideswipe, same direction",Improper or erratic lane changing,None Indicated,None apparent,Dark - roadway not lighted,Dry,Clear,None apparent,Non-intersection:  Non-junction/no special feature,Paved,N/A,Property Damage Only,0,0,0,0,0,0,8000,2,2,Southbound (SB),POINT (-93.530031733932 41.673085454619)
20181044366,18-016170,04/25/2018,04-April,4-Wednesday,08:45,0800 Hours,District 4 (Southwest),COUNCIL BLUFFS,POTTAWATTAMIE,US 275,US 275/VETERANS MEMORIAL HWY,Collision with:  Vehicle in traffic,On Roadway,Rear-end (front to rear),Aggressive driving/road rage,None Indicated,None apparent,Daylight,Dry,Cloudy,None apparent,Non-intersection:  Non-junction/no special feature,Paved,N/A,Property Damage Only,0,0,0,0,0,0,4000,2,2,Eastbound (EB),POINT (-95.83669977086 41.218269083681)
20181056431,18-02854,04/26/2018,04-April,5-Thursday,15:40,1500 Hours,District 2 (Northeast),OELWEIN,FAYETTE,77,6TH AVE SE AND 7TH ST SE,Collision with:  Vehicle in traffic,On Roadway,Broadside (front to side),FTYROW:  From driveway,None Indicated,None apparent,Daylight,Dry,Clear,None apparent,"Non-intersection:  Driveway access (related, not in)",Paved,N/A,Property Damage Only,0,0,0,0,0,0,2000,2,2,Northbound (NB),POINT (-91.905411050606 42.669696947402)
20181044782,18-3160,04/27/2018,04-April,6-Friday,15:32,1500 Hours,District 1 (Central),DES MOINES,POLK,IA-415,STATE 415/2ND AVE AND NW AURORA AVE,Collision with fixed object:  Curb/island/raised median,On Roadway,Non-collision (single vehicle),Ran off road - right,None Indicated,None apparent,Daylight,Dry,Clear,None apparent,Intersection:  Four-way intersection,Paved,N/A,Property Damage Only,0,0,0,0,0,0,3000,1,3,Northbound (NB),POINT (-93.619950564216 41.636643037886)
20181044736,18-016598,04/27/2018,04-April,6-Friday,18:30,1800 Hours,District 4 (Southwest),COUNCIL BLUFFS,POTTAWATTAMIE,77,S 6TH AND WILLOW,Collision with:  Vehicle in traffic,On Roadway,"Sideswipe, same direction",Unknown,None Indicated,None apparent,Daylight,Dry,Clear,None apparent,Non-intersection:  Non-junction/no special feature,Paved,N/A,Property Damage Only,0,0,0,0,0,0,3000,2,2,Southbound (SB),POINT (-95.852712424056 41.258699151322)
20181047712,18006682,04/28/2018,04-April,7-Saturday,16:40,1600 Hours,District 6 (East Central),,CEDAR,77,INTERSTATE 80/I 80 270MM EB,Collision with:  Vehicle in traffic,On Roadway,Rear-end (front to rear),Followed too close,None Indicated,None apparent,Daylight,Dry,Clear,None apparent,Non-intersection:  Non-junction/no special feature,Unpaved,N/A,Property Damage Only,0,0,0,0,0,0,3000,2,3,N/A,POINT (-91.061315942639 41.641859788953)
20181044863,18069899,04/29/2018,04-April,1-Sunday,00:01,0000 Hours,District 6 (East Central),TIFFIN,JOHNSON,77,DEER VIEW AVE,Collision with fixed object:  Fire hydrant,Roadside,Non-collision (single vehicle),Made improper turn,None Indicated,None apparent,Dark - roadway not lighted,Dry,Clear,None apparent,Intersection:  Four-way intersection,Paved,N/A,Property Damage Only,0,0,0,0,0,0,4000,1,1,Northbound (NB),POINT (-91.676031344339 41.710301809276)
20181046185,2018011199,04/30/2018,04-April,2-Monday,16:10,1600 Hours,District 4 (Southwest),,POTTAWATTAMIE,I-80,WB INTERSTATE 80 41.4 MM,Non-collision events:  Overturn/rollover,On Roadway,Non-collision (single vehicle),Lost Control,None Indicated,Weather conditions,Daylight,Dry,Severe winds,None apparent,Non-intersection:  Non-junction/no special feature,Paved,N/A,Property Damage Only,0,0,0,0,0,0,105000,1,2,Southbound (SB),POINT (-95.313998006009 41.498043009229)
20181045352,18-3263,05/01/2018,05-May,3-Tuesday,14:57,1400 Hours,District 1 (Central),,POLK,77,NE 108TH ST AND STATE 163/NE UNIVERSITY AVE,Collision with fixed object:  Ditch,Outside trafficway,Non-collision (single vehicle),Ran off road - right,None Indicated,None apparent,Daylight,Dry,Clear,None apparent,Intersection:  Four-way intersection,Paved,N/A,Minor Injury,0,1,0,1,0,0,2000,1,1,Northbound (NB),POINT (-93.37747197931 41.600765336612)
20181045357,2018004282,05/01/2018,05-May,3-Tuesday,17:00,1700 Hours,District 6 (East Central),IOWA CITY,JOHNSON,77,S GILBERT ST,Collision with:  Re-entering roadway,On Roadway,Broadside (front to side),FTYROW:  Other (explain in narrative),None Indicated,None apparent,Daylight,Dry,Clear,None apparent,Non-intersection:  Alley,Paved,N/A,Property Damage Only,0,0,0,0,0,0,2000,2,3,Northbound (NB),POINT (-91.530160987906 41.658414402736)
20181045488,C18001577,05/02/2018,05-May,4-Wednesday,18:00,1800 Hours,District 6 (East Central),CORALVILLE,JOHNSON,77,1ST AVE AND US 6/2ND ST,Collision with:  Vehicle in traffic,On Roadway,Broadside (front to side),Ran Traffic Signal,None Indicated,None apparent,Daylight,Dry,Cloudy,None apparent,Intersection:  Five points or more,Paved,N/A,Property Damage Only,0,0,0,0,0,0,9500,3,3,Northbound (NB),POINT (-91.565751494759 41.669050866742)
20181045955,MC1805879,05/03/2018,05-May,5-Thursday,17:27,1700 Hours,District 2 (Northeast),MASON CITY,CERRO GORDO,77,S PENNSYLVANIA AVE AND 15TH ST SE,Collision with:  Vehicle in traffic,On Roadway,Rear-end (front to rear),Unknown,None Indicated,None apparent,Daylight,Wet,Rain,None apparent,Intersection:  Four-way intersection,Paved,N/A,Possible/Unknown,0,2,0,0,2,0,4500,2,4,Southbound (SB),POINT (-93.198434243349 43.137263809206)
20181048025,18-002165,05/04/2018,05-May,6-Friday,12:11,1200 Hours,District 1 (Central),ANKENY,POLK,77,2600 BLK SE DELAWARE AVE,Collision with:  Vehicle in traffic,On Roadway,Rear-end (front to rear),Other (explain in narrative):  Other,None Indicated,None apparent,Daylight,Dry,Clear,None apparent,Non-intersection:  Non-junction/no special feature,Paved,N/A,Property Damage Only,0,0,0,0,0,0,3500,2,3,Northbound (NB),POINT (-93.581269291338 41.703849201537)
20181045682,2018-003631,05/04/2018,05-May,6-Friday,00:02,0000 Hours,District 6 (East Central),DUBUQUE,DUBUQUE,77,IOWA ST AND W 7TH ST,Collision with fixed object:  Utility pole/light support,On Roadway,Non-collision (single vehicle),Lost Control,Alcohol (Statutory),None apparent,Dark - roadway lighted,Wet,Rain,None apparent,Non-intersection:  Non-junction/no special feature,Paved,N/A,Property Damage Only,0,0,0,0,0,0,3500,1,1,Southbound (SB),POINT (-90.665467671272 42.500395973187)
20181045970,2018-33758,05/05/2018,05-May,7-Saturday,16:32,1600 Hours,District 6 (East Central),DAVENPORT,SCOTT,77,W CENTRAL PARK AVE AND FAIRMOUNT ST,Collision with:  Vehicle in traffic,On Roadway,Broadside (front to side),Unknown,None Indicated,None apparent,Daylight,Dry,Clear,None apparent,Intersection:  Four-way intersection,Paved,N/A,Property Damage Only,0,0,0,0,0,0,5000,2,2,Northbound (NB),POINT (-90.629717390062 41.545405106311)
20181046012,18-00627,05/05/2018,05-May,7-Saturday,16:40,1600 Hours,District 4 (Southwest),CLIVE,POLK,US 6,11800 HICKMAN RD,Collision with:  Vehicle in traffic,On Roadway,Rear-end (front to rear),"Operating vehicle in an reckless, erratic, careless, negligent manner",None Indicated,None apparent,Daylight,Dry,Cloudy,None apparent,Non-intersection:  Non-junction/no special feature,Paved,N/A,Property Damage Only,0,0,0,0,0,0,8100,4,5,Southbound (SB),POINT (-93.779135624027 41.614885755681)
20181046004,201801933,05/06/2018,05-May,1-Sunday,13:15,1300 Hours,District 6 (East Central),,LINN,US 30,US 30/16TH AVE SW,Collision with:  Vehicle in traffic,On Roadway,"Sideswipe, same direction",Lost Control,None Indicated,None apparent,Daylight,Dry,Clear,None apparent,Non-intersection:  Non-junction/no special feature,Paved,N/A,Property Damage Only,0,0,0,0,0,0,13000,2,4,Southbound (SB),POINT (-91.827197309796 41.964123114611)
20181046537,2018011866,05/07/2018,05-May,2-Monday,12:06,1200 Hours,District 6 (East Central),SHUEYVILLE,JOHNSON,77,F012/120TH ST 2722 120TH ST NE,Collision with fixed object:  Building,Outside trafficway,Non-collision (single vehicle),Driver Distraction:  Other interior distraction,None Indicated,None apparent,Daylight,Dry,Clear,None apparent,Non-intersection:  Non-junction/no special feature,Paved,N/A,Property Damage Only,0,0,0,0,0,0,6500,1,1,Southbound (SB),POINT (-91.663464774998 41.84789632922)
20181046617,2018012015,05/08/2018,05-May,3-Tuesday,16:03,1600 Hours,District 1 (Central),,POWESHIEK,I-80,INTERSTATE 80/I 80 WB MM 186.2,Collision with:  Vehicle in traffic,On Roadway,Rear-end (front to rear),Lost Control,None Indicated,None apparent,Daylight,Dry,Cloudy,None apparent,Non-intersection:  Non-junction/no special feature,Paved,N/A,Property Damage Only,0,0,0,0,0,0,4000,2,2,Westbound (WB),POINT (-92.658603104419 41.695705945451)
20181046531,20180013793,05/08/2018,05-May,3-Tuesday,23:07,2300 Hours,District 1 (Central),DES MOINES,POLK,77,GLENBROOK DR MEASURING 0 FEET NORTH FROM GLENBROOK DR,Collision with fixed object:  Ground,On Roadway,Non-collision (single vehicle),Lost Control,None Indicated,Unknown,Dark - unknown roadway lighting,Wet,Clear,None apparent,Intersection:  Y-intersection,Paved,N/A,Minor Injury,0,1,0,1,0,0,8000,1,1,Northbound (NB),POINT (-93.592300927319 41.617135130416)
20181046732,A390518-1500,05/09/2018,05-May,4-Wednesday,20:51,2000 Hours,District 4 (Southwest),,GUTHRIE,77,170TH ST,Other (explain in narrative),On Roadway,Non-collision (single vehicle),Lost Control,Alcohol (Statutory),None apparent,Dusk,"Mud, dirt",Clear,Ruts/holes/bumps,Non-intersection:  Non-junction/no special feature,Unpaved,N/A,Minor Injury,0,1,0,1,0,0,60000,1,1,Southbound (SB),POINT (-94.727308365816 41.761048156883)
20181047164,18005510,05/10/2018,05-May,5-Thursday,23:55,2300 Hours,District 3 (Northwest),,PLYMOUTH,US 75,US 75 MEASURING 1402 FEET SOUTH FROM WREN RD AND US 75,Collision with:  Animal,On Roadway,Non-collision (single vehicle),Animal,None Indicated,Animal in roadway,Dark - roadway not lighted,Dry,Cloudy,None apparent,Non-intersection:  Non-junction/no special feature,Paved,N/A,Property Damage Only,0,0,0,0,0,0,3165,1,1,Northbound (NB),POINT (-96.287011754348 42.64534833184)
20181046733,18-018637,05/10/2018,05-May,5-Thursday,12:39,1200 Hours,District 4 (Southwest),COUNCIL BLUFFS,POTTAWATTAMIE,77,W BROADWAY AND STATE 192/S 6TH ST AND BROADWAY KANESVILLE CONN,Collision with:  Vehicle in traffic,On Roadway,Broadside (front to side),Ran Traffic Signal,None Indicated,None apparent,Daylight,Dry,Clear,None apparent,Intersection:  Four-way intersection,Paved,N/A,Property Damage Only,0,0,0,0,0,0,6000,2,2,Southbound (SB),POINT (-95.852022910482 41.261229021907)
20181046972,18-0490,05/11/2018,05-May,6-Friday,10:47,1000 Hours,District 1 (Central),PLEASANT HILL,POLK,77,NE 60TH ST  AT E UNIVERSITY,Collision with:  Vehicle in traffic,On Roadway,Broadside (front to side),Ran Traffic Signal,None Indicated,None apparent,Daylight,Dry,Cloudy,None apparent,Intersection:  Four-way intersection,Paved,N/A,Possible/Unknown,0,1,0,0,1,0,9000,2,2,Northbound (NB),POINT (-93.491478463795 41.59849701273)
20181046956,18-0810,05/12/2018,05-May,7-Saturday,16:35,1600 Hours,District 1 (Central),CHURDAN,GREENE,77,HILL ST AND BELL ST,Collision with:  Vehicle in traffic,On Roadway,Broadside (front to side),FTYROW:  At uncontrolled intersection,None Indicated,None apparent,Daylight,Dry,Cloudy,None apparent,Intersection:  Four-way intersection,Paved,N/A,Property Damage Only,0,0,0,0,0,0,5000,2,2,Southbound (SB),POINT (-94.478484511137 42.156218006803)
20181047833,2018012421,05/13/2018,05-May,1-Sunday,21:10,2100 Hours,District 2 (Northeast),,WINNESHIEK,US 52,US 52 AND 340TH ST,Collision with:  Animal,Unknown,N/A,Animal,None Indicated,N/A,N/A,N/A,N/A,N/A,N/A,Paved,N/A,Property Damage Only,0,0,0,0,0,0,2000,1,1,Northbound (NB),POINT (-91.859522464847 43.428640484872)
20181047302,201802026,05/14/2018,05-May,2-Monday,15:50,1500 Hours,District 6 (East Central),,LINN,77,E034/COUNTY HOME RD AND STATE 13/IOWA 13,Collision with:  Vehicle in traffic,On Roadway,Broadside (front to side),Ran Stop Sign,None Indicated,None apparent,Daylight,Dry,Clear,None apparent,Intersection:  Four-way intersection,Paved,N/A,Property Damage Only,0,0,0,0,0,0,7000,2,2,Southbound (SB),POINT (-91.55023477538 42.093766496813)
20181047871,2018-0215,05/14/2018,05-May,2-Monday,10:30,1000 Hours,District 4 (Southwest),WOODBINE,HARRISON,77,3RD ST,Collision with:  Parked motor vehicle,On Roadway,Unknown,Unknown,None Indicated,Unknown,Daylight,Unknown,Unknown,Unknown,Non-intersection:  Non-junction/no special feature,Paved,N/A,Property Damage Only,0,0,0,0,0,0,1500,2,1,Southbound (SB),POINT (-95.706930565153 41.734984866423)
20181047722,2018-003937,05/15/2018,05-May,3-Tuesday,16:28,1600 Hours,District 6 (East Central),DUBUQUE,DUBUQUE,77,WINDSOR AVE AND GARFIELD AVE,Collision with fixed object:  Fire hydrant,On Roadway,Non-collision (single vehicle),Lost Control,None Indicated,Other (explain in narrative),Daylight,Dry,Clear,None apparent,Non-intersection:  Non-junction/no special feature,Paved,N/A,Property Damage Only,0,0,0,0,0,0,2000,1,1,Northbound (NB),POINT (-90.662583504288 42.515087680282)
20181047659,18-1452,05/16/2018,05-May,4-Wednesday,14:00,1400 Hours,District 1 (Central),FORT DODGE,WEBSTER,77,2ND AVE N AND N 15TH ST,Collision with:  Vehicle in traffic,On Roadway,"Angle, oncoming left turn",FTYROW:  Making left turn,None Indicated,None apparent,Daylight,Dry,Clear,None apparent,Intersection:  Four-way intersection,Paved,N/A,Property Damage Only,0,0,0,0,0,0,1500,2,2,Northbound (NB),POINT (-94.177809093369 42.508184923401)
20181047796,18-005753,05/16/2018,05-May,4-Wednesday,11:27,1100 Hours,District 3 (Northwest),CARROLL,CARROLL,77,WEST ST AND US 30/6TH ST,Collision with:  Vehicle in traffic,On Roadway,Broadside (front to side),Ran Traffic Signal,None Indicated,None apparent,Daylight,Dry,Clear,None apparent,Intersection:  Four-way intersection,Paved,N/A,Property Damage Only,0,0,0,0,0,0,6000,2,2,Northbound (NB),POINT (-94.871548836066 42.0667491583)
20181047885,18-6997,05/17/2018,05-May,5-Thursday,16:41,1600 Hours,District 6 (East Central),,JACKSON,77,341 AVE,Collision with fixed object:  Embankment,Roadside,Non-collision (single vehicle),Ran off road - right,Alcohol (Statutory),None apparent,Daylight,Gravel,Clear,None apparent,Non-intersection:  Non-junction/no special feature,Unpaved,N/A,Property Damage Only,0,0,0,0,0,0,5200,1,1,Northbound (NB),POINT (-90.490531410234 42.204204627227)
20181047812,18-02499,05/17/2018,05-May,5-Thursday,17:49,1700 Hours,District 1 (Central),WEST DES MOINES,POLK,77,100 BLOCK VALLEY WEST DR,Collision with:  Vehicle in traffic,On Roadway,"Angle, oncoming left turn",FTYROW:  Making left turn,None Indicated,None apparent,Daylight,Dry,Clear,None apparent,"Non-intersection:  Driveway access (related, not in)",Paved,N/A,Property Damage Only,0,0,0,0,0,0,5000,2,2,Northbound (NB),POINT (-93.751862318352 41.571148192938)
20181047912,18-011555,05/18/2018,05-May,6-Friday,06:22,0600 Hours,District 5 (Southeast),,MARION,IA-92,STATE 92/IOWA 92,Collision with:  Animal,Unknown,N/A,Animal,None Indicated,N/A,N/A,N/A,N/A,N/A,N/A,Paved,N/A,Property Damage Only,0,0,0,0,0,0,5000,1,1,Southbound (SB),POINT (-93.038510065892 41.30052701846)
20181048454,2018012919,05/19/2018,05-May,7-Saturday,13:10,1300 Hours,District 1 (Central),,HUMBOLDT,US 169,US 169/LINCOLN AVE AND C046/250TH ST,Non-collision events:  Non-contact vehicle (phantom),On Roadway,Non-collision (single vehicle),FTYROW:  From stop sign,None Indicated,None apparent,Daylight,Dry,Clear,None apparent,Intersection:  T-intersection,Paved,N/A,Possible/Unknown,0,1,0,0,1,0,1500,2,2,Northbound (NB),POINT (-94.226585336068 42.687964283463)
20181048110,18-002013,05/19/2018,05-May,7-Saturday,05:46,0500 Hours,District 3 (Northwest),,OSCEOLA,77,A034/210TH ST,Collision with:  Animal,Unknown,N/A,Animal,None Indicated,N/A,N/A,N/A,N/A,N/A,N/A,Paved,N/A,Property Damage Only,0,0,0,0,0,0,3000,1,1,Southbound (SB),POINT (-95.824890586407 43.345598726807)
20181048820,2018-16503,05/20/2018,05-May,1-Sunday,12:44,1200 Hours,District 5 (Southeast),INDIANOLA,WARREN,US 65,1200 BLK N JEFFERSON WAY,Collision with:  Vehicle in traffic,On Roadway,Other (explain in narrative),FTYROW:  From stop sign,None Indicated,None apparent,Daylight,Dry,Cloudy,None apparent,Intersection:  Other intersection (explain in narrative),Paved,N/A,Possible/Unknown,0,2,0,0,2,0,6000,2,3,Northbound (NB),POINT (-93.558322529888 41.359242607972)
20181048510,2018-004138,05/21/2018,05-May,2-Monday,15:22,1500 Hours,District 6 (East Central),DUBUQUE,DUBUQUE,77,STATE 32/NORTHWEST ARTERIAL AND US 20/DODGE ST (MM: 0),Collision with:  Vehicle in traffic,On Roadway,Rear-end (front to rear),Driving too fast for conditions,None Indicated,None apparent,Daylight,Wet,Rain,None apparent,Non-intersection:  Non-junction/no special feature,Paved,N/A,Minor Injury,0,2,0,1,1,0,8000,2,5,Northbound (NB),POINT (-90.739009620141 42.488561406085)
20181048562,20181951,05/22/2018,05-May,3-Tuesday,07:50,0700 Hours,District 1 (Central),,GRUNDY,77,T065/W AVE,Collision with:  Animal,Unknown,N/A,Animal,None Indicated,N/A,N/A,N/A,N/A,N/A,N/A,Paved,N/A,Property Damage Only,0,0,0,0,0,0,2000,1,1,Northbound (NB),POINT (-92.592174834336 42.337643219089)
20181048667,W18-038750,05/22/2018,05-May,3-Tuesday,15:32,1500 Hours,District 2 (Northeast),WATERLOO,BLACK HAWK,77,MLK DR/ WALNUT ST,Collision with:  Vehicle in traffic,On Roadway,Rear-end (front to rear),Ran Traffic Signal,None Indicated,None apparent,Daylight,Dry,Clear,None apparent,Intersection:  Four-way intersection,Paved,N/A,Property Damage Only,0,0,0,0,0,0,2500,2,3,Northbound (NB),POINT (-92.330030276433 42.499923245727)
20181053189,18039123,05/23/2018,05-May,4-Wednesday,19:20,1900 Hours,District 2 (Northeast),CEDAR FALLS,BLACK HAWK,77,700 W RIDGEWAY AVE,Collision with:  Vehicle in traffic,On Roadway,Broadside (front to side),Ran off road - right,Refused,None apparent,Daylight,Dry,Clear,None apparent,Non-intersection:  Non-junction/no special feature,Paved,N/A,Property Damage Only,0,0,0,0,0,0,7050,2,1,Southbound (SB),POINT (-92.454397298787 42.469368468628)
20181049123,2018-16597,05/24/2018,05-May,5-Thursday,22:00,2200 Hours,District 6 (East Central),,SCOTT,77,Y048/110 AVE,Collision with:  Animal,On Roadway,Non-collision (single vehicle),Animal,None Indicated,Animal in roadway,N/A,N/A,N/A,None apparent,Non-intersection:  Non-junction/no special feature,Paved,N/A,Property Damage Only,0,0,0,0,0,0,3000,1,1,Northbound (NB),POINT (-90.688053657626 41.523536753833)
20181049185,18-002773,05/24/2018,05-May,5-Thursday,18:17,1800 Hours,District 1 (Central),AMES,STORY,77,US 69/S DUFF AVE AND AIRPORT RD AND BILLY SUNDAY RD,Collision with:  Vehicle in traffic,On Roadway,"Angle, oncoming left turn",FTYROW:  Making left turn,None Indicated,None apparent,Daylight,Dry,Clear,None apparent,Intersection:  Four-way intersection,Paved,N/A,Property Damage Only,0,0,0,0,0,0,4500,2,2,Southbound (SB),POINT (-93.610036259074 42.001079031661)
20181049557,2018013716,05/25/2018,05-May,6-Friday,16:00,1600 Hours,District 5 (Southeast),,WASHINGTON,US 218,US 218 MEASURING 2519 FEET SOUTH FROM US 218,Collision with:  Vehicle in traffic,On Roadway,Rear-end (front to rear),"Operating vehicle in an reckless, erratic, careless, negligent manner",None Indicated,None apparent,Daylight,Dry,Clear,None apparent,Non-intersection:  Non-junction/no special feature,Paved,N/A,Minor Injury,0,1,0,1,0,0,20000,2,3,Eastbound (EB),POINT (-91.536529465653 41.30112017984)
20181050968,S18-39674,05/25/2018,05-May,6-Friday,14:09,1400 Hours,District 1 (Central),,BLACK HAWK,77,W TAMA RD,Collision with fixed object:  Ditch,On Roadway,Non-collision (single vehicle),"Operating vehicle in an reckless, erratic, careless, negligent manner",Drug,None apparent,Daylight,Dry,Clear,None apparent,Non-intersection:  Non-junction/no special feature,Unpaved,N/A,Minor Injury,0,1,0,1,0,0,12000,1,1,Southbound (SB),POINT (-92.497017224249 42.311669882945)
20181049459,18-005706,05/26/2018,05-May,7-Saturday,03:35,0300 Hours,District 4 (Southwest),GRANT,MONTGOMERY,US 71,US 71,Collision with:  Animal,Unknown,N/A,Animal,None Indicated,N/A,N/A,N/A,N/A,N/A,N/A,Paved,N/A,Property Damage Only,0,0,0,0,0,0,5000,1,1,Northbound (NB),POINT (-94.988801241794 41.139362056102)
20181051749,2018-18670,05/26/2018,05-May,7-Saturday,14:00,1400 Hours,District 5 (Southeast),INDIANOLA,WARREN,77,1400 BLK. JACKSON CIR.,Collision with:  Parked motor vehicle,On Roadway,Rear to side,Improper Backing,None Indicated,None apparent,Daylight,Unknown,Unknown,None apparent,Non-intersection:  Non-junction/no special feature,Paved,N/A,Property Damage Only,0,0,0,0,0,0,2400,2,1,Northbound (NB),POINT (-93.578401963275 41.370745239215)
20181049536,20180016019,05/27/2018,05-May,1-Sunday,12:13,1200 Hours,District 1 (Central),DES MOINES,POLK,I-235,INTERSTATE 235/E 14TH SW EXIT RAMP,Collision with:  Vehicle in traffic,On Roadway,"Sideswipe, same direction",Made improper turn,None Indicated,None apparent,Daylight,Dry,Clear,None apparent,Non-intersection:  Non-junction/no special feature,Paved,N/A,Property Damage Only,0,0,0,0,0,0,4000,2,2,Southbound (SB),POINT (-93.598930336911 41.595483435175)
20181050095,2018013909,05/28/2018,05-May,2-Monday,19:17,1900 Hours,District 1 (Central),,WRIGHT,I-35,INTERSTATE 35 SB @ 155 MM,Collision with:  Vehicle in traffic,On Roadway,"Sideswipe, same direction",Failed to keep in proper lane,None Indicated,None apparent,Daylight,Dry,Clear,None apparent,Non-intersection:  Non-junction/no special feature,Paved,N/A,Property Damage Only,0,0,0,0,0,0,1501,2,5,Northbound (NB),POINT (-93.502461501818 42.611397828889)
20181049988,2018013997,05/29/2018,05-May,3-Tuesday,23:09,2300 Hours,District 1 (Central),,POWESHIEK,I-80,MILEPOST 201.5 WB I-80,Collision with:  Animal,Unknown,N/A,Animal,None Indicated,N/A,N/A,N/A,N/A,N/A,N/A,Paved,N/A,Property Damage Only,0,0,0,0,0,0,3000,1,1,Westbound (WB),POINT (-92.363655741958 41.695676237762)
20181049876,18000964,05/29/2018,05-May,3-Tuesday,00:10,0000 Hours,District 1 (Central),HUXLEY,STORY,I-35,INTERSTATE 35/NW RAMP CURV,Collision with:  Animal,Unknown,N/A,Animal,None Indicated,N/A,N/A,N/A,N/A,N/A,N/A,Paved,N/A,Property Damage Only,0,0,0,0,0,0,3000,1,1,Eastbound (EB),POINT (-93.571518193015 41.880929583797)