Iowa DOT Case Number,Law Enforcement Case Number,Date of Crash,Month of Crash,Day of Week,Time of Crash,Hour,DOT District,City Name,County Name,Route with System,Location Description,First Harmful Event,Location of First Harmful Event,Manner of Crash/Collision,Major Cause,Drug or Alcohol ,Environmental Conditions,Light Conditions,Surface Conditions,Weather Conditions,Roadway Contribution,Roadway Type,Roadway Surface,Work Zone,Crash Severity,Number of Fatalities,Number of Injuries,Number of Major Injuries,Number of Minor Injuries,Number of Possible Injuries,Number of Unknown Injuries,Amount of Property Damage,Number of Vehicles Involved,Total Number of Occupants,Travel Direction,Location
20181050452,18-008628,05/30/2018,05-May,4-Wednesday,23:55,2300 Hours,District 2 (Northeast),,CHICKASAW,US 218,US 218,Collision with:  Animal,Unknown,N/A,Animal,None Indicated,N/A,N/A,N/A,N/A,N/A,N/A,Paved,N/A,Property Damage Only,0,0,0,0,0,0,9000,1,2,Eastbound (EB),POINT (-92.544744196966 42.9204726254)
20181049960,18-22025,05/30/2018,05-May,4-Wednesday,06:42,0600 Hours,District 5 (Southeast),,MUSCATINE,77,F070/155TH ST,Collision with:  Vehicle in traffic,On Roadway,Head-on (front to front),Ran off road - left,None Indicated,None apparent,Daylight,Wet,Cloudy,None apparent,Non-intersection:  Non-junction/no special feature,Paved,N/A,Property Damage Only,0,0,0,0,0,0,10000,2,2,Southbound (SB),POINT (-91.162810527455 41.523800431844)
20181053599,18-007579,05/31/2018,05-May,5-Thursday,19:01,1900 Hours,District 1 (Central),,HARDIN,IA-57,STATE 57/IOWA 57,Collision with:  Animal,Unknown,N/A,Animal,None Indicated,N/A,N/A,N/A,N/A,N/A,N/A,Paved,N/A,Property Damage Only,0,0,0,0,0,0,15000,1,1,Southbound (SB),POINT (-93.100156125815 42.556719289012)
20181050847,18-18975,06/01/2018,06-June,6-Friday,21:49,2100 Hours,District 5 (Southeast),MEDIAPOLIS,DES MOINES,77,MAIN ST,Collision with:  Vehicle in traffic,On Roadway,Broadside (front to side),Driver Distraction:  Other interior distraction,None Indicated,None apparent,Dark - roadway lighted,Dry,Clear,None apparent,Intersection:  Four-way intersection,Paved,N/A,Property Damage Only,0,0,0,0,0,0,7000,2,2,Southbound (SB),POINT (-91.169797508751 41.007960541787)
20181051000,2018014295,06/01/2018,06-June,6-Friday,14:00,1400 Hours,District 4 (Southwest),,DALLAS,I-80,INTERSTATE 80 EB MM 110.5,Collision with fixed object:  Cable barrier,Median,Non-collision (single vehicle),Improper or erratic lane changing,None Indicated,None apparent,Daylight,Dry,Clear,None apparent,Non-intersection:  Non-junction/no special feature,Paved,N/A,Property Damage Only,0,0,0,0,0,0,9000,1,1,Southbound (SB),POINT (-94.003005881808 41.541273236007)
20181050672,18-17834,06/02/2018,06-June,7-Saturday,11:12,1100 Hours,District 6 (East Central),,SCOTT,77,Y040/60 AVE,Collision with:  Vehicle in traffic,On Roadway,"Angle, oncoming left turn",FTYROW:  Making left turn,None Indicated,None apparent,Daylight,Dry,Clear,None apparent,"Non-intersection:  Driveway access (related, not in)",Paved,N/A,Minor Injury,0,1,0,1,0,0,15000,2,5,Northbound (NB),POINT (-90.782876850984 41.657025828121)
20181050559,18014576,06/02/2018,06-June,7-Saturday,13:41,1300 Hours,District 5 (Southeast),OSKALOOSA,MAHASKA,77,1200 BLK C AVE E,Collision with fixed object:  Utility pole/light support,Roadside,Non-collision (single vehicle),Driver Distraction:  Unrestrained animal,None Indicated,None apparent,Daylight,Dry,Cloudy,None apparent,Non-intersection:  Non-junction/no special feature,Paved,N/A,Possible/Unknown,0,1,0,0,1,0,6100,1,1,Southbound (SB),POINT (-92.630749716141 41.298536037186)
20181050584,20180016867,06/03/2018,06-June,1-Sunday,10:50,1000 Hours,District 1 (Central),DES MOINES,POLK,I-235,INTERSTATE 235/I 235 AND INTERSTATE 235/KEO WAY NE EXIT RAMP,Collision with:  Vehicle in traffic,On Roadway,"Sideswipe, same direction",Other (explain in narrative):  No improper action,None Indicated,None apparent,Daylight,Dry,Clear,None apparent,"Interchange-related:  Off-ramp, diverge area",Paved,N/A,Property Damage Only,0,0,0,0,0,0,3800,2,3,Westbound (WB),POINT (-93.633996561812 41.596024994369)
20181051786,2018014601,06/04/2018,06-June,2-Monday,23:57,2300 Hours,District 4 (Southwest),,HARRISON,I-29,INTERSTATE 29/I 29  73MM NB,Collision with:  Animal,On Roadway,Non-collision (single vehicle),Animal,None Indicated,Animal in roadway,N/A,N/A,N/A,None apparent,Non-intersection:  Non-junction/no special feature,Paved,N/A,Property Damage Only,0,0,0,0,0,0,10000,1,2,Northbound (NB),POINT (-95.91098139972 41.512158669947)
20181051039,20180017093,06/05/2018,06-June,3-Tuesday,10:21,1000 Hours,District 1 (Central),DES MOINES,POLK,77,THOMPSON AVE AND E 9TH ST,Collision with:  Vehicle in traffic,On Roadway,Broadside (front to side),FTYROW:  From stop sign,None Indicated,None apparent,Daylight,Dry,Clear,None apparent,Intersection:  Four-way intersection,Paved,N/A,Possible/Unknown,0,2,0,0,2,0,7000,2,2,Northbound (NB),POINT (-93.606547134239 41.613151716192)
20181050903,W18-042962,06/05/2018,06-June,3-Tuesday,05:29,0500 Hours,District 2 (Northeast),WATERLOO,BLACK HAWK,77,W AIRLINE HWY/ AIRLINE CIRCLE,Collision with:  Vehicle in traffic,On Roadway,Rear-end (front to rear),Followed too close,None Indicated,None apparent,Daylight,Dry,Clear,None apparent,Intersection:  T-intersection,Paved,N/A,Property Damage Only,0,0,0,0,0,0,4500,2,2,Southbound (SB),POINT (-92.363290352216 42.542043848264)
20181051353,20180017192,06/06/2018,06-June,4-Wednesday,02:00,0200 Hours,District 1 (Central),DES MOINES,POLK,77,27TH ST MEASURING 37 FEET NORTH FROM 27TH ST AND CLARK ST,Collision with:  Parked motor vehicle,Outside trafficway,Rear-end (front to rear),Lost Control,None Indicated,None apparent,Dark - roadway lighted,Dry,Clear,None apparent,Non-intersection:  Non-junction/no special feature,Paved,N/A,Possible/Unknown,0,1,0,0,0,1,2800,2,1,Northbound (NB),POINT (-93.653579684088 41.605607108022)
20181051375,2018005440,06/06/2018,06-June,4-Wednesday,15:01,1500 Hours,District 6 (East Central),IOWA CITY,JOHNSON,I-80,INTERSTATE 80/SE RAMP CURV,Collision with:  Animal,On Roadway,Non-collision (single vehicle),Animal,None Indicated,None apparent,Daylight,Dry,Clear,None apparent,Non-intersection:  Non-junction/no special feature,Paved,N/A,Property Damage Only,0,0,0,0,0,0,3500,1,1,Southbound (SB),POINT (-91.496474760334 41.686178953112)
20181051482,20180017317,06/07/2018,06-June,5-Thursday,09:53,0900 Hours,District 1 (Central),DES MOINES,POLK,77,BEAVER AVE MEASURING 101 FEET SOUTH FROM BEAVER AVE AND CLINTON AVE,Collision with fixed object:  Utility pole/light support,Shoulder,Non-collision (single vehicle),Ran off road - left,None Indicated,None apparent,Daylight,Dry,Clear,None apparent,Non-intersection:  Non-junction/no special feature,Paved,N/A,Property Damage Only,0,0,0,0,0,0,4500,1,1,Southbound (SB),POINT (-93.677337190354 41.628158712535)
20181051842,18-01482,06/08/2018,06-June,6-Friday,07:30,0700 Hours,District 1 (Central),URBANDALE,POLK,I-80,INTERSTATE 35/I 35 AND MEREDITH DR,Collision with:  Vehicle in traffic,On Roadway,Rear-end (front to rear),Other (explain in narrative):  Other,None Indicated,None apparent,Daylight,Dry,Clear,None apparent,Non-intersection:  Non-junction/no special feature,Paved,N/A,Possible/Unknown,0,1,0,0,1,0,6500,2,2,Westbound (WB),POINT (-93.777002398315 41.644146415941)
20181051856,2018-43836,06/08/2018,06-June,6-Friday,17:44,1700 Hours,District 6 (East Central),DAVENPORT,SCOTT,US 6,US 6/W KIMBERLY RD,Collision with:  Vehicle in traffic,On Roadway,Rear-end (front to rear),Followed too close,None Indicated,None apparent,Daylight,Dry,Clear,None apparent,Non-intersection:  Non-junction/no special feature,Paved,N/A,Minor Injury,0,1,0,1,0,0,5000,3,5,Southbound (SB),POINT (-90.595090336232 41.560068687664)
20181051781,20180017620,06/09/2018,06-June,7-Saturday,18:03,1800 Hours,District 1 (Central),DES MOINES,POLK,77,DELAWARE AVE AND E HULL AVE,Collision with:  Vehicle in traffic,On Roadway,Rear-end (front to rear),Followed too close,None Indicated,None apparent,Daylight,Dry,Clear,None apparent,Intersection:  Four-way intersection,Paved,N/A,Property Damage Only,0,0,0,0,0,0,2000,2,3,Northbound (NB),POINT (-93.581292559501 41.622298410376)
20181052161,CLP18001932,06/09/2018,06-June,7-Saturday,18:20,1800 Hours,District 6 (East Central),CLINTON,CLINTON,77,S 10TH ST AND LINCOLN BLVD,Collision with:  Vehicle in traffic,On Roadway,Broadside (front to side),FTYROW:  From stop sign,None Indicated,Glare,Daylight,Dry,Clear,None apparent,Non-intersection:  Crossover-related,Paved,N/A,Property Damage Only,0,0,0,0,0,0,6000,2,2,Northbound (NB),POINT (-90.208934778085 41.837167569513)
20181052746,2018015283,06/10/2018,06-June,1-Sunday,23:35,2300 Hours,District 6 (East Central),,IOWA,I-80,INTERSTATE 80/I 80 216 MM EB,Collision with:  Animal,Unknown,N/A,Animal,None Indicated,N/A,N/A,N/A,N/A,N/A,N/A,Paved,N/A,Property Damage Only,0,0,0,0,0,0,5000,1,1,Southbound (SB),POINT (-92.076630891482 41.689711322055)
20181052486,2018-44479,06/11/2018,06-June,2-Monday,06:52,0600 Hours,District 6 (East Central),DAVENPORT,SCOTT,77,ELMORE AVE MEASURING 396 FEET NORTH FROM E 53RD ST AND ELMORE AVE,Collision with fixed object:  Curb/island/raised median,On Roadway,Non-collision (single vehicle),"Operating vehicle in an reckless, erratic, careless, negligent manner",None Indicated,None apparent,Daylight,Dry,Cloudy,None apparent,Non-intersection:  Non-junction/no special feature,Paved,N/A,Minor Injury,0,1,0,1,0,0,5100,1,1,Northbound (NB),POINT (-90.528581396538 41.575949775089)
20181052358,2018-44923,06/12/2018,06-June,3-Tuesday,18:44,1800 Hours,District 6 (East Central),DAVENPORT,SCOTT,77,W PLEASANT ST AND N DIVISION ST,Collision with:  Vehicle in traffic,On Roadway,Broadside (front to side),FTYROW:  From stop sign,None Indicated,None apparent,Daylight,Dry,Clear,None apparent,Intersection:  Four-way intersection,Paved,N/A,Property Damage Only,0,0,0,0,0,0,6000,2,3,Northbound (NB),POINT (-90.601012345894 41.539369633498)
20181053638,18-170612-01,06/12/2018,06-June,3-Tuesday,00:20,0000 Hours,District 6 (East Central),NORTH ENGLISH,IOWA,77,MAIN ST,Collision with:  Vehicle in traffic,On Roadway,Other (explain in narrative),Aggressive driving/road rage,Under Influence of Alcohol/Drugs/Medications,None apparent,Dark - roadway lighted,Dry,Cloudy,None apparent,Non-intersection:  Non-junction/no special feature,Paved,N/A,Property Damage Only,0,0,0,0,0,0,3500,2,3,Northbound (NB),POINT (-92.07641415136 41.514709609737)
20181052654,2018-45124,06/13/2018,06-June,4-Wednesday,11:26,1100 Hours,District 6 (East Central),DAVENPORT,SCOTT,77,2336 W 49TH ST,Collision with:  Vehicle in traffic,On Roadway,Rear-end (front to rear),Driver Distraction:  Other interior distraction,None Indicated,None apparent,Daylight,Dry,Clear,None apparent,Non-intersection:  Non-junction/no special feature,Paved,N/A,Minor Injury,0,2,0,1,1,0,18000,2,2,Southbound (SB),POINT (-90.611820581643 41.570090452396)
20181052796,20180018216,06/14/2018,06-June,5-Thursday,16:31,1600 Hours,District 1 (Central),DES MOINES,POLK,US 69,US 69/SE 14TH ST MEASURING 471 FEET NORTH FROM US 69/SE 14TH ST AND E WATROUS AVE,Collision with:  Vehicle in traffic,On Roadway,"Sideswipe, same direction",Lost Control,None Indicated,None apparent,Daylight,Dry,Cloudy,None apparent,Non-intersection:  Non-junction/no special feature,Paved,N/A,Property Damage Only,0,0,0,0,0,0,3000,4,8,Northbound (NB),POINT (-93.596837917171 41.549377037603)
20181054263,18-010989,06/14/2018,06-June,5-Thursday,12:59,1200 Hours,District 2 (Northeast),,FLOYD,IA-14,B060/270TH ST AND STATE 14/IOWA 14,Collision with:  Re-entering roadway,On Roadway,Broadside (front to side),Driver Distraction:  Other interior distraction,None Indicated,None apparent,Daylight,Dry,Clear,None apparent,Non-intersection:  Non-junction/no special feature,Paved,N/A,Property Damage Only,0,0,0,0,0,0,4000,2,3,Northbound (NB),POINT (-92.8102120525 42.965327884321)
20181053142,18-01575,06/15/2018,06-June,6-Friday,18:55,1800 Hours,District 1 (Central),URBANDALE,POLK,I-80,INTERSTATE 35/I 35,Collision with:  Vehicle in traffic,On Roadway,"Sideswipe, same direction",Failed to keep in proper lane,None Indicated,None apparent,Daylight,Dry,Clear,Work Zone (roadway-related),Non-intersection:  Non-junction/no special feature,Paved,Yes,Property Damage Only,0,0,0,0,0,0,2500,2,3,Southbound (SB),POINT (-93.766508485778 41.651323497414)
20181052991,MC1806697,06/15/2018,06-June,6-Friday,16:13,1600 Hours,District 2 (Northeast),MASON CITY,CERRO GORDO,77,STATE 122/5TH ST SW AND S MONROE AVE AND STATE 122/IOWA 122,Collision with:  Vehicle in traffic,On Roadway,Rear-end (front to rear),Unknown,None Indicated,None apparent,Daylight,Dry,Clear,None apparent,Non-intersection:  Non-junction/no special feature,Paved,N/A,Property Damage Only,0,0,0,0,0,0,3000,2,4,Northbound (NB),POINT (-93.208637517653 43.147385134079)
20181053230,18003119,06/16/2018,06-June,7-Saturday,15:05,1500 Hours,District 1 (Central),AMES,STORY,77,S 4TH ST,Collision with:  Vehicle in traffic,On Roadway,Broadside (front to side),FTYROW:  From stop sign,None Indicated,None apparent,Daylight,Dry,Clear,None apparent,Intersection:  T-intersection,Paved,N/A,Minor Injury,0,1,0,1,0,0,3500,2,3,Southbound (SB),POINT (-93.619680577354 42.019382815415)
20181053223,18-1804,06/17/2018,06-June,1-Sunday,17:30,1700 Hours,District 1 (Central),FORT DODGE,WEBSTER,77,300 BLK NW 4TH ST,Collision with:  Vehicle in traffic,On Roadway,Broadside (front to side),FTYROW:  From driveway,None Indicated,None apparent,Daylight,Dry,Clear,None apparent,Non-intersection:  Driveway access (within),Paved,N/A,Property Damage Only,0,0,0,0,0,0,4000,2,2,Northbound (NB),POINT (-94.206190227504 42.516228957838)
20181053485,18-21160,06/18/2018,06-June,2-Monday,16:00,1600 Hours,District 5 (Southeast),BURLINGTON,DES MOINES,77,7TH ST MEASURING 106 FEET SOUTH FROM LINDEN ST AND 7TH ST,Collision with:  Parked motor vehicle,On Roadway,Rear-end (front to rear),Driver Distraction:  Exterior distraction,None Indicated,None apparent,Daylight,Dry,Clear,None apparent,Non-intersection:  Non-junction/no special feature,Paved,N/A,Property Damage Only,0,0,0,0,0,0,2800,2,2,Northbound (NB),POINT (-91.104257995877 40.820856655469)
20181054872,,06/18/2018,06-June,2-Monday,21:30,2100 Hours,District 4 (Southwest),,SHELBY,US 59,US 0059 / US 59,Collision with:  Vehicle in traffic,On Roadway,"Sideswipe, opposite direction",Unknown,None Indicated,N/A,Dark - roadway not lighted,Dry,Clear,N/A,Non-intersection:  Non-junction/no special feature,Paved,N/A,Property Damage Only,0,0,0,0,0,0,3000,2,4,Northbound (NB),POINT (-95.335106809896 41.553024125882)
20181053747,18-0146,06/19/2018,06-June,3-Tuesday,17:06,1700 Hours,District 1 (Central),POLK CITY,POLK,IA-415,S 14TH ST AND STATE 415/NW POLK CITY DR,Collision with:  Vehicle in traffic,On Roadway,Rear-end (front to rear),Followed too close,None Indicated,None apparent,Daylight,Dry,Cloudy,None apparent,Intersection:  T-intersection,Paved,N/A,Property Damage Only,0,0,0,0,0,0,4200,2,2,Northbound (NB),POINT (-93.691880557274 41.754252235205)
20181058013,MC1806783,06/20/2018,06-June,4-Wednesday,15:17,1500 Hours,District 2 (Northeast),MASON CITY,CERRO GORDO,77,S PIERCE AVE AND 15TH ST SW,Collision with:  Vehicle in traffic,On Roadway,Broadside (front to side),Ran Stop Sign,None Indicated,None apparent,Daylight,Dry,Clear,None apparent,Intersection:  Four-way intersection,Paved,N/A,Possible/Unknown,0,1,0,0,1,0,10500,2,2,Northbound (NB),POINT (-93.221047595082 43.137501509157)
20181054523,201809299,06/20/2018,06-June,4-Wednesday,20:37,2000 Hours,District 6 (East Central),CEDAR RAPIDS,LINN,77,INTERSTATE 380/MM20,Non-collision events:  Jackknife,On Roadway,Non-collision (single vehicle),Lost Control,None Indicated,Weather conditions,Dark - roadway lighted,Wet,Rain,None apparent,Non-intersection:  Non-junction/no special feature,Paved,N/A,Property Damage Only,0,0,0,0,0,0,3000,1,1,Southbound (SB),POINT (-91.672616794045 41.978948555016)
20181054015,2018005897,06/21/2018,06-June,5-Thursday,20:21,2000 Hours,District 6 (East Central),IOWA CITY,JOHNSON,IA-1,STATE 1/E BURLINGTON ST,Collision with:  Vehicle in traffic,On Roadway,Rear-end (front to rear),Followed too close,None Indicated,None apparent,Dusk,Dry,Cloudy,Work Zone (roadway-related),Non-intersection:  Non-junction/no special feature,Paved,Yes,Property Damage Only,0,0,0,0,0,0,2200,2,4,Northbound (NB),POINT (-91.533512555518 41.657853762152)
20181058421,2018016492,06/22/2018,06-June,6-Friday,06:10,0600 Hours,District 1 (Central),,STORY,I-35,INTERSTATE 35/I 35 SB 119.3,Collision with fixed object:  Cable barrier,On Roadway,Non-collision (single vehicle),Ran off road - left,None Indicated,None apparent,Dawn,Dry,Cloudy,None apparent,Non-intersection:  Non-junction/no special feature,Paved,N/A,Property Damage Only,0,0,0,0,0,0,34250,1,1,Eastbound (EB),POINT (-93.553257338734 42.124648040765)
20181054866,,06/22/2018,06-June,6-Friday,13:17,1300 Hours,District 6 (East Central),CEDAR RAPIDS,LINN,77,WRIGHT BROTHERS BLVD SW and Interstate 0380,N/A,Other (explain in narrative),"Sideswipe, same direction",Unknown,None Indicated,N/A,Daylight,Dry,Clear,N/A,Intersection:  Intersection with ramp,Paved,N/A,Property Damage Only,0,0,0,0,0,0,0,2,3,Southbound (SB),POINT (-91.673180776143 41.890664279818)
20181054206,18-026013,06/23/2018,06-June,7-Saturday,08:33,0800 Hours,District 4 (Southwest),COUNCIL BLUFFS,POTTAWATTAMIE,77,1500 BLOCK N BROADWAY,Collision with:  Vehicle in traffic,On Roadway,Rear to side,FTYROW:  From parked position,None Indicated,None apparent,Daylight,Dry,Clear,None apparent,Non-intersection:  Non-junction/no special feature,Paved,N/A,Property Damage Only,0,0,0,0,0,0,3000,2,2,Northbound (NB),POINT (-95.835786132114 41.276292772134)
20181054290,2018016632,06/24/2018,06-June,1-Sunday,06:55,0600 Hours,District 1 (Central),,POWESHIEK,I-80,I-80 EB AT 195.8 MM,Collision with:  Animal,Unknown,N/A,Animal,None Indicated,N/A,N/A,N/A,N/A,N/A,N/A,Paved,N/A,Property Damage Only,0,0,0,0,0,0,10000,1,2,Southbound (SB),POINT (-92.473345939182 41.694952255287)
20181055709,18004055,06/25/2018,06-June,2-Monday,13:59,1300 Hours,District 2 (Northeast),,MITCHELL,77,VALLEY AVE,Non-collision events:  Overturn/rollover,On Roadway,Non-collision (single vehicle),Ran off road - left,None Indicated,None apparent,Daylight,Gravel,Cloudy,None apparent,Non-intersection:  Non-junction/no special feature,Unpaved,N/A,Property Damage Only,0,0,0,0,0,0,6500,2,2,Northbound (NB),POINT (-92.614101872293 43.244365202294)
20181055020,18-0554,06/25/2018,06-June,2-Monday,13:30,1300 Hours,District 1 (Central),WINDSOR HEIGHTS,POLK,77,1100 BLK 73RD ST,Collision with:  Vehicle in traffic,On Roadway,Broadside (front to side),Made improper turn,None Indicated,None apparent,Daylight,Wet,Rain,None apparent,"Non-intersection:  Driveway access (related, not in)",Paved,N/A,Property Damage Only,0,0,0,0,0,0,8000,2,6,Eastbound (EB),POINT (-93.718028428409 41.599512070056)
20181055915,18-000866,06/26/2018,06-June,3-Tuesday,11:06,1100 Hours,District 1 (Central),JOHNSTON,POLK,77,6800-B NORTHGLENN DR,Collision with:  Vehicle in traffic,On Roadway,Head-on (front to front),Crossed centerline (undivided),None Indicated,None apparent,Daylight,Dry,Cloudy,None apparent,Non-intersection:  Non-junction/no special feature,Paved,N/A,Minor Injury,0,1,0,1,0,0,9000,2,1,Northbound (NB),POINT (-93.706024198148 41.687090856551)
20181055183,201800009329,06/27/2018,06-June,4-Wednesday,17:10,1700 Hours,District 4 (Southwest),VAN METER,DALLAS,77,F064/340TH TRL,Collision with:  Vehicle in traffic,On Roadway,Broadside (front to side),Swerving/Evasive Action,None Indicated,None apparent,Daylight,Dry,Clear,None apparent,Intersection:  T-intersection,Unpaved,N/A,Property Damage Only,0,0,0,0,0,0,8000,2,4,Southbound (SB),POINT (-93.948493593288 41.538042847189)
20181054874,18-003253,06/27/2018,06-June,4-Wednesday,07:45,0700 Hours,District 1 (Central),,POLK,77,NE 118TH AVE AND N ANKENY BLVD,Collision with:  Vehicle in traffic,On Roadway,Rear-end (front to rear),Other (explain in narrative):  Other,None Indicated,None apparent,Daylight,Dry,Clear,None apparent,Intersection:  Four-way intersection,Paved,N/A,Property Damage Only,0,0,0,0,0,0,4000,2,2,Southbound (SB),POINT (-93.600542184025 41.776806034635)
20181055495,18-3110-06,06/28/2018,06-June,5-Thursday,08:55,0800 Hours,District 4 (Southwest),ADEL,DALLAS,77,900 BLK OF COURT ST,Collision with:  Parked motor vehicle,In parking lane/zone,Rear to rear,Unknown,None Indicated,None apparent,Daylight,Dry,Clear,None apparent,Non-intersection:  Non-junction/no special feature,Paved,N/A,Possible/Unknown,0,1,0,0,0,1,2500,2,2,Southbound (SB),POINT (-94.019729044003 41.618209388854)
20181055409,18-003306,06/29/2018,06-June,6-Friday,07:14,0700 Hours,District 1 (Central),ANKENY,POLK,77,1500 SW ANKENY RD,Collision with:  Vehicle in traffic,On Roadway,Head-on (front to front),Other (explain in narrative):  Other,None Indicated,None apparent,Daylight,Dry,Clear,None apparent,Non-intersection:  Non-junction/no special feature,Paved,N/A,Possible/Unknown,0,1,0,0,1,0,15000,2,2,Northbound (NB),POINT (-93.619176503004 41.693725408179)
20181055575,18-0366,06/29/2018,06-June,6-Friday,15:15,1500 Hours,District 1 (Central),,WEBSTER,77,P059/QUAIL AVE,Collision with:  Vehicle in traffic,On Roadway,Head-on (front to front),Driver Distraction:  Inattentive/lost in thought,None Indicated,None apparent,Daylight,Dry,Clear,None apparent,Non-intersection:  Non-junction/no special feature,Paved,N/A,Possible/Unknown,0,1,0,0,1,0,20000,2,5,Northbound (NB),POINT (-94.128772067947 42.489424210667)
20181055479,18-003332,06/30/2018,06-June,7-Saturday,23:30,2300 Hours,District 1 (Central),ANKENY,POLK,I-35,93.5 INTERSTATE 35/I 35,Collision with:  Vehicle in traffic,On Roadway,Rear-end (front to rear),Driving too fast for conditions,None Indicated,Weather conditions,Dark - roadway not lighted,Wet,Rain,"Surface condition (e.g., wet, icy)","Interchange-related:  Mainline, between ramps",Paved,N/A,Possible/Unknown,0,1,0,0,0,1,9000,2,3,Northbound (NB),POINT (-93.573691146721 41.750462710758)
20181055491,18-03481,07/01/2018,07-July,1-Sunday,16:45,1600 Hours,District 1 (Central),WEST DES MOINES,POLK,I-35,INTERSTATE 35/I 35- 69.5 MM,Other (explain in narrative),On Roadway,Non-collision (single vehicle),Driver Distraction:  Other interior distraction,None Indicated,None apparent,Daylight,Dry,Clear,Other (explain in narrative),Non-intersection:  Non-junction/no special feature,Paved,N/A,Property Damage Only,0,0,0,0,0,0,4000,1,3,Eastbound (EB),POINT (-93.776386122589 41.552718494213)
20181055660,20180020341,07/02/2018,07-July,2-Monday,09:26,0900 Hours,District 1 (Central),DES MOINES,POLK,77,WALNUT ST AND 2ND AVE,Collision with:  Vehicle in traffic,On Roadway,Rear-end (front to rear),Followed too close,None Indicated,None apparent,Daylight,Dry,Clear,None apparent,Intersection:  Four-way intersection,Paved,N/A,Possible/Unknown,0,2,0,0,2,0,4000,2,2,Northbound (NB),POINT (-93.619714816641 41.586942495193)
20181055725,20180020380,07/02/2018,07-July,2-Monday,14:30,1400 Hours,District 1 (Central),DES MOINES,POLK,US 6,US 6/FREDERICK M HUBBELL AVE AND E 38TH ST,Collision with:  Vehicle in traffic,On Roadway,Rear-end (front to rear),Followed too close,None Indicated,None apparent,Daylight,Dry,Clear,None apparent,Intersection:  Four-way intersection,Paved,N/A,Property Damage Only,0,0,0,0,0,0,3000,2,2,Southbound (SB),POINT (-93.541904595464 41.630534269874)
20181055932,SOI20180265,07/03/2018,07-July,3-Tuesday,13:20,1300 Hours,District 1 (Central),,POWESHIEK,US 63,US 63 & 400TH AVE,Collision with fixed object:  Embankment,Outside trafficway,Non-collision (single vehicle),Ran off road - right,None Indicated,None apparent,Daylight,Dry,Clear,None apparent,Intersection:  Four-way intersection,Paved,N/A,Possible/Unknown,0,1,0,0,1,0,12000,1,1,Northbound (NB),POINT (-92.552040329873 41.716866947548)
20181073344,18006331,07/04/2018,07-July,4-Wednesday,15:08,1500 Hours,District 6 (East Central),,BUCHANAN,US 20,US 20 WB MM 249.5,Non-collision events:  Overturn/rollover,On Roadway,Non-collision (single vehicle),Other (explain in narrative):  No improper action,None Indicated,None apparent,Daylight,Dry,Clear,None apparent,Non-intersection:  Non-junction/no special feature,Paved,N/A,Minor Injury,0,1,0,1,0,0,500,1,1,Westbound (WB),POINT (-91.981061323887 42.450242518)
20181057590,18053018,07/05/2018,07-July,5-Thursday,21:53,2100 Hours,District 2 (Northeast),CEDAR FALLS,BLACK HAWK,77,S MAIN ST / UNIVERSITY AVE,Collision with:  Vehicle in traffic,On Roadway,Rear-end (front to rear),Followed too close,None Indicated,None apparent,Dawn,Dry,Clear,None apparent,Intersection:  Four-way intersection,Paved,N/A,Property Damage Only,0,0,0,0,0,0,3000,2,2,Northbound (NB),POINT (-92.44582486827 42.513077789508)
20181056270,20180020722,07/05/2018,07-July,5-Thursday,14:40,1400 Hours,District 1 (Central),DES MOINES,POLK,77,SW 14TH ST AND LELAND AVE,Collision with:  Vehicle in traffic,On Roadway,Broadside (front to side),FTYROW:  From stop sign,None Indicated,None apparent,Daylight,Dry,Clear,None apparent,Intersection:  Four-way intersection,Paved,N/A,Property Damage Only,0,0,0,0,0,0,2500,2,2,Northbound (NB),POINT (-93.635361083864 41.528345698592)
20181056381,TC3718,07/06/2018,07-July,6-Friday,15:34,1500 Hours,District 4 (Southwest),MISSOURI VALLEY,HARRISON,US 30,US 30/E ERIE ST AND N 8TH ST AND S 8TH ST,Collision with:  Vehicle in traffic,On Roadway,Rear-end (front to rear),Followed too close,None Indicated,None apparent,Daylight,Dry,Clear,None apparent,Intersection:  Four-way intersection,Paved,N/A,Property Damage Only,0,0,0,0,0,0,6500,2,3,Southbound (SB),POINT (-95.885149843364 41.55638118068)
20181056829,18002902,07/07/2018,07-July,7-Saturday,15:40,1500 Hours,District 3 (Northwest),,LYON,77,220TH ST MEASURING 1500 FEET EAST FROM 220TH ST AND EAGLE AVE,Non-collision events:  Other non-collision (explain in narrative),On Roadway,Non-collision (single vehicle),Exceeded authorized speed,Alcohol (Statutory),None apparent,Daylight,Gravel,Clear,None apparent,Non-intersection:  Non-junction/no special feature,Unpaved,N/A,Minor Injury,0,1,0,1,0,0,5000,1,1,Southbound (SB),POINT (-96.30839517771 43.330479779627)
20181056598,18-001228,07/08/2018,07-July,1-Sunday,10:55,1000 Hours,District 1 (Central),ALTOONA,POLK,77,3600-B 8TH ST SW,Collision with:  Vehicle in traffic,On Roadway,"Angle, oncoming left turn",FTYROW:  Making left turn,None Indicated,None apparent,Daylight,Dry,Clear,None apparent,Intersection:  Four-way intersection,Paved,N/A,Property Damage Only,0,0,0,0,0,0,7000,2,3,Southbound (SB),POINT (-93.506162679366 41.64413594321)
20181056956,201810316,07/09/2018,07-July,2-Monday,16:25,1600 Hours,District 6 (East Central),CEDAR RAPIDS,LINN,77,C AVE NE AND ASHTON PL NE AND BRENTWOOD DR NE,Collision with:  Vehicle in traffic,On Roadway,"Angle, oncoming left turn",FTYROW:  Making left turn,None Indicated,None apparent,Daylight,Dry,Clear,None apparent,Intersection:  Four-way intersection,Paved,N/A,Possible/Unknown,0,1,0,0,1,0,3000,2,2,Southbound (SB),POINT (-91.638615700678 42.041180704333)