Iowa DOT Case Number,Law Enforcement Case Number,Date of Crash,Month of Crash,Day of Week,Time of Crash,Hour,DOT District,City Name,County Name,Route with System,Location Description,First Harmful Event,Location of First Harmful Event,Manner of Crash/Collision,Major Cause,Drug or Alcohol ,Environmental Conditions,Light Conditions,Surface Conditions,Weather Conditions,Roadway Contribution,Roadway Type,Roadway Surface,Work Zone,Crash Severity,Number of Fatalities,Number of Injuries,Number of Major Injuries,Number of Minor Injuries,Number of Possible Injuries,Number of Unknown Injuries,Amount of Property Damage,Number of Vehicles Involved,Total Number of Occupants,Travel Direction,Location
20181056781,201807098361,07/09/2018,07-July,2-Monday,12:18,1200 Hours,District 6 (East Central),,CLINTON,US 30,US 30 MEASURING 1375 FEET EAST FROM US 30 AND 105 AVE,Non-collision events:  Overturn/rollover,On Roadway,Non-collision (single vehicle),Ran off road - right,None Indicated,None apparent,Daylight,Dry,Clear,None apparent,Non-intersection:  Non-junction/no special feature,Paved,N/A,Minor Injury,0,1,0,1,0,0,25000,1,1,Southbound (SB),POINT (-90.883674110476 41.839972561465)
20181057093,20180021344,07/10/2018,07-July,3-Tuesday,23:07,2300 Hours,District 1 (Central),DES MOINES,POLK,77,COURT AVE AND 3RD ST,Collision with:  Parked motor vehicle,On Roadway,Rear-end (front to rear),"Operating vehicle in an reckless, erratic, careless, negligent manner",None Indicated,None apparent,Dark - roadway lighted,Dry,Clear,None apparent,Non-intersection:  Non-junction/no special feature,Paved,N/A,Possible/Unknown,0,1,0,0,0,1,3000,2,2,Eastbound (EB),POINT (-93.620407104213 41.585317455641)
20181057278,201800006706,07/11/2018,07-July,4-Wednesday,17:47,1700 Hours,District 1 (Central),WEBSTER CITY,HAMILTON,77,GROVE ST,Collision with:  Vehicle in traffic,On Roadway,Broadside (front to side),Unknown,None Indicated,None apparent,Daylight,Dry,Clear,None apparent,Intersection:  Four-way intersection,Paved,N/A,Property Damage Only,0,0,0,0,0,0,2500,2,2,Northbound (NB),POINT (-93.828777310856 42.461870878706)
20181057303,S18-001817,07/11/2018,07-July,4-Wednesday,20:05,2000 Hours,District 4 (Southwest),,POTTAWATTAMIE,77,L034/ROAD L34 AND IDLEWOOD RD,Collision with:  Vehicle in traffic,On Roadway,Rear-end (front to rear),Lost Control,None Indicated,None apparent,Daylight,Dry,Clear,None apparent,Intersection:  T-intersection,Unpaved,N/A,Property Damage Only,0,0,0,0,0,0,2100,2,3,Southbound (SB),POINT (-95.761073659566 41.333697751549)
20181057221,18-5340,07/12/2018,07-July,5-Thursday,05:39,0500 Hours,District 1 (Central),,POLK,77,4800 BLOCK NW MORNINGSTAR DR,Collision with:  Animal,Unknown,N/A,Animal,None Indicated,N/A,N/A,N/A,N/A,N/A,N/A,Paved,N/A,Property Damage Only,0,0,0,0,0,0,1500,1,1,Northbound (NB),POINT (-93.646300603002 41.64701827096)
20181057659,201810537,07/13/2018,07-July,6-Friday,17:02,1700 Hours,District 6 (East Central),CEDAR RAPIDS,LINN,77,11TH ST NE,Collision with:  Animal,Outside trafficway,Non-collision (single vehicle),Animal,None Indicated,Animal in roadway,Daylight,Dry,Cloudy,None apparent,Non-intersection:  Non-junction/no special feature,Paved,N/A,Property Damage Only,0,0,0,0,0,0,4478,1,1,Northbound (NB),POINT (-91.666224233363 41.998958778468)
20181057809,2018-005790,07/13/2018,07-July,6-Friday,12:10,1200 Hours,District 6 (East Central),DUBUQUE,DUBUQUE,77,PENNSYLVANIA AVE MEASURING 307 FEET WEST FROM JOHN F KENNEDY RD AND PENNSYLVANIA AVE,Collision with:  Vehicle in traffic,On Roadway,Broadside (front to side),FTYROW:  From driveway,None Indicated,None apparent,Daylight,Dry,Clear,None apparent,"Non-intersection:  Driveway access (related, not in)",Paved,N/A,Property Damage Only,0,0,0,0,0,0,6500,2,4,Southbound (SB),POINT (-90.722395321182 42.500452409153)
20181057565,18-030043,07/14/2018,07-July,7-Saturday,11:33,1100 Hours,District 4 (Southwest),COUNCIL BLUFFS,POTTAWATTAMIE,I-80,SB/WB Interstate 0029,Collision with fixed object:  Ground,On Roadway,Non-collision (single vehicle),Lost Control,None Indicated,None apparent,Daylight,Dry,Clear,None apparent,Non-intersection:  Non-junction/no special feature,Paved,N/A,Minor Injury,0,1,0,1,0,0,1500,1,1,Southbound (SB),POINT (-95.88585841829 41.232456544)
20181057870,201810625,07/15/2018,07-July,1-Sunday,11:18,1100 Hours,District 6 (East Central),CEDAR RAPIDS,LINN,77,COUNCIL ST NE AND BLAIRS FERRY RD NE,Collision with:  Vehicle in traffic,On Roadway,Broadside (front to side),Ran Traffic Signal,None Indicated,None apparent,Daylight,Dry,Cloudy,None apparent,Intersection:  Four-way intersection,Paved,N/A,Property Damage Only,0,0,0,0,0,0,10000,2,2,Northbound (NB),POINT (-91.658349773161 42.035252774009)
20181058058,18-030544,07/16/2018,07-July,2-Monday,16:30,1600 Hours,District 4 (Southwest),,,I-80,0 MM INTERSTATE 80/I 80 (EASTBOUND),Collision with:  Vehicle in traffic,On Roadway,"Sideswipe, same direction",Improper or erratic lane changing,None Indicated,None apparent,Daylight,Unknown,Unknown,None apparent,Non-intersection:  Non-junction/no special feature,Unpaved,N/A,Possible/Unknown,0,2,0,0,1,1,3000,2,3,Southbound (SB),POINT (-95.911032366536 41.231669246269)
20181058380,2018-54875,07/17/2018,07-July,3-Tuesday,09:04,0900 Hours,District 6 (East Central),DAVENPORT,SCOTT,77,N DIVISION ST AND W 4TH ST,Collision with fixed object:  Other fixed object (explain in narrative),On Roadway,Non-collision (single vehicle),Other (explain in narrative):  Other,None Indicated,None apparent,Daylight,Dry,Cloudy,Work Zone (roadway-related),Intersection:  Four-way intersection,Paved,Yes,Property Damage Only,0,0,0,0,0,0,1500,1,1,Northbound (NB),POINT (-90.601193965481 41.52343202912)
20181058219,2018006795,07/17/2018,07-July,3-Tuesday,23:16,2300 Hours,District 6 (East Central),IOWA CITY,JOHNSON,I-80,INTERSTATE 80/I 80,Collision with:  Work zone maintenance equipment,Shoulder,Non-collision (single vehicle),Swerving/Evasive Action,None Indicated,None apparent,Dark - roadway not lighted,Dry,Clear,Work Zone (roadway-related),Non-intersection:  Non-junction/no special feature,Paved,Yes,Property Damage Only,0,0,0,0,0,0,5600,1,1,Southbound (SB),POINT (-91.482237232937 41.685127119854)
20181058511,18003588,07/18/2018,07-July,4-Wednesday,14:57,1400 Hours,District 1 (Central),AMES,STORY,77,BLOOMINGTON RD AND EISENHOWER AVE,Collision with:  Vehicle in traffic,On Roadway,Broadside (front to side),FTYROW:  From stop sign,None Indicated,None apparent,Daylight,Dry,Clear,None apparent,Intersection:  Four-way intersection,Paved,N/A,Property Damage Only,0,0,0,0,0,0,10000,2,5,Northbound (NB),POINT (-93.637974662114 42.056371563523)
20181058434,18-2144,07/19/2018,07-July,5-Thursday,10:39,1000 Hours,District 1 (Central),FORT DODGE,WEBSTER,77,N 20TH ST AND 2ND AVE N,Collision with:  Vehicle in traffic,On Roadway,Broadside (front to side),FTYROW:  From stop sign,None Indicated,None apparent,Daylight,Dry,Cloudy,None apparent,Intersection:  Four-way intersection,Paved,N/A,Property Damage Only,0,0,0,0,0,0,6500,2,3,Southbound (SB),POINT (-94.1709593477 42.508345180231)
20181058499,18-08427,07/19/2018,07-July,5-Thursday,22:08,2200 Hours,District 6 (East Central),,JONES,77,VIOLET RD,Collision with:  Animal,Unknown,N/A,Animal,None Indicated,N/A,N/A,N/A,N/A,N/A,N/A,Unpaved,N/A,Property Damage Only,0,0,0,0,0,0,5500,1,2,Northbound (NB),POINT (-91.309396336317 42.127044138436)
20181061259,18-150720-01,07/20/2018,07-July,6-Friday,18:25,1800 Hours,District 6 (East Central),,IOWA,77,4TH AVE,Collision with:  Vehicle in traffic,On Roadway,Rear-end (front to rear),FTYROW:  From stop sign,None Indicated,None apparent,Daylight,Dry,Clear,None apparent,Intersection:  T-intersection,Paved,N/A,Property Damage Only,0,0,0,0,0,0,2390,2,3,Northbound (NB),POINT (-91.968881511616 41.774603974583)
20181058861,201800010339,07/21/2018,07-July,7-Saturday,14:55,1400 Hours,District 4 (Southwest),,DALLAS,US 6,US 6/N AVE,Non-collision events:  Overturn/rollover,Shoulder,Non-collision (single vehicle),Ran off road - right,Under Influence of Alcohol/Drugs/Medications,None apparent,Daylight,Dry,Clear,None apparent,Non-intersection:  Non-junction/no special feature,Paved,N/A,Property Damage Only,0,0,0,0,0,0,7000,1,1,Southbound (SB),POINT (-94.012745969481 41.573865955595)
20181060048,1-18-000327,07/22/2018,07-July,1-Sunday,12:00,1200 Hours,District 3 (Northwest),,SHELBY,77,LINDEN RD AND F032/STREET F32,Collision with:  Vehicle in traffic,On Roadway,Broadside (front to side),FTYROW:  From stop sign,None Indicated,None apparent,Daylight,Dry,Clear,None apparent,Intersection:  Four-way intersection,Paved,N/A,Possible/Unknown,0,1,0,0,1,0,20000,2,3,Northbound (NB),POINT (-95.325229583616 41.732342671666)
20181059023,2018-006110,07/23/2018,07-July,2-Monday,23:00,2300 Hours,District 6 (East Central),DUBUQUE,DUBUQUE,US 20,US 20/DODGE ST,Collision with fixed object:  Curb/island/raised median,Median,Non-collision (single vehicle),Lost Control,None Indicated,None apparent,Dark - roadway lighted,Dry,Clear,None apparent,Non-intersection:  Other non-intersection (explain in narrative),Paved,N/A,Property Damage Only,0,0,0,0,0,0,1700,1,11,Southbound (SB),POINT (-90.741294473388 42.487958100591)
20181060032,18-01956,07/24/2018,07-July,3-Tuesday,12:00,1200 Hours,District 1 (Central),URBANDALE,POLK,I-80,I 35 EB MM127.8,Collision with:  Vehicle in traffic,On Roadway,"Sideswipe, same direction",Swerving/Evasive Action,None Indicated,None apparent,Daylight,Dry,Clear,None apparent,Non-intersection:  Non-junction/no special feature,Paved,N/A,Property Damage Only,0,0,0,0,0,0,16000,2,2,Southbound (SB),POINT (-93.765440065512 41.651357638875)
20181059423,18-003693,07/25/2018,07-July,4-Wednesday,07:35,0700 Hours,District 1 (Central),AMES,STORY,77,S 4TH ST AT S RIVERSIDE / STUART SMITH PARK,Collision with:  Vehicle in traffic,On Roadway,Rear-end (front to rear),Followed too close,None Indicated,None apparent,Daylight,Dry,Cloudy,None apparent,Intersection:  T-intersection,Paved,N/A,Property Damage Only,0,0,0,0,0,0,4500,2,2,Southbound (SB),POINT (-93.629983335585 42.016930980728)
20181059511,2018019433,07/25/2018,07-July,4-Wednesday,16:28,1600 Hours,District 5 (Southeast),,WARREN,I-35,INTERSTATE 35/I 35,Collision with:  Struck/struck by object/cargo/person from other vehicle,On Roadway,Other (explain in narrative),Other (explain in narrative):  No improper action,None Indicated,Other (explain in narrative),Daylight,Dry,Clear,None apparent,Non-intersection:  Non-junction/no special feature,Paved,N/A,Property Damage Only,0,0,0,0,0,0,2000,2,3,Eastbound (EB),POINT (-93.784177662901 41.164079137675)
20181059776,18006436,07/26/2018,07-July,5-Thursday,18:45,1800 Hours,District 6 (East Central),,DELAWARE,77,W069/145TH AVE,Collision with:  Animal,Unknown,N/A,Animal,None Indicated,N/A,N/A,N/A,N/A,N/A,N/A,Paved,N/A,Property Damage Only,0,0,0,0,0,0,5000,1,1,Northbound (NB),POINT (-91.519575319649 42.49534499166)
20181059918,201811257,07/27/2018,07-July,6-Friday,06:55,0600 Hours,District 6 (East Central),CEDAR RAPIDS,LINN,77,1300 BLK J AVE NE,Collision with fixed object:  Fence,Outside trafficway,Non-collision (single vehicle),Ran off road - left,None Indicated,None apparent,Daylight,Dry,Clear,None apparent,Non-intersection:  Non-junction/no special feature,Paved,N/A,Property Damage Only,0,0,0,0,0,0,4000,1,1,Southbound (SB),POINT (-91.662322394638 41.99962487587)
20181064946,2018019529,07/27/2018,07-July,6-Friday,01:53,0100 Hours,District 1 (Central),,HARDIN,US 65,US 65,Collision with:  Vehicle in traffic,On Roadway,Head-on (front to front),Failed to keep in proper lane,None Indicated,None apparent,Dark - roadway not lighted,Dry,Clear,None apparent,Non-intersection:  Non-junction/no special feature,Paved,N/A,Major Injury,0,2,1,0,1,0,23000,2,2,Northbound (NB),POINT (-93.309678596083 42.319901993007)
20181059690,2018-58177,07/28/2018,07-July,7-Saturday,11:46,1100 Hours,District 6 (East Central),DAVENPORT,SCOTT,77,TAYLOR ST AND W 3RD ST,Collision with:  Parked motor vehicle,Outside trafficway,"Sideswipe, same direction",Other (explain in narrative):  Other,None Indicated,None apparent,Daylight,Dry,Clear,None apparent,Non-intersection:  Non-junction/no special feature,Paved,N/A,Property Damage Only,0,0,0,0,0,0,1800,2,2,Northbound (NB),POINT (-90.591970575285 41.522338519691)
20181062387,18-007251,07/29/2018,07-July,1-Sunday,11:08,1100 Hours,District 6 (East Central),INDEPENDENCE,BUCHANAN,77,171 FT. NORTH OF INTERSECTION  6TH STR. N.E. AND 1ST AV. N.E.,Collision with:  Parked motor vehicle,On Roadway,Rear-end (front to rear),Other (explain in narrative):  Other,None Indicated,None apparent,Daylight,Dry,Cloudy,None apparent,Non-intersection:  Non-junction/no special feature,Paved,N/A,Property Damage Only,0,0,0,0,0,0,3100,2,1,Northbound (NB),POINT (-91.89477753179 42.473983730836)
20181060047,2018019768,07/30/2018,07-July,2-Monday,20:24,2000 Hours,District 2 (Northeast),CLEAR LAKE,CERRO GORDO,I-35,INTERSTATE 35 MEASURING 1820 FEET SOUTH FROM INTERSTATE 35 193MM,Collision with:  Animal,Unknown,N/A,Animal,None Indicated,N/A,N/A,N/A,N/A,N/A,N/A,Paved,N/A,Property Damage Only,0,0,0,0,0,0,2500,1,2,Northbound (NB),POINT (-93.356148223847 43.129560647912)
20181060196,2018-25277,07/31/2018,07-July,3-Tuesday,17:42,1700 Hours,District 1 (Central),,WARREN,US 65,US 65,Collision with:  Struck/struck by object/cargo/person from other vehicle,On Roadway,"Sideswipe, same direction",Other (explain in narrative):  Other,None Indicated,None apparent,Daylight,Dry,Clear,None apparent,Non-intersection:  Non-junction/no special feature,Paved,N/A,Property Damage Only,0,0,0,0,0,0,3500,2,3,Northbound (NB),POINT (-93.558226634732 41.46124446698)
20181060592,18-9409,07/31/2018,07-July,3-Tuesday,09:30,0900 Hours,District 3 (Northwest),CARROLL,CARROLL,US 71,US 71,Collision with:  Vehicle in traffic,On Roadway,"Sideswipe, same direction",Improper or erratic lane changing,None Indicated,None apparent,Daylight,Dry,Clear,None apparent,Non-intersection:  Non-junction/no special feature,Paved,N/A,Property Damage Only,0,0,0,0,0,0,6100,2,8,Northbound (NB),POINT (-94.878570469873 42.078198169264)
20181060529,18-008741,08/01/2018,08-August,4-Wednesday,16:04,1600 Hours,District 4 (Southwest),VILLISCA,MONTGOMERY,77,S FIRST AVE,Collision with:  Vehicle in traffic,On Roadway,"Sideswipe, opposite direction",Driver Distraction:  Reaching for object(s)/fallen object(s),None Indicated,Other (explain in narrative),Daylight,Dry,Clear,None apparent,Non-intersection:  Non-junction/no special feature,Paved,N/A,Property Damage Only,0,0,0,0,0,0,5500,2,1,Northbound (NB),POINT (-94.980085934231 40.93082807198)
20181060335,20180023986,08/02/2018,08-August,5-Thursday,02:21,0200 Hours,District 1 (Central),DES MOINES,POLK,77,E 33RD ST MEASURING 205 FEET NORTH FROM STATE 163/E UNIVERSITY AVE AND E 33RD ST,Collision with fixed object:  Utility pole/light support,Outside trafficway,Non-collision (single vehicle),"Operating vehicle in an reckless, erratic, careless, negligent manner",None Indicated,None apparent,Dark - roadway lighted,Dry,Clear,None apparent,Intersection:  Four-way intersection,Paved,N/A,Property Damage Only,0,0,0,0,0,0,10500,1,1,Northbound (NB),POINT (-93.551462335015 41.601107256906)
20181060485,18-04096,08/02/2018,08-August,5-Thursday,09:50,0900 Hours,District 1 (Central),WEST DES MOINES,POLK,77,ASHWORTH RD AND PRAIRIE VIEW DR,Collision with:  Vehicle in traffic,On Roadway,"Sideswipe, opposite direction",FTYROW:  Making left turn,None Indicated,None apparent,Daylight,Dry,Clear,None apparent,Intersection:  Four-way intersection,Paved,N/A,Property Damage Only,0,0,0,0,0,0,2250,2,3,Northbound (NB),POINT (-93.779897800528 41.584490304524)
20181067007,18-005848,08/03/2018,08-August,6-Friday,20:41,2000 Hours,District 5 (Southeast),,WAYNE,77,OHIO,Collision with fixed object:  Ditch,Shoulder,Non-collision (single vehicle),Ran off road - left,None Indicated,None apparent,Dark - roadway not lighted,Dry,Clear,None apparent,Non-intersection:  Non-junction/no special feature,Unpaved,N/A,Minor Injury,0,1,0,1,0,0,3100,1,1,Southbound (SB),POINT (-93.435541189418 40.782282050674)
20181061846,201811756,08/04/2018,08-August,7-Saturday,14:04,1400 Hours,District 6 (East Central),CEDAR RAPIDS,LINN,77,F AVE NW AND ELLIS BLVD NW,Collision with:  Vehicle in traffic,On Roadway,Rear to side,Improper Backing,None Indicated,None apparent,Daylight,Dry,Clear,None apparent,Non-intersection:  Non-junction/no special feature,Paved,N/A,Property Damage Only,0,0,0,0,0,0,2000,2,2,Westbound (WB),POINT (-91.682018517791 41.979002854945)
20181061396,2018-60560,08/05/2018,08-August,1-Sunday,14:58,1400 Hours,District 6 (East Central),DAVENPORT,SCOTT,77,S DIVISION ST AND ROCKINGHAM RD,Collision with:  Vehicle in traffic,On Roadway,Rear-end (front to rear),Driver Distraction:  Other electronic device activity,None Indicated,None apparent,Daylight,Dry,Clear,None apparent,Non-intersection:  Non-junction/no special feature,Paved,N/A,Property Damage Only,0,0,0,0,0,0,3000,2,3,Northbound (NB),POINT (-90.601754724424 41.519282750413)
20181061048,18-034126,08/06/2018,08-August,2-Monday,17:49,1700 Hours,District 4 (Southwest),COUNCIL BLUFFS,POTTAWATTAMIE,77,2ND AVE AND S 10TH ST,Collision with:  Parked motor vehicle,On Roadway,Rear-end (front to rear),Lost Control,Alcohol (Statutory),None apparent,Daylight,Wet,Rain,None apparent,Non-intersection:  Non-junction/no special feature,Paved,N/A,Possible/Unknown,0,1,0,0,0,1,20000,2,1,Southbound (SB),POINT (-95.858924163753 41.259643725468)
20181061218,18016812,08/07/2018,08-August,3-Tuesday,15:22,1500 Hours,District 6 (East Central),MARION,LINN,77,151 HY/KATZ DR,Collision with:  Vehicle in traffic,On Roadway,Broadside (front to side),Lost Control,Alcohol (Statutory),None apparent,Daylight,Dry,Clear,None apparent,Intersection:  Four-way intersection,Paved,N/A,Property Damage Only,0,0,0,0,0,0,3000,2,3,Southbound (SB),POINT (-91.569684053172 42.035929152917)
20181061277,2018020604,08/07/2018,08-August,3-Tuesday,17:58,1700 Hours,District 1 (Central),,HAMILTON,I-35,I-35 128 MM SB,Other (explain in narrative),On Roadway,Non-collision (single vehicle),Other (explain in narrative):  No improper action,None Indicated,None apparent,Daylight,Dry,Cloudy,None apparent,Non-intersection:  Non-junction/no special feature,Paved,N/A,Fatal,1,1,1,0,0,0,5000,1,2,Eastbound (EB),POINT (-93.570463769399 42.259622569183)
20181061491,1-18-000353,08/08/2018,08-August,4-Wednesday,23:05,2300 Hours,District 4 (Southwest),,SHELBY,IA-44,STATE 44/IOWA 44,Collision with fixed object:  Ditch,Shoulder,Non-collision (single vehicle),Lost Control,None Indicated,None apparent,Dark - roadway not lighted,Dry,Clear,None apparent,Non-intersection:  Non-junction/no special feature,Paved,N/A,Property Damage Only,0,0,0,0,0,0,1800,1,1,Southbound (SB),POINT (-95.365232216293 41.645822223526)
20181061504,2018-000070,08/09/2018,08-August,5-Thursday,11:50,1100 Hours,District 6 (East Central),ASBURY,DUBUQUE,77,SUNVALLEY DR,Collision with:  Other non-fixed object (explain in narrative),On Roadway,Non-collision (single vehicle),Other (explain in narrative):  No improper action,None Indicated,None apparent,Daylight,Dry,Cloudy,None apparent,Non-intersection:  Non-junction/no special feature,Paved,N/A,Minor Injury,0,1,0,1,0,0,800,1,1,Southbound (SB),POINT (-90.756040093299 42.515542851179)
20181061578,18-25315,08/09/2018,08-August,5-Thursday,14:06,1400 Hours,District 1 (Central),,JASPER,77,12000 F017/HWY F-17 E,Collision with:  Animal,Unknown,N/A,Animal,None Indicated,N/A,N/A,N/A,N/A,N/A,N/A,Paved,N/A,Property Damage Only,0,0,0,0,0,0,1500,1,0,Southbound (SB),POINT (-92.854306568788 41.819625279801)
20181062370,2018-26508,08/10/2018,08-August,6-Friday,17:00,1700 Hours,District 5 (Southeast),INDIANOLA,WARREN,77,1807 S E DR,Other (explain in narrative),On Roadway,Non-collision (single vehicle),Other (explain in narrative):  No improper action,None Indicated,None apparent,Daylight,Dry,Clear,None apparent,Non-intersection:  Non-junction/no special feature,Paved,N/A,Property Damage Only,0,0,0,0,0,0,1500,1,0,Northbound (NB),POINT (-93.567295714125 41.339345899423)
20181061741,1808108281,08/10/2018,08-August,6-Friday,15:38,1500 Hours,District 6 (East Central),,CLINTON,77,F012/220 ST AND Z024/330 AVE,Collision with:  Struck/struck by object/cargo/person from other vehicle,On Roadway,Broadside (front to side),Ran Stop Sign,None Indicated,None apparent,Daylight,Dry,Clear,None apparent,Intersection:  Four-way intersection,Paved,N/A,Minor Injury,0,1,0,1,0,0,8000,2,2,Northbound (NB),POINT (-90.451549816184 41.858886331306)
20181061797,18-014770,08/11/2018,08-August,7-Saturday,12:50,1200 Hours,District 5 (Southeast),,HENRY,77,H028/MERRIMAC RD,Non-collision events:  Overturn/rollover,Shoulder,Non-collision (single vehicle),Ran off road - right,None Indicated,None apparent,Daylight,Gravel,Clear,None apparent,Non-intersection:  Non-junction/no special feature,Unpaved,N/A,Possible/Unknown,0,1,0,0,1,0,5000,1,1,Southbound (SB),POINT (-91.711969583649 41.087016225103)
20181062022,18-09493,08/12/2018,08-August,1-Sunday,10:00,1000 Hours,District 6 (East Central),ANAMOSA,JONES,77,S FORD ST,Collision with:  Vehicle in traffic,On Roadway,Rear to side,Other (explain in narrative):  Other,None Indicated,None apparent,Daylight,Dry,Clear,None apparent,Non-intersection:  Non-junction/no special feature,Paved,N/A,Property Damage Only,0,0,0,0,0,0,3000,2,1,Northbound (NB),POINT (-91.285608310688 42.104265963175)
20181062572,18-007746,08/13/2018,08-August,2-Monday,18:48,1800 Hours,District 6 (East Central),INDEPENDENCE,BUCHANAN,77,602 16TH AVE NE,Collision with fixed object:  Mailbox,Outside trafficway,Non-collision (single vehicle),Ran off road - straight,None Indicated,None apparent,Daylight,Dry,Clear,None apparent,Intersection:  Other intersection (explain in narrative),Paved,N/A,Minor Injury,0,1,0,1,0,0,8500,1,1,Northbound (NB),POINT (-91.875189049266 42.474801793732)
20181062213,18-004263,08/14/2018,08-August,3-Tuesday,10:00,1000 Hours,District 1 (Central),ANKENY,POLK,77,1800 BLOCK NE DELAWARE AVE,Collision with:  Vehicle in traffic,On Roadway,Rear-end (front to rear),Driver Distraction:  Inattentive/lost in thought,None Indicated,None apparent,Daylight,Dry,Cloudy,None apparent,Non-intersection:  Non-junction/no special feature,Paved,N/A,Property Damage Only,0,0,0,0,0,0,10200,3,4,Northbound (NB),POINT (-93.581048091081 41.74734534434)
20181062510,18004073,08/15/2018,08-August,4-Wednesday,12:08,1200 Hours,District 1 (Central),AMES,STORY,77,UNIVERSITY BLVD AND LINCOLN WAY,Collision with:  Vehicle in traffic,On Roadway,Rear-end (front to rear),Other (explain in narrative):  Other,None Indicated,None apparent,Daylight,Dry,Clear,None apparent,Intersection:  Four-way intersection,Paved,N/A,Property Damage Only,0,0,0,0,0,0,1500,2,2,Southbound (SB),POINT (-93.633339033651 42.022820829504)
20181062626,18-005225,08/15/2018,08-August,4-Wednesday,13:00,1300 Hours,District 3 (Northwest),SANBORN,OBRIEN,77,ANGIE ST,Collision with:  Vehicle in traffic,On Roadway,Rear to side,Driver Distraction:  Other interior distraction,None Indicated,None apparent,Daylight,Dry,Clear,None apparent,"Non-intersection:  Driveway access (related, not in)",Paved,N/A,Property Damage Only,0,0,0,0,0,0,3500,2,2,Northbound (NB),POINT (-95.65971436193 43.17747624688)
20181062728,20180025779,08/16/2018,08-August,5-Thursday,20:45,2000 Hours,District 1 (Central),DES MOINES,POLK,77,E WALNUT ST 300 FT EAST OF E16TH,Collision with:  Parked motor vehicle,On Roadway,"Sideswipe, same direction","Operating vehicle in an reckless, erratic, careless, negligent manner",None Indicated,None apparent,Dusk,Dry,Cloudy,None apparent,Non-intersection:  Non-junction/no special feature,Paved,N/A,Property Damage Only,0,0,0,0,0,0,2500,2,2,Northbound (NB),POINT (-93.588265518993 41.593088527667)
20181063374,18-004564,08/17/2018,08-August,6-Friday,21:39,2100 Hours,District 4 (Southwest),,ADAIR,77,G027/170TH ST,Collision with fixed object:  Ditch,Unknown,Non-collision (single vehicle),"Operating vehicle in an reckless, erratic, careless, negligent manner",None Indicated,None apparent,Dark - roadway not lighted,Gravel,Clear,"Slippery, loose, or worn surface",Non-intersection:  Non-junction/no special feature,Unpaved,N/A,Minor Injury,0,1,0,1,0,0,25250,1,1,Southbound (SB),POINT (-94.459085013488 41.403264710125)
20181062734,C18003185,08/17/2018,08-August,6-Friday,09:10,0900 Hours,District 6 (East Central),CORALVILLE,JOHNSON,77,2600BL/CROSSPARK RD,Collision with:  Vehicle in traffic,On Roadway,Rear-end (front to rear),Followed too close,None Indicated,None apparent,Daylight,Dry,Clear,None apparent,Non-intersection:  Non-junction/no special feature,Paved,N/A,Possible/Unknown,0,1,0,0,1,0,7000,2,2,Northbound (NB),POINT (-91.605105635429 41.712335815976)
20181063240,2018007886,08/18/2018,08-August,7-Saturday,17:02,1700 Hours,District 6 (East Central),IOWA CITY,JOHNSON,77,HIGHLAND AVE AND S GILBERT ST,Collision with:  Vehicle in traffic,On Roadway,Broadside (front to side),FTYROW:  From stop sign,None Indicated,None apparent,Daylight,Dry,Clear,None apparent,Intersection:  T-intersection,Paved,N/A,Property Damage Only,0,0,0,0,0,0,2500,2,4,Northbound (NB),POINT (-91.532068796668 41.645802157248)
20181063049,18-001164,08/19/2018,08-August,1-Sunday,00:40,0000 Hours,District 1 (Central),,STORY,77,E029/190TH ST,Non-collision events:  Vehicle went airborne,Shoulder,Non-collision (single vehicle),Ran off road - right,None Indicated,None apparent,Dark - roadway not lighted,Dry,Clear,None apparent,Non-intersection:  Non-junction/no special feature,Paved,N/A,Possible/Unknown,0,1,0,0,1,0,2000,1,1,Southbound (SB),POINT (-93.516911656849 42.078200044319)
20181063492,18066823,08/20/2018,08-August,2-Monday,10:32,1000 Hours,District 2 (Northeast),CEDAR FALLS,BLACK HAWK,77,UNIVERSITY AVE,Collision with:  Vehicle in traffic,On Roadway,"Sideswipe, same direction",Made improper turn,None Indicated,None apparent,Daylight,Wet,Rain,None apparent,Intersection:  Four-way intersection,Paved,N/A,Property Damage Only,0,0,0,0,0,0,2500,2,2,Southbound (SB),POINT (-92.446640420869 42.51308173034)
20181063241,2018007968,08/20/2018,08-August,2-Monday,17:36,1700 Hours,District 6 (East Central),IOWA CITY,JOHNSON,77,LAKESIDE DR AND US 6,Collision with:  Vehicle in traffic,On Roadway,Broadside (front to side),Other (explain in narrative):  Other,None Indicated,None apparent,Daylight,Wet,Rain,None apparent,Non-intersection:  Non-junction/no special feature,Paved,N/A,Property Damage Only,0,0,0,0,0,0,4000,2,3,Northbound (NB),POINT (-91.497452612453 41.63535716558)