Iowa DOT Case Number,Law Enforcement Case Number,Date of Crash,Month of Crash,Day of Week,Time of Crash,Hour,DOT District,City Name,County Name,Route with System,Location Description,First Harmful Event,Location of First Harmful Event,Manner of Crash/Collision,Major Cause,Drug or Alcohol ,Environmental Conditions,Light Conditions,Surface Conditions,Weather Conditions,Roadway Contribution,Roadway Type,Roadway Surface,Work Zone,Crash Severity,Number of Fatalities,Number of Injuries,Number of Major Injuries,Number of Minor Injuries,Number of Possible Injuries,Number of Unknown Injuries,Amount of Property Damage,Number of Vehicles Involved,Total Number of Occupants,Travel Direction,Location
20181063398,2018-65029,08/21/2018,08-August,3-Tuesday,15:39,1500 Hours,District 6 (East Central),DAVENPORT,SCOTT,77,W 4TH ST MEASURING 32 FEET WEST FROM BROWN ST AND W 4TH ST,Collision with:  Vehicle in traffic,On Roadway,Rear-end (front to rear),Followed too close,None Indicated,None apparent,Daylight,Dry,Clear,None apparent,Non-intersection:  Non-junction/no special feature,Paved,N/A,Property Damage Only,0,0,0,0,0,0,17000,4,5,Westbound (WB),POINT (-90.584556479208 41.523515903519)
20181064008,18067417,08/22/2018,08-August,4-Wednesday,09:49,0900 Hours,District 2 (Northeast),CEDAR FALLS,BLACK HAWK,77,21ST ST AND FRANKLIN ST,Collision with:  Vehicle in traffic,On Roadway,Broadside (front to side),FTYROW:  From yield sign,None Indicated,None apparent,Daylight,Dry,Clear,None apparent,Intersection:  Four-way intersection,Paved,N/A,Property Damage Only,0,0,0,0,0,0,5000,2,2,Northbound (NB),POINT (-92.449511538027 42.518823257827)
20181063792,18-009700,08/23/2018,08-August,5-Thursday,11:00,1100 Hours,District 3 (Northwest),HAWARDEN,SIOUX,77,CENTRAL AVE,Collision with:  Vehicle in traffic,On Roadway,Broadside (front to side),FTYROW:  From stop sign,None Indicated,None apparent,Daylight,Dry,Clear,None apparent,Intersection:  Four-way intersection,Paved,N/A,Property Damage Only,0,0,0,0,0,0,3000,2,3,Northbound (NB),POINT (-96.485229129785 42.996693189417)
20181064573,2018-00817,08/24/2018,08-August,6-Friday,07:30,0700 Hours,District 4 (Southwest),WAUKEE,DALLAS,77,UNIVERSITY AVE,Collision with:  Vehicle in traffic,On Roadway,Broadside (front to side),FTYROW:  Making left turn,None Indicated,None apparent,Daylight,Wet,Freezing rain/drizzle,None apparent,"Non-intersection:  Driveway access (related, not in)",Paved,N/A,Property Damage Only,0,0,0,0,0,0,5800,2,3,Southbound (SB),POINT (-93.86229995791 41.600402963086)
20181064128,18-28238,08/24/2018,08-August,6-Friday,15:45,1500 Hours,District 3 (Northwest),SIOUX CITY,WOODBURY,IA-812,STATE 12/GORDON DR,Collision with:  Vehicle in traffic,On Roadway,Rear-end (front to rear),Operator inexperience,None Indicated,None apparent,Daylight,Dry,Clear,"Traffic backup, regular congestion",Non-intersection:  Non-junction/no special feature,Paved,N/A,Property Damage Only,0,0,0,0,0,0,2400,2,2,Southbound (SB),POINT (-96.398965000013 42.489750127172)
20181080712,SOI20180330,08/25/2018,08-August,7-Saturday,00:12,0000 Hours,District 1 (Central),,POWESHIEK,IA-146,3400 BLK STATE 146/IOWA 146,Collision with:  Animal,On Roadway,Non-collision (single vehicle),Animal,None Indicated,Animal in roadway,Dark - roadway not lighted,Wet,"Fog, smoke, smog",None apparent,Non-intersection:  Non-junction/no special feature,Paved,N/A,Property Damage Only,0,0,0,0,0,0,20000,1,1,Northbound (NB),POINT (-92.72739779388 41.802362064563)
20181065717,MC1807960,08/25/2018,08-August,7-Saturday,07:52,0700 Hours,District 6 (East Central),,,77,,Collision with:  Vehicle in traffic,On Roadway,Rear-end (front to rear),Driver Distraction:  Other interior distraction,None Indicated,None apparent,Daylight,Dry,Clear,None apparent,Non-intersection:  Non-junction/no special feature,Unpaved,N/A,Property Damage Only,0,0,0,0,0,0,2250,2,2,N/A,POINT (0 0)
20181065932,18-029570,08/26/2018,08-August,1-Sunday,20:35,2000 Hours,District 5 (Southeast),,LEE,US 61,US 61,Collision with:  Animal,Unknown,N/A,Animal,None Indicated,N/A,N/A,N/A,N/A,N/A,N/A,Paved,N/A,Property Damage Only,0,0,0,0,0,0,1500,1,3,Northbound (NB),POINT (-91.239463270288 40.703454888767)
20181064487,SA1808290,08/27/2018,08-August,2-Monday,17:48,1700 Hours,District 5 (Southeast),KALONA,WASHINGTON,77,4TH ST,Collision with:  Vehicle in traffic,On Roadway,Head-on (front to front),FTYROW:  Making left turn,None Indicated,None apparent,Daylight,Dry,Clear,None apparent,Intersection:  Four-way intersection,Paved,N/A,Possible/Unknown,0,1,0,0,1,0,10500,2,2,Northbound (NB),POINT (-91.707716122762 41.485973324488)
20181064406,18-12819,08/28/2018,08-August,3-Tuesday,14:33,1400 Hours,District 6 (East Central),,JACKSON,IA-64,STATE 64/HWY 64,Collision with fixed object:  Ditch,On Roadway,Non-collision (single vehicle),Ran off road - left,None Indicated,None apparent,Daylight,Dry,Cloudy,None apparent,Non-intersection:  Non-junction/no special feature,Paved,N/A,Property Damage Only,0,0,0,0,0,0,6000,1,1,Southbound (SB),POINT (-90.423900492799 42.055333048833)
20181066271,90-18-362,08/28/2018,08-August,3-Tuesday,16:01,1600 Hours,District 2 (Northeast),,HUMBOLDT,77,P056/K RD AND C026/170TH ST,Collision with:  Vehicle in traffic,On Roadway,Broadside (front to side),FTYROW:  From stop sign,None Indicated,None apparent,Daylight,Wet,Rain,None apparent,Intersection:  Four-way intersection,Paved,N/A,Possible/Unknown,0,1,0,0,1,0,9000,2,7,Northbound (NB),POINT (-94.178820699685 42.804067385219)
20181066743,1807891PD,08/29/2018,08-August,4-Wednesday,06:22,0600 Hours,District 1 (Central),BOONE,BOONE,77,MAMIE EISENHOWER AVE,Collision with fixed object:  Bridge overhead structure,On Roadway,Non-collision (single vehicle),FTYROW:  Other (explain in narrative),None Indicated,Other (explain in narrative),Dawn,Dry,Clear,None apparent,Non-intersection:  Non-junction/no special feature,Paved,N/A,Property Damage Only,0,0,0,0,0,0,10001,1,1,Southbound (SB),POINT (-93.856221128451 42.057139411173)
20181065993,18145132,08/29/2018,08-August,4-Wednesday,00:01,0000 Hours,District 6 (East Central),,JOHNSON,77,W066/SAND RD,Collision with fixed object:  Embankment,Outside trafficway,Non-collision (single vehicle),Ran off road - right,None Indicated,None apparent,Unknown,Unknown,Unknown,None apparent,Non-intersection:  Non-junction/no special feature,Paved,N/A,Minor Injury,0,1,0,1,0,0,7000,1,1,Northbound (NB),POINT (-91.501613649274 41.552583715195)
20181065379,2018013316,08/30/2018,08-August,5-Thursday,07:46,0700 Hours,District 6 (East Central),CEDAR RAPIDS,LINN,77,5800 BLK COUNCIL ST NE,Collision with:  Vehicle in traffic,On Roadway,Rear-end (front to rear),Lost Control,None Indicated,None apparent,Daylight,Dry,Clear,None apparent,Non-intersection:  Non-junction/no special feature,Paved,N/A,Possible/Unknown,0,1,0,0,1,0,3000,2,2,Northbound (NB),POINT (-91.658348402331 42.03589220897)
20181064962,18-04624,08/31/2018,08-August,6-Friday,06:55,0600 Hours,District 1 (Central),WEST DES MOINES,POLK,I-235,INTERSTATE 235/NE RAMP,Collision with:  Vehicle in traffic,On Roadway,"Sideswipe, same direction",Lost Control,None Indicated,Weather conditions,Daylight,Wet,Rain,"Surface condition (e.g., wet, icy)",Non-intersection:  Non-junction/no special feature,Paved,N/A,Possible/Unknown,0,1,0,0,1,0,7000,2,3,Westbound (WB),POINT (-93.747310367059 41.592470967667)
20181065031,2018008359,08/31/2018,08-August,6-Friday,17:09,1700 Hours,District 6 (East Central),IOWA CITY,JOHNSON,IA-1,N DUBUQUE RD AND STATE 1/N DODGE ST AND N SCOTT BLVD,Collision with:  Vehicle in traffic,On Roadway,"Sideswipe, same direction",Unknown,None Indicated,None apparent,Daylight,Dry,Cloudy,None apparent,Non-intersection:  Non-junction/no special feature,Paved,N/A,Property Damage Only,0,0,0,0,0,0,1500,2,2,Eastbound (EB),POINT (-91.507855408871 41.681409589341)
20181066159,S18-10924,09/01/2018,09-September,7-Saturday,05:30,0500 Hours,District 3 (Northwest),,WOODBURY,77,ELK CREEK RD,Collision with fixed object:  Ditch,Roadside,Non-collision (single vehicle),Ran off road - left,Under Influence of Alcohol/Drugs/Medications,None apparent,Dark - roadway not lighted,Gravel,Rain,None apparent,Non-intersection:  Non-junction/no special feature,Unpaved,N/A,Property Damage Only,0,0,0,0,0,0,2000,1,1,Northbound (NB),POINT (-96.310442208273 42.410438277176)
20181065137,20180027708,09/01/2018,09-September,7-Saturday,14:20,1400 Hours,District 1 (Central),DES MOINES,POLK,US 69,US 69/E 14TH ST AND E WALNUT ST,Collision with:  Vehicle in traffic,On Roadway,"Sideswipe, same direction",Improper or erratic lane changing,None Indicated,None apparent,Daylight,Dry,Clear,None apparent,Non-intersection:  Non-junction/no special feature,Paved,N/A,Property Damage Only,0,0,0,0,0,0,4000,2,2,Eastbound (EB),POINT (-93.597247701654 41.591276796367)
20181065212,18016533,09/02/2018,09-September,1-Sunday,19:49,1900 Hours,District 5 (Southeast),,HENRY,US 34,US 34,Collision with:  Animal,Unknown,N/A,Animal,None Indicated,N/A,N/A,N/A,N/A,N/A,N/A,Paved,N/A,Property Damage Only,0,0,0,0,0,0,4000,1,1,Westbound (WB),POINT (-91.595914700466 40.986214099467)
20181065316,18-04687,09/03/2018,09-September,2-Monday,17:15,1700 Hours,District 1 (Central),WEST DES MOINES,DALLAS,I-80,8200 BLOCK I-80 WESTBOUND,Other (explain in narrative),On Roadway,Non-collision (single vehicle),Ran off road - left,None Indicated,Weather conditions,Daylight,Wet,Rain,Other (explain in narrative),Non-intersection:  Non-junction/no special feature,Paved,N/A,Property Damage Only,0,0,0,0,0,0,4000,1,1,Southbound (SB),POINT (-93.817274402508 41.587851582553)
20181066553,2018008489,09/04/2018,09-September,3-Tuesday,09:02,0900 Hours,District 6 (East Central),IOWA CITY,JOHNSON,77,KIRKWOOD AVE AND MAIDEN LN,Collision with:  Vehicle in traffic,On Roadway,Broadside (front to side),FTYROW:  From driveway,None Indicated,None apparent,Daylight,Dry,Clear,None apparent,Non-intersection:  Driveway access (within),Paved,N/A,Minor Injury,0,1,0,1,0,0,6500,2,2,Northbound (NB),POINT (-91.530749268534 41.649442084754)
20181065895,18037347,09/05/2018,09-September,4-Wednesday,20:34,2000 Hours,District 5 (Southeast),,MUSCATINE,IA-22,1900 BLOCK HWY 22,Collision with:  Animal,Unknown,N/A,Animal,None Indicated,N/A,N/A,N/A,N/A,N/A,N/A,Paved,N/A,Property Damage Only,0,0,0,0,0,0,5000,1,1,Southbound (SB),POINT (-91.187079304475 41.446510037627)
20181066013,C18004367,09/05/2018,09-September,4-Wednesday,16:15,1600 Hours,District 6 (East Central),CORALVILLE,JOHNSON,77,CORAL CT,Collision with:  Vehicle in traffic,On Roadway,"Sideswipe, same direction",Aggressive driving/road rage,None Indicated,None apparent,Daylight,Wet,Rain,None apparent,"Non-intersection:  Driveway access (related, not in)",Paved,N/A,Minor Injury,0,1,0,1,0,0,10000,2,2,Northbound (NB),POINT (-91.610073898364 41.706019199727)
20181066106,18-0491,09/06/2018,09-September,5-Thursday,06:58,0600 Hours,District 1 (Central),,WEBSTER,US 20,US 20/NE RAMP CURV,Collision with:  Vehicle in traffic,On Roadway,Rear-end (front to rear),Driver Distraction:  Exterior distraction,None Indicated,None apparent,Daylight,Dry,Clear,None apparent,Interchange-related:  Off-ramp,Paved,N/A,Property Damage Only,0,0,0,0,0,0,7727,2,3,Westbound (WB),POINT (-94.122639515641 42.45200243552)
20181066593,201813787,09/07/2018,09-September,6-Friday,11:29,1100 Hours,District 6 (East Central),CEDAR RAPIDS,LINN,77,3300 BLK EDGEWOOD RD SW,Collision with:  Vehicle in traffic,On Roadway,"Sideswipe, same direction",Improper or erratic lane changing,None Indicated,None apparent,Daylight,Dry,Cloudy,None apparent,Non-intersection:  Non-junction/no special feature,Paved,N/A,Property Damage Only,0,0,0,0,0,0,7000,3,4,Northbound (NB),POINT (-91.716011509252 41.9446141039)
20181066558,2018008613,09/07/2018,09-September,6-Friday,10:12,1000 Hours,District 6 (East Central),IOWA CITY,JOHNSON,77,JOHNSON ST AND E MARKET ST,Collision with:  Vehicle in traffic,On Roadway,Broadside (front to side),FTYROW:  From stop sign,None Indicated,None apparent,Daylight,Wet,Cloudy,None apparent,Intersection:  Other intersection (explain in narrative),Paved,N/A,Property Damage Only,0,0,0,0,0,0,3000,2,2,Northbound (NB),POINT (-91.52720981828 41.663537543023)
20181066318,18-039450,09/08/2018,09-September,7-Saturday,18:48,1800 Hours,District 4 (Southwest),COUNCIL BLUFFS,POTTAWATTAMIE,77,1600 BLOCK W BROADWAY,Collision with:  Vehicle in traffic,On Roadway,"Angle, oncoming left turn",Made improper turn,None Indicated,None apparent,Daylight,Dry,Clear,None apparent,Non-intersection:  Non-junction/no special feature,Paved,N/A,Property Damage Only,0,0,0,0,0,0,3500,2,4,Southbound (SB),POINT (-95.867554626335 41.261851629648)
20181066341,20180028606,09/09/2018,09-September,1-Sunday,00:23,0000 Hours,District 1 (Central),DES MOINES,POLK,IA-163,STATE 163/E UNIVERSITY AVE MEASURING 252 FEET WEST FROM E 15TH ST,Collision with:  Vehicle in traffic,On Roadway,"Sideswipe, same direction",Other (explain in narrative):  Other,None Indicated,None apparent,Dark - roadway lighted,Dry,Clear,None apparent,Non-intersection:  Other non-intersection (explain in narrative),Paved,N/A,Property Damage Only,0,0,0,0,0,0,1500,2,2,Southbound (SB),POINT (-93.59837983583 41.600836602716)
20181067541,18-02395,09/10/2018,09-September,2-Monday,07:26,0700 Hours,District 1 (Central),URBANDALE,POLK,US 6,11100 BLK OF HICKMAN ROAD,Collision with:  Vehicle in traffic,On Roadway,Rear-end (front to rear),"Operating vehicle in an reckless, erratic, careless, negligent manner",Alcohol (Statutory),None apparent,Daylight,Dry,Clear,None apparent,Intersection:  Four-way intersection,Paved,N/A,Property Damage Only,0,0,0,0,0,0,7000,2,2,Westbound (WB),POINT (-93.771274192091 41.614902740464)
20181067026,2018023751,09/10/2018,09-September,2-Monday,11:33,1100 Hours,District 2 (Northeast),,CERRO GORDO,US 18,US 18 MM 190 WB,Collision with:  Vehicle in traffic,On Roadway,Head-on (front to front),Traveling wrong way or on wrong side of road,Drug,None apparent,Daylight,Dry,Clear,None apparent,Non-intersection:  Non-junction/no special feature,Paved,N/A,Fatal,1,1,0,1,0,0,35000,2,2,Westbound (WB),POINT (-93.123868991201 43.112002043928)
20181066888,20180028903,09/11/2018,09-September,3-Tuesday,16:24,1600 Hours,District 1 (Central),DES MOINES,POLK,I-235,GUTHRIE AVE AND INTERSTATE 235/SE RAMP AND INTERSTATE 235/NE RAMP,Collision with:  Vehicle in traffic,On Roadway,"Sideswipe, same direction",Ran Traffic Signal,None Indicated,None apparent,Daylight,Dry,Clear,None apparent,"Interchange-related:  Off-ramp, diverge area",Paved,N/A,Possible/Unknown,0,2,0,0,2,0,5000,2,3,Southbound (SB),POINT (-93.576582021425 41.614999269196)
20181068870,032-085-18,09/11/2018,09-September,3-Tuesday,10:15,1000 Hours,District 3 (Northwest),ESTHERVILLE,EMMET,77,215S 7TH ST,Collision with:  Vehicle in traffic,On Roadway,"Sideswipe, same direction",Other (explain in narrative):  Other,None Indicated,None apparent,Daylight,Dry,Clear,None apparent,Non-intersection:  Non-junction/no special feature,Paved,N/A,Property Damage Only,0,0,0,0,0,0,5500,2,1,Northbound (NB),POINT (-94.835301064258 43.399915033566)
20181067149,WSO1803543,09/12/2018,09-September,4-Wednesday,11:20,1100 Hours,District 2 (Northeast),,WINNESHIEK,IA-24,STATE 24/IOWA 24 AND 295TH AVE,Collision with:  Vehicle in traffic,On Roadway,Rear-end (front to rear),Driving too fast for conditions,None Indicated,Weather conditions,Daylight,Dry,Clear,None apparent,Intersection:  Four-way intersection,Paved,N/A,Possible/Unknown,0,1,0,0,1,0,2500,2,2,Southbound (SB),POINT (-91.982797137612 43.126151691215)
20181067223,20180029163,09/13/2018,09-September,5-Thursday,16:16,1600 Hours,District 1 (Central),DES MOINES,POLK,77,AMOS AVE AND SW 9TH ST MEASURING 422 FEET NORTH FROM MASON AVE AND SW 9TH ST,Collision with:  Vehicle in traffic,On Roadway,Rear-end (front to rear),Followed too close,None Indicated,None apparent,Daylight,Dry,Clear,None apparent,Non-intersection:  Non-junction/no special feature,Paved,N/A,Property Damage Only,0,0,0,0,0,0,6500,2,4,Northbound (NB),POINT (-93.625660583149 41.519283445073)
20181067417,20180029199,09/13/2018,09-September,5-Thursday,19:00,1900 Hours,District 1 (Central),DES MOINES,POLK,77,DAY ST AND 7TH ST AND INTERSTATE 235/7TH ST NW ENTRANCE RAMP,Collision with:  Vehicle in traffic,On Roadway,Broadside (front to side),Unknown,None Indicated,Glare,Dusk,Dry,Clear,None apparent,Intersection:  Other intersection (explain in narrative),Paved,N/A,Possible/Unknown,0,1,0,0,0,1,1500,2,3,Eastbound (EB),POINT (-93.626883423813 41.596262159562)
20181067569,2018-72035,09/14/2018,09-September,6-Friday,14:31,1400 Hours,District 6 (East Central),DAVENPORT,SCOTT,77,N DIVISION ST AND W 17TH ST,Collision with:  Vehicle in traffic,On Roadway,Broadside (front to side),FTYROW:  From stop sign,None Indicated,None apparent,Daylight,Dry,Clear,None apparent,Intersection:  Four-way intersection,Paved,N/A,Property Damage Only,0,0,0,0,0,0,7500,2,2,Northbound (NB),POINT (-90.601152429179 41.536877776526)
20181067340,18156407,09/14/2018,09-September,6-Friday,15:52,1500 Hours,District 6 (East Central),,JOHNSON,IA-1,STATE 1/IOWA 1,Collision with:  Vehicle in traffic,On Roadway,Rear-end (front to rear),Passing:  With insufficient distance/inadequate visibility,None Indicated,None apparent,Daylight,Dry,Clear,None apparent,Non-intersection:  Non-junction/no special feature,Paved,N/A,Property Damage Only,0,0,0,0,0,0,2200,2,5,Northbound (NB),POINT (-91.480575989262 41.763319645193)
20181067530,CL1803880,09/15/2018,09-September,7-Saturday,09:40,0900 Hours,District 2 (Northeast),CLEAR LAKE,CERRO GORDO,I-35,INTERSTATE 35/I 35,Collision with:  Vehicle in traffic,On Roadway,Rear-end (front to rear),Followed too close,None Indicated,None apparent,Daylight,Dry,Clear,None apparent,Non-intersection:  Non-junction/no special feature,Paved,N/A,Possible/Unknown,0,1,0,0,1,0,2000,2,2,Northbound (NB),POINT (-93.35590574789 43.14287059115)
20181067593,18-040660,09/16/2018,09-September,1-Sunday,20:31,2000 Hours,District 4 (Southwest),COUNCIL BLUFFS,POTTAWATTAMIE,77,N 27TH ST AND US 6/W BROADWAY AND S 27TH ST,Collision with:  Vehicle in traffic,On Roadway,"Angle, oncoming left turn",FTYROW:  Making left turn,None Indicated,None apparent,Dark - roadway lighted,Dry,Clear,None apparent,Intersection:  Four-way intersection,Paved,N/A,Major Injury,0,2,1,1,0,0,18000,2,3,Southbound (SB),POINT (-95.886786971765 41.26193801929)
20181067829,20180029667,09/17/2018,09-September,2-Monday,16:30,1600 Hours,District 1 (Central),DES MOINES,POLK,77,ARMY POST RD AND SW 16TH ST,Collision with:  Vehicle in traffic,On Roadway,Rear-end (front to rear),Followed too close,None Indicated,None apparent,Daylight,Dry,Clear,None apparent,Non-intersection:  Non-junction/no special feature,Paved,N/A,Property Damage Only,0,0,0,0,0,0,3000,2,2,Southbound (SB),POINT (-93.638076340625 41.526547211122)
20181067783,201814380,09/17/2018,09-September,2-Monday,09:47,0900 Hours,District 6 (East Central),CEDAR RAPIDS,LINN,77,18TH ST SW AND WILSON AVE SW,Collision with:  Vehicle in traffic,On Roadway,Rear-end (front to rear),FTYROW:  From stop sign,None Indicated,None apparent,Daylight,Dry,Clear,None apparent,Intersection:  Four-way intersection,Paved,N/A,Property Damage Only,0,0,0,0,0,0,12500,2,2,Northbound (NB),POINT (-91.696663747377 41.956320672472)
20181069368,18-004884,09/18/2018,09-September,3-Tuesday,14:15,1400 Hours,District 1 (Central),AMES,STORY,77,LINCOLN WAY AND STATE AVE,Collision with:  Non-motorist (see non-motorist section - NOT a unit),On Roadway,Non-collision (single vehicle),FTYROW:  Making right turn on red signal,None Indicated,None apparent,Daylight,Dry,Clear,None apparent,Intersection:  T-intersection,Paved,N/A,Minor Injury,0,1,0,1,0,0,0,1,1,Northbound (NB),POINT (-93.659150828868 42.022729542684)
20181069606,SO18-01136,09/19/2018,09-September,4-Wednesday,22:40,2200 Hours,District 1 (Central),LE GRAND,MARSHALL,US 30,US 30 192 MM,Collision with:  Animal,Unknown,N/A,Animal,None Indicated,N/A,N/A,N/A,N/A,N/A,N/A,Paved,N/A,Property Damage Only,0,0,0,0,0,0,5000,1,2,Southbound (SB),POINT (-92.779197186411 42.011764469627)
20181068415,18-2885,09/19/2018,09-September,4-Wednesday,15:45,1500 Hours,District 1 (Central),FORT DODGE,WEBSTER,77,12 N 25TH ST,Collision with:  Vehicle in traffic,In parking lane/zone,Rear to side,Improper Backing,None Indicated,None apparent,Daylight,Dry,Clear,None apparent,Non-intersection:  Non-junction/no special feature,Paved,N/A,Property Damage Only,0,0,0,0,0,0,1600,2,1,Northbound (NB),POINT (-94.163155098922 42.506263294338)
20181070175,18-004945,09/20/2018,09-September,5-Thursday,23:45,2300 Hours,District 1 (Central),AMES,STORY,77,S FRANKLIN AVE,Miscellaneous events:  Hit and run,On Roadway,Rear-end (front to rear),"Driver Distraction:  Adjusting devices (radio, climate)",None Indicated,None apparent,Dark - roadway not lighted,Wet,Rain,None apparent,Non-intersection:  Non-junction/no special feature,Paved,N/A,Property Damage Only,0,0,0,0,0,0,6000,2,3,Northbound (NB),POINT (-93.664753643753 42.019076589339)
20181068831,2018-73789,09/20/2018,09-September,5-Thursday,20:15,2000 Hours,District 6 (East Central),DAVENPORT,SCOTT,77,MAIN ST AND W 15TH ST,Collision with:  Vehicle in traffic,On Roadway,Broadside (front to side),Traveling wrong way or on wrong side of road,None Indicated,None apparent,Dark - roadway lighted,Dry,Clear,None apparent,Non-intersection:  Non-junction/no special feature,Paved,N/A,Property Damage Only,0,0,0,0,0,0,4500,2,5,Northbound (NB),POINT (-90.57552646575 41.534899030714)
20181068956,2018024891,09/21/2018,09-September,6-Friday,17:13,1700 Hours,District 1 (Central),URBANDALE,POLK,I-80,INTERSTATE 35/80 WB 128.5 MM,Collision with:  Vehicle in traffic,On Roadway,Rear-end (front to rear),Followed too close,None Indicated,None apparent,Daylight,Dry,Clear,"Traffic backup, prior crash",Non-intersection:  Non-junction/no special feature,Paved,N/A,Property Damage Only,0,0,0,0,0,0,6500,2,3,Southbound (SB),POINT (-93.750421382008 41.651780931078)
20181069406,I18211812,09/21/2018,09-September,6-Friday,18:12,1800 Hours,District 2 (Northeast),,FRANKLIN,I-35,INTERSTATE 35/I 35,Miscellaneous events:  Fire/explosion,On Roadway,Non-collision (single vehicle),Other (explain in narrative):  Other,None Indicated,None apparent,Daylight,Dry,Cloudy,None apparent,Non-intersection:  Non-junction/no special feature,Paved,N/A,Property Damage Only,0,0,0,0,0,0,2500,1,1,Northbound (NB),POINT (-93.390349918203 42.756788336889)
20181068731,18020843,09/22/2018,09-September,7-Saturday,14:33,1400 Hours,District 6 (East Central),MARION,LINN,77,3100 BL 10TH AV,Collision with:  Vehicle in traffic,On Roadway,Broadside (front to side),FTYROW:  From driveway,None Indicated,None apparent,Daylight,Dry,Clear,None apparent,"Non-intersection:  Driveway access (related, not in)",Paved,N/A,Property Damage Only,0,0,0,0,0,0,4000,2,3,Southbound (SB),POINT (-91.577933781889 42.036004660843)
20181077519,18006813,09/23/2018,09-September,1-Sunday,11:27,1100 Hours,District 2 (Northeast),,MITCHELL,US 218,US 218,Non-collision events:  Overturn/rollover,On Roadway,Non-collision (single vehicle),Ran off road - right,Alcohol (Statutory),None apparent,Daylight,Dry,Clear,None apparent,Non-intersection:  Non-junction/no special feature,Paved,N/A,Major Injury,0,1,1,0,0,0,6500,1,1,Northbound (NB),POINT (-92.925825058886 43.48608786116)
20181069486,184529,09/23/2018,09-September,1-Sunday,00:30,0000 Hours,District 3 (Northwest),,CRAWFORD,77,M036/DONNA REED RD,Collision with:  Animal,On Roadway,Non-collision (single vehicle),Animal,None Indicated,Animal in roadway,N/A,N/A,N/A,N/A,N/A,Paved,N/A,Property Damage Only,0,0,0,0,0,0,2500,1,1,Northbound (NB),POINT (-95.334183961622 42.005035235418)
20181071142,18077445,09/24/2018,09-September,2-Monday,08:29,0800 Hours,District 2 (Northeast),CEDAR FALLS,BLACK HAWK,IA-27,STATE 27/IA 27,Collision with:  Vehicle in traffic,On Roadway,"Sideswipe, same direction",Other (explain in narrative):  Other,None Indicated,None apparent,Daylight,Dry,Clear,None apparent,Non-intersection:  Non-junction/no special feature,Paved,N/A,Property Damage Only,0,0,0,0,0,0,5200,2,3,Northbound (NB),POINT (-92.445681348929 42.482475231714)
20181069783,18090741,09/25/2018,09-September,3-Tuesday,14:56,1400 Hours,District 5 (Southeast),,WAPELLO,77,H031/BLADENSBURG RD,Non-collision events:  Overturn/rollover,Roadside,Non-collision (single vehicle),Ran off road - right,None Indicated,None apparent,Daylight,Dry,Cloudy,None apparent,Non-intersection:  Non-junction/no special feature,Paved,N/A,Property Damage Only,0,0,0,0,0,0,8000,1,1,Southbound (SB),POINT (-92.339990883439 41.045213429989)
20181069332,20180030600,09/25/2018,09-September,3-Tuesday,07:15,0700 Hours,District 1 (Central),DES MOINES,POLK,US 69,E 15TH ST MEASURING 208 FEET SOUTH DES MOINES ST,Collision with:  Vehicle in traffic,On Roadway,"Sideswipe, same direction",Improper or erratic lane changing,None Indicated,None apparent,Dawn,Dry,Cloudy,None apparent,Non-intersection:  Non-junction/no special feature,Paved,N/A,Property Damage Only,0,0,0,0,0,0,8000,2,2,Northbound (NB),POINT (-93.595477033296 41.594438518364)
20181072191,PDI20180948,09/26/2018,09-September,4-Wednesday,16:57,1600 Hours,District 1 (Central),GRINNELL,POWESHIEK,77,5TH AVE AND BROAD ST,Collision with:  Vehicle in traffic,On Roadway,Broadside (front to side),FTYROW:  From stop sign,None Indicated,None apparent,Daylight,Dry,Cloudy,None apparent,Intersection:  Four-way intersection,Paved,N/A,Possible/Unknown,0,1,0,0,1,0,4000,2,3,Northbound (NB),POINT (-92.72414204866 41.744700407264)
20181070485,032-092-18,09/26/2018,09-September,4-Wednesday,12:42,1200 Hours,District 3 (Northwest),ESTHERVILLE,EMMET,77,2ND AVE S,Collision with:  Vehicle in traffic,On Roadway,Rear-end (front to rear),FTYROW:  From parked position,None Indicated,None apparent,Daylight,Dry,Clear,None apparent,Non-intersection:  Driveway access (within),Paved,N/A,Property Damage Only,0,0,0,0,0,0,3400,2,2,Southbound (SB),POINT (-94.843649904101 43.399951780491)
20181069752,18-33934,09/27/2018,09-September,5-Thursday,16:08,1600 Hours,District 5 (Southeast),BURLINGTON,DES MOINES,77,PLANE ST AND DIVISION ST,Collision with:  Vehicle in traffic,On Roadway,Rear-end (front to rear),Followed too close,None Indicated,None apparent,Daylight,Dry,Clear,None apparent,Non-intersection:  Non-junction/no special feature,Paved,N/A,Possible/Unknown,0,1,0,0,1,0,3000,2,3,Southbound (SB),POINT (-91.124797561623 40.807716737487)
20181069686,201809278361,09/27/2018,09-September,5-Thursday,07:47,0700 Hours,District 6 (East Central),,CLINTON,77,Z040/400 AVE AND F012/220 ST MEASURING 2637 FEET WEST FROM F012/220 ST,Collision with:  Animal,Shoulder,Non-collision (single vehicle),Animal,None Indicated,Glare,Daylight,Dry,Clear,None apparent,Non-intersection:  Non-junction/no special feature,Unpaved,N/A,Property Damage Only,0,0,0,0,0,0,5000,1,1,Northbound (NB),POINT (-90.315698952223 41.859166694241)
20181069955,W18-078906,09/28/2018,09-September,6-Friday,23:24,2300 Hours,District 2 (Northeast),WATERLOO,BLACK HAWK,77,4TH ST/ANSBOROUGH AVE,Collision with:  Vehicle in traffic,On Roadway,Rear-end (front to rear),Other (explain in narrative):  Other,Refused,None apparent,Dark - roadway lighted,Dry,Clear,None apparent,Intersection:  Four-way intersection,Paved,N/A,Minor Injury,0,1,0,1,0,0,7000,2,3,Northbound (NB),POINT (-92.376647125495 42.472529307271)