Iowa DOT Case Number,Law Enforcement Case Number,Date of Crash,Month of Crash,Day of Week,Time of Crash,Hour,DOT District,City Name,County Name,Route with System,Location Description,First Harmful Event,Location of First Harmful Event,Manner of Crash/Collision,Major Cause,Drug or Alcohol ,Environmental Conditions,Light Conditions,Surface Conditions,Weather Conditions,Roadway Contribution,Roadway Type,Roadway Surface,Work Zone,Crash Severity,Number of Fatalities,Number of Injuries,Number of Major Injuries,Number of Minor Injuries,Number of Possible Injuries,Number of Unknown Injuries,Amount of Property Damage,Number of Vehicles Involved,Total Number of Occupants,Travel Direction,Location
20181081123,18008082,09/28/2018,09-September,6-Friday,04:30,0400 Hours,District 5 (Southeast),,LOUISA,IA-92,STATE 92/IOWA 92,Collision with:  Animal,Unknown,N/A,Animal,None Indicated,N/A,N/A,N/A,N/A,N/A,N/A,Paved,N/A,Property Damage Only,0,0,0,0,0,0,3000,1,1,Southbound (SB),POINT (-91.384292375102 41.281050988297)
20181070347,2018025486,09/29/2018,09-September,7-Saturday,04:30,0400 Hours,District 6 (East Central),,JOHNSON,I-80,INTERSTATE 80/I 80 231MM,Collision with fixed object:  Guardrail - face,Shoulder,Non-collision (single vehicle),Driver Distraction:  Inattentive/lost in thought,Alcohol (< Statutory),None apparent,Dark - roadway not lighted,Dry,Clear,None apparent,Non-intersection:  Non-junction/no special feature,Paved,N/A,Property Damage Only,0,0,0,0,0,0,7900,1,1,Southbound (SB),POINT (-91.794022766204 41.687633430795)
20181070434,2018-76412,09/30/2018,09-September,1-Sunday,14:08,1400 Hours,District 6 (East Central),DAVENPORT,SCOTT,77,3500 EASTERN AVE,Collision with:  Vehicle in traffic,On Roadway,"Sideswipe, same direction",Improper or erratic lane changing,None Indicated,None apparent,Daylight,Dry,Cloudy,None apparent,Non-intersection:  Non-junction/no special feature,Paved,N/A,Property Damage Only,0,0,0,0,0,0,2100,2,2,Northbound (NB),POINT (-90.551408417052 41.555255513661)
20181073093,18-32632,10/01/2018,10-October,2-Monday,07:00,0700 Hours,District 3 (Northwest),SIOUX CITY,WOODBURY,77,OUTER DR N 2300 BLK,Non-collision events:  Other non-collision (explain in narrative),On Roadway,Non-collision (single vehicle),Unknown,None Indicated,None apparent,Unknown,Unknown,Unknown,Work Zone (roadway-related),Non-intersection:  Non-junction/no special feature,Paved,Yes,Possible/Unknown,0,1,0,0,0,1,5000,1,1,Southbound (SB),POINT (-96.377768390298 42.53892066995)
20181085859,2018-76750,10/01/2018,10-October,2-Monday,20:20,2000 Hours,District 6 (East Central),DAVENPORT,SCOTT,77,E 53RD ST,Collision with:  Vehicle in traffic,On Roadway,Rear-end (front to rear),Driving too fast for conditions,None Indicated,None apparent,Dark - roadway lighted,Wet,Cloudy,None apparent,Intersection:  T-intersection,Paved,N/A,Property Damage Only,0,0,0,0,0,0,3000,2,4,Southbound (SB),POINT (-90.569439083431 41.574515621813)
20181070597,2018025619,10/02/2018,10-October,3-Tuesday,01:00,0100 Hours,District 2 (Northeast),,BUTLER,77,C067/BEAVER VALLEY ST @ VAIL,Collision with:  Animal,On Roadway,Non-collision (single vehicle),Animal,None Indicated,Animal in roadway,N/A,N/A,N/A,N/A,N/A,Paved,N/A,Property Damage Only,0,0,0,0,0,0,4500,1,2,Southbound (SB),POINT (-92.613254482502 42.577760255766)
20181071048,2018004076,10/03/2018,10-October,4-Wednesday,20:00,2000 Hours,District 6 (East Central),,LINN,77,E036/BLAIRS FERRY RD,Collision with:  Animal,Unknown,N/A,Animal,None Indicated,N/A,N/A,N/A,N/A,N/A,N/A,Paved,N/A,Property Damage Only,0,0,0,0,0,0,5000,1,1,Southbound (SB),POINT (-91.735736619243 42.050712708316)
20181070892,18-34638,10/03/2018,10-October,4-Wednesday,18:26,1800 Hours,District 5 (Southeast),BURLINGTON,DES MOINES,77,DILL ST AND WHITE ST,Collision with:  Vehicle in traffic,On Roadway,Broadside (front to side),FTYROW:  At uncontrolled intersection,None Indicated,None apparent,Daylight,Dry,Clear,None apparent,Intersection:  T-intersection,Paved,N/A,Property Damage Only,0,0,0,0,0,0,7500,2,2,Southbound (SB),POINT (-91.115984379017 40.797412288847)
20181072931,18-14691,10/04/2018,10-October,5-Thursday,12:34,1200 Hours,District 6 (East Central),,JACKSON,IA-62,STATE 62/ANSEL BRIGGS HWY,Collision with fixed object:  Ditch,Shoulder,Non-collision (single vehicle),Ran off road - right,None Indicated,None apparent,Daylight,Dry,Clear,None apparent,Non-intersection:  Non-junction/no special feature,Paved,N/A,Property Damage Only,0,0,0,0,0,0,7800,1,1,Northbound (NB),POINT (-90.506673363339 42.211382998069)
20181071909,18-23725,10/04/2018,10-October,5-Thursday,11:38,1100 Hours,District 6 (East Central),BETTENDORF,SCOTT,77,18TH ST AND KINGSWAY DR,Collision with:  Vehicle in traffic,On Roadway,"Sideswipe, same direction",Ran off road - right,None Indicated,None apparent,Daylight,Dry,Clear,None apparent,Intersection:  T-intersection,Paved,N/A,Property Damage Only,0,0,0,0,0,0,13100,2,2,Northbound (NB),POINT (-90.498271068347 41.561694353057)
20181071199,20180031885,10/05/2018,10-October,6-Friday,18:12,1800 Hours,District 1 (Central),DES MOINES,POLK,77,17TH ST MEASURING 14 FEET NORTH FROM CLARK ST AND 17TH ST,Collision with:  Vehicle in traffic,On Roadway,Other (explain in narrative),FTYROW:  From stop sign,None Indicated,Weather conditions,Dark - roadway lighted,Wet,Cloudy,None apparent,Intersection:  Four-way intersection,Paved,N/A,Property Damage Only,0,0,0,0,0,0,7000,2,6,Northbound (NB),POINT (-93.640237478789 41.605880345097)
20181072134,PD1808655,10/05/2018,10-October,6-Friday,14:48,1400 Hours,District 5 (Southeast),,JEFFERSON,77,BUS US 34,Collision with:  Vehicle in traffic,On Roadway,Rear-end (front to rear),Other (explain in narrative):  Other,None Indicated,None apparent,Daylight,Dry,Cloudy,None apparent,Non-intersection:  Non-junction/no special feature,Paved,N/A,Property Damage Only,0,0,0,0,0,0,2800,2,3,Southbound (SB),POINT (-92.004163289964 41.006309340313)
20181071240,18-7907,10/06/2018,10-October,7-Saturday,04:50,0400 Hours,District 1 (Central),,POLK,I-80,140.2 MM OF 80 WESTBOUND,Collision with fixed object:  Concrete traffic barrier (median or right side),Median,Non-collision (single vehicle),Swerving/Evasive Action,None Indicated,Weather conditions,Dark - roadway not lighted,Wet,Rain,None apparent,Interchange-related:  On-ramp merge area,Paved,N/A,Minor Injury,0,1,0,1,0,0,10000,1,1,Westbound (WB),POINT (-93.534005769358 41.658259308364)
20181071537,2018-33211,10/07/2018,10-October,1-Sunday,16:39,1600 Hours,District 6 (East Central),DAVENPORT,SCOTT,US 61,STATE 461/140 ST,Collision with:  Vehicle in traffic,On Roadway,"Sideswipe, same direction",Improper or erratic lane changing,None Indicated,None apparent,Daylight,Wet,Rain,None apparent,Intersection:  Intersection with ramp,Paved,N/A,Property Damage Only,0,0,0,0,0,0,4000,2,3,Northbound (NB),POINT (-90.671936545634 41.509107246194)
20181072030,201815676,10/07/2018,10-October,1-Sunday,17:05,1700 Hours,District 6 (East Central),CEDAR RAPIDS,LINN,77,1100 BLK 32ND STREET NE,Collision with:  Vehicle in traffic,On Roadway,Rear-end (front to rear),Driver Distraction:  Inattentive/lost in thought,None Indicated,None apparent,Daylight,Wet,Cloudy,None apparent,Non-intersection:  Non-junction/no special feature,Paved,N/A,Property Damage Only,0,0,0,0,0,0,5500,2,5,Southbound (SB),POINT (-91.652004568067 42.010221769839)
20181071589,2018009867,10/08/2018,10-October,2-Monday,13:20,1300 Hours,District 6 (East Central),IOWA CITY,JOHNSON,77,E BENTON ST / S GILBERT ST,Collision with:  Vehicle in traffic,On Roadway,Rear-end (front to rear),Followed too close,None Indicated,None apparent,Daylight,Dry,Cloudy,"Traffic backup, prior crash",Non-intersection:  Non-junction/no special feature,Paved,N/A,Possible/Unknown,0,1,0,0,1,0,600,2,4,Southbound (SB),POINT (-91.531948579625 41.651096661248)
20181071831,201815788,10/09/2018,10-October,3-Tuesday,14:05,1400 Hours,District 6 (East Central),CEDAR RAPIDS,LINN,77,WILEY BLVD SW AND COYOTE RD SW,Collision with:  Vehicle in traffic,On Roadway,"Angle, oncoming left turn",FTYROW:  Making left turn,None Indicated,Weather conditions,Daylight,Wet,Rain,None apparent,Intersection:  Four-way intersection,Paved,N/A,Property Damage Only,0,0,0,0,0,0,3000,2,3,Northbound (NB),POINT (-91.718958744257 41.94563774602)
20181072128,18-02705,10/09/2018,10-October,3-Tuesday,16:22,1600 Hours,District 1 (Central),URBANDALE,POLK,I-80,INTERSTATE 35/I 35 126.6 MM,Collision with:  Vehicle in traffic,On Roadway,Rear-end (front to rear),Driving too fast for conditions,None Indicated,Weather conditions,Daylight,Wet,Rain,"Surface condition (e.g., wet, icy)",Non-intersection:  Non-junction/no special feature,Paved,N/A,Property Damage Only,0,0,0,0,0,0,3000,2,2,Southbound (SB),POINT (-93.776959545083 41.637580504757)
20181072956,2018-33362,10/10/2018,10-October,4-Wednesday,07:45,0700 Hours,District 5 (Southeast),INDIANOLA,WARREN,IA-92,1200 BLK. E. SECOND AVE.,Collision with:  Vehicle in traffic,On Roadway,Broadside (front to side),Ran Traffic Signal,None Indicated,None apparent,Daylight,Dry,Cloudy,None apparent,Intersection:  Four-way intersection,Paved,N/A,Property Damage Only,0,0,0,0,0,0,4000,2,2,Southbound (SB),POINT (-93.544276264595 41.357976767743)
20181072305,18173472,10/11/2018,10-October,5-Thursday,19:48,1900 Hours,District 6 (East Central),,JOHNSON,77,W066/SAND RD,Collision with fixed object:  Ditch,Shoulder,Non-collision (single vehicle),Ran off road - left,None Indicated,None apparent,Dark - roadway not lighted,Dry,Clear,None apparent,Non-intersection:  Non-junction/no special feature,Paved,N/A,Minor Injury,0,1,0,1,0,0,2000,1,2,Northbound (NB),POINT (-91.501241848256 41.548435649422)
20181072359,18-013881,10/11/2018,10-October,5-Thursday,23:16,2300 Hours,District 1 (Central),,HARDIN,IA-175,STATE 175/IOWA 175,Collision with:  Animal,Unknown,N/A,Animal,None Indicated,N/A,N/A,N/A,N/A,N/A,N/A,Paved,N/A,Property Damage Only,0,0,0,0,0,0,3000,1,1,Southbound (SB),POINT (-93.200781314811 42.36068995099)
20181072900,2018009989,10/12/2018,10-October,6-Friday,11:00,1100 Hours,District 6 (East Central),IOWA CITY,JOHNSON,77,S GILBERT ST,Collision with:  Vehicle in traffic,On Roadway,Rear-end (front to rear),Other (explain in narrative):  Other,None Indicated,None apparent,Daylight,Wet,Cloudy,None apparent,Non-intersection:  Non-junction/no special feature,Paved,N/A,Property Damage Only,0,0,0,0,0,0,3000,2,2,Northbound (NB),POINT (-91.530249721693 41.653984163615)
20181073186,18-33994,10/12/2018,10-October,6-Friday,05:12,0500 Hours,District 3 (Northwest),SIOUX CITY,WOODBURY,77,FLOYD BLVD,Collision with fixed object:  Concrete traffic barrier (median or right side),Outside trafficway,Non-collision (single vehicle),Ran off road - straight,None Indicated,None apparent,Dark - roadway lighted,Wet,Cloudy,None apparent,Non-intersection:  Non-junction/no special feature,Paved,N/A,Property Damage Only,0,0,0,0,0,0,2000,1,1,Northbound (NB),POINT (-96.381196385676 42.518523395508)
20181075305,2018026761,10/13/2018,10-October,7-Saturday,20:16,2000 Hours,District 2 (Northeast),,MITCHELL,77,T068/ADDISON AVE,Collision with:  Animal,Unknown,N/A,Animal,None Indicated,N/A,N/A,N/A,N/A,N/A,N/A,Paved,N/A,Property Damage Only,0,0,0,0,0,0,12000,1,1,Northbound (NB),POINT (-92.554267663993 43.336571082463)
20181072733,2018-008618,10/13/2018,10-October,7-Saturday,11:15,1100 Hours,District 6 (East Central),DUBUQUE,DUBUQUE,IA-946,151/61 JUST OFF THE CENTRAL AVE. OFF RAMP,Collision with:  Vehicle in traffic,On Roadway,Rear-end (front to rear),Other (explain in narrative):  Other,None Indicated,None apparent,Daylight,Dry,Cloudy,None apparent,"Interchange-related:  Off-ramp, diverge area",Paved,N/A,Possible/Unknown,0,1,0,0,1,0,1700,2,3,Northbound (NB),POINT (-90.663396625147 42.49424820667)
20181074573,18-05481,10/14/2018,10-October,1-Sunday,13:45,1300 Hours,District 1 (Central),WEST DES MOINES,POLK,77,STATE 28/63RD ST AND VINE ST,Collision with:  Vehicle in traffic,On Roadway,"Angle, oncoming left turn",FTYROW:  From stop sign,None Indicated,None apparent,Daylight,Dry,Cloudy,None apparent,Intersection:  Four-way intersection,Paved,N/A,Property Damage Only,0,0,0,0,0,0,6000,2,3,Southbound (SB),POINT (-93.703411190328 41.577255489462)
20181073190,2018026802,10/15/2018,10-October,2-Monday,07:45,0700 Hours,District 6 (East Central),,JOHNSON,I-380,INTERSTATE 380 NB AT 10.7MM,Collision with:  Vehicle in traffic,On Roadway,Rear-end (front to rear),Driving too fast for conditions,None Indicated,None apparent,Daylight,Dry,Clear,None apparent,Non-intersection:  Non-junction/no special feature,Paved,N/A,Property Damage Only,0,0,0,0,0,0,11500,3,3,Northbound (NB),POINT (-91.66627256542 41.844362344858)
20181073788,18-02758,10/16/2018,10-October,3-Tuesday,07:30,0700 Hours,District 1 (Central),URBANDALE,POLK,77,US 6/HICKMAN RD AND 69TH ST AND ROCKLYN DR,Collision with:  Animal,On Roadway,Non-collision (single vehicle),Animal,None Indicated,None apparent,Daylight,Dry,Clear,None apparent,Non-intersection:  Non-junction/no special feature,Paved,N/A,Possible/Unknown,0,1,0,0,1,0,4000,1,1,Northbound (NB),POINT (-93.711296361143 41.61478509836)
20181073702,18014214,10/16/2018,10-October,3-Tuesday,11:54,1100 Hours,District 1 (Central),,TAMA,77,R AVE,Collision with:  Animal,Unknown,N/A,Animal,None Indicated,N/A,N/A,N/A,N/A,N/A,N/A,Paved,N/A,Property Damage Only,0,0,0,0,0,0,3000,1,1,Northbound (NB),POINT (-92.435100405811 41.964112572015)
20181074135,18005508,10/17/2018,10-October,4-Wednesday,16:36,1600 Hours,District 1 (Central),AMES,STORY,77,BLOOMINGTON RD AND HYDE AVE,Collision with:  Vehicle in traffic,On Roadway,"Angle, oncoming left turn",Made improper turn,None Indicated,None apparent,Daylight,Dry,Clear,None apparent,"Non-intersection:  Driveway access (related, not in)",Paved,N/A,Minor Injury,0,1,0,1,0,0,4500,2,2,Southbound (SB),POINT (-93.641297304873 42.056289999809)
20181074940,18005510,10/17/2018,10-October,4-Wednesday,17:22,1700 Hours,District 1 (Central),AMES,STORY,US 69,US 69/S DUFF AVE,Collision with:  Vehicle in traffic,On Roadway,Rear-end (front to rear),Followed too close,None Indicated,None apparent,Daylight,Dry,Clear,None apparent,Non-intersection:  Non-junction/no special feature,Paved,N/A,Property Damage Only,0,0,0,0,0,0,5600,5,7,Northbound (NB),POINT (-93.610036999286 42.006212794089)
20181073789,18-02785,10/18/2018,10-October,5-Thursday,06:10,0600 Hours,District 1 (Central),URBANDALE,POLK,I-80,WEST BOUND ON RAMP FROM DOUGLAS INTERSTATE 35/SW RAMP,Collision with:  Animal,On Roadway,Non-collision (single vehicle),Animal,None Indicated,Animal in roadway,Dark - roadway not lighted,Dry,Clear,None apparent,Interchange-related:  On-ramp,Paved,N/A,Property Damage Only,0,0,0,0,0,0,4000,1,1,Westbound (WB),POINT (-93.77764137896 41.627379803498)
20181074164,18-014365,10/18/2018,10-October,5-Thursday,18:30,1800 Hours,District 1 (Central),,TAMA,US 63,US 63 AND 130TH ST AND D065/HWY D65,Collision with fixed object:  Utility pole/light support,Outside trafficway,Non-collision (single vehicle),Made improper turn,None Indicated,None apparent,Dark - roadway lighted,Dry,Clear,None apparent,Intersection:  Four-way intersection,Paved,N/A,Property Damage Only,0,0,0,0,0,0,1500,1,1,Northbound (NB),POINT (-92.465556624896 42.246728035136)
20181076276,18-02801,10/19/2018,10-October,6-Friday,16:24,1600 Hours,District 1 (Central),URBANDALE,POLK,I-80,INTERSTATE 35/I 35 MM 129.5 WB,Collision with:  Vehicle in traffic,On Roadway,Rear-end (front to rear),Followed too close,None Indicated,None apparent,Daylight,Dry,Clear,Work Zone (roadway-related),Non-intersection:  Non-junction/no special feature,Paved,Yes,Minor Injury,0,1,0,1,0,0,12500,5,9,Westbound (WB),POINT (-93.725762112725 41.652488716797)
20181074673,18-007710,10/19/2018,10-October,6-Friday,12:42,1200 Hours,District 4 (Southwest),,FREMONT,IA-2,211 AVE,Collision with:  Vehicle in traffic,On Roadway,Broadside (front to side),FTYROW:  From stop sign,None Indicated,None apparent,Daylight,Dry,Clear,None apparent,Intersection:  T-intersection,Paved,N/A,Minor Injury,0,3,0,1,2,0,21000,2,3,Westbound (WB),POINT (-95.789214011068 40.689407344763)
20181074146,18S02079,10/20/2018,10-October,7-Saturday,12:23,1200 Hours,District 4 (Southwest),,UNION,77,P033/POLE RD 2542 POLE RD,Non-collision events:  Overturn/rollover,Outside trafficway,Non-collision (single vehicle),Ran off road - left,None Indicated,None apparent,Daylight,Dry,Clear,None apparent,Non-intersection:  Non-junction/no special feature,Unpaved,N/A,Property Damage Only,0,0,0,0,0,0,5000,1,1,Northbound (NB),POINT (-94.337437762827 40.935859582032)
20181081999,2018-81588,10/20/2018,10-October,7-Saturday,14:03,1400 Hours,District 6 (East Central),DAVENPORT,SCOTT,77,MARQUETTE ST AND US 6/W KIMBERLY RD,Collision with:  Vehicle in traffic,On Roadway,Rear-end (front to rear),Followed too close,None Indicated,None apparent,Daylight,Dry,Clear,None apparent,Intersection:  Four-way intersection,Paved,N/A,Property Damage Only,0,0,0,0,0,0,2000,4,8,Northbound (NB),POINT (-90.591048099812 41.560101109294)
20181074275,18-1072,10/21/2018,10-October,1-Sunday,19:25,1900 Hours,District 1 (Central),PLEASANT HILL,POLK,IA-163,7300BLK STATE 163/NE UNIVERSITY AVE,Collision with:  Animal,Unknown,N/A,Animal,None Indicated,N/A,N/A,N/A,N/A,N/A,N/A,Paved,N/A,Property Damage Only,0,0,0,0,0,0,3000,1,2,Southbound (SB),POINT (-93.462284533992 41.60031147298)
20181075019,18-35112,10/22/2018,10-October,2-Monday,08:33,0800 Hours,District 3 (Northwest),SIOUX CITY,WOODBURY,77,S PALMETTO ST AND STATE 12/GORDON DR,Collision with:  Vehicle in traffic,On Roadway,Broadside (front to side),Ran Traffic Signal,Alcohol (Statutory),None apparent,Daylight,Dry,Clear,None apparent,Intersection:  T-intersection,Paved,N/A,Minor Injury,0,1,0,1,0,0,18000,2,4,Northbound (NB),POINT (-96.345775456494 42.475892207012)
20181076063,18183,10/22/2018,10-October,2-Monday,11:32,1100 Hours,District 5 (Southeast),PELLA,MARION,77,MAIN ST AND LIBERTY ST,Collision with:  Vehicle in traffic,On Roadway,Rear-end (front to rear),Followed too close,None Indicated,None apparent,Daylight,Dry,Clear,None apparent,Intersection:  Four-way intersection,Paved,N/A,Property Damage Only,0,0,0,0,0,0,7500,3,5,Northbound (NB),POINT (-92.916491374438 41.405352612768)
20181074768,SO18-01287,10/23/2018,10-October,3-Tuesday,05:35,0500 Hours,District 1 (Central),,MARSHALL,IA-330,STATE 330 MM10,Collision with:  Vehicle in traffic,On Roadway,Rear-end (front to rear),Driver Distraction:  Exterior distraction,None Indicated,Animal in roadway,Dark - roadway not lighted,Dry,Clear,None apparent,Non-intersection:  Non-junction/no special feature,Paved,N/A,Property Damage Only,0,0,0,0,0,0,4000,2,3,Northbound (NB),POINT (-93.173230561765 41.904395839096)
20181074642,20180033878,10/23/2018,10-October,3-Tuesday,17:04,1700 Hours,District 1 (Central),DES MOINES,POLK,77,SW 9TH ST MEASURING 109 FEET SOUTH FROM SW 9TH ST AND ROSE AVE,Collision with:  Vehicle in traffic,On Roadway,"Angle, oncoming left turn",FTYROW:  Making left turn,None Indicated,None apparent,Daylight,Dry,Clear,None apparent,Intersection:  T-intersection,Paved,N/A,Property Damage Only,0,0,0,0,0,0,3400,2,2,Northbound (NB),POINT (-93.625762014623 41.549709667841)
20181075063,18005603,10/24/2018,10-October,4-Wednesday,14:30,1400 Hours,District 1 (Central),AMES,STORY,77,N DAKOTA AVE AND LINCOLN WAY AND S DAKOTA AVE,Collision with:  Vehicle in traffic,On Roadway,Broadside (front to side),FTYROW:  Making left turn,None Indicated,None apparent,Daylight,Dry,Clear,None apparent,Intersection:  Four-way intersection,Paved,N/A,Possible/Unknown,0,1,0,0,1,0,5000,2,5,Northbound (NB),POINT (-93.67873321273 42.022957666328)
20181074879,20180033981,10/24/2018,10-October,4-Wednesday,17:03,1700 Hours,District 1 (Central),DES MOINES,POLK,77,INGERSOLL AVE AND COUNTRY CLUB BLVD,Collision with:  Vehicle in traffic,On Roadway,Broadside (front to side),FTYROW:  From stop sign,None Indicated,Visual obstruction,Daylight,Dry,Clear,None apparent,Intersection:  Four-way intersection,Paved,N/A,Property Damage Only,0,0,0,0,0,0,1750,2,3,Northbound (NB),POINT (-93.687312973499 41.586288039762)
20181077699,18010262,10/25/2018,10-October,5-Thursday,22:32,2200 Hours,District 6 (East Central),,BUCHANAN,US 20,US 20 MEASURING 911 FEET EAST FROM US 20/SE RAMP,Collision with:  Animal,Unknown,N/A,Animal,None Indicated,N/A,N/A,N/A,N/A,N/A,N/A,Paved,N/A,Property Damage Only,0,0,0,0,0,0,2000,1,1,Westbound (WB),POINT (-91.606467610757 42.464464533451)
20181076681,18-35489,10/25/2018,10-October,5-Thursday,10:05,1000 Hours,District 3 (Northwest),SIOUX CITY,WOODBURY,77,FLOYD BLVD AND OUTER DR N,Collision with:  Vehicle in traffic,On Roadway,Broadside (front to side),Ran Traffic Signal,None Indicated,None apparent,Daylight,Wet,Rain,None apparent,Intersection:  Four-way intersection,Paved,N/A,Property Damage Only,0,0,0,0,0,0,5000,2,2,Southbound (SB),POINT (-96.370219784083 42.533956603205)
20181075662,18008981,10/26/2018,10-October,6-Friday,21:58,2100 Hours,District 4 (Southwest),,HARRISON,77,L020/LOESS HILLS TRL MEASURING 435 FEET NORTH FROM L020/LOESS HILLS TRL AND MELODY OAKS TRL,Collision with:  Animal,On Roadway,Non-collision (single vehicle),Animal,None Indicated,Animal in roadway,Dark - roadway not lighted,Dry,Clear,None apparent,Non-intersection:  Non-junction/no special feature,Paved,N/A,Property Damage Only,0,0,0,0,0,0,2000,1,2,Northbound (NB),POINT (-95.929970884715 41.661372134677)
20181079274,2018-83086,10/26/2018,10-October,6-Friday,09:53,0900 Hours,District 6 (East Central),DAVENPORT,SCOTT,IA-461,STATE 461/HARRISON ST AND W 4TH ST,Collision with:  Non-motorist (see non-motorist section - NOT a unit),On Roadway,Non-collision (single vehicle),FTYROW:  Making right turn on red signal,None Indicated,None apparent,Daylight,Dry,Clear,None apparent,Intersection:  Four-way intersection,Paved,N/A,Minor Injury,0,1,0,1,0,0,0,1,1,Eastbound (EB),POINT (-90.577029455917 41.523537603336)
20181075551,18-34353,10/27/2018,10-October,7-Saturday,14:54,1400 Hours,District 1 (Central),NEWTON,JASPER,77,S 3RD AVE E,Collision with:  Parked motor vehicle,On Roadway,Head-on (front to front),Lost Control,Refused,None apparent,Daylight,Dry,Clear,None apparent,Non-intersection:  Non-junction/no special feature,Paved,N/A,Property Damage Only,0,0,0,0,0,0,7500,2,1,Southbound (SB),POINT (-93.044911258486 41.697627374937)
20181075398,20180034294,10/27/2018,10-October,7-Saturday,12:05,1200 Hours,District 1 (Central),DES MOINES,POLK,I-235,CENTER ST AND 42ND ST AND INTERSTATE 235/NE RAMP AND INTERSTATE 235/NW RAMP,Collision with:  Vehicle in traffic,On Roadway,Broadside (front to side),Ran Traffic Signal,None Indicated,None apparent,Daylight,Dry,Clear,None apparent,Intersection:  Intersection with ramp,Paved,N/A,Property Damage Only,0,0,0,0,0,0,8000,2,5,Westbound (WB),POINT (-93.674389201663 41.591786931301)
20181078639,2018027909,10/28/2018,10-October,1-Sunday,19:29,1900 Hours,District 1 (Central),,MARSHALL,IA-330,HWY 330 6.5 MM,Collision with:  Animal,Unknown,N/A,Animal,None Indicated,N/A,N/A,N/A,N/A,N/A,N/A,Paved,N/A,Property Damage Only,0,0,0,0,0,0,1800,1,4,Eastbound (EB),POINT (-93.216088283859 41.874654676501)
20181075805,20180034519,10/29/2018,10-October,2-Monday,11:15,1100 Hours,District 1 (Central),DES MOINES,POLK,77,FLEUR DR,Collision with:  Vehicle in traffic,On Roadway,"Sideswipe, same direction","Operating vehicle in an reckless, erratic, careless, negligent manner",None Indicated,None apparent,Daylight,Dry,Clear,None apparent,Non-intersection:  Non-junction/no special feature,Paved,N/A,Property Damage Only,0,0,0,0,0,0,9000,2,4,Northbound (NB),POINT (-93.644977502268 41.516600627896)
20181075827,2018010616,10/29/2018,10-October,2-Monday,16:10,1600 Hours,District 6 (East Central),IOWA CITY,JOHNSON,77,MELROSE AVE,Collision with:  Vehicle in traffic,On Roadway,Rear-end (front to rear),Followed too close,None Indicated,None apparent,Daylight,Dry,Clear,None apparent,Non-intersection:  Non-junction/no special feature,Paved,N/A,Property Damage Only,0,0,0,0,0,0,2000,2,2,Southbound (SB),POINT (-91.57412677741 41.656950787052)
20181076345,18-36032,10/30/2018,10-October,3-Tuesday,00:39,0000 Hours,District 3 (Northwest),SIOUX CITY,WOODBURY,US 20,US 20,Collision with:  Animal,On Roadway,Non-collision (single vehicle),Animal,None Indicated,Animal in roadway,Dark - roadway not lighted,Dry,Clear,None apparent,Non-intersection:  Non-junction/no special feature,Paved,N/A,Property Damage Only,0,0,0,0,0,0,5000,1,1,Southbound (SB),POINT (-96.360714932844 42.44458703354)
20181076219,201800053900,10/30/2018,10-October,3-Tuesday,02:10,0200 Hours,District 5 (Southeast),OTTUMWA,WAPELLO,77,N IOWA AVE,Collision with:  Vehicle in traffic,On Roadway,Rear-end (front to rear),Unknown,None Indicated,None apparent,Dark - roadway not lighted,Dry,Clear,None apparent,Non-intersection:  Non-junction/no special feature,Paved,N/A,Possible/Unknown,0,1,0,0,0,1,3000,2,1,Northbound (NB),POINT (-92.395628798739 41.012593946303)
20181077558,18-12513,10/31/2018,10-October,4-Wednesday,15:32,1500 Hours,District 3 (Northwest),,SIOUX,77,B014/290TH ST,Collision with:  Vehicle in traffic,On Roadway,Rear-end (front to rear),Followed too close,None Indicated,Unknown,Daylight,Dry,Clear,None apparent,Non-intersection:  Non-junction/no special feature,Unpaved,N/A,Minor Injury,0,1,0,1,0,0,14000,2,2,Southbound (SB),POINT (-96.175378359231 43.229224637823)
20181076826,201817161,10/31/2018,10-October,4-Wednesday,17:57,1700 Hours,District 6 (East Central),CEDAR RAPIDS,LINN,IA-922,WILLIAMS BLVD AND EDGEWOOD RD,Collision with:  Vehicle in traffic,On Roadway,Rear-end (front to rear),Ran Traffic Signal,None Indicated,None apparent,Dusk,Dry,Clear,None apparent,Intersection:  Four-way intersection,Paved,N/A,Minor Injury,0,1,0,1,0,0,1100,2,6,Northbound (NB),POINT (-91.716776634923 41.957592019573)
20181076568,18-05864,11/01/2018,11-November,5-Thursday,16:21,1600 Hours,District 1 (Central),WEST DES MOINES,POLK,77,5700 BLOCK MILLS CIVIC PKWY,Collision with:  Vehicle in traffic,On Roadway,Rear-end (front to rear),Followed too close,None Indicated,None apparent,Daylight,Dry,Clear,None apparent,Intersection:  Four-way intersection,Paved,N/A,Property Damage Only,0,0,0,0,0,0,3000,2,3,Southbound (SB),POINT (-93.785696299024 41.559086440334)
20181076784,18024428,11/01/2018,11-November,5-Thursday,20:42,2000 Hours,District 6 (East Central),MARION,LINN,77,100 HY/MUNIER RD,Collision with:  Animal,On Roadway,Non-collision (single vehicle),Animal,None Indicated,None apparent,Dark - roadway lighted,Dry,Clear,None apparent,Intersection:  T-intersection,Paved,N/A,Possible/Unknown,0,1,0,0,1,0,4000,1,1,Southbound (SB),POINT (-91.565824615827 42.02005686944)