Iowa DOT Case Number,Law Enforcement Case Number,Date of Crash,Month of Crash,Day of Week,Time of Crash,Hour,DOT District,City Name,County Name,Route with System,Location Description,First Harmful Event,Location of First Harmful Event,Manner of Crash/Collision,Major Cause,Drug or Alcohol ,Environmental Conditions,Light Conditions,Surface Conditions,Weather Conditions,Roadway Contribution,Roadway Type,Roadway Surface,Work Zone,Crash Severity,Number of Fatalities,Number of Injuries,Number of Major Injuries,Number of Minor Injuries,Number of Possible Injuries,Number of Unknown Injuries,Amount of Property Damage,Number of Vehicles Involved,Total Number of Occupants,Travel Direction,Location
20181076805,18-002073,11/02/2018,11-November,6-Friday,06:45,0600 Hours,District 1 (Central),ALTOONA,POLK,US 65,INTERSTATE 80/SW RAMP AND US 6/FREDERICK M HUBBELL AVE,Collision with fixed object:  Traffic sign support,On Roadway,Non-collision (single vehicle),Driving too fast for conditions,None Indicated,Weather conditions,Dark - roadway lighted,Wet,Rain,"Surface condition (e.g., wet, icy)",Intersection:  Intersection with ramp,Paved,N/A,Property Damage Only,0,0,0,0,0,0,4000,1,1,Northbound (NB),POINT (-93.495999702587 41.660807490272)
20181076915,18-005824,11/02/2018,11-November,6-Friday,11:11,1100 Hours,District 1 (Central),ANKENY,POLK,I-35,INTERSTATE 35/I 35 92.5MM,Collision with:  Vehicle in traffic,On Roadway,Rear-end (front to rear),Followed too close,None Indicated,None apparent,Daylight,Dry,Cloudy,None apparent,Interchange-related:  On-ramp merge area,Paved,N/A,Property Damage Only,0,0,0,0,0,0,7000,2,2,Eastbound (EB),POINT (-93.577534860853 41.735122514103)
20181076778,18-8644,11/02/2018,11-November,6-Friday,07:30,0700 Hours,District 1 (Central),GRIMES,DALLAS,IA-44,STATE 44/240TH ST ENTRANCE TO DCG H.S. 2555 W 1ST STREET,Collision with:  Vehicle in traffic,On Roadway,Broadside (front to side),FTYROW:  Making left turn,None Indicated,None apparent,Dawn,Wet,Cloudy,None apparent,Non-intersection:  Driveway access (within),Paved,N/A,Property Damage Only,0,0,0,0,0,0,25000,2,3,Southbound (SB),POINT (-93.822571137121 41.688396390146)
20181076916,18-005849,11/03/2018,11-November,7-Saturday,09:00,0900 Hours,District 1 (Central),ANKENY,POLK,US 69,500 BLK US 69/S ANKENY BLVD,Collision with:  Vehicle in traffic,On Roadway,"Sideswipe, same direction",Driver Distraction:  Other interior distraction,None Indicated,None apparent,Daylight,Dry,Cloudy,None apparent,Non-intersection:  Non-junction/no special feature,Paved,N/A,Property Damage Only,0,0,0,0,0,0,5000,2,3,Northbound (NB),POINT (-93.60040133807 41.725556927348)
20181077085,201817406,11/04/2018,11-November,1-Sunday,13:43,1300 Hours,District 6 (East Central),CEDAR RAPIDS,LINN,US 151,HWY 30 EB/EDGEWOOD RD SW,Collision with fixed object:  Guardrail - face,On Roadway,Non-collision (single vehicle),Ran off road - right,None Indicated,None apparent,Daylight,Wet,Cloudy,"Surface condition (e.g., wet, icy)",Interchange-related:  On-ramp merge area,Unpaved,N/A,Property Damage Only,0,0,0,0,0,0,11877,1,2,Eastbound (EB),POINT (-91.716288434702 41.938627868807)
20181077338,BV18-0636,11/04/2018,11-November,1-Sunday,22:12,2200 Hours,District 3 (Northwest),,BUENA VISTA,77,STATE 3/530TH ST AND M050/160TH AVE,Collision with:  Animal,On Roadway,Non-collision (single vehicle),Animal,None Indicated,Animal in roadway,Dark - roadway not lighted,Dry,Clear,None apparent,Non-intersection:  Non-junction/no special feature,Paved,N/A,Property Damage Only,0,0,0,0,0,0,5000,1,1,Northbound (NB),POINT (-95.092372909414 42.74880918238)
20181077627,18089984,11/05/2018,11-November,2-Monday,16:42,1600 Hours,District 2 (Northeast),CEDAR FALLS,BLACK HAWK,77,18TH/CLAY,Collision with:  Vehicle in traffic,On Roadway,Rear-end (front to rear),Driver Distraction:  Exterior distraction,None Indicated,None apparent,Dark - roadway lighted,Wet,Rain,None apparent,Non-intersection:  Non-junction/no special feature,Paved,N/A,Possible/Unknown,0,2,0,0,2,0,850,2,3,Northbound (NB),POINT (-92.448191346936 42.522203093309)
20181077387,20180035312,11/05/2018,11-November,2-Monday,10:15,1000 Hours,District 1 (Central),DES MOINES,POLK,IA-163,E 14TH ST AND E UNIVERSITY AVE,Collision with:  Vehicle in traffic,On Roadway,Broadside (front to side),Ran Traffic Signal,None Indicated,None apparent,Daylight,Wet,Rain,None apparent,Intersection:  Four-way intersection,Paved,N/A,Property Damage Only,0,0,0,0,0,0,3500,2,3,Southbound (SB),POINT (-93.600441555645 41.600591665098)
20181077805,18-008939,11/06/2018,11-November,3-Tuesday,22:00,2200 Hours,District 3 (Northwest),ONAWA,MONONA,IA-175,STATE 175/IOWA AVE,Other (explain in narrative),In parking lane/zone,Non-collision (single vehicle),Improper Backing,None Indicated,None apparent,Dark - roadway lighted,Dry,Clear,None apparent,"Non-intersection:  Driveway access (related, not in)",Paved,N/A,Property Damage Only,0,0,0,0,0,0,1950,1,1,Southbound (SB),POINT (-96.08027949537 42.026870014305)
20181077665,20180035463,11/06/2018,11-November,3-Tuesday,17:00,1700 Hours,District 1 (Central),DES MOINES,POLK,77,E SENECA AVE AND E 9TH ST,Other (explain in narrative),Roadside,Other (explain in narrative),Lost Control,None Indicated,None apparent,Dusk,Dry,Cloudy,None apparent,Non-intersection:  Non-junction/no special feature,Paved,N/A,Property Damage Only,0,0,0,0,0,0,1500,2,1,Northbound (NB),POINT (-93.60662144737 41.631327857119)
20181078062,2018-86615,11/07/2018,11-November,4-Wednesday,23:36,2300 Hours,District 6 (East Central),DAVENPORT,SCOTT,77,N DIVISION ST AND W 17TH ST,Collision with fixed object:  Curb/island/raised median,Roadside,Non-collision (single vehicle),"Operating vehicle in an reckless, erratic, careless, negligent manner",None Indicated,None apparent,Dark - roadway lighted,Dry,Cloudy,None apparent,Non-intersection:  Non-junction/no special feature,Paved,N/A,Property Damage Only,0,0,0,0,0,0,3000,1,4,Northbound (NB),POINT (-90.601152429179 41.536877776526)
20181078487,201817633,11/07/2018,11-November,4-Wednesday,20:27,2000 Hours,District 6 (East Central),CEDAR RAPIDS,LINN,77,234 BRENTWOOD DR NE,Collision with:  Parked motor vehicle,On Roadway,Rear-end (front to rear),Driver Distraction:  Manual operation of an electronic communication device,None Indicated,None apparent,Dark - roadway not lighted,Dry,Clear,None apparent,Non-intersection:  Non-junction/no special feature,Paved,N/A,Property Damage Only,0,0,0,0,0,0,8000,2,1,Southbound (SB),POINT (-91.631168904128 42.040812923673)
20181078109,2018-01058,11/08/2018,11-November,5-Thursday,09:31,0900 Hours,District 4 (Southwest),WAUKEE,DALLAS,77,SE WACO PL,Collision with:  Animal,Unknown,N/A,Animal,None Indicated,N/A,N/A,N/A,N/A,N/A,N/A,Paved,N/A,Property Damage Only,0,0,0,0,0,0,2500,1,1,Northbound (NB),POINT (-93.845401092432 41.614867885922)
20181077966,18-048927,11/08/2018,11-November,5-Thursday,11:11,1100 Hours,District 4 (Southwest),COUNCIL BLUFFS,POTTAWATTAMIE,I-80,1/4 MILE EAST OF EXIT 1B INTERSTATE 29/I 29,Non-collision events:  Other non-collision (explain in narrative),On Roadway,Non-collision (single vehicle),Lost Control,None Indicated,None apparent,Daylight,Dry,Cloudy,None apparent,Non-intersection:  Non-junction/no special feature,Paved,N/A,Minor Injury,0,1,0,1,0,0,8000,1,1,Southbound (SB),POINT (-95.894432825999 41.232646439908)
20181078880,2018-003333,11/09/2018,11-November,6-Friday,06:25,0600 Hours,District 6 (East Central),,JACKSON,77,D057/300 ST AND US 61 AND 300 ST,Collision with:  Vehicle in traffic,On Roadway,Broadside (front to side),FTYROW:  From stop sign,None Indicated,Weather conditions,Dawn,Ice/frost,Snow,"Surface condition (e.g., wet, icy)",Non-intersection:  Crossover-related,Paved,N/A,Possible/Unknown,0,1,0,0,1,0,20000,2,2,Southbound (SB),POINT (-90.681976779308 42.294652578705)
20181078311,18-005969,11/09/2018,11-November,6-Friday,12:15,1200 Hours,District 1 (Central),ANKENY,POLK,77,2700 BLK NW 3RD ST,Collision with:  Parked motor vehicle,On Roadway,Rear-end (front to rear),Driver Distraction:  Manual operation of an electronic communication device,None Indicated,None apparent,Daylight,Dry,Clear,None apparent,Non-intersection:  Non-junction/no special feature,Paved,N/A,Property Damage Only,0,0,0,0,0,0,7000,2,1,Northbound (NB),POINT (-93.635424408803 41.734069382805)
20181078922,WSO1804369,11/09/2018,11-November,6-Friday,16:15,1600 Hours,District 2 (Northeast),,WINNESHIEK,77,W038/MIDDLE CALMAR RD,Collision with:  Animal,Unknown,N/A,Animal,None Indicated,N/A,N/A,N/A,N/A,N/A,N/A,Paved,N/A,Property Damage Only,0,0,0,0,0,0,6000,1,1,Northbound (NB),POINT (-91.797142956546 43.268722049934)
20181083815,18-011792,11/09/2018,11-November,6-Friday,09:15,0900 Hours,District 4 (Southwest),,CASS,IA-92,STATE 92/RICHLAND RD AND US 71/630TH ST AND RICHLAND RD,Collision with fixed object:  Traffic sign support,On Roadway,Non-collision (single vehicle),Driving too fast for conditions,None Indicated,Weather conditions,Daylight,Snow,Snow,"Surface condition (e.g., wet, icy)",Intersection:  Four-way intersection,Unpaved,N/A,Property Damage Only,0,0,0,0,0,0,1500,1,1,Southbound (SB),POINT (-94.985015884019 41.25902498949)
20181078463,18-141110-01,11/10/2018,11-November,7-Saturday,11:09,1100 Hours,District 6 (East Central),,IOWA,77,V044/F AVE,Collision with:  Vehicle in traffic,On Roadway,Rear-end (front to rear),Followed too close,None Indicated,None apparent,Daylight,Dry,Cloudy,None apparent,Non-intersection:  Non-junction/no special feature,Unpaved,N/A,Property Damage Only,0,0,0,0,0,0,5500,3,3,Northbound (NB),POINT (-92.200761048758 41.839868581569)
20181079090,2018-37058,11/11/2018,11-November,1-Sunday,17:18,1700 Hours,District 6 (East Central),,SCOTT,77,F033/300 ST,Collision with:  Animal,Unknown,N/A,Animal,None Indicated,N/A,N/A,N/A,N/A,N/A,N/A,Paved,N/A,Property Damage Only,0,0,0,0,0,0,4000,1,1,Southbound (SB),POINT (-90.532058542339 41.742279290153)
20181079327,SO18-01385,11/11/2018,11-November,1-Sunday,19:48,1900 Hours,District 1 (Central),,MARSHALL,IA-330,11 MM STATE 330/MARSHALLTOWN BLVD,Collision with:  Animal,Unknown,N/A,Animal,None Indicated,N/A,N/A,N/A,N/A,N/A,N/A,Paved,N/A,Property Damage Only,0,0,0,0,0,0,10000,1,1,Eastbound (EB),POINT (-93.148707745675 41.920192118193)
20181084827,,11/12/2018,11-November,2-Monday,15:35,1500 Hours,District 6 (East Central),,,77,,Collision with:  Vehicle in traffic,On Roadway,Broadside (front to side),Unknown,None Indicated,N/A,Daylight,Dry,Clear,N/A,Intersection:  Roundabout,Unpaved,N/A,Property Damage Only,0,0,0,0,0,0,5000,2,3,N/A,POINT (0 0)
20181078724,18-049517,11/12/2018,11-November,2-Monday,19:54,1900 Hours,District 4 (Southwest),COUNCIL BLUFFS,POTTAWATTAMIE,77,1100 BLOCK W BROADWAY VIADUCT,Collision with:  Vehicle in traffic,On Roadway,Rear-end (front to rear),Followed too close,None Indicated,None apparent,Dark - roadway lighted,Dry,Clear,None apparent,Non-intersection:  Non-junction/no special feature,Paved,N/A,Possible/Unknown,0,1,0,0,1,0,9000,2,2,Southbound (SB),POINT (-95.859736918099 41.261857099915)
20181079339,18-001639,11/13/2018,11-November,3-Tuesday,07:45,0700 Hours,District 1 (Central),URBANDALE,POLK,I-80,INTERSTATE 35/80 NW RAMP AND INTERSTATE 35/80 NE RAMP AND NW 86TH ST,Collision with:  Vehicle in traffic,On Roadway,Broadside (front to side),Ran Traffic Signal,None Indicated,None apparent,Daylight,Dry,Clear,None apparent,Intersection:  Intersection with ramp,Paved,N/A,Property Damage Only,0,0,0,0,0,0,7500,2,3,Westbound (WB),POINT (-93.736442180443 41.653861923566)
20181079189,1811132601,11/13/2018,11-November,3-Tuesday,17:22,1700 Hours,District 6 (East Central),,CLINTON,US 30,US 30,Collision with:  Vehicle in traffic,On Roadway,Rear-end (front to rear),Driver Distraction:  Other interior distraction,None Indicated,None apparent,Dark - roadway not lighted,Dry,Clear,None apparent,Non-intersection:  Non-junction/no special feature,Paved,N/A,Minor Injury,0,1,0,1,0,0,6000,2,2,Southbound (SB),POINT (-90.381261624563 41.815670011336)
20181079407,20180036286,11/14/2018,11-November,4-Wednesday,18:29,1800 Hours,District 1 (Central),DES MOINES,POLK,77,E 29TH ST AND LARNARD DR,Collision with:  Vehicle in traffic,On Roadway,"Sideswipe, same direction",Passing:  On wrong side,None Indicated,None apparent,Dark - roadway lighted,Dry,Clear,None apparent,Intersection:  T-intersection,Paved,N/A,Property Damage Only,0,0,0,0,0,0,1600,2,2,Northbound (NB),POINT (-93.561149241525 41.60975236655)
20181135679,18-011412,11/14/2018,11-November,4-Wednesday,06:27,0600 Hours,District 6 (East Central),,BENTON,77,E036/32 AVE,Collision with:  Animal,On Roadway,Non-collision (single vehicle),Animal,None Indicated,Animal in roadway,N/A,N/A,N/A,None apparent,Non-intersection:  Non-junction/no special feature,Paved,N/A,Property Damage Only,0,0,0,0,0,0,8000,1,1,Northbound (NB),POINT (-91.869085168488 42.069720802195)
20181079770,2018-009521,11/15/2018,11-November,5-Thursday,15:04,1500 Hours,District 6 (East Central),DUBUQUE,DUBUQUE,77,CLARKE DR AND GRANDVIEW AVE N,Collision with:  Vehicle in traffic,On Roadway,Rear-end (front to rear),Lost Control,None Indicated,None apparent,Daylight,Dry,Clear,None apparent,Intersection:  Four-way intersection,Paved,N/A,Property Damage Only,0,0,0,0,0,0,2750,2,3,Northbound (NB),POINT (-90.695786118437 42.505260338952)
20181079576,18-002750BP,11/15/2018,11-November,5-Thursday,06:02,0600 Hours,District 6 (East Central),,BENTON,US 30,STATE 21/IOWA 21 AND US 30 AND US 30/73 ST,Collision with:  Vehicle in traffic,On Roadway,Broadside (front to side),Ran Stop Sign,None Indicated,None apparent,Dark - roadway lighted,Dry,Clear,None apparent,Intersection:  Four-way intersection,Paved,N/A,Property Damage Only,0,0,0,0,0,0,15005,2,2,Southbound (SB),POINT (-92.297754249347 41.964273284323)
20181080748,18-001384,11/16/2018,11-November,6-Friday,15:46,1500 Hours,District 1 (Central),AMES,STORY,77,BRUNER DR AND LONG RD,Collision with:  Vehicle in traffic,In parking lane/zone,Rear to rear,Improper Backing,None Indicated,None apparent,Dark - roadway lighted,Dry,Clear,None apparent,Non-intersection:  Non-junction/no special feature,Paved,N/A,Property Damage Only,0,0,0,0,0,0,2000,2,4,Southbound (SB),POINT (-93.643516244236 42.039057088195)
20181083309,2018011239,11/16/2018,11-November,6-Friday,11:19,1100 Hours,District 6 (East Central),IOWA CITY,JOHNSON,77,BLUFFWOOD DR,Collision with:  Vehicle in traffic,On Roadway,Rear to side,Improper Backing,None Indicated,None apparent,Daylight,Dry,Clear,None apparent,"Non-intersection:  Driveway access (related, not in)",Paved,N/A,Property Damage Only,0,0,0,0,0,0,3001,2,1,Northbound (NB),POINT (-91.497782716371 41.672307561736)
20181079896,18-2137,11/16/2018,11-November,6-Friday,17:41,1700 Hours,District 1 (Central),,GREENE,77,855 240TH,Collision with:  Animal,Unknown,N/A,Animal,None Indicated,N/A,N/A,N/A,N/A,N/A,N/A,Paved,N/A,Property Damage Only,0,0,0,0,0,0,1500,1,2,Southbound (SB),POINT (-94.483191261916 42.008229985914)
20181080064,18-06180,11/17/2018,11-November,7-Saturday,17:35,1700 Hours,District 1 (Central),WEST DES MOINES,POLK,77,5800 ASHWORTH RD,Collision with:  Vehicle in traffic,On Roadway,Rear-end (front to rear),Other (explain in narrative):  Other,None Indicated,None apparent,Dark - roadway lighted,Dry,Cloudy,None apparent,Intersection:  Four-way intersection,Paved,N/A,Property Damage Only,0,0,0,0,0,0,3500,2,3,Southbound (SB),POINT (-93.787598928101 41.584419791669)
20181080058,18-050282,11/17/2018,11-November,7-Saturday,19:30,1900 Hours,District 4 (Southwest),COUNCIL BLUFFS,POTTAWATTAMIE,77,PROVIDENCE RD AND S LENOX CIR,Collision with fixed object:  Mailbox,On Roadway,Non-collision (single vehicle),Ran off road - right,None Indicated,Weather conditions,Dark - roadway lighted,Snow,Snow,"Surface condition (e.g., wet, icy)",Non-intersection:  Non-junction/no special feature,Paved,N/A,Property Damage Only,0,0,0,0,0,0,3300,1,2,Southbound (SB),POINT (-95.774074921875 41.244419622168)
20181080054,18-050263,11/17/2018,11-November,7-Saturday,17:28,1700 Hours,District 4 (Southwest),COUNCIL BLUFFS,POTTAWATTAMIE,77,200 BLOCK HARRISON ST,Collision with:  Parked motor vehicle,On Roadway,Rear-end (front to rear),Driving too fast for conditions,None Indicated,Weather conditions,Dark - roadway lighted,Snow,Snow,"Surface condition (e.g., wet, icy)",Non-intersection:  Non-junction/no special feature,Paved,N/A,Property Damage Only,0,0,0,0,0,0,4200,2,1,Northbound (NB),POINT (-95.845273717733 41.267421402139)
20181080476,CFS1862386,11/18/2018,11-November,1-Sunday,23:50,2300 Hours,District 6 (East Central),DE WITT,CLINTON,US 30,US 30,Collision with:  Animal,Unknown,N/A,Animal,None Indicated,N/A,N/A,N/A,N/A,N/A,N/A,Paved,N/A,Property Damage Only,0,0,0,0,0,0,4000,1,1,Southbound (SB),POINT (-90.553427199194 41.808084696101)
20181081707,201800057219,11/19/2018,11-November,2-Monday,12:54,1200 Hours,District 5 (Southeast),OTTUMWA,WAPELLO,77,N QUINCY AVE,Collision with fixed object:  Utility pole/light support,Outside trafficway,Non-collision (single vehicle),Improper Backing,None Indicated,None apparent,Daylight,Dry,Clear,None apparent,Non-intersection:  Non-junction/no special feature,Paved,N/A,Property Damage Only,0,0,0,0,0,0,2500,1,1,Northbound (NB),POINT (-92.438464940605 41.014098758262)
20181083444,261802803,11/19/2018,11-November,2-Monday,05:30,0500 Hours,District 5 (Southeast),,DAVIS,US 63,US 63,Collision with:  Animal,Unknown,N/A,Animal,None Indicated,N/A,N/A,N/A,N/A,N/A,N/A,Paved,N/A,Property Damage Only,0,0,0,0,0,0,5000,1,1,Northbound (NB),POINT (-92.39916924253 40.782062309992)
20181080623,891812292,11/20/2018,11-November,3-Tuesday,07:48,0700 Hours,District 5 (Southeast),,VAN BUREN,77,J040/RTE J40,Non-collision events:  Overturn/rollover,On Roadway,Non-collision (single vehicle),Ran off road - right,None Indicated,None apparent,Daylight,Dry,Cloudy,None apparent,Non-intersection:  Non-junction/no special feature,Paved,N/A,Property Damage Only,0,0,0,0,0,0,2000,1,1,Southbound (SB),POINT (-92.01045100288 40.731512820785)
20181080777,18-050636,11/20/2018,11-November,3-Tuesday,17:38,1700 Hours,District 4 (Southwest),COUNCIL BLUFFS,POTTAWATTAMIE,77,S 28TH ST // 2ND AVE,Collision with:  Vehicle in traffic,On Roadway,Broadside (front to side),Unknown,None Indicated,None apparent,Dark - roadway lighted,Dry,Clear,None apparent,Intersection:  Four-way intersection,Paved,N/A,Property Damage Only,0,0,0,0,0,0,30000,2,2,Northbound (NB),POINT (-95.889047230936 41.25987286801)
20181081036,18047921,11/21/2018,11-November,4-Wednesday,17:41,1700 Hours,District 5 (Southeast),,MUSCATINE,77,1700-BLK ZACHARY AVE,Collision with:  Animal,Unknown,N/A,Animal,None Indicated,N/A,N/A,N/A,N/A,N/A,N/A,Paved,N/A,Property Damage Only,0,0,0,0,0,0,5000,1,1,Northbound (NB),POINT (-90.805120764268 41.479159372368)
20181081181,2018030114,11/21/2018,11-November,4-Wednesday,19:30,1900 Hours,District 4 (Southwest),,POTTAWATTAMIE,I-80,I-80 WB 24.65MM,Collision with:  Animal,On Roadway,Non-collision (single vehicle),Animal,None Indicated,Animal in roadway,N/A,N/A,N/A,None apparent,Non-intersection:  Non-junction/no special feature,Paved,N/A,Property Damage Only,0,0,0,0,0,0,5000,1,2,Southbound (SB),POINT (-95.59856636573 41.458278502427)
20181081169,18-03098,11/21/2018,11-November,4-Wednesday,14:55,1400 Hours,District 1 (Central),URBANDALE,POLK,77,5000 BLOCK OF 86TH ST.,Collision with:  Vehicle in traffic,On Roadway,Rear-end (front to rear),Followed too close,None Indicated,None apparent,Daylight,Dry,Clear,None apparent,"Interchange-related:  Off-ramp, diverge area",Paved,N/A,Property Damage Only,0,0,0,0,0,0,10500,3,4,Eastbound (EB),POINT (-93.736459124465 41.652186489687)
20181081198,18030160,11/22/2018,11-November,5-Thursday,17:12,1700 Hours,District 5 (Southeast),OSKALOOSA,MAHASKA,IA-92,STATE 92/A AVE W,Collision with:  Animal,On Roadway,Other (explain in narrative),Animal,None Indicated,None apparent,Dark - roadway not lighted,Dry,Clear,None apparent,Non-intersection:  Non-junction/no special feature,Paved,N/A,Property Damage Only,0,0,0,0,0,0,4000,2,4,Southbound (SB),POINT (-92.670763416062 41.296180300865)
20181082313,201800015708,11/23/2018,11-November,6-Friday,05:32,0500 Hours,District 4 (Southwest),,DALLAS,IA-141,STATE 141/IOWA 141,Collision with:  Animal,On Roadway,Rear-end (front to rear),Animal,None Indicated,None apparent,Dark - roadway not lighted,Dry,Clear,None apparent,Non-intersection:  Non-junction/no special feature,Paved,N/A,Minor Injury,0,5,0,2,3,0,14000,2,8,Southbound (SB),POINT (-93.894498891578 41.800112584972)
20181081608,18-38734,11/23/2018,11-November,6-Friday,19:46,1900 Hours,District 3 (Northwest),SIOUX CITY,WOODBURY,IA-12,STATE 12/RIVERSIDE BLVD,Collision with:  Animal,On Roadway,Non-collision (single vehicle),Animal,None Indicated,Animal in roadway,N/A,N/A,N/A,None apparent,Non-intersection:  Non-junction/no special feature,Paved,N/A,Property Damage Only,0,0,0,0,0,0,1500,1,2,Northbound (NB),POINT (-96.47554506824 42.519443420736)
20181082592,18199639,11/24/2018,11-November,7-Saturday,19:29,1900 Hours,District 6 (East Central),,JOHNSON,I-80,INTERSTATE 80/I 80,Collision with fixed object:  Ditch,On Roadway,Non-collision (single vehicle),Driver Distraction:  Other electronic device activity,None Indicated,None apparent,Dark - roadway not lighted,Dry,Clear,None apparent,Non-intersection:  Non-junction/no special feature,Paved,N/A,Property Damage Only,0,0,0,0,0,0,5500,1,1,Southbound (SB),POINT (-91.766174929514 41.689895763719)
20181081448,C18004629,11/25/2018,11-November,1-Sunday,12:24,1200 Hours,District 6 (East Central),CORALVILLE,JOHNSON,77,~100 BLK CAMP CARDINAL BLVD,Collision with:  Vehicle in traffic,On Roadway,Rear-end (front to rear),Followed too close,None Indicated,None apparent,Daylight,Snow,Snow,"Surface condition (e.g., wet, icy)",Non-intersection:  Non-junction/no special feature,Paved,N/A,Property Damage Only,0,0,0,0,0,0,10000,2,3,Eastbound (EB),POINT (-91.601380541135 41.674011476807)
20181082329,2018011523,11/25/2018,11-November,1-Sunday,12:45,1200 Hours,District 6 (East Central),IOWA CITY,JOHNSON,IA-1,VAN BUREN ST AND STATE 1/E BURLINGTON ST,Collision with:  Vehicle in traffic,On Roadway,Broadside (front to side),FTYROW:  From stop sign,None Indicated,Weather conditions,Daylight,Snow,Blowing snow,"Surface condition (e.g., wet, icy)",Intersection:  Four-way intersection,Paved,N/A,Property Damage Only,0,0,0,0,0,0,16000,2,3,Northbound (NB),POINT (-91.528649455659 41.657809614241)
20181084091,PDI2018193,11/26/2018,11-November,2-Monday,16:49,1600 Hours,District 1 (Central),GRINNELL,POWESHIEK,IA-146,STATE 146/WEST ST,Collision with:  Vehicle in traffic,On Roadway,Rear-end (front to rear),Followed too close,None Indicated,None apparent,Dusk,Dry,Cloudy,None apparent,Non-intersection:  Driveway access (within),Paved,N/A,Possible/Unknown,0,1,0,0,1,0,1200,2,2,Northbound (NB),POINT (-92.727309140043 41.726684816269)
20181082343,2018061,11/27/2018,11-November,3-Tuesday,06:30,0600 Hours,District 4 (Southwest),,AUDUBON,77,N036/PHEASANT AVE,Collision with:  Animal,On Roadway,Non-collision (single vehicle),Animal,None Indicated,Animal in roadway,N/A,N/A,N/A,None apparent,Non-intersection:  Non-junction/no special feature,Paved,N/A,Property Damage Only,0,0,0,0,0,0,5000,1,1,Northbound (NB),POINT (-94.802138314647 41.641299314432)
20181082180,18-40909,11/27/2018,11-November,3-Tuesday,22:26,2200 Hours,District 5 (Southeast),BURLINGTON,DES MOINES,77,2803 VINEYARD ST,Collision with:  Parked motor vehicle,On Roadway,"Sideswipe, same direction",Illegally Parked/Unattended,None Indicated,None apparent,Unknown,Snow,Clear,"Surface condition (e.g., wet, icy)",Non-intersection:  Non-junction/no special feature,Paved,N/A,Possible/Unknown,0,1,0,0,0,1,2000,2,1,Southbound (SB),POINT (-91.131746757981 40.821161084091)
20181083318,18-008958,11/28/2018,11-November,4-Wednesday,15:50,1500 Hours,District 2 (Northeast),ALLISON,BUTLER,77,MAIN ST,Collision with:  Vehicle in traffic,On Roadway,Rear-end (front to rear),Lost Control,None Indicated,Weather conditions,Daylight,Ice/frost,Freezing rain/drizzle,"Surface condition (e.g., wet, icy)",Intersection:  T-intersection,Paved,N/A,Property Damage Only,0,0,0,0,0,0,6000,2,3,Northbound (NB),POINT (-92.795124637995 42.744797729435)
20181082293,2018-009849,11/28/2018,11-November,4-Wednesday,07:57,0700 Hours,District 6 (East Central),DUBUQUE,DUBUQUE,US 20,US 20/DODGE ST MEASURING 3055 FEET NORTH FROM US 20/DODGE ST AND SEIPPEL RD,Collision with:  Vehicle in traffic,On Roadway,Rear-end (front to rear),Lost Control,None Indicated,None apparent,Daylight,Dry,Cloudy,None apparent,Non-intersection:  Non-junction/no special feature,Paved,N/A,Property Damage Only,0,0,0,0,0,0,7500,2,2,Southbound (SB),POINT (-90.754687393076 42.483628695231)
20181082608,185517,11/29/2018,11-November,5-Thursday,15:25,1500 Hours,District 3 (Northwest),DENISON,CRAWFORD,77,N MAIN ST AND 3RD AVE N,Miscellaneous events:  Hit and run,On Roadway,Other (explain in narrative),Ran Stop Sign,None Indicated,None apparent,Daylight,Wet,Rain,None apparent,Intersection:  Four-way intersection,Paved,N/A,Property Damage Only,0,0,0,0,0,0,7000,2,2,Southbound (SB),POINT (-95.355280999376 42.020157165213)
20181082621,18-17413,11/29/2018,11-November,5-Thursday,07:59,0700 Hours,District 3 (Northwest),SPENCER,CLAY,77,US 18/HIGHWAY BLVD AND W 18TH ST AND E 18TH ST,Collision with:  Vehicle in traffic,On Roadway,Broadside (front to side),FTYROW:  Making left turn,None Indicated,None apparent,Daylight,Ice/frost,Clear,"Slippery, loose, or worn surface",Intersection:  Four-way intersection,Paved,N/A,Property Damage Only,0,0,0,0,0,0,5000,3,5,Southbound (SB),POINT (-95.146291654974 43.155706126714)
20181083053,MC1809561,11/30/2018,11-November,6-Friday,13:27,1300 Hours,District 2 (Northeast),MASON CITY,CERRO GORDO,77,1ST ST SW,Collision with fixed object:  Bridge overhead structure,On Roadway,Non-collision (single vehicle),Other (explain in narrative):  Other,None Indicated,None apparent,Daylight,Dry,Cloudy,None apparent,Non-intersection:  Non-junction/no special feature,Paved,N/A,Property Damage Only,0,0,0,0,0,0,6000,1,1,Southbound (SB),POINT (-93.210260751812 43.150939078813)
20181088598,2018030926,11/30/2018,11-November,6-Friday,17:40,1700 Hours,District 1 (Central),,POLK,I-35,INTERSTATE 35/I 35 SB@98MM,Collision with:  Vehicle in traffic,On Roadway,Rear-end (front to rear),Followed too close,None Indicated,None apparent,Dark - roadway not lighted,Dry,Clear,None apparent,Non-intersection:  Non-junction/no special feature,Paved,N/A,Property Damage Only,0,0,0,0,0,0,5500,2,2,Eastbound (EB),POINT (-93.570724907856 41.816120191691)
20181086097,90-18-553,12/01/2018,12-December,7-Saturday,12:48,1200 Hours,District 2 (Northeast),,HUMBOLDT,77,P059/PENN AVE,Non-collision events:  Overturn/rollover,Roadside,Non-collision (single vehicle),Ran off road - right,None Indicated,None apparent,Daylight,Slush,Cloudy,"Surface condition (e.g., wet, icy)",Non-intersection:  Non-junction/no special feature,Paved,N/A,Possible/Unknown,0,1,0,0,1,0,3500,1,2,Northbound (NB),POINT (-94.148938200437 42.653558182205)