Iowa DOT Case Number,Law Enforcement Case Number,Date of Crash,Month of Crash,Day of Week,Time of Crash,Hour,DOT District,City Name,County Name,Route with System,Location Description,First Harmful Event,Location of First Harmful Event,Manner of Crash/Collision,Major Cause,Drug or Alcohol ,Environmental Conditions,Light Conditions,Surface Conditions,Weather Conditions,Roadway Contribution,Roadway Type,Roadway Surface,Work Zone,Crash Severity,Number of Fatalities,Number of Injuries,Number of Major Injuries,Number of Minor Injuries,Number of Possible Injuries,Number of Unknown Injuries,Amount of Property Damage,Number of Vehicles Involved,Total Number of Occupants,Travel Direction,Location
20181083214,18-39557,12/01/2018,12-December,7-Saturday,18:30,1800 Hours,District 3 (Northwest),SIOUX CITY,WOODBURY,77,14TH ST,Collision with:  Vehicle in traffic,On Roadway,Broadside (front to side),FTYROW:  Other (explain in narrative),None Indicated,None apparent,Dark - roadway lighted,Snow,Snow,None apparent,Non-intersection:  Alley,Paved,N/A,Property Damage Only,0,0,0,0,0,0,3500,2,3,Southbound (SB),POINT (-96.405877504683 42.505014372793)
20181091187,2018030993,12/02/2018,12-December,1-Sunday,07:28,0700 Hours,District 1 (Central),,STORY,I-35,INTERSTATE 35/I35 102.8MM SB,Collision with fixed object:  Cable barrier,Shoulder,Non-collision (single vehicle),Driving too fast for conditions,None Indicated,Weather conditions,Daylight,Wet,Snow,"Surface condition (e.g., wet, icy)",Non-intersection:  Non-junction/no special feature,Paved,N/A,Property Damage Only,0,0,0,0,0,0,6000,1,1,Northbound (NB),POINT (-93.571188207675 41.876355766464)
20181084530,2018031022,12/02/2018,12-December,1-Sunday,19:35,1900 Hours,District 5 (Southeast),,WASHINGTON,77,LARCH AVE MEASURING 3174 FEET SOUTH FROM LARCH AVE AND 155TH ST,Non-collision events:  Overturn/rollover,On Roadway,Non-collision (single vehicle),Driving too fast for conditions,None Indicated,None apparent,Dark - roadway not lighted,"Mud, dirt",Freezing rain/drizzle,"Surface condition (e.g., wet, icy)",Non-intersection:  Non-junction/no special feature,Unpaved,N/A,Possible/Unknown,0,1,0,0,1,0,3000,1,1,Northbound (NB),POINT (-91.734419033266 41.426083850999)
20181089728,2018031028,12/03/2018,12-December,2-Monday,06:16,0600 Hours,District 1 (Central),,JASPER,I-80,INTERSTATE 80 WB -  2248 FEET EAST OF MILE MARKER 169 - (169.40MM),Non-collision events:  Overturn/rollover,Shoulder,Non-collision (single vehicle),Driving too fast for conditions,None Indicated,Weather conditions,Dark - roadway not lighted,Ice/frost,Snow,"Surface condition (e.g., wet, icy)",Non-intersection:  Non-junction/no special feature,Paved,N/A,Minor Injury,0,3,0,2,1,0,2500,1,3,Southbound (SB),POINT (-92.978877554526 41.68174558607)
20181083746,2018011894,12/04/2018,12-December,3-Tuesday,17:25,1700 Hours,District 6 (East Central),IOWA CITY,JOHNSON,IA-1,STATE 1/W BURLINGTON ST,Collision with:  Vehicle in traffic,On Roadway,Rear-end (front to rear),Driver Distraction:  Other interior distraction,None Indicated,None apparent,Dark - roadway not lighted,Wet,Snow,None apparent,Non-intersection:  Non-junction/no special feature,Paved,N/A,Property Damage Only,0,0,0,0,0,0,2300,2,2,Northbound (NB),POINT (-91.53831604048 41.657878932305)
20181085353,201804964,12/04/2018,12-December,3-Tuesday,07:37,0700 Hours,District 6 (East Central),,LINN,77,W045/TROY MILLS RD MEASURING 290 FEET NORTH FROM W045/TROY MILLS RD AND PARIS RD,Non-collision events:  Overturn/rollover,Roadside,Non-collision (single vehicle),Driving too fast for conditions,None Indicated,None apparent,Dawn,Ice/frost,Cloudy,"Surface condition (e.g., wet, icy)",Non-intersection:  Non-junction/no special feature,Paved,N/A,Minor Injury,0,3,0,3,0,0,4000,1,3,Northbound (NB),POINT (-91.680897236162 42.240252283636)
20181083634,SOI20180489,12/04/2018,12-December,3-Tuesday,17:22,1700 Hours,District 1 (Central),,POWESHIEK,IA-146,3300 BLK HWY 146,Collision with:  Animal,Unknown,N/A,Animal,None Indicated,N/A,N/A,N/A,N/A,N/A,N/A,Paved,N/A,Property Damage Only,0,0,0,0,0,0,3000,1,1,Northbound (NB),POINT (-92.727423279983 41.810549452364)
20181091144,2018033070,12/05/2018,12-December,4-Wednesday,23:45,2300 Hours,District 1 (Central),,WEBSTER,77,GYPSUM HOLLOW RD  2 SOUTH OF FORT DODGE,Collision with fixed object:  Ditch,Shoulder,Non-collision (single vehicle),Exceeded authorized speed,Drug/Alcohol (Statutory),None apparent,Dark - roadway not lighted,Dry,Cloudy,None apparent,Non-intersection:  Non-junction/no special feature,Paved,N/A,Fatal,1,0,0,0,0,0,2000,1,1,Northbound (NB),POINT (-94.162578549393 42.46594146063)
20181084814,2018031334,12/05/2018,12-December,4-Wednesday,14:30,1400 Hours,District 2 (Northeast),,HANCOCK,77,300TH ST MEASURING 2857 FEET WEST FROM YALE AVE,Collision with fixed object:  Utility pole/light support,Roadside,Non-collision (single vehicle),Driving too fast for conditions,None Indicated,None apparent,Daylight,Snow,Clear,"Surface condition (e.g., wet, icy)",Non-intersection:  Non-junction/no special feature,Unpaved,N/A,Property Damage Only,0,0,0,0,0,0,24500,1,1,Northbound (NB),POINT (-93.51749408136 43.198632902359)
20181084356,20180038503,12/06/2018,12-December,5-Thursday,13:44,1300 Hours,District 1 (Central),DES MOINES,POLK,77,HICKMAN RD AND 47TH ST,Collision with:  Vehicle in traffic,On Roadway,Broadside (front to side),FTYROW:  From stop sign,None Indicated,None apparent,Daylight,Dry,Cloudy,None apparent,Intersection:  Four-way intersection,Paved,N/A,Property Damage Only,0,0,0,0,0,0,4000,2,2,Northbound (NB),POINT (-93.68151910492 41.614875415808)
20181084225,201800016208,12/07/2018,12-December,6-Friday,01:17,0100 Hours,District 1 (Central),,DALLAS,77,R030/155TH PL,Non-collision events:  Overturn/rollover,Other (explain in narrative),Non-collision (single vehicle),Ran off road - left,None Indicated,None apparent,Dark - roadway not lighted,Gravel,Clear,None apparent,Non-intersection:  Non-junction/no special feature,Unpaved,N/A,Property Damage Only,0,0,0,0,0,0,6000,1,2,Southbound (SB),POINT (-93.855551033758 41.811253528063)
20181085803,20180039423,12/07/2018,12-December,6-Friday,19:00,1900 Hours,District 1 (Central),DES MOINES,POLK,77,1ST ST,Collision with:  Parked motor vehicle,In parking lane/zone,Unknown,Unknown,None Indicated,None apparent,Unknown,Unknown,Unknown,None apparent,Non-intersection:  Non-junction/no special feature,Paved,N/A,Property Damage Only,0,0,0,0,0,0,2500,2,2,Northbound (NB),POINT (-93.618720934984 41.627336234732)
20181088113,18016736,12/08/2018,12-December,7-Saturday,10:03,1000 Hours,District 3 (Northwest),OKOBOJI,DICKINSON,77,175TH ST,Collision with:  Vehicle in traffic,On Roadway,Broadside (front to side),Ran Traffic Signal,None Indicated,None apparent,Daylight,Dry,"Fog, smoke, smog",None apparent,Intersection:  Four-way intersection,Paved,N/A,Property Damage Only,0,0,0,0,0,0,7000,2,2,Southbound (SB),POINT (-95.127117968634 43.393029821361)
20181084585,18-006431,12/08/2018,12-December,7-Saturday,06:45,0600 Hours,District 1 (Central),ANKENY,POLK,77,200-B NE 44TH ST,Collision with:  Vehicle in traffic,On Roadway,"Sideswipe, same direction",Driver Distraction:  Other interior distraction,None Indicated,None apparent,Dark - roadway not lighted,Dry,Clear,None apparent,Non-intersection:  Non-junction/no special feature,Paved,N/A,Property Damage Only,0,0,0,0,0,0,2700,2,1,Southbound (SB),POINT (-93.599321451707 41.767174951206)
20181084941,201800016289,12/09/2018,12-December,1-Sunday,12:59,1200 Hours,District 4 (Southwest),,DALLAS,77,K TRL,Collision with fixed object:  Culvert/pipe opening,Shoulder,Non-collision (single vehicle),Driver Distraction:  Inattentive/lost in thought,Refused,None apparent,Daylight,Gravel,Clear,None apparent,Non-intersection:  Non-junction/no special feature,Unpaved,N/A,Minor Injury,0,1,0,1,0,0,8000,1,1,Northbound (NB),POINT (-94.086767043789 41.781017261839)
20181086281,,12/10/2018,12-December,2-Monday,14:52,1400 Hours,District 6 (East Central),IOWA CITY,JOHNSON,IA-1,Interstate 0080 and NB/EB Iowa 0001 / N DODGE ST,Collision with:  Vehicle in traffic,On Roadway,Rear-end (front to rear),Unknown,None Indicated,N/A,Daylight,Dry,Clear,N/A,Intersection:  Intersection with ramp,Paved,N/A,Minor Injury,0,1,0,1,0,0,1275,2,2,Eastbound (EB),POINT (-91.500492444001 41.685465876444)
20181085199,2018012097,12/10/2018,12-December,2-Monday,19:07,1900 Hours,District 6 (East Central),IOWA CITY,JOHNSON,77,US 6 AND STATE 1/IOWA 1 AND OLD HIGHWAY 218 AND US 6/S RIVERSIDE DR,Collision with:  Vehicle in traffic,On Roadway,Broadside (front to side),Ran Traffic Signal,None Indicated,None apparent,Dark - roadway lighted,Dry,Clear,None apparent,Intersection:  Four-way intersection,Paved,N/A,Possible/Unknown,0,1,0,0,1,0,12000,2,2,Eastbound (EB),POINT (-91.540136014669 41.64749012763)
20181085456,201800016382,12/11/2018,12-December,3-Tuesday,17:29,1700 Hours,District 4 (Southwest),,DALLAS,77,P058/L AVE,Collision with:  Animal,Unknown,N/A,Animal,None Indicated,N/A,N/A,N/A,N/A,N/A,N/A,Paved,N/A,Property Damage Only,0,0,0,0,0,0,3000,1,1,Northbound (NB),POINT (-94.07022146056 41.573651541378)
20181086253,2018-39948,12/12/2018,12-December,4-Wednesday,18:38,1800 Hours,District 5 (Southeast),INDIANOLA,WARREN,US 65,900 BLK. N. JEFFERSON WAY,Collision with:  Vehicle in traffic,On Roadway,"Angle, oncoming left turn",FTYROW:  From driveway,None Indicated,None apparent,Dark - roadway lighted,Dry,Clear,None apparent,"Non-intersection:  Driveway access (related, not in)",Paved,N/A,Possible/Unknown,0,1,0,0,1,0,2000,2,3,Northbound (NB),POINT (-93.558384336675 41.367871601898)
20181085464,18-39563,12/12/2018,12-December,4-Wednesday,16:30,1600 Hours,District 1 (Central),,JASPER,77,5000 BLOCK OF E 76TH STREET S,Non-collision events:  Overturn/rollover,Shoulder,Non-collision (single vehicle),Ran off road - left,Alcohol (Statutory),None apparent,Dusk,Dry,Clear,None apparent,Non-intersection:  Non-junction/no special feature,Unpaved,N/A,Possible/Unknown,0,1,0,0,1,0,1500,1,2,Northbound (NB),POINT (-92.96082444374 41.652863795971)
20181085635,CL1804189,12/13/2018,12-December,5-Thursday,17:14,1700 Hours,District 2 (Northeast),CLEAR LAKE,CERRO GORDO,US 18,US 18 AND BUDDY HOLLY,Collision with:  Vehicle in traffic,On Roadway,Rear-end (front to rear),Followed too close,None Indicated,None apparent,Dark - roadway lighted,Dry,Cloudy,None apparent,Non-intersection:  Non-junction/no special feature,Paved,N/A,Possible/Unknown,0,2,0,0,2,0,10000,2,2,Southbound (SB),POINT (-93.390006306319 43.142939536743)
20181085561,20180039320,12/13/2018,12-December,5-Thursday,15:43,1500 Hours,District 1 (Central),DES MOINES,POLK,US 6,US 6/E EUCLID AVE MEASURING 339 FEET WEST FROM US 6/E EUCLID AVE AND E 12TH ST,Collision with:  Vehicle in traffic,On Roadway,Rear-end (front to rear),Followed too close,None Indicated,None apparent,Dusk,Dry,Cloudy,None apparent,Non-intersection:  Non-junction/no special feature,Paved,N/A,Property Damage Only,0,0,0,0,0,0,5000,2,4,Southbound (SB),POINT (-93.606011296358 41.627710184806)
20181086117,18022927,12/14/2018,12-December,6-Friday,21:57,2100 Hours,District 2 (Northeast),,FAYETTE,US 18,US 18/HARDING RD,Collision with:  Animal,Unknown,N/A,Animal,None Indicated,N/A,N/A,N/A,N/A,N/A,N/A,Paved,N/A,Property Damage Only,0,0,0,0,0,0,3000,1,1,Southbound (SB),POINT (-91.639267850625 43.014884190909)
20181085715,18-9758,12/14/2018,12-December,6-Friday,21:34,2100 Hours,District 1 (Central),,POLK,IA-28,4900 BLK MERLE HAY RD,Collision with:  Vehicle in traffic,On Roadway,Rear-end (front to rear),Followed too close,None Indicated,None apparent,Dark - roadway lighted,Dry,Clear,None apparent,Interchange-related:  On-ramp merge area,Paved,N/A,Property Damage Only,0,0,0,0,0,0,2100,3,6,Northbound (NB),POINT (-93.697667324672 41.650951325487)
20181086124,201819846,12/15/2018,12-December,7-Saturday,16:00,1600 Hours,District 6 (East Central),CEDAR RAPIDS,LINN,77,BLAIRS FERRY RD NE,Collision with:  Vehicle in traffic,On Roadway,"Sideswipe, same direction","Operating vehicle in an reckless, erratic, careless, negligent manner",None Indicated,None apparent,Daylight,Dry,Clear,None apparent,Non-intersection:  Non-junction/no special feature,Paved,N/A,Property Damage Only,0,0,0,0,0,0,2000,2,7,Southbound (SB),POINT (-91.660538742929 42.035143248855)
20181090050,18-09278,12/16/2018,12-December,1-Sunday,12:50,1200 Hours,District 2 (Northeast),OELWEIN,FAYETTE,77,FREDERICK AVE S,Collision with:  Parked motor vehicle,On Roadway,"Sideswipe, same direction",Other (explain in narrative):  Other,None Indicated,None apparent,Daylight,Dry,Clear,None apparent,Non-intersection:  Non-junction/no special feature,Paved,N/A,Property Damage Only,0,0,0,0,0,0,3000,2,1,Northbound (NB),POINT (-91.913408774937 42.677841999492)
20181086100,S18-003210,12/16/2018,12-December,1-Sunday,23:43,2300 Hours,District 4 (Southwest),,POTTAWATTAMIE,I-80,INTERSTATE 80 27 MM EB,Collision with:  Animal,Unknown,N/A,Animal,None Indicated,N/A,N/A,N/A,N/A,N/A,N/A,Paved,N/A,Property Damage Only,0,0,0,0,0,0,1500,1,1,Southbound (SB),POINT (-95.582754563255 41.496047217423)
20181086394,144-18,12/17/2018,12-December,2-Monday,17:35,1700 Hours,District 5 (Southeast),,MADISON,77,G050/SAINT CHARLES RD,Collision with:  Animal,On Roadway,Non-collision (single vehicle),Animal,None Indicated,Animal in roadway,N/A,N/A,N/A,N/A,N/A,Paved,N/A,Property Damage Only,0,0,0,0,0,0,10000,1,2,Southbound (SB),POINT (-93.977349614612 41.302635650885)
20181086588,18040110,12/17/2018,12-December,2-Monday,17:50,1700 Hours,District 1 (Central),,JASPER,IA-163,STATE 163/IOWA 163 W,Collision with:  Vehicle in traffic,On Roadway,Rear-end (front to rear),Driver Distraction:  Inattentive/lost in thought,None Indicated,None apparent,Dark - roadway not lighted,Dry,Clear,None apparent,Intersection:  T-intersection,Paved,N/A,Possible/Unknown,0,1,0,0,1,0,13200,2,2,Southbound (SB),POINT (-93.159034520365 41.565894263181)
20181086491,201820022,12/18/2018,12-December,3-Tuesday,14:20,1400 Hours,District 6 (East Central),CEDAR RAPIDS,LINN,IA-922,16TH AVE SW AND STATE 922/WILLIAMS BLVD,Collision with:  Vehicle in traffic,On Roadway,"Sideswipe, same direction",Improper or erratic lane changing,None Indicated,None apparent,Daylight,Dry,Clear,None apparent,Non-intersection:  Non-junction/no special feature,Paved,N/A,Property Damage Only,0,0,0,0,0,0,3000,2,5,Eastbound (EB),POINT (-91.708893839253 41.963141689495)
20181086863,18-41602,12/19/2018,12-December,4-Wednesday,18:10,1800 Hours,District 3 (Northwest),SIOUX CITY,WOODBURY,77,W VILLA AVE  1300 BLK,Collision with:  Vehicle in traffic,On Roadway,"Sideswipe, same direction",Driver Distraction:  Reaching for object(s)/fallen object(s),None Indicated,None apparent,Dark - roadway lighted,Dry,Cloudy,None apparent,Non-intersection:  Non-junction/no special feature,Paved,N/A,Property Damage Only,0,0,0,0,0,0,7500,3,3,Southbound (SB),POINT (-96.424800744315 42.504116624437)
20181086796,2018-010441,12/19/2018,12-December,4-Wednesday,08:13,0800 Hours,District 6 (East Central),DUBUQUE,DUBUQUE,77,CRESCENT RDG MEASURING 325 FEET EAST FROM N CRESCENT RIDGE AND US 20/DODGE ST AND CRESCENT RDG,Collision with:  Vehicle in traffic,On Roadway,Rear-end (front to rear),Lost Control,None Indicated,None apparent,Daylight,Dry,Cloudy,None apparent,Non-intersection:  Non-junction/no special feature,Paved,N/A,Property Damage Only,0,0,0,0,0,0,8500,2,1,Southbound (SB),POINT (-90.731564747782 42.489864069652)
20181086981,2018-97416,12/20/2018,12-December,5-Thursday,12:05,1200 Hours,District 6 (East Central),DAVENPORT,SCOTT,IA-461,STATE 461/BRADY ST AND E 53RD ST,Collision with:  Vehicle in traffic,On Roadway,Rear-end (front to rear),Unknown,None Indicated,None apparent,Daylight,Wet,Cloudy,"Surface condition (e.g., wet, icy)",Non-intersection:  Non-junction/no special feature,Paved,N/A,Property Damage Only,0,0,0,0,0,0,3700,2,2,Northbound (NB),POINT (-90.569630832422 41.574519677408)
20181087160,201805213,12/20/2018,12-December,5-Thursday,23:30,2300 Hours,District 6 (East Central),ELY,LINN,77,WALKER ST,Collision with fixed object:  Utility pole/light support,Roadside,Non-collision (single vehicle),Ran off road - right,None Indicated,None apparent,Dark - roadway lighted,Dry,Clear,None apparent,Non-intersection:  Non-junction/no special feature,Paved,N/A,Property Damage Only,0,0,0,0,0,0,5600,1,1,Northbound (NB),POINT (-91.588216540028 41.875222525954)
20181088648,18-01911,12/21/2018,12-December,6-Friday,16:10,1600 Hours,District 1 (Central),CLIVE,POLK,77,2000 NW 81ST,Collision with:  Vehicle in traffic,On Roadway,Rear to side,Driver Distraction:  Other interior distraction,None Indicated,None apparent,Daylight,Dry,Cloudy,None apparent,"Non-intersection:  Driveway access (related, not in)",Paved,N/A,Property Damage Only,0,0,0,0,0,0,1500,2,2,Northbound (NB),POINT (-93.729791571509 41.611534669895)
20181087536,18-016734,12/22/2018,12-December,7-Saturday,16:24,1600 Hours,District 1 (Central),,HARDIN,77,D015/CO HWY D15,Collision with:  Animal,Unknown,N/A,Animal,None Indicated,N/A,N/A,N/A,N/A,N/A,N/A,Paved,N/A,Property Damage Only,0,0,0,0,0,0,2500,1,1,Southbound (SB),POINT (-93.224439215878 42.521456618654)
20181088976,18-12059,12/22/2018,12-December,7-Saturday,08:56,0800 Hours,District 5 (Southeast),MOUNT PLEASANT,HENRY,US 218,HWY 218 SOUTHBOUND LN. ON OVERPASS,Collision with fixed object:  Ditch,On Roadway,Non-collision (single vehicle),Driver Distraction:  Other interior distraction,None Indicated,None apparent,Daylight,Dry,Clear,None apparent,Non-intersection:  Non-junction/no special feature,Paved,N/A,Property Damage Only,0,0,0,0,0,0,8272,1,2,Northbound (NB),POINT (-91.518611633962 40.960159593628)
20181088458,IF1809465,12/23/2018,12-December,1-Sunday,11:38,1100 Hours,District 1 (Central),IOWA FALLS,HARDIN,77,COLLEGE AVE,Other (explain in narrative),Outside trafficway,Rear to side,Other (explain in narrative):  Other,None Indicated,None apparent,Daylight,Dry,Clear,None apparent,Non-intersection:  Non-junction/no special feature,Paved,N/A,Property Damage Only,0,0,0,0,0,0,1600,2,3,Northbound (NB),POINT (-93.266686359361 42.51888048175)
20181087809,SO18-01568,12/24/2018,12-December,2-Monday,23:05,2300 Hours,District 1 (Central),,MARSHALL,IA-330,STATE 330/MARSH AVE 1700 MILE,Collision with:  Animal,Unknown,N/A,Animal,None Indicated,N/A,N/A,N/A,N/A,N/A,N/A,Paved,N/A,Property Damage Only,0,0,0,0,0,0,4500,1,1,Northbound (NB),POINT (-92.99400125468 42.102979129569)
20181087737,2018-41425,12/26/2018,12-December,4-Wednesday,02:00,0200 Hours,District 6 (East Central),,SCOTT,77,Y04E/BIG ROCK RD,Collision with:  Struck/struck by object/cargo/person from other vehicle,Shoulder,Non-collision (single vehicle),Driving too fast for conditions,Refused,None apparent,Dark - roadway not lighted,Dry,"Fog, smoke, smog",None apparent,Non-intersection:  Non-junction/no special feature,Paved,N/A,Property Damage Only,0,0,0,0,0,0,5200,1,1,Northbound (NB),POINT (-90.825185314367 41.767892302204)
20181088295,18-17478,12/26/2018,12-December,4-Wednesday,16:37,1600 Hours,District 3 (Northwest),,DICKINSON,US 71,US 71,Non-collision events:  Overturn/rollover,On Roadway,Non-collision (single vehicle),Driving too fast for conditions,None Indicated,Weather conditions,Daylight,Slush,Freezing rain/drizzle,"Surface condition (e.g., wet, icy)",Non-intersection:  Non-junction/no special feature,Paved,N/A,Property Damage Only,0,0,0,0,0,0,2600,1,1,Northbound (NB),POINT (-95.020672099941 43.430518227024)
20181087940,18-056187,12/27/2018,12-December,5-Thursday,17:41,1700 Hours,District 4 (Southwest),COUNCIL BLUFFS,POTTAWATTAMIE,77,1500 BLOCK MADISON AVE,Collision with:  Animal,Unknown,N/A,Animal,None Indicated,N/A,N/A,N/A,N/A,N/A,N/A,Paved,N/A,Property Damage Only,0,0,0,0,0,0,4500,1,1,Northbound (NB),POINT (-95.830730584375 41.248821741845)
20181088256,W18-103796,12/28/2018,12-December,6-Friday,16:36,1600 Hours,District 2 (Northeast),WATERLOO,BLACK HAWK,77,HAMMOND AVE AND E SHAULIS RD,Collision with:  Vehicle in traffic,On Roadway,Head-on (front to front),Lost Control,None Indicated,Weather conditions,Dark - roadway lighted,Snow,Freezing rain/drizzle,None apparent,Intersection:  Four-way intersection,Paved,N/A,Property Damage Only,0,0,0,0,0,0,3000,2,5,Northbound (NB),POINT (-92.337092759331 42.44309224358)
20181088471,18-03406,12/28/2018,12-December,6-Friday,07:40,0700 Hours,District 1 (Central),URBANDALE,POLK,77,111TH ST AND FRONTAGE RD,Collision with:  Vehicle in traffic,On Roadway,"Sideswipe, same direction",Driving too fast for conditions,None Indicated,None apparent,Daylight,Snow,Cloudy,"Surface condition (e.g., wet, icy)","Non-intersection:  Driveway access (related, not in)",Paved,N/A,Property Damage Only,0,0,0,0,0,0,8000,2,2,Southbound (SB),POINT (-93.771028116585 41.627496409376)
20181090309,18-03441,12/28/2018,12-December,6-Friday,05:45,0500 Hours,District 1 (Central),URBANDALE,POLK,77,4600 NW URBANDALE DR,Collision with fixed object:  Fire hydrant,Outside trafficway,Non-collision (single vehicle),Ran off road - right,None Indicated,None apparent,Dark - roadway not lighted,Ice/frost,"Fog, smoke, smog","Surface condition (e.g., wet, icy)",Interchange-related:  Off-ramp,Paved,N/A,Property Damage Only,0,0,0,0,0,0,2750,1,1,Northbound (NB),POINT (-93.765819686364 41.644878986707)
20181088480,18-03421,12/28/2018,12-December,6-Friday,17:50,1700 Hours,District 1 (Central),URBANDALE,POLK,77,5100 BLOCK OF NW 86TH ST,Collision with:  Vehicle in traffic,On Roadway,Rear-end (front to rear),Driving too fast for conditions,None Indicated,None apparent,Dusk,Snow,Cloudy,"Surface condition (e.g., wet, icy)",Intersection:  Four-way intersection,Paved,N/A,Property Damage Only,0,0,0,0,0,0,8000,2,4,Eastbound (EB),POINT (-93.736450485367 41.655645280668)
20181088882,2018-010686,12/29/2018,12-December,7-Saturday,19:48,1900 Hours,District 6 (East Central),DUBUQUE,DUBUQUE,77,200 BLOCK OF W 4TH ST,Collision with:  Vehicle in traffic,On Roadway,Broadside (front to side),FTYROW:  Other (explain in narrative),None Indicated,None apparent,Dark - roadway lighted,Dry,Clear,None apparent,Non-intersection:  Alley,Paved,N/A,Property Damage Only,0,0,0,0,0,0,4750,3,2,Southbound (SB),POINT (-90.665856526806 42.497468196656)
20181088836,18-31556,12/30/2018,12-December,1-Sunday,18:50,1800 Hours,District 6 (East Central),BETTENDORF,SCOTT,77,MIDDLE RD,Collision with fixed object:  Tree,On Roadway,Non-collision (single vehicle),Ran off road - right,None Indicated,None apparent,Dark - roadway not lighted,Dry,Clear,None apparent,Non-intersection:  Non-junction/no special feature,Paved,N/A,Property Damage Only,0,0,0,0,0,0,6000,1,1,Southbound (SB),POINT (-90.469367748029 41.55903506474)
20181088892,2018-010732,12/31/2018,12-December,2-Monday,23:00,2300 Hours,District 6 (East Central),DUBUQUE,DUBUQUE,77,KEY WAY AND PENNSYLVANIA AVE,Collision with fixed object:  Utility pole/light support,Shoulder,Non-collision (single vehicle),Ran off road - right,None Indicated,Weather conditions,Dark - roadway lighted,Snow,Snow,"Surface condition (e.g., wet, icy)",Non-intersection:  Non-junction/no special feature,Paved,N/A,Minor Injury,0,1,0,1,0,0,1500,1,2,Southbound (SB),POINT (-90.725814177101 42.50047530992)
20181089389,2018033477,12/31/2018,12-December,2-Monday,11:55,1100 Hours,District 4 (Southwest),,DALLAS,I-80,INTERSTATE 80/I 80 EB MM 110,Non-collision events:  Overturn/rollover,Shoulder,Non-collision (single vehicle),Ran off road - right,None Indicated,Weather conditions,Daylight,Slush,Freezing rain/drizzle,"Surface condition (e.g., wet, icy)",Non-intersection:  Non-junction/no special feature,Paved,N/A,Minor Injury,0,2,0,1,1,0,30000,1,2,Westbound (WB),POINT (-94.020061058637 41.539438851492)
20191088895,0030,01/01/2019,01-January,3-Tuesday,17:52,1700 Hours,District 3 (Northwest),,SAC,77,M054/ROLF AVE,Collision with:  Animal,Unknown,N/A,Animal,None Indicated,N/A,N/A,N/A,N/A,N/A,N/A,Paved,N/A,Property Damage Only,0,0,0,0,0,0,1500,1,1,Northbound (NB),POINT (-95.002711724936 42.388976318026)
20191090159,19000058,01/02/2019,01-January,4-Wednesday,16:34,1600 Hours,District 6 (East Central),,BUCHANAN,77,210TH ST AND CARTER AVE,Collision with:  Vehicle in traffic,On Roadway,Broadside (front to side),FTYROW:  From stop sign,None Indicated,Weather conditions,Daylight,Ice/frost,Cloudy,"Surface condition (e.g., wet, icy)",Intersection:  Four-way intersection,Unpaved,N/A,Property Damage Only,0,0,0,0,0,0,13000,2,2,Northbound (NB),POINT (-92.042052590121 42.482586066976)
20191089785,4519-001,01/03/2019,01-January,5-Thursday,17:32,1700 Hours,District 2 (Northeast),,HOWARD,77,V026/JAMES AVE,Collision with:  Animal,Unknown,N/A,Animal,None Indicated,N/A,N/A,N/A,N/A,N/A,N/A,Paved,N/A,Property Damage Only,0,0,0,0,0,0,2000,1,1,Northbound (NB),POINT (-92.365879410053 43.448102181923)
20191089609,19-000037,01/03/2019,01-January,5-Thursday,18:50,1800 Hours,District 1 (Central),AMES,STORY,US 30,US 30,Collision with:  Vehicle in traffic,On Roadway,"Sideswipe, same direction",Improper or erratic lane changing,None Indicated,None apparent,Dark - roadway not lighted,Dry,Clear,None apparent,Non-intersection:  Non-junction/no special feature,Paved,N/A,Property Damage Only,0,0,0,0,0,0,2500,2,2,Southbound (SB),POINT (-93.618447955834 42.004357459096)
20191089509,2019000137,01/04/2019,01-January,6-Friday,14:27,1400 Hours,District 6 (East Central),IOWA CITY,JOHNSON,US 6,US 6,Collision with:  Vehicle in traffic,On Roadway,Rear-end (front to rear),Followed too close,None Indicated,None apparent,Daylight,Dry,"Blowing sand, soil, dirt",None apparent,Non-intersection:  Non-junction/no special feature,Paved,N/A,Property Damage Only,0,0,0,0,0,0,1500,2,2,Southbound (SB),POINT (-91.55910977735 41.666310757067)
20191089590,201900070,01/05/2019,01-January,7-Saturday,06:49,0600 Hours,District 6 (East Central),,LINN,US 151,US 151 / HESS LN,Collision with:  Animal,Unknown,N/A,Animal,None Indicated,N/A,N/A,N/A,N/A,N/A,N/A,Paved,N/A,Property Damage Only,0,0,0,0,0,0,7000,1,1,Eastbound (EB),POINT (-91.549323072504 41.950536347691)
20191091048,SO19-00015,01/05/2019,01-January,7-Saturday,18:40,1800 Hours,District 1 (Central),,MARSHALL,US 30,3200 MILE 240TH ST (HWY 30),Collision with:  Animal,Unknown,N/A,Animal,None Indicated,N/A,N/A,N/A,N/A,N/A,N/A,Paved,N/A,Property Damage Only,0,0,0,0,0,0,5000,1,2,Southbound (SB),POINT (-92.802264572739 42.007726511855)
20191089716,19-000137,01/06/2019,01-January,1-Sunday,17:58,1700 Hours,District 5 (Southeast),,MONROE,US 34,US 34,Collision with:  Animal,Unknown,N/A,Animal,None Indicated,N/A,N/A,N/A,N/A,N/A,N/A,Paved,N/A,Property Damage Only,0,0,0,0,0,0,2700,1,1,Southbound (SB),POINT (-92.738932743338 41.015567282198)
20191089821,19-00648,01/07/2019,01-January,2-Monday,11:53,1100 Hours,District 5 (Southeast),BURLINGTON,DES MOINES,77,JEFFERSON ST,Collision with:  Vehicle in traffic,On Roadway,Rear-end (front to rear),Improper Backing,None Indicated,None apparent,Daylight,Wet,Cloudy,None apparent,Non-intersection:  Non-junction/no special feature,Paved,N/A,Property Damage Only,0,0,0,0,0,0,4000,2,2,Southbound (SB),POINT (-91.106409173521 40.810677146508)