Iowa DOT Case Number,Law Enforcement Case Number,Date of Crash,Month of Crash,Day of Week,Time of Crash,Hour,DOT District,City Name,County Name,Route with System,Location Description,First Harmful Event,Location of First Harmful Event,Manner of Crash/Collision,Major Cause,Drug or Alcohol ,Environmental Conditions,Light Conditions,Surface Conditions,Weather Conditions,Roadway Contribution,Roadway Type,Roadway Surface,Work Zone,Crash Severity,Number of Fatalities,Number of Injuries,Number of Major Injuries,Number of Minor Injuries,Number of Possible Injuries,Number of Unknown Injuries,Amount of Property Damage,Number of Vehicles Involved,Total Number of Occupants,Travel Direction,Location
20191096301,2019001246,02/06/2019,02-February,4-Wednesday,18:36,1800 Hours,District 6 (East Central),IOWA CITY,JOHNSON,77,BOWERY ST AND VAN BUREN ST,Collision with:  Vehicle in traffic,On Roadway,"Sideswipe, same direction",Swerving/Evasive Action,None Indicated,Weather conditions,Dark - roadway lighted,Ice/frost,Rain,"Surface condition (e.g., wet, icy)",Intersection:  Other intersection (explain in narrative),Paved,N/A,Property Damage Only,0,0,0,0,0,0,3400,3,3,Southbound (SB),POINT (-91.528781516091 41.654118493396)
20191134875,19-926,02/06/2019,02-February,4-Wednesday,20:16,2000 Hours,District 1 (Central),,POLK,I-80,35 136.7 I8035 WB,Collision with fixed object:  Curb/island/raised median,On Roadway,Non-collision (single vehicle),Lost Control,None Indicated,Weather conditions,Dark - roadway lighted,Ice/frost,Freezing rain/drizzle,"Surface condition (e.g., wet, icy)",Non-intersection:  Non-junction/no special feature,Paved,N/A,Property Damage Only,0,0,0,0,0,0,10000,1,1,Westbound (WB),POINT (-93.597670049975 41.65003761303)
20191099602,2019004116,02/07/2019,02-February,5-Thursday,12:50,1200 Hours,District 6 (East Central),DAVENPORT,SCOTT,I-80,INTERSTATE 80 295 WB,Collision with fixed object:  Guardrail - face,On Roadway,Non-collision (single vehicle),Driving too fast for conditions,None Indicated,Weather conditions,Daylight,Ice/frost,Freezing rain/drizzle,"Surface condition (e.g., wet, icy)",Non-intersection:  Non-junction/no special feature,Paved,N/A,Property Damage Only,0,0,0,0,0,0,4800,1,3,Southbound (SB),POINT (-90.572892124739 41.596636139201)
20191102566,2019004105,02/07/2019,02-February,5-Thursday,11:40,1100 Hours,District 2 (Northeast),,BLACK HAWK,77,UNIVERSITY AVE 1/4 MILE NE OF GRUNDY RD,Collision with:  Vehicle in traffic,Shoulder,"Sideswipe, opposite direction",Ran off road - left,None Indicated,Weather conditions,Daylight,Ice/frost,Freezing rain/drizzle,"Surface condition (e.g., wet, icy)",Non-intersection:  Non-junction/no special feature,Paved,N/A,Property Damage Only,0,0,0,0,0,0,16000,3,6,Northbound (NB),POINT (-92.533582014215 42.475103579716)
20191097277,2019-000408,02/07/2019,02-February,5-Thursday,11:11,1100 Hours,District 6 (East Central),,DUBUQUE,US 61,US 61,Collision with:  Vehicle in traffic,On Roadway,"Sideswipe, same direction",Driving too fast for conditions,None Indicated,None apparent,Daylight,Slush,Cloudy,None apparent,Non-intersection:  Non-junction/no special feature,Paved,N/A,Property Damage Only,0,0,0,0,0,0,7000,2,2,Eastbound (EB),POINT (-90.694192877228 42.39754293951)
20191096665,19-01645,02/07/2019,02-February,5-Thursday,07:27,0700 Hours,District 6 (East Central),,JONES,US 151,US 151,Collision with fixed object:  Ditch,Shoulder,Non-collision (single vehicle),Ran off road - right,None Indicated,Weather conditions,Daylight,Ice/frost,Cloudy,"Surface condition (e.g., wet, icy)",Non-intersection:  Non-junction/no special feature,Paved,N/A,Property Damage Only,0,0,0,0,0,0,1500,1,1,Northbound (NB),POINT (-91.239893775311 42.144010797471)
20191096807,2019001316,02/08/2019,02-February,6-Friday,16:00,1600 Hours,District 6 (East Central),IOWA CITY,JOHNSON,77,E COURT ST,Collision with:  Re-entering roadway,On Roadway,Other (explain in narrative),FTYROW:  Other (explain in narrative),None Indicated,None apparent,Daylight,Ice/frost,Clear,"Surface condition (e.g., wet, icy)","Non-intersection:  Driveway access (related, not in)",Paved,N/A,Property Damage Only,0,0,0,0,0,0,4000,2,4,Southbound (SB),POINT (-91.507151205147 41.656775775227)
20191096749,C19000534,02/08/2019,02-February,6-Friday,10:55,1000 Hours,District 6 (East Central),CORALVILLE,JOHNSON,77,CORAL RIDGE AVE,Collision with:  Vehicle in traffic,On Roadway,Rear-end (front to rear),Driving too fast for conditions,None Indicated,None apparent,Daylight,Ice/frost,Clear,None apparent,Non-intersection:  Non-junction/no special feature,Paved,N/A,Property Damage Only,0,0,0,0,0,0,2100,3,3,Northbound (NB),POINT (-91.607824044378 41.72227627037)
20191104842,19000503,02/08/2019,02-February,6-Friday,19:50,1900 Hours,District 5 (Southeast),,KEOKUK,77,110TH AVE,Collision with fixed object:  Ditch,On Roadway,Non-collision (single vehicle),Ran off road - left,None Indicated,None apparent,Dark - roadway not lighted,Ice/frost,Cloudy,None apparent,Non-intersection:  Non-junction/no special feature,Unpaved,N/A,Property Damage Only,0,0,0,0,0,0,4000,1,1,Northbound (NB),POINT (-92.393621636306 41.455199916477)
20191097017,19-00728,02/09/2019,02-February,7-Saturday,21:36,2100 Hours,District 1 (Central),WEST DES MOINES,POLK,77,904 PRAIRIE VIEW DR,Collision with:  Parked motor vehicle,Outside trafficway,Rear-end (front to rear),Lost Control,Alcohol (Statutory),None apparent,Dark - roadway lighted,Ice/frost,Clear,None apparent,Non-intersection:  Non-junction/no special feature,Paved,N/A,Property Damage Only,0,0,0,0,0,0,8500,3,1,Northbound (NB),POINT (-93.77989852457 41.583553548563)
20191097057,19-1022,02/10/2019,02-February,1-Sunday,11:57,1100 Hours,District 1 (Central),GRIMES,POLK,IA-141,STATE 141/IOWA 141,Collision with:  Vehicle in traffic,On Roadway,"Sideswipe, same direction",Driving too fast for conditions,None Indicated,Weather conditions,Daylight,Slush,Snow,"Surface condition (e.g., wet, icy)",Intersection:  Four-way intersection,Paved,N/A,Property Damage Only,0,0,0,0,0,0,1600,2,3,Westbound (WB),POINT (-93.775010835127 41.65831905211)
20191097235,SO-1900742,02/10/2019,02-February,1-Sunday,11:28,1100 Hours,District 5 (Southeast),,JEFFERSON,US 34,US 34 AND DEWBERRY AVE,Collision with fixed object:  Bridge/bridge rail parapet,Other (explain in narrative),Non-collision (single vehicle),Driving too fast for conditions,None Indicated,Weather conditions,Daylight,Slush,Snow,"Surface condition (e.g., wet, icy)",Non-intersection:  Non-junction/no special feature,Paved,N/A,Possible/Unknown,0,1,0,0,1,0,15400,1,5,Westbound (WB),POINT (-92.119156655535 41.00954256037)
20191097824,19-001047,02/11/2019,02-February,2-Monday,12:49,1200 Hours,District 2 (Northeast),BRITT,HANCOCK,77,2ND ST NW AND 2ND ST NE AND MAIN AVE N,Collision with:  Struck/struck by object/cargo/person from other vehicle,On Roadway,Broadside (front to side),Driver Distraction:  Other interior distraction,None Indicated,Unknown,Daylight,Slush,Cloudy,"Surface condition (e.g., wet, icy)",Intersection:  Four-way intersection,Paved,N/A,Property Damage Only,0,0,0,0,0,0,2500,2,2,Northbound (NB),POINT (-93.801900367936 43.098705525594)
20191189352,,02/11/2019,02-February,2-Monday,16:39,1600 Hours,District 6 (East Central),DAVENPORT,SCOTT,IA-461,NB/EB Iowa 0461 / BRADY ST,Collision with fixed object:  Utility pole/light support,Gore,Non-collision (single vehicle),Lost Control,None Indicated,Weather conditions,Daylight,Ice/frost,Snow,"Surface condition (e.g., wet, icy)",Intersection:  Y-intersection,Paved,N/A,Property Damage Only,0,0,0,0,0,0,20000,1,1,Northbound (NB),POINT (-90.571137853329 41.591267320941)
20191119971,20190004195,02/11/2019,02-February,2-Monday,15:18,1500 Hours,District 1 (Central),DES MOINES,POLK,77,SE 17TH ST,Collision with fixed object:  Fence,Outside trafficway,Non-collision (single vehicle),Driving too fast for conditions,None Indicated,None apparent,Daylight,Snow,Snow,None apparent,Non-intersection:  Non-junction/no special feature,Paved,N/A,Property Damage Only,0,0,0,0,0,0,4001,1,1,Northbound (NB),POINT (-93.590652446009 41.556137438795)
20191097476,19-4885,02/11/2019,02-February,2-Monday,08:01,0800 Hours,District 6 (East Central),DAVENPORT,SCOTT,77,MARQUETTE ST AND W 38TH ST,Collision with:  Vehicle in traffic,On Roadway,"Angle, oncoming left turn",FTYROW:  Making left turn,None Indicated,None apparent,Daylight,Wet,Cloudy,None apparent,Intersection:  Four-way intersection,Paved,N/A,Property Damage Only,0,0,0,0,0,0,5500,2,2,Northbound (NB),POINT (-90.591045762395 41.558227730378)
20191097783,19-000221,02/12/2019,02-February,3-Tuesday,11:50,1100 Hours,District 1 (Central),,STORY,I-35,U.S. INTERSTATE 35 AND 109 MILE-MARKER,Collision with fixed object:  Ditch,Shoulder,Non-collision (single vehicle),Ran off road - left,None Indicated,Weather conditions,Daylight,Snow,Snow,None apparent,Non-intersection:  Non-junction/no special feature,Paved,N/A,Property Damage Only,0,0,0,0,0,0,3600,1,1,Northbound (NB),POINT (-93.570748202968 41.983907305342)
20191099531,S19-2009,02/12/2019,02-February,3-Tuesday,07:45,0700 Hours,District 3 (Northwest),,WOODBURY,US 20,US 20,Collision with fixed object:  Ditch,Outside trafficway,Non-collision (single vehicle),Ran off road - right,None Indicated,Weather conditions,Dawn,Ice/frost,Cloudy,"Surface condition (e.g., wet, icy)",Non-intersection:  Non-junction/no special feature,Paved,N/A,Property Damage Only,0,0,0,0,0,0,2000,1,1,Southbound (SB),POINT (-96.038941840417 42.482042906239)
20191098070,19-4599,02/12/2019,02-February,3-Tuesday,13:31,1300 Hours,District 3 (Northwest),SIOUX CITY,WOODBURY,77,PIERCE ST AND 3RD ST,Collision with:  Vehicle in traffic,On Roadway,"Sideswipe, same direction",Made improper turn,None Indicated,None apparent,Daylight,Slush,Clear,None apparent,Intersection:  Four-way intersection,Paved,N/A,Property Damage Only,0,0,0,0,0,0,7500,2,2,Eastbound (EB),POINT (-96.404913055427 42.493085118835)
20191098357,BV19-0098,02/13/2019,02-February,4-Wednesday,19:10,1900 Hours,District 3 (Northwest),STORM LAKE,BUENA VISTA,77,W MARINA RD AND STATE 110/85TH AVE,Collision with:  Animal,On Roadway,Non-collision (single vehicle),Animal,None Indicated,Animal in roadway,Dark - roadway not lighted,Dry,Clear,None apparent,Non-intersection:  Non-junction/no special feature,Paved,N/A,Property Damage Only,0,0,0,0,0,0,2300,1,2,Southbound (SB),POINT (-95.239706568444 42.623976368004)
20191098266,19-2419,02/13/2019,02-February,4-Wednesday,06:10,0600 Hours,District 2 (Northeast),,BREMER,US 218,US 218,Non-collision events:  Overturn/rollover,On Roadway,Non-collision (single vehicle),Ran off road - right,None Indicated,Weather conditions,Dark - roadway not lighted,Ice/frost,Clear,"Surface condition (e.g., wet, icy)",Non-intersection:  Non-junction/no special feature,Paved,N/A,Property Damage Only,0,0,0,0,0,0,9000,1,1,Northbound (NB),POINT (-92.534171951337 42.775255523362)
20191098457,19-005698,02/14/2019,02-February,5-Thursday,17:13,1700 Hours,District 4 (Southwest),COUNCIL BLUFFS,POTTAWATTAMIE,77,S 35TH ST AND US 6/W BROADWAY AND N 35TH ST,Collision with:  Vehicle in traffic,On Roadway,"Sideswipe, same direction",FTYROW:  Making right turn on red signal,None Indicated,None apparent,Daylight,Snow,Clear,None apparent,Intersection:  Four-way intersection,Paved,N/A,Property Damage Only,0,0,0,0,0,0,4000,2,2,Southbound (SB),POINT (-95.902087134278 41.261904301574)
20191098447,19001471,02/14/2019,02-February,5-Thursday,04:10,0400 Hours,District 5 (Southeast),,WAYNE,IA-14,STATE 14/IOWA 14,Collision with:  Animal,Unknown,N/A,Animal,None Indicated,N/A,N/A,N/A,N/A,N/A,N/A,Paved,N/A,Property Damage Only,0,0,0,0,0,0,1500,1,1,Northbound (NB),POINT (-93.317848940679 40.887506895903)
20191098659,CLP19000561,02/15/2019,02-February,6-Friday,17:55,1700 Hours,District 6 (East Central),CLINTON,CLINTON,77,MILL CREEK PKWY AND 16TH ST NW,Collision with:  Vehicle in traffic,On Roadway,Broadside (front to side),FTYROW:  Making left turn,None Indicated,None apparent,Dark - roadway lighted,Dry,Clear,None apparent,Intersection:  Four-way intersection,Paved,N/A,Property Damage Only,0,0,0,0,0,0,8900,3,3,Northbound (NB),POINT (-90.22351150574 41.863763808738)
20191098771,201902443,02/16/2019,02-February,7-Saturday,10:20,1000 Hours,District 6 (East Central),CEDAR RAPIDS,LINN,I-380,INTERSTATE 380/NE RAMP H AVE NE,Non-collision events:  Overturn/rollover,On Roadway,Non-collision (single vehicle),Ran off road - right,None Indicated,None apparent,Daylight,Dry,Clear,None apparent,Intersection:  Intersection with ramp,Paved,N/A,Possible/Unknown,0,1,0,0,1,0,8000,1,1,Northbound (NB),POINT (-91.666560834795 41.99787291388)
20191098745,20190004768,02/16/2019,02-February,7-Saturday,17:02,1700 Hours,District 1 (Central),DES MOINES,POLK,US 6,NE 46TH AVE AND US 6/HUBBELL AVE AND E BROADWAY AVE,Miscellaneous events:  Hit and run,On Roadway,Rear-end (front to rear),Followed too close,None Indicated,None apparent,Daylight,Dry,Clear,None apparent,Intersection:  Four-way intersection,Paved,N/A,Property Damage Only,0,0,0,0,0,0,1500,2,2,Southbound (SB),POINT (-93.517822605141 41.644156065255)
20191098994,SOI20190069,02/17/2019,02-February,1-Sunday,18:30,1800 Hours,District 1 (Central),,POWESHIEK,I-80,NTERSTATE 80 WB (MM 195),Collision with fixed object:  Cable barrier,Shoulder,Non-collision (single vehicle),Ran off road - left,None Indicated,Weather conditions,Dark - roadway not lighted,Ice/frost,Snow,"Surface condition (e.g., wet, icy)",Non-intersection:  Non-junction/no special feature,Paved,N/A,Property Damage Only,0,0,0,0,0,0,5000,1,1,Southbound (SB),POINT (-92.491638391703 41.694710371659)
20191098832,20190004877,02/17/2019,02-February,1-Sunday,16:58,1600 Hours,District 1 (Central),DES MOINES,POLK,IA-163,STATE 163/E UNIVERSITY AVE MEASURING 192 FEET WEST FROM E 35TH CT AND STATE 163/E UNIVERSITY AVE,Collision with:  Vehicle in traffic,On Roadway,Rear-end (front to rear),Unknown,None Indicated,None apparent,Daylight,Snow,Snow,None apparent,Non-intersection:  Non-junction/no special feature,Paved,N/A,Possible/Unknown,0,1,0,0,1,0,1500,2,4,Southbound (SB),POINT (-93.547474154717 41.600612904961)
20191099192,W19-013396,02/18/2019,02-February,2-Monday,18:10,1800 Hours,District 2 (Northeast),WATERLOO,BLACK HAWK,77,E RIDGEWAY AVE,Collision with:  Re-entering roadway,On Roadway,Broadside (front to side),FTYROW:  From driveway,None Indicated,Visual obstruction,Dark - roadway lighted,Ice/frost,Clear,"Surface condition (e.g., wet, icy)","Non-intersection:  Driveway access (related, not in)",Paved,N/A,Property Damage Only,0,0,0,0,0,0,3200,2,2,Southbound (SB),POINT (-92.356545969946 42.469401252199)
20191099690,201902582,02/18/2019,02-February,2-Monday,14:30,1400 Hours,District 6 (East Central),CEDAR RAPIDS,LINN,77,40TH ST SE AND MOUNT VERNON RD SE,Non-collision events:  Other non-collision (explain in narrative),On Roadway,Broadside (front to side),FTYROW:  From stop sign,None Indicated,None apparent,Daylight,Wet,Clear,None apparent,Intersection:  T-intersection,Paved,N/A,Property Damage Only,0,0,0,0,0,0,6000,2,2,Southbound (SB),POINT (-91.611308738723 41.976845213901)
20191099405,19-005933,02/19/2019,02-February,3-Tuesday,16:55,1600 Hours,District 4 (Southwest),COUNCIL BLUFFS,POTTAWATTAMIE,77,2000 BLK W BROADWAY,Collision with:  Vehicle in traffic,On Roadway,Rear-end (front to rear),Followed too close,None Indicated,Weather conditions,Daylight,Wet,Cloudy,"Slippery, loose, or worn surface",Non-intersection:  Non-junction/no special feature,Paved,N/A,Property Damage Only,0,0,0,0,0,0,4000,2,2,Southbound (SB),POINT (-95.874251962936 41.261882631335)
20191099184,20190005034,02/19/2019,02-February,3-Tuesday,02:20,0200 Hours,District 1 (Central),DES MOINES,POLK,77,41ST ST MEASURING 204 FEET SOUTH FROM MAQUOKETA DR AND 41ST ST,Collision with:  Parked motor vehicle,On Roadway,Rear-end (front to rear),"Operating vehicle in an reckless, erratic, careless, negligent manner",Drug/Alcohol (Statutory),None apparent,Dark - roadway lighted,Ice/frost,Clear,"Surface condition (e.g., wet, icy)",Non-intersection:  Non-junction/no special feature,Paved,N/A,Minor Injury,0,1,0,1,0,0,15500,2,1,Northbound (NB),POINT (-93.67296947095 41.606422981625)
20191099609,20190005203,02/20/2019,02-February,4-Wednesday,09:33,0900 Hours,District 1 (Central),DES MOINES,WARREN,IA-5,US 65 MEASURING 48 FEET SOUTH FROM US 65 AND US 69 AND STATE 5/IOWA 5,Collision with fixed object:  Cable barrier,On Roadway,Non-collision (single vehicle),Ran off road - left,None Indicated,None apparent,Daylight,Snow,Snow,"Surface condition (e.g., wet, icy)",Non-intersection:  Non-junction/no special feature,Paved,N/A,Property Damage Only,0,0,0,0,0,0,2500,1,1,Eastbound (EB),POINT (-93.571827805463 41.506034631743)
20191100675,19013971,02/20/2019,02-February,4-Wednesday,16:34,1600 Hours,District 2 (Northeast),CEDAR FALLS,BLACK HAWK,77,SEERLEY BLVD / TREMONT ST,Collision with:  Vehicle in traffic,On Roadway,Head-on (front to front),Driver Distraction:  Other interior distraction,None Indicated,Visual obstruction,Daylight,Wet,Clear,None apparent,Intersection:  Four-way intersection,Paved,N/A,Property Damage Only,0,0,0,0,0,0,3000,2,2,Westbound (WB),POINT (-92.450754447054 42.515911337219)
20191099999,2019LA-05,02/21/2019,02-February,5-Thursday,07:30,0700 Hours,District 6 (East Central),,LINN,77,X020/SUTLIFF RD,Collision with fixed object:  Ditch,On Roadway,Non-collision (single vehicle),Driving too fast for conditions,None Indicated,Weather conditions,Daylight,Ice/frost,Clear,"Surface condition (e.g., wet, icy)",Non-intersection:  Non-junction/no special feature,Paved,N/A,Property Damage Only,0,0,0,0,0,0,7500,1,1,Northbound (NB),POINT (-91.38779309629 41.909545753073)
20191100115,19014280,02/21/2019,02-February,5-Thursday,16:04,1600 Hours,District 2 (Northeast),CEDAR FALLS,BLACK HAWK,77,NEOLA ST AND LOMA ST,Collision with:  Vehicle in traffic,On Roadway,Broadside (front to side),FTYROW:  From yield sign,None Indicated,None apparent,Daylight,Snow,Clear,None apparent,Intersection:  Four-way intersection,Paved,N/A,Property Damage Only,0,0,0,0,0,0,3500,2,4,Southbound (SB),POINT (-92.41364171351 42.51154875858)
20191100145,19-1368,02/22/2019,02-February,6-Friday,19:09,1900 Hours,District 1 (Central),,POLK,IA-415,STATE 415/NW POLK CITY DR,Collision with:  Animal,On Roadway,Non-collision (single vehicle),Animal,None Indicated,Animal in roadway,Dark - roadway lighted,Slush,Clear,None apparent,Non-intersection:  Non-junction/no special feature,Paved,N/A,Property Damage Only,0,0,0,0,0,0,2500,1,2,Northbound (NB),POINT (-93.676190803508 41.742348333034)
20191100144,19-1367,02/22/2019,02-February,6-Friday,18:45,1800 Hours,District 1 (Central),,POLK,IA-415,STATE 415/NW POLK CITY DR,Collision with:  Animal,On Roadway,Non-collision (single vehicle),Animal,None Indicated,Animal in roadway,Dark - roadway lighted,Slush,Clear,None apparent,Non-intersection:  Non-junction/no special feature,Paved,N/A,Property Damage Only,0,0,0,0,0,0,4000,1,1,Northbound (NB),POINT (-93.677541540013 41.744997440495)
20191100231,19-00988,02/23/2019,02-February,7-Saturday,19:13,1900 Hours,District 1 (Central),WEST DES MOINES,DALLAS,I-80,INTERSTATE 80/NE RAMP AND JORDAN CREEK PKWY,Collision with:  Vehicle in traffic,On Roadway,Broadside (front to side),Lost Control,None Indicated,None apparent,Dark - roadway lighted,Snow,Snow,"Surface condition (e.g., wet, icy)",Intersection:  Intersection with ramp,Paved,N/A,Property Damage Only,0,0,0,0,0,0,2100,2,6,Westbound (WB),POINT (-93.808860282094 41.593306403105)
20191100213,19-002549,02/23/2019,02-February,7-Saturday,09:01,0900 Hours,District 3 (Northwest),,PLYMOUTH,77,C038/C38 MEASURING 1927 FEET WEST FROM TAMARACK AVE,Non-collision events:  Overturn/rollover,On Roadway,Non-collision (single vehicle),Driving too fast for conditions,None Indicated,Weather conditions,Daylight,Snow,"Fog, smoke, smog","Surface condition (e.g., wet, icy)",Non-intersection:  Non-junction/no special feature,Paved,N/A,Minor Injury,0,1,0,1,0,0,5000,1,1,Southbound (SB),POINT (-95.886541886203 42.749707389104)
20191102790,2019005744,02/24/2019,02-February,1-Sunday,11:30,1100 Hours,District 1 (Central),,POLK,77,I-35 MM 101 SB UNDER THE BRIDGE OF 158TH AVE,Collision with:  Vehicle in traffic,On Roadway,Rear-end (front to rear),Ran off road - right,None Indicated,Weather conditions,Daylight,Ice/frost,Severe winds,"Surface condition (e.g., wet, icy)",Non-intersection:  Non-junction/no special feature,Unpaved,N/A,Possible/Unknown,0,1,0,0,0,1,5000,3,2,Southbound (SB),POINT (-93.571071845303 41.849741152108)
20191100443,2019-001410,02/24/2019,02-February,1-Sunday,03:31,0300 Hours,District 6 (East Central),DUBUQUE,DUBUQUE,77,BOOTH ST,Collision with:  Parked motor vehicle,On Roadway,Rear to rear,Other (explain in narrative):  Other,None Indicated,Weather conditions,Dark - roadway lighted,Snow,Snow,"Surface condition (e.g., wet, icy)",Non-intersection:  Non-junction/no special feature,Paved,N/A,Property Damage Only,0,0,0,0,0,0,2000,2,1,Northbound (NB),POINT (-90.682040901951 42.499786999883)
20191100760,19001077,02/25/2019,02-February,2-Monday,08:30,0800 Hours,District 1 (Central),AMES,STORY,US 69,US 69/LINCOLN WAY,Collision with:  Vehicle in traffic,On Roadway,Rear-end (front to rear),Driving too fast for conditions,None Indicated,None apparent,Daylight,Ice/frost,Clear,"Surface condition (e.g., wet, icy)",Intersection:  Four-way intersection,Paved,N/A,Property Damage Only,0,0,0,0,0,0,3000,2,4,Northbound (NB),POINT (-93.616755485821 42.02291113574)
20191101058,19-000247,02/25/2019,02-February,2-Monday,12:45,1200 Hours,District 1 (Central),JOHNSTON,POLK,77,NW 86TH ST AND NW 54TH AVE,Collision with:  Vehicle in traffic,On Roadway,"Sideswipe, same direction",Made improper turn,None Indicated,None apparent,Daylight,Ice/frost,Cloudy,None apparent,Intersection:  Four-way intersection,Paved,N/A,Property Damage Only,0,0,0,0,0,0,8000,2,2,Southbound (SB),POINT (-93.7364451359 41.658338443607)
20191100991,19-5709,02/26/2019,02-February,3-Tuesday,22:56,2200 Hours,District 1 (Central),,JASPER,77,N 23RD AVE W,Collision with:  Vehicle in traffic,On Roadway,Broadside (front to side),Lost Control,None Indicated,Weather conditions,Dark - roadway not lighted,Ice/frost,Freezing rain/drizzle,None apparent,Intersection:  Four-way intersection,Paved,N/A,Possible/Unknown,0,1,0,0,1,0,7000,2,3,Southbound (SB),POINT (-93.059197824016 41.720742193417)
20191103848,19-001516,02/26/2019,02-February,3-Tuesday,10:10,1000 Hours,District 4 (Southwest),PERRY,DALLAS,77,12TH ST AND WILLIS AVE,Collision with fixed object:  Fire hydrant,On Roadway,Non-collision (single vehicle),Driver Distraction:  Passenger,None Indicated,None apparent,Daylight,Ice/frost,Clear,"Surface condition (e.g., wet, icy)",Non-intersection:  Non-junction/no special feature,Paved,N/A,Property Damage Only,0,0,0,0,0,0,1700,1,1,Northbound (NB),POINT (-94.092050046755 41.838448444466)
20191101103,19-001162,02/27/2019,02-February,4-Wednesday,08:45,0800 Hours,District 1 (Central),ANKENY,POLK,77,700 BLK NE 36TH ST,Collision with:  Vehicle in traffic,On Roadway,Rear-end (front to rear),Driving too fast for conditions,None Indicated,Weather conditions,Daylight,Ice/frost,Clear,"Surface condition (e.g., wet, icy)",Intersection:  Four-way intersection,Paved,N/A,Property Damage Only,0,0,0,0,0,0,3000,2,2,Southbound (SB),POINT (-93.595533250764 41.760835719589)
20191101031,19C00905,02/27/2019,02-February,4-Wednesday,08:22,0800 Hours,District 4 (Southwest),CRESTON,UNION,IA-25,STATE 25/N SUMNER AVE AND W PRAIRIE ST,Collision with:  Vehicle in traffic,On Roadway,Broadside (front to side),Ran Stop Sign,None Indicated,None apparent,Daylight,Ice/frost,Cloudy,"Surface condition (e.g., wet, icy)",Intersection:  Four-way intersection,Paved,N/A,Property Damage Only,0,0,0,0,0,0,17500,3,3,Northbound (NB),POINT (-94.372570276209 41.068042535945)
20191101624,19-001306,02/27/2019,02-February,4-Wednesday,15:48,1500 Hours,District 3 (Northwest),ONAWA,MONONA,IA-175,STATE 175/IOWA AVE,Non-collision events:  Overturn/rollover,On Roadway,Non-collision (single vehicle),Ran off road - left,None Indicated,None apparent,Daylight,Ice/frost,Clear,"Surface condition (e.g., wet, icy)",Non-intersection:  Non-junction/no special feature,Paved,N/A,Property Damage Only,0,0,0,0,0,0,2500,1,3,Southbound (SB),POINT (-96.069593998235 42.027444709044)
20191101409,20190006072,02/28/2019,02-February,5-Thursday,08:15,0800 Hours,District 1 (Central),DES MOINES,POLK,77,31ST ST MEASURING 102 FEET SOUTH FROM UNIVERSITY AVE AND 31ST ST,Collision with:  Vehicle in traffic,On Roadway,Rear-end (front to rear),Followed too close,None Indicated,None apparent,Daylight,Ice/frost,Cloudy,"Surface condition (e.g., wet, icy)",Non-intersection:  Non-junction/no special feature,Paved,N/A,Property Damage Only,0,0,0,0,0,0,2400,2,2,Northbound (NB),POINT (-93.659355805551 41.600079719971)
20191106829,2019-16475,02/28/2019,02-February,5-Thursday,16:25,1600 Hours,District 6 (East Central),DAVENPORT,SCOTT,77,MADISON ST MEASURING 359 FEET EAST FROM N DIVISION ST AND W CENTRAL PARK AVE,Collision with:  Vehicle in traffic,On Roadway,"Sideswipe, same direction",Improper or erratic lane changing,None Indicated,None apparent,Daylight,Dry,Clear,None apparent,Non-intersection:  Non-junction/no special feature,Paved,N/A,Property Damage Only,0,0,0,0,0,0,8000,2,3,Northbound (NB),POINT (-90.59973384831 41.545413268757)
20191101899,201903258,03/01/2019,03-March,6-Friday,19:34,1900 Hours,District 6 (East Central),CEDAR RAPIDS,LINN,IA-922,2000 WILLIAMS BLVD SW,Collision with:  Vehicle in traffic,On Roadway,Rear-end (front to rear),Driver Distraction:  Exterior distraction,None Indicated,None apparent,Dark - roadway lighted,Dry,Cloudy,None apparent,Non-intersection:  Non-junction/no special feature,Paved,N/A,Property Damage Only,0,0,0,0,0,0,3000,2,4,Northbound (NB),POINT (-91.701069639791 41.968709485161)
20191102929,19001782,03/02/2019,03-March,7-Saturday,00:25,0000 Hours,District 5 (Southeast),,LOUISA,IA-78,STATE 78/IOWA 78,Collision with:  Animal,Unknown,N/A,Animal,None Indicated,N/A,N/A,N/A,N/A,N/A,N/A,Paved,N/A,Property Damage Only,0,0,0,0,0,0,5000,1,2,Southbound (SB),POINT (-91.192962248201 41.087916747479)
20191101915,19-00533,03/02/2019,03-March,7-Saturday,10:10,1000 Hours,District 1 (Central),URBANDALE,POLK,IA-141,STATE 141/IOWA 141,Collision with:  Vehicle in traffic,On Roadway,Rear-end (front to rear),Other (explain in narrative):  Improper operation,None Indicated,None apparent,Daylight,Dry,Cloudy,None apparent,Non-intersection:  Non-junction/no special feature,Paved,N/A,Minor Injury,0,3,0,1,2,0,11500,2,3,Westbound (WB),POINT (-93.775013945094 41.650563906193)
20191101992,FD19-0610,03/03/2019,03-March,1-Sunday,17:15,1700 Hours,District 1 (Central),FORT DODGE,WEBSTER,77,11TH AVE S AND S 25TH ST,Collision with:  Vehicle in traffic,On Roadway,Broadside (front to side),FTYROW:  From stop sign,None Indicated,None apparent,Daylight,Snow,Clear,"Surface condition (e.g., wet, icy)",Intersection:  Four-way intersection,Paved,N/A,Property Damage Only,0,0,0,0,0,0,5000,2,2,Northbound (NB),POINT (-94.163830428098 42.492801899159)