Iowa DOT Case Number,Law Enforcement Case Number,Date of Crash,Month of Crash,Day of Week,Time of Crash,Hour,DOT District,City Name,County Name,Route with System,Location Description,First Harmful Event,Location of First Harmful Event,Manner of Crash/Collision,Major Cause,Drug or Alcohol ,Environmental Conditions,Light Conditions,Surface Conditions,Weather Conditions,Roadway Contribution,Roadway Type,Roadway Surface,Work Zone,Crash Severity,Number of Fatalities,Number of Injuries,Number of Major Injuries,Number of Minor Injuries,Number of Possible Injuries,Number of Unknown Injuries,Amount of Property Damage,Number of Vehicles Involved,Total Number of Occupants,Travel Direction,Location
20191102285,20190006552,03/04/2019,03-March,2-Monday,17:01,1700 Hours,District 1 (Central),DES MOINES,POLK,I-235,INTERSTATE 235/I 235 MEASURING 568 FEET EAST FROM DAY ST AND 5TH AVE,Collision with:  Vehicle in traffic,On Roadway,Rear-end (front to rear),Followed too close,None Indicated,None apparent,Daylight,Dry,Clear,None apparent,Non-intersection:  Non-junction/no special feature,Paved,N/A,Property Damage Only,0,0,0,0,0,0,8200,3,3,Southbound (SB),POINT (-93.623111055676 41.595778261907)
20191104023,2019006637,03/05/2019,03-March,3-Tuesday,07:50,0700 Hours,District 1 (Central),,TAMA,US 883,US 30 & V AVE,Collision with:  Vehicle in traffic,On Roadway,"Sideswipe, opposite direction",Passing:  With insufficient distance/inadequate visibility,Alcohol (< Statutory),None apparent,Daylight,Dry,Clear,None apparent,Non-intersection:  Non-junction/no special feature,Unpaved,N/A,Minor Injury,0,3,0,2,1,0,26000,3,3,Southbound (SB),POINT (-92.356309622297 41.96407612726)
20191102887,19-6356,03/05/2019,03-March,3-Tuesday,18:40,1800 Hours,District 1 (Central),,JASPER,77,S074/HWY S-74 S AND S 28TH AVE E,Other (explain in narrative),On Roadway,Non-collision (single vehicle),Other (explain in narrative):  Other,None Indicated,None apparent,Dark - roadway not lighted,Dry,Clear,None apparent,Non-intersection:  Non-junction/no special feature,Paved,N/A,Property Damage Only,0,0,0,0,0,0,3500,1,2,Southbound (SB),POINT (-93.039104451472 41.674291941581)
20191103811,19-7204,03/06/2019,03-March,4-Wednesday,11:37,1100 Hours,District 3 (Northwest),SIOUX CITY,WOODBURY,77,ROSS ST AND W 19TH ST,Collision with:  Vehicle in traffic,On Roadway,Broadside (front to side),Ran Stop Sign,None Indicated,None apparent,Daylight,Dry,Clear,None apparent,Intersection:  Four-way intersection,Paved,N/A,Property Damage Only,0,0,0,0,0,0,11500,2,3,Northbound (NB),POINT (-96.428577070428 42.510414748526)
20191103093,19-00577,03/07/2019,03-March,5-Thursday,10:29,1000 Hours,District 4 (Southwest),URBANDALE,POLK,77,12000  DOUGLAS PKWY WB,Collision with:  Vehicle in traffic,On Roadway,Rear-end (front to rear),Driving too fast for conditions,None Indicated,Weather conditions,Daylight,Ice/frost,Snow,"Surface condition (e.g., wet, icy)",Intersection:  T-intersection,Paved,N/A,Property Damage Only,0,0,0,0,0,0,1500,2,2,Southbound (SB),POINT (-93.781436901172 41.629533794928)
20191102947,19056,03/07/2019,03-March,5-Thursday,15:50,1500 Hours,District 5 (Southeast),PELLA,MARION,77,EVENING CT AND FOUNTAIN VIEW DR,Collision with fixed object:  Mailbox,Roadside,Non-collision (single vehicle),Lost Control,None Indicated,Weather conditions,Daylight,Snow,Cloudy,"Surface condition (e.g., wet, icy)",Non-intersection:  Non-junction/no special feature,Paved,N/A,Property Damage Only,0,0,0,0,0,0,2000,1,1,Southbound (SB),POINT (-92.919060097111 41.427477075827)
20191103883,19-00340,03/08/2019,03-March,6-Friday,16:37,1600 Hours,District 1 (Central),CLIVE,POLK,77,NW 86TH ST AND SWANSON BLVD AND UNIVERSITY BLVD,Collision with:  Vehicle in traffic,On Roadway,Rear-end (front to rear),Driving too fast for conditions,None Indicated,None apparent,Daylight,Dry,Cloudy,None apparent,Intersection:  Four-way intersection,Paved,N/A,Possible/Unknown,0,1,0,0,1,0,5000,3,3,Eastbound (EB),POINT (-93.736314787657 41.605746483557)
20191103048,19-001357,03/08/2019,03-March,6-Friday,20:02,2000 Hours,District 1 (Central),ANKENY,POLK,77,NE DELAWARE AVE and NE 36TH ST,Collision with:  Vehicle in traffic,On Roadway,Rear-end (front to rear),Followed too close,None Indicated,None apparent,Dark - roadway lighted,Wet,Cloudy,None apparent,Intersection:  Four-way intersection,Paved,N/A,Possible/Unknown,0,1,0,0,0,1,2000,2,3,Northbound (NB),POINT (-93.581085665813 41.760846649423)
20191104089,C19000913,03/09/2019,03-March,7-Saturday,14:09,1400 Hours,District 6 (East Central),CORALVILLE,JOHNSON,77,10TH ST AND 22ND AVE,Collision with:  Vehicle in traffic,On Roadway,Broadside (front to side),FTYROW:  From stop sign,None Indicated,None apparent,Daylight,Wet,Cloudy,None apparent,Intersection:  Four-way intersection,Paved,N/A,Property Damage Only,0,0,0,0,0,0,5000,2,2,Northbound (NB),POINT (-91.593772037054 41.687996328854)
20191104106,SOI20190096,03/09/2019,03-March,7-Saturday,20:30,2000 Hours,District 1 (Central),BROOKLYN,POWESHIEK,77,MILLS ST,Collision with:  Vehicle in traffic,On Roadway,Broadside (front to side),Driving too fast for conditions,None Indicated,Weather conditions,Dark - roadway lighted,Wet,Rain,"Surface condition (e.g., wet, icy)",Intersection:  T-intersection,Paved,N/A,Property Damage Only,0,0,0,0,0,0,15000,2,5,Northbound (NB),POINT (-92.440580445251 41.724754960581)
20191103439,19-7686,03/10/2019,03-March,1-Sunday,15:11,1500 Hours,District 3 (Northwest),SIOUX CITY,WOODBURY,77,14TH ST AND NEBRASKA ST,Collision with:  Vehicle in traffic,On Roadway,"Angle, oncoming left turn",Made improper turn,None Indicated,None apparent,Daylight,Dry,Clear,None apparent,Intersection:  Four-way intersection,Paved,N/A,Property Damage Only,0,0,0,0,0,0,4000,2,2,Northbound (NB),POINT (-96.403551499613 42.504984504716)
20191103650,2019007233,03/11/2019,03-March,2-Monday,07:01,0700 Hours,District 1 (Central),NEWTON,JASPER,I-80,NB/EB Interstate 0080,Collision with fixed object:  Tree,Outside trafficway,Non-collision (single vehicle),Ran off road - right,None Indicated,None apparent,Dawn,Dry,Clear,None apparent,Non-intersection:  Non-junction/no special feature,Paved,N/A,Property Damage Only,0,0,0,0,0,0,15500,1,2,Southbound (SB),POINT (-93.015283422637 41.682962478487)
20191103392,19-006762,03/11/2019,03-March,2-Monday,08:40,0800 Hours,District 4 (Southwest),COUNCIL BLUFFS,POTTAWATTAMIE,77,2600 BLOCK 23RD AVE,Collision with fixed object:  Utility pole/light support,Shoulder,Non-collision (single vehicle),Ran off road - right,None Indicated,Other (explain in narrative),Daylight,Ice/frost,Cloudy,Other (explain in narrative),Non-intersection:  Non-junction/no special feature,Paved,N/A,Possible/Unknown,0,1,0,0,0,1,2000,1,1,Southbound (SB),POINT (-95.883270632468 41.240077756689)
20191103700,FD19-0700,03/12/2019,03-March,3-Tuesday,11:00,1100 Hours,District 1 (Central),FORT DODGE,WEBSTER,77,1500 5TH AVE S,Collision with:  Vehicle in traffic,On Roadway,Rear-end (front to rear),Other (explain in narrative):  Other,None Indicated,None apparent,Daylight,Wet,Cloudy,None apparent,Non-intersection:  Alley,Paved,N/A,Property Damage Only,0,0,0,0,0,0,4000,2,2,Southbound (SB),POINT (-94.176956968559 42.501043150044)
20191104893,2019007456,03/13/2019,03-March,4-Wednesday,14:30,1400 Hours,District 2 (Northeast),,BUTLER,77,HWY 57 AND TERRACE AVE,Collision with:  Vehicle in traffic,On Roadway,Rear-end (front to rear),FTYROW:  Other (explain in narrative),None Indicated,None apparent,Daylight,Wet,Cloudy,None apparent,Intersection:  Four-way intersection,Unpaved,N/A,Possible/Unknown,0,1,0,0,1,0,6000,2,4,Northbound (NB),POINT (-92.652647429494 42.565116288764)
20191111138,2019007566,03/14/2019,03-March,5-Thursday,16:26,1600 Hours,District 1 (Central),ANKENY,POLK,I-35,INTERSTATE 35 SB - 823 FEET SOUTH OF MILE MARKER 91,Collision with:  Other non-fixed object (explain in narrative),On Roadway,Non-collision (single vehicle),Other (explain in narrative):  No improper action,None Indicated,None apparent,Daylight,Wet,Cloudy,Debris,Non-intersection:  Non-junction/no special feature,Paved,N/A,Property Damage Only,0,0,0,0,0,0,1500,1,2,Northbound (NB),POINT (-93.57622492493 41.705603964886)
20191107609,2019007711,03/15/2019,03-March,6-Friday,23:40,2300 Hours,District 1 (Central),,POLK,I-80,INTERSTATE 35/I 35,Collision with:  Thrown or falling object,On Roadway,Non-collision (single vehicle),Other (explain in narrative):  Other,None Indicated,None apparent,Dark - roadway lighted,Dry,Clear,None apparent,Non-intersection:  Non-junction/no special feature,Paved,N/A,Property Damage Only,0,0,0,0,0,0,1600,1,1,Southbound (SB),POINT (-93.622823770855 41.649489739134)
20191104521,19-8339,03/16/2019,03-March,7-Saturday,13:24,1300 Hours,District 3 (Northwest),SIOUX CITY,WOODBURY,77,6TH ST AND PAVONIA ST,Collision with:  Vehicle in traffic,On Roadway,Head-on (front to front),Other (explain in narrative):  Other,None Indicated,None apparent,Daylight,Dry,Clear,None apparent,Intersection:  T-intersection,Paved,N/A,Property Damage Only,0,0,0,0,0,0,6000,2,3,Northbound (NB),POINT (-96.382976791772 42.496490842936)
20191105432,2019007727,03/16/2019,03-March,7-Saturday,10:45,1000 Hours,District 5 (Southeast),,HENRY,77,W055/DAKOTA AVE MEASURING 1154 FEET NORTH FROM N PEARL ST AND E DEATON DR,Non-collision events:  Overturn/rollover,Shoulder,Non-collision (single vehicle),Ran off road - right,None Indicated,None apparent,Daylight,Dry,Clear,None apparent,Non-intersection:  Non-junction/no special feature,Paved,N/A,Possible/Unknown,0,1,0,0,1,0,5000,1,1,Northbound (NB),POINT (-91.658602060517 41.158694073722)
20191104675,19-002493,03/17/2019,03-March,1-Sunday,09:09,0900 Hours,District 5 (Southeast),CORYDON,WAYNE,IA-2,STATE 2/JEFFERSON ST,Collision with:  Vehicle in traffic,On Roadway,Rear to side,Other (explain in narrative):  Other,None Indicated,None apparent,Daylight,Dry,Clear,None apparent,Non-intersection:  Non-junction/no special feature,Paved,N/A,Property Damage Only,0,0,0,0,0,0,3000,2,2,Southbound (SB),POINT (-93.324406619795 40.757171730337)
20191104646,2019-21175,03/18/2019,03-March,2-Monday,14:48,1400 Hours,District 6 (East Central),DAVENPORT,SCOTT,US 6,US 6/W KIMBERLY RD MEASURING 211 FEET EAST FROM LILLIE AVE AND US 6/W KIMBERLY RD,Collision with:  Vehicle in traffic,On Roadway,"Angle, oncoming left turn",Other (explain in narrative):  Other,None Indicated,None apparent,Daylight,Dry,Clear,None apparent,Intersection:  Four-way intersection,Paved,N/A,Possible/Unknown,0,2,0,0,2,0,8500,2,2,Southbound (SB),POINT (-90.588086240234 41.560102029836)
20191104780,19-2000,03/19/2019,03-March,3-Tuesday,06:03,0600 Hours,District 1 (Central),,POLK,77,5300 NE 38TH ST.,Collision with:  Vehicle in traffic,On Roadway,Rear-end (front to rear),Followed too close,None Indicated,None apparent,Dawn,Dry,Clear,None apparent,Non-intersection:  Non-junction/no special feature,Paved,N/A,Property Damage Only,0,0,0,0,0,0,2000,2,2,Northbound (NB),POINT (-93.543242375568 41.65688296489)
20191105082,2019002582,03/20/2019,03-March,4-Wednesday,12:44,1200 Hours,District 6 (East Central),IOWA CITY,JOHNSON,US 6,WB 200 HIGHWAY 6 EAST,Collision with:  Vehicle in traffic,On Roadway,Rear-end (front to rear),Followed too close,None Indicated,None apparent,Daylight,Dry,Clear,None apparent,Non-intersection:  Non-junction/no special feature,Paved,N/A,Property Damage Only,0,0,0,0,0,0,2000,2,2,Southbound (SB),POINT (-91.537091508289 41.646712849378)
20191105359,20190008225,03/21/2019,03-March,5-Thursday,13:00,1300 Hours,District 1 (Central),DES MOINES,POLK,77,MLK JR PKWY MEASURING 90 FEET SOUTH OF BENNETT AVENUE,Collision with:  Vehicle in traffic,On Roadway,"Sideswipe, same direction",Made improper turn,None Indicated,None apparent,Daylight,Dry,Clear,None apparent,Non-intersection:  Non-junction/no special feature,Paved,N/A,Property Damage Only,0,0,0,0,0,0,7000,2,2,Northbound (NB),POINT (-93.646935276225 41.61682263869)
20191106085,20190008220,03/21/2019,03-March,5-Thursday,12:50,1200 Hours,District 1 (Central),DES MOINES,POLK,77,23RD ST MEASURING 226 FEET NORTH FROM 23RD ST AND DRAKE PARK AVE,Collision with:  Parked motor vehicle,On Roadway,"Sideswipe, same direction","Operating vehicle in an reckless, erratic, careless, negligent manner",None Indicated,None apparent,Daylight,Dry,Clear,None apparent,Non-intersection:  Non-junction/no special feature,Paved,N/A,Property Damage Only,0,0,0,0,0,0,2000,2,2,Northbound (NB),POINT (-93.64819430552 41.598711043096)
20191105738,2019002645,03/22/2019,03-March,6-Friday,15:47,1500 Hours,District 6 (East Central),IOWA CITY,JOHNSON,77,FRIENDSHIP ST,Collision with:  Vehicle in traffic,On Roadway,"Sideswipe, same direction",Swerving/Evasive Action,None Indicated,None apparent,Daylight,Dry,Clear,None apparent,Non-intersection:  Non-junction/no special feature,Paved,N/A,Property Damage Only,0,0,0,0,0,0,4000,2,2,Southbound (SB),POINT (-91.498472673713 41.65347428538)
20191105382,19047429,03/23/2019,03-March,7-Saturday,06:22,0600 Hours,District 6 (East Central),,JOHNSON,77,W066/DUBUQUE ST,Collision with:  Vehicle in traffic,On Roadway,Head-on (front to front),Unknown,None Indicated,None apparent,Dawn,Dry,Clear,None apparent,Non-intersection:  Non-junction/no special feature,Paved,N/A,Property Damage Only,0,0,0,0,0,0,1500,2,2,Northbound (NB),POINT (-91.560971241129 41.722923905468)
20191105389,C19001103,03/24/2019,03-March,1-Sunday,00:25,0000 Hours,District 6 (East Central),CORALVILLE,JOHNSON,US 6,US 6/2ND ST,Collision with:  Animal,Unknown,N/A,Animal,None Indicated,N/A,N/A,N/A,N/A,N/A,N/A,Paved,N/A,Property Damage Only,0,0,0,0,0,0,1550,1,2,Southbound (SB),POINT (-91.592195876412 41.679825833504)
20191105695,2019-002157,03/25/2019,03-March,2-Monday,10:29,1000 Hours,District 6 (East Central),DUBUQUE,DUBUQUE,77,RHOMBERG AVE MEASURING 125 FEET NORTH FROM GARFIELD AVE AND ELM ST AND RHOMBERG AVE AND E 20TH ST,Collision with:  Vehicle in traffic,On Roadway,"Sideswipe, same direction",Made improper turn,None Indicated,None apparent,Daylight,Dry,Clear,None apparent,"Non-intersection:  Driveway access (related, not in)",Paved,N/A,Property Damage Only,0,0,0,0,0,0,2000,2,3,Northbound (NB),POINT (-90.66619549979 42.512558830443)
20191105968,19-000401,03/26/2019,03-March,3-Tuesday,20:28,2000 Hours,District 1 (Central),,STORY,77,S027/650TH AVE,Collision with:  Animal,Unknown,N/A,Animal,None Indicated,N/A,N/A,N/A,N/A,N/A,N/A,Paved,N/A,Property Damage Only,0,0,0,0,0,0,7000,1,1,Northbound (NB),POINT (-93.405824485933 41.976142517987)
20191106325,201904780,03/26/2019,03-March,3-Tuesday,17:19,1700 Hours,District 6 (East Central),CEDAR RAPIDS,LINN,77,EDGEWOOD RD SW,Collision with:  Vehicle in traffic,On Roadway,"Sideswipe, same direction",Other (explain in narrative):  No improper action,None Indicated,None apparent,Daylight,Dry,Clear,None apparent,Non-intersection:  Non-junction/no special feature,Paved,N/A,Property Damage Only,0,0,0,0,0,0,2000,2,4,Northbound (NB),POINT (-91.716036021582 41.962627370679)
20191106008,19003352,03/27/2019,03-March,4-Wednesday,09:38,0900 Hours,District 5 (Southeast),CENTERVILLE,APPANOOSE,77,HAYNES AVE AND E FRANKLIN ST,Collision with:  Vehicle in traffic,On Roadway,Broadside (front to side),Ran Stop Sign,None Indicated,None apparent,Daylight,Dry,Clear,None apparent,Intersection:  Four-way intersection,Paved,N/A,Property Damage Only,0,0,0,0,0,0,10500,2,4,Southbound (SB),POINT (-92.871979008592 40.739755602214)
20191106131,2019-002244,03/28/2019,03-March,5-Thursday,20:23,2000 Hours,District 6 (East Central),DUBUQUE,DUBUQUE,77,STATE 32/IA 32 (BY MILE MARKER 4),Other (explain in narrative),On Roadway,Non-collision (single vehicle),Other (explain in narrative):  Other,None Indicated,None apparent,Dark - roadway not lighted,Dry,Clear,None apparent,Non-intersection:  Non-junction/no special feature,Paved,N/A,Property Damage Only,0,0,0,0,0,0,2000,1,1,Northbound (NB),POINT (-90.706620161886 42.531484825473)
20191106438,2019-002253,03/29/2019,03-March,6-Friday,05:53,0500 Hours,District 6 (East Central),DUBUQUE,DUBUQUE,US 61,US 61,Collision with:  Animal,On Roadway,Non-collision (single vehicle),Animal,None Indicated,None apparent,Dark - roadway not lighted,Dry,Clear,None apparent,Non-intersection:  Non-junction/no special feature,Paved,N/A,Property Damage Only,0,0,0,0,0,0,8000,1,1,Northbound (NB),POINT (-90.689364725427 42.428775271955)
20191106288,19-007525,03/30/2019,03-March,7-Saturday,13:08,1300 Hours,District 4 (Southwest),COUNCIL BLUFFS,POTTAWATTAMIE,77,KANESVILLE BLVD AND HARRISON ST,Collision with:  Vehicle in traffic,On Roadway,Rear-end (front to rear),Followed too close,None Indicated,None apparent,Daylight,Dry,Clear,None apparent,Non-intersection:  Non-junction/no special feature,Paved,N/A,Possible/Unknown,0,2,0,0,2,0,3000,2,2,Northbound (NB),POINT (-95.844047759017 41.265029006307)
20191106417,19-008655,03/31/2019,03-March,1-Sunday,03:35,0300 Hours,District 5 (Southeast),,LEE,US 61,US 61,Collision with:  Animal,Unknown,N/A,Animal,None Indicated,N/A,N/A,N/A,N/A,N/A,N/A,Paved,N/A,Property Damage Only,0,0,0,0,0,0,4500,1,1,Northbound (NB),POINT (-91.245163438295 40.695983932701)
20191107076,19-8503,04/01/2019,04-April,2-Monday,08:27,0800 Hours,District 6 (East Central),,SCOTT,I-74,INTERSTATE 74/I 74,Non-collision events:  Non-contact vehicle (phantom),On Roadway,Non-collision (single vehicle),Lost Control,None Indicated,None apparent,Daylight,Dry,Cloudy,None apparent,Non-intersection:  Non-junction/no special feature,Paved,N/A,Minor Injury,0,1,0,1,0,0,3500,1,1,Southbound (SB),POINT (-90.513278593876 41.521815732172)
20191106744,MC1901259,04/02/2019,04-April,3-Tuesday,15:45,1500 Hours,District 2 (Northeast),MASON CITY,CERRO GORDO,IA-122,TENNESSEE PL AND STATE 122/4TH ST SE,Collision with:  Vehicle in traffic,On Roadway,Broadside (front to side),FTYROW:  From stop sign,None Indicated,None apparent,Daylight,Dry,Clear,None apparent,Intersection:  Four-way intersection,Paved,N/A,Possible/Unknown,0,1,0,0,1,0,7000,2,2,Southbound (SB),POINT (-93.178779791245 43.148102040995)
20191107259,19-9339,04/02/2019,04-April,3-Tuesday,20:22,2000 Hours,District 1 (Central),NEWTON,JASPER,77,N 4TH AVE W,Non-collision events:  Other non-collision (explain in narrative),On Roadway,Non-collision (single vehicle),Unknown,None Indicated,None apparent,Dark - roadway lighted,Dry,Clear,None apparent,Non-intersection:  Non-junction/no special feature,Paved,N/A,Major Injury,0,1,1,0,0,0,5000,1,1,Southbound (SB),POINT (-93.055587324209 41.702369469485)
20191107080,19-8775,04/03/2019,04-April,4-Wednesday,20:39,2000 Hours,District 6 (East Central),BETTENDORF,SCOTT,77,INTERSTATE 80/SW RAMP AND MIDDLE RD AND INTERSTATE 80/SW LOOP,Collision with:  Vehicle in traffic,On Roadway,Rear to side,Driving too fast for conditions,None Indicated,None apparent,Dark - roadway not lighted,Wet,Cloudy,"Surface condition (e.g., wet, icy)",Interchange-related:  Off-ramp,Paved,N/A,Property Damage Only,0,0,0,0,0,0,4000,2,2,Southbound (SB),POINT (-90.45917375961 41.594862192374)
20191107098,19001851,04/04/2019,04-April,5-Thursday,14:00,1400 Hours,District 4 (Southwest),ADEL,DALLAS,77,400 BLK OF NILE KINNICK DR. S,Collision with:  Vehicle in traffic,On Roadway,Broadside (front to side),FTYROW:  From driveway,None Indicated,Visual obstruction,Daylight,Dry,Clear,None apparent,"Non-intersection:  Driveway access (related, not in)",Paved,N/A,Possible/Unknown,0,1,0,0,1,0,4500,2,3,Southbound (SB),POINT (-94.029351376915 41.614178516603)
20191107426,19-26643,04/05/2019,04-April,6-Friday,15:54,1500 Hours,District 2 (Northeast),EVANSDALE,BLACK HAWK,I-380,INTERSTATE 380/I 380,Collision with:  Vehicle in traffic,On Roadway,Rear-end (front to rear),Other (explain in narrative):  Other,None Indicated,None apparent,Daylight,Dry,Clear,Work Zone (roadway-related),Non-intersection:  Non-junction/no special feature,Paved,Yes,Property Damage Only,0,0,0,0,0,0,3000,2,2,Northbound (NB),POINT (-92.278734919624 42.460490495315)
20191110302,19-003356,04/05/2019,04-April,6-Friday,08:20,0800 Hours,District 6 (East Central),,BENTON,77,US 30/73 ST AND 21 AVE AND V066/21 AVE,Collision with:  Vehicle in traffic,On Roadway,Broadside (front to side),Ran Traffic Signal,None Indicated,Weather conditions,Daylight,Dry,"Fog, smoke, smog",None apparent,Intersection:  Four-way intersection,Paved,N/A,Minor Injury,0,1,0,1,0,0,30000,2,2,Northbound (NB),POINT (-92.085332457516 41.963678040206)
20191107389,19-026916,04/06/2019,04-April,7-Saturday,13:28,1300 Hours,District 2 (Northeast),WATERLOO,BLACK HAWK,77,DUBUQUE RD AND NEVADA ST AND FRANKLIN ST,Other (explain in narrative),On Roadway,Broadside (front to side),Ran Traffic Signal,None Indicated,None apparent,Daylight,Dry,Clear,None apparent,Intersection:  Four-way intersection,Paved,N/A,Property Damage Only,0,0,0,0,0,0,4600,2,2,Southbound (SB),POINT (-92.314648411246 42.495329378782)
20191109454,19-000387,04/07/2019,04-April,1-Sunday,21:37,2100 Hours,District 1 (Central),AMES,STORY,77,UNIVERSITY BLVD AND CY RIDE DR,Collision with:  Re-entering roadway,On Roadway,Broadside (front to side),"Operating vehicle in an reckless, erratic, careless, negligent manner",Refused,None apparent,Dark - roadway lighted,Dry,Clear,None apparent,Intersection:  T-intersection,Paved,N/A,Possible/Unknown,0,1,0,0,1,0,14500,3,3,Southbound (SB),POINT (-93.636191881771 42.029100643831)
20191107421,19-000457,04/08/2019,04-April,2-Monday,05:33,0500 Hours,District 1 (Central),,STORY,77,R070/580TH AVE,Collision with:  Animal,Unknown,N/A,Animal,None Indicated,N/A,N/A,N/A,N/A,N/A,N/A,Paved,N/A,Property Damage Only,0,0,0,0,0,0,1500,1,1,Northbound (NB),POINT (-93.54086905174 41.967993089337)
20191108082,2019009614,04/09/2019,04-April,3-Tuesday,07:45,0700 Hours,District 6 (East Central),,CEDAR,I-80,INTERSTATE 80/I 80 259.30 WB,Collision with:  Vehicle in traffic,On Roadway,"Sideswipe, same direction",Improper or erratic lane changing,None Indicated,None apparent,Daylight,Dry,Clear,None apparent,Non-intersection:  Non-junction/no special feature,Paved,N/A,Property Damage Only,0,0,0,0,0,0,3000,2,5,Westbound (WB),POINT (-91.255017784485 41.663410288409)
20191109572,19-4613,04/09/2019,04-April,3-Tuesday,09:02,0900 Hours,District 6 (East Central),,JACKSON,77,E23Y/IRON BRIDGE RD,Other (explain in narrative),Roadside,Non-collision (single vehicle),Ran off road - left,None Indicated,None apparent,Daylight,Dry,Clear,None apparent,Non-intersection:  Non-junction/no special feature,Paved,N/A,Property Damage Only,0,0,0,0,0,0,4700,1,1,Southbound (SB),POINT (-90.512136365331 42.096194367917)
20191108493,2019009803,04/10/2019,04-April,4-Wednesday,14:00,1400 Hours,District 2 (Northeast),,ALLAMAKEE,IA-76,STATE 76/IOWA 76 SE OF BUCKSKIN RD.,Collision with fixed object:  Ditch,Outside trafficway,Non-collision (single vehicle),Ran off road - right,None Indicated,Weather conditions,Daylight,Snow,"Sleet, hail","Surface condition (e.g., wet, icy)",Non-intersection:  Non-junction/no special feature,Paved,N/A,Minor Injury,0,1,0,1,0,0,60000,1,1,Northbound (NB),POINT (-91.288918881886 43.156183569656)
20191107909,19-008003,04/11/2019,04-April,5-Thursday,06:07,0600 Hours,District 4 (Southwest),COUNCIL BLUFFS,POTTAWATTAMIE,77,201 S 31ST ST,Collision with:  Parked motor vehicle,In parking lane/zone,Head-on (front to front),Ran off road - left,None Indicated,None apparent,Dark - roadway lighted,Dry,Clear,None apparent,Non-intersection:  Non-junction/no special feature,Paved,N/A,Property Damage Only,0,0,0,0,0,0,3000,2,1,Northbound (NB),POINT (-95.894134014895 41.25938475515)
20191108173,2019003448,04/12/2019,04-April,6-Friday,17:14,1700 Hours,District 6 (East Central),IOWA CITY,JOHNSON,77,N CLINTON ST,Collision with:  Parked motor vehicle,On Roadway,"Sideswipe, same direction",Operator inexperience,None Indicated,None apparent,Daylight,Dry,Cloudy,None apparent,Non-intersection:  Non-junction/no special feature,Paved,N/A,Property Damage Only,0,0,0,0,0,0,1501,2,1,Northbound (NB),POINT (-91.534592189454 41.662677194453)
20191108399,2019-28733,04/12/2019,04-April,6-Friday,07:40,0700 Hours,District 6 (East Central),DAVENPORT,SCOTT,77,STATE 461/BRADY ST AND W LOCUST ST AND E LOCUST ST,Collision with:  Vehicle in traffic,On Roadway,Broadside (front to side),Ran Traffic Signal,None Indicated,None apparent,Daylight,Dry,Cloudy,None apparent,Intersection:  Four-way intersection,Paved,N/A,Minor Injury,0,2,0,2,0,0,19000,2,3,Southbound (SB),POINT (-90.573997623867 41.538280198893)
20191109963,19003453,04/13/2019,04-April,7-Saturday,20:02,2000 Hours,District 5 (Southeast),,WAYNE,77,S026/IOWA HWY 40,Other (explain in narrative),On Roadway,Non-collision (single vehicle),Ran off road - right,None Indicated,None apparent,Dark - roadway not lighted,Dry,Clear,None apparent,Non-intersection:  Non-junction/no special feature,Paved,N/A,Property Damage Only,0,0,0,0,0,0,3500,1,1,Northbound (NB),POINT (-93.365078464121 40.718385233165)
20191127346,2019-001142,04/14/2019,04-April,1-Sunday,00:50,0000 Hours,District 2 (Northeast),,ALLAMAKEE,77,B025/LANSING HARPERS RD,Collision with:  Animal,On Roadway,Non-collision (single vehicle),Animal,None Indicated,Animal in roadway,N/A,N/A,N/A,N/A,N/A,Paved,N/A,Property Damage Only,0,0,0,0,0,0,1500,1,1,Northbound (NB),POINT (-91.194291731466 43.198166684339)
20191109403,19-00921,04/15/2019,04-April,2-Monday,17:37,1700 Hours,District 1 (Central),URBANDALE,POLK,I-80,INTERSTATE 35/NW RAMP CURV,Collision with:  Vehicle in traffic,On Roadway,Rear-end (front to rear),Driving too fast for conditions,None Indicated,None apparent,Daylight,Dry,Clear,None apparent,Interchange-related:  On-ramp,Paved,N/A,Property Damage Only,0,0,0,0,0,0,2000,2,3,Westbound (WB),POINT (-93.776179391496 41.649610294272)
20191108829,2019003576,04/16/2019,04-April,3-Tuesday,13:03,1300 Hours,District 6 (East Central),IOWA CITY,JOHNSON,77,1600 BLK LOWER MUSCATINE RD,Collision with:  Vehicle in traffic,On Roadway,"Sideswipe, same direction",FTYROW:  From stop sign,None Indicated,None apparent,Daylight,Dry,Cloudy,None apparent,Intersection:  Other intersection (explain in narrative),Paved,N/A,Property Damage Only,0,0,0,0,0,0,1500,2,2,Northbound (NB),POINT (-91.511871272551 41.646335000819)
20191108869,2019-30076,04/16/2019,04-April,3-Tuesday,16:19,1600 Hours,District 6 (East Central),DAVENPORT,SCOTT,77,SHERIDAN ST AND W 53RD ST,Collision with:  Vehicle in traffic,On Roadway,Other (explain in narrative),Other (explain in narrative):  Other,None Indicated,None apparent,Daylight,Dry,Clear,None apparent,Intersection:  Four-way intersection,Paved,N/A,Property Damage Only,0,0,0,0,0,0,2000,2,3,Northbound (NB),POINT (-90.574919308823 41.574541341497)