Iowa DOT Case Number,Law Enforcement Case Number,Date of Crash,Month of Crash,Day of Week,Time of Crash,Hour,DOT District,City Name,County Name,Route with System,Location Description,First Harmful Event,Location of First Harmful Event,Manner of Crash/Collision,Major Cause,Drug or Alcohol ,Environmental Conditions,Light Conditions,Surface Conditions,Weather Conditions,Roadway Contribution,Roadway Type,Roadway Surface,Work Zone,Crash Severity,Number of Fatalities,Number of Injuries,Number of Major Injuries,Number of Minor Injuries,Number of Possible Injuries,Number of Unknown Injuries,Amount of Property Damage,Number of Vehicles Involved,Total Number of Occupants,Travel Direction,Location
20191108967,19-006364,04/17/2019,04-April,4-Wednesday,18:07,1800 Hours,District 4 (Southwest),,MILLS,77,GRANDE OAK AVE AND GRANDE VIEW AVE,Collision with fixed object:  Other fixed object (explain in narrative),Other (explain in narrative),Non-collision (single vehicle),Unknown,None Indicated,None apparent,Daylight,Dry,Cloudy,None apparent,Non-intersection:  Non-junction/no special feature,Paved,N/A,Property Damage Only,0,0,0,0,0,0,6000,1,1,Southbound (SB),POINT (-95.755604850863 41.067037478174)
20191109114,19006435,04/18/2019,04-April,5-Thursday,20:01,2000 Hours,District 4 (Southwest),,MILLS,77,US 34 AND KIDD RD,Collision with:  Vehicle in traffic,On Roadway,Broadside (front to side),FTYROW:  From yield sign,None Indicated,None apparent,Dusk,Dry,Clear,None apparent,Non-intersection:  Crossover-related,Paved,N/A,Property Damage Only,0,0,0,0,0,0,7000,2,4,Northbound (NB),POINT (-95.714251146609 41.030605602019)
20191109980,SO19-00412,04/19/2019,04-April,6-Friday,19:48,1900 Hours,District 1 (Central),,MARSHALL,77,235TH ST AND KNOLL WAY,Non-collision events:  Non-contact vehicle (phantom),On Roadway,Non-collision (single vehicle),Ran off road - right,None Indicated,None apparent,Daylight,Dry,Clear,None apparent,Non-intersection:  Non-junction/no special feature,Paved,N/A,Minor Injury,0,1,0,1,0,0,0,1,1,Southbound (SB),POINT (-93.030145708552 42.015242284298)
20191109304,C19001438,04/19/2019,04-April,6-Friday,17:07,1700 Hours,District 6 (East Central),CORALVILLE,JOHNSON,77,22ND AVE,Collision with:  Vehicle in traffic,On Roadway,Rear-end (front to rear),Followed too close,None Indicated,None apparent,Daylight,Dry,Clear,None apparent,Intersection:  Four-way intersection,Paved,N/A,Property Damage Only,0,0,0,0,0,0,3000,2,3,Northbound (NB),POINT (-91.595758079196 41.681760858927)
20191109469,20190011516,04/20/2019,04-April,7-Saturday,11:56,1100 Hours,District 1 (Central),DES MOINES,POLK,77,US 69/SE 14TH ST AND E MCKINLEY AVE,Collision with:  Vehicle in traffic,On Roadway,"Angle, oncoming left turn",FTYROW:  Making left turn,None Indicated,None apparent,Daylight,Dry,Clear,None apparent,Intersection:  Four-way intersection,Paved,N/A,Possible/Unknown,0,1,0,0,1,0,7500,3,4,Southbound (SB),POINT (-93.596853318786 41.540621838954)
20191111405,19-003182,04/20/2019,04-April,7-Saturday,02:06,0200 Hours,District 2 (Northeast),,CLAYTON,77,C07X/HILTON RD,Non-collision events:  Overturn/rollover,On Roadway,Non-collision (single vehicle),Ran off road - right,Alcohol (Statutory),None apparent,Dark - roadway not lighted,Dry,Unknown,None apparent,Non-intersection:  Non-junction/no special feature,Paved,N/A,Possible/Unknown,0,1,0,0,1,0,10000,1,1,Northbound (NB),POINT (-91.286053520234 42.735666781948)
20191119027,2019010880,04/22/2019,04-April,2-Monday,12:53,1200 Hours,District 1 (Central),,POLK,I-80,80 EB 137.1 MM,Collision with:  Vehicle in traffic,On Roadway,Rear-end (front to rear),Followed too close,None Indicated,None apparent,Daylight,Dry,Cloudy,None apparent,Non-intersection:  Non-junction/no special feature,Paved,N/A,Possible/Unknown,0,1,0,0,1,0,13700,2,2,Southbound (SB),POINT (-93.588583544163 41.650516844835)
20191109786,20190011753,04/22/2019,04-April,2-Monday,16:50,1600 Hours,District 1 (Central),DES MOINES,POLK,77,13TH PLACE AND FOREST AVE,Collision with:  Vehicle in traffic,On Roadway,Broadside (front to side),FTYROW:  From stop sign,None Indicated,None apparent,Daylight,Dry,Cloudy,None apparent,Intersection:  T-intersection,Paved,N/A,Possible/Unknown,0,1,0,0,1,0,16294,2,3,Southbound (SB),POINT (-93.635131279543 41.604062187931)
20191109887,FD19-1112,04/23/2019,04-April,3-Tuesday,21:59,2100 Hours,District 1 (Central),FORT DODGE,WEBSTER,77,500 BLK 10TH AVE N,Collision with:  Struck/struck by object/cargo/person from other vehicle,On Roadway,Non-collision (single vehicle),Other (explain in narrative):  Other,None Indicated,None apparent,Dark - roadway not lighted,Dry,Clear,Debris,Non-intersection:  Non-junction/no special feature,Paved,N/A,Property Damage Only,0,0,0,0,0,0,2000,1,1,Southbound (SB),POINT (-94.144010853967 42.51568686324)
20191110335,2019-32564,04/24/2019,04-April,4-Wednesday,19:54,1900 Hours,District 6 (East Central),DAVENPORT,SCOTT,77,GAINES ST,Non-collision events:  Non-contact vehicle (phantom),On Roadway,Non-collision (single vehicle),Other (explain in narrative):  Other,None Indicated,None apparent,Dark - roadway lighted,Dry,Clear,None apparent,Non-intersection:  Alley,Paved,N/A,Property Damage Only,0,0,0,0,0,0,3000,1,1,Northbound (NB),POINT (-90.582962419635 41.526094258166)
20191109921,19-013134,04/24/2019,04-April,4-Wednesday,05:16,0500 Hours,District 5 (Southeast),BURLINGTON,DES MOINES,77,ANGULAR ST AND CENTRAL AVE,Collision with:  Vehicle in traffic,On Roadway,Broadside (front to side),Ran Stop Sign,Alcohol (Statutory),None apparent,Dark - roadway lighted,Dry,Clear,None apparent,Intersection:  Four-way intersection,Paved,N/A,Property Damage Only,0,0,0,0,0,0,5046,2,3,Northbound (NB),POINT (-91.112260451634 40.801666154992)
20191110934,19-01038,04/25/2019,04-April,5-Thursday,16:20,1600 Hours,District 1 (Central),URBANDALE,POLK,I-80,DOUGLAS PKWY AND INTERSTATE 35/SW RAMP AND INTERSTATE 35/NW RAMP,Collision with:  Vehicle in traffic,On Roadway,"Sideswipe, same direction",FTYROW:  Making right turn on red signal,None Indicated,None apparent,Daylight,Dry,Clear,None apparent,Intersection:  Four-way intersection,Paved,N/A,Property Damage Only,0,0,0,0,0,0,6500,2,2,Westbound (WB),POINT (-93.778722969426 41.629471148123)
20191110539,2019-33031,04/26/2019,04-April,6-Friday,07:44,0700 Hours,District 6 (East Central),DAVENPORT,SCOTT,77,W 9TH ST AND N DIVISION ST,Collision with:  Vehicle in traffic,On Roadway,Broadside (front to side),FTYROW:  Making left turn,None Indicated,None apparent,Daylight,Dry,Clear,None apparent,Intersection:  Four-way intersection,Paved,N/A,Property Damage Only,0,0,0,0,0,0,3000,2,2,Northbound (NB),POINT (-90.601122809928 41.528600243473)
20191110433,19-002357,04/26/2019,04-April,6-Friday,10:40,1000 Hours,District 1 (Central),ANKENY,POLK,77,200 E 1ST ST,Collision with:  Vehicle in traffic,On Roadway,"Sideswipe, same direction",Improper or erratic lane changing,None Indicated,None apparent,Daylight,Dry,Clear,None apparent,Non-intersection:  Non-junction/no special feature,Paved,N/A,Property Damage Only,0,0,0,0,0,0,5000,2,2,Southbound (SB),POINT (-93.593569952168 41.731843303295)
20191110590,19-003420,04/27/2019,04-April,7-Saturday,11:34,1100 Hours,District 2 (Northeast),,CLAYTON,IA-13,STATE 13/IOWA 13,Collision with:  Struck/struck by object/cargo/person from other vehicle,On Roadway,Head-on (front to front),Lost Control,None Indicated,Weather conditions,Daylight,Slush,Snow,"Surface condition (e.g., wet, icy)",Non-intersection:  Non-junction/no special feature,Paved,N/A,Major Injury,0,2,2,0,0,0,20000,2,2,Northbound (NB),POINT (-91.344945875502 42.920921002181)
20191110833,19011437,04/27/2019,04-April,7-Saturday,10:44,1000 Hours,District 5 (Southeast),OSKALOOSA,MAHASKA,77,3RD AVE E AND S 2ND ST,Collision with:  Vehicle in traffic,On Roadway,Broadside (front to side),FTYROW:  From stop sign,None Indicated,None apparent,Daylight,Wet,Cloudy,None apparent,Intersection:  Four-way intersection,Paved,N/A,Property Damage Only,0,0,0,0,0,0,3000,2,2,Northbound (NB),POINT (-92.642654707716 41.292628492181)
20191110968,19-002388,04/28/2019,04-April,1-Sunday,21:22,2100 Hours,District 6 (East Central),,,77,,Collision with fixed object:  Ditch,Outside trafficway,Non-collision (single vehicle),Driving too fast for conditions,None Indicated,Visual obstruction,Dark - roadway not lighted,Wet,Rain,"Surface condition (e.g., wet, icy)",Non-intersection:  Non-junction/no special feature,Unpaved,N/A,Possible/Unknown,0,1,0,0,1,0,5000,1,1,N/A,POINT (0 0)
20191110828,19-05479,04/29/2019,04-April,2-Monday,20:52,2000 Hours,District 6 (East Central),,JONES,77,E017/CO RD E-17,Collision with:  Animal,Unknown,N/A,Animal,None Indicated,N/A,N/A,N/A,N/A,N/A,N/A,Paved,N/A,Property Damage Only,0,0,0,0,0,0,5000,1,1,Southbound (SB),POINT (-91.057608843397 42.171751798233)
20191110960,19-008849,04/30/2019,04-April,3-Tuesday,15:43,1500 Hours,District 4 (Southwest),COUNCIL BLUFFS,POTTAWATTAMIE,77,US 6/KANESVILLE BLVD AND COLLEGE RD,Collision with:  Vehicle in traffic,On Roadway,Broadside (front to side),FTYROW:  From stop sign,None Indicated,None apparent,Daylight,Wet,Rain,None apparent,Intersection:  T-intersection,Paved,N/A,Property Damage Only,0,0,0,0,0,0,8000,2,2,Northbound (NB),POINT (-95.82429172093 41.274963413379)
20191111308,2019011808,05/01/2019,05-May,4-Wednesday,17:20,1700 Hours,District 1 (Central),,POLK,I-80,INTERSTATE 35/80 EB 132.5 MM,Collision with:  Vehicle in traffic,On Roadway,Rear-end (front to rear),Followed too close,None Indicated,None apparent,Daylight,Dry,Clear,"Traffic backup, regular congestion",Non-intersection:  Non-junction/no special feature,Paved,N/A,Property Damage Only,0,0,0,0,0,0,6000,2,5,Southbound (SB),POINT (-93.675884531895 41.651135521212)
20191113839,MC1901670,05/01/2019,05-May,4-Wednesday,10:50,1000 Hours,District 2 (Northeast),MASON CITY,CERRO GORDO,77,S GEORGIA AVE MEASURING 129 FEET NORTH FROM S GEORGIA AVE AND STATE 122/6TH ST SE,Collision with:  Vehicle in traffic,On Roadway,Rear to side,Other (explain in narrative):  Other,None Indicated,None apparent,Daylight,Wet,Cloudy,None apparent,Non-intersection:  Non-junction/no special feature,Paved,N/A,Property Damage Only,0,0,0,0,0,0,11000,2,1,Northbound (NB),POINT (-93.195980099892 43.146552052623)
20191111825,19-005230,05/02/2019,05-May,5-Thursday,17:10,1700 Hours,District 3 (Northwest),,CARROLL,US 71,180TH ST AND US 71,Collision with:  Vehicle in traffic,On Roadway,Rear-end (front to rear),Followed too close,None Indicated,None apparent,Daylight,Dry,Cloudy,None apparent,Intersection:  T-intersection,Paved,N/A,Property Damage Only,0,0,0,0,0,0,3000,2,2,Northbound (NB),POINT (-94.878606299178 42.092931451983)
20191111450,IF1903458,05/03/2019,05-May,6-Friday,07:39,0700 Hours,District 1 (Central),IOWA FALLS,HARDIN,77,FOSTER BLVD,Collision with:  Parked motor vehicle,On Roadway,Rear-end (front to rear),Driver Distraction:  Other interior distraction,None Indicated,None apparent,Daylight,Dry,Clear,None apparent,Non-intersection:  Non-junction/no special feature,Paved,N/A,Property Damage Only,0,0,0,0,0,0,4500,2,1,Northbound (NB),POINT (-93.271363277089 42.519355818288)
20191111543,19C01904,05/03/2019,05-May,6-Friday,19:36,1900 Hours,District 4 (Southwest),CRESTON,UNION,US 34,US 34/W TAYLOR ST AND S ELM ST,Miscellaneous events:  Hit and run,On Roadway,Broadside (front to side),Ran Stop Sign,None Indicated,None apparent,Daylight,Dry,Clear,None apparent,Intersection:  Four-way intersection,Paved,N/A,Possible/Unknown,0,1,0,0,1,0,5000,2,5,Southbound (SB),POINT (-94.363837394904 41.049193845832)
20191111610,201903832,05/04/2019,05-May,7-Saturday,21:16,2100 Hours,District 1 (Central),,BOONE,77,R018/L AVE,Non-collision events:  Overturn/rollover,On Roadway,Non-collision (single vehicle),FTYROW:  From yield sign,None Indicated,None apparent,Dark - roadway not lighted,Dry,Clear,None apparent,Intersection:  Four-way intersection,Paved,N/A,Possible/Unknown,0,1,0,0,1,0,3700,2,4,Northbound (NB),POINT (-93.950817124398 42.033887505191)
20191111683,19010990,05/05/2019,05-May,1-Sunday,17:33,1700 Hours,District 6 (East Central),MARION,LINN,77,2600-BLK 3RD AV,Collision with:  Vehicle in traffic,On Roadway,Rear-end (front to rear),Driver Distraction:  Other interior distraction,None Indicated,None apparent,Daylight,Wet,Rain,None apparent,Non-intersection:  Non-junction/no special feature,Paved,N/A,Property Damage Only,0,0,0,0,0,0,5000,2,3,Southbound (SB),POINT (-91.583725361561 42.029807880654)
20191111880,20190013343,05/06/2019,05-May,2-Monday,12:33,1200 Hours,District 1 (Central),DES MOINES,POLK,77,INGERSOLL AVE MEASURING 193 FEET EAST FROM INGERSOLL AVE AND 31ST ST,Collision with:  Vehicle in traffic,On Roadway,Rear-end (front to rear),Driver Distraction:  Other interior distraction,None Indicated,None apparent,Daylight,Dry,Cloudy,None apparent,Non-intersection:  Non-junction/no special feature,Paved,N/A,Minor Injury,0,1,0,1,0,0,7000,2,5,Southbound (SB),POINT (-93.658637641109 41.586095598917)
20191111956,2019-16141,05/06/2019,05-May,2-Monday,22:12,2200 Hours,District 6 (East Central),,SCOTT,77,F065/160 ST AND Y040/70 AVE,Collision with:  Vehicle in traffic,On Roadway,Broadside (front to side),FTYROW:  Making left turn,None Indicated,Weather conditions,Dark - roadway not lighted,Wet,Rain,"Surface condition (e.g., wet, icy)",Intersection:  T-intersection,Paved,N/A,Property Damage Only,0,0,0,0,0,0,2001,2,2,Southbound (SB),POINT (-90.765410823372 41.538252255602)
20191112005,20190013416,05/07/2019,05-May,3-Tuesday,07:27,0700 Hours,District 1 (Central),DES MOINES,POLK,77,INDIANOLA AVE MEASURING 131 FEET SOUTH FROM E KIRKWOOD AVE AND INDIANOLA AVE,Collision with:  Vehicle in traffic,On Roadway,Rear-end (front to rear),Followed too close,None Indicated,None apparent,Daylight,Dry,Cloudy,None apparent,Non-intersection:  Non-junction/no special feature,Paved,N/A,Property Damage Only,0,0,0,0,0,0,6000,2,3,Northbound (NB),POINT (-93.610066692199 41.565034363966)
20191112436,2019-36899,05/08/2019,05-May,4-Wednesday,16:50,1600 Hours,District 6 (East Central),DAVENPORT,SCOTT,77,RIPLEY ST AND W HAYES ST,Collision with:  Vehicle in traffic,On Roadway,"Sideswipe, same direction",Other (explain in narrative):  No improper action,None Indicated,None apparent,Daylight,Wet,Rain,None apparent,Intersection:  Four-way intersection,Paved,N/A,Property Damage Only,0,0,0,0,0,0,10000,2,3,Northbound (NB),POINT (-90.578435316642 41.547848523588)
20191112369,19-000768,05/08/2019,05-May,4-Wednesday,08:30,0800 Hours,District 1 (Central),ALTOONA,POLK,77,5TH AVE SW AND 3RD ST SW,Collision with:  Vehicle in traffic,On Roadway,Broadside (front to side),FTYROW:  From stop sign,None Indicated,None apparent,Daylight,Wet,Rain,None apparent,Intersection:  T-intersection,Paved,N/A,Property Damage Only,0,0,0,0,0,0,2500,2,3,Northbound (NB),POINT (-93.4693729261 41.649480197548)
20191112822,19009472,05/09/2019,05-May,5-Thursday,21:27,2100 Hours,District 1 (Central),PLEASANTVILLE,MARION,IA-5,MM74 HWY 5,Collision with:  Animal,Unknown,N/A,Animal,None Indicated,N/A,N/A,N/A,N/A,N/A,N/A,Paved,N/A,Property Damage Only,0,0,0,0,0,0,5000,1,1,Eastbound (EB),POINT (-93.277446311562 41.37759321941)
20191112787,2019012609,05/10/2019,05-May,6-Friday,00:27,0000 Hours,District 4 (Southwest),,FREMONT,IA-2,J046/250 ST AND US 275 AND STATE 2/IOWA 2,Collision with fixed object:  Ground,Separator,Non-collision (single vehicle),Lost Control,None Indicated,None apparent,Dark - roadway lighted,Dry,Clear,None apparent,Intersection:  Four-way intersection,Paved,N/A,Possible/Unknown,0,1,0,0,1,0,10000,1,1,Southbound (SB),POINT (-95.647968160158 40.687430513038)
20191112542,19-009299,05/10/2019,05-May,6-Friday,13:20,1300 Hours,District 4 (Southwest),COUNCIL BLUFFS,POTTAWATTAMIE,IA-92,STATE 92/OMAHA BRIDGE RD AND HARRY LANGDON BLVD,Collision with:  Vehicle in traffic,On Roadway,Rear-end (front to rear),Followed too close,None Indicated,None apparent,Daylight,Dry,Clear,None apparent,Intersection:  Four-way intersection,Paved,N/A,Possible/Unknown,0,2,0,0,2,0,3100,2,5,Southbound (SB),POINT (-95.82447858578 41.226693528326)
20191112744,201907499,05/11/2019,05-May,7-Saturday,12:21,1200 Hours,District 6 (East Central),CEDAR RAPIDS,LINN,77,1601 BLAIRS FERRY RD NE,Collision with:  Vehicle in traffic,On Roadway,"Sideswipe, same direction",Improper or erratic lane changing,None Indicated,Weather conditions,Daylight,Wet,Rain,None apparent,Non-intersection:  Non-junction/no special feature,Paved,N/A,Property Damage Only,0,0,0,0,0,0,5500,2,3,Southbound (SB),POINT (-91.661215870532 42.035115124765)
20191113111,2019012762,05/12/2019,05-May,1-Sunday,04:15,0400 Hours,District 6 (East Central),WILLIAMSBURG,IOWA,I-80,I-80EB @ EXIT 220,Collision with fixed object:  Ditch,Outside trafficway,Non-collision (single vehicle),Ran off road - right,None Indicated,None apparent,Dark - roadway not lighted,Dry,Clear,None apparent,Non-intersection:  Non-junction/no special feature,Paved,N/A,Property Damage Only,0,0,0,0,0,0,7500,1,1,Southbound (SB),POINT (-92.010375212019 41.686421729197)
20191239494,,05/13/2019,05-May,2-Monday,19:03,1900 Hours,District 4 (Southwest),COUNCIL BLUFFS,POTTAWATTAMIE,77,US 275 N and SOUTH 11TH ST,Collision with:  Vehicle in traffic,On Roadway,Rear-end (front to rear),Followed too close,None Indicated,None apparent,Daylight,Dry,Clear,None apparent,Non-intersection:  Non-junction/no special feature,Paved,N/A,Property Damage Only,0,0,0,0,0,0,2620,2,5,Northbound (NB),POINT (-95.860663751301 41.219657203796)
20191115658,19037584,05/13/2019,05-May,2-Monday,12:05,1200 Hours,District 2 (Northeast),CEDAR FALLS,BLACK HAWK,77,TERRACE DR/ALAMEDA,Collision with:  Parked motor vehicle,On Roadway,"Sideswipe, opposite direction",Driver Distraction:  Other interior distraction,None Indicated,None apparent,Daylight,Dry,Clear,None apparent,Non-intersection:  Non-junction/no special feature,Paved,N/A,Property Damage Only,0,0,0,0,0,0,7000,3,1,Southbound (SB),POINT (-92.412200811303 42.509434015031)
20191113310,DPD1901703,05/14/2019,05-May,3-Tuesday,09:21,0900 Hours,District 2 (Northeast),DECORAH,WINNESHIEK,77,STATE 9/IOWA 9 AND SHORT ST,Collision with:  Vehicle in traffic,On Roadway,Rear-end (front to rear),Driver Distraction:  Exterior distraction,None Indicated,None apparent,Daylight,Dry,Cloudy,Other (explain in narrative),Intersection:  Four-way intersection,Paved,N/A,Property Damage Only,0,0,0,0,0,0,2700,2,2,Southbound (SB),POINT (-91.796939895969 43.291537381754)
20191113512,19-007995,05/15/2019,05-May,4-Wednesday,14:26,1400 Hours,District 2 (Northeast),CHARLES CITY,FLOYD,77,7TH AVE AND D ST,Collision with:  Vehicle in traffic,On Roadway,Broadside (front to side),FTYROW:  At uncontrolled intersection,None Indicated,None apparent,Daylight,Dry,Clear,None apparent,Intersection:  Four-way intersection,Paved,N/A,Possible/Unknown,0,4,0,0,4,0,5000,2,4,Northbound (NB),POINT (-92.667919212431 43.069137952213)
20191115503,19038148,05/15/2019,05-May,4-Wednesday,11:49,1100 Hours,District 2 (Northeast),CEDAR FALLS,BLACK HAWK,77,WALNUT ST AND 6TH ST,Collision with:  Vehicle in traffic,On Roadway,Broadside (front to side),Ran Stop Sign,None Indicated,None apparent,Daylight,Dry,Clear,None apparent,Intersection:  Four-way intersection,Paved,N/A,Property Damage Only,0,0,0,0,0,0,5000,2,2,Northbound (NB),POINT (-92.453403447673 42.533224153574)
20191116447,19008240,05/16/2019,05-May,5-Thursday,07:03,0700 Hours,District 4 (Southwest),,MILLS,77,H012/BARRUS RD,Collision with fixed object:  Ditch,Roadside,Non-collision (single vehicle),Ran off road - right,None Indicated,None apparent,Daylight,Dry,Cloudy,None apparent,Non-intersection:  Non-junction/no special feature,Paved,N/A,Major Injury,0,1,1,0,0,0,10000,1,2,Southbound (SB),POINT (-95.675193550594 41.145932147819)
20191114042,S19-038486,05/16/2019,05-May,5-Thursday,12:10,1200 Hours,District 2 (Northeast),,BLACK HAWK,IA-281,STATE 281/CANFIELD RD N,Non-collision events:  Other non-collision (explain in narrative),On Roadway,Non-collision (single vehicle),Ran off road - left,None Indicated,None apparent,Daylight,Dry,Clear,None apparent,Non-intersection:  Non-junction/no special feature,Paved,N/A,Property Damage Only,0,0,0,0,0,0,6000,1,1,Southbound (SB),POINT (-92.161157399221 42.531556572877)
20191113972,201907825,05/17/2019,05-May,6-Friday,11:19,1100 Hours,District 6 (East Central),CEDAR RAPIDS,LINN,77,2ND AVE SE AND 15TH ST SE,Collision with:  Vehicle in traffic,On Roadway,Broadside (front to side),Ran Stop Sign,None Indicated,None apparent,Daylight,Wet,Cloudy,None apparent,Intersection:  Four-way intersection,Paved,N/A,Property Damage Only,0,0,0,0,0,0,7500,2,4,Northbound (NB),POINT (-91.651415000153 41.987248513463)
20191114012,S19-001346,05/18/2019,05-May,7-Saturday,12:16,1200 Hours,District 4 (Southwest),,POTTAWATTAMIE,77,19368 BIRDSLEY RD,Collision with fixed object:  Ditch,On Roadway,Non-collision (single vehicle),Exceeded authorized speed,Drug/Alcohol (Statutory),None apparent,Daylight,Dry,Cloudy,None apparent,Non-intersection:  Non-junction/no special feature,Paved,N/A,Major Injury,0,2,2,0,0,0,10000,1,2,Southbound (SB),POINT (-95.814404727267 41.295461051933)
20191116420,19-004315,05/18/2019,05-May,7-Saturday,19:40,1900 Hours,District 4 (Southwest),,HARRISON,77,155TH ST MEASURING 1282 FEET NORTH FROM US 30,Collision with fixed object:  Ditch,Unknown,Non-collision (single vehicle),Driving too fast for conditions,None Indicated,None apparent,Dusk,Wet,Rain,None apparent,Non-intersection:  Non-junction/no special feature,Unpaved,N/A,Minor Injury,0,1,0,1,0,0,5000,1,1,Southbound (SB),POINT (-95.664686560383 41.783659384651)
20191113873,051920198361,05/19/2019,05-May,1-Sunday,00:49,0000 Hours,District 6 (East Central),,CLINTON,77,235 ST MEASURING 1571 FEET EAST FROM LINCOLN WAY E AND BENNETT ST N,Collision with fixed object:  Ditch,Shoulder,Non-collision (single vehicle),Ran off road - right,None Indicated,None apparent,Dark - roadway not lighted,Wet,Rain,None apparent,Non-intersection:  Non-junction/no special feature,Paved,N/A,Property Damage Only,0,0,0,0,0,0,10000,1,2,Southbound (SB),POINT (-90.830359484639 41.833123378846)
20191114181,20190014945,05/20/2019,05-May,2-Monday,19:09,1900 Hours,District 1 (Central),DES MOINES,POLK,77,E PAYTON AVE AND SE 24TH ST,Collision with:  Vehicle in traffic,On Roadway,Head-on (front to front),Made improper turn,None Indicated,None apparent,Daylight,Dry,Cloudy,None apparent,Intersection:  T-intersection,Paved,N/A,Minor Injury,0,1,0,1,0,0,4000,2,4,Southbound (SB),POINT (-93.574458779589 41.529846014863)
20191116365,19-2283,05/21/2019,05-May,3-Tuesday,18:17,1800 Hours,District 6 (East Central),HIAWATHA,LINN,77,BLAIRS FERRY RD,Collision with:  Vehicle in traffic,On Roadway,Rear-end (front to rear),Lost Control,None Indicated,None apparent,Daylight,Wet,Rain,None apparent,Intersection:  Four-way intersection,Paved,N/A,Property Damage Only,0,0,0,0,0,0,2100,2,2,Southbound (SB),POINT (-91.676614604283 42.034753350152)
20191114833,2019013962,05/22/2019,05-May,4-Wednesday,14:32,1400 Hours,District 5 (Southeast),,CLARKE,US 69,HWY 69 SB S OF 298TH AVE,Collision with:  Vehicle in traffic,On Roadway,Rear-end (front to rear),Driver Distraction:  Other interior distraction,None Indicated,None apparent,Daylight,Dry,Clear,None apparent,Non-intersection:  Non-junction/no special feature,Paved,N/A,Minor Injury,0,2,0,1,1,0,8000,2,4,Northbound (NB),POINT (-93.639876740524 41.158062117486)
20191114458,2019-003749,05/22/2019,05-May,4-Wednesday,07:50,0700 Hours,District 6 (East Central),DUBUQUE,DUBUQUE,IA-946,STATE 946/IOWA 946,Collision with:  Vehicle in traffic,On Roadway,Broadside (front to side),FTYROW:  From yield sign,None Indicated,None apparent,Daylight,Dry,Clear,None apparent,Intersection:  Four-way intersection,Paved,N/A,Property Damage Only,0,0,0,0,0,0,3750,2,2,Northbound (NB),POINT (-90.662989337082 42.494401991869)
20191114749,2019-15785,05/23/2019,05-May,5-Thursday,11:01,1100 Hours,District 5 (Southeast),,WARREN,IA-28,STATE 28/IOWA 28 MEASURING 951 FEET SOUTH FROM STATE 28/IOWA 28 AND FAIRFAX ST,Collision with fixed object:  Embankment,Shoulder,Non-collision (single vehicle),Lost Control,None Indicated,Other (explain in narrative),Daylight,Dry,Clear,None apparent,Non-intersection:  Non-junction/no special feature,Paved,N/A,Property Damage Only,0,0,0,0,0,0,2000,1,1,Northbound (NB),POINT (-93.692441776155 41.435041768128)
20191131596,19-010494,05/23/2019,05-May,5-Thursday,00:07,0000 Hours,District 5 (Southeast),,MARION,77,INDIANA DR,Non-collision events:  Overturn/rollover,Shoulder,Non-collision (single vehicle),Ran off road - left,Drug/Alcohol (Statutory),None apparent,Dark - roadway not lighted,Gravel,Cloudy,None apparent,Non-intersection:  Non-junction/no special feature,Unpaved,N/A,Major Injury,0,2,1,1,0,0,2500,1,2,Southbound (SB),POINT (-93.305212983669 41.37975681648)
20191115292,19015069,05/24/2019,05-May,6-Friday,07:34,0700 Hours,District 5 (Southeast),,LEE,US 61,US 61,Collision with:  Animal,Unknown,N/A,Animal,None Indicated,N/A,N/A,N/A,N/A,N/A,N/A,Paved,N/A,Property Damage Only,0,0,0,0,0,0,3000,1,1,Northbound (NB),POINT (-91.239046277723 40.704007026587)
20191114975,20190015393,05/24/2019,05-May,6-Friday,11:48,1100 Hours,District 1 (Central),DES MOINES,POLK,77,SW 12TH ST AND WATROUS AVE,Collision with:  Vehicle in traffic,On Roadway,"Angle, oncoming left turn",FTYROW:  From stop sign,None Indicated,None apparent,Daylight,Dry,Clear,None apparent,Intersection:  Four-way intersection,Paved,N/A,Property Damage Only,0,0,0,0,0,0,3500,3,4,Southbound (SB),POINT (-93.630567576489 41.548206216939)
20191115156,19-002438,05/25/2019,05-May,7-Saturday,04:30,0400 Hours,District 3 (Northwest),,LYON,77,A018/140TH ST,Collision with:  Animal,Unknown,N/A,Animal,None Indicated,N/A,N/A,N/A,N/A,N/A,N/A,Paved,N/A,Property Damage Only,0,0,0,0,0,0,2000,1,1,Southbound (SB),POINT (-96.502480309128 43.447646468686)
20191115236,19-16737,05/26/2019,05-May,1-Sunday,00:30,0000 Hours,District 3 (Northwest),SIOUX CITY,WOODBURY,77,1812 W HORNE AVE,Miscellaneous events:  Hit and run,On Roadway,Rear to side,Unknown,None Indicated,None apparent,Dark - roadway lighted,Dry,Clear,None apparent,"Non-intersection:  Driveway access (related, not in)",Paved,N/A,Property Damage Only,0,0,0,0,0,0,1500,2,1,Southbound (SB),POINT (-96.43168207475 42.495329295126)
20191115362,2019014341,05/27/2019,05-May,2-Monday,18:17,1800 Hours,District 6 (East Central),CORALVILLE,JOHNSON,I-380,INTERSTATE 380/I 380 2 MM NB,Collision with:  Vehicle in traffic,On Roadway,Rear-end (front to rear),Followed too close,None Indicated,Animal in roadway,Daylight,Dry,Clear,None apparent,Non-intersection:  Non-junction/no special feature,Paved,N/A,Possible/Unknown,0,2,0,0,2,0,13000,2,4,Northbound (NB),POINT (-91.642067764618 41.722632066266)
20191115682,2019-001556,05/28/2019,05-May,3-Tuesday,20:06,2000 Hours,District 6 (East Central),,DUBUQUE,US 151,US 151,Collision with:  Animal,Unknown,N/A,Animal,None Indicated,N/A,N/A,N/A,N/A,N/A,N/A,Paved,N/A,Property Damage Only,0,0,0,0,0,0,7000,1,4,Northbound (NB),POINT (-90.769657429214 42.386158932151)