Iowa DOT Case Number,Law Enforcement Case Number,Date of Crash,Month of Crash,Day of Week,Time of Crash,Hour,DOT District,City Name,County Name,Route with System,Location Description,First Harmful Event,Location of First Harmful Event,Manner of Crash/Collision,Major Cause,Drug or Alcohol ,Environmental Conditions,Light Conditions,Surface Conditions,Weather Conditions,Roadway Contribution,Roadway Type,Roadway Surface,Work Zone,Crash Severity,Number of Fatalities,Number of Injuries,Number of Major Injuries,Number of Minor Injuries,Number of Possible Injuries,Number of Unknown Injuries,Amount of Property Damage,Number of Vehicles Involved,Total Number of Occupants,Travel Direction,Location
20191115589,19-002980,05/29/2019,05-May,4-Wednesday,14:10,1400 Hours,District 1 (Central),ANKENY,POLK,77,NW 4TH ST AND NW STATE ST,Non-collision events:  Non-contact vehicle (phantom),On Roadway,Non-collision (single vehicle),Unknown,None Indicated,None apparent,Daylight,Wet,Cloudy,None apparent,Intersection:  Four-way intersection,Paved,N/A,Possible/Unknown,0,1,0,0,1,0,50,1,1,Northbound (NB),POINT (-93.621537260299 41.735460365413)
20191115560,19-02749,05/29/2019,05-May,4-Wednesday,06:50,0600 Hours,District 1 (Central),WEST DES MOINES,POLK,77,UNIVERSITY AVE AND 50TH ST AND NW 114TH ST,Collision with:  Vehicle in traffic,On Roadway,Rear-end (front to rear),Followed too close,None Indicated,None apparent,Daylight,Wet,Cloudy,None apparent,Intersection:  Four-way intersection,Paved,N/A,Possible/Unknown,0,1,0,0,1,0,3500,2,2,Northbound (NB),POINT (-93.771329910995 41.600436824396)
20191115786,2019-18963,05/30/2019,05-May,5-Thursday,05:14,0500 Hours,District 6 (East Central),,SCOTT,US 61,US 61,Collision with:  Animal,Unknown,N/A,Animal,None Indicated,N/A,N/A,N/A,N/A,N/A,N/A,Paved,N/A,Property Damage Only,0,0,0,0,0,0,6000,1,1,Northbound (NB),POINT (-90.565775709685 41.706019668312)
20191115834,19-7236,05/30/2019,05-May,5-Thursday,16:28,1600 Hours,District 3 (Northwest),,SAC,77,IRA AVE,Collision with fixed object:  Ditch,On Roadway,Non-collision (single vehicle),Lost Control,None Indicated,None apparent,Daylight,Gravel,Clear,"Slippery, loose, or worn surface",Non-intersection:  Non-junction/no special feature,Unpaved,N/A,Minor Injury,0,2,0,2,0,0,10000,1,2,Northbound (NB),POINT (-95.19002536742 42.515965362634)
20191116043,2019-44062,05/31/2019,05-May,6-Friday,16:41,1600 Hours,District 6 (East Central),DAVENPORT,SCOTT,77,E 53RD ST AND CORPORATE PARK DR,Collision with:  Vehicle in traffic,On Roadway,Broadside (front to side),FTYROW:  Making left turn,None Indicated,None apparent,Daylight,Dry,Cloudy,None apparent,Intersection:  Four-way intersection,Paved,N/A,Property Damage Only,0,0,0,0,0,0,10500,2,3,Westbound (WB),POINT (-90.517155575319 41.574892898022)
20191116537,19-5459,05/31/2019,05-May,6-Friday,14:24,1400 Hours,District 2 (Northeast),FOREST CITY,WINNEBAGO,77,S 6TH ST AND J ST,Collision with:  Vehicle in traffic,On Roadway,Head-on (front to front),Over correcting/over steering,None Indicated,None apparent,Daylight,Dry,Clear,None apparent,Intersection:  Four-way intersection,Paved,N/A,Property Damage Only,0,0,0,0,0,0,7500,2,2,Northbound (NB),POINT (-93.639567783846 43.263344621041)
20191116156,19024040,06/01/2019,06-June,7-Saturday,17:14,1700 Hours,District 1 (Central),MARSHALLTOWN,MARSHALL,77,200 BLOCK COLUMBUS DR,Other (explain in narrative),On Roadway,Other (explain in narrative),Unknown,None Indicated,None apparent,Daylight,Dry,Clear,None apparent,Non-intersection:  Non-junction/no special feature,Paved,N/A,Property Damage Only,0,0,0,0,0,0,3000,2,0,Southbound (SB),POINT (-92.916101601724 42.030013477315)
20191116264,19060045,06/02/2019,06-June,1-Sunday,01:20,0100 Hours,District 5 (Southeast),,WAPELLO,US 63,US 63,Collision with:  Animal,Unknown,N/A,Animal,None Indicated,N/A,N/A,N/A,N/A,N/A,N/A,Paved,N/A,Property Damage Only,0,0,0,0,0,0,3000,1,2,Northbound (NB),POINT (-92.397252487446 41.088828906408)
20191116462,19-02885,06/03/2019,06-June,2-Monday,16:05,1600 Hours,District 1 (Central),WEST DES MOINES,POLK,IA-28,800 1ST ST,Collision with:  Vehicle in traffic,On Roadway,Rear-end (front to rear),Other (explain in narrative):  Other,None Indicated,None apparent,Daylight,Wet,Rain,None apparent,Non-intersection:  Driveway access (within),Paved,N/A,Property Damage Only,0,0,0,0,0,0,1500,2,3,Northbound (NB),POINT (-93.703429618367 41.581164522155)
20191116430,C19002068,06/03/2019,06-June,2-Monday,10:15,1000 Hours,District 6 (East Central),CORALVILLE,JOHNSON,77,400 BLOCK 12TH AVE,Collision with:  Vehicle in traffic,On Roadway,Broadside (front to side),FTYROW:  From driveway,None Indicated,None apparent,Daylight,Dry,Clear,None apparent,"Non-intersection:  Driveway access (related, not in)",Paved,N/A,Property Damage Only,0,0,0,0,0,0,6500,2,2,Northbound (NB),POINT (-91.581158204651 41.675294733941)
20191116526,19-004168,06/04/2019,06-June,3-Tuesday,08:18,0800 Hours,District 1 (Central),,HAMILTON,IA-175,INTERSTATE 35/I 35,Collision with fixed object:  Guardrail - face,Shoulder,Non-collision (single vehicle),Ran off road - right,None Indicated,None apparent,Daylight,Dry,Cloudy,None apparent,Non-intersection:  Non-junction/no special feature,Paved,N/A,Property Damage Only,0,0,0,0,0,0,4500,1,2,Southbound (SB),POINT (-93.569381276126 42.31042277953)
20191116611,19092127,06/04/2019,06-June,3-Tuesday,14:25,1400 Hours,District 6 (East Central),TIFFIN,JOHNSON,US 218,INTERSTATE 80/I 80,Collision with:  Vehicle in traffic,On Roadway,Rear-end (front to rear),Followed too close,None Indicated,None apparent,Daylight,Dry,Clear,None apparent,Non-intersection:  Non-junction/no special feature,Unpaved,N/A,Property Damage Only,0,0,0,0,0,0,10000,2,2,Eastbound (EB),POINT (-91.638336942666 41.69434249186)
20191117023,2019-45572,06/05/2019,06-June,4-Wednesday,10:41,1000 Hours,District 6 (East Central),DAVENPORT,SCOTT,77,STATE 461/BRADY ST AND STATE 461/WELCOME WAY AND E 59TH ST AND W 59TH ST,Collision with:  Vehicle in traffic,On Roadway,Broadside (front to side),Ran Traffic Signal,None Indicated,None apparent,Daylight,Wet,Clear,None apparent,Intersection:  Four-way intersection,Paved,N/A,Possible/Unknown,0,3,0,0,3,0,20100,2,3,Southbound (SB),POINT (-90.571430507381 41.579943525973)
20191117093,20190016978,06/06/2019,06-June,5-Thursday,14:50,1400 Hours,District 1 (Central),DES MOINES,POLK,77,INGERSOLL AVE MEASURING 174 FEET EAST FROM INGERSOLL AVE AND CRESENT DR,Collision with:  Vehicle in traffic,On Roadway,Rear-end (front to rear),Followed too close,None Indicated,None apparent,Daylight,Dry,Cloudy,None apparent,Non-intersection:  Non-junction/no special feature,Paved,N/A,Possible/Unknown,0,2,0,0,2,0,300,2,4,Southbound (SB),POINT (-93.660498934208 41.586265065978)
20191117053,2019-19873,06/06/2019,06-June,5-Thursday,13:48,1300 Hours,District 6 (East Central),,SCOTT,77,Y040/60 AVE,Collision with:  Vehicle in traffic,On Roadway,Broadside (front to side),Ran Stop Sign,None Indicated,None apparent,Daylight,Dry,Cloudy,None apparent,Intersection:  Four-way intersection,Paved,N/A,Property Damage Only,0,0,0,0,0,0,14000,2,3,Northbound (NB),POINT (-90.782777547619 41.668317940886)
20191117427,19-01418,06/07/2019,06-June,6-Friday,13:12,1300 Hours,District 1 (Central),URBANDALE,POLK,77,8500 DOUGLAS AVE,Collision with:  Vehicle in traffic,On Roadway,Rear-end (front to rear),Followed too close,None Indicated,None apparent,Daylight,Dry,Clear,None apparent,Intersection:  Four-way intersection,Paved,N/A,Possible/Unknown,0,2,0,0,2,0,2000,2,3,Northbound (NB),POINT (-93.736425855359 41.629227491444)
20191117633,19127,06/07/2019,06-June,6-Friday,15:40,1500 Hours,District 5 (Southeast),PELLA,MARION,77,MAIN ST AND FRANKLIN ST,Collision with:  Vehicle in traffic,On Roadway,Rear to side,FTYROW:  From parked position,None Indicated,None apparent,Daylight,Dry,Clear,None apparent,Non-intersection:  Non-junction/no special feature,Paved,N/A,Property Damage Only,0,0,0,0,0,0,6500,2,3,Southbound (SB),POINT (-92.91646570418 41.406712741852)
20191117401,CLP19001886,06/08/2019,06-June,7-Saturday,13:42,1300 Hours,District 6 (East Central),CLINTON,CLINTON,77,S 8TH ST,Collision with:  Vehicle in traffic,On Roadway,"Sideswipe, same direction",Driver Distraction:  Other interior distraction,None Indicated,None apparent,Daylight,Dry,Clear,None apparent,Non-intersection:  Non-junction/no special feature,Paved,N/A,Property Damage Only,0,0,0,0,0,0,3000,2,2,Northbound (NB),POINT (-90.204035397966 41.833806258764)
20191118214,2019015666,06/08/2019,06-June,7-Saturday,21:17,2100 Hours,District 4 (Southwest),,CASS,I-80,I80 EB MM53,Collision with:  Animal,On Roadway,Non-collision (single vehicle),Animal,None Indicated,Animal in roadway,Dark - roadway lighted,Dry,Clear,None apparent,Non-intersection:  Non-junction/no special feature,Paved,N/A,Property Damage Only,0,0,0,0,0,0,7500,1,4,Southbound (SB),POINT (-95.091312900073 41.497977459564)
20191117443,19003084,06/09/2019,06-June,1-Sunday,03:30,0300 Hours,District 4 (Southwest),,ADAIR,77,P021/PINEWOOD AVE,Collision with fixed object:  Embankment,Roadside,Non-collision (single vehicle),Ran off road - right,None Indicated,None apparent,Dark - roadway not lighted,Dry,Clear,None apparent,Non-intersection:  Non-junction/no special feature,Unpaved,N/A,Minor Injury,0,1,0,1,0,0,3000,1,1,Northbound (NB),POINT (-94.414247625494 41.247474700172)
20191119715,19-15391,06/10/2019,06-June,2-Monday,13:23,1300 Hours,District 6 (East Central),DAVENPORT,SCOTT,77,VICTORIA AVE AND E 53RD ST,Collision with:  Vehicle in traffic,On Roadway,Broadside (front to side),FTYROW:  From stop sign,None Indicated,None apparent,Daylight,Dry,Clear,None apparent,Intersection:  T-intersection,Paved,N/A,Property Damage Only,0,0,0,0,0,0,2800,2,2,Northbound (NB),POINT (-90.51149191754 41.574959516582)
20191117758,20190017471,06/10/2019,06-June,2-Monday,17:02,1700 Hours,District 1 (Central),DES MOINES,POLK,77,STATE 163/E UNIVERSITY AVE AND E 33RD ST,Collision with:  Vehicle in traffic,On Roadway,Broadside (front to side),Ran Traffic Signal,None Indicated,None apparent,Daylight,Dry,Clear,None apparent,Intersection:  Four-way intersection,Paved,N/A,Possible/Unknown,0,1,0,0,1,0,8587,2,3,Northbound (NB),POINT (-93.551457581131 41.60054883053)
20191117968,201909274,06/11/2019,06-June,3-Tuesday,09:05,0900 Hours,District 6 (East Central),CEDAR RAPIDS,LINN,77,DIAGONAL DR SW AND 2ND ST SW,Collision with:  Vehicle in traffic,On Roadway,Broadside (front to side),FTYROW:  From stop sign,None Indicated,None apparent,Daylight,Dry,Cloudy,None apparent,Intersection:  Four-way intersection,Paved,N/A,Property Damage Only,0,0,0,0,0,0,12500,2,2,Northbound (NB),POINT (-91.670965181208 41.970724570019)
20191118279,W19-046638,06/12/2019,06-June,4-Wednesday,14:05,1400 Hours,District 2 (Northeast),WATERLOO,BLACK HAWK,77,W 3RD ST AND LOCUST ST,Collision with:  Vehicle in traffic,On Roadway,Broadside (front to side),FTYROW:  From stop sign,None Indicated,None apparent,Daylight,Dry,Clear,None apparent,Intersection:  Four-way intersection,Paved,N/A,Property Damage Only,0,0,0,0,0,0,1500,2,2,Northbound (NB),POINT (-92.350409963618 42.489890994889)
20191117988,W19-046511,06/12/2019,06-June,4-Wednesday,02:18,0200 Hours,District 2 (Northeast),WATERLOO,BLACK HAWK,77,600 BLK W MULLAN AVE,Miscellaneous events:  Hit and run,On Roadway,Rear-end (front to rear),Unknown,None Indicated,None apparent,Dark - roadway not lighted,Wet,Rain,None apparent,Non-intersection:  Non-junction/no special feature,Paved,N/A,Property Damage Only,0,0,0,0,0,0,5000,2,1,Northbound (NB),POINT (-92.349530022475 42.494956291858)
20191118293,19025993,06/13/2019,06-June,5-Thursday,12:11,1200 Hours,District 1 (Central),MARSHALLTOWN,MARSHALL,IA-14,STATE 14/S CENTER ST,Collision with:  Vehicle in traffic,On Roadway,Rear-end (front to rear),Followed too close,None Indicated,None apparent,Daylight,Dry,Clear,None apparent,Non-intersection:  Non-junction/no special feature,Paved,N/A,Property Damage Only,0,0,0,0,0,0,6000,2,2,Eastbound (EB),POINT (-92.91238281001 42.019779170178)
20191118918,19-005123,06/13/2019,06-June,5-Thursday,21:45,2100 Hours,District 5 (Southeast),,LUCAS,US 34,US 34,Collision with:  Animal,Unknown,N/A,Animal,None Indicated,N/A,N/A,N/A,N/A,N/A,N/A,Paved,N/A,Property Damage Only,0,0,0,0,0,0,2500,1,1,Southbound (SB),POINT (-93.394698118114 41.023420632792)
20191119430,19136,06/14/2019,06-June,6-Friday,17:02,1700 Hours,District 5 (Southeast),PELLA,MARION,77,900 BLOCK OF E 6TH ST,Collision with:  Vehicle in traffic,On Roadway,Rear to side,Driver Distraction:  Other interior distraction,None Indicated,None apparent,Daylight,Dry,Cloudy,None apparent,Non-intersection:  Non-junction/no special feature,Paved,N/A,Property Damage Only,0,0,0,0,0,0,7000,2,1,Northbound (NB),POINT (-92.907358219114 41.408615380165)
20191118524,FD19-1701,06/14/2019,06-June,6-Friday,14:12,1400 Hours,District 1 (Central),FORT DODGE,WEBSTER,77,217 S 25TH ST,Collision with:  Parked motor vehicle,In parking lane/zone,"Sideswipe, same direction",Driver Distraction:  Inattentive/lost in thought,None Indicated,None apparent,Daylight,Dry,Clear,None apparent,Non-intersection:  Non-junction/no special feature,Paved,N/A,Property Damage Only,0,0,0,0,0,0,3000,2,1,Southbound (SB),POINT (-94.159813604118 42.505252501268)
20191119314,2019016232,06/15/2019,06-June,7-Saturday,01:36,0100 Hours,District 4 (Southwest),,ADAIR,I-80,INTERSTATE 80/I 80 EB 74.5 MM,Collision with fixed object:  Cable barrier,Median,Non-collision (single vehicle),Ran off road - left,None Indicated,None apparent,Dark - roadway not lighted,Dry,Clear,None apparent,Non-intersection:  Non-junction/no special feature,Paved,N/A,Property Damage Only,0,0,0,0,0,0,11504,1,2,Westbound (WB),POINT (-94.67737857041 41.493565857152)
20191118794,20190018191,06/16/2019,06-June,1-Sunday,20:12,2000 Hours,District 1 (Central),DES MOINES,POLK,77,E 13TH ST MEASURING 196 FEET SOUTH FROM BUCHANAN ST AND E 13TH ST,Collision with:  Parked motor vehicle,On Roadway,"Sideswipe, opposite direction",Other (explain in narrative):  Other,None Indicated,None apparent,Daylight,Dry,Clear,None apparent,Non-intersection:  Alley,Paved,N/A,Property Damage Only,0,0,0,0,0,0,3000,2,1,Northbound (NB),POINT (-93.602369803776 41.59760918937)
20191120207,WSO1902172,06/17/2019,06-June,2-Monday,23:50,2300 Hours,District 2 (Northeast),,WINNESHIEK,77,CLAY HILL RD,Collision with fixed object:  Ditch,Shoulder,Non-collision (single vehicle),Ran off road - left,None Indicated,Animal in roadway,Dark - roadway not lighted,Dry,Clear,"Shoulders (none, low, soft, high)",Non-intersection:  Non-junction/no special feature,Unpaved,N/A,Property Damage Only,0,0,0,0,0,0,4000,1,1,Northbound (NB),POINT (-91.74827456197 43.322107569203)
20191120684,192025,06/17/2019,06-June,2-Monday,16:09,1600 Hours,District 2 (Northeast),HAMPTON,FRANKLIN,IA-3,STATE 3/CENTRAL AVE W,Collision with:  Vehicle in traffic,On Roadway,"Angle, oncoming left turn",FTYROW:  Making left turn,None Indicated,None apparent,Daylight,Wet,Cloudy,None apparent,"Non-intersection:  Driveway access (related, not in)",Paved,N/A,Property Damage Only,0,0,0,0,0,0,5000,2,2,Southbound (SB),POINT (-93.211548435568 42.741768758581)
20191119788,19026716,06/18/2019,06-June,3-Tuesday,11:55,1100 Hours,District 1 (Central),MARSHALLTOWN,MARSHALL,77,N CENTER ST,Collision with:  Vehicle in traffic,On Roadway,"Sideswipe, same direction",FTYROW:  From parked position,None Indicated,None apparent,Daylight,Dry,Clear,None apparent,Non-intersection:  Non-junction/no special feature,Paved,N/A,Property Damage Only,0,0,0,0,0,0,4000,2,2,Northbound (NB),POINT (-92.912958414511 42.049393348936)
20191120616,2019-50362,06/19/2019,06-June,4-Wednesday,17:10,1700 Hours,District 6 (East Central),DAVENPORT,SCOTT,77,GAINES ST,Collision with:  Vehicle in traffic,On Roadway,Rear-end (front to rear),Other (explain in narrative):  Other,None Indicated,None apparent,Daylight,Wet,Rain,None apparent,Intersection:  Four-way intersection,Paved,N/A,Property Damage Only,0,0,0,0,0,0,5000,2,2,Northbound (NB),POINT (-90.582958613473 41.522977952636)
20191119818,2019016557,06/19/2019,06-June,4-Wednesday,12:50,1200 Hours,District 1 (Central),,HAMILTON,I-35,INTERSTATE 35/SE LOOP HWY 20 TO INTERSTATE 35 NB RAMP\,Collision with fixed object:  Traffic sign support,On Roadway,Non-collision (single vehicle),Ran off road - left,None Indicated,None apparent,Daylight,Dry,Cloudy,None apparent,Non-intersection:  Non-junction/no special feature,Paved,N/A,Property Damage Only,0,0,0,0,0,0,7500,1,1,Northbound (NB),POINT (-93.567251752371 42.447397030352)
20191120079,2019016705,06/20/2019,06-June,5-Thursday,14:11,1400 Hours,District 6 (East Central),,CEDAR,77,FRONT ST AND BAKER AV SB,Collision with fixed object:  Ditch,On Roadway,Non-collision (single vehicle),Exceeded authorized speed,None Indicated,None apparent,Daylight,Dry,Clear,None apparent,Intersection:  T-intersection,Unpaved,N/A,Property Damage Only,0,0,0,0,0,0,2000,1,4,Southbound (SB),POINT (-91.34685615553 41.616356769671)
20191119704,S19-001640,06/20/2019,06-June,5-Thursday,05:45,0500 Hours,District 4 (Southwest),,POTTAWATTAMIE,US 6,WESTFAIR US 6,Collision with:  Animal,On Roadway,Non-collision (single vehicle),Animal,None Indicated,Animal in roadway,N/A,N/A,N/A,None apparent,Non-intersection:  Non-junction/no special feature,Paved,N/A,Property Damage Only,0,0,0,0,0,0,5000,1,1,Southbound (SB),POINT (-95.731952942458 41.282498161099)
20191119914,S19-49458,06/21/2019,06-June,6-Friday,13:30,1300 Hours,District 2 (Northeast),,BLACK HAWK,77,V043/S ELK RUN RD,Collision with fixed object:  Ditch,On Roadway,Non-collision (single vehicle),Ran off road - right,None Indicated,None apparent,Daylight,Dry,Clear,None apparent,Non-intersection:  Non-junction/no special feature,Paved,N/A,Property Damage Only,0,0,0,0,0,0,6000,1,1,Northbound (NB),POINT (-92.258851202188 42.497404687373)
20191119916,19-003493,06/22/2019,06-June,7-Saturday,13:45,1300 Hours,District 1 (Central),ANKENY,POLK,77,SE NATIONAL DR,Collision with:  Vehicle in traffic,On Roadway,Rear-end (front to rear),Followed too close,None Indicated,None apparent,Daylight,Dry,Cloudy,None apparent,Intersection:  Four-way intersection,Paved,N/A,Possible/Unknown,0,1,0,0,0,1,4643,3,7,Southbound (SB),POINT (-93.581614901974 41.704856245701)
20191120250,2019-51373,06/22/2019,06-June,7-Saturday,21:19,2100 Hours,District 6 (East Central),DAVENPORT,SCOTT,77,W LOCUST ST AND N DIVISION ST AND HICKORY GROVE RD,Collision with:  Vehicle in traffic,On Roadway,Broadside (front to side),Ran Traffic Signal,None Indicated,None apparent,Dark - roadway lighted,Dry,Clear,None apparent,Intersection:  Five points or more,Paved,N/A,Property Damage Only,0,0,0,0,0,0,4500,2,2,Southbound (SB),POINT (-90.601077564482 41.538254197697)
20191120559,20192729,06/23/2019,06-June,1-Sunday,04:15,0400 Hours,District 2 (Northeast),,GRUNDY,US 20,US 20  MM 216.5 EB,Collision with:  Animal,Unknown,N/A,Animal,None Indicated,N/A,N/A,N/A,N/A,N/A,N/A,Paved,N/A,Property Damage Only,0,0,0,0,0,0,6000,1,1,Southbound (SB),POINT (-92.614696212058 42.46221130505)
20191120051,2019016884,06/24/2019,06-June,2-Monday,05:15,0500 Hours,District 1 (Central),,WEBSTER,77,D20 / 1834 BUS 20,Collision with:  Animal,Unknown,N/A,Animal,None Indicated,N/A,N/A,N/A,N/A,N/A,N/A,Paved,N/A,Property Damage Only,0,0,0,0,0,0,4000,1,1,Northbound (NB),POINT (-94.235505247513 42.470563901882)
20191120607,19-003573,06/25/2019,06-June,3-Tuesday,17:40,1700 Hours,District 1 (Central),ANKENY,POLK,I-35,INTERSTATE 35/SE RAMP,Collision with:  Vehicle in traffic,On Roadway,Rear-end (front to rear),Driving too fast for conditions,Alcohol (Statutory),None apparent,Daylight,Dry,Clear,None apparent,Interchange-related:  Off-ramp,Paved,N/A,Property Damage Only,0,0,0,0,0,0,2800,2,4,Northbound (NB),POINT (-93.575082510433 41.701493451459)
20191120472,19-03320,06/25/2019,06-June,3-Tuesday,20:46,2000 Hours,District 1 (Central),WEST DES MOINES,POLK,77,WISTFUL VISTA DR AND PONDEROSA DR,Non-collision events:  Overturn/rollover,On Roadway,Broadside (front to side),Ran Stop Sign,Under Influence of Alcohol/Drugs/Medications,None apparent,Dusk,Dry,Clear,None apparent,Intersection:  Four-way intersection,Paved,N/A,Property Damage Only,0,0,0,0,0,0,8000,2,2,Northbound (NB),POINT (-93.782452528348 41.568539152468)
20191120830,W19-050930,06/26/2019,06-June,4-Wednesday,08:00,0800 Hours,District 2 (Northeast),WATERLOO,BLACK HAWK,77,500 BLK OF RIEHL ST,Collision with:  Vehicle in traffic,On Roadway,Head-on (front to front),Driver Distraction:  Other interior distraction,None Indicated,None apparent,Daylight,Dry,Clear,None apparent,Non-intersection:  Non-junction/no special feature,Paved,N/A,Property Damage Only,0,0,0,0,0,0,5500,3,1,Southbound (SB),POINT (-92.346200885795 42.513138113071)
20191120805,20190019558,06/27/2019,06-June,5-Thursday,16:48,1600 Hours,District 1 (Central),DES MOINES,POLK,77,E GRAND AVE AND E 17TH ST,Collision with:  Vehicle in traffic,On Roadway,Broadside (front to side),Unknown,None Indicated,None apparent,Daylight,Dry,Clear,None apparent,Non-intersection:  Non-junction/no special feature,Paved,N/A,Property Damage Only,0,0,0,0,0,0,6000,2,5,Southbound (SB),POINT (-93.589915118706 41.595043655509)
20191120817,19C02979,06/27/2019,06-June,5-Thursday,16:16,1600 Hours,District 4 (Southwest),CRESTON,UNION,77,W ADAMS ST,Collision with:  Vehicle in traffic,On Roadway,Rear-end (front to rear),Lost Control,None Indicated,None apparent,Daylight,Dry,Clear,None apparent,Intersection:  Four-way intersection,Paved,N/A,Minor Injury,0,1,0,1,0,0,1200,2,3,Southbound (SB),POINT (-94.372085141938 41.05730203078)
20191121178,19-01596,06/28/2019,06-June,6-Friday,17:20,1700 Hours,District 1 (Central),URBANDALE,POLK,77,MEREDITH DR AND 86TH ST,Collision with:  Vehicle in traffic,On Roadway,"Sideswipe, same direction",Improper or erratic lane changing,None Indicated,None apparent,Daylight,Dry,Cloudy,None apparent,Intersection:  Four-way intersection,Paved,N/A,Property Damage Only,0,0,0,0,0,0,6500,2,3,Eastbound (EB),POINT (-93.736580272163 41.643845108044)
20191121051,19009567,06/29/2019,06-June,7-Saturday,17:49,1700 Hours,District 3 (Northwest),,PLYMOUTH,77,LYNX AVE MEASURING 2260 FEET NORTH FROM C038/C38 AND LYNX AVE,Collision with fixed object:  Ditch,On Roadway,Non-collision (single vehicle),Ran off road - right,None Indicated,None apparent,Daylight,Dry,Clear,None apparent,Non-intersection:  Non-junction/no special feature,Unpaved,N/A,Minor Injury,0,2,0,2,0,0,3500,1,2,Northbound (NB),POINT (-96.175420326724 42.755922028595)
20191121573,2019017604,06/29/2019,06-June,7-Saturday,12:20,1200 Hours,District 4 (Southwest),,POTTAWATTAMIE,I-80,INTERSTATE 80 WB 46.6 MM,Non-collision events:  Overturn/rollover,Roadside,Non-collision (single vehicle),Driver Distraction:  Reaching for object(s)/fallen object(s),None Indicated,None apparent,Daylight,Dry,Clear,None apparent,Non-intersection:  Non-junction/no special feature,Paved,N/A,Possible/Unknown,0,1,0,0,1,0,7000,1,2,Southbound (SB),POINT (-95.209649986473 41.497240981427)
20191121311,19-009542,06/30/2019,06-June,1-Sunday,23:59,2300 Hours,District 3 (Northwest),LE MARS,PLYMOUTH,US 75,C038/C38 AND US 75 MEASURING 148 FEET NORTH FROM US 75,Collision with:  Animal,On Roadway,Non-collision (single vehicle),Animal,None Indicated,Animal in roadway,N/A,N/A,N/A,None apparent,Non-intersection:  Non-junction/no special feature,Paved,N/A,Property Damage Only,0,0,0,0,0,0,7500,1,1,Northbound (NB),POINT (-96.211055907445 42.749875975969)
20191121477,2019-0190,07/01/2019,07-July,2-Monday,18:55,1800 Hours,District 1 (Central),,POLK,77,SE 60TH ST,Non-collision events:  Overturn/rollover,On Roadway,Non-collision (single vehicle),Lost Control,None Indicated,None apparent,Daylight,Dry,Clear,None apparent,Non-intersection:  Non-junction/no special feature,Paved,N/A,Possible/Unknown,0,1,0,0,1,0,5000,1,2,Northbound (NB),POINT (-93.492228682822 41.523462844837)
20191121590,18004708,07/02/2019,07-July,3-Tuesday,16:14,1600 Hours,District 3 (Northwest),,MONONA,77,145TH ST AND ELDER AVE,Collision with fixed object:  Ditch,On Roadway,Non-collision (single vehicle),Exceeded authorized speed,None Indicated,None apparent,Daylight,Dry,Clear,None apparent,Non-intersection:  Non-junction/no special feature,Unpaved,N/A,Property Damage Only,0,0,0,0,0,0,3000,1,2,Northbound (NB),POINT (-96.150545135684 42.149078748219)
20191121914,201910556,07/02/2019,07-July,3-Tuesday,13:19,1300 Hours,District 6 (East Central),CEDAR RAPIDS,LINN,I-380,INTERSTATE 380/I 380,Collision with:  Vehicle in traffic,On Roadway,"Sideswipe, same direction",Improper or erratic lane changing,None Indicated,None apparent,Daylight,Dry,Clear,None apparent,Non-intersection:  Non-junction/no special feature,Paved,N/A,Property Damage Only,0,0,0,0,0,0,3500,2,3,Northbound (NB),POINT (-91.671185856849 41.915373208261)
20191122007,19004396,07/03/2019,07-July,4-Wednesday,16:10,1600 Hours,District 3 (Northwest),SHELDON,OBRIEN,77,2ND AVE,Collision with fixed object:  Other post/pole/support (explain in narrative),Other (explain in narrative),Non-collision (single vehicle),Lost Control,None Indicated,None apparent,Daylight,Dry,Clear,None apparent,Unknown,Paved,N/A,Minor Injury,0,1,0,1,0,0,38100,1,1,Northbound (NB),POINT (-95.855579386505 43.182701313892)
20191122630,19-0001073,07/04/2019,07-July,5-Thursday,13:39,1300 Hours,District 2 (Northeast),MCGREGOR,CLAYTON,77,1ST ST PARKING LOT,Non-collision events:  Jackknife,In parking lane/zone,"Sideswipe, opposite direction",Over correcting/over steering,None Indicated,None apparent,Daylight,Dry,Cloudy,None apparent,Non-intersection:  Non-junction/no special feature,Paved,N/A,Property Damage Only,0,0,0,0,0,0,10100,2,2,Northbound (NB),POINT (-91.174488810303 43.023694215404)
20191122031,20190020480,07/05/2019,07-July,6-Friday,16:55,1600 Hours,District 1 (Central),DES MOINES,POLK,77,S UNION ST AND MCKINLEY AVE AND E MCKINLEY AVE,Collision with:  Vehicle in traffic,On Roadway,Rear-end (front to rear),Followed too close,None Indicated,None apparent,Daylight,Dry,Clear,None apparent,Intersection:  Four-way intersection,Paved,N/A,Property Damage Only,0,0,0,0,0,0,2500,2,2,Southbound (SB),POINT (-93.616086498751 41.540952755981)
20191121959,19-037850,07/05/2019,07-July,6-Friday,00:52,0000 Hours,District 3 (Northwest),STORM LAKE,BUENA VISTA,IA-7,612 W MILWAUKEE AVE,Non-collision events:  Overturn/rollover,Outside trafficway,Non-collision (single vehicle),"Operating vehicle in an reckless, erratic, careless, negligent manner",Alcohol (Statutory),None apparent,Dark - roadway lighted,Dry,Clear,None apparent,Non-intersection:  Non-junction/no special feature,Paved,N/A,Major Injury,0,1,1,0,0,0,7500,1,1,Southbound (SB),POINT (-95.205832684607 42.647461831932)
20191122755,2019-55685,07/06/2019,07-July,7-Saturday,01:54,0100 Hours,District 6 (East Central),DAVENPORT,SCOTT,US 67,US 67/W 2ND ST,Collision with:  Vehicle in traffic,On Roadway,Rear-end (front to rear),Followed too close,None Indicated,None apparent,Dark - roadway lighted,Dry,Clear,None apparent,Intersection:  Four-way intersection,Paved,N/A,Property Damage Only,0,0,0,0,0,0,9000,4,8,Northbound (NB),POINT (-90.582457458647 41.521310228686)