Iowa DOT Case Number,Law Enforcement Case Number,Date of Crash,Month of Crash,Day of Week,Time of Crash,Hour,DOT District,City Name,County Name,Route with System,Location Description,First Harmful Event,Location of First Harmful Event,Manner of Crash/Collision,Major Cause,Drug or Alcohol ,Environmental Conditions,Light Conditions,Surface Conditions,Weather Conditions,Roadway Contribution,Roadway Type,Roadway Surface,Work Zone,Crash Severity,Number of Fatalities,Number of Injuries,Number of Major Injuries,Number of Minor Injuries,Number of Possible Injuries,Number of Unknown Injuries,Amount of Property Damage,Number of Vehicles Involved,Total Number of Occupants,Travel Direction,Location
20191122455,2019-56211,07/07/2019,07-July,1-Sunday,19:09,1900 Hours,District 6 (East Central),DAVENPORT,SCOTT,77,W LOCUST ST,Other (explain in narrative),On Roadway,Non-collision (single vehicle),FTYROW:  Making left turn,None Indicated,None apparent,Daylight,Dry,Clear,None apparent,"Non-intersection:  Driveway access (related, not in)",Paved,N/A,Minor Injury,0,1,0,1,0,0,3000,2,3,Southbound (SB),POINT (-90.619540578329 41.538178755494)
20191122903,19-000934,07/08/2019,07-July,2-Monday,17:58,1700 Hours,District 1 (Central),,STORY,US 69,US 69,Collision with:  Vehicle in traffic,On Roadway,Rear-end (front to rear),Other (explain in narrative):  Other,None Indicated,None apparent,Daylight,Dry,Clear,None apparent,Intersection:  T-intersection,Paved,N/A,Property Damage Only,0,0,0,0,0,0,2000,2,2,Northbound (NB),POINT (-93.623183123918 42.066350994291)
20191122539,189-003388,07/08/2019,07-July,2-Monday,09:41,0900 Hours,District 1 (Central),AMES,STORY,77,POE AVE AND MORTENSON RD,Collision with:  Vehicle in traffic,On Roadway,"Angle, oncoming left turn",FTYROW:  Making left turn,None Indicated,None apparent,Daylight,Dry,Clear,None apparent,Intersection:  Four-way intersection,Paved,N/A,Property Damage Only,0,0,0,0,0,0,12000,2,2,Southbound (SB),POINT (-93.684617349419 42.01297946606)
20191122668,20190020948,07/09/2019,07-July,3-Tuesday,15:57,1500 Hours,District 1 (Central),DES MOINES,POLK,IA-163,MC CORMICK ST AND STATE 163/E UNIVERSITY AVE,Collision with:  Vehicle in traffic,On Roadway,Other (explain in narrative),Lost Control,None Indicated,None apparent,Daylight,Dry,Clear,None apparent,Intersection:  T-intersection,Paved,N/A,Property Damage Only,0,0,0,0,0,0,13000,4,6,Southbound (SB),POINT (-93.593879905976 41.600841921698)
20191122988,2019018657,07/10/2019,07-July,4-Wednesday,17:45,1700 Hours,District 6 (East Central),DUBUQUE,DUBUQUE,77,US 20/DODGE ST,Collision with:  Vehicle in traffic,On Roadway,Rear-end (front to rear),Followed too close,None Indicated,None apparent,Daylight,Dry,Clear,None apparent,Intersection:  Four-way intersection,Paved,N/A,Property Damage Only,0,0,0,0,0,0,8000,3,4,Northbound (NB),POINT (-90.706885281676 42.491957200249)
20191122954,2019018652,07/10/2019,07-July,4-Wednesday,16:30,1600 Hours,District 5 (Southeast),,WARREN,I-35,I-35 SB 54 MM,Collision with fixed object:  Cable barrier,Median,Non-collision (single vehicle),Ran off road - left,None Indicated,None apparent,Daylight,Dry,Clear,None apparent,Non-intersection:  Non-junction/no special feature,Paved,N/A,Property Damage Only,0,0,0,0,0,0,9610,1,1,Northbound (NB),POINT (-93.780133234591 41.322318664234)
20191123108,2019-005175,07/11/2019,07-July,5-Thursday,11:51,1100 Hours,District 6 (East Central),DUBUQUE,DUBUQUE,77,PENNSYLVANIA AVE MEASURING 121 FEET WEST FROM ALICIA ST AND PENNSYLVANIA AVE,Collision with:  Vehicle in traffic,On Roadway,Rear-end (front to rear),Lost Control,None Indicated,None apparent,Daylight,Dry,Clear,None apparent,Non-intersection:  Non-junction/no special feature,Paved,N/A,Property Damage Only,0,0,0,0,0,0,8500,2,2,Southbound (SB),POINT (-90.738081715249 42.501474646151)
20191123403,3036,07/12/2019,07-July,6-Friday,14:03,1400 Hours,District 4 (Southwest),AUDUBON,AUDUBON,77,TRACY ST AND NORTH ST,Collision with:  Vehicle in traffic,On Roadway,Broadside (front to side),FTYROW:  From yield sign,None Indicated,None apparent,Daylight,Dry,Clear,None apparent,Intersection:  Four-way intersection,Paved,N/A,Property Damage Only,0,0,0,0,0,0,5000,2,3,Northbound (NB),POINT (-94.933103898447 41.723418184628)
20191123489,S19-001815,07/12/2019,07-July,6-Friday,07:45,0700 Hours,District 4 (Southwest),,POTTAWATTAMIE,77,L035/WABASH AVE AND G066/PIONEER TRL,Collision with:  Vehicle in traffic,On Roadway,Rear-end (front to rear),Followed too close,None Indicated,None apparent,Daylight,Dry,Clear,None apparent,Non-intersection:  Non-junction/no special feature,Paved,N/A,Property Damage Only,0,0,0,0,0,0,16000,2,3,Northbound (NB),POINT (-95.791018486624 41.210199588366)
20191123336,20190021457,07/13/2019,07-July,7-Saturday,17:52,1700 Hours,District 1 (Central),DES MOINES,POLK,77,GRAND AVE MEASURING 92 FEET EAST FROM GRAND AVE AND 12TH ST,Collision with:  Vehicle in traffic,On Roadway,Rear-end (front to rear),Followed too close,None Indicated,None apparent,Daylight,Dry,Clear,None apparent,Non-intersection:  Non-junction/no special feature,Paved,N/A,Property Damage Only,0,0,0,0,0,0,5000,2,2,Westbound (WB),POINT (-93.632341393443 41.586261249444)
20191123458,19-000965,07/14/2019,07-July,1-Sunday,14:19,1400 Hours,District 1 (Central),,STORY,77,CAMERON SCHOOL RD AND 515TH AVE,Collision with:  Animal,Unknown,N/A,Animal,None Indicated,N/A,N/A,N/A,N/A,N/A,N/A,Paved,N/A,Property Damage Only,0,0,0,0,0,0,2500,1,2,Southbound (SB),POINT (-93.668012788198 42.070791192037)
20191123744,20190021597,07/15/2019,07-July,2-Monday,08:00,0800 Hours,District 1 (Central),DES MOINES,POLK,I-235,INTERSTATE 235/EB  60 WEST OF ON  RAMP 2ND AVE,Collision with:  Vehicle in traffic,On Roadway,"Sideswipe, same direction",Failure to signal intentions,None Indicated,None apparent,Daylight,Dry,Clear,None apparent,Non-intersection:  Non-junction/no special feature,Paved,N/A,Property Damage Only,0,0,0,0,0,0,1500,2,2,Westbound (WB),POINT (-93.620639130068 41.595764611216)
20191123736,2019-005288,07/15/2019,07-July,2-Monday,09:29,0900 Hours,District 6 (East Central),DUBUQUE,DUBUQUE,77,ROCKDALE RD MEASURING 50 FEET NORTH FROM MAQUOKETA ST AND ROCKDALE RD,Collision with:  Vehicle in traffic,On Roadway,"Sideswipe, same direction",FTYROW:  From parked position,None Indicated,None apparent,Daylight,Dry,Cloudy,None apparent,Non-intersection:  Non-junction/no special feature,Paved,N/A,Property Damage Only,0,0,0,0,0,0,2000,2,2,Northbound (NB),POINT (-90.678418243447 42.454948519583)
20191123897,20190021812,07/16/2019,07-July,3-Tuesday,16:36,1600 Hours,District 1 (Central),DES MOINES,POLK,77,S UNION ST AND BELL AVE,Collision with:  Vehicle in traffic,On Roadway,Broadside (front to side),Driver Distraction:  Inattentive/lost in thought,None Indicated,None apparent,Daylight,Dry,Clear,None apparent,Intersection:  T-intersection,Paved,N/A,Minor Injury,0,1,0,1,0,0,400,2,1,Northbound (NB),POINT (-93.616092206646 41.56175961134)
20191124130,19003525,07/17/2019,07-July,4-Wednesday,17:47,1700 Hours,District 1 (Central),AMES,STORY,77,S 16TH ST AND GOLDEN ASPEN DR,Collision with:  Vehicle in traffic,On Roadway,"Angle, oncoming left turn",FTYROW:  Making left turn,None Indicated,None apparent,Daylight,Dry,Clear,None apparent,Intersection:  Four-way intersection,Paved,N/A,Property Damage Only,0,0,0,0,0,0,9000,2,3,Southbound (SB),POINT (-93.616301176341 42.00838594977)
20191124121,19031480,07/17/2019,07-July,4-Wednesday,18:30,1800 Hours,District 1 (Central),MARSHALLTOWN,MARSHALL,77,N 3RD ST,Collision with:  Vehicle in traffic,Roadside,Broadside (front to side),FTYROW:  From stop sign,None Indicated,None apparent,Daylight,Dry,Clear,None apparent,Intersection:  Four-way intersection,Paved,N/A,Property Damage Only,0,0,0,0,0,0,5000,2,2,Northbound (NB),POINT (-92.917863418084 42.050270602986)
20191124335,2019019524,07/18/2019,07-July,5-Thursday,13:34,1300 Hours,District 4 (Southwest),,ADAIR,I-80,INTERSTATE 80 82.5MM WB,Collision with:  Vehicle in traffic,On Roadway,Rear-end (front to rear),Followed too close,None Indicated,None apparent,Daylight,Dry,Clear,Work Zone (roadway-related),Non-intersection:  Non-junction/no special feature,Paved,Yes,Property Damage Only,0,0,0,0,0,0,3000,2,2,Southbound (SB),POINT (-94.534133137949 41.496394836898)
20191125012,,07/19/2019,07-July,6-Friday,16:36,1600 Hours,District 3 (Northwest),SIOUX CITY,WOODBURY,77,OMAHA ST,Collision with:  Vehicle in traffic,On Roadway,Rear to side,Driver Distraction:  Other interior distraction,None Indicated,None apparent,Daylight,Dry,Clear,None apparent,Non-intersection:  Non-junction/no special feature,Paved,N/A,Property Damage Only,0,0,0,0,0,0,4000,2,2,Northbound (NB),POINT (-96.417660651467 42.502168949564)
20191124381,19-24813,07/19/2019,07-July,6-Friday,11:35,1100 Hours,District 5 (Southeast),BURLINGTON,DES MOINES,77,AGENCY ST AND US 61,Collision with:  Vehicle in traffic,On Roadway,Other (explain in narrative),Ran Traffic Signal,None Indicated,None apparent,Daylight,Dry,Clear,None apparent,Intersection:  Four-way intersection,Paved,N/A,Possible/Unknown,0,1,0,0,1,0,7000,2,3,Southbound (SB),POINT (-91.141444514342 40.814850146148)
20191125001,2019-25981,07/20/2019,07-July,7-Saturday,03:00,0300 Hours,District 6 (East Central),,SCOTT,US 61,129 MM HWY 61 NB,Collision with:  Animal,Unknown,N/A,Animal,None Indicated,N/A,N/A,N/A,N/A,N/A,N/A,Paved,N/A,Property Damage Only,0,0,0,0,0,0,4000,1,1,Northbound (NB),POINT (-90.567059279157 41.682819875549)
20191125102,19-25076,07/21/2019,07-July,1-Sunday,15:07,1500 Hours,District 5 (Southeast),,DES MOINES,77,WASHINGTON RD,Collision with:  Vehicle in traffic,On Roadway,Broadside (front to side),FTYROW:  From stop sign,None Indicated,None apparent,Daylight,Dry,Clear,None apparent,Intersection:  Four-way intersection,Paved,N/A,Property Damage Only,0,0,0,0,0,0,8000,2,4,Southbound (SB),POINT (-91.208202702392 40.83926392903)
20191125034,19008506,07/22/2019,07-July,2-Monday,18:25,1800 Hours,District 5 (Southeast),CENTERVILLE,APPANOOSE,77,STATE 2/E MAPLE ST AND STATE 2/W MAPLE ST AND S MAIN ST AND N MAIN ST,Collision with:  Vehicle in traffic,On Roadway,"Sideswipe, same direction",Other (explain in narrative):  Vision obstructed,None Indicated,None apparent,Daylight,Dry,Clear,None apparent,Intersection:  Four-way intersection,Paved,N/A,Property Damage Only,0,0,0,0,0,0,5000,2,2,Northbound (NB),POINT (-92.874195583589 40.732533102662)
20191125112,2019-005509,07/23/2019,07-July,3-Tuesday,16:00,1600 Hours,District 6 (East Central),DUBUQUE,DUBUQUE,US 20,US 20/DODGE ST,Collision with:  Vehicle in traffic,On Roadway,Rear-end (front to rear),Followed too close,None Indicated,None apparent,Daylight,Dry,Clear,None apparent,Non-intersection:  Non-junction/no special feature,Paved,N/A,Property Damage Only,0,0,0,0,0,0,3000,3,10,Southbound (SB),POINT (-90.735260932494 42.489604008816)
20191127644,2019019801,07/23/2019,07-July,3-Tuesday,09:20,0900 Hours,District 1 (Central),PLEASANT HILL,POLK,IA-163,HWY 163 WB AT NE 80TH ST,Collision with:  Vehicle in traffic,On Roadway,Broadside (front to side),Ran Traffic Signal,None Indicated,None apparent,Daylight,Dry,Clear,None apparent,Intersection:  Four-way intersection,Paved,N/A,Possible/Unknown,0,1,0,0,1,0,15000,2,3,Southbound (SB),POINT (-93.444082689143 41.600599396093)
20191125234,19-25485,07/24/2019,07-July,4-Wednesday,16:02,1600 Hours,District 5 (Southeast),BURLINGTON,DES MOINES,77,HAYES CT,Collision with:  Parked motor vehicle,On Roadway,"Sideswipe, same direction",FTYROW:  Other (explain in narrative),None Indicated,None apparent,Daylight,Dry,Clear,None apparent,Non-intersection:  Non-junction/no special feature,Paved,N/A,Property Damage Only,0,0,0,0,0,0,2250,2,1,Northbound (NB),POINT (-91.130985449252 40.810267301792)
20191125456,19-24419,07/25/2019,07-July,5-Thursday,19:12,1900 Hours,District 3 (Northwest),SIOUX CITY,WOODBURY,77,CASSELMAN ST,Collision with:  Parked motor vehicle,On Roadway,"Sideswipe, same direction",Driver Distraction:  Other interior distraction,None Indicated,None apparent,Daylight,Dry,Clear,None apparent,Non-intersection:  Non-junction/no special feature,Paved,N/A,Property Damage Only,0,0,0,0,0,0,2500,3,4,Northbound (NB),POINT (-96.443017109531 42.505425084792)
20191125395,19-03834,07/25/2019,07-July,5-Thursday,11:59,1100 Hours,District 1 (Central),WEST DES MOINES,POLK,77,5100 UNIVERSITY AVE,Collision with:  Vehicle in traffic,On Roadway,Rear-end (front to rear),Driver Distraction:  Exterior distraction,None Indicated,None apparent,Daylight,Dry,Cloudy,None apparent,Non-intersection:  Non-junction/no special feature,Paved,N/A,Property Damage Only,0,0,0,0,0,0,2500,2,2,Southbound (SB),POINT (-93.771701875506 41.600434328158)
20191125963,19-24447,07/26/2019,07-July,6-Friday,01:31,0100 Hours,District 3 (Northwest),SIOUX CITY,WOODBURY,77,PERRY ST,Collision with fixed object:  Embankment,Other (explain in narrative),Non-collision (single vehicle),Exceeded authorized speed,None Indicated,None apparent,Dark - roadway lighted,Dry,Clear,None apparent,Non-intersection:  Other non-intersection (explain in narrative),Paved,N/A,Minor Injury,0,2,0,1,0,1,5200,1,3,Northbound (NB),POINT (-96.414571583259 42.493490780084)
20191125772,W19-060953,07/27/2019,07-July,7-Saturday,21:25,2100 Hours,District 2 (Northeast),WATERLOO,BLACK HAWK,77,BALTIMORE ST AND WILLISTON AVE,Collision with:  Vehicle in traffic,On Roadway,Broadside (front to side),Ran Traffic Signal,None Indicated,None apparent,Dark - roadway lighted,Dry,Clear,None apparent,Intersection:  Four-way intersection,Paved,N/A,Property Damage Only,0,0,0,0,0,0,6500,2,2,Northbound (NB),POINT (-92.349972906283 42.483917639245)
20191126604,19-9162,07/27/2019,07-July,7-Saturday,09:17,0900 Hours,District 3 (Northwest),,SIOUX,US 75,US 75 MEASURING 3440 FEET NORTH FROM 300TH ST AND US 75,Collision with:  Vehicle in traffic,On Roadway,Rear-end (front to rear),Followed too close,None Indicated,None apparent,Daylight,Dry,Clear,None apparent,Non-intersection:  Non-junction/no special feature,Paved,N/A,Property Damage Only,0,0,0,0,0,0,7100,2,2,Northbound (NB),POINT (-96.177355773953 43.224154528442)
20191126005,2019020286,07/28/2019,07-July,1-Sunday,15:40,1500 Hours,District 1 (Central),,JASPER,I-80,156 MM 80 EB,Collision with:  Vehicle in traffic,On Roadway,Other (explain in narrative),Improper or erratic lane changing,None Indicated,None apparent,Daylight,Dry,Clear,None apparent,Non-intersection:  Non-junction/no special feature,Paved,N/A,Minor Injury,0,1,0,1,0,0,15000,3,4,Southbound (SB),POINT (-93.232671163342 41.695067775044)
20191126080,201912237,07/29/2019,07-July,2-Monday,13:38,1300 Hours,District 6 (East Central),CEDAR RAPIDS,LINN,77,EDGEWOOD RD NW AND 1ST AVE W AND EDGEWOOD RD SW,Collision with:  Vehicle in traffic,On Roadway,Rear-end (front to rear),Improper or erratic lane changing,None Indicated,None apparent,Daylight,Dry,Clear,None apparent,Non-intersection:  Non-junction/no special feature,Paved,N/A,Property Damage Only,0,0,0,0,0,0,10000,2,2,Northbound (NB),POINT (-91.716008958935 41.967580631515)
20191126075,19-006678,07/29/2019,07-July,2-Monday,21:54,2100 Hours,District 5 (Southeast),,LUCAS,77,48000-BLK S23,Collision with:  Animal,Unknown,N/A,Animal,None Indicated,N/A,N/A,N/A,N/A,N/A,N/A,Paved,N/A,Property Damage Only,0,0,0,0,0,0,1500,1,1,Northbound (NB),POINT (-93.36582687933 41.020705331771)
20191126784,CG1901197,07/30/2019,07-July,3-Tuesday,17:35,1700 Hours,District 2 (Northeast),,CERRO GORDO,77,S014/BALSAM AVE,Non-collision events:  Overturn/rollover,Shoulder,Non-collision (single vehicle),Driver Distraction:  Reaching for object(s)/fallen object(s),None Indicated,None apparent,Daylight,Dry,Clear,None apparent,Non-intersection:  Non-junction/no special feature,Paved,N/A,Possible/Unknown,0,1,0,0,1,0,12000,1,1,Northbound (NB),POINT (-93.477590904762 43.094449368186)
20191126434,201912363,07/31/2019,07-July,4-Wednesday,14:30,1400 Hours,District 6 (East Central),CEDAR RAPIDS,LINN,IA-922,STATE 922/WILLIAMS BLVD,Collision with:  Vehicle in traffic,On Roadway,Broadside (front to side),FTYROW:  Making left turn,None Indicated,None apparent,Daylight,Dry,Clear,None apparent,Intersection:  Four-way intersection,Paved,N/A,Property Damage Only,0,0,0,0,0,0,9500,2,2,Northbound (NB),POINT (-91.731251765814 41.949304818176)
20191126558,20190023782,08/01/2019,08-August,5-Thursday,13:42,1300 Hours,District 1 (Central),DES MOINES,POLK,77,E 30TH ST AND STATE 163/E UNIVERSITY AVE,Collision with:  Vehicle in traffic,On Roadway,"Sideswipe, same direction",Unknown,None Indicated,None apparent,Daylight,Dry,Cloudy,None apparent,Intersection:  Four-way intersection,Paved,N/A,Property Damage Only,0,0,0,0,0,0,6000,2,3,Northbound (NB),POINT (-93.558393313539 41.600524359983)
20191126542,20190023823,08/01/2019,08-August,5-Thursday,19:30,1900 Hours,District 1 (Central),DES MOINES,POLK,US 6,US 6/MERLE HAY RD MEASURING 846 FEET SOUTH FROM US 6/MERLE HAY RD,Collision with:  Vehicle in traffic,On Roadway,Broadside (front to side),FTYROW:  Making left turn,None Indicated,None apparent,Daylight,Dry,Clear,None apparent,"Non-intersection:  Driveway access (related, not in)",Paved,N/A,Minor Injury,0,2,0,1,1,0,11000,2,2,Southbound (SB),POINT (-93.697745087334 41.626991817833)
20191126664,19018804,08/02/2019,08-August,6-Friday,15:58,1500 Hours,District 6 (East Central),MARION,LINN,US 151,13 HY/151 HY,Collision with:  Vehicle in traffic,On Roadway,Rear-end (front to rear),Followed too close,None Indicated,None apparent,Daylight,Dry,Clear,None apparent,Intersection:  Four-way intersection,Paved,N/A,Property Damage Only,0,0,0,0,0,0,2000,2,3,Eastbound (EB),POINT (-91.55029651659 42.035811959236)
20191128334,193448,08/03/2019,08-August,7-Saturday,11:28,1100 Hours,District 3 (Northwest),,CRAWFORD,77,M AVE,Non-collision events:  Overturn/rollover,On Roadway,Non-collision (single vehicle),Ran off road - left,None Indicated,None apparent,Daylight,Gravel,Cloudy,None apparent,Non-intersection:  Non-junction/no special feature,Unpaved,N/A,Property Damage Only,0,0,0,0,0,0,5000,1,1,Southbound (SB),POINT (-95.322756500977 42.036742618139)
20191126813,20190024111,08/03/2019,08-August,7-Saturday,22:22,2200 Hours,District 1 (Central),DES MOINES,POLK,77,UNIVERSITY AVE AND 9TH ST,Collision with:  Vehicle in traffic,On Roadway,"Angle, oncoming left turn",FTYROW:  Making left turn,None Indicated,None apparent,Dark - roadway lighted,Dry,Clear,None apparent,Intersection:  Four-way intersection,Paved,N/A,Possible/Unknown,0,2,0,0,2,0,15000,2,3,Southbound (SB),POINT (-93.629363299511 41.600797263897)
20191127062,19-00418,08/04/2019,08-August,1-Sunday,11:13,1100 Hours,District 5 (Southeast),NORWALK,WARREN,77,LEWIS AVE MEASURING 172 FEET WEST FROM LEWIS AVE AND LANE AVE,Collision with:  Vehicle in traffic,On Roadway,Rear to rear,Illegally Parked/Unattended,None Indicated,None apparent,Daylight,Dry,Clear,None apparent,"Non-intersection:  Driveway access (related, not in)",Paved,N/A,Property Damage Only,0,0,0,0,0,0,2500,2,2,Southbound (SB),POINT (-93.682293802139 41.469510856057)
20191127535,WSO1902904,08/05/2019,08-August,2-Monday,19:30,1900 Hours,District 2 (Northeast),,WINNESHIEK,77,114TH AVE,Collision with:  Animal,Unknown,N/A,Animal,None Indicated,N/A,N/A,N/A,N/A,N/A,N/A,Unpaved,N/A,Property Damage Only,0,0,0,0,0,0,4500,1,1,Northbound (NB),POINT (-91.617124987031 43.205609263508)
20191127372,W19-063771,08/06/2019,08-August,3-Tuesday,12:11,1200 Hours,District 2 (Northeast),WATERLOO,BLACK HAWK,77,US 218 AND W 9TH ST,Collision with:  Vehicle in traffic,On Roadway,"Sideswipe, same direction",Driver Distraction:  Other interior distraction,None Indicated,None apparent,Daylight,Dry,Clear,None apparent,Non-intersection:  Non-junction/no special feature,Paved,N/A,Possible/Unknown,0,1,0,0,1,0,5500,2,4,Northbound (NB),POINT (-92.336893649545 42.489624465527)
20191127592,2019021172,08/06/2019,08-August,3-Tuesday,03:40,0300 Hours,District 5 (Southeast),,WASHINGTON,US 218,US 218 MEASURING 758 FEET SOUTH FROM US 218 AND W064/282ND ST,Collision with fixed object:  Ditch,On Roadway,Non-collision (single vehicle),Driving too fast for conditions,None Indicated,Weather conditions,Dark - roadway not lighted,Wet,Rain,"Surface condition (e.g., wet, icy)",Non-intersection:  Non-junction/no special feature,Paved,N/A,Property Damage Only,0,0,0,0,0,0,2000,1,1,Eastbound (EB),POINT (-91.537965484619 41.244824012852)
20191127469,19-04089,08/07/2019,08-August,4-Wednesday,21:00,2100 Hours,District 1 (Central),WEST DES MOINES,POLK,77,"S 51ST ST AND MILLS CIVIC PKWY, WEST DES MOINES",Collision with:  Vehicle in traffic,On Roadway,"Angle, oncoming left turn",Ran Traffic Signal,None Indicated,None apparent,Dark - roadway lighted,Dry,Clear,None apparent,Intersection:  Four-way intersection,Paved,N/A,Property Damage Only,0,0,0,0,0,0,2800,2,6,Northbound (NB),POINT (-93.772781999024 41.559191975717)
20191127682,19-013163,08/08/2019,08-August,5-Thursday,21:17,2100 Hours,District 4 (Southwest),COUNCIL BLUFFS,POTTAWATTAMIE,77,NEAR 3429 9TH AVE,Collision with:  Vehicle in traffic,On Roadway,Rear-end (front to rear),Followed too close,None Indicated,None apparent,Dark - roadway lighted,Dry,Clear,None apparent,Non-intersection:  Non-junction/no special feature,Paved,N/A,Property Damage Only,0,0,0,0,0,0,8000,2,2,Southbound (SB),POINT (-95.900863780676 41.253685374486)
20191127612,20190024619,08/08/2019,08-August,5-Thursday,09:17,0900 Hours,District 1 (Central),DES MOINES,POLK,77,19TH SREET AT  FOREST  AVENUE,Collision with:  Vehicle in traffic,On Roadway,Broadside (front to side),Ran Traffic Signal,None Indicated,None apparent,Daylight,Dry,Cloudy,None apparent,Intersection:  Four-way intersection,Paved,N/A,Property Damage Only,0,0,0,0,0,0,7500,2,5,Northbound (NB),POINT (-93.64266710812 41.604011301045)
20191142904,DPD1902980,08/09/2019,08-August,6-Friday,14:07,1400 Hours,District 2 (Northeast),DECORAH,WINNESHIEK,77,LEIF ERIKSON DR,Collision with:  Vehicle in traffic,On Roadway,Rear to side,FTYROW:  From driveway,None Indicated,None apparent,Daylight,Dry,Clear,None apparent,"Non-intersection:  Driveway access (related, not in)",Paved,N/A,Property Damage Only,0,0,0,0,0,0,3505,2,2,Westbound (WB),POINT (-91.798753986193 43.3095924531)
20191127950,201912902,08/10/2019,08-August,7-Saturday,10:11,1000 Hours,District 6 (East Central),CEDAR RAPIDS,LINN,77,11TH ST SW/15TH AVE SW,Collision with:  Vehicle in traffic,On Roadway,Broadside (front to side),Ran Stop Sign,None Indicated,None apparent,Daylight,Dry,Clear,None apparent,Intersection:  Other intersection (explain in narrative),Paved,N/A,Property Damage Only,0,0,0,0,0,0,8000,2,4,Northbound (NB),POINT (-91.683571158742 41.962809047919)
20191127981,2019021568,08/11/2019,08-August,1-Sunday,10:28,1000 Hours,District 5 (Southeast),,WARREN,I-35,"INTERSTATE 35/I 35, MM47 SB",Collision with fixed object:  Ditch,On Roadway,Non-collision (single vehicle),Driving too fast for conditions,None Indicated,Weather conditions,Daylight,Wet,Rain,None apparent,Non-intersection:  Non-junction/no special feature,Paved,N/A,Property Damage Only,0,0,0,0,0,0,5000,1,1,Eastbound (EB),POINT (-93.780959549007 41.230317467443)
20191128077,N19000738,08/11/2019,08-August,1-Sunday,13:41,1300 Hours,District 6 (East Central),NORTH LIBERTY,JOHNSON,77,ZELLER ST,Collision with:  Vehicle in traffic,On Roadway,Broadside (front to side),Ran Stop Sign,None Indicated,None apparent,Daylight,Dry,Cloudy,None apparent,Intersection:  Four-way intersection,Paved,N/A,Minor Injury,0,2,0,2,0,0,5000,2,4,Southbound (SB),POINT (-91.602092922223 41.744849718698)
20191128495,2019021691,08/12/2019,08-August,2-Monday,13:05,1300 Hours,District 6 (East Central),DAVENPORT,SCOTT,I-80,I-80 EB MM 295,Collision with:  Vehicle in traffic,On Roadway,Rear-end (front to rear),Followed too close,None Indicated,None apparent,Daylight,Wet,Rain,None apparent,Interchange-related:  On-ramp merge area,Paved,N/A,Property Damage Only,0,0,0,0,0,0,10000,2,3,Westbound (WB),POINT (-90.56917065335 41.596053115299)
20191128633,18-0800,08/13/2019,08-August,3-Tuesday,00:29,0000 Hours,District 1 (Central),PLEASANT HILL,POLK,77,4900BLK FAIRVIEW DR,Collision with:  Parked motor vehicle,On Roadway,"Sideswipe, opposite direction",Exceeded authorized speed,Alcohol (Statutory),None apparent,Dark - roadway lighted,Dry,Clear,None apparent,Non-intersection:  Other non-intersection (explain in narrative),Paved,N/A,Major Injury,0,1,1,0,0,0,20000,2,1,Southbound (SB),POINT (-93.516825187715 41.589937051571)
20191128574,19018303,08/14/2019,08-August,4-Wednesday,12:28,1200 Hours,District 5 (Southeast),KNOXVILLE,MARION,IA-14,STATE 14/LINCOLN ST,Collision with:  Thrown or falling object,Shoulder,Non-collision (single vehicle),Other (explain in narrative):  Other,None Indicated,None apparent,Daylight,Dry,Clear,None apparent,Non-intersection:  Non-junction/no special feature,Paved,N/A,Property Damage Only,0,0,0,0,0,0,1500,1,3,Northbound (NB),POINT (-93.109490350151 41.30305761039)
20191128666,19-6039,08/15/2019,08-August,5-Thursday,17:29,1700 Hours,District 1 (Central),GRIMES,POLK,IA-44,STATE 44/1ST ST,Collision with:  Vehicle in traffic,On Roadway,Rear-end (front to rear),Followed too close,None Indicated,None apparent,Daylight,Dry,Clear,None apparent,Non-intersection:  Non-junction/no special feature,Paved,N/A,Property Damage Only,0,0,0,0,0,0,5000,2,2,Southbound (SB),POINT (-93.795678686584 41.688369561336)
20191130208,NT-19-065,08/15/2019,08-August,5-Thursday,17:20,1700 Hours,District 1 (Central),NEVADA,STORY,77,N AVE AND 10TH ST,Collision with:  Vehicle in traffic,On Roadway,Broadside (front to side),Ran Stop Sign,None Indicated,None apparent,Daylight,Dry,Clear,None apparent,Intersection:  Four-way intersection,Paved,N/A,Property Damage Only,0,0,0,0,0,0,6500,2,2,Southbound (SB),POINT (-93.446828815611 42.024743177954)
20191130760,19-007216,08/16/2019,08-August,6-Friday,15:59,1500 Hours,District 3 (Northwest),,PALO ALTO,IA-4,4800-BLK 460TH AVE,Collision with:  Vehicle in traffic,On Roadway,Rear-end (front to rear),"Operating vehicle in an reckless, erratic, careless, negligent manner",None Indicated,None apparent,Daylight,Dry,Clear,None apparent,Non-intersection:  Non-junction/no special feature,Paved,N/A,Property Damage Only,0,0,0,0,0,0,9000,2,2,Northbound (NB),POINT (-94.678511847243 42.951376152938)
20191128906,19-1474,08/17/2019,08-August,7-Saturday,23:25,2300 Hours,District 1 (Central),,GREENE,77,NEOLA AVE,Other (explain in narrative),Shoulder,Non-collision (single vehicle),Ran off road - left,None Indicated,Animal in roadway,Dark - roadway not lighted,Dry,Clear,None apparent,Non-intersection:  Non-junction/no special feature,Unpaved,N/A,Property Damage Only,0,0,0,0,0,0,7000,1,1,Northbound (NB),POINT (-94.367501909511 41.9912036671)
20191129222,19-04300,08/18/2019,08-August,1-Sunday,17:41,1700 Hours,District 1 (Central),WEST DES MOINES,POLK,77,2100 KINGMAN AVE,Collision with fixed object:  Curb/island/raised median,Other (explain in narrative),Non-collision (single vehicle),Driver Distraction:  Manual operation of an electronic communication device,None Indicated,None apparent,Daylight,Dry,Clear,None apparent,Non-intersection:  Non-junction/no special feature,Paved,N/A,Property Damage Only,0,0,0,0,0,0,4700,1,1,Southbound (SB),POINT (-93.734638639135 41.595516012626)