Iowa DOT Case Number,Law Enforcement Case Number,Date of Crash,Month of Crash,Day of Week,Time of Crash,Hour,DOT District,City Name,County Name,Route with System,Location Description,First Harmful Event,Location of First Harmful Event,Manner of Crash/Collision,Major Cause,Drug or Alcohol ,Environmental Conditions,Light Conditions,Surface Conditions,Weather Conditions,Roadway Contribution,Roadway Type,Roadway Surface,Work Zone,Crash Severity,Number of Fatalities,Number of Injuries,Number of Major Injuries,Number of Minor Injuries,Number of Possible Injuries,Number of Unknown Injuries,Amount of Property Damage,Number of Vehicles Involved,Total Number of Occupants,Travel Direction,Location
20191129491,CFS195849,08/19/2019,08-August,2-Monday,10:47,1000 Hours,District 3 (Northwest),,CALHOUN,IA-175,STATE 175/360TH ST,Collision with:  Vehicle in traffic,On Roadway,Rear-end (front to rear),Followed too close,None Indicated,None apparent,Daylight,Dry,Clear,None apparent,Non-intersection:  Non-junction/no special feature,Paved,N/A,Property Damage Only,0,0,0,0,0,0,6000,2,2,Southbound (SB),POINT (-94.670960619744 42.267401893652)
20191129634,201913393,08/19/2019,08-August,2-Monday,07:11,0700 Hours,District 6 (East Central),HIAWATHA,LINN,I-380,INTERSTATE 380/NW RAMP FROM I-380 SB,Collision with:  Vehicle in traffic,On Roadway,Rear-end (front to rear),Other (explain in narrative):  Other,None Indicated,None apparent,Daylight,Dry,Cloudy,None apparent,Intersection:  Four-way intersection,Paved,N/A,Possible/Unknown,0,1,0,0,1,0,9000,2,2,Eastbound (EB),POINT (-91.676842966808 42.034810021451)
20191129777,19032672,08/20/2019,08-August,3-Tuesday,13:17,1300 Hours,District 5 (Southeast),MUSCATINE,MUSCATINE,77,500 BLOCK OF MULBERRY,Collision with:  Vehicle in traffic,On Roadway,Broadside (front to side),FTYROW:  Other (explain in narrative),None Indicated,None apparent,Daylight,Dry,Clear,None apparent,Non-intersection:  Non-junction/no special feature,Paved,N/A,Property Damage Only,0,0,0,0,0,0,13500,2,3,Southbound (SB),POINT (-91.04417691796 41.426442934358)
20191130414,19004116,08/20/2019,08-August,3-Tuesday,15:40,1500 Hours,District 1 (Central),AMES,STORY,US 69,US 69/S DUFF AVE,Collision with:  Vehicle in traffic,On Roadway,Other (explain in narrative),Made improper turn,None Indicated,None apparent,Daylight,Dry,Clear,None apparent,Non-intersection:  Non-junction/no special feature,Paved,N/A,Property Damage Only,0,0,0,0,0,0,6000,2,4,Northbound (NB),POINT (-93.610360085564 42.022323868032)
20191130238,DPD1903128,08/21/2019,08-August,4-Wednesday,13:08,1300 Hours,District 2 (Northeast),DECORAH,WINNESHIEK,IA-9,STATE 9/IOWA 9,Collision with:  Vehicle in traffic,On Roadway,"Sideswipe, same direction",FTYROW:  Making right turn on red signal,None Indicated,None apparent,Daylight,Dry,Clear,None apparent,Intersection:  Four-way intersection,Paved,N/A,Property Damage Only,0,0,0,0,0,0,3516,2,3,Southbound (SB),POINT (-91.755559517141 43.288456294772)
20191129697,20190026343,08/22/2019,08-August,5-Thursday,07:33,0700 Hours,District 1 (Central),DES MOINES,POLK,I-235,INTERSTATE 235/2ND AVE NE EXIT RAMP MEASURING 145 FEET WEST FROM W RIVER DR,Collision with:  Vehicle in traffic,On Roadway,"Sideswipe, same direction",Unknown,None Indicated,None apparent,Daylight,Dry,Clear,None apparent,"Interchange-related:  Off-ramp, diverge area",Paved,N/A,Property Damage Only,0,0,0,0,0,0,5000,2,2,Westbound (WB),POINT (-93.618526898883 41.595721951002)
20191130138,2019-006325,08/23/2019,08-August,6-Friday,14:14,1400 Hours,District 6 (East Central),DUBUQUE,DUBUQUE,77,CHANEY RD AND ST ANNE DR,Collision with:  Vehicle in traffic,On Roadway,Broadside (front to side),FTYROW:  From stop sign,None Indicated,None apparent,Daylight,Dry,Clear,None apparent,Intersection:  Four-way intersection,Paved,N/A,Property Damage Only,0,0,0,0,0,0,9000,2,2,Southbound (SB),POINT (-90.708186150903 42.503978217686)
20191130691,2019-70441,08/23/2019,08-August,6-Friday,11:48,1100 Hours,District 6 (East Central),DAVENPORT,SCOTT,77,E 58TH ST AND UTICA RIDGE RD,Collision with:  Vehicle in traffic,On Roadway,Rear-end (front to rear),Followed too close,None Indicated,None apparent,Daylight,Dry,Clear,None apparent,Intersection:  Four-way intersection,Paved,N/A,Property Damage Only,0,0,0,0,0,0,2000,2,2,Southbound (SB),POINT (-90.512173585228 41.580008802177)
20191131306,19004203,08/24/2019,08-August,7-Saturday,17:16,1700 Hours,District 1 (Central),AMES,STORY,77,GREENSBORO DR AND STANGE RD,Collision with:  Vehicle in traffic,On Roadway,Rear-end (front to rear),Followed too close,None Indicated,None apparent,Daylight,Dry,Clear,None apparent,Intersection:  Four-way intersection,Paved,N/A,Property Damage Only,0,0,0,0,0,0,3500,2,2,Southbound (SB),POINT (-93.644844855236 42.043796079191)
20191130298,19080792,08/25/2019,08-August,1-Sunday,13:00,1300 Hours,District 5 (Southeast),,WAPELLO,77,73RD ST,Non-collision events:  Overturn/rollover,Outside trafficway,Non-collision (single vehicle),Ran off road - right,None Indicated,None apparent,Daylight,Dry,Cloudy,None apparent,Non-intersection:  Non-junction/no special feature,Paved,N/A,Property Damage Only,0,0,0,0,0,0,2000,1,1,Southbound (SB),POINT (-92.340369420025 40.997751804908)
20191130347,C19003432,08/26/2019,08-August,2-Monday,10:55,1000 Hours,District 6 (East Central),CORALVILLE,JOHNSON,US 6,10 BLOCK 2ND ST,Other (explain in narrative),On Roadway,Rear-end (front to rear),Lost Control,None Indicated,None apparent,Daylight,Dry,Cloudy,None apparent,Intersection:  Four-way intersection,Paved,N/A,Possible/Unknown,0,2,0,0,2,0,9550,4,5,Southbound (SB),POINT (-91.563930744425 41.668280558467)
20191130318,19-001165,08/26/2019,08-August,2-Monday,07:53,0700 Hours,District 1 (Central),,STORY,I-35,INTERSTATE 35/I 35 AT 123 MILE MARKER,Collision with:  Vehicle in traffic,On Roadway,"Sideswipe, same direction",Unknown,None Indicated,None apparent,Daylight,Dry,Cloudy,None apparent,Non-intersection:  Non-junction/no special feature,Paved,N/A,Property Damage Only,0,0,0,0,0,0,9000,2,3,Northbound (NB),POINT (-93.570675285818 42.166019163378)
20191130385,2019-006414,08/27/2019,08-August,3-Tuesday,07:45,0700 Hours,District 6 (East Central),DUBUQUE,DUBUQUE,77,ALGONA ST N AND LORAS BLVD,Collision with:  Vehicle in traffic,On Roadway,"Angle, oncoming left turn",FTYROW:  Making left turn,None Indicated,Glare,Daylight,Dry,Clear,None apparent,Intersection:  Four-way intersection,Paved,N/A,Property Damage Only,0,0,0,0,0,0,10000,2,4,Southbound (SB),POINT (-90.691565320294 42.499574103361)
20191136329,2019023397,08/28/2019,08-August,4-Wednesday,18:40,1800 Hours,District 1 (Central),URBANDALE,POLK,I-80,INTERSTATE 35 WB 127.9MM,Collision with:  Vehicle in traffic,On Roadway,"Sideswipe, same direction",FTYROW:  Other (explain in narrative),None Indicated,None apparent,Daylight,Dry,Clear,None apparent,Interchange-related:  On-ramp merge area,Paved,N/A,Property Damage Only,0,0,0,0,0,0,11000,3,4,Southbound (SB),POINT (-93.765716150138 41.651346792841)
20191130610,20190027058,08/28/2019,08-August,4-Wednesday,11:06,1100 Hours,District 1 (Central),DES MOINES,POLK,77,38TH ST 150 FT SOUTH OF AMICK,Collision with:  Vehicle in traffic,On Roadway,Head-on (front to front),Passing:  With insufficient distance/inadequate visibility,None Indicated,None apparent,Daylight,Dry,Clear,None apparent,Non-intersection:  Non-junction/no special feature,Paved,N/A,Possible/Unknown,0,1,0,0,1,0,20000,2,2,Northbound (NB),POINT (-93.668360428128 41.626121590329)
20191133610,201914023,08/29/2019,08-August,5-Thursday,14:16,1400 Hours,District 6 (East Central),CEDAR RAPIDS,LINN,77,31ST AVE SW AND WILEY BLVD SW,Collision with:  Vehicle in traffic,On Roadway,"Angle, oncoming left turn",Ran Traffic Signal,None Indicated,None apparent,Daylight,Dry,Clear,None apparent,Intersection:  Four-way intersection,Paved,N/A,Property Damage Only,0,0,0,0,0,0,3500,2,3,Northbound (NB),POINT (-91.721036557391 41.947309104674)
20191130902,19-28678,08/29/2019,08-August,5-Thursday,15:22,1500 Hours,District 3 (Northwest),SIOUX CITY,WOODBURY,77,OUTER DR N AND INDIAN HILLS DR,Collision with:  Vehicle in traffic,On Roadway,"Angle, oncoming left turn",FTYROW:  Making left turn,None Indicated,None apparent,Daylight,Dry,Clear,None apparent,Intersection:  Four-way intersection,Paved,N/A,Property Damage Only,0,0,0,0,0,0,20000,2,2,Southbound (SB),POINT (-96.374476718755 42.536811664887)
20191131078,19-008065,08/30/2019,08-August,6-Friday,19:10,1900 Hours,District 2 (Northeast),,CLAYTON,77,X056/GREAT RIVER RD,Collision with:  Animal,Unknown,N/A,Animal,None Indicated,N/A,N/A,N/A,N/A,N/A,N/A,Paved,N/A,Property Damage Only,0,0,0,0,0,0,15000,1,2,Northbound (NB),POINT (-91.120611051276 42.841167235249)
20191131087,19-005851,08/31/2019,08-August,7-Saturday,23:55,2300 Hours,District 3 (Northwest),,OBRIEN,77,N MCCORMICK AVE and 380TH ST,Collision with fixed object:  Ditch,Outside trafficway,Other (explain in narrative),Ran off road - straight,Alcohol (Statutory),None apparent,Dark - roadway not lighted,Dry,Cloudy,None apparent,Non-intersection:  Other non-intersection (explain in narrative),Paved,N/A,Property Damage Only,0,0,0,0,0,0,6000,2,1,Northbound (NB),POINT (-95.629256223145 43.099015434389)
20191131369,19-29031,09/01/2019,09-September,1-Sunday,08:53,0800 Hours,District 3 (Northwest),SIOUX CITY,WOODBURY,77,2215 S PAXTON ST,Miscellaneous events:  Hit and run,On Roadway,"Sideswipe, same direction",Unknown,None Indicated,None apparent,Daylight,Dry,Clear,None apparent,Non-intersection:  Non-junction/no special feature,Paved,N/A,Property Damage Only,0,0,0,0,0,0,4000,2,1,Northbound (NB),POINT (-96.365811139231 42.467534014282)
20191131436,193998,09/02/2019,09-September,2-Monday,11:58,1100 Hours,District 3 (Northwest),,CARROLL,77,E016 / C AVE and M064 / ASPEN AVE and E016 / 120TH ST,Collision with:  Vehicle in traffic,On Roadway,Head-on (front to front),Ran Stop Sign,None Indicated,None apparent,Daylight,Dry,Clear,None apparent,Intersection:  Four-way intersection,Paved,N/A,Possible/Unknown,0,2,0,0,2,0,30000,2,4,Southbound (SB),POINT (-95.091132124902 42.181654100601)
20191133023,201914290,09/03/2019,09-September,3-Tuesday,17:19,1700 Hours,District 6 (East Central),CEDAR RAPIDS,LINN,IA-100,I380 NORTH RAMP/COLLINS RD NE EXIT,Collision with:  Vehicle in traffic,On Roadway,Broadside (front to side),Ran Traffic Signal,None Indicated,Glare,Daylight,Dry,Clear,None apparent,Intersection:  Four-way intersection,Paved,N/A,Minor Injury,0,2,0,2,0,0,5000,2,2,Southbound (SB),POINT (-91.671902836413 42.027800044302)
20191131606,2019023946,09/03/2019,09-September,3-Tuesday,13:55,1300 Hours,District 3 (Northwest),,OBRIEN,US 18,US 18/320TH ST,Collision with:  Vehicle in traffic,On Roadway,Rear-end (front to rear),Followed too close,None Indicated,None apparent,Daylight,Dry,Clear,None apparent,Non-intersection:  Non-junction/no special feature,Paved,N/A,Property Damage Only,0,0,0,0,0,0,5200,2,3,Southbound (SB),POINT (-95.588229830844 43.185572844138)
20191131654,19-014283,09/04/2019,09-September,4-Wednesday,15:00,1500 Hours,District 4 (Southwest),COUNCIL BLUFFS,POTTAWATTAMIE,77,AVE D,Collision with:  Vehicle in traffic,On Roadway,Broadside (front to side),Lost Control,None Indicated,None apparent,Daylight,Dry,Clear,None apparent,Non-intersection:  Non-junction/no special feature,Paved,N/A,Minor Injury,0,2,0,2,0,0,4000,2,1,Southbound (SB),POINT (-95.882294365875 41.265355991036)
20191132178,2019024042,09/04/2019,09-September,4-Wednesday,15:01,1500 Hours,District 6 (East Central),DE WITT,CLINTON,77,E 11TH ST AND HIGHSCHOOL DRIVE,Collision with:  Vehicle in traffic,On Roadway,"Sideswipe, same direction",Improper or erratic lane changing,None Indicated,None apparent,Daylight,Dry,Clear,None apparent,Non-intersection:  Non-junction/no special feature,Paved,N/A,Property Damage Only,0,0,0,0,0,0,5500,2,2,Southbound (SB),POINT (-90.524383053582 41.826464756514)
20191132020,19-001340,09/05/2019,09-September,5-Thursday,15:30,1500 Hours,District 1 (Central),JOHNSTON,POLK,77,NW 86TH ST AND NW 62ND AVE,Collision with:  Vehicle in traffic,On Roadway,Broadside (front to side),Ran Traffic Signal,None Indicated,None apparent,Daylight,Dry,Clear,None apparent,Intersection:  Four-way intersection,Paved,N/A,Property Damage Only,0,0,0,0,0,0,4000,2,2,Southbound (SB),POINT (-93.736479802785 41.672974768582)
20191132597,19-001564BP,09/06/2019,09-September,6-Friday,12:53,1200 Hours,District 1 (Central),BELLE PLAINE,BENTON,IA-21,STATE 21/13TH ST,Collision with:  Vehicle in traffic,On Roadway,"Sideswipe, same direction",Ran off road - right,None Indicated,None apparent,Daylight,Dry,Clear,None apparent,Non-intersection:  Non-junction/no special feature,Paved,N/A,Property Damage Only,0,0,0,0,0,0,7000,2,2,Northbound (NB),POINT (-92.279697005412 41.89706149924)
20191132256,W19-073160,09/06/2019,09-September,6-Friday,07:55,0700 Hours,District 2 (Northeast),WATERLOO,BLACK HAWK,77,CEDAR TER DR,Collision with fixed object:  Mailbox,Outside trafficway,Non-collision (single vehicle),Other (explain in narrative):  Other,None Indicated,None apparent,Daylight,Dry,Cloudy,None apparent,Non-intersection:  Non-junction/no special feature,Paved,N/A,Property Damage Only,0,0,0,0,0,0,4510,1,1,Northbound (NB),POINT (-92.281870945467 42.440436050005)
20191132695,19-11157,09/07/2019,09-September,7-Saturday,19:15,1900 Hours,District 3 (Northwest),,SIOUX,77,.7 MILES SOUTH OF 320TH STREET ON KENNEDY AVE,Collision with fixed object:  Embankment,Roadside,Non-collision (single vehicle),"Driver Distraction:  Adjusting devices (radio, climate)",None Indicated,None apparent,Daylight,Gravel,Cloudy,None apparent,Non-intersection:  Non-junction/no special feature,Unpaved,N/A,Minor Injury,0,1,0,1,0,0,20050,1,1,Northbound (NB),POINT (-95.999849679026 43.174747467517)
20191134193,19-29975,09/08/2019,09-September,1-Sunday,20:04,2000 Hours,District 3 (Northwest),SIOUX CITY,WOODBURY,77,STEUBEN ST AND 7TH ST,Miscellaneous events:  Hit and run,Shoulder,Non-collision (single vehicle),Ran off road - right,Under Influence of Alcohol/Drugs/Medications,None apparent,Dusk,Dry,Cloudy,None apparent,Non-intersection:  Non-junction/no special feature,Paved,N/A,Possible/Unknown,0,1,0,0,0,1,38000,1,1,Northbound (NB),POINT (-96.389096720952 42.497606473429)
20191136335,2019024432,09/09/2019,09-September,2-Monday,18:28,1800 Hours,District 1 (Central),,POLK,I-80,INTERSTATE 35/I 35 WB 137MM,Collision with:  Vehicle in traffic,On Roadway,"Sideswipe, same direction",Lost Control,None Indicated,None apparent,Daylight,Wet,Rain,None apparent,Non-intersection:  Non-junction/no special feature,Paved,N/A,Property Damage Only,0,0,0,0,0,0,6800,2,2,Westbound (WB),POINT (-93.583519811874 41.650975006736)
20191132514,FD19-2695,09/09/2019,09-September,2-Monday,17:20,1700 Hours,District 1 (Central),FORT DODGE,WEBSTER,77,1500 BLK 5TH AVE S,Collision with:  Vehicle in traffic,On Roadway,Rear-end (front to rear),"Operating vehicle in an reckless, erratic, careless, negligent manner",None Indicated,None apparent,Daylight,Dry,Cloudy,None apparent,Non-intersection:  Non-junction/no special feature,Paved,N/A,Property Damage Only,0,0,0,0,0,0,6500,4,4,Southbound (SB),POINT (-94.177054312698 42.501042150242)
20191132797,19-005116,09/10/2019,09-September,3-Tuesday,15:51,1500 Hours,District 1 (Central),ANKENY,POLK,77,US 69/N ANKENY BLVD AND NW 18TH ST AND NE 18TH ST,Collision with:  Vehicle in traffic,On Roadway,Rear-end (front to rear),Followed too close,None Indicated,None apparent,Daylight,Dry,Clear,None apparent,Intersection:  Four-way intersection,Paved,N/A,Property Damage Only,0,0,0,0,0,0,2000,3,4,Southbound (SB),POINT (-93.60031844962 41.746354583632)
20191132760,2019-76125,09/11/2019,09-September,4-Wednesday,12:36,1200 Hours,District 6 (East Central),DAVENPORT,SCOTT,IA-461,STATE 461/HARRISON ST,Collision with:  Vehicle in traffic,On Roadway,"Sideswipe, same direction",Improper or erratic lane changing,None Indicated,None apparent,Daylight,Dry,Cloudy,None apparent,Non-intersection:  Non-junction/no special feature,Paved,N/A,Property Damage Only,0,0,0,0,0,0,5000,2,3,Eastbound (EB),POINT (-90.577070242126 41.555826435027)
20191132804,20190028749,09/11/2019,09-September,4-Wednesday,15:55,1500 Hours,District 1 (Central),DES MOINES,POLK,I-235,7TH ST AND INTERSTATE 235/7TH ST SW EXIT RAMP AND SCHOOL ST,Collision with:  Vehicle in traffic,On Roadway,Broadside (front to side),Ran Traffic Signal,None Indicated,None apparent,Daylight,Dry,Clear,None apparent,Intersection:  Four-way intersection,Paved,N/A,Property Damage Only,0,0,0,0,0,0,2000,2,3,Southbound (SB),POINT (-93.626873575582 41.595244395262)
20191134676,2019024737,09/12/2019,09-September,5-Thursday,17:28,1700 Hours,District 2 (Northeast),,WINNEBAGO,77,20TH AVE MEASURING 1848 FEET NORTH FROM 440TH ST,Non-collision events:  Overturn/rollover,Shoulder,Non-collision (single vehicle),"Driver Distraction:  Adjusting devices (radio, climate)",None Indicated,None apparent,Daylight,Dry,Clear,None apparent,Non-intersection:  Non-junction/no special feature,Paved,N/A,Property Damage Only,0,0,0,0,0,0,7500,1,1,Northbound (NB),POINT (-93.93204772036 43.400166679755)
20191134218,2019-76748,09/13/2019,09-September,6-Friday,13:41,1300 Hours,District 6 (East Central),DAVENPORT,SCOTT,IA-461,STATE 461/BRADY ST AND E 46TH ST,Collision with:  Vehicle in traffic,On Roadway,"Sideswipe, same direction",Made improper turn,None Indicated,None apparent,Daylight,Dry,Cloudy,None apparent,Intersection:  Other intersection (explain in narrative),Paved,N/A,Property Damage Only,0,0,0,0,0,0,3000,2,3,Northbound (NB),POINT (-90.567958722725 41.567621454403)
20191134197,19-30478,09/13/2019,09-September,6-Friday,10:15,1000 Hours,District 3 (Northwest),SIOUX CITY,WOODBURY,77,SINGING HILLS BLVD AND PRESTIGE BLVD,Collision with:  Vehicle in traffic,On Roadway,"Sideswipe, same direction",FTYROW:  From stop sign,None Indicated,None apparent,Daylight,Dry,Cloudy,None apparent,Intersection:  Four-way intersection,Paved,N/A,Property Damage Only,0,0,0,0,0,0,10000,2,3,Northbound (NB),POINT (-96.361749256656 42.437335002863)
20191137541,19-005994,09/14/2019,09-September,7-Saturday,23:46,2300 Hours,District 3 (Northwest),AURELIA,CHEROKEE,77,W 3RD ST,Collision with fixed object:  Other fixed object (explain in narrative),Roadside,Non-collision (single vehicle),Improper Backing,None Indicated,None apparent,Dark - roadway not lighted,Dry,Clear,None apparent,Non-intersection:  Non-junction/no special feature,Paved,N/A,Property Damage Only,0,0,0,0,0,0,2772,1,1,Southbound (SB),POINT (-95.441085030026 42.713088500897)
20191133282,20190029126,09/14/2019,09-September,7-Saturday,14:03,1400 Hours,District 1 (Central),DES MOINES,POLK,77,10TH ST AND GRAND AVE,Collision with:  Vehicle in traffic,On Roadway,Broadside (front to side),Other (explain in narrative):  Other,None Indicated,None apparent,Daylight,Wet,Cloudy,None apparent,Intersection:  Four-way intersection,Paved,N/A,Property Damage Only,0,0,0,0,0,0,7000,2,4,Westbound (WB),POINT (-93.630198206313 41.586705365098)
20191133574,19-28854,09/15/2019,09-September,1-Sunday,10:51,1000 Hours,District 1 (Central),NEWTON,JASPER,77,S 13TH AVE E,Non-collision events:  Other non-collision (explain in narrative),On Roadway,Non-collision (single vehicle),Ran off road - right,None Indicated,None apparent,Daylight,Dry,Clear,None apparent,Non-intersection:  Non-junction/no special feature,Paved,N/A,Minor Injury,0,1,0,1,0,0,10000,1,1,Southbound (SB),POINT (-93.012737236898 41.688295029002)
20191142255,2019024962,09/16/2019,09-September,2-Monday,08:30,0800 Hours,District 1 (Central),CLIVE,POLK,I-80,INTERSTATE 35/80 MM 125 SB,Collision with:  Vehicle in traffic,On Roadway,Rear-end (front to rear),Driving too fast for conditions,None Indicated,None apparent,Daylight,Dry,Clear,None apparent,Interchange-related:  On-ramp merge area,Paved,N/A,Minor Injury,0,1,0,1,0,0,7000,2,3,Westbound (WB),POINT (-93.776849396357 41.61340603714)
20191133991,19-04933,09/17/2019,09-September,3-Tuesday,12:23,1200 Hours,District 1 (Central),WEST DES MOINES,POLK,77,"RAILROAD AVE AND GRAND AVE, WDM",Collision with:  Vehicle in traffic,On Roadway,Rear-end (front to rear),Driver Distraction:  Inattentive/lost in thought,None Indicated,None apparent,Daylight,Dry,Clear,None apparent,Intersection:  Four-way intersection,Paved,N/A,Property Damage Only,0,0,0,0,0,0,3050,2,2,Southbound (SB),POINT (-93.73181563754 41.57079114363)
20191134370,19-30956,09/17/2019,09-September,3-Tuesday,12:03,1200 Hours,District 3 (Northwest),SIOUX CITY,WOODBURY,77,PIERCE ST,Collision with:  Vehicle in traffic,On Roadway,Rear-end (front to rear),Other (explain in narrative):  Other,None Indicated,None apparent,Daylight,Dry,Clear,None apparent,Non-intersection:  Non-junction/no special feature,Paved,N/A,Possible/Unknown,0,2,0,0,2,0,1400,2,3,Eastbound (EB),POINT (-96.404960065165 42.498207269693)
20191134233,19-005286,09/18/2019,09-September,4-Wednesday,21:15,2100 Hours,District 1 (Central),ANKENY,POLK,I-35,INTERSTATE 35/I 35,Collision with fixed object:  Tree,On Roadway,Non-collision (single vehicle),Other (explain in narrative):  Other,None Indicated,None apparent,Dark - roadway lighted,Dry,Clear,Debris,Non-intersection:  Non-junction/no special feature,Paved,N/A,Property Damage Only,0,0,0,0,0,0,4000,1,1,Northbound (NB),POINT (-93.57610063223 41.699758991614)
20191134348,2019-3304,09/19/2019,09-September,5-Thursday,06:15,0600 Hours,District 6 (East Central),,LINN,77,INTERSTATE 380/NE RAMP AND E034/COUNTY HOME RD AND INTERSTATE 380/SE RAMP,Collision with fixed object:  Traffic sign support,On Roadway,Non-collision (single vehicle),Driver Distraction:  Inattentive/lost in thought,None Indicated,None apparent,Dawn,Dry,Clear,None apparent,Non-intersection:  Non-junction/no special feature,Paved,N/A,Property Damage Only,0,0,0,0,0,0,3400,1,1,Southbound (SB),POINT (-91.700550355166 42.092667357308)
20191134586,CL1901170,09/19/2019,09-September,5-Thursday,08:00,0800 Hours,District 2 (Northeast),CLEAR LAKE,CERRO GORDO,77,125 N 20TH ST,Collision with:  Vehicle in traffic,On Roadway,Rear-end (front to rear),Followed too close,None Indicated,None apparent,Daylight,Wet,Cloudy,None apparent,"Non-intersection:  Driveway access (related, not in)",Paved,N/A,Property Damage Only,0,0,0,0,0,0,2000,2,4,Northbound (NB),POINT (-93.364287467869 43.13996265916)
20191135542,CLP19003154,09/20/2019,09-September,6-Friday,21:16,2100 Hours,District 6 (East Central),CLINTON,CLINTON,77,600 BLK 2ND AVE S,Collision with:  Vehicle in traffic,On Roadway,Broadside (front to side),"Operating vehicle in an reckless, erratic, careless, negligent manner",Alcohol (Statutory),None apparent,Dark - roadway not lighted,Dry,Cloudy,None apparent,Non-intersection:  Non-junction/no special feature,Paved,N/A,Property Damage Only,0,0,0,0,0,0,13000,2,1,Southbound (SB),POINT (-90.201090598294 41.844451292334)
20191134687,2019-26180,09/20/2019,09-September,6-Friday,16:41,1600 Hours,District 6 (East Central),BETTENDORF,SCOTT,77,INTERSTATE 80/SW RAMP AND MIDDLE RD,Collision with:  Vehicle in traffic,On Roadway,Rear-end (front to rear),Lost Control,None Indicated,None apparent,Daylight,Dry,Clear,None apparent,Intersection:  T-intersection,Paved,N/A,Property Damage Only,0,0,0,0,0,0,5000,2,4,Southbound (SB),POINT (-90.45917375961 41.594862192374)
20191136194,,09/21/2019,09-September,7-Saturday,17:16,1700 Hours,District 1 (Central),DES MOINES,POLK,77,7TH ST and MULBERRY ST,Collision with:  Vehicle in traffic,On Roadway,Broadside (front to side),Unknown,None Indicated,N/A,Daylight,Wet,Rain,N/A,Intersection:  Four-way intersection,Paved,N/A,Property Damage Only,0,0,0,0,0,0,11600,2,3,Eastbound (EB),POINT (-93.625500112598 41.584722403106)
20191134857,19011902,09/22/2019,09-September,1-Sunday,16:00,1600 Hours,District 3 (Northwest),ORANGE CITY,SIOUX,77,FLORIDA AVE SW,Collision with:  Re-entering roadway,On Roadway,Rear to side,Improper Backing,None Indicated,None apparent,Daylight,Dry,Clear,None apparent,Non-intersection:  Non-junction/no special feature,Paved,N/A,Property Damage Only,0,0,0,0,0,0,2500,2,1,Northbound (NB),POINT (-96.0639933959 43.000131781927)
20191134822,201915434,09/23/2019,09-September,2-Monday,07:13,0700 Hours,District 6 (East Central),CEDAR RAPIDS,LINN,77,EB 16TH AVE SW AT JACOLYN DR SW,Collision with:  Vehicle in traffic,On Roadway,Rear-end (front to rear),Lost Control,None Indicated,None apparent,Daylight,Dry,Clear,None apparent,Intersection:  Four-way intersection,Paved,N/A,Property Damage Only,0,0,0,0,0,0,2700,2,2,Southbound (SB),POINT (-91.730639107604 41.963762480422)
20191135003,S19-002444,09/23/2019,09-September,2-Monday,15:13,1500 Hours,District 4 (Southwest),CARSON,POTTAWATTAMIE,IA-92,STATE 92/IOWA 92,Collision with:  Vehicle in traffic,On Roadway,Rear-end (front to rear),Followed too close,None Indicated,None apparent,Daylight,Dry,Clear,None apparent,Non-intersection:  Non-junction/no special feature,Paved,N/A,Possible/Unknown,0,2,0,0,2,0,17000,2,2,Southbound (SB),POINT (-95.412792512897 41.232747668507)
20191135164,20190030298,09/24/2019,09-September,3-Tuesday,10:00,1000 Hours,District 1 (Central),DES MOINES,POLK,77,PLEASANTVIEW DR MEASURING 56 FEET WEST FROM PLEASANTVIEW DR AND SW 13TH ST,Collision with:  Vehicle in traffic,On Roadway,Rear-end (front to rear),Lost Control,None Indicated,None apparent,Daylight,Dry,Cloudy,None apparent,Non-intersection:  Non-junction/no special feature,Paved,N/A,Property Damage Only,0,0,0,0,0,0,2000,2,1,Southbound (SB),POINT (-93.633149993081 41.557271389406)
20191135155,20190030240,09/24/2019,09-September,3-Tuesday,08:00,0800 Hours,District 1 (Central),DES MOINES,POLK,77,E HULL AVE AND 2ND AVE,Collision with:  Vehicle in traffic,On Roadway,"Sideswipe, same direction",Unknown,None Indicated,None apparent,Daylight,Dry,Cloudy,None apparent,Intersection:  Four-way intersection,Paved,N/A,Property Damage Only,0,0,0,0,0,0,1500,2,2,Northbound (NB),POINT (-93.619956723964 41.622249518543)
20191135403,19013882,09/25/2019,09-September,4-Wednesday,13:30,1300 Hours,District 3 (Northwest),,PLYMOUTH,IA-3,STATE 3/IOWA 3 MEASURING 881 FEET EAST FROM STATE 3/IOWA 3 AND CONCORD AVE,Collision with fixed object:  Ditch,Roadside,Non-collision (single vehicle),Ran off road - right,None Indicated,None apparent,Daylight,Dry,Cloudy,None apparent,Non-intersection:  Non-junction/no special feature,Paved,N/A,Property Damage Only,0,0,0,0,0,0,7000,1,1,Southbound (SB),POINT (-96.523824788725 42.808425266029)
20191162848,19-005447,09/26/2019,09-September,5-Thursday,15:50,1500 Hours,District 1 (Central),ANKENY,POLK,77,NW STATE ST AND NW 18TH ST,Collision with:  Non-motorist (see non-motorist section - NOT a unit),On Roadway,Non-collision (single vehicle),Other (explain in narrative):  No improper action,None Indicated,None apparent,Daylight,Dry,Clear,None apparent,Intersection:  Four-way intersection,Paved,N/A,Minor Injury,0,1,0,1,0,0,500,1,1,Southbound (SB),POINT (-93.619670034726 41.746368938073)