Iowa DOT Case Number,Law Enforcement Case Number,Date of Crash,Month of Crash,Day of Week,Time of Crash,Hour,DOT District,City Name,County Name,Route with System,Location Description,First Harmful Event,Location of First Harmful Event,Manner of Crash/Collision,Major Cause,Drug or Alcohol ,Environmental Conditions,Light Conditions,Surface Conditions,Weather Conditions,Roadway Contribution,Roadway Type,Roadway Surface,Work Zone,Crash Severity,Number of Fatalities,Number of Injuries,Number of Major Injuries,Number of Minor Injuries,Number of Possible Injuries,Number of Unknown Injuries,Amount of Property Damage,Number of Vehicles Involved,Total Number of Occupants,Travel Direction,Location
20191135467,19007682,09/26/2019,09-September,5-Thursday,16:18,1600 Hours,District 2 (Northeast),,BUTLER,77,WILLOW AVE,Collision with:  Vehicle in traffic,On Roadway,Broadside (front to side),Other (explain in narrative):  Other,None Indicated,Visual obstruction,Daylight,Dry,Clear,None apparent,Intersection:  Four-way intersection,Unpaved,N/A,Property Damage Only,0,0,0,0,0,0,5000,2,2,Northbound (NB),POINT (-92.593914170355 42.787955454553)
20191139401,201915676,09/27/2019,09-September,6-Friday,15:18,1500 Hours,District 6 (East Central),CEDAR RAPIDS,LINN,77,C AVE NE,Collision with:  Vehicle in traffic,On Roadway,Broadside (front to side),Ran Traffic Signal,None Indicated,None apparent,Daylight,Dry,Clear,None apparent,Intersection:  Four-way intersection,Paved,N/A,Property Damage Only,0,0,0,0,0,0,7000,2,2,Southbound (SB),POINT (-91.638525375975 42.034659042104)
20191136026,19-33875,09/27/2019,09-September,6-Friday,22:18,2200 Hours,District 5 (Southeast),,LEE,US 61,US 61,Collision with:  Animal,On Roadway,Non-collision (single vehicle),Animal,None Indicated,Animal in roadway,N/A,N/A,N/A,None apparent,Non-intersection:  Non-junction/no special feature,Paved,N/A,Property Damage Only,0,0,0,0,0,0,1500,1,1,Northbound (NB),POINT (-91.250259053591 40.686692889631)
20191135812,19-015416,09/28/2019,09-September,7-Saturday,20:15,2000 Hours,District 4 (Southwest),COUNCIL BLUFFS,POTTAWATTAMIE,77,VALLEY VIEW LN AND VALLEY VIEW DR AND MADISON AVE,Collision with:  Vehicle in traffic,On Roadway,Other (explain in narrative),FTYROW:  Making left turn,None Indicated,None apparent,Dark - roadway lighted,Dry,Clear,None apparent,Intersection:  Four-way intersection,Paved,N/A,Minor Injury,0,1,0,1,0,0,13500,2,3,Eastbound (EB),POINT (-95.818166865389 41.242213255942)
20191135829,20190030841,09/28/2019,09-September,7-Saturday,22:45,2200 Hours,District 1 (Central),DES MOINES,POLK,77,SW 9TH ST AND ROSE AVE,Collision with:  Vehicle in traffic,On Roadway,Broadside (front to side),Unknown,None Indicated,None apparent,Dark - roadway lighted,Wet,Rain,None apparent,Non-intersection:  Non-junction/no special feature,Paved,N/A,Property Damage Only,0,0,0,0,0,0,8000,2,3,Southbound (SB),POINT (-93.625752978469 41.550015965577)
20191135862,2019-81421,09/29/2019,09-September,1-Sunday,09:33,0900 Hours,District 6 (East Central),DAVENPORT,SCOTT,77,MARQUETTE ST,Collision with:  Vehicle in traffic,On Roadway,Rear-end (front to rear),Followed too close,None Indicated,Other (explain in narrative),Daylight,Wet,Rain,"Surface condition (e.g., wet, icy)",Non-intersection:  Non-junction/no special feature,Paved,N/A,Property Damage Only,0,0,0,0,0,0,1800,2,2,Northbound (NB),POINT (-90.590882277099 41.526152457098)
20191136226,19-001791,09/30/2019,09-September,2-Monday,11:00,1100 Hours,District 1 (Central),ALTOONA,POLK,77,ADVENTURELAND DR / PRAIRIE MEADOWS DR,Collision with:  Vehicle in traffic,On Roadway,Broadside (front to side),FTYROW:  Making left turn,None Indicated,None apparent,Daylight,Dry,Clear,None apparent,Intersection:  Four-way intersection,Paved,N/A,Property Damage Only,0,0,0,0,0,0,11000,2,3,Southbound (SB),POINT (-93.493484010159 41.658530499173)
20191142161,19-030973,10/01/2019,10-October,3-Tuesday,23:45,2300 Hours,District 2 (Northeast),,WORTH,77,CO 105,Collision with fixed object:  Ditch,On Roadway,Non-collision (single vehicle),Swerving/Evasive Action,None Indicated,Animal in roadway,Dark - roadway not lighted,Wet,"Fog, smoke, smog","Surface condition (e.g., wet, icy)",Non-intersection:  Non-junction/no special feature,Paved,N/A,Minor Injury,0,4,0,1,3,0,11000,1,5,Southbound (SB),POINT (-93.36505685874 43.442047187534)
20191136588,19-011428,10/01/2019,10-October,3-Tuesday,20:02,2000 Hours,District 3 (Northwest),LE MARS,PLYMOUTH,US 75,C038/C38 AND US 75,Collision with fixed object:  Other fixed object (explain in narrative),On Roadway,Non-collision (single vehicle),Lost Control,None Indicated,None apparent,Dark - roadway not lighted,Wet,Rain,None apparent,Intersection:  Four-way intersection,Paved,N/A,Property Damage Only,0,0,0,0,0,0,3200,1,1,Northbound (NB),POINT (-96.211055907445 42.749875975969)
20191136702,201900011064,10/02/2019,10-October,4-Wednesday,11:47,1100 Hours,District 1 (Central),WEBSTER CITY,HAMILTON,77,BROADWAY ST MEASURING 0 FEET NORTH FROM BROADWAY ST,Collision with:  Vehicle in traffic,On Roadway,Broadside (front to side),FTYROW:  From stop sign,None Indicated,None apparent,Daylight,Wet,Rain,None apparent,Intersection:  Four-way intersection,Paved,N/A,Possible/Unknown,0,1,0,0,1,0,6500,2,5,Northbound (NB),POINT (-93.826355983755 42.469201111583)
20191137548,19-02406,10/02/2019,10-October,4-Wednesday,17:30,1700 Hours,District 1 (Central),URBANDALE,POLK,77,DELLWOOD DR AND COLBY WOODS DR,Collision with:  Vehicle in traffic,On Roadway,Rear-end (front to rear),Other (explain in narrative):  Other,None Indicated,None apparent,Daylight,Wet,Cloudy,None apparent,Intersection:  T-intersection,Paved,N/A,Property Damage Only,0,0,0,0,0,0,5000,2,2,Northbound (NB),POINT (-93.730332493854 41.624375475025)
20191137292,19018122,10/03/2019,10-October,5-Thursday,01:30,0100 Hours,District 2 (Northeast),,BREMER,77,1400-BLK V014/EASTON AVE,Collision with:  Vehicle in traffic,Shoulder,Rear to rear,Unknown,None Indicated,None apparent,Dark - roadway not lighted,Wet,Rain,None apparent,Non-intersection:  Non-junction/no special feature,Paved,N/A,Possible/Unknown,0,1,0,0,0,1,4000,2,1,Northbound (NB),POINT (-92.475661044993 42.846910368817)
20191137293,19018193,10/04/2019,10-October,6-Friday,16:17,1600 Hours,District 2 (Northeast),,BREMER,IA-188,STATE 188/IOWA 188 AND V035/140TH ST AND US 63,Collision with:  Vehicle in traffic,On Roadway,Rear-end (front to rear),Passing:  Where prohibited by signs/markings,None Indicated,None apparent,Daylight,Dry,Clear,None apparent,Intersection:  Four-way intersection,Paved,N/A,Property Damage Only,0,0,0,0,0,0,12500,2,3,Southbound (SB),POINT (-92.337323422442 42.847679153202)
20191137741,19-32980,10/04/2019,10-October,6-Friday,11:36,1100 Hours,District 3 (Northwest),SIOUX CITY,WOODBURY,IA-376,STATE 376/SINGING HILLS BLVD AND STATE 376/S LEWIS BLVD AND SINGING HILLS BLVD AND S LEWIS BLVD,Collision with:  Vehicle in traffic,On Roadway,"Sideswipe, same direction",Improper or erratic lane changing,None Indicated,None apparent,Daylight,Dry,Cloudy,None apparent,Non-intersection:  Non-junction/no special feature,Paved,N/A,Property Damage Only,0,0,0,0,0,0,3500,2,2,Northbound (NB),POINT (-96.369856653604 42.435277756101)
20191137092,20190031658,10/05/2019,10-October,7-Saturday,18:12,1800 Hours,District 1 (Central),DES MOINES,POLK,US 69,US 69/SE 14TH ST MEASURING 217 FEET SOUTH FROM US 69/SE 14TH ST AND E WATROUS AVE,Collision with:  Vehicle in traffic,On Roadway,Rear-end (front to rear),Followed too close,None Indicated,None apparent,Daylight,Dry,Clear,None apparent,Non-intersection:  Non-junction/no special feature,Paved,N/A,Property Damage Only,0,0,0,0,0,0,5000,2,2,Eastbound (EB),POINT (-93.596844997692 41.547539507877)
20191137999,19-018532,10/05/2019,10-October,7-Saturday,20:37,2000 Hours,District 2 (Northeast),,CHICKASAW,77,300TH ST AND US 63,Collision with:  Animal,On Roadway,Non-collision (single vehicle),Animal,None Indicated,Animal in roadway,N/A,N/A,N/A,None apparent,Non-intersection:  Non-junction/no special feature,Unpaved,N/A,Property Damage Only,0,0,0,0,0,0,1500,1,2,Southbound (SB),POINT (-92.317392526386 42.921594013652)
20191137820,19-02435,10/06/2019,10-October,1-Sunday,09:10,0900 Hours,District 4 (Southwest),URBANDALE,POLK,77,4100 BLK 140TH ST,Collision with:  Vehicle in traffic,On Roadway,Rear to side,Other (explain in narrative):  Other,None Indicated,None apparent,Daylight,Dry,Cloudy,None apparent,Non-intersection:  Non-junction/no special feature,Paved,N/A,Property Damage Only,0,0,0,0,0,0,3500,2,1,Northbound (NB),POINT (-93.806879985576 41.634672226765)
20191137743,19-33342,10/07/2019,10-October,2-Monday,13:26,1300 Hours,District 3 (Northwest),SIOUX CITY,WOODBURY,77,NEBRASKA ST,Collision with:  Re-entering roadway,On Roadway,Broadside (front to side),FTYROW:  From driveway,None Indicated,None apparent,Daylight,Dry,Clear,None apparent,"Non-intersection:  Driveway access (related, not in)",Paved,N/A,Property Damage Only,0,0,0,0,0,0,3000,2,3,Northbound (NB),POINT (-96.40341062042 42.490959715221)
20191138679,19-009062,10/08/2019,10-October,3-Tuesday,08:18,0800 Hours,District 5 (Southeast),CHARITON,LUCAS,77,S MAIN ST,Other (explain in narrative),On Roadway,Broadside (front to side),FTYROW:  From driveway,None Indicated,None apparent,Daylight,Dry,Clear,None apparent,"Non-intersection:  Driveway access (related, not in)",Paved,N/A,Property Damage Only,0,0,0,0,0,0,7763,2,3,Northbound (NB),POINT (-93.308258656063 41.010316062911)
20191137573,CLP19003336,10/08/2019,10-October,3-Tuesday,14:58,1400 Hours,District 6 (East Central),CLINTON,CLINTON,77,S 9TH ST AND 5TH AVE S,Collision with:  Vehicle in traffic,On Roadway,Broadside (front to side),Over correcting/over steering,None Indicated,None apparent,Daylight,Dry,Clear,None apparent,Non-intersection:  Non-junction/no special feature,Paved,N/A,Property Damage Only,0,0,0,0,0,0,2000,2,14,Northbound (NB),POINT (-90.207186644864 41.84108756451)
20191139581,2019-84293,10/09/2019,10-October,4-Wednesday,16:58,1600 Hours,District 6 (East Central),DAVENPORT,SCOTT,77,US 6/SPRUCE HILLS DR AND ELMORE AVE,Collision with:  Vehicle in traffic,On Roadway,Rear-end (front to rear),Followed too close,None Indicated,None apparent,Daylight,Dry,Clear,None apparent,Intersection:  Four-way intersection,Paved,N/A,Property Damage Only,0,0,0,0,0,0,3000,2,2,Northbound (NB),POINT (-90.527307818129 41.554946624443)
20191137756,W19-083304,10/09/2019,10-October,4-Wednesday,06:41,0600 Hours,District 2 (Northeast),WATERLOO,BLACK HAWK,US 63,3100 BLK OF US 63/LOGAN AVE,Collision with:  Vehicle in traffic,On Roadway,Rear-end (front to rear),Other (explain in narrative):  Other,None Indicated,None apparent,Dawn,Dry,Clear,Work Zone (roadway-related),Intersection:  Four-way intersection,Paved,Yes,Property Damage Only,0,0,0,0,0,0,14200,3,3,Northbound (NB),POINT (-92.337502644425 42.543734834941)
20191138313,201916352,10/10/2019,10-October,5-Thursday,10:22,1000 Hours,District 6 (East Central),CEDAR RAPIDS,LINN,77,WILEY BLVD SW AND 20TH AVE SW,Collision with:  Vehicle in traffic,On Roadway,Broadside (front to side),Ran Traffic Signal,None Indicated,Weather conditions,Daylight,Wet,Rain,"Surface condition (e.g., wet, icy)",Intersection:  Four-way intersection,Paved,N/A,Minor Injury,0,1,0,1,0,0,8000,2,2,Northbound (NB),POINT (-91.725798852801 41.960187318268)
20191139014,2019-84800,10/11/2019,10-October,6-Friday,16:08,1600 Hours,District 6 (East Central),DAVENPORT,SCOTT,77,GRAND AVE AND E LOCUST ST,Collision with:  Vehicle in traffic,On Roadway,"Angle, oncoming left turn",FTYROW:  Making left turn,None Indicated,None apparent,Daylight,Dry,Cloudy,None apparent,Intersection:  Four-way intersection,Paved,N/A,Possible/Unknown,0,1,0,0,1,0,3000,2,3,Northbound (NB),POINT (-90.564863916977 41.538267164945)
20191138172,19-05506,10/11/2019,10-October,6-Friday,19:29,1900 Hours,District 5 (Southeast),NORWALK,WARREN,77,1591 VETERANS PKWY,Non-collision events:  Other non-collision (explain in narrative),On Roadway,Non-collision (single vehicle),Traveling wrong way or on wrong side of road,None Indicated,None apparent,Dark - roadway not lighted,Dry,Cloudy,Work Zone (roadway-related),Non-intersection:  Non-junction/no special feature,Paved,Yes,Property Damage Only,0,0,0,0,0,0,52000,2,3,Southbound (SB),POINT (-93.726995363066 41.512049088417)
20191138357,20194536,10/12/2019,10-October,7-Saturday,19:40,1900 Hours,District 1 (Central),,GRUNDY,US 20,HWY 20 211 WB,Collision with:  Animal,Unknown,N/A,Animal,None Indicated,N/A,N/A,N/A,N/A,N/A,N/A,Paved,N/A,Property Damage Only,0,0,0,0,0,0,5000,1,2,Westbound (WB),POINT (-92.724999717872 42.463096394927)
20191138401,W19-084345,10/12/2019,10-October,7-Saturday,22:48,2200 Hours,District 2 (Northeast),WATERLOO,BLACK HAWK,77,UPTON AVE AND ANSBOROUGH AVE,Collision with fixed object:  Utility pole/light support,Outside trafficway,Non-collision (single vehicle),"Operating vehicle in an reckless, erratic, careless, negligent manner",None Indicated,None apparent,Dark - roadway lighted,Dry,Clear,None apparent,Intersection:  Four-way intersection,Paved,N/A,Property Damage Only,0,0,0,0,0,0,5000,1,1,Southbound (SB),POINT (-92.376780201921 42.505698573789)
20191138540,2019010674,10/13/2019,10-October,1-Sunday,00:05,0000 Hours,District 6 (East Central),IOWA CITY,JOHNSON,77,S DUBUQUE ST,Collision with:  Parked motor vehicle,In parking lane/zone,Other (explain in narrative),"Operating vehicle in an reckless, erratic, careless, negligent manner",None Indicated,None apparent,Dark - roadway lighted,Dry,Clear,None apparent,Non-intersection:  Non-junction/no special feature,Paved,N/A,Property Damage Only,0,0,0,0,0,0,2800,2,1,Northbound (NB),POINT (-91.533120167809 41.658209028481)
20191138583,19-058184,10/14/2019,10-October,2-Monday,05:56,0500 Hours,District 3 (Northwest),STORM LAKE,BUENA VISTA,77,W 5TH ST AND GRAND,Collision with:  Vehicle in traffic,On Roadway,Broadside (front to side),Driver Distraction:  Other interior distraction,None Indicated,None apparent,Dark - roadway not lighted,Dry,Clear,None apparent,Non-intersection:  Non-junction/no special feature,Paved,N/A,Possible/Unknown,0,1,0,0,1,0,600,2,2,Southbound (SB),POINT (-95.210031251243 42.644427203949)
20191138614,W19-084903,10/14/2019,10-October,2-Monday,21:00,2100 Hours,District 2 (Northeast),WATERLOO,BLACK HAWK,77,FRONTAGE RD AND HAMMOND AVE,Collision with:  Vehicle in traffic,On Roadway,Broadside (front to side),Ran Stop Sign,None Indicated,None apparent,Dark - roadway lighted,Dry,Clear,None apparent,Intersection:  Four-way intersection,Paved,N/A,Property Damage Only,0,0,0,0,0,0,7000,2,2,Southbound (SB),POINT (-92.336887879666 42.457905769048)
20191138720,19014740,10/15/2019,10-October,3-Tuesday,08:21,0800 Hours,District 3 (Northwest),,PLYMOUTH,77,GRANITE AVE MEASURING 2943 FEET SOUTH FROM C060/C60 AND GRANITE AVE,Non-collision events:  Overturn/rollover,On Roadway,Non-collision (single vehicle),Ran off road - left,None Indicated,None apparent,Daylight,Gravel,Cloudy,None apparent,Non-intersection:  Non-junction/no special feature,Unpaved,N/A,Property Damage Only,0,0,0,0,0,0,2000,1,1,Northbound (NB),POINT (-96.390802014416 42.626382261387)
20191139103,PD19-02283,10/16/2019,10-October,4-Wednesday,17:50,1700 Hours,District 1 (Central),MARSHALLTOWN,MARSHALL,IA-14,E CHURCH ST AND STATE 14/3RD AVE,Collision with:  Vehicle in traffic,On Roadway,Broadside (front to side),Ran Traffic Signal,None Indicated,None apparent,Daylight,Dry,Cloudy,None apparent,Intersection:  Four-way intersection,Paved,N/A,Minor Injury,0,1,0,1,0,0,11000,2,2,Northbound (NB),POINT (-92.908018152064 42.047921421942)
20191139054,201903639,10/16/2019,10-October,4-Wednesday,15:33,1500 Hours,District 6 (East Central),PALO,LINN,77,SHELLSBURG RD AND HOLLENBECK RD AND E036/BLAIRS FERRY RD AND E036/SHELLSBURG RD,Collision with:  Vehicle in traffic,On Roadway,Other (explain in narrative),FTYROW:  From stop sign,None Indicated,None apparent,Daylight,Dry,Cloudy,None apparent,Intersection:  Four-way intersection,Paved,N/A,Property Damage Only,0,0,0,0,0,0,7000,2,2,Northbound (NB),POINT (-91.809173366409 42.066124601314)
20191139242,19-00581,10/17/2019,10-October,5-Thursday,07:30,0700 Hours,District 5 (Southeast),NORWALK,WARREN,77,NORTH AVE,Collision with:  Vehicle in traffic,On Roadway,Broadside (front to side),FTYROW:  Making left turn,None Indicated,None apparent,Daylight,Dry,Clear,None apparent,"Non-intersection:  Driveway access (related, not in)",Paved,N/A,Property Damage Only,0,0,0,0,0,0,2500,2,3,Southbound (SB),POINT (-93.682259387681 41.475365881795)
20191139282,20190033029,10/17/2019,10-October,5-Thursday,19:44,1900 Hours,District 1 (Central),DES MOINES,POLK,77,UNIVERSITY AVE AND 32ND ST,Collision with:  Vehicle in traffic,On Roadway,"Angle, oncoming left turn",FTYROW:  Making left turn,None Indicated,None apparent,Dark - roadway lighted,Dry,Clear,Work Zone (roadway-related),Intersection:  T-intersection,Paved,Yes,Property Damage Only,0,0,0,0,0,0,4500,2,2,Southbound (SB),POINT (-93.660822542408 41.600350522434)
20191139644,201916768,10/18/2019,10-October,6-Friday,08:59,0800 Hours,District 6 (East Central),CEDAR RAPIDS,LINN,77,L ST SW AND WILSON AVE SW,Collision with:  Vehicle in traffic,On Roadway,Broadside (front to side),Ran Traffic Signal,None Indicated,None apparent,Daylight,Dry,Clear,None apparent,Intersection:  Intersection with ramp,Paved,N/A,Possible/Unknown,0,1,0,0,1,0,19000,2,2,Southbound (SB),POINT (-91.671548038707 41.956032766838)
20191139618,19-005927,10/18/2019,10-October,6-Friday,21:38,2100 Hours,District 1 (Central),ANKENY,POLK,77,NE 18TH ST AND NE DELAWARE AVE,Collision with:  Vehicle in traffic,On Roadway,Other (explain in narrative),FTYROW:  Making left turn,None Indicated,None apparent,Dark - roadway lighted,Dry,Clear,None apparent,Intersection:  Four-way intersection,Paved,N/A,Minor Injury,0,2,0,1,1,0,16000,2,4,Northbound (NB),POINT (-93.581039157336 41.746354618082)
20191139597,20190033247,10/19/2019,10-October,7-Saturday,18:00,1800 Hours,District 1 (Central),DES MOINES,POLK,77,US 69/SE 14TH ST AND MAURY ST,Collision with:  Vehicle in traffic,On Roadway,Rear-end (front to rear),Lost Control,None Indicated,None apparent,Daylight,Dry,Clear,None apparent,Intersection:  Four-way intersection,Paved,N/A,Possible/Unknown,0,1,0,0,0,1,3000,2,2,Southbound (SB),POINT (-93.596867425031 41.581253691327)
20191140406,,10/19/2019,10-October,7-Saturday,00:00,0000 Hours,District 5 (Southeast),,HENRY,77,X023 / NEW LONDON RD,N/A,On Roadway,Non-collision (single vehicle),Unknown,None Indicated,None apparent,Dark - roadway not lighted,Dry,Clear,None apparent,Non-intersection:  Non-junction/no special feature,Paved,N/A,Property Damage Only,0,0,0,0,0,0,5000,1,1,Northbound (NB),POINT (-91.452324534125 40.824935347384)
20191141100,2019-003143,10/20/2019,10-October,1-Sunday,09:00,0900 Hours,District 6 (East Central),,DUBUQUE,77,PILOT GROVE RD,Other (explain in narrative),On Roadway,Non-collision (single vehicle),Unknown,None Indicated,Weather conditions,Daylight,"Mud, dirt","Fog, smoke, smog","Surface condition (e.g., wet, icy)",Non-intersection:  Non-junction/no special feature,Paved,N/A,Property Damage Only,0,0,0,0,0,0,25000,1,1,Southbound (SB),POINT (-90.861209606891 42.418117559719)
20191140788,19-015422,10/21/2019,10-October,2-Monday,12:28,1200 Hours,District 3 (Northwest),,CLAY,77,US 18 AND M050/240TH AVE,Collision with:  Vehicle in traffic,On Roadway,Broadside (front to side),Ran Stop Sign,None Indicated,None apparent,Daylight,Dry,Cloudy,None apparent,Intersection:  Four-way intersection,Paved,N/A,Possible/Unknown,0,1,0,0,1,0,6000,2,3,Northbound (NB),POINT (-95.112594932385 43.126168599206)
20191144129,19-021022-01,10/22/2019,10-October,3-Tuesday,03:35,0300 Hours,District 6 (East Central),,IOWA,IA-220,WHIRLPOOL PARKING LOT,Collision with:  Vehicle in traffic,Other (explain in narrative),Broadside (front to side),FTYROW:  From parked position,None Indicated,None apparent,Dark - roadway lighted,Dry,Clear,None apparent,Non-intersection:  Non-junction/no special feature,Paved,N/A,Property Damage Only,0,0,0,0,0,0,3000,2,2,Southbound (SB),POINT (-91.901829912235 41.794148833599)
20191140252,20190033590,10/22/2019,10-October,3-Tuesday,16:33,1600 Hours,District 1 (Central),DES MOINES,POLK,I-235,INTERSTATE 235/7TH ST SW EXIT RAMP,Collision with:  Vehicle in traffic,On Roadway,Rear-end (front to rear),Followed too close,None Indicated,None apparent,Daylight,Dry,Clear,None apparent,Non-intersection:  Non-junction/no special feature,Paved,N/A,Property Damage Only,0,0,0,0,0,0,7300,3,3,Southbound (SB),POINT (-93.626981560266 41.595243806423)
20191140273,20190033634,10/23/2019,10-October,4-Wednesday,04:00,0400 Hours,District 1 (Central),DES MOINES,POLK,77,E OVID AVE AND E 15TH ST,Collision with fixed object:  Tree,On Roadway,Non-collision (single vehicle),Unknown,None Indicated,None apparent,Dark - roadway lighted,Dry,Clear,None apparent,Non-intersection:  Non-junction/no special feature,Paved,N/A,Possible/Unknown,0,1,0,0,0,1,2500,1,1,Northbound (NB),POINT (-93.597974833977 41.625851752253)
20191141275,19-29194,10/23/2019,10-October,4-Wednesday,11:57,1100 Hours,District 6 (East Central),BETTENDORF,SCOTT,77,56TH AVE W,Collision with:  Vehicle in traffic,On Roadway,Rear-end (front to rear),Driver Distraction:  Inattentive/lost in thought,None Indicated,None apparent,Daylight,Dry,Clear,None apparent,Intersection:  T-intersection,Paved,N/A,Property Damage Only,0,0,0,0,0,0,2800,2,2,Southbound (SB),POINT (-90.500909576643 41.577233605868)
20191142975,,10/24/2019,10-October,5-Thursday,12:00,1200 Hours,District 6 (East Central),CEDAR RAPIDS,LINN,77,7TH ST NE,Collision with:  Vehicle in traffic,Unknown,N/A,Unknown,None Indicated,N/A,N/A,N/A,N/A,N/A,N/A,Paved,N/A,Property Damage Only,0,0,0,0,0,0,2800,2,4,Eastbound (EB),POINT (-91.664335843482 41.983022473044)
20191140677,WSO1904171,10/24/2019,10-October,5-Thursday,16:15,1600 Hours,District 2 (Northeast),,WINNESHIEK,77,STATE 150/IOWA 150 AND 145TH ST,Collision with:  Vehicle in traffic,On Roadway,"Sideswipe, opposite direction",Passing:  Other passing (explain in narrative),None Indicated,None apparent,Daylight,Dry,Clear,None apparent,Intersection:  Four-way intersection,Unpaved,N/A,Property Damage Only,0,0,0,0,0,0,12500,3,4,Southbound (SB),POINT (-91.864249925386 43.147350104932)
20191141268,19-037222,10/25/2019,10-October,6-Friday,20:52,2000 Hours,District 5 (Southeast),FORT MADISON,LEE,77,15TH ST AVE E,Collision with:  Vehicle in traffic,On Roadway,Broadside (front to side),FTYROW:  From stop sign,None Indicated,None apparent,Dark - roadway lighted,Dry,Cloudy,None apparent,Intersection:  Four-way intersection,Paved,N/A,Possible/Unknown,0,1,0,0,1,0,3000,2,4,Northbound (NB),POINT (-91.324533969341 40.633025230147)
20191141238,2019028779,10/25/2019,10-October,6-Friday,08:07,0800 Hours,District 6 (East Central),,JOHNSON,IA-1,STATE 1/IOWA 1 EAST OF MAIER DR WB,Collision with:  Animal,Unknown,N/A,Animal,None Indicated,N/A,N/A,N/A,N/A,N/A,N/A,Paved,N/A,Property Damage Only,0,0,0,0,0,0,4000,1,1,Northbound (NB),POINT (-91.584984635198 41.627281147332)
20191140893,20190034063,10/26/2019,10-October,7-Saturday,15:00,1500 Hours,District 1 (Central),DES MOINES,POLK,77,E MCKINLEY AVE MEASURING 355 FEET WEST FROM SE 5TH ST,Collision with:  Vehicle in traffic,On Roadway,Rear-end (front to rear),Followed too close,None Indicated,None apparent,Daylight,Dry,Cloudy,None apparent,Non-intersection:  Non-junction/no special feature,Paved,N/A,Property Damage Only,0,0,0,0,0,0,2000,2,2,Southbound (SB),POINT (-93.60769378519 41.540898333704)
20191141476,19-011316,10/26/2019,10-October,7-Saturday,22:20,2200 Hours,District 1 (Central),,HARDIN,IA-175,STATE 175/IOWA 175 AND N AVE,Collision with:  Animal,Unknown,N/A,Animal,None Indicated,N/A,N/A,N/A,N/A,N/A,N/A,Paved,N/A,Property Damage Only,0,0,0,0,0,0,3000,1,0,Southbound (SB),POINT (-93.23192936692 42.360658193634)
20191141085,19-14888,10/27/2019,10-October,1-Sunday,07:02,0700 Hours,District 6 (East Central),,JONES,77,E028/RIDGE RD E-28,Collision with:  Animal,Unknown,N/A,Animal,None Indicated,N/A,N/A,N/A,N/A,N/A,N/A,Paved,N/A,Property Damage Only,0,0,0,0,0,0,2000,1,1,Southbound (SB),POINT (-91.303567859243 42.107892221614)
20191141998,2019028950,10/28/2019,10-October,2-Monday,06:36,0600 Hours,District 1 (Central),,POLK,I-35,96MM I35 SB,Collision with:  Vehicle in traffic,On Roadway,"Sideswipe, same direction",Other (explain in narrative):  Other,None Indicated,None apparent,Dark - roadway not lighted,Dry,Clear,None apparent,Interchange-related:  On-ramp merge area,Paved,N/A,Property Damage Only,0,0,0,0,0,0,6500,2,3,Eastbound (EB),POINT (-93.570735825082 41.780722885761)
20191141638,19-02620,10/28/2019,10-October,2-Monday,12:49,1200 Hours,District 1 (Central),URBANDALE,POLK,77,MEREDITH DR AND 70TH ST WB,Collision with:  Vehicle in traffic,On Roadway,"Sideswipe, same direction",Improper or erratic lane changing,None Indicated,None apparent,Daylight,Dry,Clear,None apparent,Intersection:  T-intersection,Paved,N/A,Property Damage Only,0,0,0,0,0,0,3000,2,2,Northbound (NB),POINT (-93.712264404558 41.64385424238)
20191141629,2019-89438,10/29/2019,10-October,3-Tuesday,07:24,0700 Hours,District 6 (East Central),DAVENPORT,SCOTT,77,E 53RD ST AND INTERSTATE 74/I 74 LOOP AND INTERSTATE 74/I 74,Collision with:  Vehicle in traffic,On Roadway,"Sideswipe, opposite direction",Lost Control,None Indicated,None apparent,Daylight,Ice/frost,Clear,None apparent,Non-intersection:  Non-junction/no special feature,Paved,N/A,Property Damage Only,0,0,0,0,0,0,4000,2,3,Southbound (SB),POINT (-90.522171413031 41.574830045128)
20191141456,2019-89444,10/29/2019,10-October,3-Tuesday,07:51,0700 Hours,District 6 (East Central),DAVENPORT,SCOTT,77,FILLMORE ST AND W 4TH ST,Collision with:  Vehicle in traffic,On Roadway,Broadside (front to side),Ran Traffic Signal,None Indicated,None apparent,Daylight,Wet,Clear,None apparent,Intersection:  Other intersection (explain in narrative),Paved,N/A,Property Damage Only,0,0,0,0,0,0,20000,2,4,Northbound (NB),POINT (-90.594314229556 41.52345035691)
20191141841,2019-41489,10/30/2019,10-October,4-Wednesday,16:44,1600 Hours,District 6 (East Central),,SCOTT,77,SPENCER RD,Collision with:  Struck/struck by object/cargo/person from other vehicle,On Roadway,"Angle, oncoming left turn",Made improper turn,None Indicated,None apparent,Daylight,Dry,Cloudy,None apparent,Non-intersection:  Non-junction/no special feature,Paved,N/A,Property Damage Only,0,0,0,0,0,0,16000,3,6,Northbound (NB),POINT (-90.422523480571 41.569188674131)
20191141930,2019-008173,10/30/2019,10-October,4-Wednesday,14:25,1400 Hours,District 6 (East Central),DUBUQUE,DUBUQUE,77,PENNSYLVANIA AVE MEASURING 657 FEET WEST FROM PENNSYLVANIA AVE AND VIZALEEA DR,Collision with:  Vehicle in traffic,On Roadway,Rear-end (front to rear),Lost Control,None Indicated,None apparent,Daylight,Dry,Cloudy,None apparent,Non-intersection:  Non-junction/no special feature,Paved,N/A,Property Damage Only,0,0,0,0,0,0,6000,2,3,Southbound (SB),POINT (-90.73220130028 42.50052989574)