Iowa DOT Case Number,Law Enforcement Case Number,Date of Crash,Month of Crash,Day of Week,Time of Crash,Hour,DOT District,City Name,County Name,Route with System,Location Description,First Harmful Event,Location of First Harmful Event,Manner of Crash/Collision,Major Cause,Drug or Alcohol ,Environmental Conditions,Light Conditions,Surface Conditions,Weather Conditions,Roadway Contribution,Roadway Type,Roadway Surface,Work Zone,Crash Severity,Number of Fatalities,Number of Injuries,Number of Major Injuries,Number of Minor Injuries,Number of Possible Injuries,Number of Unknown Injuries,Amount of Property Damage,Number of Vehicles Involved,Total Number of Occupants,Travel Direction,Location
20191143230,2019029349,10/31/2019,10-October,5-Thursday,08:55,0800 Hours,District 6 (East Central),CORALVILLE,JOHNSON,I-80,INTERSTATE 80/NW RAMP CURV,Collision with:  Parked motor vehicle,On Roadway,Rear-end (front to rear),Driving too fast for conditions,None Indicated,Weather conditions,Daylight,Wet,Snow,"Surface condition (e.g., wet, icy)",Intersection:  Intersection with ramp,Paved,N/A,Property Damage Only,0,0,0,0,0,0,20000,2,2,Westbound (WB),POINT (-91.608823463251 41.694889639695)
20191142073,19-37499,10/31/2019,10-October,5-Thursday,13:09,1300 Hours,District 5 (Southeast),BURLINGTON,DES MOINES,77,WEST AVE MEASURING 65 FEET WEST FROM WILLOW AVE AND WEST AVE,Collision with:  Vehicle in traffic,On Roadway,Rear-end (front to rear),Other (explain in narrative):  Other,None Indicated,None apparent,Daylight,Wet,Cloudy,None apparent,Non-intersection:  Non-junction/no special feature,Paved,N/A,Property Damage Only,0,0,0,0,0,0,5000,2,2,Southbound (SB),POINT (-91.135827028172 40.800364968162)
20191142096,19187591,10/31/2019,10-October,5-Thursday,08:14,0800 Hours,District 6 (East Central),,JOHNSON,77,W060/HWY 965 NE,Collision with:  Vehicle in traffic,On Roadway,Head-on (front to front),Lost Control,None Indicated,Weather conditions,Daylight,Snow,Snow,"Surface condition (e.g., wet, icy)",Non-intersection:  Non-junction/no special feature,Paved,N/A,Minor Injury,0,1,0,1,0,0,9000,2,2,Northbound (NB),POINT (-91.630733925495 41.776808346779)
20191145429,,10/31/2019,10-October,5-Thursday,07:50,0700 Hours,District 6 (East Central),CEDAR RAPIDS,LINN,77,NORTH RIVER BLVD NE and NB/EB EDGEWOOD RD NE,Collision with:  Vehicle in traffic,On Roadway,Rear-end (front to rear),Unknown,None Indicated,N/A,Dawn,Snow,Snow,N/A,Intersection:  Four-way intersection,Paved,N/A,Property Damage Only,0,0,0,0,0,0,1500,2,2,Westbound (WB),POINT (-91.702408416126 42.026392769076)
20191142247,2019-33624,11/01/2019,11-November,6-Friday,06:58,0600 Hours,District 1 (Central),,WARREN,IA-5,STATE 5/IOWA 5,Collision with:  Animal,Unknown,N/A,Animal,None Indicated,N/A,N/A,N/A,N/A,N/A,N/A,Paved,N/A,Property Damage Only,0,0,0,0,0,0,4000,1,1,Eastbound (EB),POINT (-93.468311393217 41.489388625103)
20191144348,19-7459,11/01/2019,11-November,6-Friday,22:54,2200 Hours,District 3 (Northwest),,IDA,US 20,US 20,Collision with:  Animal,Unknown,N/A,Animal,None Indicated,N/A,N/A,N/A,N/A,N/A,N/A,Paved,N/A,Property Damage Only,0,0,0,0,0,0,10000,1,2,Southbound (SB),POINT (-95.405546019994 42.474792707452)
20191142587,20190034956,11/02/2019,11-November,7-Saturday,12:42,1200 Hours,District 1 (Central),DES MOINES,POLK,77,E UNIVERSITY AVE AND HUBBELL AVE,Collision with:  Vehicle in traffic,On Roadway,"Sideswipe, same direction",Unknown,None Indicated,None apparent,Daylight,Dry,Cloudy,None apparent,Intersection:  Four-way intersection,Paved,N/A,Possible/Unknown,0,1,0,0,1,0,5500,2,2,Northbound (NB),POINT (-93.578528969784 41.600505862389)
20191142697,S19-090191,11/02/2019,11-November,7-Saturday,13:10,1300 Hours,District 2 (Northeast),,BLACK HAWK,77,C057/W CEDAR-WAPSI RD,Other (explain in narrative),On Roadway,Rear-end (front to rear),Followed too close,None Indicated,None apparent,Daylight,Dry,Clear,None apparent,Non-intersection:  Non-junction/no special feature,Paved,N/A,Property Damage Only,0,0,0,0,0,0,7000,2,3,Southbound (SB),POINT (-92.409180713047 42.614164254848)
20191142753,2019-42042,11/03/2019,11-November,1-Sunday,04:00,0400 Hours,District 6 (East Central),,SCOTT,I-80,286 MM E INTERSTATE 80/I 80,Collision with:  Animal,On Roadway,Non-collision (single vehicle),Animal,None Indicated,None apparent,Dark - roadway not lighted,Dry,Clear,None apparent,Non-intersection:  Non-junction/no special feature,Paved,N/A,Property Damage Only,0,0,0,0,0,0,2500,1,1,Southbound (SB),POINT (-90.744880432119 41.608795439484)
20191144786,19-019086,11/04/2019,11-November,2-Monday,18:05,1800 Hours,District 2 (Northeast),,FLOYD,US 218,US 218,Collision with:  Animal,Unknown,N/A,Animal,None Indicated,N/A,N/A,N/A,N/A,N/A,N/A,Paved,N/A,Property Damage Only,0,0,0,0,0,0,20000,1,2,Eastbound (EB),POINT (-92.602503603285 42.996754168807)
20191143054,19-15318,11/04/2019,11-November,2-Monday,18:13,1800 Hours,District 6 (East Central),,JONES,US 151,US 151,Collision with:  Animal,Unknown,N/A,Animal,None Indicated,N/A,N/A,N/A,N/A,N/A,N/A,Paved,N/A,Property Damage Only,0,0,0,0,0,0,10000,1,3,Northbound (NB),POINT (-91.143207240695 42.268343471175)
20191144008,19-02687,11/05/2019,11-November,3-Tuesday,11:50,1100 Hours,District 1 (Central),URBANDALE,POLK,77,4500 NW URBANDALE DR,Collision with:  Vehicle in traffic,On Roadway,"Sideswipe, same direction",Unknown,None Indicated,None apparent,Daylight,Dry,Cloudy,None apparent,Non-intersection:  Non-junction/no special feature,Paved,N/A,Property Damage Only,0,0,0,0,0,0,3500,2,3,Northbound (NB),POINT (-93.765661590061 41.642682299558)
20191145640,19091090,11/05/2019,11-November,3-Tuesday,17:47,1700 Hours,District 2 (Northeast),,BLACK HAWK,US 20,US 20 W MM224,Collision with:  Animal,On Roadway,Non-collision (single vehicle),Animal,None Indicated,None apparent,Dark - roadway not lighted,Dry,Clear,None apparent,Non-intersection:  Non-junction/no special feature,Paved,N/A,Property Damage Only,0,0,0,0,0,0,5000,1,1,Southbound (SB),POINT (-92.483894358795 42.465146231545)
20191144817,19005665,11/05/2019,11-November,3-Tuesday,18:58,1800 Hours,District 1 (Central),AMES,STORY,77,ONTARIO ST,Miscellaneous events:  Hit and run,On Roadway,Non-collision (single vehicle),Other (explain in narrative):  No improper action,None Indicated,None apparent,Dark - roadway lighted,Dry,Cloudy,None apparent,Non-intersection:  Non-junction/no special feature,Paved,N/A,Possible/Unknown,0,1,0,0,1,0,1500,1,2,Southbound (SB),POINT (-93.670459587928 42.034498659786)
20191144723,19-019915,11/06/2019,11-November,4-Wednesday,17:52,1700 Hours,District 2 (Northeast),,FAYETTE,77,FOREST RD,Non-collision events:  Overturn/rollover,Shoulder,Non-collision (single vehicle),Ran off road - right,None Indicated,Weather conditions,Dark - roadway not lighted,Ice/frost,Snow,"Surface condition (e.g., wet, icy)",Non-intersection:  Non-junction/no special feature,Unpaved,N/A,Property Damage Only,0,0,0,0,0,0,6000,1,1,Northbound (NB),POINT (-91.70580715158 42.759929390926)
20191143535,20190035436,11/06/2019,11-November,4-Wednesday,17:07,1700 Hours,District 1 (Central),DES MOINES,POLK,I-235,7TH ST AND INTERSTATE 235/7TH ST SW EXIT RAMP AND SCHOOL ST,Collision with:  Vehicle in traffic,On Roadway,Broadside (front to side),Ran Traffic Signal,None Indicated,None apparent,Dusk,Dry,Clear,None apparent,Intersection:  Four-way intersection,Paved,N/A,Possible/Unknown,0,1,0,0,1,0,2500,3,4,Southbound (SB),POINT (-93.626873575582 41.595244395262)
20191143777,19-1120,11/06/2019,11-November,4-Wednesday,16:42,1600 Hours,District 1 (Central),PLEASANT HILL,POLK,77,4700 BLK LITTLE FOUR MILE CREEK DR,Collision with:  Animal,On Roadway,Non-collision (single vehicle),Animal,None Indicated,Animal in roadway,Dusk,Dry,Clear,None apparent,Non-intersection:  Non-junction/no special feature,Paved,N/A,Property Damage Only,0,0,0,0,0,0,4000,1,1,Southbound (SB),POINT (-93.521398364401 41.600617027436)
20191143854,20190035513,11/07/2019,11-November,5-Thursday,14:21,1400 Hours,District 1 (Central),DES MOINES,POLK,77,CROCKER ST AND 19TH ST AND COTTAGE GROVE AVE,Collision with:  Vehicle in traffic,On Roadway,"Angle, oncoming left turn",Unknown,None Indicated,None apparent,Daylight,Dry,Clear,None apparent,Non-intersection:  Non-junction/no special feature,Paved,N/A,Property Damage Only,0,0,0,0,0,0,2500,2,2,Southbound (SB),POINT (-93.642514665813 41.593482700306)
20191144791,19-019218,11/07/2019,11-November,5-Thursday,00:21,0000 Hours,District 2 (Northeast),,FLOYD,IA-14,STATE 14/IOWA 14,Collision with:  Animal,On Roadway,Non-collision (single vehicle),Animal,None Indicated,Animal in roadway,N/A,N/A,N/A,None apparent,Non-intersection:  Non-junction/no special feature,Paved,N/A,Property Damage Only,0,0,0,0,0,0,5000,1,1,Northbound (NB),POINT (-92.810023617394 43.006625002629)
20191144377,19-35384,11/08/2019,11-November,6-Friday,18:14,1800 Hours,District 1 (Central),NEWTON,JASPER,77,W 4TH ST S,Miscellaneous events:  Hit and run,On Roadway,Rear-end (front to rear),Other (explain in narrative):  Other,None Indicated,None apparent,Dark - roadway lighted,Dry,Clear,None apparent,Non-intersection:  Non-junction/no special feature,Paved,N/A,Property Damage Only,0,0,0,0,0,0,5800,3,1,Northbound (NB),POINT (-93.057992946065 41.69104630007)
20191144361,C19004496,11/08/2019,11-November,6-Friday,18:15,1800 Hours,District 6 (East Central),CORALVILLE,JOHNSON,US 6,2ND AVE AND US 6/2ND ST,Collision with:  Vehicle in traffic,On Roadway,Rear-end (front to rear),Driver Distraction:  Other interior distraction,None Indicated,None apparent,Dark - roadway lighted,Dry,Clear,None apparent,Non-intersection:  Non-junction/no special feature,Paved,N/A,Property Damage Only,0,0,0,0,0,0,1550,2,2,Southbound (SB),POINT (-91.567432972088 41.669603245512)
20191149035,19-11103,11/08/2019,11-November,6-Friday,12:52,1200 Hours,District 5 (Southeast),MOUNT PLEASANT,HENRY,77,W MADISON ST AND N JEFFERSON ST,Collision with:  Vehicle in traffic,On Roadway,Rear to side,Improper Backing,None Indicated,None apparent,Daylight,Dry,Clear,None apparent,Non-intersection:  Non-junction/no special feature,Paved,N/A,Property Damage Only,0,0,0,0,0,0,3450,2,5,Northbound (NB),POINT (-91.554426783417 40.967748545298)
20191144765,SO19000183,11/09/2019,11-November,7-Saturday,02:01,0200 Hours,District 2 (Northeast),,WINNESHIEK,77,LINCOLN HWY RD,Collision with fixed object:  Bridge pier or support,Shoulder,Non-collision (single vehicle),Exceeded authorized speed,Alcohol (< Statutory),None apparent,Dark - roadway not lighted,Dry,Clear,None apparent,Non-intersection:  Non-junction/no special feature,Paved,N/A,Property Damage Only,0,0,0,0,0,0,14180,1,1,Southbound (SB),POINT (-91.772706117313 43.234452205715)
20191144220,2019-42992,11/09/2019,11-November,7-Saturday,18:50,1800 Hours,District 6 (East Central),BETTENDORF,SCOTT,77,FOREST GROVE DR,Collision with:  Animal,Unknown,N/A,Animal,None Indicated,N/A,N/A,N/A,N/A,N/A,N/A,Paved,N/A,Property Damage Only,0,0,0,0,0,0,10000,1,1,Southbound (SB),POINT (-90.502469854172 41.589651178995)
20191147913,2019030358,11/10/2019,11-November,1-Sunday,16:00,1600 Hours,District 6 (East Central),,LINN,77,E02W/URBANA RD,Non-collision events:  Overturn/rollover,Shoulder,Non-collision (single vehicle),Driving too fast for conditions,None Indicated,None apparent,Daylight,Dry,Cloudy,None apparent,Non-intersection:  Non-junction/no special feature,Paved,N/A,Property Damage Only,0,0,0,0,0,0,7000,1,1,Southbound (SB),POINT (-91.818573768733 42.201702964075)
20191145055,2019011748,11/11/2019,11-November,2-Monday,10:45,1000 Hours,District 6 (East Central),IOWA CITY,JOHNSON,77,RUPPERT RD,Collision with:  Vehicle in traffic,On Roadway,Broadside (front to side),Driving too fast for conditions,None Indicated,None apparent,Daylight,Ice/frost,Cloudy,"Surface condition (e.g., wet, icy)",Intersection:  T-intersection,Paved,N/A,Property Damage Only,0,0,0,0,0,0,5500,2,2,Southbound (SB),POINT (-91.549977172693 41.645597176562)
20191144671,19029522,11/11/2019,11-November,2-Monday,16:28,1600 Hours,District 5 (Southeast),OSKALOOSA,MAHASKA,77,700 BLOCK 3RD AVE E,Collision with:  Vehicle in traffic,On Roadway,Rear-end (front to rear),Passing:  Other passing (explain in narrative),None Indicated,None apparent,Daylight,Dry,Cloudy,None apparent,Non-intersection:  Non-junction/no special feature,Paved,N/A,Property Damage Only,0,0,0,0,0,0,4000,2,1,Southbound (SB),POINT (-92.637566684083 41.292657624496)
20191146007,C19004535,11/11/2019,11-November,2-Monday,08:05,0800 Hours,District 6 (East Central),CORALVILLE,JOHNSON,77,WB HEARTLAND DR CURVE PAST COSTCO,Collision with:  Vehicle in traffic,On Roadway,Broadside (front to side),Driving too fast for conditions,None Indicated,Weather conditions,Daylight,Snow,Snow,"Surface condition (e.g., wet, icy)",Intersection:  L-intersection,Paved,N/A,Property Damage Only,0,0,0,0,0,0,5500,2,3,Southbound (SB),POINT (-91.617728188676 41.695447448762)
20191144608,20190036010,11/11/2019,11-November,2-Monday,18:25,1800 Hours,District 1 (Central),DES MOINES,POLK,US 6,2700 DOUGLAS AVE,Collision with:  Vehicle in traffic,On Roadway,"Sideswipe, same direction",Made improper turn,None Indicated,None apparent,Dark - roadway not lighted,Dry,Clear,None apparent,Non-intersection:  Non-junction/no special feature,Paved,N/A,Property Damage Only,0,0,0,0,0,0,1900,2,3,Southbound (SB),POINT (-93.656145477356 41.629056245907)
20191144565,FD19-3300,11/11/2019,11-November,2-Monday,07:57,0700 Hours,District 1 (Central),FORT DODGE,WEBSTER,77,2200 BLK 2ND AVE N,Collision with:  Vehicle in traffic,On Roadway,Rear to side,FTYROW:  From driveway,None Indicated,Visual obstruction,Daylight,Snow,Clear,"Surface condition (e.g., wet, icy)","Non-intersection:  Driveway access (related, not in)",Paved,N/A,Property Damage Only,0,0,0,0,0,0,3500,2,2,Southbound (SB),POINT (-94.167235131059 42.508365164676)
20191145199,19-37406,11/12/2019,11-November,3-Tuesday,13:58,1300 Hours,District 3 (Northwest),SIOUX CITY,WOODBURY,77,S LANCELOT LN AND SOUTHERN HILLS DR,Collision with:  Vehicle in traffic,On Roadway,Rear-end (front to rear),"Operating vehicle in an reckless, erratic, careless, negligent manner",None Indicated,None apparent,Daylight,Dry,Cloudy,None apparent,Intersection:  Four-way intersection,Paved,N/A,Possible/Unknown,0,1,0,0,1,0,3000,2,2,Northbound (NB),POINT (-96.350455474309 42.440745601604)
20191144912,19016746,11/12/2019,11-November,3-Tuesday,08:06,0800 Hours,District 6 (East Central),BELLEVUE,JACKSON,IA-62,N 2ND ST AND STATE 62/STATE ST AND S 2ND ST,Collision with:  Vehicle in traffic,On Roadway,Broadside (front to side),Ran Stop Sign,None Indicated,None apparent,Daylight,Ice/frost,Clear,None apparent,Intersection:  Four-way intersection,Paved,N/A,Possible/Unknown,0,1,0,0,1,0,8500,2,3,Northbound (NB),POINT (-90.424129143683 42.258466346756)
20191145387,19-06212,11/13/2019,11-November,4-Wednesday,06:48,0600 Hours,District 1 (Central),WEST DES MOINES,POLK,I-35,"1700 I-35, WDM (SOUTHBOUND)",Collision with:  Vehicle in traffic,On Roadway,"Sideswipe, same direction",Unknown,None Indicated,None apparent,Dawn,Dry,Clear,None apparent,Non-intersection:  Non-junction/no special feature,Paved,N/A,Property Damage Only,0,0,0,0,0,0,3750,2,2,Eastbound (EB),POINT (-93.777094781059 41.596849164559)
20191145531,19005790,11/13/2019,11-November,4-Wednesday,17:14,1700 Hours,District 1 (Central),AMES,STORY,77,LINCOLN WAY,Collision with:  Vehicle in traffic,On Roadway,Rear-end (front to rear),Lost Control,None Indicated,Weather conditions,Dark - roadway lighted,Slush,Cloudy,"Surface condition (e.g., wet, icy)",Non-intersection:  Non-junction/no special feature,Paved,N/A,Property Damage Only,0,0,0,0,0,0,2000,2,2,Southbound (SB),POINT (-93.677573608072 42.022955511028)
20191146416,20195015,11/13/2019,11-November,4-Wednesday,17:40,1700 Hours,District 1 (Central),WELLSBURG,GRUNDY,77,"200 BLK 2ND ST, WELLSBURG",Collision with:  Parked motor vehicle,Roadside,"Sideswipe, same direction",Lost Control,None Indicated,None apparent,Dark - roadway lighted,Snow,Clear,"Surface condition (e.g., wet, icy)",Intersection:  Four-way intersection,Paved,N/A,Property Damage Only,0,0,0,0,0,0,13000,2,1,Southbound (SB),POINT (-92.928911881306 42.435882032189)
20191145697,2019011856,11/14/2019,11-November,5-Thursday,16:29,1600 Hours,District 6 (East Central),IOWA CITY,JOHNSON,US 6,US 6/S RIVERSIDE DR,Collision with:  Struck/struck by object/cargo/person from other vehicle,On Roadway,"Sideswipe, same direction",Improper or erratic lane changing,None Indicated,None apparent,Daylight,Dry,Clear,None apparent,Intersection:  Four-way intersection,Paved,N/A,Property Damage Only,0,0,0,0,0,0,5500,2,3,Southbound (SB),POINT (-91.540182445891 41.649688394684)
20191146261,2019-003455,11/14/2019,11-November,5-Thursday,17:38,1700 Hours,District 6 (East Central),,DUBUQUE,US 52,US 52,Collision with:  Animal,Unknown,N/A,Animal,None Indicated,N/A,N/A,N/A,N/A,N/A,N/A,Paved,N/A,Property Damage Only,0,0,0,0,0,0,6500,1,1,Northbound (NB),POINT (-90.661625640582 42.45556154664)
20191146267,2019-008630,11/15/2019,11-November,6-Friday,17:09,1700 Hours,District 6 (East Central),DUBUQUE,DUBUQUE,US 20,US 20/DODGE ST,Collision with:  Vehicle in traffic,On Roadway,Rear-end (front to rear),Other (explain in narrative):  Other,Refused,None apparent,Dark - roadway lighted,Dry,Clear,None apparent,Non-intersection:  Non-junction/no special feature,Paved,N/A,Property Damage Only,0,0,0,0,0,0,3900,3,3,Southbound (SB),POINT (-90.706400231846 42.491911468376)
20191161216,,11/15/2019,11-November,6-Friday,09:00,0900 Hours,District 2 (Northeast),,ALLAMAKEE,IA-9,Iowa 0009 / IOWA 9,Collision with:  Animal,On Roadway,Non-collision (single vehicle),Animal,None Indicated,Animal in roadway,Daylight,Dry,Clear,N/A,Non-intersection:  Non-junction/no special feature,Paved,N/A,Property Damage Only,0,0,0,0,0,0,7900,1,1,Southbound (SB),POINT (-91.263729264326 43.364679553013)
20191146447,19-020484,11/16/2019,11-November,7-Saturday,15:59,1500 Hours,District 2 (Northeast),,FAYETTE,77,EAGLE RD,Non-collision events:  Overturn/rollover,On Roadway,Non-collision (single vehicle),Animal,None Indicated,None apparent,Daylight,Ice/frost,Clear,"Surface condition (e.g., wet, icy)",Non-intersection:  Non-junction/no special feature,Unpaved,N/A,Property Damage Only,0,0,0,0,0,0,5000,1,1,Southbound (SB),POINT (-91.720781463698 43.03346501813)
20191146103,CLP19003760,11/16/2019,11-November,7-Saturday,13:35,1300 Hours,District 6 (East Central),CLINTON,CLINTON,US 67,US 67/S 2ND ST AND 4TH AVE S,Collision with:  Vehicle in traffic,On Roadway,Broadside (front to side),Ran Traffic Signal,None Indicated,None apparent,Daylight,Dry,Clear,None apparent,Intersection:  Four-way intersection,Paved,N/A,Property Damage Only,0,0,0,0,0,0,7500,2,5,Northbound (NB),POINT (-90.188260235077 41.842336535584)
20191146192,S19-002904,11/17/2019,11-November,1-Sunday,04:30,0400 Hours,District 4 (Southwest),,POTTAWATTAMIE,I-80,INTERSTATE 80/I 80,Collision with:  Animal,On Roadway,Non-collision (single vehicle),Animal,None Indicated,None apparent,Dark - roadway not lighted,Dry,Clear,None apparent,Non-intersection:  Non-junction/no special feature,Paved,N/A,Property Damage Only,0,0,0,0,0,0,1500,1,1,Southbound (SB),POINT (-95.659259385899 41.402167992815)
20191146990,19017631,11/18/2019,11-November,2-Monday,01:55,0100 Hours,District 6 (East Central),,CEDAR,I-80,INTERSTATE 80/I 80,Collision with:  Animal,On Roadway,Non-collision (single vehicle),Animal,None Indicated,Animal in roadway,N/A,N/A,N/A,None apparent,Non-intersection:  Non-junction/no special feature,Paved,N/A,Property Damage Only,0,0,0,0,0,0,8000,1,4,Southbound (SB),POINT (-91.112218221832 41.644967989573)
20191146649,19-38053,11/18/2019,11-November,2-Monday,13:43,1300 Hours,District 3 (Northwest),SIOUX CITY,WOODBURY,I-29,INTERSTATE 29/I 29,Collision with:  Vehicle in traffic,On Roadway,Rear-end (front to rear),Followed too close,None Indicated,None apparent,Daylight,Dry,Clear,Work Zone (roadway-related),Non-intersection:  Non-junction/no special feature,Paved,Yes,Property Damage Only,0,0,0,0,0,0,8500,2,2,Eastbound (EB),POINT (-96.402492801813 42.488843930073)
20191146953,19-06333,11/19/2019,11-November,3-Tuesday,07:46,0700 Hours,District 1 (Central),WEST DES MOINES,POLK,77,4100 FULLER RD,Collision with:  Vehicle in traffic,On Roadway,Rear-end (front to rear),Followed too close,None Indicated,None apparent,Daylight,Dry,Clear,None apparent,Non-intersection:  Non-junction/no special feature,Paved,N/A,Property Damage Only,0,0,0,0,0,0,9420,2,3,Southbound (SB),POINT (-93.759363473756 41.559254355217)
20191147488,2019-95149,11/19/2019,11-November,3-Tuesday,16:58,1600 Hours,District 6 (East Central),DAVENPORT,SCOTT,77,W 4TH ST AND GAINES ST,Collision with:  Vehicle in traffic,On Roadway,Broadside (front to side),Ran Traffic Signal,None Indicated,None apparent,Dark - roadway lighted,Dry,Clear,None apparent,Intersection:  Four-way intersection,Paved,N/A,Possible/Unknown,0,1,0,0,1,0,6000,2,3,Northbound (NB),POINT (-90.582962457364 41.523518419476)
20191147060,19-021102,11/20/2019,11-November,4-Wednesday,17:47,1700 Hours,District 2 (Northeast),,CHICKASAW,IA-346,STATE 346/270TH,Collision with:  Animal,Unknown,N/A,Animal,None Indicated,N/A,N/A,N/A,N/A,N/A,N/A,Paved,N/A,Property Damage Only,0,0,0,0,0,0,10000,1,2,Southbound (SB),POINT (-92.494446061751 42.965431407482)
20191147291,19-0299,11/20/2019,11-November,4-Wednesday,21:33,2100 Hours,District 1 (Central),POLK CITY,POLK,IA-415,STATE 415/NW POLK CITY DR,Collision with:  Animal,Unknown,N/A,Animal,None Indicated,N/A,N/A,N/A,N/A,N/A,N/A,Unpaved,N/A,Property Damage Only,0,0,0,0,0,0,4500,1,3,Eastbound (EB),POINT (-93.68741291916 41.752648788325)
20191148438,201918678,11/21/2019,11-November,5-Thursday,17:02,1700 Hours,District 6 (East Central),CEDAR RAPIDS,LINN,77,1601 BLAIRS FERRY RD NE,Collision with:  Vehicle in traffic,On Roadway,Rear-end (front to rear),Followed too close,None Indicated,None apparent,Dark - roadway lighted,Dry,Clear,None apparent,Non-intersection:  Non-junction/no special feature,Paved,N/A,Property Damage Only,0,0,0,0,0,0,5000,2,2,Southbound (SB),POINT (-91.660744258602 42.035136641078)
20191147322,201900014351,11/21/2019,11-November,5-Thursday,17:11,1700 Hours,District 4 (Southwest),,DALLAS,IA-141,STATE 141/IOWA 141,Collision with:  Animal,Unknown,N/A,Animal,None Indicated,N/A,N/A,N/A,N/A,N/A,N/A,Paved,N/A,Property Damage Only,0,0,0,0,0,0,1500,1,1,Westbound (WB),POINT (-93.84825699123 41.7702992783)
20191147375,19-8641,11/22/2019,11-November,6-Friday,09:43,0900 Hours,District 1 (Central),URBANDALE,POLK,IA-141,STATE 141/IOWA 141,Collision with:  Vehicle in traffic,On Roadway,"Sideswipe, same direction",FTYROW:  Other (explain in narrative),None Indicated,None apparent,Daylight,Dry,Cloudy,None apparent,Intersection:  T-intersection,Paved,N/A,Property Damage Only,0,0,0,0,0,0,3000,2,2,Westbound (WB),POINT (-93.775076793028 41.650797667497)
20191147556,19-095686,11/22/2019,11-November,6-Friday,06:50,0600 Hours,District 2 (Northeast),,BLACK HAWK,77,V049/N RAYMOND RD,Collision with:  Animal,On Roadway,Non-collision (single vehicle),Animal,None Indicated,Animal in roadway,Dark - roadway not lighted,Dry,Clear,None apparent,Non-intersection:  Non-junction/no special feature,Paved,N/A,Property Damage Only,0,0,0,0,0,0,5000,1,1,Northbound (NB),POINT (-92.219079376352 42.538522127481)
20191148564,19010554,11/23/2019,11-November,7-Saturday,19:20,1900 Hours,District 6 (East Central),,BUCHANAN,77,V065/BENSON-SHADY GROVE AVE MEASURING 1795 FEET WEST FROM 288TH ST AND V065/BENSON-SHADY GROVE AVE,Collision with:  Animal,Unknown,N/A,Animal,None Indicated,N/A,N/A,N/A,N/A,N/A,N/A,Paved,N/A,Property Damage Only,0,0,0,0,0,0,5500,1,1,Northbound (NB),POINT (-92.061874430702 42.37159041114)
20191147774,19009442,11/24/2019,11-November,1-Sunday,19:44,1900 Hours,District 1 (Central),,HAMILTON,77,R021/STAGECOACH RD,Collision with:  Animal,Unknown,N/A,Animal,None Indicated,N/A,N/A,N/A,N/A,N/A,N/A,Paved,N/A,Property Damage Only,0,0,0,0,0,0,3500,1,4,Northbound (NB),POINT (-93.923232065591 42.354789069772)
20191148931,19-38817,11/25/2019,11-November,2-Monday,04:01,0400 Hours,District 3 (Northwest),SIOUX CITY,WOODBURY,77,FAIRBANKS ST,Miscellaneous events:  Hit and run,On Roadway,Rear-end (front to rear),Unknown,None Indicated,None apparent,Dark - roadway lighted,Dry,Cloudy,None apparent,Non-intersection:  Non-junction/no special feature,Paved,N/A,Property Damage Only,0,0,0,0,0,0,2000,2,1,Northbound (NB),POINT (-96.484721356172 42.513725770059)
20191148011,19-8711,11/25/2019,11-November,2-Monday,15:28,1500 Hours,District 1 (Central),PLEASANT HILL,POLK,77,F070/SE VANDALIA DR/5600 BLK SE VANDALIA DR,Collision with fixed object:  Guardrail - end,On Roadway,Non-collision (single vehicle),Disregarded RR Signal,None Indicated,None apparent,Daylight,Dry,Clear,None apparent,Non-intersection:  Railroad grade crossing,Paved,N/A,Property Damage Only,0,0,0,0,0,0,6000,1,1,Southbound (SB),POINT (-93.498927542965 41.563867944264)
20191148934,19-38955,11/26/2019,11-November,3-Tuesday,10:46,1000 Hours,District 3 (Northwest),SIOUX CITY,WOODBURY,77,S LAKEPORT ST AND GLENN AVE,Collision with:  Vehicle in traffic,On Roadway,"Angle, oncoming left turn",FTYROW:  Making left turn,None Indicated,None apparent,Daylight,Dry,Cloudy,None apparent,Intersection:  Four-way intersection,Paved,N/A,Possible/Unknown,0,2,0,0,2,0,10000,2,3,Southbound (SB),POINT (-96.346440440671 42.465553553511)
20191148344,201900014595,11/26/2019,11-November,3-Tuesday,17:54,1700 Hours,District 4 (Southwest),,DALLAS,I-80,INTERSTATE 80/I 80,Collision with:  Struck/struck by object/cargo/person from other vehicle,On Roadway,Non-collision (single vehicle),Cargo/equipment loss or shift,None Indicated,Weather conditions,Dark - roadway not lighted,Wet,Rain,None apparent,Non-intersection:  Non-junction/no special feature,Paved,N/A,Property Damage Only,0,0,0,0,0,0,5600,2,2,Southbound (SB),POINT (-93.899454154992 41.559117522324)
20191149412,CG1901850,11/27/2019,11-November,4-Wednesday,18:00,1800 Hours,District 2 (Northeast),,CERRO GORDO,77,B030/265TH ST,Non-collision events:  Overturn/rollover,Outside trafficway,Non-collision (single vehicle),Driving too fast for conditions,None Indicated,Weather conditions,Dark - roadway not lighted,Ice/frost,Other (explain in narrative),"Surface condition (e.g., wet, icy)",Non-intersection:  Non-junction/no special feature,Paved,N/A,Possible/Unknown,0,1,0,0,1,0,15000,1,1,Southbound (SB),POINT (-93.107843612471 43.14819989331)
20191154572,K19-41052,11/28/2019,11-November,5-Thursday,18:42,1800 Hours,District 5 (Southeast),KEOKUK,LEE,US 218,US 218/MAIN ST,Collision with:  Vehicle in traffic,On Roadway,"Angle, oncoming left turn",FTYROW:  Making left turn,None Indicated,None apparent,Dark - roadway not lighted,Dry,Cloudy,None apparent,Intersection:  Four-way intersection,Paved,N/A,Minor Injury,0,1,0,1,0,0,9000,3,4,Northbound (NB),POINT (-91.407438337068 40.418933058295)