Iowa DOT Case Number,Law Enforcement Case Number,Date of Crash,Month of Crash,Day of Week,Time of Crash,Hour,DOT District,City Name,County Name,Route with System,Location Description,First Harmful Event,Location of First Harmful Event,Manner of Crash/Collision,Major Cause,Drug or Alcohol ,Environmental Conditions,Light Conditions,Surface Conditions,Weather Conditions,Roadway Contribution,Roadway Type,Roadway Surface,Work Zone,Crash Severity,Number of Fatalities,Number of Injuries,Number of Major Injuries,Number of Minor Injuries,Number of Possible Injuries,Number of Unknown Injuries,Amount of Property Damage,Number of Vehicles Involved,Total Number of Occupants,Travel Direction,Location
20191148830,19-17149,11/29/2019,11-November,6-Friday,16:05,1600 Hours,District 3 (Northwest),SPIRIT LAKE,DICKINSON,US 71,US 71/18TH ST,Collision with fixed object:  Utility pole/light support,On Roadway,Non-collision (single vehicle),Driving too fast for conditions,None Indicated,Weather conditions,Dusk,Slush,Snow,"Surface condition (e.g., wet, icy)",Non-intersection:  Non-junction/no special feature,Paved,N/A,Property Damage Only,0,0,0,0,0,0,2200,1,2,Northbound (NB),POINT (-95.094846500498 43.422880095127)
20191148575,201904222,11/29/2019,11-November,6-Friday,07:49,0700 Hours,District 6 (East Central),,LINN,77,E036/BLAIRS FERRY RD MEASURING 4914 FEET WEST FROM CHAIN LAKES RD AND E036/BLAIRS FERRY RD,Collision with fixed object:  Bridge/bridge rail parapet,On Roadway,Non-collision (single vehicle),Lost Control,None Indicated,None apparent,Daylight,Ice/frost,Freezing rain/drizzle,"Surface condition (e.g., wet, icy)",Non-intersection:  Non-junction/no special feature,Paved,N/A,Property Damage Only,0,0,0,0,0,0,1600,1,1,Southbound (SB),POINT (-91.78282354771 42.068667121026)
20191148703,201904240,11/30/2019,11-November,7-Saturday,22:05,2200 Hours,District 6 (East Central),,LINN,I-380,INTERSTATE 380/I 380,Non-collision events:  Non-contact vehicle (phantom),On Roadway,Non-collision (single vehicle),Ran off road - right,None Indicated,Weather conditions,Dark - roadway not lighted,Ice/frost,Freezing rain/drizzle,"Surface condition (e.g., wet, icy)",Non-intersection:  Non-junction/no special feature,Paved,N/A,Possible/Unknown,0,1,0,0,1,0,17000,1,1,Northbound (NB),POINT (-91.820143463301 42.19545983686)
20191148974,20190014714,11/30/2019,11-November,7-Saturday,08:35,0800 Hours,District 4 (Southwest),,DALLAS,I-80,INTERSTATE 80/I 80 113MM EB,Collision with fixed object:  Cable barrier,On Roadway,Non-collision (single vehicle),Driver Distraction:  Reaching for object(s)/fallen object(s),None Indicated,None apparent,Daylight,Wet,Rain,None apparent,Non-intersection:  Non-junction/no special feature,Paved,N/A,Property Damage Only,0,0,0,0,0,0,15000,1,4,Southbound (SB),POINT (-93.960459356791 41.546248192804)
20191149677,201919194,12/01/2019,12-December,1-Sunday,13:26,1300 Hours,District 6 (East Central),CEDAR RAPIDS,LINN,77,5500 BLOCK EDGEWOOD RD NE,Collision with:  Vehicle in traffic,On Roadway,Broadside (front to side),Ran Traffic Signal,None Indicated,None apparent,Daylight,Dry,Cloudy,None apparent,Intersection:  Four-way intersection,Paved,N/A,Property Damage Only,0,0,0,0,0,0,7000,2,3,Northbound (NB),POINT (-91.701262160434 42.033449808979)
20191150279,19-1217,12/02/2019,12-December,2-Monday,07:35,0700 Hours,District 1 (Central),PLEASANT HILL,POLK,IA-163,5900 BLK STATE 163/E UNIVERSITY AVE,Collision with:  Vehicle in traffic,On Roadway,Rear-end (front to rear),Followed too close,None Indicated,None apparent,Daylight,Dry,Clear,None apparent,Non-intersection:  Non-junction/no special feature,Paved,N/A,Minor Injury,0,1,0,1,0,0,3500,2,2,Southbound (SB),POINT (-93.49224736778 41.598619824809)
20191149169,19-006037,12/03/2019,12-December,3-Tuesday,07:24,0700 Hours,District 3 (Northwest),,LYON,77,K010/110TH ST,Collision with:  Animal,On Roadway,Non-collision (single vehicle),Animal,None Indicated,Animal in roadway,N/A,N/A,N/A,N/A,N/A,Paved,N/A,Property Damage Only,0,0,0,0,0,0,3000,1,1,Southbound (SB),POINT (-96.580845580455 43.49083653408)
20191149288,19120381401,12/03/2019,12-December,3-Tuesday,15:29,1500 Hours,District 6 (East Central),,CLINTON,IA-136,STATE 136/IOWA 136 MEASURING 656 FEET EAST FROM STATE 136/IOWA 136 AND 210 ST,Collision with:  Vehicle in traffic,Other (explain in narrative),Rear-end (front to rear),Followed too close,None Indicated,None apparent,Daylight,Dry,Clear,None apparent,Non-intersection:  Non-junction/no special feature,Paved,N/A,Property Damage Only,0,0,0,0,0,0,11000,2,4,Northbound (NB),POINT (-90.244315146535 41.873631181179)
20191149556,20190038547,12/04/2019,12-December,4-Wednesday,11:05,1100 Hours,District 1 (Central),DES MOINES,POLK,I-235,INTERSTATE 235/I 235,Collision with fixed object:  Concrete traffic barrier (median or right side),On Roadway,"Sideswipe, same direction",Ran off road - right,None Indicated,None apparent,Daylight,Dry,Clear,None apparent,Non-intersection:  Non-junction/no special feature,Paved,N/A,Minor Injury,0,2,0,2,0,0,16000,2,3,Westbound (WB),POINT (-93.635004515578 41.596028438754)
20191149447,2019-98828,12/04/2019,12-December,4-Wednesday,09:08,0900 Hours,District 6 (East Central),DAVENPORT,SCOTT,77,5701 N DIVISION ST,Collision with fixed object:  Utility pole/light support,Outside trafficway,Non-collision (single vehicle),Other (explain in narrative):  Other,None Indicated,None apparent,Daylight,Dry,Clear,None apparent,Non-intersection:  Non-junction/no special feature,Paved,N/A,Minor Injury,0,1,0,1,0,0,5250,1,3,Northbound (NB),POINT (-90.600287038049 41.580351625947)
20191149661,20190038638,12/05/2019,12-December,5-Thursday,06:45,0600 Hours,District 1 (Central),DES MOINES,POLK,77,6TH AVE MEASURING 87 FEET EAST FROM DOUGLAS AVE,Collision with:  Re-entering roadway,On Roadway,Broadside (front to side),FTYROW:  From stop sign,None Indicated,None apparent,Daylight,Dry,Clear,None apparent,Intersection:  Four-way intersection,Paved,N/A,Property Damage Only,0,0,0,0,0,0,8500,2,4,Northbound (NB),POINT (-93.624815595453 41.629428965774)
20191150201,19006163,12/05/2019,12-December,5-Thursday,15:31,1500 Hours,District 1 (Central),AMES,STORY,77,LINCOLN WAY AND S WILMOTH AVE AND WILMOTH AVE,Collision with:  Vehicle in traffic,On Roadway,Broadside (front to side),FTYROW:  From stop sign,None Indicated,None apparent,Daylight,Dry,Clear,None apparent,Intersection:  Four-way intersection,Paved,N/A,Possible/Unknown,0,2,0,0,2,0,3500,2,2,Northbound (NB),POINT (-93.66161534607 42.02276940268)
20191149934,19-006904,12/06/2019,12-December,6-Friday,15:54,1500 Hours,District 1 (Central),ANKENY,POLK,77,100-B NE DELAWARE AVE,Collision with:  Vehicle in traffic,On Roadway,"Sideswipe, same direction",Improper or erratic lane changing,None Indicated,None apparent,Daylight,Dry,Clear,None apparent,Intersection:  Four-way intersection,Paved,N/A,Property Damage Only,0,0,0,0,0,0,2000,2,5,Northbound (NB),POINT (-93.581048838479 41.732753962782)
20191150661,2019032719,12/07/2019,12-December,7-Saturday,06:32,0600 Hours,District 6 (East Central),CORALVILLE,JOHNSON,US 6,HWY 6 @ 6TH AVE,Collision with:  Vehicle in traffic,On Roadway,Rear-end (front to rear),Followed too close,None Indicated,None apparent,Dark - roadway lighted,Dry,Clear,None apparent,Non-intersection:  Non-junction/no special feature,Paved,N/A,Property Damage Only,0,0,0,0,0,0,7000,2,2,Southbound (SB),POINT (-91.574044842972 41.671549901104)
20191150195,19-16920,12/07/2019,12-December,7-Saturday,15:37,1500 Hours,District 6 (East Central),,JONES,IA-38,STATE 38/IOWA 38,Collision with:  Animal,Unknown,N/A,Animal,None Indicated,N/A,N/A,N/A,N/A,N/A,N/A,Paved,N/A,Property Damage Only,0,0,0,0,0,0,3000,1,2,Northbound (NB),POINT (-91.097465998405 42.081144501754)
20191150304,2019-009234,12/08/2019,12-December,1-Sunday,15:50,1500 Hours,District 6 (East Central),DUBUQUE,DUBUQUE,77,ASBURY RD AND MULLEN RD,Collision with:  Vehicle in traffic,On Roadway,Other (explain in narrative),Lost Control,None Indicated,None apparent,Daylight,Gravel,Clear,None apparent,Non-intersection:  Non-junction/no special feature,Paved,N/A,Possible/Unknown,0,2,0,0,2,0,2800,3,5,Northbound (NB),POINT (-90.705697115982 42.507476452003)
20191150600,W19-100409,12/09/2019,12-December,2-Monday,11:44,1100 Hours,District 2 (Northeast),WATERLOO,BLACK HAWK,77,W 4TH ST AND ANSBOROUGH AVE,Collision with:  Vehicle in traffic,On Roadway,Broadside (front to side),Driving too fast for conditions,None Indicated,Weather conditions,Daylight,Snow,Snow,"Surface condition (e.g., wet, icy)",Intersection:  Four-way intersection,Paved,N/A,Property Damage Only,0,0,0,0,0,0,3700,2,3,Northbound (NB),POINT (-92.376679507964 42.472943753645)
20191150471,20190039169,12/09/2019,12-December,2-Monday,19:07,1900 Hours,District 1 (Central),DES MOINES,POLK,77,SE 7TH ST AND INDIANOLA AVE,Other (explain in narrative),On Roadway,Non-collision (single vehicle),Driving too fast for conditions,None Indicated,None apparent,Dark - roadway lighted,Ice/frost,Clear,None apparent,Non-intersection:  Non-junction/no special feature,Paved,N/A,Property Damage Only,0,0,0,0,0,0,3500,1,1,Northbound (NB),POINT (-93.604462687945 41.559551496134)
20191150426,19-41659,12/09/2019,12-December,2-Monday,14:27,1400 Hours,District 5 (Southeast),BURLINGTON,DES MOINES,77,WELLSHIRE DR AND W ROOSEVELT FRONTAGE AND WEST AVE,Collision with:  Vehicle in traffic,On Roadway,Broadside (front to side),Made improper turn,None Indicated,None apparent,Daylight,Dry,Cloudy,None apparent,Non-intersection:  Non-junction/no special feature,Paved,N/A,Property Damage Only,0,0,0,0,0,0,14958,2,2,Southbound (SB),POINT (-91.142961546075 40.800416995999)
20191150718,19006220,12/09/2019,12-December,2-Monday,10:00,1000 Hours,District 1 (Central),AMES,STORY,77,HYLAND AVE,Collision with:  Vehicle in traffic,On Roadway,Broadside (front to side),Lost Control,None Indicated,Weather conditions,Daylight,Snow,Snow,"Surface condition (e.g., wet, icy)",Intersection:  T-intersection,Paved,N/A,Property Damage Only,0,0,0,0,0,0,11000,3,6,Northbound (NB),POINT (-93.655634839016 42.034386156207)
20191150699,19001866,12/10/2019,12-December,3-Tuesday,12:53,1200 Hours,District 6 (East Central),IOWA CITY,JOHNSON,77,39 SOUTH HOSPITAL DR,Collision with:  Vehicle in traffic,In parking lane/zone,Rear to side,Other (explain in narrative):  Other,None Indicated,None apparent,Daylight,Dry,Clear,None apparent,Non-intersection:  Non-junction/no special feature,Paved,N/A,Property Damage Only,0,0,0,0,0,0,2500,2,1,Northbound (NB),POINT (-91.545996639753 41.657607086185)
20191153745,2019032985,12/11/2019,12-December,4-Wednesday,06:50,0600 Hours,District 1 (Central),,JASPER,I-80,INTERSTATE 80/I 80 EB@168MM,Collision with:  Animal,Unknown,N/A,Animal,None Indicated,N/A,N/A,N/A,N/A,N/A,N/A,Paved,N/A,Property Damage Only,0,0,0,0,0,0,2500,1,1,Southbound (SB),POINT (-92.985581888104 41.682016837699)
20191152034,19-012805,12/11/2019,12-December,4-Wednesday,17:59,1700 Hours,District 6 (East Central),,BENTON,77,E022/61 ST MEASURING 378 FEET WEST FROM US 218/24 AVE AND E022/61 ST,Collision with:  Animal,Unknown,N/A,Animal,None Indicated,N/A,N/A,N/A,N/A,N/A,N/A,Paved,N/A,Property Damage Only,0,0,0,0,0,0,1500,1,2,Southbound (SB),POINT (-92.029430665695 42.144915102452)
20191152063,19011169,12/11/2019,12-December,4-Wednesday,18:25,1800 Hours,District 5 (Southeast),,LOUISA,US 61,US 61,Collision with:  Animal,Unknown,N/A,Animal,None Indicated,N/A,N/A,N/A,N/A,N/A,N/A,Paved,N/A,Property Damage Only,0,0,0,0,0,0,2000,1,4,Northbound (NB),POINT (-91.198230667018 41.219092879952)
20191151077,19018520,12/12/2019,12-December,5-Thursday,09:55,0900 Hours,District 1 (Central),MONTOUR,TAMA,77,E049/HWY E40,Non-collision events:  Overturn/rollover,Shoulder,Non-collision (single vehicle),Ran off road - right,None Indicated,None apparent,Daylight,Wet,Cloudy,None apparent,Non-intersection:  Non-junction/no special feature,Paved,N/A,Property Damage Only,0,0,0,0,0,0,20000,1,1,Southbound (SB),POINT (-92.722881189497 41.978650918639)
20191152585,201919919,12/13/2019,12-December,6-Friday,11:34,1100 Hours,District 6 (East Central),CEDAR RAPIDS,LINN,77,BLAIRS FERRY RD NE,Collision with:  Vehicle in traffic,On Roadway,Rear-end (front to rear),Followed too close,None Indicated,None apparent,Daylight,Dry,Cloudy,None apparent,Non-intersection:  Non-junction/no special feature,Paved,N/A,Property Damage Only,0,0,0,0,0,0,5500,3,3,Southbound (SB),POINT (-91.67296628181 42.034747246281)
20191152059,19-40723,12/13/2019,12-December,6-Friday,07:36,0700 Hours,District 3 (Northwest),SIOUX CITY,WOODBURY,77,3100 BLK OUTER DR N,Collision with:  Vehicle in traffic,On Roadway,Rear-end (front to rear),Driving too fast for conditions,None Indicated,None apparent,Dawn,Wet,Cloudy,"Surface condition (e.g., wet, icy)",Non-intersection:  Non-junction/no special feature,Paved,N/A,Property Damage Only,0,0,0,0,0,0,1500,2,3,Southbound (SB),POINT (-96.370862971538 42.534369878561)
20191151928,W19-101501,12/13/2019,12-December,6-Friday,15:30,1500 Hours,District 2 (Northeast),WATERLOO,BLACK HAWK,77,00 BLOCK VINTON ST,Collision with:  Vehicle in traffic,On Roadway,Rear-end (front to rear),Other (explain in narrative):  Other,None Indicated,None apparent,Daylight,Dry,Cloudy,None apparent,Non-intersection:  Non-junction/no special feature,Paved,N/A,Property Damage Only,0,0,0,0,0,0,15000,2,3,Northbound (NB),POINT (-92.322099088518 42.488295104963)
20191151484,W19-101841,12/14/2019,12-December,7-Saturday,16:20,1600 Hours,District 2 (Northeast),WATERLOO,BLACK HAWK,77,FRANKLIN ST AND E 11TH ST,Collision with:  Vehicle in traffic,On Roadway,Broadside (front to side),Ran Traffic Signal,None Indicated,None apparent,Dusk,Dry,Clear,None apparent,Intersection:  Four-way intersection,Paved,N/A,Property Damage Only,0,0,0,0,0,0,13000,2,2,Northbound (NB),POINT (-92.325803053539 42.495773786606)
20191151482,20190039772,12/15/2019,12-December,1-Sunday,01:42,0100 Hours,District 1 (Central),DES MOINES,POLK,77,FRAZIER AVE AND SW 9TH ST,Miscellaneous events:  Hit and run,On Roadway,Broadside (front to side),Unknown,None Indicated,None apparent,Dark - roadway lighted,Dry,Clear,None apparent,Non-intersection:  Non-junction/no special feature,Paved,N/A,Possible/Unknown,0,2,0,0,1,1,6000,2,6,Northbound (NB),POINT (-93.625753643222 41.536405900508)
20191151533,20190039789,12/15/2019,12-December,1-Sunday,10:50,1000 Hours,District 1 (Central),DES MOINES,POLK,77,E 19TH ST MEASURING 126 FEET SOUTH FROM CLEVELAND AVE AND E 19TH ST,Miscellaneous events:  Hit and run,On Roadway,Head-on (front to front),"Operating vehicle in an reckless, erratic, careless, negligent manner",None Indicated,None apparent,Daylight,Dry,Cloudy,None apparent,Non-intersection:  Non-junction/no special feature,Paved,N/A,Property Damage Only,0,0,0,0,0,0,2500,2,3,Northbound (NB),POINT (-93.584590194959 41.604636544747)
20191151943,2019-009415,12/16/2019,12-December,2-Monday,11:10,1100 Hours,District 6 (East Central),DUBUQUE,DUBUQUE,77,JACKSON ST AND E 16TH ST,Collision with:  Vehicle in traffic,On Roadway,Broadside (front to side),FTYROW:  From stop sign,None Indicated,None apparent,Daylight,Dry,Clear,None apparent,Intersection:  Four-way intersection,Paved,N/A,Property Damage Only,0,0,0,0,0,0,2000,2,2,Northbound (NB),POINT (-90.666648261473 42.508569744483)
20191152626,S19-102411,12/16/2019,12-December,2-Monday,20:10,2000 Hours,District 2 (Northeast),,BLACK HAWK,77,V027/KIMBALL AVE,Collision with:  Animal,Median,Non-collision (single vehicle),Animal,None Indicated,Animal in roadway,Dark - roadway not lighted,Dry,Clear,None apparent,Non-intersection:  Non-junction/no special feature,Paved,N/A,Possible/Unknown,0,1,0,0,1,0,10000,1,1,Northbound (NB),POINT (-92.357468402301 42.394621141292)
20191151920,19-018916,12/17/2019,12-December,3-Tuesday,02:27,0200 Hours,District 4 (Southwest),COUNCIL BLUFFS,POTTAWATTAMIE,77,4TH AVE,Collision with fixed object:  Fence,Other (explain in narrative),Non-collision (single vehicle),Driving too fast for conditions,None Indicated,Weather conditions,Dark - roadway not lighted,Snow,Clear,Work Zone (roadway-related),Non-intersection:  Non-junction/no special feature,Paved,Yes,Property Damage Only,0,0,0,0,0,0,5300,1,1,Southbound (SB),POINT (-95.896473061706 41.258028976379)
20191152240,19-42424,12/17/2019,12-December,3-Tuesday,08:05,0800 Hours,District 5 (Southeast),,DES MOINES,77,US 61 AND 198TH ST,Collision with:  Vehicle in traffic,On Roadway,Rear-end (front to rear),Driver Distraction:  Passenger,None Indicated,None apparent,Daylight,Dry,Clear,None apparent,Non-intersection:  Non-junction/no special feature,Paved,N/A,Property Damage Only,0,0,0,0,0,0,4000,2,4,Southbound (SB),POINT (-91.170133201088 40.968314384873)
20191152495,2019-009486,12/18/2019,12-December,4-Wednesday,15:20,1500 Hours,District 6 (East Central),DUBUQUE,DUBUQUE,77,N CRESCENT RIDGE AND US 20/DODGE ST AND CRESCENT RDG,Collision with:  Vehicle in traffic,On Roadway,"Sideswipe, same direction",Made improper turn,None Indicated,None apparent,Daylight,Dry,Clear,None apparent,Intersection:  Four-way intersection,Paved,N/A,Property Damage Only,0,0,0,0,0,0,7000,2,3,Southbound (SB),POINT (-90.73232698447 42.490320419424)
20191152386,19-018984,12/18/2019,12-December,4-Wednesday,13:32,1300 Hours,District 4 (Southwest),COUNCIL BLUFFS,POTTAWATTAMIE,I-29,54MM I29 SB,Non-collision events:  Overturn/rollover,On Roadway,Non-collision (single vehicle),Ran off road - right,None Indicated,None apparent,Daylight,Dry,Clear,None apparent,Non-intersection:  Non-junction/no special feature,Paved,N/A,Major Injury,0,2,2,0,0,0,2000,1,4,Northbound (NB),POINT (-95.907934950284 41.268340230701)
20191153407,90-19-553,12/19/2019,12-December,5-Thursday,07:18,0700 Hours,District 1 (Central),,HUMBOLDT,US 169,US 169/LINCOLN AVE,Collision with:  Animal,On Roadway,Non-collision (single vehicle),Animal,None Indicated,Animal in roadway,Dawn,Dry,Cloudy,None apparent,Non-intersection:  Non-junction/no special feature,Paved,N/A,Property Damage Only,0,0,0,0,0,0,4000,1,1,Northbound (NB),POINT (-94.226718698158 42.692879808665)
20191153025,2019-102959,12/19/2019,12-December,5-Thursday,18:05,1800 Hours,District 6 (East Central),DAVENPORT,SCOTT,77,W 14TH ST,Collision with:  Vehicle in traffic,On Roadway,Rear-end (front to rear),Lost Control,None Indicated,None apparent,Dark - roadway lighted,Dry,Clear,None apparent,Non-intersection:  Non-junction/no special feature,Paved,N/A,Property Damage Only,0,0,0,0,0,0,6000,2,1,Southbound (SB),POINT (-90.587761026745 41.534030662492)
20191154063,201920328,12/20/2019,12-December,6-Friday,22:08,2200 Hours,District 6 (East Central),CEDAR RAPIDS,LINN,IA-922,WILLIAMS BLVD/12TH AVE SW,Collision with:  Vehicle in traffic,On Roadway,Broadside (front to side),Failure to dim lights/have lights on,None Indicated,None apparent,Dark - roadway lighted,Dry,Clear,None apparent,Non-intersection:  Non-junction/no special feature,Paved,N/A,Minor Injury,0,2,0,2,0,0,10000,2,3,Northbound (NB),POINT (-91.705674166782 41.965411089275)
20191154045,19-011661,12/20/2019,12-December,6-Friday,17:42,1700 Hours,District 6 (East Central),,CLAYTON,77,C09Y/GREAT RIVER RD,Collision with fixed object:  Ditch,Shoulder,Non-collision (single vehicle),Lost Control,Drug/Alcohol (Statutory),None apparent,Dark - roadway not lighted,Dry,Clear,None apparent,Non-intersection:  Non-junction/no special feature,Paved,N/A,Major Injury,0,1,1,0,0,0,10450,1,1,Northbound (NB),POINT (-91.048625111142 42.710326183064)
20191153072,20190040528,12/21/2019,12-December,7-Saturday,22:43,2200 Hours,District 1 (Central),DES MOINES,POLK,US 69,US 69/E 14TH ST MEASURING 59 FEET EAST FROM E 14TH ST,Collision with fixed object:  Utility pole/light support,Outside trafficway,Non-collision (single vehicle),Ran off road - right,None Indicated,None apparent,Dark - roadway lighted,Dry,Clear,None apparent,Non-intersection:  Non-junction/no special feature,Paved,N/A,Property Damage Only,0,0,0,0,0,0,9000,1,5,Eastbound (EB),POINT (-93.596844696756 41.589207220935)
20191153188,2019034069,12/22/2019,12-December,1-Sunday,19:20,1900 Hours,District 3 (Northwest),,CHEROKEE,77,PILOT ROCK RD/ R AVE,Collision with fixed object:  Ditch,Outside trafficway,Non-collision (single vehicle),Ran Stop Sign,None Indicated,None apparent,Dark - roadway not lighted,Gravel,Clear,None apparent,Intersection:  T-intersection,Unpaved,N/A,Property Damage Only,0,0,0,0,0,0,10000,1,4,Northbound (NB),POINT (-95.525224882205 42.69877355859)
20191153073,20190040547,12/22/2019,12-December,1-Sunday,02:47,0200 Hours,District 1 (Central),DES MOINES,POLK,77,E PARK AVE AND SE 6TH ST,Collision with:  Parked motor vehicle,On Roadway,"Sideswipe, same direction","Operating vehicle in an reckless, erratic, careless, negligent manner",None Indicated,None apparent,Dark - roadway lighted,Dry,Clear,None apparent,Non-intersection:  Non-junction/no special feature,Paved,N/A,Property Damage Only,0,0,0,0,0,0,15236,2,1,Southbound (SB),POINT (-93.605299003305 41.555358700973)
20191154818,19-013291,12/23/2019,12-December,2-Monday,17:46,1700 Hours,District 1 (Central),,HARDIN,77,S033/CO HWY S33,Collision with:  Animal,Unknown,N/A,Animal,None Indicated,N/A,N/A,N/A,N/A,N/A,N/A,Paved,N/A,Property Damage Only,0,0,0,0,0,0,1500,1,1,Northbound (NB),POINT (-93.282248039419 42.535810190392)
20191153594,20190040804,12/24/2019,12-December,3-Tuesday,21:00,2100 Hours,District 1 (Central),DES MOINES,POLK,77,SANDAHL AVE 50FT EST OF E 8TH ST,Collision with:  Parked motor vehicle,On Roadway,Unknown,Unknown,None Indicated,None apparent,Dark - roadway not lighted,Dry,Clear,None apparent,Non-intersection:  Non-junction/no special feature,Paved,N/A,Possible/Unknown,0,1,0,0,0,1,3000,2,2,Southbound (SB),POINT (-93.60838199441 41.616825970482)
20191153633,19-019259,12/25/2019,12-December,4-Wednesday,12:26,1200 Hours,District 4 (Southwest),COUNCIL BLUFFS,POTTAWATTAMIE,77,4000 BLOCK RAMELLE DR (STREET PARKING),Collision with:  Vehicle in traffic,On Roadway,Unknown,Failed to keep in proper lane,None Indicated,None apparent,Daylight,Dry,Clear,None apparent,Non-intersection:  Non-junction/no special feature,Paved,N/A,Property Damage Only,0,0,0,0,0,0,3000,2,2,Northbound (NB),POINT (-95.889938629193 41.221087171375)
20191154147,2019-104500,12/26/2019,12-December,5-Thursday,02:17,0200 Hours,District 6 (East Central),DAVENPORT,SCOTT,77,E 46TH ST,Collision with:  Vehicle in traffic,On Roadway,Rear-end (front to rear),Ran off road - right,None Indicated,None apparent,Dark - roadway not lighted,Dry,Clear,None apparent,Non-intersection:  Non-junction/no special feature,Paved,N/A,Property Damage Only,0,0,0,0,0,0,15000,2,2,Southbound (SB),POINT (-90.545454200991 41.567476205958)
20191153967,2019-104793,12/27/2019,12-December,6-Friday,10:32,1000 Hours,District 6 (East Central),DAVENPORT,SCOTT,77,E 53RD ST AND UTICA RIDGE RD,Collision with:  Vehicle in traffic,On Roadway,"Sideswipe, same direction",Other (explain in narrative):  Other,None Indicated,None apparent,Daylight,Dry,Clear,None apparent,Intersection:  Four-way intersection,Paved,N/A,Property Damage Only,0,0,0,0,0,0,7000,2,5,Northbound (NB),POINT (-90.513376499462 41.574919257319)
20191154126,19-2360,12/27/2019,12-December,6-Friday,17:44,1700 Hours,District 1 (Central),,GREENE,US 30,US 30/220TH,Other (explain in narrative),On Roadway,Rear-end (front to rear),Other (explain in narrative):  Other,None Indicated,None apparent,Dark - roadway not lighted,Dry,Clear,None apparent,Non-intersection:  Non-junction/no special feature,Paved,N/A,Property Damage Only,0,0,0,0,0,0,11500,2,2,Southbound (SB),POINT (-94.344523218342 42.034570692818)
20191154533,201900055034,12/28/2019,12-December,7-Saturday,19:42,1900 Hours,District 5 (Southeast),OTTUMWA,WAPELLO,77,N MCLEAN ST,Collision with:  Parked motor vehicle,Roadside,Rear-end (front to rear),Lost Control,Under Influence of Alcohol/Drugs/Medications,None apparent,Dark - roadway lighted,Wet,Rain,None apparent,Non-intersection:  Non-junction/no special feature,Paved,N/A,Property Damage Only,0,0,0,0,0,0,5500,2,1,Northbound (NB),POINT (-92.414887983135 41.028142282175)
20191154221,19-019408,12/29/2019,12-December,1-Sunday,18:48,1800 Hours,District 4 (Southwest),COUNCIL BLUFFS,POTTAWATTAMIE,77,STATE 192/S EXPRESSWAY,Collision with:  Vehicle in traffic,On Roadway,Rear-end (front to rear),Other (explain in narrative):  No improper action,None Indicated,Weather conditions,Dark - roadway lighted,Snow,Snow,None apparent,Non-intersection:  Non-junction/no special feature,Paved,N/A,Minor Injury,0,2,0,2,0,0,16000,2,3,Northbound (NB),POINT (-95.853866563363 41.250123485321)
20191154271,20190041296,12/30/2019,12-December,2-Monday,05:35,0500 Hours,District 1 (Central),DES MOINES,POLK,77,UNIVERSITY AVE AND 19TH ST,Collision with:  Vehicle in traffic,On Roadway,Broadside (front to side),Other (explain in narrative):  Other,None Indicated,Unknown,Dark - roadway lighted,Wet,Cloudy,Unknown,Intersection:  Four-way intersection,Paved,N/A,Property Damage Only,0,0,0,0,0,0,3500,2,2,Northbound (NB),POINT (-93.642559455813 41.600418019851)
20191154945,1912-115,12/30/2019,12-December,2-Monday,14:30,1400 Hours,District 3 (Northwest),SIBLEY,OSCEOLA,77,7TH AVE AND 10TH ST,Collision with:  Vehicle in traffic,On Roadway,Broadside (front to side),FTYROW:  At uncontrolled intersection,None Indicated,None apparent,Daylight,Snow,Clear,None apparent,Intersection:  Four-way intersection,Unpaved,N/A,Property Damage Only,0,0,0,0,0,0,8000,2,2,Northbound (NB),POINT (-95.745085184526 43.397641197319)
20191158232,20190041426,12/31/2019,12-December,3-Tuesday,13:00,1300 Hours,District 1 (Central),DES MOINES,POLK,US 6,EUCLID AVE. AND HUBBELL AVE.,Collision with:  Vehicle in traffic,On Roadway,Rear-end (front to rear),Ran Traffic Signal,None Indicated,None apparent,Daylight,Dry,Clear,None apparent,Intersection:  T-intersection,Paved,N/A,Minor Injury,0,2,0,1,1,0,9000,2,2,Southbound (SB),POINT (-93.547259365736 41.627734683584)
20201154711,2020-22,01/01/2020,01-January,4-Wednesday,00:52,0000 Hours,District 6 (East Central),DAVENPORT,SCOTT,77,JERSEY RIDGE RD,Collision with fixed object:  Utility pole/light support,Outside trafficway,"Sideswipe, opposite direction",Ran off road - right,Alcohol (Statutory),None apparent,Dark - roadway lighted,Dry,Clear,None apparent,Non-intersection:  Non-junction/no special feature,Paved,N/A,Property Damage Only,0,0,0,0,0,0,16500,2,3,Northbound (NB),POINT (-90.540704879051 41.53903164623)
20201154962,2000936,01/02/2020,01-January,5-Thursday,18:06,1800 Hours,District 6 (East Central),,JOHNSON,77,W064/OAK CREST HILL RD SE,Collision with:  Animal,On Roadway,Non-collision (single vehicle),Animal,None Indicated,Animal in roadway,N/A,N/A,N/A,None apparent,Non-intersection:  Non-junction/no special feature,Paved,N/A,Property Damage Only,0,0,0,0,0,0,1500,1,2,Northbound (NB),POINT (-91.54459605124 41.622723692348)