Iowa DOT Case Number,Law Enforcement Case Number,Date of Crash,Month of Crash,Day of Week,Time of Crash,Hour,DOT District,City Name,County Name,Route with System,Location Description,First Harmful Event,Location of First Harmful Event,Manner of Crash/Collision,Major Cause,Drug or Alcohol ,Environmental Conditions,Light Conditions,Surface Conditions,Weather Conditions,Roadway Contribution,Roadway Type,Roadway Surface,Work Zone,Crash Severity,Number of Fatalities,Number of Injuries,Number of Major Injuries,Number of Minor Injuries,Number of Possible Injuries,Number of Unknown Injuries,Amount of Property Damage,Number of Vehicles Involved,Total Number of Occupants,Travel Direction,Location
20201160460,202000089,01/02/2020,01-January,5-Thursday,15:36,1500 Hours,District 6 (East Central),CEDAR RAPIDS,LINN,77,5000 BLK FOUNTAINS DR NE,Collision with:  Vehicle in traffic,On Roadway,Head-on (front to front),Driver Distraction:  Other interior distraction,None Indicated,None apparent,Daylight,Dry,Cloudy,None apparent,Intersection:  T-intersection,Paved,N/A,Property Damage Only,0,0,0,0,0,0,13000,2,3,Northbound (NB),POINT (-91.701250632354 42.03342265936)
20201157308,2020000259,01/03/2020,01-January,6-Friday,15:30,1500 Hours,District 1 (Central),,HAMILTON,I-35,INTERSTATE 35/ 146MM NB,Collision with fixed object:  Ditch,Shoulder,Non-collision (single vehicle),Driving too fast for conditions,None Indicated,Weather conditions,Daylight,Snow,Snow,"Surface condition (e.g., wet, icy)",Non-intersection:  Non-junction/no special feature,Paved,N/A,Property Damage Only,0,0,0,0,0,0,2200,1,1,Northbound (NB),POINT (-93.568553299827 42.493140486289)
20201155165,20200000307,01/03/2020,01-January,6-Friday,14:37,1400 Hours,District 1 (Central),DES MOINES,POLK,77,MCKINLEY AVE MEASURING 119 FEET WEST FROM MCKINLEY AVE AND SW 9TH ST,Collision with:  Vehicle in traffic,On Roadway,Rear-end (front to rear),Lost Control,None Indicated,None apparent,Daylight,Wet,Cloudy,"Surface condition (e.g., wet, icy)",Non-intersection:  Non-junction/no special feature,Paved,N/A,Property Damage Only,0,0,0,0,0,0,2000,2,2,Southbound (SB),POINT (-93.626181113737 41.540952274024)
20201155335,2020-909,01/04/2020,01-January,7-Saturday,02:38,0200 Hours,District 6 (East Central),DAVENPORT,SCOTT,77,TURNBERRY LN,Collision with fixed object:  Mailbox,On Roadway,Non-collision (single vehicle),Driving too fast for conditions,None Indicated,Weather conditions,Dark - roadway lighted,Slush,"Sleet, hail",None apparent,Non-intersection:  Non-junction/no special feature,Paved,N/A,Property Damage Only,0,0,0,0,0,0,6500,1,1,Northbound (NB),POINT (-90.50362907974 41.586965478343)
20201155575,202000000150,01/05/2020,01-January,1-Sunday,10:24,1000 Hours,District 1 (Central),WEBSTER CITY,HAMILTON,77,E 2ND ST,Non-collision events:  Overturn/rollover,On Roadway,Non-collision (single vehicle),Ran off road - left,None Indicated,Weather conditions,Daylight,Slush,Clear,"Surface condition (e.g., wet, icy)",Non-intersection:  Non-junction/no special feature,Paved,N/A,Property Damage Only,0,0,0,0,0,0,20000,1,3,Southbound (SB),POINT (-93.782322400192 42.471275282442)
20201155580,20200000571,01/06/2020,01-January,2-Monday,17:42,1700 Hours,District 1 (Central),DES MOINES,POLK,77,E TIFFIN AVE AND HUBBELL AVE,Collision with:  Vehicle in traffic,On Roadway,Rear-end (front to rear),Unknown,None Indicated,None apparent,Dark - roadway lighted,Dry,Clear,None apparent,Non-intersection:  Non-junction/no special feature,Paved,N/A,Property Damage Only,0,0,0,0,0,0,4500,2,2,Northbound (NB),POINT (-93.554071134228 41.624108177811)
20201155896,2000224,01/07/2020,01-January,3-Tuesday,04:50,0400 Hours,District 2 (Northeast),,WRIGHT,77,C054/265TH ST,Collision with fixed object:  Embankment,On Roadway,Non-collision (single vehicle),Ran off road - straight,None Indicated,None apparent,Dark - roadway not lighted,Ice/frost,Clear,"Surface condition (e.g., wet, icy)",Non-intersection:  Non-junction/no special feature,Paved,N/A,Possible/Unknown,0,1,0,0,1,0,3000,1,1,Southbound (SB),POINT (-93.838221061385 42.666105402758)
20201155880,20-000314,01/08/2020,01-January,4-Wednesday,15:34,1500 Hours,District 4 (Southwest),COUNCIL BLUFFS,POTTAWATTAMIE,77,AVE H AND N 29TH ST,Collision with:  Vehicle in traffic,On Roadway,Broadside (front to side),FTYROW:  From yield sign,None Indicated,None apparent,Daylight,Dry,Clear,None apparent,Intersection:  Four-way intersection,Paved,N/A,Property Damage Only,0,0,0,0,0,0,10000,2,4,Southbound (SB),POINT (-95.890753335579 41.269052476131)
20201156508,20000185,01/09/2020,01-January,5-Thursday,00:34,0000 Hours,District 6 (East Central),,DELAWARE,IA-38,STATE 38/IOWA 38,Collision with fixed object:  Ditch,Roadside,Non-collision (single vehicle),Ran off road - right,Refused,None apparent,Dark - roadway not lighted,Dry,Clear,None apparent,Non-intersection:  Non-junction/no special feature,Paved,N/A,Possible/Unknown,0,1,0,0,1,0,4100,1,1,Northbound (NB),POINT (-91.341194445298 42.53282292552)
20201156382,20-000165,01/09/2020,01-January,5-Thursday,01:07,0100 Hours,District 1 (Central),ANKENY,POLK,I-35,"INTERSTATE 35, 89 MM ON RAMP",Miscellaneous events:  Eluding law enforcement,On Roadway,Non-collision (single vehicle),Exceeded authorized speed,Drug/Alcohol (Statutory),None apparent,Dark - roadway lighted,Dry,Clear,None apparent,Interchange-related:  On-ramp,Paved,N/A,Property Damage Only,0,0,0,0,0,0,10000,1,1,Eastbound (EB),POINT (-93.578527540565 41.679552876596)
20201159808,2020001067,01/10/2020,01-January,6-Friday,23:50,2300 Hours,District 1 (Central),,POWESHIEK,I-80,INTERSTATE 80/I 80 WB AT 199,Collision with fixed object:  Cable barrier,On Roadway,Non-collision (single vehicle),Ran off road - left,None Indicated,Weather conditions,Dark - roadway not lighted,Snow,Snow,"Surface condition (e.g., wet, icy)",Non-intersection:  Non-junction/no special feature,Paved,N/A,Property Damage Only,0,0,0,0,0,0,7700,1,2,Southbound (SB),POINT (-92.418992325481 41.696149466235)
20201159094,,01/10/2020,01-January,6-Friday,19:00,1900 Hours,District 1 (Central),,POLK,I-80,SB/WB Interstate 0080,Collision with:  Vehicle in traffic,On Roadway,"Sideswipe, same direction",Passing:  Through/around barrier,None Indicated,Weather conditions,Dark - roadway not lighted,Ice/frost,Snow,"Surface condition (e.g., wet, icy)",Non-intersection:  Non-junction/no special feature,Paved,N/A,Property Damage Only,0,0,0,0,0,0,10000,2,2,Southbound (SB),POINT (-93.364660847227 41.68043043493)
20201156294,2020-2710,01/11/2020,01-January,7-Saturday,07:31,0700 Hours,District 6 (East Central),DAVENPORT,SCOTT,77,COLUMBIA CT MEASURING 312 FEET WEST FROM MARQUETTE ST AND COLUMBIA CT,Collision with:  Parked motor vehicle,On Roadway,"Sideswipe, same direction",Driving too fast for conditions,None Indicated,Weather conditions,Dawn,Ice/frost,Cloudy,"Surface condition (e.g., wet, icy)",Non-intersection:  Non-junction/no special feature,Paved,N/A,Property Damage Only,0,0,0,0,0,0,1550,2,1,Southbound (SB),POINT (-90.592351191471 41.546321601987)
20201162275,2020-0314,01/11/2020,01-January,7-Saturday,09:34,0900 Hours,District 6 (East Central),LE CLAIRE,SCOTT,I-80,INTERSTATE 80/I 80,Collision with:  Vehicle in traffic,On Roadway,"Sideswipe, same direction",Driving too fast for conditions,None Indicated,Weather conditions,Daylight,Ice/frost,Freezing rain/drizzle,"Surface condition (e.g., wet, icy)",Non-intersection:  Non-junction/no special feature,Paved,N/A,Property Damage Only,0,0,0,0,0,0,2300,2,2,Westbound (WB),POINT (-90.367174798538 41.583712639128)
20201157027,20-000286,01/12/2020,01-January,1-Sunday,02:56,0200 Hours,District 6 (East Central),,DELAWARE,US 20,US 20,Non-collision events:  Overturn/rollover,Shoulder,Non-collision (single vehicle),Ran off road - right,None Indicated,None apparent,Dark - roadway not lighted,Dry,Clear,None apparent,Non-intersection:  Non-junction/no special feature,Paved,N/A,Minor Injury,0,1,0,1,0,0,10000,1,2,Westbound (WB),POINT (-91.179572679229 42.470932607104)
20201156782,20-0174,01/13/2020,01-January,2-Monday,16:00,1600 Hours,District 6 (East Central),HIAWATHA,LINN,I-380,NB/EB Interstate 0380 (Milepost 28),Collision with:  Animal,On Roadway,Non-collision (single vehicle),Animal,None Indicated,Animal in roadway,N/A,N/A,N/A,None apparent,Non-intersection:  Non-junction/no special feature,Paved,N/A,Property Damage Only,0,0,0,0,0,0,1500,1,1,Northbound (NB),POINT (-91.701211262788 42.079831867246)
20201156741,20200001264,01/13/2020,01-January,2-Monday,09:41,0900 Hours,District 1 (Central),DES MOINES,POLK,77,SW 2ND ST AND LINE DR,Collision with:  Vehicle in traffic,On Roadway,Broadside (front to side),Ran Stop Sign,None Indicated,None apparent,Daylight,Wet,Cloudy,None apparent,Intersection:  T-intersection,Unpaved,N/A,Property Damage Only,0,0,0,0,0,0,9000,2,3,Northbound (NB),POINT (-93.617566445334 41.580558901051)
20201158422,20-1300,01/14/2020,01-January,3-Tuesday,14:15,1400 Hours,District 3 (Northwest),SIOUX CITY,WOODBURY,77,WESLEY PKWY AND W 4TH ST AND 6TH ST,Miscellaneous events:  Hit and run,On Roadway,"Sideswipe, same direction",Unknown,None Indicated,None apparent,Daylight,Dry,Clear,None apparent,Intersection:  Four-way intersection,Paved,N/A,Property Damage Only,0,0,0,0,0,0,1500,2,3,Northbound (NB),POINT (-96.410781509328 42.496287100416)
20201156909,20200001354,01/14/2020,01-January,3-Tuesday,07:00,0700 Hours,District 1 (Central),DES MOINES,POLK,77,W MLK JR PKWY AND SW 3RD ST,Collision with:  Vehicle in traffic,On Roadway,Broadside (front to side),Ran Traffic Signal,None Indicated,None apparent,Daylight,Wet,Cloudy,None apparent,Intersection:  Four-way intersection,Paved,N/A,Property Damage Only,0,0,0,0,0,0,15070,2,3,Eastbound (EB),POINT (-93.619297645312 41.582206925468)
20201157130,2020000422,01/15/2020,01-January,4-Wednesday,06:41,0600 Hours,District 6 (East Central),IOWA CITY,JOHNSON,77,1944 HANNAH JO CT,Collision with:  Parked motor vehicle,On Roadway,Rear-end (front to rear),Other (explain in narrative):  Other,None Indicated,None apparent,Dawn,Ice/frost,Cloudy,"Surface condition (e.g., wet, icy)",Non-intersection:  Non-junction/no special feature,Paved,N/A,Property Damage Only,0,0,0,0,0,0,2000,2,1,Northbound (NB),POINT (-91.483895772683 41.63903406236)
20201162252,20-0436,01/15/2020,01-January,4-Wednesday,06:47,0600 Hours,District 6 (East Central),LE CLAIRE,SCOTT,77,4TH ST,Collision with:  Vehicle in traffic,On Roadway,Other (explain in narrative),Other (explain in narrative):  No improper action,None Indicated,Weather conditions,Dawn,Ice/frost,Freezing rain/drizzle,"Surface condition (e.g., wet, icy)",Non-intersection:  Non-junction/no special feature,Paved,N/A,Property Damage Only,0,0,0,0,0,0,5775,2,1,Northbound (NB),POINT (-90.349384875265 41.604540105765)
20201158267,20-0347,01/15/2020,01-January,4-Wednesday,07:09,0700 Hours,District 2 (Northeast),,KOSSUTH,US 18,US 18,Collision with:  Vehicle in traffic,On Roadway,Rear-end (front to rear),Lost Control,None Indicated,Weather conditions,Dawn,Ice/frost,Freezing rain/drizzle,"Surface condition (e.g., wet, icy)",Non-intersection:  Non-junction/no special feature,Paved,N/A,Property Damage Only,0,0,0,0,0,0,10000,2,2,Southbound (SB),POINT (-94.090455209241 43.082893213725)
20201157364,20000496,01/16/2020,01-January,5-Thursday,12:45,1200 Hours,District 2 (Northeast),EAGLE GROVE,WRIGHT,77,S GARFIELD AVE,Collision with:  Vehicle in traffic,On Roadway,Broadside (front to side),Driving too fast for conditions,None Indicated,None apparent,Daylight,Ice/frost,Clear,None apparent,Intersection:  Four-way intersection,Paved,N/A,Minor Injury,0,2,0,2,0,0,22066,2,3,Northbound (NB),POINT (-93.910328679222 42.662889406902)
20201158244,SO20-00068,01/16/2020,01-January,5-Thursday,21:52,2100 Hours,District 1 (Central),,MARSHALL,77,TAYLOR AVE 2500 MILE,Non-collision events:  Overturn/rollover,On Roadway,Non-collision (single vehicle),Ran off road - left,Under Influence of Alcohol/Drugs/Medications,None apparent,Dark - roadway not lighted,Ice/frost,Clear,"Surface condition (e.g., wet, icy)",Non-intersection:  Non-junction/no special feature,Unpaved,N/A,Minor Injury,0,2,0,2,0,0,10000,1,2,Northbound (NB),POINT (-92.883342347491 41.982213553634)
20201166435,2020001765,01/17/2020,01-January,6-Friday,13:20,1300 Hours,District 1 (Central),,JASPER,I-80,INTERSTATE 80/I 80 MEASURING 2092 FEET EAST FROM INTERSTATE 80/I 80,Collision with:  Vehicle in traffic,On Roadway,Rear-end (front to rear),Followed too close,None Indicated,Weather conditions,Daylight,Snow,Snow,"Surface condition (e.g., wet, icy)",Non-intersection:  Non-junction/no special feature,Paved,N/A,Possible/Unknown,0,2,0,0,2,0,12000,3,43,Westbound (WB),POINT (-92.855393117057 41.695095230441)
20201157832,PD200047,01/17/2020,01-January,6-Friday,10:36,1000 Hours,District 1 (Central),GRUNDY CENTER,GRUNDY,77,4TH ST AND I AVE,Collision with:  Vehicle in traffic,On Roadway,Broadside (front to side),Ran Stop Sign,None Indicated,None apparent,Daylight,Dry,Cloudy,None apparent,Intersection:  Four-way intersection,Paved,N/A,Possible/Unknown,0,1,0,0,1,0,3000,2,2,Southbound (SB),POINT (-92.76860900916 42.359551531906)
20201158451,20-003100,01/18/2020,01-January,7-Saturday,18:39,1800 Hours,District 3 (Northwest),,BUENA VISTA,77,120TH AVE AND C049/590TH ST,Collision with fixed object:  Snow bank,On Roadway,Head-on (front to front),Driving too fast for conditions,None Indicated,Weather conditions,Dark - roadway not lighted,Ice/frost,Snow,"Surface condition (e.g., wet, icy)",Intersection:  Four-way intersection,Unpaved,N/A,Minor Injury,0,2,0,1,1,0,20000,2,2,Northbound (NB),POINT (-95.171251531993 42.66187356348)
20201157712,20-170118-01,01/18/2020,01-January,7-Saturday,00:25,0000 Hours,District 6 (East Central),,IOWA,IA-220,STATE 220/220TH TRL AND 26TH AVE,Collision with:  Vehicle in traffic,On Roadway,Rear-end (front to rear),Lost Control,None Indicated,Weather conditions,Dark - roadway lighted,Ice/frost,Snow,"Surface condition (e.g., wet, icy)",Non-intersection:  Non-junction/no special feature,Paved,N/A,Property Damage Only,0,0,0,0,0,0,3000,2,2,Southbound (SB),POINT (-91.902827181439 41.794248431485)
20201157708,20200001894,01/19/2020,01-January,1-Sunday,01:00,0100 Hours,District 1 (Central),DES MOINES,POLK,US 6,US 6/MERLE HAY RD MEASURING 419 FEET NORTH FROM OVID AVE AND US 6/MERLE HAY RD,Collision with fixed object:  Utility pole/light support,On Roadway,Non-collision (single vehicle),"Operating vehicle in an reckless, erratic, careless, negligent manner",Alcohol (Statutory),None apparent,Dark - roadway lighted,Dry,Clear,None apparent,Non-intersection:  Non-junction/no special feature,Paved,N/A,Property Damage Only,0,0,0,0,0,0,15000,1,1,Southbound (SB),POINT (-93.697747380733 41.62609108637)
20201158148,20000485,01/19/2020,01-January,1-Sunday,17:22,1700 Hours,District 6 (East Central),,DELAWARE,IA-13,STATE 13/IOWA 13,Non-collision events:  Overturn/rollover,Roadside,Non-collision (single vehicle),Ran off road - left,Alcohol (< Statutory),None apparent,Dark - roadway not lighted,Snow,Clear,"Surface condition (e.g., wet, icy)",Non-intersection:  Non-junction/no special feature,Paved,N/A,Major Injury,0,1,1,0,0,0,2000,1,1,Northbound (NB),POINT (-91.479168133379 42.350256135851)
20201157985,20000356,01/20/2020,01-January,2-Monday,11:15,1100 Hours,District 2 (Northeast),,MITCHELL,US 218,410TH ST AND US 218,Collision with:  Vehicle in traffic,On Roadway,"Angle, oncoming left turn",Driving too fast for conditions,None Indicated,None apparent,Daylight,Slush,Clear,"Surface condition (e.g., wet, icy)",Intersection:  Four-way intersection,Paved,N/A,Property Damage Only,0,0,0,0,0,0,17000,2,3,Northbound (NB),POINT (-92.810440714164 43.356660298552)
20201158347,20200002133,01/21/2020,01-January,3-Tuesday,15:49,1500 Hours,District 1 (Central),DES MOINES,POLK,77,COTTAGE GROVE AVE AND 37TH ST,Collision with:  Vehicle in traffic,On Roadway,Other (explain in narrative),FTYROW:  Making left turn,None Indicated,None apparent,Daylight,Snow,Cloudy,"Surface condition (e.g., wet, icy)",Intersection:  Four-way intersection,Paved,N/A,Property Damage Only,0,0,0,0,0,0,2500,2,2,Northbound (NB),POINT (-93.666743473193 41.598505884044)
20201158391,20-0082,01/21/2020,01-January,3-Tuesday,15:45,1500 Hours,District 1 (Central),PLEASANT HILL,POLK,77,WILLOW DR AT N HICKORY BLVD,Collision with:  Vehicle in traffic,On Roadway,Broadside (front to side),FTYROW:  From stop sign,None Indicated,None apparent,Daylight,Dry,Clear,None apparent,Intersection:  T-intersection,Paved,N/A,Property Damage Only,0,0,0,0,0,0,3750,2,2,Northbound (NB),POINT (-93.516872967308 41.59592666732)
20201158571,SOI20200028,01/22/2020,01-January,4-Wednesday,16:20,1600 Hours,District 1 (Central),,POWESHIEK,US 63,5200 BLOCK HWY 63 NORTH BOUND,Non-collision events:  Overturn/rollover,On Roadway,Non-collision (single vehicle),Driving too fast for conditions,None Indicated,Weather conditions,Daylight,Snow,Snow,"Surface condition (e.g., wet, icy)",Non-intersection:  Non-junction/no special feature,Paved,N/A,Possible/Unknown,0,1,0,0,1,0,5000,1,1,Northbound (NB),POINT (-92.540635328907 41.54558578754)
20201158618,20-00402,01/22/2020,01-January,4-Wednesday,17:41,1700 Hours,District 1 (Central),WEST DES MOINES,POLK,77,700 BLK ASHWORTH RD,Collision with:  Vehicle in traffic,On Roadway,Rear to side,Lost Control,None Indicated,Weather conditions,Dark - roadway lighted,Slush,Snow,"Surface condition (e.g., wet, icy)",Non-intersection:  Non-junction/no special feature,Paved,N/A,Property Damage Only,0,0,0,0,0,0,3800,2,2,Southbound (SB),POINT (-93.711528731951 41.584591479385)
20201158764,2020-5645,01/22/2020,01-January,4-Wednesday,21:19,2100 Hours,District 6 (East Central),DAVENPORT,SCOTT,77,FAIRMOUNT ST AND HEATHERTON DR,Collision with:  Vehicle in traffic,On Roadway,Rear-end (front to rear),Driving too fast for conditions,None Indicated,Weather conditions,Dark - roadway lighted,Snow,Snow,"Surface condition (e.g., wet, icy)",Non-intersection:  Non-junction/no special feature,Paved,N/A,Property Damage Only,0,0,0,0,0,0,8500,3,3,Northbound (NB),POINT (-90.629615645076 41.551797579026)
20201159008,20-2286,01/23/2020,01-January,5-Thursday,21:42,2100 Hours,District 3 (Northwest),SIOUX CITY,WOODBURY,77,HAWKEYE DR,Collision with:  Parked motor vehicle,On Roadway,"Sideswipe, opposite direction",Lost Control,None Indicated,None apparent,Dark - roadway lighted,Slush,Cloudy,"Surface condition (e.g., wet, icy)",Intersection:  T-intersection,Paved,N/A,Minor Injury,0,1,0,1,0,0,13000,2,2,Northbound (NB),POINT (-96.388260443322 42.510948861306)
20201159616,,01/23/2020,01-January,5-Thursday,07:45,0700 Hours,District 6 (East Central),CEDAR RAPIDS,LINN,77,MOUNT VERNON RD SE,Collision with:  Vehicle in traffic,On Roadway,Broadside (front to side),Unknown,None Indicated,None apparent,Dawn,Wet,Cloudy,None apparent,"Non-intersection:  Driveway access (related, not in)",Paved,N/A,Property Damage Only,0,0,0,0,0,0,3800,2,3,Southbound (SB),POINT (-91.641247884835 41.977149487346)
20201160157,20-000134,01/24/2020,01-January,6-Friday,18:02,1800 Hours,District 1 (Central),JOHNSTON,POLK,77,WINDSOR PKWY AND NW 86TH ST AND WINDSOR DR,Collision with:  Vehicle in traffic,On Roadway,Rear-end (front to rear),Followed too close,None Indicated,Weather conditions,Dark - roadway lighted,Ice/frost,Snow,"Surface condition (e.g., wet, icy)",Intersection:  Four-way intersection,Paved,N/A,Property Damage Only,0,0,0,0,0,0,1500,2,3,Southbound (SB),POINT (-93.736481246378 41.666777874962)
20201159116,20200002556,01/24/2020,01-January,6-Friday,18:30,1800 Hours,District 1 (Central),DES MOINES,POLK,77,UNIVERSITY AVE MEASURING 179 FEET WEST FROM UNIVERSITY AVE AND 42ND ST,Collision with:  Vehicle in traffic,On Roadway,Rear-end (front to rear),Driving too fast for conditions,None Indicated,Weather conditions,Dark - roadway lighted,Ice/frost,"Sleet, hail","Surface condition (e.g., wet, icy)",Non-intersection:  Non-junction/no special feature,Paved,N/A,Property Damage Only,0,0,0,0,0,0,3000,2,5,Southbound (SB),POINT (-93.67505432957 41.600348901557)
20201159248,202000251,01/24/2020,01-January,6-Friday,20:00,2000 Hours,District 6 (East Central),,LINN,77,COTTAGE GROVE PKWY,Collision with:  Vehicle in traffic,On Roadway,Broadside (front to side),FTYROW:  From stop sign,None Indicated,None apparent,Dark - roadway not lighted,Wet,Cloudy,"Surface condition (e.g., wet, icy)",Intersection:  Four-way intersection,Paved,N/A,Property Damage Only,0,0,0,0,0,0,20000,2,3,Southbound (SB),POINT (-91.550344958242 41.990609743529)
20201163389,202001288,01/25/2020,01-January,7-Saturday,01:09,0100 Hours,District 6 (East Central),CEDAR RAPIDS,LINN,77,H AVE NE AND CENTER POINT RD NE,Collision with:  Vehicle in traffic,On Roadway,Broadside (front to side),Ran Stop Sign,None Indicated,None apparent,Dark - roadway lighted,Wet,Clear,None apparent,Intersection:  Four-way intersection,Paved,N/A,Property Damage Only,0,0,0,0,0,0,4000,2,2,Eastbound (EB),POINT (-91.662609068605 41.995737447556)
20201159457,20-2660,01/26/2020,01-January,1-Sunday,15:59,1500 Hours,District 3 (Northwest),SIOUX CITY,WOODBURY,77,W 4TH ST AND CASSELMAN ST,Collision with:  Vehicle in traffic,On Roadway,Broadside (front to side),FTYROW:  From stop sign,None Indicated,None apparent,Daylight,Slush,Clear,None apparent,Intersection:  Four-way intersection,Paved,N/A,Property Damage Only,0,0,0,0,0,0,3200,2,2,Southbound (SB),POINT (-96.442907291386 42.499881651757)
20201159786,20200002811,01/27/2020,01-January,2-Monday,11:17,1100 Hours,District 1 (Central),DES MOINES,POLK,77,24TH STREET  200  FEET  NORTH OF  INGERSOLL  AVENUE,Collision with:  Vehicle in traffic,On Roadway,Rear-end (front to rear),Traveling wrong way or on wrong side of road,None Indicated,None apparent,Daylight,Dry,Cloudy,None apparent,Non-intersection:  Non-junction/no special feature,Paved,N/A,Possible/Unknown,0,2,0,0,2,0,8500,2,2,Northbound (NB),POINT (-93.649655141343 41.586434938086)
20201159891,2020000914,01/28/2020,01-January,3-Tuesday,23:12,2300 Hours,District 6 (East Central),IOWA CITY,JOHNSON,IA-1,CHURCH ST AND STATE 1/DODGE ST,Collision with:  Vehicle in traffic,On Roadway,Broadside (front to side),Ran Traffic Signal,None Indicated,None apparent,Dark - roadway lighted,Dry,Clear,None apparent,Intersection:  Four-way intersection,Paved,N/A,Possible/Unknown,0,2,0,0,2,0,4000,2,2,Eastbound (EB),POINT (-91.525680234387 41.66793128167)
20201159955,2020-000716,01/28/2020,01-January,3-Tuesday,18:50,1800 Hours,District 6 (East Central),DUBUQUE,DUBUQUE,77,STATE 32/IA32 NW ARTERIAL AND PENNSYLVANIA AVE,Collision with:  Vehicle in traffic,On Roadway,"Angle, oncoming left turn",Other (explain in narrative):  No improper action,None Indicated,None apparent,Dark - roadway lighted,Dry,Cloudy,None apparent,Intersection:  Four-way intersection,Paved,N/A,Property Damage Only,0,0,0,0,0,0,2000,2,2,Southbound (SB),POINT (-90.740752968036 42.500969036312)
20201160083,019-20,01/29/2020,01-January,4-Wednesday,09:00,0900 Hours,District 4 (Southwest),,MADISON,77,P053/DEER RUN AVE,Collision with fixed object:  Ditch,On Roadway,Non-collision (single vehicle),Ran off road - right,None Indicated,None apparent,Daylight,Snow,Snow,"Surface condition (e.g., wet, icy)",Non-intersection:  Non-junction/no special feature,Paved,N/A,Property Damage Only,0,0,0,0,0,0,2500,1,1,Northbound (NB),POINT (-94.185115596428 41.235748421927)
20201160187,20-813,01/30/2020,01-January,5-Thursday,15:52,1500 Hours,District 1 (Central),,POLK,77,NE 33RD CT AND F052/NE 46TH AVE,Collision with:  Vehicle in traffic,On Roadway,Rear-end (front to rear),Driver Distraction:  Other interior distraction,None Indicated,None apparent,Daylight,Dry,Cloudy,None apparent,Non-intersection:  Non-junction/no special feature,Paved,N/A,Property Damage Only,0,0,0,0,0,0,15800,2,2,Southbound (SB),POINT (-93.551503847961 41.64401741415)
20201160427,2020-03006,01/30/2020,01-January,5-Thursday,15:22,1500 Hours,District 5 (Southeast),INDIANOLA,WARREN,IA-92,1000 BLK. E. SECOND AVE.,Collision with:  Vehicle in traffic,On Roadway,"Angle, oncoming left turn",FTYROW:  Making left turn,None Indicated,None apparent,Daylight,Dry,Cloudy,None apparent,Intersection:  Four-way intersection,Paved,N/A,Possible/Unknown,0,1,0,0,1,0,10000,2,2,Southbound (SB),POINT (-93.547504880693 41.358060536921)
20201160402,202000332,01/31/2020,01-January,6-Friday,09:45,0900 Hours,District 6 (East Central),,LINN,77,US 151 AND E048/MT VERNON RD AND E048/WEST MT VERNON RD,Collision with:  Vehicle in traffic,On Roadway,Broadside (front to side),Ran Traffic Signal,None Indicated,None apparent,Daylight,Dry,Cloudy,None apparent,Intersection:  Four-way intersection,Paved,N/A,Property Damage Only,0,0,0,0,0,0,3000,2,3,Southbound (SB),POINT (-91.55149473533 41.976105965848)
20201160333,20200003276,01/31/2020,01-January,6-Friday,12:19,1200 Hours,District 1 (Central),DES MOINES,POLK,77,STATE 163/E UNIVERSITY AVE AND HUBBELL AVE,Collision with:  Vehicle in traffic,On Roadway,Broadside (front to side),Other (explain in narrative):  Other,None Indicated,None apparent,Daylight,Wet,Cloudy,None apparent,Intersection:  Four-way intersection,Paved,N/A,Property Damage Only,0,0,0,0,0,0,7000,2,5,Northbound (NB),POINT (-93.578528969784 41.600505862389)
20201160720,20S00161,02/01/2020,02-February,7-Saturday,09:24,0900 Hours,District 4 (Southwest),,UNION,US 169,US 169 AND 150TH ST,Collision with:  Struck/struck by object/cargo/person from other vehicle,On Roadway,Other (explain in narrative),Other (explain in narrative):  Other,None Indicated,None apparent,Daylight,Dry,Clear,None apparent,Non-intersection:  Non-junction/no special feature,Paved,N/A,Property Damage Only,0,0,0,0,0,0,5500,2,4,Northbound (NB),POINT (-94.072106586862 41.084705911674)
20201160596,20200003505,02/02/2020,02-February,1-Sunday,16:43,1600 Hours,District 1 (Central),DES MOINES,POLK,77,22ND ST AND DRAKE PARK AVE,Collision with:  Vehicle in traffic,On Roadway,Broadside (front to side),Ran Stop Sign,None Indicated,None apparent,Daylight,Dry,Clear,None apparent,Intersection:  Four-way intersection,Paved,N/A,Possible/Unknown,0,1,0,0,1,0,1600,2,2,Southbound (SB),POINT (-93.646736148472 41.59808874906)
20201161879,NT-20-009,02/03/2020,02-February,2-Monday,07:50,0700 Hours,District 1 (Central),NEVADA,STORY,77,610TH AVE,Collision with:  Vehicle in traffic,On Roadway,Rear-end (front to rear),Followed too close,None Indicated,Glare,Daylight,Dry,Clear,None apparent,Intersection:  T-intersection,Paved,N/A,Property Damage Only,0,0,0,0,0,0,2010,2,2,Northbound (NB),POINT (-93.482162409683 42.008946708562)
20201161340,MC2000418,02/04/2020,02-February,3-Tuesday,12:48,1200 Hours,District 2 (Northeast),MASON CITY,CERRO GORDO,77,19TH ST SW AND S MONROE AVE,Collision with:  Vehicle in traffic,On Roadway,Rear-end (front to rear),Driver Distraction:  Manual operation of an electronic communication device,None Indicated,None apparent,Daylight,Dry,Cloudy,None apparent,Intersection:  Four-way intersection,Paved,N/A,Property Damage Only,0,0,0,0,0,0,5500,2,2,Northbound (NB),POINT (-93.211075035091 43.13381033266)