Iowa DOT Case Number,Law Enforcement Case Number,Date of Crash,Month of Crash,Day of Week,Time of Crash,Hour,DOT District,City Name,County Name,Route with System,Location Description,First Harmful Event,Location of First Harmful Event,Manner of Crash/Collision,Major Cause,Drug or Alcohol ,Environmental Conditions,Light Conditions,Surface Conditions,Weather Conditions,Roadway Contribution,Roadway Type,Roadway Surface,Work Zone,Crash Severity,Number of Fatalities,Number of Injuries,Number of Major Injuries,Number of Minor Injuries,Number of Possible Injuries,Number of Unknown Injuries,Amount of Property Damage,Number of Vehicles Involved,Total Number of Occupants,Travel Direction,Location
20201161135,20-000754,02/05/2020,02-February,4-Wednesday,15:51,1500 Hours,District 1 (Central),ANKENY,POLK,77,5600 BLK SE DELAWARE AVE,Collision with:  Vehicle in traffic,On Roadway,"Sideswipe, same direction",FTYROW:  From driveway,None Indicated,None apparent,Daylight,Dry,Clear,None apparent,"Non-intersection:  Driveway access (related, not in)",Paved,N/A,Property Damage Only,0,0,0,0,0,0,3000,3,5,Northbound (NB),POINT (-93.581310995625 41.684456715656)
20201161209,20-04112,02/06/2020,02-February,5-Thursday,15:48,1500 Hours,District 5 (Southeast),BURLINGTON,DES MOINES,77,MT PLEASANT ST AND COOK ST,Collision with fixed object:  Traffic sign support,Roadside,Non-collision (single vehicle),Ran off road - right,None Indicated,None apparent,Daylight,Dry,Clear,None apparent,Non-intersection:  Non-junction/no special feature,Paved,N/A,Property Damage Only,0,0,0,0,0,0,4000,1,1,Southbound (SB),POINT (-91.12545186573 40.820689624419)
20201161423,20200003973,02/07/2020,02-February,6-Friday,05:18,0500 Hours,District 1 (Central),DES MOINES,POLK,77,PARK AVE AND SW 9TH ST,Collision with:  Vehicle in traffic,On Roadway,"Angle, oncoming left turn",Made improper turn,None Indicated,None apparent,Dark - roadway lighted,Wet,Snow,None apparent,Intersection:  Four-way intersection,Paved,N/A,Possible/Unknown,0,1,0,0,1,0,10000,2,9,Southbound (SB),POINT (-93.625793456556 41.555456157966)
20201161686,202000004376,02/07/2020,02-February,6-Friday,16:50,1600 Hours,District 5 (Southeast),,WAPELLO,77,H025/DAHLONEGA RD,Collision with fixed object:  Other fixed object (explain in narrative),On Roadway,Non-collision (single vehicle),Lost Control,None Indicated,Weather conditions,Daylight,Ice/frost,Snow,"Surface condition (e.g., wet, icy)",Non-intersection:  Non-junction/no special feature,Paved,N/A,Minor Injury,0,2,0,2,0,0,5000,1,3,Southbound (SB),POINT (-92.372774208031 41.051143676949)
20201163463,N20000111,02/08/2020,02-February,7-Saturday,01:00,0100 Hours,District 6 (East Central),NORTH LIBERTY,JOHNSON,77,FOREVERGREEN RD,Collision with fixed object:  Traffic sign support,On Roadway,Non-collision (single vehicle),Crossed centerline (undivided),None Indicated,None apparent,Dark - roadway lighted,Dry,Unknown,None apparent,Non-intersection:  Non-junction/no special feature,Paved,N/A,Property Damage Only,0,0,0,0,0,0,3134,1,1,Southbound (SB),POINT (-91.615919517988 41.723184692332)
20201161493,20-001574,02/09/2020,02-February,1-Sunday,01:12,0100 Hours,District 4 (Southwest),COUNCIL BLUFFS,POTTAWATTAMIE,I-29,INTERSTATE 29/I29 LOOP,Collision with:  Vehicle in traffic,On Roadway,Rear-end (front to rear),Aggressive driving/road rage,None Indicated,None apparent,Dark - roadway lighted,Dry,Clear,None apparent,Non-intersection:  Non-junction/no special feature,Paved,N/A,Property Damage Only,0,0,0,0,0,0,3000,2,3,Eastbound (EB),POINT (-95.907035044083 41.242415799062)
20201161928,2020-001065,02/10/2020,02-February,2-Monday,11:14,1100 Hours,District 6 (East Central),DUBUQUE,DUBUQUE,77,SHERIDAN RD AND DAVIS ST,Collision with:  Vehicle in traffic,On Roadway,Broadside (front to side),Ran Stop Sign,None Indicated,None apparent,Daylight,Dry,Clear,None apparent,Intersection:  Four-way intersection,Paved,N/A,Property Damage Only,0,0,0,0,0,0,7000,2,2,Northbound (NB),POINT (-90.671293043769 42.529664382093)
20201163487,2001150PD,02/11/2020,02-February,3-Tuesday,11:57,1100 Hours,District 1 (Central),BOONE,BOONE,77,DIVISION ST,Collision with:  Vehicle in traffic,On Roadway,Broadside (front to side),FTYROW:  From stop sign,None Indicated,None apparent,Daylight,Dry,Clear,None apparent,Intersection:  Four-way intersection,Paved,N/A,Property Damage Only,0,0,0,0,0,0,5000,2,2,Northbound (NB),POINT (-93.893083131418 42.062424465184)
20201161997,20-00365,02/11/2020,02-February,3-Tuesday,06:41,0600 Hours,District 1 (Central),URBANDALE,POLK,77,5100 BLK 100TH ST,Collision with:  Vehicle in traffic,On Roadway,"Sideswipe, same direction",Improper or erratic lane changing,None Indicated,None apparent,Daylight,Dry,Clear,None apparent,Non-intersection:  Non-junction/no special feature,Paved,N/A,Property Damage Only,0,0,0,0,0,0,1500,2,2,Northbound (NB),POINT (-93.755939039299 41.65326697828)
20201162422,20-001818,02/12/2020,02-February,4-Wednesday,15:55,1500 Hours,District 3 (Northwest),,DICKINSON,IA-9,STATE 9/IOWA 9,Collision with:  Vehicle in traffic,On Roadway,Rear-end (front to rear),Driver Distraction:  Exterior distraction,None Indicated,Weather conditions,Daylight,Ice/frost,Blowing snow,"Surface condition (e.g., wet, icy)",Non-intersection:  Non-junction/no special feature,Paved,N/A,Property Damage Only,0,0,0,0,0,0,1750,2,3,Southbound (SB),POINT (-95.188585408444 43.430487941788)
20201162126,20200004522,02/12/2020,02-February,4-Wednesday,13:20,1300 Hours,District 1 (Central),DES MOINES,POLK,I-235,INTERSTATE 235/KEO WAY SW EXIT RAMP AND INTERSTATE 235/19TH KEO WAY SE ENTR RAMP AND KEOSAUQUA WAY,Collision with:  Vehicle in traffic,On Roadway,"Sideswipe, same direction",Made improper turn,None Indicated,None apparent,Daylight,Dry,Clear,None apparent,Intersection:  Four-way intersection,Paved,N/A,Property Damage Only,0,0,0,0,0,0,5772,2,2,Southbound (SB),POINT (-93.635442536805 41.595422533697)
20201162428,20-00392,02/13/2020,02-February,5-Thursday,12:27,1200 Hours,District 4 (Southwest),URBANDALE,DALLAS,77,BUENA VISTA DR AND 147TH ST,Collision with:  Vehicle in traffic,On Roadway,Broadside (front to side),Driving too fast for conditions,None Indicated,None apparent,Daylight,Ice/frost,Clear,"Surface condition (e.g., wet, icy)",Intersection:  Four-way intersection,Paved,N/A,Property Damage Only,0,0,0,0,0,0,6000,2,3,Southbound (SB),POINT (-93.820845433036 41.620657309853)
20201162172,FD20-0418,02/13/2020,02-February,5-Thursday,00:04,0000 Hours,District 1 (Central),FORT DODGE,WEBSTER,77,900 BLK S 20TH ST,Collision with:  Vehicle in traffic,On Roadway,Rear to side,Driver Distraction:  Other interior distraction,None Indicated,None apparent,Dark - roadway not lighted,Snow,Snow,None apparent,Non-intersection:  Non-junction/no special feature,Paved,N/A,Property Damage Only,0,0,0,0,0,0,1500,2,1,Northbound (NB),POINT (-94.170681642513 42.494767406904)
20201164174,80-20-50,02/14/2020,02-February,6-Friday,19:20,1900 Hours,District 1 (Central),HUMBOLDT,HUMBOLDT,77,5TH ST S,Collision with:  Vehicle in traffic,On Roadway,Broadside (front to side),Ran Stop Sign,None Indicated,None apparent,Dark - roadway lighted,Dry,Clear,None apparent,Intersection:  Four-way intersection,Paved,N/A,Property Damage Only,0,0,0,0,0,0,7500,2,3,Northbound (NB),POINT (-94.214495835924 42.720917771168)
20201162538,20-004742,02/14/2020,02-February,6-Friday,07:30,0700 Hours,District 5 (Southeast),,LEE,77,CHALK RIDGE RD,Collision with fixed object:  Ditch,On Roadway,Non-collision (single vehicle),Driving too fast for conditions,None Indicated,None apparent,Daylight,Ice/frost,Clear,"Surface condition (e.g., wet, icy)",Non-intersection:  Non-junction/no special feature,Unpaved,N/A,Property Damage Only,0,0,0,0,0,0,1500,1,1,Southbound (SB),POINT (-91.396264607373 40.660501117068)
20201164132,202002490,02/15/2020,02-February,7-Saturday,17:27,1700 Hours,District 6 (East Central),CEDAR RAPIDS,LINN,77,OXFORD LN NW AND BUCKINGHAM DR NW,Collision with:  Vehicle in traffic,On Roadway,Broadside (front to side),FTYROW:  From stop sign,None Indicated,None apparent,Dusk,Wet,Clear,None apparent,Intersection:  T-intersection,Paved,N/A,Property Damage Only,0,0,0,0,0,0,3500,2,2,Southbound (SB),POINT (-91.702542040525 42.00496805795)
20201164058,CFS2001549,02/16/2020,02-February,1-Sunday,04:46,0400 Hours,District 5 (Southeast),WASHINGTON,WASHINGTON,77,S C AVE,Collision with:  Parked motor vehicle,On Roadway,Rear-end (front to rear),Driver Distraction:  Other interior distraction,None Indicated,None apparent,Dark - roadway not lighted,Dry,Clear,None apparent,Non-intersection:  Non-junction/no special feature,Paved,N/A,Property Damage Only,0,0,0,0,0,0,6000,2,1,Northbound (NB),POINT (-91.695670055264 41.290702501871)
20201222889,NT-20-014,02/17/2020,02-February,2-Monday,15:20,1500 Hours,District 1 (Central),,STORY,US 30,US 30,Collision with fixed object:  Ditch,On Roadway,Non-collision (single vehicle),Driving too fast for conditions,None Indicated,Weather conditions,Daylight,Wet,Cloudy,"Surface condition (e.g., wet, icy)","Interchange-related:  Off-ramp, diverge area",Paved,N/A,Property Damage Only,0,0,0,0,0,0,2600,1,1,Southbound (SB),POINT (-93.433500916881 42.008096023799)
20201164016,2020-001275,02/18/2020,02-February,3-Tuesday,09:28,0900 Hours,District 6 (East Central),DUBUQUE,DUBUQUE,77,CLARKE DR AND GRANDVIEW AVE N,Collision with:  Vehicle in traffic,On Roadway,Rear-end (front to rear),Lost Control,None Indicated,None apparent,Daylight,Wet,Clear,None apparent,Intersection:  Four-way intersection,Paved,N/A,Property Damage Only,0,0,0,0,0,0,1600,2,2,Northbound (NB),POINT (-90.695786118437 42.505260338952)
20201163253,20-00438,02/18/2020,02-February,3-Tuesday,15:37,1500 Hours,District 1 (Central),URBANDALE,POLK,77,MEREDITH DR AND 86TH ST,Collision with:  Vehicle in traffic,On Roadway,"Sideswipe, same direction",Other (explain in narrative):  No improper action,None Indicated,None apparent,Daylight,Dry,Clear,None apparent,Intersection:  Four-way intersection,Paved,N/A,Property Damage Only,0,0,0,0,0,0,2000,2,2,Southbound (SB),POINT (-93.736472208428 41.643845800492)
20201163344,20200005208,02/19/2020,02-February,4-Wednesday,00:40,0000 Hours,District 1 (Central),DES MOINES,POLK,77,42ND ST AND INTERSTATE 235/SW RAMP,Collision with fixed object:  Ditch,Shoulder,Non-collision (single vehicle),"Operating vehicle in an reckless, erratic, careless, negligent manner",Alcohol (Statutory),None apparent,Dark - roadway lighted,Dry,Clear,None apparent,Interchange-related:  Off-ramp,Paved,N/A,Minor Injury,0,1,0,1,0,0,5000,1,4,Northbound (NB),POINT (-93.674370266075 41.589967580692)
20201163955,20-5443,02/20/2020,02-February,5-Thursday,16:01,1600 Hours,District 3 (Northwest),SIOUX CITY,WOODBURY,77,HAMILTON BLVD AND TRI-VIEW AVE,Collision with:  Vehicle in traffic,On Roadway,"Angle, oncoming left turn",FTYROW:  Making left turn,None Indicated,None apparent,Daylight,Wet,Clear,None apparent,Intersection:  Four-way intersection,Paved,N/A,Possible/Unknown,0,2,0,0,2,0,18000,3,5,Southbound (SB),POINT (-96.424223691729 42.494445087955)
20201163932,20-001377,02/21/2020,02-February,6-Friday,08:44,0800 Hours,District 5 (Southeast),,CLARKE,US 69,NORTH BOUND HWY 69,Non-collision events:  Other non-collision (explain in narrative),On Roadway,Non-collision (single vehicle),Ran off road - right,None Indicated,Other (explain in narrative),Daylight,Dry,Clear,None apparent,Non-intersection:  Non-junction/no special feature,Paved,N/A,Property Damage Only,0,0,0,0,0,0,5000,1,1,Northbound (NB),POINT (-93.763580521433 41.019116907433)
20201163620,20-001236,02/21/2020,02-February,6-Friday,05:47,0500 Hours,District 1 (Central),,HAMILTON,77,LOCKWOOD AVE,Collision with fixed object:  Utility pole/light support,Unknown,Non-collision (single vehicle),Unknown,None Indicated,None apparent,Dark - roadway not lighted,Dry,Clear,None apparent,Non-intersection:  Non-junction/no special feature,Unpaved,N/A,Possible/Unknown,0,1,0,0,0,1,2000,1,1,Northbound (NB),POINT (-93.747746132617 42.405501787457)
20201176268,20001624,02/22/2020,02-February,7-Saturday,19:38,1900 Hours,District 5 (Southeast),COLUMBUS JUNCTION,LOUISA,77,MAIN ST,Collision with:  Animal,On Roadway,"Sideswipe, same direction",Animal,None Indicated,None apparent,Dark - roadway lighted,Dry,Cloudy,None apparent,Non-intersection:  Non-junction/no special feature,Paved,N/A,Property Damage Only,0,0,0,0,0,0,8000,3,1,Northbound (NB),POINT (-91.360569620163 41.278058363732)
20201163879,20-000227,02/23/2020,02-February,1-Sunday,03:00,0300 Hours,District 1 (Central),,STORY,77,S027/660TH AVE,Collision with:  Animal,Unknown,N/A,Animal,None Indicated,N/A,N/A,N/A,N/A,N/A,N/A,Paved,N/A,Property Damage Only,0,0,0,0,0,0,1500,1,2,Northbound (NB),POINT (-93.385988805908 42.135086618361)
20201164273,2020005668,02/24/2020,02-February,2-Monday,11:14,1100 Hours,District 4 (Southwest),,FREMONT,77,120TH ST 1/2 M W. OF 300TH AVENUE,Collision with:  Vehicle in traffic,On Roadway,Head-on (front to front),Crossed centerline (undivided),Drug,None apparent,Daylight,Dry,Clear,None apparent,Non-intersection:  Non-junction/no special feature,Paved,N/A,Fatal,1,1,0,1,0,0,16000,2,2,Southbound (SB),POINT (-95.62148957515 40.873042729154)
20201164314,20-049,02/25/2020,02-February,3-Tuesday,15:25,1500 Hours,District 4 (Southwest),BEDFORD,TAYLOR,77,MAIN ST,Collision with:  Struck/struck by object/cargo/person from other vehicle,In parking lane/zone,"Sideswipe, same direction",FTYROW:  From parked position,None Indicated,None apparent,Daylight,Dry,Clear,None apparent,Non-intersection:  Non-junction/no special feature,Paved,N/A,Property Damage Only,0,0,0,0,0,0,6100,2,2,Southbound (SB),POINT (-94.719898867316 40.666999260303)
20201165839,20000967,02/26/2020,02-February,4-Wednesday,09:51,0900 Hours,District 1 (Central),AMES,STORY,77,ONTARIO ST MEASURING 103 FEET WEST FROM MINNESOTA AVE AND ONTARIO ST,Collision with:  Vehicle in traffic,On Roadway,Rear-end (front to rear),Followed too close,None Indicated,None apparent,Daylight,Dry,Cloudy,None apparent,Non-intersection:  Non-junction/no special feature,Paved,N/A,Property Damage Only,0,0,0,0,0,0,5500,2,2,Southbound (SB),POINT (-93.663222656692 42.034468653393)
20201166178,2020006010,02/27/2020,02-February,5-Thursday,06:27,0600 Hours,District 1 (Central),,POWESHIEK,I-80,I80 EB MM 181,Collision with:  Vehicle in traffic,On Roadway,Rear-end (front to rear),Aggressive driving/road rage,None Indicated,None apparent,Daylight,Dry,Clear,None apparent,Non-intersection:  Non-junction/no special feature,Paved,N/A,Property Damage Only,0,0,0,0,0,0,7570,2,2,Southbound (SB),POINT (-92.758915534169 41.695347669593)
20201164672,W20-016288,02/28/2020,02-February,6-Friday,14:40,1400 Hours,District 2 (Northeast),WATERLOO,BLACK HAWK,77,3100 BLK GREYHOUND DR,Miscellaneous events:  Hit and run,On Roadway,Broadside (front to side),FTYROW:  From driveway,None Indicated,None apparent,Daylight,Dry,Clear,None apparent,Non-intersection:  Driveway access (within),Paved,N/A,Property Damage Only,0,0,0,0,0,0,18836,2,3,Northbound (NB),POINT (-92.405066601522 42.467195765804)
20201164622,20-02635,02/28/2020,02-February,6-Friday,07:30,0700 Hours,District 6 (East Central),MONTICELLO,JONES,77,S MAIN ST,Collision with:  Vehicle in traffic,On Roadway,Rear-end (front to rear),Followed too close,None Indicated,Weather conditions,Daylight,Snow,Snow,"Surface condition (e.g., wet, icy)",Non-intersection:  Non-junction/no special feature,Paved,N/A,Property Damage Only,0,0,0,0,0,0,1900,2,2,Northbound (NB),POINT (-91.189398905455 42.211742005887)
20201164822,2020006319,02/29/2020,02-February,7-Saturday,22:23,2200 Hours,District 6 (East Central),DUBUQUE,DUBUQUE,77,ASBURY RD AND STATE 32/IA32 NW ARTERIAL,Collision with:  Vehicle in traffic,On Roadway,"Angle, oncoming left turn",FTYROW:  Making left turn,None Indicated,None apparent,Dark - roadway lighted,Dry,Clear,None apparent,Intersection:  Four-way intersection,Paved,N/A,Property Damage Only,0,0,0,0,0,0,2500,2,4,Northbound (NB),POINT (-90.740930416746 42.51529988474)
20201165428,20-6538,03/01/2020,03-March,1-Sunday,21:15,2100 Hours,District 3 (Northwest),SIOUX CITY,WOODBURY,77,RIDGE AVE,Collision with:  Parked motor vehicle,On Roadway,Rear to rear,Improper Backing,Alcohol (Statutory),None apparent,Dark - roadway lighted,Dry,Clear,None apparent,Non-intersection:  Non-junction/no special feature,Paved,N/A,Property Damage Only,0,0,0,0,0,0,3000,2,1,Southbound (SB),POINT (-96.36215923248 42.477915495127)
20201165074,S20-2919,03/02/2020,03-March,2-Monday,10:10,1000 Hours,District 3 (Northwest),,WOODBURY,US 20,US 20,Collision with:  Animal,Unknown,N/A,Animal,None Indicated,N/A,N/A,N/A,N/A,N/A,N/A,Paved,N/A,Property Damage Only,0,0,0,0,0,0,3000,1,2,Southbound (SB),POINT (-96.271161668371 42.475193892206)
20201165129,20-01115,03/03/2020,03-March,3-Tuesday,12:04,1200 Hours,District 1 (Central),WEST DES MOINES,DALLAS,77,1700 BLOCK JORDAN CREEK PKWY,Collision with:  Vehicle in traffic,On Roadway,Rear-end (front to rear),Followed too close,None Indicated,None apparent,Daylight,Dry,Clear,None apparent,Non-intersection:  Non-junction/no special feature,Paved,N/A,Property Damage Only,0,0,0,0,0,0,6000,2,3,Northbound (NB),POINT (-93.808903759655 41.598710414251)
20201165398,20-002830,03/04/2020,03-March,4-Wednesday,07:58,0700 Hours,District 2 (Northeast),CHARLES CITY,FLOYD,77,BLUNT PKWY AND N JOSLIN ST,Collision with:  Vehicle in traffic,On Roadway,Broadside (front to side),FTYROW:  At uncontrolled intersection,None Indicated,None apparent,Daylight,Dry,Clear,None apparent,Intersection:  Four-way intersection,Paved,N/A,Minor Injury,0,2,0,2,0,0,20000,2,2,Northbound (NB),POINT (-92.681568142992 43.070905699075)
20201165307,2020006698,03/04/2020,03-March,4-Wednesday,05:50,0500 Hours,District 4 (Southwest),,POTTAWATTAMIE,I-80,INTERSTATE 80/I 80 13.70 EB,Non-collision events:  Overturn/rollover,Roadside,Non-collision (single vehicle),Ran off road - right,None Indicated,Animal in roadway,Dark - roadway not lighted,Dry,Clear,None apparent,Non-intersection:  Non-junction/no special feature,Paved,N/A,Possible/Unknown,0,1,0,0,1,0,3000,1,1,Southbound (SB),POINT (-95.729105090767 41.341593841447)
20201165659,MC2000829,03/05/2020,03-March,5-Thursday,16:35,1600 Hours,District 2 (Northeast),MASON CITY,CERRO GORDO,US 65,12TH ST NW AND US 65/N FEDERAL AVE AND 12TH PL,Collision with:  Vehicle in traffic,On Roadway,Rear-end (front to rear),Other (explain in narrative):  Other,None Indicated,None apparent,Daylight,Dry,Clear,None apparent,Non-intersection:  Non-junction/no special feature,Paved,N/A,Property Damage Only,0,0,0,0,0,0,1500,2,2,Northbound (NB),POINT (-93.20106288455 43.162697921808)
20201166087,2020-000803,03/06/2020,03-March,6-Friday,16:15,1600 Hours,District 6 (East Central),,DUBUQUE,77,RIVER VISTA DR,Collision with:  Vehicle in traffic,On Roadway,Rear to side,Other (explain in narrative):  Other,None Indicated,None apparent,Daylight,Dry,Clear,None apparent,Intersection:  T-intersection,Paved,N/A,Property Damage Only,0,0,0,0,0,0,1500,2,2,Northbound (NB),POINT (-90.683055478996 42.551362253069)
20201166163,2020002243,03/06/2020,03-March,6-Friday,12:15,1200 Hours,District 6 (East Central),IOWA CITY,JOHNSON,77,KEOKUK ST AND US 6,Collision with:  Vehicle in traffic,On Roadway,Head-on (front to front),FTYROW:  Making left turn,None Indicated,None apparent,Daylight,Dry,Clear,None apparent,Intersection:  Four-way intersection,Paved,N/A,Property Damage Only,0,0,0,0,0,0,3000,2,2,Northbound (NB),POINT (-91.524286652734 41.643216594857)
20201176523,2020-1741,03/07/2020,03-March,7-Saturday,10:13,1000 Hours,District 6 (East Central),LE CLAIRE,SCOTT,I-80,INTERSTATE 80/I 80,Collision with:  Vehicle in traffic,On Roadway,"Sideswipe, same direction",Lost Control,None Indicated,None apparent,Daylight,Dry,Clear,None apparent,Non-intersection:  Non-junction/no special feature,Paved,N/A,Property Damage Only,0,0,0,0,0,0,3500,2,2,Southbound (SB),POINT (-90.368230380981 41.585484020751)
20201167944,20-002104,03/08/2020,03-March,1-Sunday,22:45,2200 Hours,District 2 (Northeast),,CLAYTON,77,C07X/HILTON RD,Collision with:  Non-motorist (see non-motorist section - NOT a unit),On Roadway,Non-collision (single vehicle),Animal,Alcohol (Statutory),None apparent,Dark - roadway not lighted,Dry,Clear,None apparent,Non-intersection:  Non-junction/no special feature,Paved,N/A,Major Injury,0,3,3,0,0,0,20000,1,1,Northbound (NB),POINT (-91.31607925855 42.723523025258)
20201166143,20200007369,03/09/2020,03-March,2-Monday,07:30,0700 Hours,District 1 (Central),DES MOINES,POLK,77,INDIANOLA AVE AND E WATROUS AVE,Collision with:  Parked motor vehicle,Median,Rear-end (front to rear),Unknown,None Indicated,None apparent,Daylight,Wet,Rain,None apparent,Non-intersection:  Non-junction/no special feature,Paved,N/A,Property Damage Only,0,0,0,0,0,0,1500,2,2,Southbound (SB),POINT (-93.591720217692 41.548304593526)
20201165948,20-000399,03/10/2020,03-March,3-Tuesday,08:37,0800 Hours,District 1 (Central),ALTOONA,POLK,77,4TH ST NW AND 5TH AVE NW,Collision with:  Vehicle in traffic,On Roadway,Broadside (front to side),FTYROW:  From stop sign,None Indicated,None apparent,Daylight,Dry,Clear,None apparent,Intersection:  Four-way intersection,Paved,N/A,Property Damage Only,0,0,0,0,0,0,11633,2,7,Northbound (NB),POINT (-93.469325345932 41.654506397994)
20201166393,20-7534,03/10/2020,03-March,3-Tuesday,15:41,1500 Hours,District 3 (Northwest),SIOUX CITY,WOODBURY,77,DOUGLAS ST,Collision with:  Vehicle in traffic,On Roadway,Broadside (front to side),Ran Traffic Signal,None Indicated,None apparent,Daylight,Wet,Rain,None apparent,Intersection:  Four-way intersection,Paved,N/A,Property Damage Only,0,0,0,0,0,0,8110,2,2,Northbound (NB),POINT (-96.406414618171 42.495192518593)
20201166431,20-08012,03/11/2020,03-March,4-Wednesday,16:37,1600 Hours,District 5 (Southeast),BURLINGTON,DES MOINES,77,MAPLE ST AND CENTRAL AVE,Collision with:  Vehicle in traffic,On Roadway,Head-on (front to front),Unknown,None Indicated,None apparent,Daylight,Dry,Cloudy,None apparent,Intersection:  Four-way intersection,Paved,N/A,Property Damage Only,0,0,0,0,0,0,3000,2,2,Northbound (NB),POINT (-91.11259452341 40.804518094491)
20201166569,2020-001852,03/12/2020,03-March,5-Thursday,17:15,1700 Hours,District 6 (East Central),DUBUQUE,DUBUQUE,77,US 52/CENTRAL AVE AND E 14TH ST AND LORAS BLVD,Collision with:  Vehicle in traffic,On Roadway,Broadside (front to side),Ran Traffic Signal,None Indicated,None apparent,Daylight,Dry,Clear,None apparent,Intersection:  Four-way intersection,Paved,N/A,Property Damage Only,0,0,0,0,0,0,10000,2,2,Eastbound (EB),POINT (-90.667753209035 42.506349951248)
20201166610,20200007821,03/13/2020,03-March,6-Friday,17:37,1700 Hours,District 1 (Central),DES MOINES,POLK,77,AURORA AVE MEASURING 27 FEET EAST FROM AURORA AVE AND 50TH ST,Collision with:  Vehicle in traffic,On Roadway,Broadside (front to side),Ran Stop Sign,None Indicated,None apparent,Daylight,Dry,Cloudy,None apparent,Intersection:  Four-way intersection,Paved,N/A,Property Damage Only,0,0,0,0,0,0,10000,2,2,Southbound (SB),POINT (-93.68769270215 41.636744109501)
20201166786,20-03449,03/14/2020,03-March,7-Saturday,10:58,1000 Hours,District 6 (East Central),,JONES,US 151,US 151,Collision with fixed object:  Ditch,On Roadway,Non-collision (single vehicle),Ran off road - right,None Indicated,Weather conditions,Daylight,Slush,Snow,"Surface condition (e.g., wet, icy)",Non-intersection:  Non-junction/no special feature,Paved,N/A,Property Damage Only,0,0,0,0,0,0,1500,1,2,Northbound (NB),POINT (-91.243601426119 42.14078043627)
20201166738,2020-19262,03/14/2020,03-March,7-Saturday,21:02,2100 Hours,District 6 (East Central),DAVENPORT,SCOTT,77,STURDEVANT ST AND W HIGH ST,Collision with:  Parked motor vehicle,On Roadway,"Sideswipe, same direction",Lost Control,None Indicated,None apparent,Dark - roadway lighted,Dry,Clear,None apparent,Non-intersection:  Non-junction/no special feature,Paved,N/A,Possible/Unknown,0,1,0,0,0,1,2000,2,1,Northbound (NB),POINT (-90.598638625909 41.540671025405)
20201167149,20-013402,03/16/2020,03-March,2-Monday,12:13,1200 Hours,District 3 (Northwest),,BUENA VISTA,77,HWY 71 & 615TH ST,Collision with:  Vehicle in traffic,On Roadway,Rear-end (front to rear),Driver Distraction:  Other interior distraction,None Indicated,None apparent,Daylight,Dry,Clear,None apparent,Non-intersection:  Non-junction/no special feature,Unpaved,N/A,Possible/Unknown,0,1,0,0,1,0,27200,2,3,Southbound (SB),POINT (-95.151635114558 42.626232383917)
20201167349,L20-021432,03/17/2020,03-March,3-Tuesday,21:03,2100 Hours,District 2 (Northeast),LA PORTE CITY,BLACK HAWK,77,POPLAR ST,Collision with:  Parked motor vehicle,Other (explain in narrative),Other (explain in narrative),Driver Distraction:  Inattentive/lost in thought,None Indicated,None apparent,Dark - roadway lighted,Dry,Cloudy,None apparent,Non-intersection:  Driveway access (within),Paved,N/A,Property Damage Only,0,0,0,0,0,0,3000,2,1,Southbound (SB),POINT (-92.184436666684 42.309449479368)
20201167209,20200008212,03/18/2020,03-March,4-Wednesday,09:05,0900 Hours,District 1 (Central),DES MOINES,POLK,I-235,INTERSTATE 235/SE RAMP MEASURING 679 FEET EAST FROM INTERSTATE 235/I 235 AND 42ND ST,Collision with fixed object:  Traffic sign support,Roadside,Non-collision (single vehicle),Ran off road - right,None Indicated,Weather conditions,Daylight,Wet,Rain,"Surface condition (e.g., wet, icy)",Non-intersection:  Non-junction/no special feature,Paved,N/A,Property Damage Only,0,0,0,0,0,0,2200,1,1,Southbound (SB),POINT (-93.672298643232 41.59151094367)
20201167411,2020-002005,03/19/2020,03-March,5-Thursday,16:41,1600 Hours,District 6 (East Central),DUBUQUE,DUBUQUE,77,US 52/CENTRAL AVE,Collision with:  Vehicle in traffic,On Roadway,Broadside (front to side),Improper or erratic lane changing,None Indicated,None apparent,Daylight,Wet,Rain,None apparent,Intersection:  T-intersection,Paved,N/A,Property Damage Only,0,0,0,0,0,0,5000,2,3,Eastbound (EB),POINT (-90.670493861169 42.512187064135)
20201167870,892002878,03/20/2020,03-March,6-Friday,14:25,1400 Hours,District 5 (Southeast),,VAN BUREN,IA-2,STATE 2/IOWA 2,Collision with:  Animal,Unknown,N/A,Animal,None Indicated,N/A,N/A,N/A,N/A,N/A,N/A,Paved,N/A,Property Damage Only,0,0,0,0,0,0,1500,1,2,Southbound (SB),POINT (-92.029492180529 40.67450650823)
20201167539,2020-21002,03/21/2020,03-March,7-Saturday,08:37,0800 Hours,District 6 (East Central),DAVENPORT,SCOTT,77,W LOCUST ST,Collision with fixed object:  Utility pole/light support,On Roadway,Non-collision (single vehicle),Driver Distraction:  Exterior distraction,None Indicated,None apparent,Daylight,Dry,Clear,None apparent,Non-intersection:  Non-junction/no special feature,Paved,N/A,Possible/Unknown,0,1,0,0,1,0,23000,1,1,Southbound (SB),POINT (-90.620379703619 41.538178119267)