Iowa DOT Case Number,Law Enforcement Case Number,Date of Crash,Month of Crash,Day of Week,Time of Crash,Hour,DOT District,City Name,County Name,Route with System,Location Description,First Harmful Event,Location of First Harmful Event,Manner of Crash/Collision,Major Cause,Drug or Alcohol ,Environmental Conditions,Light Conditions,Surface Conditions,Weather Conditions,Roadway Contribution,Roadway Type,Roadway Surface,Work Zone,Crash Severity,Number of Fatalities,Number of Injuries,Number of Major Injuries,Number of Minor Injuries,Number of Possible Injuries,Number of Unknown Injuries,Amount of Property Damage,Number of Vehicles Involved,Total Number of Occupants,Travel Direction,Location
20201167838,20-09247,03/23/2020,03-March,2-Monday,02:38,0200 Hours,District 5 (Southeast),,DES MOINES,IA-163,US 34 MEASURING 234 FEET EAST FROM DMC HWY 34 AND US 34,Collision with fixed object:  Traffic sign support,Shoulder,Non-collision (single vehicle),Driving too fast for conditions,None Indicated,Weather conditions,Dark - roadway not lighted,Wet,Freezing rain/drizzle,None apparent,Non-intersection:  Non-junction/no special feature,Unpaved,N/A,Property Damage Only,0,0,0,0,0,0,2000,1,1,Westbound (WB),POINT (-91.267326859834 40.832051240007)
20201167858,20-003343,03/24/2020,03-March,3-Tuesday,17:47,1700 Hours,District 4 (Southwest),COUNCIL BLUFFS,POTTAWATTAMIE,77,W BROADWAY AND STATE 192/S 6TH ST AND BROADWAY KANESVILLE CONN,Collision with:  Vehicle in traffic,On Roadway,Broadside (front to side),Ran Traffic Signal,None Indicated,None apparent,Daylight,Dry,Clear,None apparent,Intersection:  Four-way intersection,Paved,N/A,Property Damage Only,0,0,0,0,0,0,18000,2,3,Southbound (SB),POINT (-95.852022910482 41.261229021907)
20201167965,20-3371,03/26/2020,03-March,5-Thursday,05:40,0500 Hours,District 3 (Northwest),,SIOUX,US 18,OKEY ST AND US 18/BLACK FOREST RD MEASURING 645 FEET WEST FROM US 18/BLACK FOREST RD,Collision with:  Animal,Unknown,N/A,Animal,None Indicated,N/A,N/A,N/A,N/A,N/A,N/A,Paved,N/A,Property Damage Only,0,0,0,0,0,0,2500,1,2,Southbound (SB),POINT (-96.122771433361 43.185753675655)
20201173922,202004586,03/27/2020,03-March,6-Friday,19:30,1900 Hours,District 6 (East Central),CEDAR RAPIDS,LINN,77,B AVE NE AND 18TH ST NE,Collision with:  Vehicle in traffic,On Roadway,Broadside (front to side),Ran Stop Sign,Drug,Weather conditions,Dark - roadway not lighted,Wet,Rain,"Surface condition (e.g., wet, icy)",Intersection:  Four-way intersection,Paved,N/A,Major Injury,0,1,1,0,0,0,10000,2,3,Northbound (NB),POINT (-91.648320297711 41.993156345196)
20201168306,2020-13020,03/29/2020,03-March,1-Sunday,06:19,0600 Hours,District 6 (East Central),BETTENDORF,SCOTT,77,INDIANA AVE,Collision with fixed object:  Ditch,On Roadway,Non-collision (single vehicle),Ran off road - left,None Indicated,None apparent,Daylight,Wet,Rain,"Surface condition (e.g., wet, icy)",Non-intersection:  Non-junction/no special feature,Paved,N/A,Property Damage Only,0,0,0,0,0,0,20000,1,1,Southbound (SB),POINT (-90.44048522371 41.604786532554)
20201168334,20200009236,03/31/2020,03-March,3-Tuesday,07:35,0700 Hours,District 1 (Central),DES MOINES,POLK,I-235,INTERSTATE 235/I 235 200 YARDS EAST OF 63RD OVERPASS,Collision with:  Vehicle in traffic,On Roadway,"Sideswipe, same direction",Aggressive driving/road rage,None Indicated,None apparent,Daylight,Dry,Clear,None apparent,Non-intersection:  Non-junction/no special feature,Paved,N/A,Property Damage Only,0,0,0,0,0,0,5000,2,2,Southbound (SB),POINT (-93.699309265348 41.59287204306)
20201168512,2020009226,04/01/2020,04-April,4-Wednesday,18:45,1800 Hours,District 6 (East Central),,CEDAR,I-80,INTERSTATE 80 MM 264.1 EB,Collision with fixed object:  Cable barrier,On Roadway,Non-collision (single vehicle),Ran off road - left,None Indicated,None apparent,Daylight,Dry,Clear,None apparent,Non-intersection:  Non-junction/no special feature,Paved,N/A,Property Damage Only,0,0,0,0,0,0,11400,1,1,Southbound (SB),POINT (-91.166372785036 41.647051804654)
20201168665,041-20,04/02/2020,04-April,5-Thursday,08:48,0800 Hours,District 4 (Southwest),,MADISON,77,P053/PITZER RD,Collision with:  Vehicle in traffic,On Roadway,Rear-end (front to rear),FTYROW:  Other (explain in narrative),None Indicated,None apparent,Daylight,Dry,Cloudy,None apparent,Non-intersection:  Non-junction/no special feature,Paved,N/A,Minor Injury,0,1,0,1,0,0,30000,2,3,Northbound (NB),POINT (-94.185075607025 41.445145151857)
20201168736,20-00743,04/03/2020,04-April,6-Friday,15:32,1500 Hours,District 1 (Central),URBANDALE,POLK,I-80,INTERSTATE 35/NW RAMP CURV,Collision with:  Vehicle in traffic,Other (explain in narrative),"Sideswipe, same direction",FTYROW:  Other (explain in narrative),None Indicated,None apparent,Daylight,Wet,Cloudy,Work Zone (roadway-related),Interchange-related:  On-ramp merge area,Paved,Yes,Property Damage Only,0,0,0,0,0,0,1600,2,2,Westbound (WB),POINT (-93.776910023656 41.645453073964)
20201169064,20-000360,04/05/2020,04-April,1-Sunday,00:05,0000 Hours,District 1 (Central),,STORY,77,660TH AVE,Collision with fixed object:  Ditch,Roadside,Non-collision (single vehicle),Ran off road - right,None Indicated,None apparent,Dark - roadway not lighted,Dry,Clear,None apparent,Non-intersection:  Non-junction/no special feature,Unpaved,N/A,Property Damage Only,0,0,0,0,0,0,7000,1,1,Northbound (NB),POINT (-93.386374182266 42.077020546964)
20201170056,20-002287,04/06/2020,04-April,2-Monday,03:44,0300 Hours,District 1 (Central),,HARDIN,77,D015/CO HWY D15,Collision with:  Animal,On Roadway,Non-collision (single vehicle),Animal,None Indicated,None apparent,Dark - roadway not lighted,Dry,Clear,None apparent,Non-intersection:  Non-junction/no special feature,Paved,N/A,Property Damage Only,0,0,0,0,0,0,2000,1,1,Southbound (SB),POINT (-93.130793372498 42.522106083426)
20201169005,FD20-0894,04/07/2020,04-April,3-Tuesday,03:00,0300 Hours,District 1 (Central),FORT DODGE,WEBSTER,77,1619 12TH AVE SW,Collision with:  Parked motor vehicle,On Roadway,"Sideswipe, same direction",Unknown,None Indicated,None apparent,Dark - roadway not lighted,Dry,Clear,None apparent,Non-intersection:  Non-junction/no special feature,Paved,N/A,Possible/Unknown,0,1,0,0,0,1,2000,2,1,Southbound (SB),POINT (-94.178774768825 42.491559458275)
20201169232,20200010015,04/09/2020,04-April,5-Thursday,15:08,1500 Hours,District 1 (Central),DES MOINES,POLK,US 6,US 6/E EUCLID AVE MEASURING 189 FEET EAST FROM 2ND AVE,Collision with:  Vehicle in traffic,On Roadway,"Sideswipe, same direction",Failure to signal intentions,None Indicated,None apparent,Daylight,Dry,Clear,None apparent,Non-intersection:  Non-junction/no special feature,Paved,N/A,Property Damage Only,0,0,0,0,0,0,3000,2,3,Southbound (SB),POINT (-93.619312589685 41.627693336281)
20201169275,20200010111,04/10/2020,04-April,6-Friday,15:48,1500 Hours,District 1 (Central),DES MOINES,POLK,I-235,CENTER ST AND 42ND ST AND INTERSTATE 235/NE RAMP AND INTERSTATE 235/NW RAMP,Collision with fixed object:  Fence,On Roadway,Non-collision (single vehicle),Other (explain in narrative):  Other,None Indicated,None apparent,Daylight,Dry,Clear,None apparent,Interchange-related:  On-ramp,Paved,N/A,Property Damage Only,0,0,0,0,0,0,2500,1,1,Westbound (WB),POINT (-93.674389201663 41.591786931301)
20201169356,20-4571,04/12/2020,04-April,1-Sunday,12:34,1200 Hours,District 3 (Northwest),SPENCER,CLAY,US 18,US 18/N GRAND AVE AND E 5TH ST AND W 5TH ST,Collision with:  Vehicle in traffic,On Roadway,"Sideswipe, same direction",Made improper turn,None Indicated,Weather conditions,Daylight,Snow,Snow,None apparent,Intersection:  Four-way intersection,Paved,N/A,Property Damage Only,0,0,0,0,0,0,6000,2,3,Southbound (SB),POINT (-95.14476869975 43.14240812965)
20201169527,20-10908,04/13/2020,04-April,2-Monday,08:09,0800 Hours,District 3 (Northwest),SIOUX CITY,WOODBURY,77,CHEYENNE BLVD AND OUTER DR N,Collision with fixed object:  Curb/island/raised median,Roadside,Non-collision (single vehicle),Ran off road - right,None Indicated,None apparent,Daylight,Ice/frost,Clear,"Surface condition (e.g., wet, icy)",Intersection:  Four-way intersection,Paved,N/A,Property Damage Only,0,0,0,0,0,0,4000,1,1,Northbound (NB),POINT (-96.394092174992 42.540634882355)
20201169652,2020010032,04/15/2020,04-April,4-Wednesday,06:50,0600 Hours,District 6 (East Central),,MUSCATINE,US 6,US 6  MM 265.5 EB,Collision with:  Vehicle in traffic,On Roadway,Head-on (front to front),Driving too fast for conditions,None Indicated,Weather conditions,Daylight,Ice/frost,Clear,"Surface condition (e.g., wet, icy)",Non-intersection:  Non-junction/no special feature,Paved,N/A,Property Damage Only,0,0,0,0,0,0,5000,2,2,Southbound (SB),POINT (-91.308390018383 41.582778014425)
20201169735,C20-4797,04/16/2020,04-April,5-Thursday,06:10,0600 Hours,District 3 (Northwest),,SAC,77,M068/PERKINS AVE,Collision with:  Animal,Unknown,N/A,Animal,None Indicated,N/A,N/A,N/A,N/A,N/A,N/A,Paved,N/A,Property Damage Only,0,0,0,0,0,0,6000,1,1,Northbound (NB),POINT (-95.052466688424 42.288476191248)
20201169878,20200010654,04/17/2020,04-April,6-Friday,13:53,1300 Hours,District 1 (Central),DES MOINES,POLK,77,718 MONONA,Collision with:  Vehicle in traffic,On Roadway,Rear to side,Unknown,None Indicated,None apparent,Daylight,Dry,Clear,None apparent,Non-intersection:  Non-junction/no special feature,Paved,N/A,Property Damage Only,0,0,0,0,0,0,2000,2,2,Southbound (SB),POINT (-93.6220099547 41.572320317596)
20201170978,A20027,04/18/2020,04-April,7-Saturday,02:30,0200 Hours,District 5 (Southeast),KNOXVILLE,MARION,77,100 BLKN 7TH ST,Collision with fixed object:  Utility pole/light support,Unknown,Non-collision (single vehicle),Downhill runaway,None Indicated,None apparent,Dark - roadway lighted,Dry,Clear,None apparent,Non-intersection:  Non-junction/no special feature,Paved,N/A,Property Damage Only,0,0,0,0,0,0,2000,1,0,Northbound (NB),POINT (-93.091547441988 41.31934127357)
20201170330,20-4573,04/20/2020,04-April,2-Monday,14:29,1400 Hours,District 3 (Northwest),CARROLL,CARROLL,US 30,US 30 AND MARKET ST,Collision with:  Vehicle in traffic,On Roadway,Broadside (front to side),Ran Traffic Signal,None Indicated,None apparent,Daylight,Dry,Clear,None apparent,Intersection:  T-intersection,Paved,N/A,Minor Injury,0,2,0,2,0,0,16000,2,2,Southbound (SB),POINT (-94.891619752525 42.078380011937)
20201174285,20-003383,04/21/2020,04-April,3-Tuesday,20:57,2000 Hours,District 5 (Southeast),,LOUISA,US 61,US 61,Collision with:  Animal,Unknown,N/A,Animal,None Indicated,N/A,N/A,N/A,N/A,N/A,N/A,Paved,N/A,Property Damage Only,0,0,0,0,0,0,2500,1,1,Northbound (NB),POINT (-91.200848798829 41.323653706034)
20201170346,022555,04/22/2020,04-April,4-Wednesday,19:00,1900 Hours,District 3 (Northwest),,EMMET,77,A033/210 ST,Collision with:  Animal,Unknown,N/A,Animal,None Indicated,N/A,N/A,N/A,N/A,N/A,N/A,Paved,N/A,Property Damage Only,0,0,0,0,0,0,1700,1,2,Southbound (SB),POINT (-94.64778245587 43.341920523987)
20201170458,20-01736,04/23/2020,04-April,5-Thursday,16:12,1600 Hours,District 1 (Central),WEST DES MOINES,DALLAS,77,300 BLK 68TH ST,Collision with:  Vehicle in traffic,On Roadway,Broadside (front to side),FTYROW:  Other (explain in narrative),None Indicated,None apparent,Daylight,Dry,Clear,None apparent,Non-intersection:  Non-junction/no special feature,Paved,N/A,Property Damage Only,0,0,0,0,0,0,2800,2,3,Eastbound (EB),POINT (-93.79990253271 41.571364443055)
20201170517,20-01745,04/24/2020,04-April,6-Friday,09:22,0900 Hours,District 1 (Central),WEST DES MOINES,POLK,77,1200 BLK VALLEY WEST DR,Collision with:  Vehicle in traffic,On Roadway,Broadside (front to side),Ran Traffic Signal,None Indicated,None apparent,Daylight,Dry,Clear,None apparent,Intersection:  Intersection with ramp,Paved,N/A,Property Damage Only,0,0,0,0,0,0,5000,2,2,Eastbound (EB),POINT (-93.751860510941 41.591675687352)
20201170584,20200011277,04/25/2020,04-April,7-Saturday,11:43,1100 Hours,District 1 (Central),DES MOINES,POLK,77,GLENWOOD DR AND BRIARWOOD PL,Collision with fixed object:  Curb/island/raised median,On Roadway,Non-collision (single vehicle),Other (explain in narrative):  Other,None Indicated,None apparent,Daylight,Dry,Clear,None apparent,Non-intersection:  Non-junction/no special feature,Paved,N/A,Minor Injury,0,1,0,1,0,0,6500,1,1,Northbound (NB),POINT (-93.650471826717 41.560219168953)
20201170835,20-006580,04/27/2020,04-April,2-Monday,23:41,2300 Hours,District 2 (Northeast),,FAYETTE,77,W042/JUNIPER RD,Collision with:  Animal,Unknown,N/A,Animal,None Indicated,N/A,N/A,N/A,N/A,N/A,N/A,Paved,N/A,Property Damage Only,0,0,0,0,0,0,5000,1,1,Northbound (NB),POINT (-91.776132568488 43.072854340467)
20201171125,20-000625,04/28/2020,04-April,3-Tuesday,15:03,1500 Hours,District 1 (Central),JOHNSTON,POLK,77,NW 86TH ST AND CHAMBERY BLVD,Collision with:  Vehicle in traffic,On Roadway,Other (explain in narrative),Ran Traffic Signal,None Indicated,None apparent,Daylight,Dry,Clear,None apparent,Intersection:  Four-way intersection,Paved,N/A,Minor Injury,0,1,0,1,0,0,14000,4,4,Northbound (NB),POINT (-93.73645200352 41.661049541288)
20201170973,20200011672,04/29/2020,04-April,4-Wednesday,14:09,1400 Hours,District 1 (Central),DES MOINES,POLK,77,HUBBELL AVE AND HUBBELL AVE CONN,Collision with:  Vehicle in traffic,On Roadway,Rear-end (front to rear),Unknown,None Indicated,None apparent,Daylight,Dry,Cloudy,None apparent,Non-intersection:  Non-junction/no special feature,Paved,N/A,Possible/Unknown,0,3,0,0,2,1,2500,2,3,Northbound (NB),POINT (-93.586611656775 41.59595227596)
20201171603,,04/30/2020,04-April,5-Thursday,19:30,1900 Hours,District 6 (East Central),IOWA CITY,JOHNSON,77,Iowa 0001 / E BURLINGTON ST and S CLINTON ST,Collision with:  Vehicle in traffic,On Roadway,Broadside (front to side),Unknown,None Indicated,N/A,Daylight,Dry,Clear,N/A,Intersection:  Four-way intersection,Paved,N/A,Property Damage Only,0,0,0,0,0,0,3000,2,2,Northbound (NB),POINT (-91.534641181773 41.657868159182)
20201171801,2020010984,05/01/2020,05-May,6-Friday,09:43,0900 Hours,District 2 (Northeast),,BREMER,US 63,US 63 SB JUST N OF 174 MM,Non-collision events:  Overturn/rollover,On Roadway,Non-collision (single vehicle),Driver Distraction:  Passenger,None Indicated,None apparent,Daylight,Dry,Clear,None apparent,Non-intersection:  Non-junction/no special feature,Paved,N/A,Minor Injury,0,1,0,1,0,0,25000,1,3,Northbound (NB),POINT (-92.337657858035 42.647616219248)
20201171299,20-00870,05/02/2020,05-May,7-Saturday,14:50,1400 Hours,District 1 (Central),URBANDALE,POLK,I-80,INTERSTATE 80/35 WB AT HWY 141 ON RAMP,Collision with:  Vehicle in traffic,On Roadway,Rear-end (front to rear),Driving too fast for conditions,None Indicated,None apparent,Daylight,Dry,Cloudy,Work Zone (roadway-related),Interchange-related:  On-ramp merge area,Paved,Yes,Property Damage Only,0,0,0,0,0,0,6000,2,3,Westbound (WB),POINT (-93.776849771853 41.645435466891)
20201171333,20-002277,05/03/2020,05-May,1-Sunday,02:17,0200 Hours,District 4 (Southwest),,ADAIR,I-80,INTERSTATE 80/I 80,Collision with:  Animal,Unknown,N/A,Animal,None Indicated,N/A,N/A,N/A,N/A,N/A,N/A,Paved,N/A,Property Damage Only,0,0,0,0,0,0,1500,1,5,Westbound (WB),POINT (-94.547172644235 41.496607436791)
20201171580,20-4658,05/05/2020,05-May,3-Tuesday,12:25,1200 Hours,District 3 (Northwest),,SIOUX,77,300TH ST AND INDIAN AVE,Collision with:  Vehicle in traffic,On Roadway,Broadside (front to side),FTYROW:  At uncontrolled intersection,None Indicated,None apparent,Daylight,Gravel,Rain,None apparent,Intersection:  Four-way intersection,Unpaved,N/A,Property Damage Only,0,0,0,0,0,0,22000,2,2,Southbound (SB),POINT (-96.098035421901 43.214843219082)
20201171644,20200012236,05/06/2020,05-May,4-Wednesday,02:05,0200 Hours,District 1 (Central),DES MOINES,POLK,77,E 25TH ST MEASURING 37 FEET NORTH FROM E 25TH ST AND LOGAN AVE,Collision with:  Parked motor vehicle,On Roadway,Rear-end (front to rear),Lost Control,None Indicated,None apparent,Dark - roadway lighted,Dry,Cloudy,None apparent,Non-intersection:  Non-junction/no special feature,Paved,N/A,Property Damage Only,0,0,0,0,0,0,5500,3,1,Northbound (NB),POINT (-93.570418018202 41.592439868064)
20201172252,20003664,05/07/2020,05-May,5-Thursday,11:45,1100 Hours,District 5 (Southeast),ALBIA,MONROE,77,10TH AVE E,Collision with:  Vehicle in traffic,On Roadway,Rear-end (front to rear),FTYROW:  From driveway,None Indicated,None apparent,Daylight,Dry,Clear,None apparent,"Non-intersection:  Driveway access (related, not in)",Paved,N/A,Property Damage Only,0,0,0,0,0,0,2000,2,2,Southbound (SB),POINT (-92.808096678109 41.017901184124)
20201171954,20065715,05/08/2020,05-May,6-Friday,10:48,1000 Hours,District 6 (East Central),SOLON,JOHNSON,77,HIGHWAY 382,Collision with:  Vehicle in traffic,On Roadway,"Angle, oncoming left turn",Ran Stop Sign,None Indicated,None apparent,Daylight,Dry,Clear,None apparent,Intersection:  T-intersection,Paved,N/A,Possible/Unknown,0,1,0,0,1,0,7500,2,2,Southbound (SB),POINT (-91.505637618453 41.811347648727)
20201172066,20-13697,05/09/2020,05-May,7-Saturday,20:11,2000 Hours,District 3 (Northwest),SIOUX CITY,WOODBURY,77,MALLOY RD,Collision with:  Animal,On Roadway,Non-collision (single vehicle),Animal,None Indicated,Animal in roadway,Dusk,Dry,Clear,None apparent,Non-intersection:  Non-junction/no special feature,Unpaved,N/A,Property Damage Only,0,0,0,0,0,0,10500,1,1,Southbound (SB),POINT (-96.442727244749 42.530934337662)
20201172117,WSO2001767,05/10/2020,05-May,1-Sunday,21:18,2100 Hours,District 2 (Northeast),,WINNESHIEK,US 52,US 52,Collision with:  Animal,Unknown,N/A,Animal,None Indicated,N/A,N/A,N/A,N/A,N/A,N/A,Paved,N/A,Property Damage Only,0,0,0,0,0,0,5000,1,1,Northbound (NB),POINT (-91.862012066605 43.443468361365)
20201172288,20-004834,05/12/2020,05-May,3-Tuesday,15:21,1500 Hours,District 4 (Southwest),COUNCIL BLUFFS,POTTAWATTAMIE,77,49.6MM I29NB,Collision with:  Vehicle in traffic,On Roadway,"Sideswipe, same direction",Improper or erratic lane changing,None Indicated,None apparent,Daylight,Dry,Clear,None apparent,Interchange-related:  On-ramp merge area,Paved,N/A,Property Damage Only,0,0,0,0,0,0,13000,2,2,Southbound (SB),POINT (-95.857652694588 41.232953412673)
20201174435,20003916,05/13/2020,05-May,4-Wednesday,00:00,0000 Hours,District 4 (Southwest),,HARRISON,IA-127,STATE 127/IOWA 127 MEASURING 367 FEET EAST FROM NORTON AVE AND STATE 127/IOWA 127,Collision with:  Animal,Unknown,N/A,Animal,None Indicated,N/A,N/A,N/A,N/A,N/A,N/A,Paved,N/A,Property Damage Only,0,0,0,0,0,0,1500,1,1,Southbound (SB),POINT (-95.798640344161 41.665926434615)
20201173867,20-001709,05/14/2020,05-May,5-Thursday,06:45,0600 Hours,District 6 (East Central),,KEOKUK,IA-149,STATE 149/IOWA 149,Collision with:  Animal,Unknown,N/A,Animal,None Indicated,N/A,N/A,N/A,N/A,N/A,N/A,Paved,N/A,Property Damage Only,0,0,0,0,0,0,10000,1,1,Northbound (NB),POINT (-92.088796549 41.456359790077)
20201172721,202006565,05/15/2020,05-May,6-Friday,12:59,1200 Hours,District 6 (East Central),CEDAR RAPIDS,LINN,77,EDGEWOOD RD SW,Collision with:  Vehicle in traffic,On Roadway,Rear-end (front to rear),Followed too close,None Indicated,None apparent,Daylight,Dry,Clear,None apparent,Non-intersection:  Non-junction/no special feature,Paved,N/A,Possible/Unknown,0,1,0,0,1,0,2500,2,2,Northbound (NB),POINT (-91.716003012986 41.965473049399)
20201172831,2020012039,05/16/2020,05-May,7-Saturday,15:50,1500 Hours,District 6 (East Central),CEDAR RAPIDS,LINN,US 30,US 30 EB .5 WEST EDGEWOOD RD,Collision with:  Animal,Unknown,N/A,Animal,None Indicated,N/A,N/A,N/A,N/A,N/A,N/A,Paved,N/A,Property Damage Only,0,0,0,0,0,0,4500,1,3,Westbound (WB),POINT (-91.728552365216 41.94186259223)
20201172710,20-0288,05/17/2020,05-May,1-Sunday,05:00,0500 Hours,District 4 (Southwest),STUART,ADAIR,I-80,INTERSTATE 80/SE RAMP,Non-collision events:  Overturn/rollover,Shoulder,Non-collision (single vehicle),Driver Distraction:  Other interior distraction,None Indicated,None apparent,Dark - roadway not lighted,Dry,Clear,None apparent,Interchange-related:  On-ramp merge area,Paved,N/A,Property Damage Only,0,0,0,0,0,0,20000,1,1,Southbound (SB),POINT (-94.31736614119 41.491858659345)
20201173621,20001941,05/18/2020,05-May,2-Monday,18:46,1800 Hours,District 1 (Central),,STORY,US 30,US 30,Collision with:  Vehicle in traffic,On Roadway,"Sideswipe, same direction",Improper or erratic lane changing,None Indicated,None apparent,Daylight,Dry,Cloudy,None apparent,Interchange-related:  On-ramp merge area,Paved,N/A,Property Damage Only,0,0,0,0,0,0,11800,4,5,Southbound (SB),POINT (-93.582993028113 42.006857701729)
20201173019,20016716,05/19/2020,05-May,3-Tuesday,00:24,0000 Hours,District 5 (Southeast),MUSCATINE,MUSCATINE,77,CEDAR ST AND LOGAN ST,Other (explain in narrative),On Roadway,Non-collision (single vehicle),Crossed median (divided),None Indicated,None apparent,Dark - roadway lighted,Dry,Clear,None apparent,Intersection:  Roundabout,Paved,N/A,Minor Injury,0,1,0,1,0,0,8000,1,1,Southbound (SB),POINT (-91.064828703946 41.435817210432)
20201173779,20004499,05/20/2020,05-May,4-Wednesday,05:53,0500 Hours,District 5 (Southeast),,WAYNE,77,S023/100TH,Collision with:  Animal,Unknown,N/A,Animal,None Indicated,N/A,N/A,N/A,N/A,N/A,N/A,Unpaved,N/A,Property Damage Only,0,0,0,0,0,0,2000,1,1,Northbound (NB),POINT (-93.38429129455 40.884241801972)
20201173253,20-004003,05/21/2020,05-May,5-Thursday,19:17,1900 Hours,District 5 (Southeast),,LUCAS,IA-14,44000-BLK HWY 14,Collision with:  Struck/struck by object/cargo/person from other vehicle,On Roadway,Rear-end (front to rear),Driver Distraction:  Passenger,None Indicated,None apparent,Daylight,Dry,Clear,None apparent,Non-intersection:  Non-junction/no special feature,Paved,N/A,Possible/Unknown,0,1,0,0,1,0,6000,2,3,Northbound (NB),POINT (-93.307784510883 40.964627534815)
20201174247,20-009846,05/22/2020,05-May,6-Friday,07:15,0700 Hours,District 1 (Central),,MARION,IA-163,STATE 163/IOWA 163,Collision with:  Animal,Unknown,N/A,Animal,None Indicated,N/A,N/A,N/A,N/A,N/A,N/A,Paved,N/A,Property Damage Only,0,0,0,0,0,0,3000,1,1,Southbound (SB),POINT (-93.039110249198 41.465132394443)
20201173676,20-003910,05/23/2020,05-May,7-Saturday,18:36,1800 Hours,District 4 (Southwest),RED OAK,MONTGOMERY,77,SUNNY SLOPE DR,Collision with:  Vehicle in traffic,On Roadway,Rear-end (front to rear),Followed too close,None Indicated,None apparent,Daylight,Dry,Clear,None apparent,Intersection:  T-intersection,Paved,N/A,Property Damage Only,0,0,0,0,0,0,6000,2,3,Northbound (NB),POINT (-95.211689495443 41.01634773858)
20201174609,20-0380,05/24/2020,05-May,1-Sunday,18:29,1800 Hours,District 6 (East Central),PRINCETON,SCOTT,US 67,US 67/GREAT RIVER RD AND CLAY ST,Collision with:  Vehicle in traffic,On Roadway,Rear-end (front to rear),Followed too close,None Indicated,None apparent,Daylight,Dry,Clear,None apparent,Intersection:  Four-way intersection,Paved,N/A,Major Injury,0,2,2,0,0,0,10000,3,3,Northbound (NB),POINT (-90.340913258181 41.674879988752)
20201173641,2020-37310,05/25/2020,05-May,2-Monday,13:56,1300 Hours,District 6 (East Central),DAVENPORT,SCOTT,77,MARQUETTE ST AND W 4TH ST,Collision with:  Vehicle in traffic,On Roadway,Broadside (front to side),Unknown,None Indicated,None apparent,Daylight,Dry,Clear,None apparent,Intersection:  Four-way intersection,Paved,N/A,Possible/Unknown,0,2,0,0,2,0,18000,2,4,Northbound (NB),POINT (-90.590886009599 41.523468616767)
20201173980,2020-37613,05/26/2020,05-May,3-Tuesday,14:15,1400 Hours,District 6 (East Central),DAVENPORT,SCOTT,US 6,US 6/E KIMBERLY RD MEASURING 243 FEET EAST FROM US 6/E KIMBERLY RD AND BRIDGE AVE,Collision with:  Vehicle in traffic,On Roadway,Rear-end (front to rear),Followed too close,None Indicated,None apparent,Daylight,Dry,Clear,None apparent,Non-intersection:  Non-junction/no special feature,Paved,N/A,Property Damage Only,0,0,0,0,0,0,5000,2,4,Southbound (SB),POINT (-90.556204953545 41.556834656737)
20201174050,CFS20023635,05/27/2020,05-May,4-Wednesday,19:13,1900 Hours,District 1 (Central),MARSHALLTOWN,MARSHALL,77,S 2ND ST,Collision with:  Parked motor vehicle,On Roadway,"Sideswipe, same direction",Operator inexperience,None Indicated,None apparent,Daylight,Dry,Cloudy,None apparent,Non-intersection:  Non-junction/no special feature,Paved,N/A,Property Damage Only,0,0,0,0,0,0,6000,2,3,Northbound (NB),POINT (-92.915792094379 42.017385956304)
20201175105,20-16004,05/28/2020,05-May,5-Thursday,14:00,1400 Hours,District 5 (Southeast),,DES MOINES,US 61,US 61 AND 65TH ST MEASURING 199 FEET SOUTH FROM US 61,Unknown,On Roadway,Non-collision (single vehicle),"Operating vehicle in an reckless, erratic, careless, negligent manner",None Indicated,None apparent,Daylight,Wet,Rain,None apparent,Non-intersection:  Non-junction/no special feature,Paved,N/A,Possible/Unknown,0,1,0,0,0,1,2500,1,1,Northbound (NB),POINT (-91.14798229847 40.778005064593)
20201174374,2020-003261,05/29/2020,05-May,6-Friday,09:40,0900 Hours,District 6 (East Central),DUBUQUE,DUBUQUE,77,ASBURY RD AND UNIVERSITY AVE,Collision with:  Vehicle in traffic,On Roadway,Rear-end (front to rear),Lost Control,None Indicated,None apparent,Daylight,Dry,Clear,None apparent,Non-intersection:  Non-junction/no special feature,Paved,N/A,Property Damage Only,0,0,0,0,0,0,6500,2,2,Southbound (SB),POINT (-90.696271439557 42.49966884742)
20201174728,2020013060,05/29/2020,05-May,6-Friday,18:51,1800 Hours,District 4 (Southwest),,HARRISON,77,L020/LOESS HILLS TRL MEASURING 1982 FEET SOUTH FROM L020/LOESS HILLS TRL AND KERMIT PL,Collision with fixed object:  Bridge overhead structure,On Roadway,Non-collision (single vehicle),Other (explain in narrative):  Disregarded signs/road markings,None Indicated,None apparent,Daylight,Dry,Clear,None apparent,Non-intersection:  Crossover-related,Paved,N/A,Property Damage Only,0,0,0,0,0,0,15000,1,1,Northbound (NB),POINT (-95.885295555493 41.522740117234)
20201174726,2020-23378,05/30/2020,05-May,7-Saturday,13:30,1300 Hours,District 6 (East Central),,SCOTT,US 61,US 61,Collision with:  Animal,On Roadway,Non-collision (single vehicle),Animal,None Indicated,Animal in roadway,N/A,N/A,N/A,None apparent,Non-intersection:  Non-junction/no special feature,Paved,N/A,Property Damage Only,0,0,0,0,0,0,2500,1,1,Northbound (NB),POINT (-90.565650555502 41.70264870201)
20201174270,20200014505,05/31/2020,05-May,1-Sunday,13:14,1300 Hours,District 1 (Central),DES MOINES,POLK,77,GRAND AVE AND 15TH ST,Collision with:  Vehicle in traffic,On Roadway,"Sideswipe, same direction",Driver Distraction:  Inattentive/lost in thought,None Indicated,None apparent,Daylight,Dry,Cloudy,Work Zone (roadway-related),Intersection:  Four-way intersection,Paved,Yes,Possible/Unknown,0,1,0,0,1,0,6600,2,2,Northbound (NB),POINT (-93.637046222725 41.585235471798)
20201178256,20-004259,06/01/2020,06-June,2-Monday,23:48,2300 Hours,District 2 (Northeast),,BUTLER,77,C013/105 ST AND C013/BIRCH AVE AND 105 ST,Collision with fixed object:  Ditch,Shoulder,Non-collision (single vehicle),Ran off road - straight,None Indicated,None apparent,Dark - roadway not lighted,Dry,Clear,None apparent,Non-intersection:  Non-junction/no special feature,Paved,N/A,Major Injury,0,2,1,0,1,0,5000,1,3,Northbound (NB),POINT (-93.005977256281 42.898180210652)