Iowa DOT Case Number,Law Enforcement Case Number,Date of Crash,Month of Crash,Day of Week,Time of Crash,Hour,DOT District,City Name,County Name,Route with System,Location Description,First Harmful Event,Location of First Harmful Event,Manner of Crash/Collision,Major Cause,Drug or Alcohol ,Environmental Conditions,Light Conditions,Surface Conditions,Weather Conditions,Roadway Contribution,Roadway Type,Roadway Surface,Work Zone,Crash Severity,Number of Fatalities,Number of Injuries,Number of Major Injuries,Number of Minor Injuries,Number of Possible Injuries,Number of Unknown Injuries,Amount of Property Damage,Number of Vehicles Involved,Total Number of Occupants,Travel Direction,Location
20201174682,20-16378,06/02/2020,06-June,3-Tuesday,17:49,1700 Hours,District 3 (Northwest),SIOUX CITY,WOODBURY,I-29,SINGING HILLS BLVD AND INTERSTATE 29/SE RAMP,Collision with:  Vehicle in traffic,On Roadway,"Sideswipe, same direction",Other (explain in narrative):  No improper action,None Indicated,None apparent,Daylight,Dry,Clear,None apparent,Intersection:  Intersection with ramp,Paved,N/A,Property Damage Only,0,0,0,0,0,0,3300,2,2,Northbound (NB),POINT (-96.3740503361 42.434595971078)
20201174985,20-7676,06/03/2020,06-June,4-Wednesday,15:17,1500 Hours,District 6 (East Central),MAQUOKETA,JACKSON,IA-64,STATE 64/W PLATT ST,Collision with:  Vehicle in traffic,On Roadway,Broadside (front to side),Other (explain in narrative):  Other,None Indicated,None apparent,Daylight,Dry,Cloudy,None apparent,Intersection:  Four-way intersection,Paved,N/A,Possible/Unknown,0,1,0,0,1,0,5000,2,3,Southbound (SB),POINT (-90.67870335165 42.068967949329)
20201174879,20-06037A,06/03/2020,06-June,4-Wednesday,13:39,1300 Hours,District 4 (Southwest),,PAGE,IA-48,STATE 48/IOWA 48 AND J20 INTERSECTION,Collision with:  Vehicle in traffic,On Roadway,Rear-end (front to rear),FTYROW:  From yield sign,None Indicated,None apparent,Daylight,Dry,Clear,None apparent,Intersection:  Y-intersection,Paved,N/A,Possible/Unknown,0,1,0,0,1,0,200,2,4,Eastbound (EB),POINT (-95.23324768784 40.843530845037)
20201175946,202007569,06/04/2020,06-June,5-Thursday,18:32,1800 Hours,District 6 (East Central),CEDAR RAPIDS,LINN,77,1ST ST NW AND F AVE W,Collision with:  Vehicle in traffic,On Roadway,"Sideswipe, same direction",Other (explain in narrative):  No improper action,None Indicated,None apparent,Daylight,Dry,Clear,None apparent,Intersection:  Intersection with ramp,Paved,N/A,Property Damage Only,0,0,0,0,0,0,3500,2,4,Eastbound (EB),POINT (-91.671197595135 41.979283385497)
20201175357,20-000526,06/05/2020,06-June,6-Friday,15:27,1500 Hours,District 1 (Central),,STORY,I-35,INTERSTATE 35/I 35,Other (explain in narrative),On Roadway,Non-collision (single vehicle),Other (explain in narrative):  Other,None Indicated,None apparent,Daylight,Dry,Clear,None apparent,Non-intersection:  Non-junction/no special feature,Paved,N/A,Property Damage Only,0,0,0,0,0,0,1500,1,1,Northbound (NB),POINT (-93.570497090608 41.912458394984)
20201175440,2020-003418,06/05/2020,06-June,6-Friday,16:33,1600 Hours,District 6 (East Central),DUBUQUE,DUBUQUE,77,MANSON RD AND OLD MILL RD AND MILLER RD AND KELLY LN,Collision with:  Vehicle in traffic,On Roadway,Rear-end (front to rear),Improper Backing,None Indicated,None apparent,Daylight,Dry,Clear,None apparent,Intersection:  Four-way intersection,Paved,N/A,Property Damage Only,0,0,0,0,0,0,1500,2,3,Northbound (NB),POINT (-90.68131441372 42.469721792615)
20201175171,202004232,06/06/2020,06-June,7-Saturday,14:02,1400 Hours,District 1 (Central),,BOONE,US 30,US 30/220TH ST,Collision with:  Animal,Unknown,N/A,Animal,None Indicated,N/A,N/A,N/A,N/A,N/A,N/A,Paved,N/A,Property Damage Only,0,0,0,0,0,0,4500,1,2,Southbound (SB),POINT (-93.932139585675 42.034689185652)
20201175325,2020-41785,06/07/2020,06-June,1-Sunday,17:30,1700 Hours,District 6 (East Central),DAVENPORT,SCOTT,77,FOREST RD AND US 6/E KIMBERLY RD,Collision with:  Vehicle in traffic,On Roadway,Rear-end (front to rear),"Driver Distraction:  Adjusting devices (radio, climate)",None Indicated,None apparent,Daylight,Dry,Clear,None apparent,Intersection:  Four-way intersection,Paved,N/A,Property Damage Only,0,0,0,0,0,0,5200,2,5,Northbound (NB),POINT (-90.534993102115 41.556849955172)
20201175750,20-004455,06/08/2020,06-June,2-Monday,15:43,1500 Hours,District 4 (Southwest),RED OAK,MONTGOMERY,77,VALLEY ST,Collision with fixed object:  Utility pole/light support,Roadside,Non-collision (single vehicle),"Operating vehicle in an reckless, erratic, careless, negligent manner",Drug,None apparent,Daylight,Dry,Cloudy,None apparent,Non-intersection:  Non-junction/no special feature,Paved,N/A,Property Damage Only,0,0,0,0,0,0,6000,1,1,Southbound (SB),POINT (-95.219865297304 41.012983908776)
20201175577,20200015330,06/08/2020,06-June,2-Monday,22:22,2200 Hours,District 1 (Central),DES MOINES,POLK,77,LOWER BEAVER RD MEASURING 166 FEET SOUTH FROM LOWER BEAVER RD AND AURORA AVE,Collision with fixed object:  Utility pole/light support,Roadside,Non-collision (single vehicle),Exceeded authorized speed,None Indicated,None apparent,Dark - roadway lighted,Dry,Clear,None apparent,Non-intersection:  Non-junction/no special feature,Paved,N/A,Property Damage Only,0,0,0,0,0,0,30000,1,1,Northbound (NB),POINT (-93.665616767536 41.63598235285)
20201175748,W20-040965,06/09/2020,06-June,3-Tuesday,19:35,1900 Hours,District 2 (Northeast),WATERLOO,BLACK HAWK,77,KIMBALL AVE AND W RIDGEWAY AVE AND E RIDGEWAY AVE,Collision with:  Vehicle in traffic,On Roadway,"Sideswipe, same direction",Improper or erratic lane changing,None Indicated,None apparent,Daylight,Dry,Clear,None apparent,Non-intersection:  Non-junction/no special feature,Paved,N/A,Property Damage Only,0,0,0,0,0,0,2000,2,5,Northbound (NB),POINT (-92.356983957936 42.469394704405)
20201175784,2020-42491,06/10/2020,06-June,4-Wednesday,07:03,0700 Hours,District 6 (East Central),DAVENPORT,SCOTT,77,FAIRMOUNT ST AND STATE 461/W RIVER DR,Collision with fixed object:  Other post/pole/support (explain in narrative),On Roadway,Non-collision (single vehicle),Other (explain in narrative):  Other,None Indicated,None apparent,Daylight,Dry,Clear,None apparent,Intersection:  Four-way intersection,Paved,N/A,Property Damage Only,0,0,0,0,0,0,4250,1,1,Northbound (NB),POINT (-90.630471009212 41.501126817282)
20201176116,SO2002028,06/11/2020,06-June,5-Thursday,15:40,1500 Hours,District 5 (Southeast),,JEFFERSON,77,H034/185TH ST AND STATE 1/IOWA 1 AND 185TH ST,Collision with:  Vehicle in traffic,On Roadway,Broadside (front to side),Ran Stop Sign,None Indicated,None apparent,Daylight,Dry,Clear,None apparent,Intersection:  Four-way intersection,Paved,N/A,Property Damage Only,0,0,0,0,0,0,18300,2,2,Southbound (SB),POINT (-91.968106090354 41.039258706537)
20201176447,20007849,06/11/2020,06-June,5-Thursday,10:41,1000 Hours,District 4 (Southwest),MALVERN,MILLS,77,MAIN ST,Collision with:  Vehicle in traffic,On Roadway,"Sideswipe, same direction",Passing:  Where prohibited by signs/markings,None Indicated,None apparent,Daylight,Dry,Clear,None apparent,Non-intersection:  Non-junction/no special feature,Paved,N/A,Property Damage Only,0,0,0,0,0,0,4700,2,2,Northbound (NB),POINT (-95.585173205292 41.003780253591)
20201176448,20012255,06/12/2020,06-June,6-Friday,12:03,1200 Hours,District 5 (Southeast),NEW SHARON,MAHASKA,77,E CHERRY ST AND US 63/MAIN ST AND W CHERRY ST,Collision with:  Vehicle in traffic,On Roadway,Broadside (front to side),Ran Stop Sign,None Indicated,None apparent,Daylight,Dry,Clear,None apparent,Intersection:  Four-way intersection,Paved,N/A,Property Damage Only,0,0,0,0,0,0,4500,2,2,Southbound (SB),POINT (-92.651501733452 41.467925903823)
20201176210,20007461,06/13/2020,06-June,7-Saturday,11:00,1100 Hours,District 3 (Northwest),MILFORD,DICKINSON,US 71,US 71/OKOBOJI AVE,Collision with:  Vehicle in traffic,On Roadway,Head-on (front to front),Driver Distraction:  Inattentive/lost in thought,None Indicated,None apparent,Daylight,Dry,Clear,None apparent,Non-intersection:  Non-junction/no special feature,Paved,N/A,Property Damage Only,0,0,0,0,0,0,4000,2,2,Northbound (NB),POINT (-95.149979976732 43.33140993781)
20201176368,20200015938,06/14/2020,06-June,1-Sunday,18:36,1800 Hours,District 1 (Central),DES MOINES,POLK,US 6,US 6/EUCLID AVE 300FT WEST OF 9TH ST,Collision with:  Vehicle in traffic,On Roadway,Rear-end (front to rear),Followed too close,None Indicated,None apparent,Daylight,Dry,Clear,None apparent,Non-intersection:  Non-junction/no special feature,Paved,N/A,Property Damage Only,0,0,0,0,0,0,5000,2,3,Southbound (SB),POINT (-93.631569310321 41.627662678023)
20201176379,2007327,06/14/2020,06-June,1-Sunday,15:02,1500 Hours,District 1 (Central),TAMA,TAMA,77,PARK ST,Collision with:  Re-entering roadway,Outside trafficway,Rear to side,Improper Backing,None Indicated,None apparent,Daylight,Dry,Clear,None apparent,Non-intersection:  Alley,Paved,N/A,Property Damage Only,0,0,0,0,0,0,4000,2,2,Northbound (NB),POINT (-92.57197983179 41.965118786889)
20201176695,20-005334,06/15/2020,06-June,2-Monday,10:23,1000 Hours,District 1 (Central),,HARDIN,77,D AVE,Collision with fixed object:  Ditch,Roadside,Non-collision (single vehicle),Ran off road - left,None Indicated,None apparent,Daylight,Dry,Clear,None apparent,Non-intersection:  Non-junction/no special feature,Unpaved,N/A,Fatal,1,0,0,0,0,0,0,1,1,Northbound (NB),POINT (-93.424554665035 42.253032491117)
20201177979,,06/16/2020,06-June,3-Tuesday,12:25,1200 Hours,District 6 (East Central),IOWA CITY,JOHNSON,77,SB/WB Iowa 0001 / IOWA 1 (Milepost 85) and ORCHARD ST,Collision with:  Vehicle in traffic,On Roadway,Broadside (front to side),Unknown,None Indicated,N/A,Daylight,Dry,Clear,N/A,Intersection:  Four-way intersection,Paved,N/A,Property Damage Only,0,0,0,0,0,0,4693,2,3,Northbound (NB),POINT (-91.542333904709 41.647472991939)
20201176910,2020003990,06/17/2020,06-June,4-Wednesday,16:30,1600 Hours,District 6 (East Central),IOWA CITY,JOHNSON,77,JOHNSON ST AND STATE 1/E BURLINGTON ST,Collision with:  Vehicle in traffic,On Roadway,Broadside (front to side),FTYROW:  From stop sign,None Indicated,None apparent,Daylight,Dry,Clear,None apparent,Intersection:  Four-way intersection,Paved,N/A,Possible/Unknown,0,2,0,0,2,0,15000,2,2,Northbound (NB),POINT (-91.527268284232 41.657809935859)
20201176884,2020-15621,06/17/2020,06-June,4-Wednesday,12:51,1200 Hours,District 5 (Southeast),,WARREN,US 65,US 65,Collision with:  Vehicle in traffic,On Roadway,Head-on (front to front),FTYROW:  Making left turn,None Indicated,None apparent,Daylight,Dry,Clear,None apparent,Intersection:  Four-way intersection,Paved,N/A,Minor Injury,0,1,0,1,0,0,8050,2,4,Northbound (NB),POINT (-93.563245403646 41.285373685147)
20201177024,20-011947,06/18/2020,06-June,5-Thursday,04:07,0400 Hours,District 5 (Southeast),,MARION,IA-5,STATE 5/IOWA 5,Collision with:  Animal,Unknown,N/A,Animal,None Indicated,N/A,N/A,N/A,N/A,N/A,N/A,Paved,N/A,Property Damage Only,0,0,0,0,0,0,4500,1,1,Northbound (NB),POINT (-93.256386248465 41.353105217732)
20201177856,202008317,06/19/2020,06-June,6-Friday,16:27,1600 Hours,District 6 (East Central),CEDAR RAPIDS,LINN,I-380,INTERSTATE 380 SB/NW RAMP WHY 100 WB,Collision with:  Vehicle in traffic,On Roadway,Broadside (front to side),Ran Traffic Signal,None Indicated,None apparent,Daylight,Wet,Rain,None apparent,Intersection:  Five points or more,Paved,N/A,Property Damage Only,0,0,0,0,0,0,5000,2,3,Eastbound (EB),POINT (-91.673831281275 42.028587886323)
20201178130,2020-45398,06/19/2020,06-June,6-Friday,20:48,2000 Hours,District 6 (East Central),DAVENPORT,SCOTT,77,JEBENS AVE AND W LOMBARD ST,Collision with:  Vehicle in traffic,On Roadway,Broadside (front to side),FTYROW:  From stop sign,None Indicated,Weather conditions,Dark - roadway lighted,Wet,Rain,None apparent,Intersection:  Four-way intersection,Paved,N/A,Property Damage Only,0,0,0,0,0,0,2000,2,5,Northbound (NB),POINT (-90.615438576095 41.541831394409)
20201177551,2020014735,06/20/2020,06-June,7-Saturday,21:43,2100 Hours,District 2 (Northeast),,FAYETTE,US 18,US 18/230TH ST AND U AVE MEASURING 1632 FEET WEST FROM US 18/230TH ST,Collision with:  Animal,Unknown,N/A,Animal,None Indicated,N/A,N/A,N/A,N/A,N/A,N/A,Paved,N/A,Property Damage Only,0,0,0,0,0,0,2000,1,4,Southbound (SB),POINT (-92.00286016866 42.964725949983)
20201177483,203889,06/21/2020,06-June,1-Sunday,10:25,1000 Hours,District 3 (Northwest),,CALHOUN,IA-175,STATE 175/365TH ST,Collision with:  Animal,On Roadway,Non-collision (single vehicle),Animal,None Indicated,Animal in roadway,Daylight,Dry,Cloudy,None apparent,Non-intersection:  Non-junction/no special feature,Paved,N/A,Property Damage Only,0,0,0,0,0,0,3500,1,5,Southbound (SB),POINT (-94.771964303105 42.260535958811)
20201177751,2020014815,06/22/2020,06-June,2-Monday,10:25,1000 Hours,District 1 (Central),,STORY,I-35,INTERSTATE 35 MEASURING 1013 FEET SOUTH OF 115 MILE MARKER,Collision with fixed object:  Cable barrier,Shoulder,Non-collision (single vehicle),Driving too fast for conditions,None Indicated,Weather conditions,Daylight,Wet,Rain,None apparent,Non-intersection:  Non-junction/no special feature,Paved,N/A,Possible/Unknown,0,1,0,0,1,0,7670,1,3,Northbound (NB),POINT (-93.569617001243 42.054677703222)
20201177763,2020-8863,06/23/2020,06-June,3-Tuesday,09:01,0900 Hours,District 6 (East Central),MAQUOKETA,JACKSON,77,PLATT/MAIN,Collision with:  Non-motorist (see non-motorist section - NOT a unit),On Roadway,Non-collision (single vehicle),FTYROW:  To pedestrian,None Indicated,None apparent,Daylight,Dry,Clear,None apparent,Intersection:  Four-way intersection,Paved,N/A,Fatal,1,0,0,0,0,0,0,1,1,Northbound (NB),POINT (-90.66551978344 42.069213722951)
20201178061,20S00966,06/24/2020,06-June,4-Wednesday,14:15,1400 Hours,District 4 (Southwest),,UNION,77,170TH ST,Non-collision events:  Overturn/rollover,Roadside,Non-collision (single vehicle),Ran off road - right,None Indicated,None apparent,Daylight,Dry,Clear,None apparent,Non-intersection:  Non-junction/no special feature,Unpaved,N/A,Property Damage Only,0,0,0,0,0,0,5000,1,1,Southbound (SB),POINT (-94.442873650256 41.057581297919)
20201178033,20-18951,06/24/2020,06-June,4-Wednesday,11:25,1100 Hours,District 3 (Northwest),SIOUX CITY,WOODBURY,77,S LAKEPORT ST AND SOUTHERN HILLS DR,Collision with:  Vehicle in traffic,On Roadway,"Angle, oncoming left turn",FTYROW:  Making left turn,None Indicated,None apparent,Daylight,Dry,Cloudy,None apparent,Intersection:  Four-way intersection,Paved,N/A,Possible/Unknown,0,1,0,0,1,0,3500,2,2,Northbound (NB),POINT (-96.347777086203 42.440445752169)
20201179522,20-005875,06/25/2020,06-June,5-Thursday,23:06,2300 Hours,District 6 (East Central),,BENTON,77,W024/30 AVE AND 74 ST,Collision with:  Animal,On Roadway,Non-collision (single vehicle),Animal,None Indicated,Animal in roadway,N/A,N/A,N/A,None apparent,Non-intersection:  Non-junction/no special feature,Unpaved,N/A,Property Damage Only,0,0,0,0,0,0,2500,1,5,Southbound (SB),POINT (-91.910823324735 41.948717198213)
20201178402,20201018,06/26/2020,06-June,6-Friday,21:45,2100 Hours,District 6 (East Central),MOUNT VERNON,LINN,77,500 BLOCK 1ST ST E,Collision with fixed object:  Utility pole/light support,On Roadway,Non-collision (single vehicle),Driver Distraction:  Other interior distraction,None Indicated,None apparent,Dark - roadway lighted,Dry,Clear,None apparent,Non-intersection:  Non-junction/no special feature,Paved,N/A,Property Damage Only,0,0,0,0,0,0,4500,1,1,Southbound (SB),POINT (-91.412822581065 41.920296939144)
20201187151,20-019352,06/27/2020,06-June,7-Saturday,02:04,0200 Hours,District 5 (Southeast),,LEE,77,X032/303 AVE,Non-collision events:  Overturn/rollover,On Roadway,Non-collision (single vehicle),Ran off road - right,Alcohol (Statutory),None apparent,Dark - roadway not lighted,Wet,Cloudy,"Surface condition (e.g., wet, icy)",Non-intersection:  Non-junction/no special feature,Paved,N/A,Minor Injury,0,1,0,1,0,0,1200,1,2,Northbound (NB),POINT (-91.329732624993 40.723236207016)
20201178784,,06/27/2020,06-June,7-Saturday,22:54,2200 Hours,District 5 (Southeast),RIVERSIDE,WASHINGTON,IA-22,US 0218 / SW RAMP CURV and US 0218 / NW RAMP CURV and Iowa 0022,Collision with:  Vehicle in traffic,On Roadway,Broadside (front to side),Ran Stop Sign,None Indicated,None apparent,Dark - roadway lighted,Dry,Clear,None apparent,Intersection:  Intersection with ramp,Paved,N/A,Minor Injury,0,2,0,2,0,0,75000,2,7,Southbound (SB),POINT (-91.552568326299 41.486683294563)
20201178948,20-008087,06/28/2020,06-June,1-Sunday,15:57,1500 Hours,District 1 (Central),,TAMA,77,500 RED EARTH DR,Collision with fixed object:  Ditch,Roadside,Non-collision (single vehicle),Ran off road - right,None Indicated,None apparent,Daylight,Dry,Clear,None apparent,Non-intersection:  Non-junction/no special feature,Unpaved,N/A,Minor Injury,0,1,0,1,0,0,0,1,1,Northbound (NB),POINT (-92.639701365964 42.000207124194)
20201178705,2020-48631,06/29/2020,06-June,2-Monday,12:29,1200 Hours,District 6 (East Central),DAVENPORT,SCOTT,77,W COLUMBIA AVE AND OAK ST,Collision with:  Parked motor vehicle,On Roadway,Rear-end (front to rear),Followed too close,None Indicated,None apparent,Daylight,Dry,Clear,None apparent,Non-intersection:  Non-junction/no special feature,Paved,N/A,Property Damage Only,0,0,0,0,0,0,4000,2,1,Southbound (SB),POINT (-90.60960166384 41.547330153876)
20201178778,20200017719,06/30/2020,06-June,3-Tuesday,17:00,1700 Hours,District 1 (Central),DES MOINES,POLK,77,SE 3RD ST AND E LEACH AVE,Collision with fixed object:  Utility pole/light support,On Roadway,Non-collision (single vehicle),Other (explain in narrative):  Other,None Indicated,None apparent,Daylight,Dry,Cloudy,None apparent,Intersection:  T-intersection,Paved,N/A,Property Damage Only,0,0,0,0,0,0,6500,1,1,Southbound (SB),POINT (-93.611293629181 41.546328684039)
20201178923,20000690,07/01/2020,07-July,4-Wednesday,08:00,0800 Hours,District 6 (East Central),IOWA CITY,JOHNSON,77,UNIVERSITY OF IOWA AND NEWTON RD,Collision with:  Re-entering roadway,On Roadway,Rear to side,Other (explain in narrative):  No improper action,None Indicated,None apparent,Daylight,Wet,Rain,None apparent,Intersection:  Other intersection (explain in narrative),Paved,N/A,Property Damage Only,0,0,0,0,0,0,2000,2,2,Southbound (SB),POINT (-91.543646084624 41.662251881539)
20201179487,20005201,07/01/2020,07-July,4-Wednesday,13:04,1300 Hours,District 6 (East Central),,DELAWARE,US 20,US 20,Collision with:  Vehicle in traffic,On Roadway,"Sideswipe, same direction",Driver Distraction:  Other interior distraction,None Indicated,None apparent,Daylight,Dry,Clear,None apparent,Non-intersection:  Non-junction/no special feature,Paved,N/A,Property Damage Only,0,0,0,0,0,0,4000,2,3,Westbound (WB),POINT (-91.209327796472 42.470888168064)
20201179029,202005137,07/02/2020,07-July,5-Thursday,07:30,0700 Hours,District 4 (Southwest),,BOONE,77,290TH ST,Collision with fixed object:  Culvert/pipe opening,Outside trafficway,Non-collision (single vehicle),Driver Distraction:  Inattentive/lost in thought,None Indicated,None apparent,Daylight,Gravel,Clear,None apparent,Non-intersection:  Non-junction/no special feature,Unpaved,N/A,Property Damage Only,0,0,0,0,0,0,2500,1,1,Southbound (SB),POINT (-94.039753667581 41.935755622464)
20201179250,20-009368,07/03/2020,07-July,6-Friday,18:56,1800 Hours,District 2 (Northeast),NASHUA,CHICKASAW,77,CHARLES CITY RD,Other (explain in narrative),Outside trafficway,"Sideswipe, opposite direction",Ran off road - right,None Indicated,None apparent,Daylight,Dry,Clear,None apparent,Non-intersection:  Non-junction/no special feature,Paved,N/A,Property Damage Only,0,0,0,0,0,0,3000,2,1,Northbound (NB),POINT (-92.544099574901 42.956373660218)
20201180621,20-006934,07/03/2020,07-July,6-Friday,11:42,1100 Hours,District 4 (Southwest),COUNCIL BLUFFS,POTTAWATTAMIE,77,ELMWOOD DR AND N BROADWAY,Collision with:  Vehicle in traffic,On Roadway,Other (explain in narrative),Other (explain in narrative):  Other,None Indicated,None apparent,Daylight,Dry,Clear,None apparent,Non-intersection:  Non-junction/no special feature,Paved,N/A,Property Damage Only,0,0,0,0,0,0,2885,2,4,Northbound (NB),POINT (-95.835488442107 41.278515674229)
20201179499,20-19777,07/04/2020,07-July,7-Saturday,13:29,1300 Hours,District 1 (Central),KELLOGG,JASPER,77,BLAIR ST,Collision with:  Re-entering roadway,On Roadway,Broadside (front to side),FTYROW:  At uncontrolled intersection,None Indicated,None apparent,Daylight,Dry,Clear,None apparent,"Non-intersection:  Driveway access (related, not in)",Paved,N/A,Property Damage Only,0,0,0,0,0,0,3500,2,3,Southbound (SB),POINT (-92.903650787495 41.714349022313)
20201179458,SO-0001468,07/05/2020,07-July,1-Sunday,23:45,2300 Hours,District 4 (Southwest),,ADAMS,IA-148,STATE 148/IA 148,Collision with:  Animal,On Roadway,Non-collision (single vehicle),Animal,None Indicated,Animal in roadway,N/A,N/A,N/A,None apparent,Non-intersection:  Non-junction/no special feature,Paved,N/A,Property Damage Only,0,0,0,0,0,0,1500,1,1,Northbound (NB),POINT (-94.757226962067 41.126825088571)
20201179765,2020-51082,07/06/2020,07-July,2-Monday,14:42,1400 Hours,District 6 (East Central),DAVENPORT,SCOTT,IA-461,STATE 461/BRADY ST MEASURING 395 FEET SOUTH FROM STATE 461/BRADY ST AND E 35TH ST,Collision with:  Vehicle in traffic,On Roadway,Rear-end (front to rear),Followed too close,None Indicated,None apparent,Daylight,Dry,Clear,None apparent,Non-intersection:  Non-junction/no special feature,Paved,N/A,Possible/Unknown,0,1,0,0,0,1,2000,2,2,Northbound (NB),POINT (-90.569201464666 41.553669855639)
20201180888,20-000963,07/07/2020,07-July,3-Tuesday,16:14,1600 Hours,District 1 (Central),URBANDALE,POLK,77,NW 54TH AVE AND NW 100TH ST AND 100TH ST,Collision with:  Vehicle in traffic,On Roadway,"Sideswipe, opposite direction",FTYROW:  Making left turn,None Indicated,None apparent,Daylight,Dry,Clear,None apparent,Intersection:  Four-way intersection,Paved,N/A,Property Damage Only,0,0,0,0,0,0,6000,2,4,Southbound (SB),POINT (-93.755927435761 41.658437139349)
20201179804,C20002276,07/07/2020,07-July,3-Tuesday,06:48,0600 Hours,District 6 (East Central),CORALVILLE,JOHNSON,77,CORAL RIDGE AVE AND HOLIDAY RD AND HEARTLAND DR,Collision with:  Vehicle in traffic,On Roadway,Broadside (front to side),Ran Traffic Signal,None Indicated,None apparent,Daylight,Dry,Clear,None apparent,Intersection:  Four-way intersection,Paved,N/A,Property Damage Only,0,0,0,0,0,0,7500,2,4,Northbound (NB),POINT (-91.608377553019 41.700522517297)
20201181761,SO20-00598,07/08/2020,07-July,4-Wednesday,20:41,2000 Hours,District 1 (Central),,MARSHALL,77,1200 MILE 237TH ST,Collision with fixed object:  Ditch,On Roadway,Non-collision (single vehicle),Ran off road - right,None Indicated,None apparent,Dusk,Gravel,Clear,None apparent,Non-intersection:  Non-junction/no special feature,Unpaved,N/A,Property Damage Only,0,0,0,0,0,0,5000,1,3,Southbound (SB),POINT (-93.185331554057 42.011322847214)
20201187007,20006185,07/09/2020,07-July,5-Thursday,13:00,1300 Hours,District 1 (Central),,WRIGHT,IA-17,STATE 17/IOWA 17,Collision with:  Vehicle in traffic,On Roadway,Broadside (front to side),Other (explain in narrative):  Other,None Indicated,None apparent,Daylight,Dry,Cloudy,None apparent,"Non-intersection:  Driveway access (related, not in)",Paved,N/A,Property Damage Only,0,0,0,0,0,0,4000,2,2,Northbound (NB),POINT (-93.912288565119 42.589082056049)
20201180516,20-21087,07/10/2020,07-July,6-Friday,17:18,1700 Hours,District 3 (Northwest),SIOUX CITY,WOODBURY,IA-812,STATE 12/GORDON DR AND  NEBRASKA ST,Collision with:  Vehicle in traffic,On Roadway,Rear-end (front to rear),Driver Distraction:  Unrestrained animal,None Indicated,None apparent,Daylight,Dry,Clear,None apparent,Intersection:  Four-way intersection,Paved,N/A,Property Damage Only,0,0,0,0,0,0,4500,3,7,Southbound (SB),POINT (-96.403428311841 42.489716570159)
20201180970,20-005628,07/10/2020,07-July,6-Friday,02:41,0200 Hours,District 6 (East Central),,CLAYTON,77,W069/FORESTVILLE RD,Collision with:  Animal,Unknown,N/A,Animal,None Indicated,N/A,N/A,N/A,N/A,N/A,N/A,Paved,N/A,Property Damage Only,0,0,0,0,0,0,1500,1,1,Northbound (NB),POINT (-91.527737805783 42.644644475899)
20201181121,2020-52448,07/11/2020,07-July,7-Saturday,01:26,0100 Hours,District 6 (East Central),DAVENPORT,SCOTT,77,E 11TH ST AND SPRING ST,Collision with:  Parked motor vehicle,On Roadway,"Sideswipe, opposite direction",Lost Control,Refused,None apparent,Dark - roadway lighted,Dry,Clear,None apparent,Non-intersection:  Non-junction/no special feature,Paved,N/A,Property Damage Only,0,0,0,0,0,0,19936,2,1,Northbound (NB),POINT (-90.549226751485 41.53112594693)
20201180483,2020016445,07/12/2020,07-July,1-Sunday,11:39,1100 Hours,District 4 (Southwest),,POTTAWATTAMIE,I-80,INTERSTATE 80 18.5 EB,Collision with:  Animal,On Roadway,Non-collision (single vehicle),Animal,None Indicated,Animal in roadway,N/A,N/A,N/A,N/A,N/A,Paved,N/A,Property Damage Only,0,0,0,0,0,0,5000,1,2,Southbound (SB),POINT (-95.659305719205 41.402130895718)
20201180631,2020-004394,07/13/2020,07-July,2-Monday,12:31,1200 Hours,District 6 (East Central),DUBUQUE,DUBUQUE,77,ALTA VISTA ST AND LORAS BLVD,Collision with:  Vehicle in traffic,On Roadway,"Angle, oncoming left turn",FTYROW:  Making left turn,None Indicated,None apparent,Daylight,Dry,Clear,None apparent,Intersection:  Four-way intersection,Paved,N/A,Possible/Unknown,0,1,0,0,1,0,9000,2,3,Northbound (NB),POINT (-90.681188150116 42.502444291961)
20201180938,2020016604,07/14/2020,07-July,3-Tuesday,12:53,1200 Hours,District 4 (Southwest),,POTTAWATTAMIE,I-80,INTERSTATE 80 WB 23.50 MM,Collision with:  Struck/struck by object/cargo/person from other vehicle,On Roadway,Other (explain in narrative),Equipment failure,None Indicated,None apparent,Daylight,Dry,Cloudy,None apparent,Non-intersection:  Non-junction/no special feature,Paved,N/A,Property Damage Only,0,0,0,0,0,0,3800,2,3,Southbound (SB),POINT (-95.607316151531 41.442994725722)
20201181180,CFS#2006314,07/15/2020,07-July,4-Wednesday,01:20,0100 Hours,District 5 (Southeast),,WASHINGTON,77,NUTMEG AVE,Miscellaneous events:  Vehicle out of gear/rolled,On Roadway,Non-collision (single vehicle),Lost Control,None Indicated,None apparent,Dark - roadway not lighted,Wet,Rain,None apparent,Non-intersection:  Non-junction/no special feature,Unpaved,N/A,Property Damage Only,0,0,0,0,0,0,15000,1,3,Northbound (NB),POINT (-91.701623182567 41.268728466256)
20201182517,2020-004470,07/16/2020,07-July,5-Thursday,18:02,1800 Hours,District 6 (East Central),DUBUQUE,DUBUQUE,77,HIGH BLUFF ST AND FARLEY ST,Collision with:  Vehicle in traffic,On Roadway,Broadside (front to side),Other (explain in narrative):  No improper action,None Indicated,None apparent,Daylight,Dry,Clear,None apparent,Intersection:  Four-way intersection,Paved,N/A,Major Injury,0,1,1,0,0,0,8500,2,5,Southbound (SB),POINT (-90.662040143017 42.520191539322)
20201181127,MC2002434,07/16/2020,07-July,5-Thursday,18:05,1800 Hours,District 2 (Northeast),MASON CITY,CERRO GORDO,77,6TH ST NW AND N JEFFERSON AVE,Collision with:  Vehicle in traffic,On Roadway,Broadside (front to side),FTYROW:  At uncontrolled intersection,None Indicated,None apparent,Daylight,Dry,Clear,None apparent,Intersection:  Four-way intersection,Paved,N/A,Property Damage Only,0,0,0,0,0,0,7000,2,2,Northbound (NB),POINT (-93.205952698509 43.157232295011)