Iowa DOT Case Number,Law Enforcement Case Number,Date of Crash,Month of Crash,Day of Week,Time of Crash,Hour,DOT District,City Name,County Name,Route with System,Location Description,First Harmful Event,Location of First Harmful Event,Manner of Crash/Collision,Major Cause,Drug or Alcohol ,Environmental Conditions,Light Conditions,Surface Conditions,Weather Conditions,Roadway Contribution,Roadway Type,Roadway Surface,Work Zone,Crash Severity,Number of Fatalities,Number of Injuries,Number of Major Injuries,Number of Minor Injuries,Number of Possible Injuries,Number of Unknown Injuries,Amount of Property Damage,Number of Vehicles Involved,Total Number of Occupants,Travel Direction,Location
20201181959,20-022167,07/17/2020,07-July,6-Friday,13:15,1300 Hours,District 5 (Southeast),KEOKUK,LEE,US 61,US 61/7TH ST,Collision with fixed object:  Ditch,On Roadway,Non-collision (single vehicle),Ran off road - right,Alcohol (Statutory),None apparent,Daylight,Dry,Clear,None apparent,Non-intersection:  Non-junction/no special feature,Paved,N/A,Property Damage Only,0,0,0,0,0,0,5000,1,1,Northbound (NB),POINT (-91.428483027296 40.389321465551)
20201181338,20-007314,07/18/2020,07-July,7-Saturday,17:40,1700 Hours,District 4 (Southwest),COUNCIL BLUFFS,POTTAWATTAMIE,77,S EXPRESSWAY,Collision with:  Vehicle in traffic,On Roadway,"Angle, oncoming left turn",Other (explain in narrative):  Other,None Indicated,None apparent,Daylight,Dry,Clear,None apparent,Non-intersection:  Non-junction/no special feature,Unpaved,N/A,Property Damage Only,0,0,0,0,0,0,6000,2,4,Northbound (NB),POINT (-95.851355316698 41.230254622571)
20201181729,2020-54919,07/19/2020,07-July,1-Sunday,11:14,1100 Hours,District 6 (East Central),DAVENPORT,SCOTT,77,W 13TH ST,Collision with:  Parked motor vehicle,On Roadway,"Sideswipe, opposite direction",Improper Backing,None Indicated,None apparent,Daylight,Dry,Clear,None apparent,Non-intersection:  Non-junction/no special feature,Paved,N/A,Possible/Unknown,0,1,0,0,0,1,6000,2,1,Southbound (SB),POINT (-90.580367517359 41.533010631608)
20201181890,2020-55157,07/20/2020,07-July,2-Monday,10:38,1000 Hours,District 6 (East Central),DAVENPORT,SCOTT,77,CEDAR ST AND GROVE ST,Collision with:  Parked motor vehicle,On Roadway,"Sideswipe, opposite direction",Unknown,None Indicated,None apparent,Daylight,Dry,Clear,None apparent,Intersection:  Four-way intersection,Paved,N/A,Possible/Unknown,0,1,0,0,0,1,3000,2,1,Southbound (SB),POINT (-90.608998509805 41.539950348837)
20201181870,20002756,07/20/2020,07-July,2-Monday,12:49,1200 Hours,District 1 (Central),AMES,STORY,77,500 BLOCK OF KELLOGG AVE,Collision with:  Vehicle in traffic,On Roadway,Rear to side,Improper Backing,None Indicated,None apparent,Daylight,Wet,Rain,None apparent,Non-intersection:  Other non-intersection (explain in narrative),Paved,N/A,Property Damage Only,0,0,0,0,0,0,2500,2,2,Northbound (NB),POINT (-93.613744306938 42.02631374813)
20201181975,20200019885,07/21/2020,07-July,3-Tuesday,11:03,1100 Hours,District 1 (Central),DES MOINES,POLK,77,SW 3RD ST MEASURING 961 FEET SOUTH FROM SW 2ND ST AND LINE DR,Collision with:  Vehicle in traffic,On Roadway,Other (explain in narrative),Other (explain in narrative):  Other,None Indicated,None apparent,Daylight,Dry,Cloudy,None apparent,Non-intersection:  Non-junction/no special feature,Paved,N/A,Possible/Unknown,0,1,0,0,0,1,4000,2,2,Northbound (NB),POINT (-93.617746250324 41.578026893297)
20201183293,202371,07/22/2020,07-July,4-Wednesday,16:25,1600 Hours,District 2 (Northeast),HAMPTON,FRANKLIN,IA-3,STATE 3/CENTRAL AVE E,Collision with:  Vehicle in traffic,On Roadway,Broadside (front to side),FTYROW:  From driveway,None Indicated,None apparent,Daylight,Dry,Clear,None apparent,"Non-intersection:  Driveway access (related, not in)",Paved,N/A,Property Damage Only,0,0,0,0,0,0,2800,2,3,Southbound (SB),POINT (-93.20184801121 42.74188532562)
20201183152,2020017387,07/23/2020,07-July,5-Thursday,04:30,0400 Hours,District 4 (Southwest),,CASS,I-80,INTERSTATE 80/I 80 EB MM 50.35,Collision with fixed object:  Fence,Roadside,Non-collision (single vehicle),Ran off road - right,None Indicated,None apparent,Dark - roadway not lighted,Wet,Rain,None apparent,Non-intersection:  Non-junction/no special feature,Paved,N/A,Property Damage Only,0,0,0,0,0,0,1700,1,1,Southbound (SB),POINT (-95.142544724432 41.498502190015)
20201182281,20-22997,07/24/2020,07-July,6-Friday,18:54,1800 Hours,District 5 (Southeast),BURLINGTON,DES MOINES,77,3RD ST MEASURING 174 FEET SOUTH FROM HARRISON AVE AND 3RD ST,Other (explain in narrative),Roadside,"Sideswipe, same direction",Other (explain in narrative):  Other,None Indicated,None apparent,Daylight,Dry,Clear,None apparent,Non-intersection:  Non-junction/no special feature,Paved,N/A,Property Damage Only,0,0,0,0,0,0,5000,2,1,Northbound (NB),POINT (-91.099771166154 40.788615919745)
20201182519,2020-004707,07/24/2020,07-July,6-Friday,23:25,2300 Hours,District 6 (East Central),DUBUQUE,DUBUQUE,77,PURINA DR AND KERPER BLVD,Collision with fixed object:  Curb/island/raised median,Shoulder,Non-collision (single vehicle),Ran off road - right,Alcohol (Statutory),None apparent,Dark - roadway lighted,Dry,Clear,None apparent,Non-intersection:  Non-junction/no special feature,Paved,N/A,Property Damage Only,0,0,0,0,0,0,6500,1,4,Southbound (SB),POINT (-90.653230920185 42.508043488242)
20201182521,2020-004720,07/25/2020,07-July,7-Saturday,18:37,1800 Hours,District 6 (East Central),DUBUQUE,DUBUQUE,77,ASBURY RD AND CARTER RD,Collision with:  Vehicle in traffic,On Roadway,Rear-end (front to rear),Lost Control,None Indicated,None apparent,Daylight,Dry,Clear,None apparent,Intersection:  Four-way intersection,Paved,N/A,Property Damage Only,0,0,0,0,0,0,5500,2,2,Northbound (NB),POINT (-90.712123741678 42.509135883707)
20201182532,2020-00611,07/26/2020,07-July,1-Sunday,16:03,1600 Hours,District 4 (Southwest),WAUKEE,DALLAS,US 6,US 6/HICKMAN AVE,Collision with:  Vehicle in traffic,On Roadway,Rear-end (front to rear),Followed too close,None Indicated,None apparent,Daylight,Wet,Cloudy,"Surface condition (e.g., wet, icy)",Intersection:  Four-way intersection,Paved,N/A,Property Damage Only,0,0,0,0,0,0,3500,2,3,Southbound (SB),POINT (-93.858917406504 41.614983861092)
20201182590,20C02794,07/27/2020,07-July,2-Monday,09:28,0900 Hours,District 4 (Southwest),CRESTON,UNION,77,100 BLOCK LIVINGSTON AVE,Collision with:  Vehicle in traffic,On Roadway,Rear to side,Improper Backing,None Indicated,None apparent,Daylight,Dry,Clear,None apparent,Non-intersection:  Non-junction/no special feature,Paved,N/A,Property Damage Only,0,0,0,0,0,0,2500,2,2,Northbound (NB),POINT (-94.370843876828 41.050822185108)
20201182818,202006073,07/28/2020,07-July,3-Tuesday,23:07,2300 Hours,District 1 (Central),,BOONE,IA-17,STATE 17/S AVE,Non-collision events:  Overturn/rollover,On Roadway,Non-collision (single vehicle),Driver Distraction:  Passenger,None Indicated,None apparent,Dark - roadway not lighted,Dry,Clear,None apparent,Non-intersection:  Non-junction/no special feature,Paved,N/A,Major Injury,0,2,1,0,1,0,9000,1,2,Northbound (NB),POINT (-93.815648540777 41.932180451857)
20201182854,20002855,07/28/2020,07-July,3-Tuesday,08:19,0800 Hours,District 1 (Central),AMES,STORY,77,MARSTON AVE AND 16TH ST,Collision with:  Vehicle in traffic,On Roadway,"Angle, oncoming left turn",FTYROW:  Making left turn,None Indicated,None apparent,Daylight,Dry,Clear,None apparent,Intersection:  T-intersection,Paved,N/A,Property Damage Only,0,0,0,0,0,0,6500,2,2,Southbound (SB),POINT (-93.62364599075 42.03830214718)
20201182907,20-09168,07/29/2020,07-July,4-Wednesday,09:20,0900 Hours,District 6 (East Central),MONTICELLO,JONES,IA-38,STATE 38/N CEDAR ST,Collision with:  Vehicle in traffic,Roadside,Rear-end (front to rear),Other (explain in narrative):  No improper action,None Indicated,None apparent,Daylight,Dry,Clear,None apparent,Non-intersection:  Non-junction/no special feature,Paved,N/A,Property Damage Only,0,0,0,0,0,0,4200,2,2,Northbound (NB),POINT (-91.191730033618 42.24509148917)
20201183233,20-000976,07/30/2020,07-July,5-Thursday,14:59,1400 Hours,District 1 (Central),ALTOONA,POLK,77,3501 8TH ST SW/ WAL-MART,Collision with:  Vehicle in traffic,In parking lane/zone,Other (explain in narrative),Other (explain in narrative):  Other,None Indicated,None apparent,Daylight,Dry,Clear,None apparent,Non-intersection:  Non-junction/no special feature,Paved,N/A,Property Damage Only,0,0,0,0,0,0,3000,2,2,Southbound (SB),POINT (-93.505286055701 41.644130792804)
20201183290,2020-58278,07/31/2020,07-July,6-Friday,12:50,1200 Hours,District 6 (East Central),DAVENPORT,SCOTT,77,ROCKINGHAM RD AND S LINCOLN AVE,Collision with fixed object:  Other post/pole/support (explain in narrative),On Roadway,Non-collision (single vehicle),"Operating vehicle in an reckless, erratic, careless, negligent manner",None Indicated,None apparent,Daylight,Dry,Clear,None apparent,Non-intersection:  Non-junction/no special feature,Paved,N/A,Possible/Unknown,0,1,0,0,1,0,12000,1,1,Southbound (SB),POINT (-90.610303905643 41.515570019088)
20201183247,20-007858,07/31/2020,07-July,6-Friday,21:10,2100 Hours,District 4 (Southwest),COUNCIL BLUFFS,POTTAWATTAMIE,77,10 BLOCK OF N 2ND ST,Collision with:  Parked motor vehicle,In parking lane/zone,Rear-end (front to rear),Lost Control,None Indicated,None apparent,Dark - roadway lighted,Dry,Clear,None apparent,Non-intersection:  Non-junction/no special feature,Paved,N/A,Property Damage Only,0,0,0,0,0,0,2500,2,4,Northbound (NB),POINT (-95.846155294709 41.262437089496)
20201183348,S20-001606,08/01/2020,08-August,7-Saturday,19:18,1900 Hours,District 4 (Southwest),,POTTAWATTAMIE,77,L019/145TH ST,Non-collision events:  Overturn/rollover,Roadside,Non-collision (single vehicle),Ran off road - right,None Indicated,None apparent,Daylight,Wet,Cloudy,None apparent,Non-intersection:  Non-junction/no special feature,Unpaved,N/A,Property Damage Only,0,0,0,0,0,0,5050,1,1,Northbound (NB),POINT (-95.909005894816 41.460288888702)
20201183386,C20002614,08/02/2020,08-August,1-Sunday,11:51,1100 Hours,District 6 (East Central),CORALVILLE,JOHNSON,77,COMMERCE DR AND HEARTLAND DR,Collision with:  Vehicle in traffic,On Roadway,Broadside (front to side),FTYROW:  From stop sign,None Indicated,None apparent,Daylight,Dry,Clear,None apparent,Intersection:  Four-way intersection,Paved,N/A,Possible/Unknown,0,2,0,0,2,0,6000,2,3,Southbound (SB),POINT (-91.61721240838 41.695963639611)
20201183755,20016035,08/03/2020,08-August,2-Monday,14:39,1400 Hours,District 5 (Southeast),OSKALOOSA,MAHASKA,77,C AVE W AND N I ST,Other (explain in narrative),On Roadway,Non-collision (single vehicle),FTYROW:  From stop sign,None Indicated,None apparent,Daylight,Dry,Clear,None apparent,Intersection:  Four-way intersection,Paved,N/A,Minor Injury,0,1,0,1,0,0,7000,2,2,Northbound (NB),POINT (-92.655678111701 41.29846016801)
20201183791,20-4475,08/04/2020,08-August,3-Tuesday,14:07,1400 Hours,District 1 (Central),,POLK,IA-415,4800 B NW 2ND ST.,Collision with:  Vehicle in traffic,On Roadway,Rear-end (front to rear),Unknown,None Indicated,None apparent,Daylight,Dry,Clear,None apparent,Intersection:  Four-way intersection,Paved,N/A,Property Damage Only,0,0,0,0,0,0,1900,2,3,Eastbound (EB),POINT (-93.619984971488 41.647748690439)
20201184062,2020-59305,08/04/2020,08-August,3-Tuesday,06:45,0600 Hours,District 6 (East Central),DAVENPORT,SCOTT,77,JERSEY RIDGE RD and DUGGLEBY ST and EAST ST,Collision with:  Non-motorist (see non-motorist section - NOT a unit),On Roadway,Non-collision (single vehicle),Other (explain in narrative):  Other,None Indicated,None apparent,Daylight,Dry,Clear,None apparent,Intersection:  Four-way intersection,Paved,N/A,Major Injury,0,1,1,0,0,0,0,1,1,Northbound (NB),POINT (-90.542032234206 41.535952840267)
20201184090,2020-59638,08/05/2020,08-August,4-Wednesday,12:32,1200 Hours,District 6 (East Central),DAVENPORT,SCOTT,77,EASTERN AVE AND US 6/E KIMBERLY RD,Collision with:  Vehicle in traffic,On Roadway,Rear-end (front to rear),Followed too close,None Indicated,None apparent,Daylight,Dry,Clear,None apparent,Intersection:  Four-way intersection,Paved,N/A,Possible/Unknown,0,1,0,0,1,0,4000,3,7,Northbound (NB),POINT (-90.551393807751 41.556912373702)
20201184053,2020018587,08/06/2020,08-August,5-Thursday,06:16,0600 Hours,District 4 (Southwest),,POTTAWATTAMIE,I-29,INTERSTATE 29 64.2MM NB,Collision with:  Vehicle in traffic,On Roadway,Rear-end (front to rear),Driver Distraction:  Other interior distraction,None Indicated,None apparent,Daylight,Dry,Clear,None apparent,Non-intersection:  Non-junction/no special feature,Paved,N/A,Property Damage Only,0,0,0,0,0,0,6500,2,4,Northbound (NB),POINT (-95.899585406162 41.387226118308)
20201184305,20-003675,08/07/2020,08-August,6-Friday,16:37,1600 Hours,District 1 (Central),ANKENY,POLK,77,1601 NE GRANT ST,Collision with fixed object:  Other post/pole/support (explain in narrative),On Roadway,Non-collision (single vehicle),Lost Control,Under Influence of Alcohol/Drugs/Medications,None apparent,Daylight,Dry,Clear,None apparent,Non-intersection:  Non-junction/no special feature,Paved,N/A,Minor Injury,0,1,0,1,0,0,3400,1,1,Northbound (NB),POINT (-93.598487738767 41.7447789)
20201184587,2020-005093,08/08/2020,08-August,7-Saturday,21:06,2100 Hours,District 6 (East Central),DUBUQUE,DUBUQUE,77,BLUFF ST MEASURING 78 FEET NORTH FROM BLUFF ST AND W 10TH ST,Collision with:  Parked motor vehicle,In parking lane/zone,Rear-end (front to rear),Driver Distraction:  Inattentive/lost in thought,Under Influence of Alcohol/Drugs/Medications,None apparent,Dark - roadway lighted,Dry,Clear,None apparent,Non-intersection:  Non-junction/no special feature,Paved,N/A,Property Damage Only,0,0,0,0,0,0,16500,2,1,Eastbound (EB),POINT (-90.669977027149 42.501856581625)
20201184520,2020-0243,08/08/2020,08-August,7-Saturday,14:54,1400 Hours,District 1 (Central),,WARREN,77,COUNTY LINE RD AND STATE 5/IOWA 5,Collision with:  Vehicle in traffic,On Roadway,Broadside (front to side),FTYROW:  Other (explain in narrative),None Indicated,None apparent,Daylight,Dry,Clear,None apparent,Non-intersection:  Non-junction/no special feature,Unpaved,N/A,Property Damage Only,0,0,0,0,0,0,3300,2,3,Southbound (SB),POINT (-93.515506153654 41.508525696574)
20201184595,202000025061,08/09/2020,08-August,1-Sunday,09:53,0900 Hours,District 5 (Southeast),OTTUMWA,WAPELLO,77,520 EAST MAIN ST,Collision with:  Vehicle in traffic,On Roadway,Rear-end (front to rear),Exceeded authorized speed,None Indicated,None apparent,Daylight,Dry,Clear,None apparent,Non-intersection:  Non-junction/no special feature,Paved,N/A,Property Damage Only,0,0,0,0,0,0,19000,3,1,Southbound (SB),POINT (-92.406089963192 41.0130717064)
20201184662,20-5971,08/10/2020,08-August,2-Monday,18:24,1800 Hours,District 2 (Northeast),,KOSSUTH,77,200 ST,Collision with:  Animal,Unknown,N/A,Animal,None Indicated,N/A,N/A,N/A,N/A,N/A,N/A,Paved,N/A,Property Damage Only,0,0,0,0,0,0,1500,1,2,Southbound (SB),POINT (-94.283289875902 43.052707851859)
20201184656,20-008229,08/10/2020,08-August,2-Monday,19:21,1900 Hours,District 4 (Southwest),COUNCIL BLUFFS,POTTAWATTAMIE,77,4100 RIVERS EDGE PKWY,Collision with:  Vehicle in traffic,On Roadway,"Sideswipe, same direction",Improper or erratic lane changing,None Indicated,None apparent,Daylight,Dry,Clear,None apparent,Non-intersection:  Non-junction/no special feature,Paved,N/A,Possible/Unknown,0,1,0,0,1,0,11000,2,4,Southbound (SB),POINT (-95.915649866997 41.263596770546)
20201184809,20019224,08/11/2020,08-August,3-Tuesday,15:25,1500 Hours,District 6 (East Central),MARION,LINN,77,10TH ST/29TH AV,Collision with:  Vehicle in traffic,On Roadway,"Sideswipe, same direction",Other (explain in narrative):  No improper action,None Indicated,None apparent,Daylight,Dry,Clear,None apparent,Intersection:  Four-way intersection,Paved,N/A,Property Damage Only,0,0,0,0,0,0,4000,2,3,Northbound (NB),POINT (-91.599386066507 42.05048045906)
20201184880,MC2002773,08/11/2020,08-August,3-Tuesday,03:00,0300 Hours,District 2 (Northeast),MASON CITY,CERRO GORDO,77,300 BLK 25TH ST SW,Miscellaneous events:  Hit and run,On Roadway,"Sideswipe, same direction",Other (explain in narrative):  No improper action,None Indicated,None apparent,Dark - roadway not lighted,Dry,Clear,None apparent,Non-intersection:  Non-junction/no special feature,Paved,N/A,Property Damage Only,0,0,0,0,0,0,8000,3,0,Southbound (SB),POINT (-93.208695229021 43.128195652919)
20201186256,20200022269,08/12/2020,08-August,4-Wednesday,12:14,1200 Hours,District 1 (Central),DES MOINES,POLK,77,GRAND AVE AND 56TH ST MEASURING 0 FEET NORTH FROM GRAND AVE AND 56TH ST,Collision with:  Vehicle in traffic,On Roadway,Broadside (front to side),Driver Distraction:  Exterior distraction,None Indicated,None apparent,Daylight,Dry,Clear,Other (explain in narrative),Intersection:  Four-way intersection,Paved,N/A,Property Damage Only,0,0,0,0,0,0,5000,2,4,Southbound (SB),POINT (-93.693766608841 41.58284454059)
20201186090,N20000486,08/12/2020,08-August,4-Wednesday,16:06,1600 Hours,District 6 (East Central),NORTH LIBERTY,JOHNSON,77,FRONT ST,Collision with:  Vehicle in traffic,On Roadway,Rear-end (front to rear),Exceeded authorized speed,None Indicated,None apparent,Daylight,Dry,Clear,None apparent,Non-intersection:  Non-junction/no special feature,Paved,N/A,Possible/Unknown,0,1,0,0,1,0,8000,2,3,Northbound (NB),POINT (-91.597992519888 41.754770224016)
20201188510,20006092,08/13/2020,08-August,5-Thursday,08:42,0800 Hours,District 6 (East Central),,BUCHANAN,77,255TH ST AND KING AVE MEASURING 1246 FEET EAST FROM 255TH ST,Collision with fixed object:  Ditch,On Roadway,Non-collision (single vehicle),Ran off road - left,None Indicated,None apparent,Daylight,Dry,Clear,None apparent,Non-intersection:  Non-junction/no special feature,Unpaved,N/A,Possible/Unknown,0,1,0,0,0,1,3000,1,1,Northbound (NB),POINT (-91.870117206986 42.421968895918)
20201185953,2020-34975,08/14/2020,08-August,6-Friday,15:25,1500 Hours,District 6 (East Central),,SCOTT,77,Y064 / 162 AVE,Collision with fixed object:  Ditch,Shoulder,Non-collision (single vehicle),Exceeded authorized speed,None Indicated,None apparent,Daylight,Dry,Clear,None apparent,Non-intersection:  Non-junction/no special feature,Paved,N/A,Minor Injury,0,1,0,1,0,0,3000,1,1,Northbound (NB),POINT (-90.583248682173 41.678793623972)
20201185423,20-0737,08/14/2020,08-August,6-Friday,11:18,1100 Hours,District 1 (Central),PLEASANT HILL,POLK,77,STATE 163/E UNIVERSITY AVE AND NE 56TH ST,Collision with:  Vehicle in traffic,On Roadway,"Angle, oncoming left turn",FTYROW:  Making left turn,None Indicated,None apparent,Daylight,Dry,Clear,None apparent,Intersection:  Four-way intersection,Paved,N/A,Property Damage Only,0,0,0,0,0,0,3000,2,2,Northbound (NB),POINT (-93.503229812015 41.598986611525)
20201186426,C20002794,08/15/2020,08-August,7-Saturday,03:20,0300 Hours,District 6 (East Central),CORALVILLE,JOHNSON,77,12TH AVE AND US 6/2ND ST,Unknown,On Roadway,Non-collision (single vehicle),Ran off road - right,None Indicated,None apparent,Dark - roadway lighted,Dry,Clear,None apparent,Intersection:  Four-way intersection,Paved,N/A,Property Damage Only,0,0,0,0,0,0,2000,1,0,Northbound (NB),POINT (-91.581776109921 41.6745097585)
20201185794,202006811,08/16/2020,08-August,1-Sunday,18:39,1800 Hours,District 1 (Central),,BOONE,77,E057/270TH ST,Collision with:  Vehicle in traffic,On Roadway,Broadside (front to side),Ran Stop Sign,None Indicated,None apparent,Daylight,Dry,Clear,None apparent,Intersection:  Four-way intersection,Paved,N/A,Major Injury,0,1,1,0,0,0,8000,2,4,Southbound (SB),POINT (-93.950101882176 41.964732231597)
20201185754,20-8472,08/16/2020,08-August,1-Sunday,12:02,1200 Hours,District 3 (Northwest),,SIOUX,77,K030/ELMWOOD AVE MEASURING 652 FEET SOUTH FROM K030/ELMWOOD AVE,Collision with:  Vehicle in traffic,On Roadway,"Sideswipe, same direction",Other (explain in narrative):  Other,None Indicated,None apparent,Daylight,Dry,Clear,None apparent,Non-intersection:  Non-junction/no special feature,Paved,N/A,Property Damage Only,0,0,0,0,0,0,2750,2,10,Northbound (NB),POINT (-96.294561363981 43.156827511094)
20201185985,2020005078,08/17/2020,08-August,2-Monday,16:18,1600 Hours,District 6 (East Central),IOWA CITY,JOHNSON,77,BROADWAY ST AND US 6,Collision with:  Vehicle in traffic,On Roadway,Rear-end (front to rear),Followed too close,None Indicated,None apparent,Daylight,Dry,Clear,None apparent,Intersection:  T-intersection,Paved,N/A,Possible/Unknown,0,1,0,0,1,0,14000,3,3,Northbound (NB),POINT (-91.520029708181 41.641918905253)
20201186050,20200022992,08/18/2020,08-August,3-Tuesday,16:56,1600 Hours,District 1 (Central),DES MOINES,POLK,77,2ND AVE AND LAUREL ST,Collision with:  Vehicle in traffic,On Roadway,Rear-end (front to rear),Lost Control,None Indicated,None apparent,Daylight,Dry,Clear,None apparent,Intersection:  Other intersection (explain in narrative),Paved,N/A,Property Damage Only,0,0,0,0,0,0,1500,2,2,Westbound (WB),POINT (-93.619733521362 41.597679031018)
20201186294,20082019,08/19/2020,08-August,4-Wednesday,19:35,1900 Hours,District 4 (Southwest),CLARINDA,PAGE,77,N 15TH ST AND E STATE ST,Collision with:  Re-entering roadway,On Roadway,Broadside (front to side),FTYROW:  From stop sign,None Indicated,None apparent,Daylight,Dry,Clear,None apparent,Intersection:  Four-way intersection,Paved,N/A,Property Damage Only,0,0,0,0,0,0,8000,2,2,Northbound (NB),POINT (-95.036500646114 40.742143516)
20201186920,20-9194,08/19/2020,08-August,4-Wednesday,17:16,1700 Hours,District 3 (Northwest),CARROLL,CARROLL,77,2ND ST AND CRAWFORD ST,Collision with:  Vehicle in traffic,On Roadway,Broadside (front to side),Ran Stop Sign,Refused,None apparent,Daylight,Dry,Clear,None apparent,Intersection:  Four-way intersection,Paved,N/A,Minor Injury,0,2,0,2,0,0,9000,3,6,Southbound (SB),POINT (-94.874837058078 42.063075032828)
20201186460,2020019837,08/20/2020,08-August,5-Thursday,11:22,1100 Hours,District 5 (Southeast),,WAPELLO,US 63,US 63 191 MM,Collision with:  Vehicle in traffic,On Roadway,"Sideswipe, same direction",Improper or erratic lane changing,None Indicated,None apparent,Daylight,Dry,Clear,None apparent,Non-intersection:  Non-junction/no special feature,Paved,N/A,Property Damage Only,0,0,0,0,0,0,8682,2,3,Eastbound (EB),POINT (-92.378776590859 41.02150348185)
20201186520,20005579,08/21/2020,08-August,6-Friday,15:35,1500 Hours,District 3 (Northwest),SHELDON,OBRIEN,77,411 WASHINGTON AVE,Non-collision events:  Fell/jumped from vehicle,On Roadway,Non-collision (single vehicle),Operator inexperience,None Indicated,None apparent,Daylight,Dry,Clear,"Slippery, loose, or worn surface",Non-intersection:  Non-junction/no special feature,Paved,N/A,Major Injury,0,1,1,0,0,0,200,1,1,Northbound (NB),POINT (-95.842128572193 43.18371181961)
20201190519,20-08590,08/21/2020,08-August,6-Friday,15:40,1500 Hours,District 5 (Southeast),MOUNT PLEASANT,HENRY,77,1105 E WASHINGTON  ST,Other (explain in narrative),On Roadway,Non-collision (single vehicle),Towing Improperly,None Indicated,None apparent,Daylight,Dry,Clear,None apparent,Non-intersection:  Non-junction/no special feature,Paved,N/A,Property Damage Only,0,0,0,0,0,0,6025,1,1,Southbound (SB),POINT (-91.537705751127 40.963988532175)
20201187043,20-22441,08/22/2020,08-August,7-Saturday,14:42,1400 Hours,District 6 (East Central),,,77,,Collision with:  Vehicle in traffic,On Roadway,"Angle, oncoming left turn",FTYROW:  Making left turn,None Indicated,None apparent,Daylight,Dry,Cloudy,None apparent,"Non-intersection:  Driveway access (related, not in)",Unpaved,N/A,Property Damage Only,0,0,0,0,0,0,3000,2,3,N/A,POINT (0 0)
20201187293,20-26384,08/23/2020,08-August,1-Sunday,11:13,1100 Hours,District 3 (Northwest),SIOUX CITY,WOODBURY,77,W CLIFTON AVE,Miscellaneous events:  Hit and run,Outside trafficway,Rear-end (front to rear),Lost Control,None Indicated,None apparent,Daylight,Dry,Clear,None apparent,Non-intersection:  Non-junction/no special feature,Paved,N/A,Property Damage Only,0,0,0,0,0,0,22371,2,1,Southbound (SB),POINT (-96.419592332061 42.526639380579)
20201186803,20-008880,08/24/2020,08-August,2-Monday,07:22,0700 Hours,District 4 (Southwest),COUNCIL BLUFFS,POTTAWATTAMIE,77,1700 BLOCK OF MADISON,Collision with:  Vehicle in traffic,On Roadway,"Sideswipe, same direction",Improper or erratic lane changing,None Indicated,None apparent,Daylight,Dry,Clear,None apparent,Non-intersection:  Non-junction/no special feature,Paved,N/A,Property Damage Only,0,0,0,0,0,0,5500,2,5,Northbound (NB),POINT (-95.827686083384 41.244915780999)
20201187124,20021070,08/25/2020,08-August,3-Tuesday,17:27,1700 Hours,District 6 (East Central),MARION,LINN,IA-13,13 HY/ 151 HY,Collision with:  Vehicle in traffic,On Roadway,Rear-end (front to rear),Followed too close,None Indicated,None apparent,Daylight,Dry,Clear,None apparent,Intersection:  Four-way intersection,Paved,N/A,Property Damage Only,0,0,0,0,0,0,3400,2,2,Northbound (NB),POINT (-91.550286485103 42.035721769404)
20201187313,20-08267A,08/26/2020,08-August,4-Wednesday,19:30,1900 Hours,District 4 (Southwest),,PAGE,77,J020/140 ST,Collision with fixed object:  Bridge/bridge rail parapet,On Roadway,Non-collision (single vehicle),Swerving/Evasive Action,None Indicated,Animal in roadway,Dusk,Dry,Clear,None apparent,Non-intersection:  Non-junction/no special feature,Paved,N/A,Property Damage Only,0,0,0,0,0,0,17000,1,1,Southbound (SB),POINT (-95.200915217808 40.843197734251)
20201187897,20003434,08/26/2020,08-August,4-Wednesday,20:40,2000 Hours,District 1 (Central),AMES,STORY,77,HYLAND AVE,Collision with:  Animal,Unknown,N/A,Animal,None Indicated,N/A,N/A,N/A,N/A,N/A,N/A,Paved,N/A,Property Damage Only,0,0,0,0,0,0,2000,1,1,Northbound (NB),POINT (-93.655672517054 42.030999476642)
20201193702,2020-66128,08/27/2020,08-August,5-Thursday,13:59,1300 Hours,District 6 (East Central),DAVENPORT,SCOTT,77,FARRAGUT AVE AND ROCKINGHAM RD,Collision with:  Parked motor vehicle,On Roadway,Rear-end (front to rear),Other (explain in narrative):  Other,None Indicated,None apparent,Daylight,Dry,Clear,None apparent,Non-intersection:  Non-junction/no special feature,Paved,N/A,Possible/Unknown,0,1,0,0,0,1,2000,2,1,Southbound (SB),POINT (-90.6166283354 41.512702176113)
20201187635,20200024135,08/28/2020,08-August,6-Friday,14:30,1400 Hours,District 1 (Central),DES MOINES,POLK,77,E 33RD ST MEASURING 354 FEET NORTH FROM E JEFFERSON AVE AND E 33RD ST,Collision with fixed object:  Utility pole/light support,On Roadway,Non-collision (single vehicle),Other (explain in narrative):  Other,None Indicated,None apparent,Daylight,Dry,Clear,None apparent,Non-intersection:  Non-junction/no special feature,Paved,N/A,Property Damage Only,0,0,0,0,0,0,10000,1,1,Northbound (NB),POINT (-93.551486700919 41.61101510112)