Iowa DOT Case Number,Law Enforcement Case Number,Date of Crash,Month of Crash,Day of Week,Time of Crash,Hour,DOT District,City Name,County Name,Route with System,Location Description,First Harmful Event,Location of First Harmful Event,Manner of Crash/Collision,Major Cause,Drug or Alcohol ,Environmental Conditions,Light Conditions,Surface Conditions,Weather Conditions,Roadway Contribution,Roadway Type,Roadway Surface,Work Zone,Crash Severity,Number of Fatalities,Number of Injuries,Number of Major Injuries,Number of Minor Injuries,Number of Possible Injuries,Number of Unknown Injuries,Amount of Property Damage,Number of Vehicles Involved,Total Number of Occupants,Travel Direction,Location
20201188012,20-27172,08/29/2020,08-August,7-Saturday,22:13,2200 Hours,District 5 (Southeast),BURLINGTON,DES MOINES,77,CENTRAL AVE AND OSBORN ST,Collision with fixed object:  Traffic sign support,On Roadway,Non-collision (single vehicle),Other (explain in narrative):  Other,Refused,None apparent,Dark - roadway lighted,Dry,Clear,None apparent,Intersection:  Other intersection (explain in narrative),Paved,N/A,Possible/Unknown,0,1,0,0,1,0,7500,1,1,Northbound (NB),POINT (-91.110889190421 40.813651124948)
20201188142,20-009329,08/29/2020,08-August,7-Saturday,08:30,0800 Hours,District 4 (Southwest),,CASS,77,N028/690TH ST,Collision with:  Animal,On Roadway,Non-collision (single vehicle),Animal,None Indicated,Animal in roadway,Daylight,Dry,Clear,None apparent,Non-intersection:  Non-junction/no special feature,Paved,N/A,Property Damage Only,0,0,0,0,0,0,15000,1,1,Northbound (NB),POINT (-94.87236358557 41.380563239207)
20201187803,20-004071,08/30/2020,08-August,1-Sunday,09:20,0900 Hours,District 1 (Central),ANKENY,POLK,77,SE DELAWARE AVE AND SE SHURFINE DR,Collision with:  Vehicle in traffic,On Roadway,Other (explain in narrative),Lost Control,None Indicated,None apparent,Daylight,Dry,Clear,None apparent,Intersection:  Four-way intersection,Paved,N/A,Minor Injury,0,1,0,1,0,0,9500,2,2,Southbound (SB),POINT (-93.581176954409 41.712280288934)
20201187935,20-27274,08/31/2020,08-August,2-Monday,06:53,0600 Hours,District 3 (Northwest),SIOUX CITY,WOODBURY,I-29,US 0077 / US 77 and Interstate 0029,Collision with:  Vehicle in traffic,On Roadway,Rear-end (front to rear),Driving too fast for conditions,None Indicated,None apparent,Dawn,Wet,Cloudy,None apparent,Intersection:  Other intersection (explain in narrative),Paved,N/A,Possible/Unknown,0,2,0,0,2,0,9000,2,2,Eastbound (EB),POINT (-96.413151804037 42.491101911376)
20201188144,20012461,09/01/2020,09-September,3-Tuesday,07:44,0700 Hours,District 4 (Southwest),,MILLS,US 34,US 34,Collision with:  Animal,On Roadway,Non-collision (single vehicle),Animal,None Indicated,Animal in roadway,Daylight,Dry,Clear,None apparent,Non-intersection:  Non-junction/no special feature,Paved,N/A,Property Damage Only,0,0,0,0,0,0,10000,1,1,Westbound (WB),POINT (-95.760497804434 41.038639234579)
20201190228,202012449,09/02/2020,09-September,4-Wednesday,17:07,1700 Hours,District 6 (East Central),CEDAR RAPIDS,LINN,IA-922,SB/WB WILLIAMS BLVD SW TRENT<>16TH AVE SW,Collision with:  Vehicle in traffic,On Roadway,"Sideswipe, same direction",FTYROW:  Other (explain in narrative),None Indicated,None apparent,Daylight,Dry,Clear,None apparent,Non-intersection:  Non-junction/no special feature,Paved,N/A,Possible/Unknown,0,1,0,0,1,0,11500,2,2,Northbound (NB),POINT (-91.711219707779 41.961501626933)
20201188342,20007485,09/02/2020,09-September,4-Wednesday,05:46,0500 Hours,District 4 (Southwest),,MONTGOMERY,77,H034/200 ST,Collision with:  Animal,On Roadway,Non-collision (single vehicle),Animal,None Indicated,Animal in roadway,Dark - roadway lighted,Dry,"Fog, smoke, smog",None apparent,Non-intersection:  Non-junction/no special feature,Paved,N/A,Property Damage Only,0,0,0,0,0,0,7000,1,1,Southbound (SB),POINT (-95.165341734928 41.016219338591)
20201188625,20007354,09/03/2020,09-September,5-Thursday,15:00,1500 Hours,District 6 (East Central),,DELAWARE,US 20,US 20,Non-collision events:  Overturn/rollover,Shoulder,Non-collision (single vehicle),Driver Distraction:  Exterior distraction,None Indicated,None apparent,Daylight,Dry,Clear,None apparent,Non-intersection:  Non-junction/no special feature,Paved,N/A,Property Damage Only,0,0,0,0,0,0,1500,1,1,Southbound (SB),POINT (-91.284456254574 42.471272151271)
20201188749,W20-067093,09/04/2020,09-September,6-Friday,16:24,1600 Hours,District 2 (Northeast),WATERLOO,BLACK HAWK,77,300 BLK SUMNER ST,Collision with:  Vehicle in traffic,On Roadway,Rear-end (front to rear),Lost Control,None Indicated,None apparent,Daylight,Dry,Clear,None apparent,Non-intersection:  Non-junction/no special feature,Paved,N/A,Possible/Unknown,0,1,0,0,1,0,2000,2,1,Southbound (SB),POINT (-92.328650308748 42.508326604519)
20201192681,2020-23812,09/04/2020,09-September,6-Friday,16:38,1600 Hours,District 6 (East Central),BETTENDORF,SCOTT,77,LINCOLN RD AND 18TH ST,Collision with:  Vehicle in traffic,On Roadway,Broadside (front to side),Ran Stop Sign,None Indicated,None apparent,Daylight,Dry,Clear,None apparent,Intersection:  Four-way intersection,Paved,N/A,Property Damage Only,0,0,0,0,0,0,11100,2,2,Southbound (SB),POINT (-90.507305058646 41.536312668867)
20201188849,ACSO-20-2777,09/05/2020,09-September,7-Saturday,15:40,1500 Hours,District 2 (Northeast),,ALLAMAKEE,77,X042/LANSING HARPERS RD,Collision with:  Animal,On Roadway,Other (explain in narrative),Animal,None Indicated,Animal in roadway,Daylight,Dry,Clear,None apparent,Non-intersection:  Non-junction/no special feature,Paved,N/A,Minor Injury,0,1,0,1,0,0,8000,2,4,Northbound (NB),POINT (-91.232770508807 43.295565352615)
20201188917,20-009468,09/06/2020,09-September,1-Sunday,18:37,1800 Hours,District 4 (Southwest),COUNCIL BLUFFS,POTTAWATTAMIE,77,AVE I AND N 25TH ST,Collision with:  Vehicle in traffic,On Roadway,Broadside (front to side),Made improper turn,None Indicated,None apparent,Daylight,Dry,Clear,None apparent,Non-intersection:  Non-junction/no special feature,Paved,N/A,Property Damage Only,0,0,0,0,0,0,11000,2,2,Northbound (NB),POINT (-95.881778494849 41.269908101151)
20201189382,2020021273,09/07/2020,09-September,2-Monday,03:48,0300 Hours,District 6 (East Central),,BUCHANAN,I-380,INTERSTATE 380/I 380 AND INTERSTATE 380/SE RAMP MEASURING 1813 FEET SOUTH FROM INTERSTATE 380/I 380,Collision with:  Vehicle in traffic,On Roadway,Rear-end (front to rear),Unknown,None Indicated,Unknown,Dark - roadway not lighted,Dry,Clear,None apparent,Non-intersection:  Non-junction/no special feature,Paved,N/A,Fatal,1,0,0,0,0,0,7600,2,2,Northbound (NB),POINT (-91.973806738062 42.308937715819)
20201189211,908222520,09/08/2020,09-September,3-Tuesday,22:25,2200 Hours,District 4 (Southwest),,RINGGOLD,US 169,US 169,Collision with fixed object:  Ditch,Shoulder,Non-collision (single vehicle),Ran off road - right,None Indicated,Animal in roadway,Dark - roadway not lighted,Wet,Rain,None apparent,Non-intersection:  Non-junction/no special feature,Paved,N/A,Possible/Unknown,0,1,0,0,1,0,5000,1,1,Northbound (NB),POINT (-94.280448577422 40.697429137187)
20201189238,20-000822,09/08/2020,09-September,3-Tuesday,17:36,1700 Hours,District 1 (Central),,STORY,I-35,INTERSTATE 35/I 35,Collision with:  Vehicle in traffic,On Roadway,"Sideswipe, same direction",Driver Distraction:  Other interior distraction,None Indicated,Weather conditions,Daylight,Wet,Rain,"Traffic backup, prior crash",Non-intersection:  Non-junction/no special feature,Paved,N/A,Property Damage Only,0,0,0,0,0,0,3000,2,2,Northbound (NB),POINT (-93.570634593932 41.980647463637)
20201189379,20-000827,09/09/2020,09-September,4-Wednesday,20:32,2000 Hours,District 1 (Central),,STORY,I-35,INTERSTATE 35/SW RAMP CURV,Non-collision events:  Overturn/rollover,Gore,Non-collision (single vehicle),Driving too fast for conditions,None Indicated,Weather conditions,Dark - roadway not lighted,Wet,Rain,"Surface condition (e.g., wet, icy)",Non-intersection:  Non-junction/no special feature,Paved,N/A,Minor Injury,0,1,0,1,0,0,5000,1,1,Eastbound (EB),POINT (-93.571904548538 42.005202226656)
20201189566,20041807,09/10/2020,09-September,5-Thursday,21:35,2100 Hours,District 1 (Central),MARSHALLTOWN,MARSHALL,77,E MAIN ST AND S 8TH AVE AND N 8TH AVE,Collision with:  Vehicle in traffic,On Roadway,Broadside (front to side),Ran Stop Sign,None Indicated,None apparent,Dark - roadway lighted,Wet,Cloudy,"Surface condition (e.g., wet, icy)",Intersection:  Four-way intersection,Paved,N/A,Property Damage Only,0,0,0,0,0,0,19000,2,2,Northbound (NB),POINT (-92.89991999878 42.049202588723)
20201192332,,09/10/2020,09-September,5-Thursday,12:00,1200 Hours,District 1 (Central),DES MOINES,POLK,77,US 0069 / SE 14TH ST and INDIANOLA AVE,Collision with:  Vehicle in traffic,Roadside,Rear-end (front to rear),Unknown,None Indicated,N/A,Daylight,Dry,Clear,N/A,Intersection:  Four-way intersection,Paved,N/A,Property Damage Only,0,0,0,0,0,0,2213,2,2,Northbound (NB),POINT (-93.596826575042 41.55335832916)
20201190377,20-001320,09/11/2020,09-September,6-Friday,15:11,1500 Hours,District 1 (Central),JOHNSTON,POLK,77,6000-B NW 100TH ST,Collision with fixed object:  Ground,On Roadway,Non-collision (single vehicle),Lost Control,None Indicated,None apparent,Daylight,Wet,Rain,"Surface condition (e.g., wet, icy)",Non-intersection:  Non-junction/no special feature,Paved,N/A,Property Damage Only,0,0,0,0,0,0,5000,1,3,Northbound (NB),POINT (-93.75586335983 41.669390199158)
20201189706,20200025582,09/11/2020,09-September,6-Friday,03:00,0300 Hours,District 1 (Central),DES MOINES,POLK,IA-163,US 69/E 14TH ST AND STATE 163/E UNIVERSITY AVE AND E UNIVERSITY AVE,Collision with:  Vehicle in traffic,On Roadway,Rear-end (front to rear),Unknown,None Indicated,None apparent,Dark - roadway lighted,Wet,Rain,None apparent,Intersection:  Four-way intersection,Paved,N/A,Property Damage Only,0,0,0,0,0,0,1500,2,3,Southbound (SB),POINT (-93.600441555645 41.600591665098)
20201190555,202007845,09/12/2020,09-September,7-Saturday,20:22,2000 Hours,District 1 (Central),,BOONE,77,M AVE,Collision with:  Animal,Unknown,N/A,Animal,None Indicated,N/A,N/A,N/A,N/A,N/A,N/A,Unpaved,N/A,Property Damage Only,0,0,0,0,0,0,2000,1,1,Northbound (NB),POINT (-93.931108045742 41.885178951461)
20201191096,2020-002448,09/13/2020,09-September,1-Sunday,13:15,1300 Hours,District 6 (East Central),,DUBUQUE,77,PARK HOLLOW RD,Non-collision events:  Other non-collision (explain in narrative),Shoulder,Non-collision (single vehicle),Ran off road - left,None Indicated,None apparent,Daylight,Dry,Clear,None apparent,Non-intersection:  Non-junction/no special feature,Paved,N/A,Possible/Unknown,0,1,0,0,1,0,2000,1,1,Southbound (SB),POINT (-90.897978864196 42.563658093895)
20201191847,20202328,09/14/2020,09-September,2-Monday,07:51,0700 Hours,District 6 (East Central),,LINN,77,E034/COUNTY HOME RD AND SCOTT RD AND LUCORE RD,Collision with:  Vehicle in traffic,On Roadway,Other (explain in narrative),Driver Distraction:  Inattentive/lost in thought,None Indicated,None apparent,Daylight,Dry,Clear,Work Zone (roadway-related),Intersection:  Four-way intersection,Paved,Yes,Property Damage Only,0,0,0,0,0,0,7000,2,2,Northbound (NB),POINT (-91.579132057223 42.093893839223)
20201191413,20-005364,09/15/2020,09-September,3-Tuesday,15:10,1500 Hours,District 3 (Northwest),CHEROKEE,CHEROKEE,US 59,US 59/N 2ND ST AND INDIAN ST AND E INDIAN ST,Collision with:  Vehicle in traffic,On Roadway,Broadside (front to side),Ran Traffic Signal,None Indicated,None apparent,Daylight,Dry,Clear,None apparent,Intersection:  Four-way intersection,Paved,N/A,Property Damage Only,0,0,0,0,0,0,4500,2,3,Northbound (NB),POINT (-95.552272026227 42.764115814573)
20201191757,20003765,09/15/2020,09-September,3-Tuesday,14:55,1400 Hours,District 1 (Central),AMES,STORY,77,US 69/S DUFF AVE AND AIRPORT RD AND BILLY SUNDAY RD,Collision with:  Vehicle in traffic,On Roadway,Rear-end (front to rear),Other (explain in narrative):  No improper action,None Indicated,None apparent,Daylight,Dry,Clear,None apparent,Intersection:  Four-way intersection,Paved,N/A,Property Damage Only,0,0,0,0,0,0,3000,2,2,Southbound (SB),POINT (-93.610036259074 42.001079031661)
20201190401,20200026229,09/16/2020,09-September,4-Wednesday,16:27,1600 Hours,District 1 (Central),DES MOINES,POLK,77,STATE 163/E UNIVERSITY AVE AND E 21ST ST,Collision with:  Vehicle in traffic,On Roadway,Rear-end (front to rear),Followed too close,None Indicated,None apparent,Daylight,Dry,Clear,None apparent,Non-intersection:  Non-junction/no special feature,Paved,N/A,Possible/Unknown,0,1,0,0,1,0,7136,3,4,Northbound (NB),POINT (-93.58071317399 41.600530879279)
20201190564,20200026304,09/17/2020,09-September,5-Thursday,14:37,1400 Hours,District 1 (Central),DES MOINES,POLK,77,E 38TH CT and EASTON BLVD,Other (explain in narrative),On Roadway,Non-collision (single vehicle),Driver Distraction:  Other interior distraction,None Indicated,None apparent,Daylight,Dry,Clear,None apparent,Non-intersection:  Non-junction/no special feature,Paved,N/A,Minor Injury,0,1,0,1,0,0,2600,1,3,Southbound (SB),POINT (-93.540875346235 41.615118768356)
20201190868,FD20-2466,09/18/2020,09-September,6-Friday,23:35,2300 Hours,District 1 (Central),FORT DODGE,WEBSTER,US 169,US 169/NE RAMP CURV,Collision with:  Animal,On Roadway,Non-collision (single vehicle),Animal,None Indicated,None apparent,Dark - roadway not lighted,Dry,Clear,None apparent,Non-intersection:  Non-junction/no special feature,Paved,N/A,Property Damage Only,0,0,0,0,0,0,2000,1,1,Northbound (NB),POINT (-94.213215857018 42.502466144999)
20201190767,20-010001,09/18/2020,09-September,6-Friday,17:27,1700 Hours,District 4 (Southwest),COUNCIL BLUFFS,POTTAWATTAMIE,77,MADISON AVE AND INTERSTATE 80/RAMP,Collision with:  Vehicle in traffic,On Roadway,Rear-end (front to rear),Followed too close,None Indicated,None apparent,Daylight,Dry,Clear,None apparent,Intersection:  T-intersection,Paved,N/A,Property Damage Only,0,0,0,0,0,0,3000,2,3,Northbound (NB),POINT (-95.824645939223 41.24248667908)
20201190923,20200026526,09/19/2020,09-September,7-Saturday,14:30,1400 Hours,District 1 (Central),DES MOINES,POLK,77,CLEVELAND AVE MEASURING 147 FEET WEST FROM E 33RD ST AND CLEVELAND AVE,Collision with:  Parked motor vehicle,On Roadway,Unknown,Unknown,None Indicated,Unknown,Daylight,Dry,Clear,Unknown,Non-intersection:  Non-junction/no special feature,Paved,N/A,Possible/Unknown,0,1,0,0,0,1,1500,2,1,Southbound (SB),POINT (-93.552024397414 41.605103774855)
20201191107,2020-006220,09/20/2020,09-September,1-Sunday,21:53,2100 Hours,District 6 (East Central),DUBUQUE,DUBUQUE,77,UNIVERSITY AVE MEASURING 190 FEET WEST FROM DELHI ST,Collision with:  Vehicle in traffic,On Roadway,"Sideswipe, same direction",Lost Control,None Indicated,None apparent,Dark - roadway lighted,Dry,Clear,None apparent,Intersection:  Y-intersection,Paved,N/A,Property Damage Only,0,0,0,0,0,0,2000,2,1,Southbound (SB),POINT (-90.690564344641 42.49800502678)
20201191336,202013423,09/21/2020,09-September,2-Monday,07:33,0700 Hours,District 6 (East Central),CEDAR RAPIDS,LINN,77,32ND ST NE AND KENRIDGE TER NE,Collision with:  Vehicle in traffic,On Roadway,Rear-end (front to rear),Lost Control,None Indicated,None apparent,Daylight,Dry,Cloudy,None apparent,"Non-intersection:  Driveway access (related, not in)",Paved,N/A,Property Damage Only,0,0,0,0,0,0,13000,2,3,Northbound (NB),POINT (-91.645716105058 42.010066680936)
20201191443,20-29714,09/22/2020,09-September,3-Tuesday,16:48,1600 Hours,District 3 (Northwest),SIOUX CITY,WOODBURY,I-29,VIRGINIA ST,Collision with:  Vehicle in traffic,On Roadway,Broadside (front to side),Ran Traffic Signal,None Indicated,None apparent,Daylight,Dry,Clear,None apparent,Intersection:  Intersection with ramp,Paved,N/A,Property Damage Only,0,0,0,0,0,0,5500,2,2,Northbound (NB),POINT (-96.397779729589 42.488308575836)
20201192581,DPD2003222,09/22/2020,09-September,3-Tuesday,15:08,1500 Hours,District 2 (Northeast),DECORAH,WINNESHIEK,77,MONTGOMERY ST,Collision with:  Vehicle in traffic,On Roadway,"Sideswipe, same direction",Unknown,None Indicated,None apparent,Daylight,Dry,Clear,None apparent,Non-intersection:  Other non-intersection (explain in narrative),Paved,N/A,Property Damage Only,0,0,0,0,0,0,1600,2,3,Northbound (NB),POINT (-91.77612687227 43.301626704052)
20201191588,2009158,09/23/2020,09-September,4-Wednesday,15:27,1500 Hours,District 5 (Southeast),WASHINGTON,WASHINGTON,77,E POLK ST,Collision with:  Vehicle in traffic,On Roadway,Rear-end (front to rear),Followed too close,None Indicated,None apparent,Daylight,Dry,Clear,None apparent,Non-intersection:  Non-junction/no special feature,Paved,N/A,Possible/Unknown,0,1,0,0,1,0,4000,2,2,Southbound (SB),POINT (-91.684237273 41.288509665549)
20201191695,20-006383,09/24/2020,09-September,5-Thursday,15:15,1500 Hours,District 3 (Northwest),,MONONA,77,L012/L12 MEASURING 1041 FEET EAST FROM 205TH ST AND L012/L12,Collision with fixed object:  Tree,Roadside,Non-collision (single vehicle),Ran off road - right,None Indicated,None apparent,Daylight,Dry,Clear,"Shoulders (none, low, soft, high)",Non-intersection:  Non-junction/no special feature,Paved,N/A,Property Damage Only,0,0,0,0,0,0,4600,1,1,Northbound (NB),POINT (-96.020770178064 42.058701814006)
20201191765,20-007227,09/24/2020,09-September,5-Thursday,15:01,1500 Hours,District 2 (Northeast),,KOSSUTH,77,R014/240 AVE,Non-collision events:  Overturn/rollover,On Roadway,Non-collision (single vehicle),Ran off road - right,None Indicated,None apparent,Daylight,Dry,Cloudy,None apparent,Non-intersection:  Non-junction/no special feature,Paved,N/A,Property Damage Only,0,0,0,0,0,0,60000,1,1,Northbound (NB),POINT (-93.990022685517 43.135376892417)
20201194100,20-01253,09/25/2020,09-September,6-Friday,16:16,1600 Hours,District 1 (Central),CLIVE,POLK,I-80,1700 BLK INTERSTATE 35/I 35,Collision with:  Vehicle in traffic,On Roadway,"Sideswipe, same direction",Improper or erratic lane changing,None Indicated,None apparent,Daylight,Dry,Clear,None apparent,Non-intersection:  Non-junction/no special feature,Paved,N/A,Minor Injury,0,2,0,1,1,0,8000,2,2,Westbound (WB),POINT (-93.776867154254 41.608884312706)
20201192707,2020-002578,09/25/2020,09-September,6-Friday,14:44,1400 Hours,District 6 (East Central),DUBUQUE,DUBUQUE,US 61,US 61,Collision with:  Re-entering roadway,On Roadway,Rear-end (front to rear),FTYROW:  Other (explain in narrative),None Indicated,None apparent,Daylight,Dry,Clear,None apparent,Intersection:  Other intersection (explain in narrative),Paved,N/A,Property Damage Only,0,0,0,0,0,0,15000,2,3,Eastbound (EB),POINT (-90.690080562334 42.428150328411)
20201192089,20-004585,09/26/2020,09-September,7-Saturday,16:09,1600 Hours,District 1 (Central),ANKENY,POLK,IA-160,1500 BLOCK SW ORALABOR RD,Collision with:  Vehicle in traffic,On Roadway,Rear-end (front to rear),Followed too close,None Indicated,None apparent,Daylight,Dry,Clear,None apparent,Non-intersection:  Non-junction/no special feature,Paved,N/A,Property Damage Only,0,0,0,0,0,0,4000,3,6,Westbound (WB),POINT (-93.621357804753 41.703108019895)
20201192026,20-010355,09/27/2020,09-September,1-Sunday,15:24,1500 Hours,District 4 (Southwest),COUNCIL BLUFFS,POTTAWATTAMIE,IA-192,INTERSTATE 29/I29 RAMP,Collision with fixed object:  Concrete traffic barrier (median or right side),On Roadway,Non-collision (single vehicle),Swerving/Evasive Action,None Indicated,None apparent,Daylight,Dry,Clear,None apparent,Non-intersection:  Non-junction/no special feature,Unpaved,N/A,Property Damage Only,0,0,0,0,0,0,3000,1,1,Eastbound (EB),POINT (-95.851413129575 41.233504498284)
20201192557,202000010913,09/28/2020,09-September,2-Monday,13:29,1300 Hours,District 4 (Southwest),ADEL,DALLAS,77,N 15TH ST,Collision with:  Vehicle in traffic,On Roadway,Rear-end (front to rear),Driver Distraction:  Other interior distraction,None Indicated,None apparent,Daylight,Dry,Cloudy,None apparent,"Non-intersection:  Driveway access (related, not in)",Paved,N/A,Property Damage Only,0,0,0,0,0,0,1500,2,2,Northbound (NB),POINT (-94.026493197294 41.621643936189)
20201208238,2020023092,09/29/2020,09-September,3-Tuesday,11:55,1100 Hours,District 1 (Central),GRIMES,DALLAS,IA-44,4400 BLOCK US 44 EB,Collision with:  Vehicle in traffic,On Roadway,Head-on (front to front),Driver Distraction:  Other interior distraction,None Indicated,None apparent,Daylight,Dry,Clear,Work Zone (roadway-related),Non-intersection:  Non-junction/no special feature,Paved,Yes,Property Damage Only,0,0,0,0,0,0,16000,2,2,Southbound (SB),POINT (-93.843093805557 41.688328726287)
20201210926,20-005822,09/29/2020,09-September,3-Tuesday,13:35,1300 Hours,District 4 (Southwest),,ADAIR,IA-25,STATE 25/IOWA 25,Non-collision events:  Non-contact vehicle (phantom),On Roadway,Non-collision (single vehicle),Passing:  Other passing (explain in narrative),None Indicated,None apparent,Daylight,Dry,Clear,None apparent,Intersection:  T-intersection,Paved,N/A,Minor Injury,0,1,0,1,0,0,7000,1,1,Northbound (NB),POINT (-94.452872221864 41.272430749339)
20201192556,202000009841,09/30/2020,09-September,4-Wednesday,17:14,1700 Hours,District 1 (Central),WEBSTER CITY,HAMILTON,77,ODELL ST,Collision with:  Parked motor vehicle,Roadside,"Sideswipe, same direction",Other (explain in narrative):  No improper action,None Indicated,None apparent,Daylight,Dry,Clear,None apparent,Non-intersection:  Non-junction/no special feature,Paved,N/A,Property Damage Only,0,0,0,0,0,0,1500,2,2,Southbound (SB),POINT (-93.822267352943 42.474670045456)
20201192667,20-30670,10/01/2020,10-October,5-Thursday,18:38,1800 Hours,District 3 (Northwest),SIOUX CITY,WOODBURY,77,LEONARD ST AND W 4TH ST,Collision with:  Non-motorist (see non-motorist section - NOT a unit),On Roadway,Non-collision (single vehicle),Other (explain in narrative):  No improper action,None Indicated,None apparent,Dark - roadway lighted,Dry,Cloudy,None apparent,Intersection:  Four-way intersection,Paved,N/A,Fatal,1,0,0,0,0,0,0,1,1,Northbound (NB),POINT (-96.440115119972 42.500001613971)
20201192627,20045439,10/01/2020,10-October,5-Thursday,08:15,0800 Hours,District 1 (Central),MARSHALLTOWN,MARSHALL,77,LINCOLN WAY,Collision with:  Vehicle in traffic,On Roadway,Rear to side,Improper Backing,None Indicated,None apparent,Daylight,Dry,Cloudy,None apparent,Non-intersection:  Non-junction/no special feature,Paved,N/A,Property Damage Only,0,0,0,0,0,0,2500,2,4,Southbound (SB),POINT (-92.924374721673 42.041853912215)
20201192772,20-010589,10/02/2020,10-October,6-Friday,22:29,2200 Hours,District 4 (Southwest),COUNCIL BLUFFS,POTTAWATTAMIE,77,LINCOLN AVE,Collision with fixed object:  Curb/island/raised median,Roadside,Non-collision (single vehicle),Ran off road - right,None Indicated,Weather conditions,Dark - roadway lighted,Wet,Rain,"Surface condition (e.g., wet, icy)",Non-intersection:  Non-junction/no special feature,Paved,N/A,Property Damage Only,0,0,0,0,0,0,2100,1,1,Northbound (NB),POINT (-95.8322726279 41.261581865665)
20201192756,20-010583,10/02/2020,10-October,6-Friday,19:47,1900 Hours,District 4 (Southwest),COUNCIL BLUFFS,POTTAWATTAMIE,77,MANAWA AVE AND PIUTE ST,Collision with:  Vehicle in traffic,On Roadway,"Sideswipe, same direction",Followed too close,None Indicated,None apparent,Dark - roadway lighted,Dry,Clear,None apparent,Intersection:  T-intersection,Paved,N/A,Property Damage Only,0,0,0,0,0,0,15500,2,2,Northbound (NB),POINT (-95.850857563793 41.216334047695)
20201196906,2020-76076,10/03/2020,10-October,7-Saturday,14:50,1400 Hours,District 6 (East Central),DAVENPORT,SCOTT,77,ELMORE AVE MEASURING 152 FEET NORTH FROM E 35TH CT AND ELMORE AVE,Collision with:  Vehicle in traffic,On Roadway,Rear-end (front to rear),Followed too close,None Indicated,None apparent,Daylight,Wet,Rain,None apparent,Non-intersection:  Non-junction/no special feature,Paved,N/A,Property Damage Only,0,0,0,0,0,0,9000,2,4,Northbound (NB),POINT (-90.527237837571 41.556467191196)
20201193004,20-008497,10/04/2020,10-October,1-Sunday,06:20,0600 Hours,District 2 (Northeast),,CLAYTON,US 18,US 18,Collision with:  Animal,On Roadway,Non-collision (single vehicle),Animal,None Indicated,Animal in roadway,N/A,N/A,N/A,None apparent,Non-intersection:  Non-junction/no special feature,Paved,N/A,Property Damage Only,0,0,0,0,0,0,2000,1,1,Southbound (SB),POINT (-91.207646741351 43.037734556799)
20201193035,20030433,10/05/2020,10-October,2-Monday,07:00,0700 Hours,District 1 (Central),,JASPER,77,7100 BLK. E 124TH ST S,Collision with:  Animal,On Roadway,Non-collision (single vehicle),Animal,None Indicated,Animal in roadway,N/A,N/A,N/A,None apparent,Non-intersection:  Non-junction/no special feature,Paved,N/A,Property Damage Only,0,0,0,0,0,0,4000,1,1,Northbound (NB),POINT (-92.843678613238 41.609583448305)
20201193787,20-6056,10/05/2020,10-October,2-Monday,00:03,0000 Hours,District 3 (Northwest),,IDA,US 59,US 59,Collision with:  Animal,On Roadway,Non-collision (single vehicle),Animal,None Indicated,Animal in roadway,N/A,N/A,N/A,None apparent,Non-intersection:  Non-junction/no special feature,Paved,N/A,Property Damage Only,0,0,0,0,0,0,3000,1,2,Northbound (NB),POINT (-95.43926372094 42.320161278869)
20201194175,20046176,10/06/2020,10-October,3-Tuesday,07:24,0700 Hours,District 1 (Central),MARSHALLTOWN,MARSHALL,77,S 12TH ST,Collision with:  Vehicle in traffic,On Roadway,Broadside (front to side),Passing:  Other passing (explain in narrative),None Indicated,None apparent,Daylight,Dry,Clear,None apparent,"Non-intersection:  Driveway access (related, not in)",Paved,N/A,Property Damage Only,0,0,0,0,0,0,8000,2,3,Northbound (NB),POINT (-92.934184251812 42.031673481313)
20201193777,4520-049,10/07/2020,10-October,4-Wednesday,05:54,0500 Hours,District 2 (Northeast),,HOWARD,77,A023/45TH ST,Collision with:  Animal,On Roadway,Non-collision (single vehicle),Animal,None Indicated,Animal in roadway,N/A,N/A,N/A,None apparent,Non-intersection:  Non-junction/no special feature,Paved,N/A,Property Damage Only,0,0,0,0,0,0,3000,1,1,Southbound (SB),POINT (-92.242936360256 43.450875001444)
20201193649,20200028293,10/07/2020,10-October,4-Wednesday,09:40,0900 Hours,District 1 (Central),DES MOINES,POLK,77,US 6/DOUGLAS AVE AND US 6/EUCLID AVE AND MLK JR PKWY,Collision with:  Vehicle in traffic,On Roadway,Rear-end (front to rear),Followed too close,None Indicated,None apparent,Daylight,Dry,Clear,None apparent,Non-intersection:  Non-junction/no special feature,Paved,N/A,Property Damage Only,0,0,0,0,0,0,3000,2,2,Northbound (NB),POINT (-93.651426123213 41.627732009791)
20201195329,2010-073,10/08/2020,10-October,5-Thursday,09:35,0900 Hours,District 3 (Northwest),SIBLEY,OSCEOLA,77,5TH AVE AND 9TH ST,Collision with:  Parked motor vehicle,Shoulder,Rear-end (front to rear),Lost Control,None Indicated,None apparent,Daylight,Dry,Clear,None apparent,Non-intersection:  Non-junction/no special feature,Paved,N/A,Property Damage Only,0,0,0,0,0,0,1500,2,2,Northbound (NB),POINT (-95.747712560899 43.398946641879)
20201195683,202014375,10/09/2020,10-October,6-Friday,09:30,0900 Hours,District 6 (East Central),CEDAR RAPIDS,LINN,77,1100 BLOCK OF CENTER ST NE,Other (explain in narrative),On Roadway,Non-collision (single vehicle),Other (explain in narrative):  Other,None Indicated,None apparent,Daylight,Dry,Cloudy,None apparent,Non-intersection:  Non-junction/no special feature,Paved,N/A,Property Damage Only,0,0,0,0,0,0,3700,2,2,Southbound (SB),POINT (-91.650167184528 42.012019464528)