Iowa DOT Case Number,Law Enforcement Case Number,Date of Crash,Month of Crash,Day of Week,Time of Crash,Hour,DOT District,City Name,County Name,Route with System,Location Description,First Harmful Event,Location of First Harmful Event,Manner of Crash/Collision,Major Cause,Drug or Alcohol ,Environmental Conditions,Light Conditions,Surface Conditions,Weather Conditions,Roadway Contribution,Roadway Type,Roadway Surface,Work Zone,Crash Severity,Number of Fatalities,Number of Injuries,Number of Major Injuries,Number of Minor Injuries,Number of Possible Injuries,Number of Unknown Injuries,Amount of Property Damage,Number of Vehicles Involved,Total Number of Occupants,Travel Direction,Location
20201195470,2020023983,10/09/2020,10-October,6-Friday,18:00,1800 Hours,District 5 (Southeast),,JOHNSON,IA-22,WAPELLO AVE AND STATE 22/IOWA 22 MEASURING 2649 FEET EAST FROM STATE 22/IOWA 22,Collision with:  Vehicle in traffic,On Roadway,Rear-end (front to rear),Driver Distraction:  Other interior distraction,None Indicated,None apparent,Daylight,Dry,Clear,None apparent,Non-intersection:  Non-junction/no special feature,Paved,N/A,Minor Injury,0,1,0,1,0,0,15005,2,2,Southbound (SB),POINT (-91.386571020991 41.495877019033)
20201210929,20-044211,10/10/2020,10-October,7-Saturday,00:22,0000 Hours,District 3 (Northwest),,BUENA VISTA,77,490TH ST AND M050/160TH AVE,Collision with fixed object:  Ditch,On Roadway,Non-collision (single vehicle),Animal,Under Influence of Alcohol/Drugs/Medications,Animal in roadway,Dark - roadway not lighted,Dry,Clear,None apparent,Non-intersection:  Non-junction/no special feature,Paved,N/A,Minor Injury,0,1,0,1,0,0,3500,1,1,Northbound (NB),POINT (-95.092360710292 42.806513230784)
20201194150,20200002578,10/10/2020,10-October,7-Saturday,15:45,1500 Hours,District 6 (East Central),,LINN,77,ROSEDALE RD,Non-collision events:  Overturn/rollover,On Roadway,Non-collision (single vehicle),Exceeded authorized speed,None Indicated,None apparent,Daylight,Dry,Clear,None apparent,Non-intersection:  Non-junction/no special feature,Paved,N/A,Possible/Unknown,0,1,0,0,1,0,8000,1,4,Northbound (NB),POINT (-91.579543877288 41.99027232499)
20201195441,WSO2004558,10/11/2020,10-October,1-Sunday,12:50,1200 Hours,District 2 (Northeast),,WINNESHIEK,77,LUNDY BRIDGE RD,Collision with fixed object:  Ditch,On Roadway,Non-collision (single vehicle),Driving too fast for conditions,None Indicated,None apparent,Daylight,Gravel,Clear,None apparent,Non-intersection:  Non-junction/no special feature,Unpaved,N/A,Property Damage Only,0,0,0,0,0,0,4500,1,1,Southbound (SB),POINT (-91.626252264678 43.35049345597)
20201194355,20-010945,10/12/2020,10-October,2-Monday,07:00,0700 Hours,District 4 (Southwest),COUNCIL BLUFFS,POTTAWATTAMIE,77,AVE A AND N 28TH ST,Collision with:  Non-motorist (see non-motorist section - NOT a unit),On Roadway,Non-collision (single vehicle),Other (explain in narrative):  No improper action,None Indicated,None apparent,Dawn,Wet,Clear,None apparent,Intersection:  Four-way intersection,Paved,N/A,Possible/Unknown,0,1,0,0,1,0,1000,1,3,Northbound (NB),POINT (-95.889082798832 41.262844060704)
20201194775,20-16004,10/13/2020,10-October,3-Tuesday,15:16,1500 Hours,District 2 (Northeast),,BREMER,US 218,US 218,Non-collision events:  Overturn/rollover,Shoulder,Non-collision (single vehicle),Ran off road - left,None Indicated,None apparent,Daylight,Dry,Clear,None apparent,Non-intersection:  Non-junction/no special feature,Paved,N/A,Property Damage Only,0,0,0,0,0,0,4000,1,2,Northbound (NB),POINT (-92.487927449468 42.693639525284)
20201194700,2020-006782,10/13/2020,10-October,3-Tuesday,08:29,0800 Hours,District 6 (East Central),DUBUQUE,DUBUQUE,77,HOLLY ST MEASURING 222 FEET NORTH FROM HOLLY ST AND RUSH ST,Collision with:  Parked motor vehicle,On Roadway,"Sideswipe, same direction",Improper Backing,None Indicated,None apparent,Daylight,Dry,Cloudy,None apparent,Non-intersection:  Non-junction/no special feature,Paved,N/A,Property Damage Only,0,0,0,0,0,0,2000,2,1,Northbound (NB),POINT (-90.675657716986 42.487149386854)
20201194877,2020-78792,10/14/2020,10-October,4-Wednesday,11:12,1100 Hours,District 6 (East Central),DAVENPORT,SCOTT,77,HICKORY GROVE RD,Collision with:  Vehicle in traffic,On Roadway,Broadside (front to side),Improper Backing,None Indicated,None apparent,Daylight,Dry,Clear,None apparent,Non-intersection:  Driveway access (within),Paved,N/A,Property Damage Only,0,0,0,0,0,0,6500,2,2,Northbound (NB),POINT (-90.620941210859 41.552284815489)
20201195063,20-005983,10/15/2020,10-October,5-Thursday,11:35,1100 Hours,District 3 (Northwest),,CHEROKEE,77,C060/610TH ST,Collision with:  Vehicle in traffic,On Roadway,"Sideswipe, same direction",Passing:  Other passing (explain in narrative),None Indicated,None apparent,Daylight,Dry,Clear,None apparent,"Non-intersection:  Driveway access (related, not in)",Paved,N/A,Property Damage Only,0,0,0,0,0,0,2250,2,2,Southbound (SB),POINT (-95.689184736584 42.633239115893)
20201195463,20014456,10/15/2020,10-October,5-Thursday,16:24,1600 Hours,District 1 (Central),,BENTON,IA-21,Iowa 0021 / IOWA 21,Collision with:  Animal,Unknown,Non-collision (single vehicle),Animal,None Indicated,N/A,N/A,N/A,N/A,N/A,N/A,Paved,N/A,Property Damage Only,0,0,0,0,0,0,10000,1,2,Northbound (NB),POINT (-92.297767026984 41.998264364134)
20201195268,2020-79298,10/16/2020,10-October,6-Friday,13:16,1300 Hours,District 6 (East Central),DAVENPORT,SCOTT,77,4900 W LOCUST ST,Collision with:  Vehicle in traffic,On Roadway,Rear-end (front to rear),Followed too close,None Indicated,None apparent,Daylight,Dry,Cloudy,None apparent,"Non-intersection:  Driveway access (related, not in)",Paved,N/A,Property Damage Only,0,0,0,0,0,0,10000,2,2,Southbound (SB),POINT (-90.646115584008 41.538194713666)
20201195632,20-004955,10/17/2020,10-October,7-Saturday,23:09,2300 Hours,District 1 (Central),,POLK,I-35,I-35 SB ON RAMP AT NE 36TH ST,Collision with:  Animal,On Roadway,Non-collision (single vehicle),Animal,None Indicated,Animal in roadway,N/A,N/A,N/A,None apparent,Non-intersection:  Non-junction/no special feature,Paved,N/A,Property Damage Only,0,0,0,0,0,0,4000,1,2,Eastbound (EB),POINT (-93.570924123643 41.75717770411)
20201195394,20-007874,10/17/2020,10-October,7-Saturday,03:00,0300 Hours,District 1 (Central),,HAMILTON,77,SHILOH RD,Collision with fixed object:  Embankment,Roadside,Non-collision (single vehicle),Ran off road - left,None Indicated,None apparent,Dark - roadway not lighted,Dry,Cloudy,None apparent,Non-intersection:  Non-junction/no special feature,Unpaved,N/A,Minor Injury,0,1,0,1,0,0,10000,1,1,Northbound (NB),POINT (-93.929271585671 42.30894460164)
20201196778,2020024561,10/18/2020,10-October,1-Sunday,15:00,1500 Hours,District 6 (East Central),,CEDAR,I-80,INTERSTATE 80/I 80WB 259MM,Collision with:  Vehicle in traffic,On Roadway,Rear-end (front to rear),"Operating vehicle in an reckless, erratic, careless, negligent manner",Alcohol (Statutory),None apparent,Daylight,Dry,Clear,None apparent,Non-intersection:  Non-junction/no special feature,Paved,N/A,Property Damage Only,0,0,0,0,0,0,5000,2,3,Westbound (WB),POINT (-91.261658843429 41.663447902433)
20201197757,2020024634,10/19/2020,10-October,2-Monday,12:34,1200 Hours,District 1 (Central),,POLK,I-35,INTERSTATE 35 SB @ MM 98,Collision with:  Vehicle in traffic,On Roadway,Rear-end (front to rear),Driving too fast for conditions,None Indicated,Weather conditions,Daylight,Snow,Snow,"Surface condition (e.g., wet, icy)",Non-intersection:  Non-junction/no special feature,Paved,N/A,Property Damage Only,0,0,0,0,0,0,15000,2,3,Eastbound (EB),POINT (-93.570439308274 41.808357651524)
20201195373,20200029490,10/19/2020,10-October,2-Monday,03:34,0300 Hours,District 1 (Central),DES MOINES,POLK,US 69,1717 SE 14TH ST.,Collision with:  Parked motor vehicle,On Roadway,Broadside (front to side),Driver Distraction:  Other interior distraction,Under Influence of Alcohol/Drugs/Medications,None apparent,Dark - roadway lighted,Dry,Clear,None apparent,Non-intersection:  Non-junction/no special feature,Paved,N/A,Minor Injury,0,1,0,1,0,0,12000,3,1,Northbound (NB),POINT (-93.596931253027 41.572552333171)
20201195950,20102029,10/20/2020,10-October,3-Tuesday,17:10,1700 Hours,District 4 (Southwest),CLARINDA,PAGE,US 71,US 71,Collision with:  Vehicle in traffic,On Roadway,Broadside (front to side),FTYROW:  From stop sign,None Indicated,None apparent,Daylight,Dry,Cloudy,None apparent,Intersection:  Four-way intersection,Paved,N/A,Property Damage Only,0,0,0,0,0,0,7000,2,2,Northbound (NB),POINT (-95.028191483959 40.729048410618)
20201195968,2020024674,10/20/2020,10-October,3-Tuesday,05:56,0500 Hours,District 6 (East Central),,BUCHANAN,I-380,INTERSTATE 380 NB/ 54.25 MM,Collision with:  Vehicle in traffic,On Roadway,Other (explain in narrative),Ran off road - right,None Indicated,None apparent,Dark - roadway not lighted,Dry,Cloudy,None apparent,Non-intersection:  Non-junction/no special feature,Paved,N/A,Property Damage Only,0,0,0,0,0,0,9500,2,2,Northbound (NB),POINT (-92.042797411171 42.345756654704)
20201196069,20200029757,10/21/2020,10-October,4-Wednesday,15:50,1500 Hours,District 1 (Central),DES MOINES,POLK,77,US 6/DOUGLAS AVE AND STATE 28/MERLE HAY RD AND DOUGLAS AVE AND US 6/MERLE HAY RD MEASURING 735 FEET SOUTH FROM STATE 28/,Collision with:  Vehicle in traffic,On Roadway,Head-on (front to front),FTYROW:  Making left turn,None Indicated,None apparent,Daylight,Dry,Cloudy,None apparent,Intersection:  Four-way intersection,Paved,N/A,Property Damage Only,0,0,0,0,0,0,3000,2,5,Southbound (SB),POINT (-93.697771212139 41.629414588776)
20201196313,20-11623,10/22/2020,10-October,5-Thursday,20:57,2000 Hours,District 3 (Northwest),,SIOUX,77,470TH ST MEASURING 3421 FEET NORTH FROM STATE 60/IOWA 60,Non-collision events:  Overturn/rollover,On Roadway,Non-collision (single vehicle),Ran off road - left,None Indicated,Animal in roadway,Dark - roadway not lighted,Wet,Rain,None apparent,Non-intersection:  Non-junction/no special feature,Unpaved,N/A,Property Damage Only,0,0,0,0,0,0,145000,1,1,Southbound (SB),POINT (-96.02629944069 42.967738926731)
20201196189,20200029821,10/22/2020,10-October,5-Thursday,08:00,0800 Hours,District 1 (Central),DES MOINES,POLK,77,LOWER BEAVER RD AND MADISON AVE,Collision with:  Vehicle in traffic,On Roadway,Broadside (front to side),Ran Traffic Signal,None Indicated,None apparent,Daylight,Wet,Cloudy,None apparent,Intersection:  Four-way intersection,Paved,N/A,Property Damage Only,0,0,0,0,0,0,2000,2,2,Northbound (NB),POINT (-93.664327402134 41.633188581803)
20201196354,20-04901,10/23/2020,10-October,6-Friday,07:49,0700 Hours,District 1 (Central),WEST DES MOINES,POLK,77,ASHWORTH RD AND 50TH ST,Collision with:  Vehicle in traffic,On Roadway,Rear-end (front to rear),Followed too close,None Indicated,None apparent,Dawn,Wet,Rain,None apparent,Intersection:  Four-way intersection,Paved,N/A,Property Damage Only,0,0,0,0,0,0,2700,3,5,Southbound (SB),POINT (-93.770961069027 41.584568593759)
20201198382,2020-002918,10/24/2020,10-October,7-Saturday,06:52,0600 Hours,District 6 (East Central),,DUBUQUE,77,GRAF RD,Collision with:  Animal,Unknown,N/A,Animal,None Indicated,N/A,N/A,N/A,N/A,N/A,N/A,Paved,N/A,Property Damage Only,0,0,0,0,0,0,3000,1,1,Northbound (NB),POINT (-90.874263785361 42.481713450313)
20201196706,2020-29085,10/24/2020,10-October,7-Saturday,23:24,2300 Hours,District 1 (Central),,WARREN,77,DELAWARE / 228TH AVE,Non-collision events:  Overturn/rollover,Outside trafficway,Non-collision (single vehicle),Ran off road - right,None Indicated,Animal in roadway,Dark - roadway not lighted,Gravel,Clear,None apparent,Non-intersection:  Non-junction/no special feature,Unpaved,N/A,Possible/Unknown,0,1,0,0,1,0,2000,1,1,Northbound (NB),POINT (-93.371604997748 41.458503806071)
20201196816,202000011928,10/25/2020,10-October,1-Sunday,06:32,0600 Hours,District 4 (Southwest),,DALLAS,77,R016/R AVE,Collision with:  Animal,On Roadway,Non-collision (single vehicle),Animal,None Indicated,Animal in roadway,N/A,N/A,N/A,None apparent,Non-intersection:  Non-junction/no special feature,Paved,N/A,Property Damage Only,0,0,0,0,0,0,3500,1,1,Northbound (NB),POINT (-93.954681295865 41.549574941778)
20201197143,20-28485,10/25/2020,10-October,1-Sunday,13:55,1300 Hours,District 6 (East Central),BETTENDORF,SCOTT,77,GLENVALE CT AND WINSTON DR,Collision with fixed object:  Tree,Outside trafficway,Non-collision (single vehicle),"Operating vehicle in an reckless, erratic, careless, negligent manner",None Indicated,None apparent,Daylight,Dry,Cloudy,None apparent,Non-intersection:  Non-junction/no special feature,Paved,N/A,Property Damage Only,0,0,0,0,0,0,6000,1,1,Southbound (SB),POINT (-90.486198740397 41.564709194478)
20201196871,2020025128,10/26/2020,10-October,2-Monday,07:07,0700 Hours,District 5 (Southeast),,WAPELLO,US 63,US 63 NB MM50,Non-collision events:  Overturn/rollover,On Roadway,Non-collision (single vehicle),Driving too fast for conditions,None Indicated,None apparent,Dawn,Ice/frost,Cloudy,"Surface condition (e.g., wet, icy)",Non-intersection:  Non-junction/no special feature,Paved,N/A,Minor Injury,0,2,0,2,0,0,10000,1,2,Eastbound (EB),POINT (-92.571467862146 41.130640128502)
20201197899,SOP202001649,10/26/2020,10-October,2-Monday,06:15,0600 Hours,District 6 (East Central),,IOWA,US 6,US 6,Non-collision events:  Overturn/rollover,Outside trafficway,Non-collision (single vehicle),Ran off road - left,None Indicated,Weather conditions,Dark - roadway not lighted,Snow,Snow,"Surface condition (e.g., wet, icy)",Non-intersection:  Non-junction/no special feature,Paved,N/A,Property Damage Only,0,0,0,0,0,0,10300,1,1,Southbound (SB),POINT (-91.845141529499 41.759276939203)
20201197482,2020-0320,10/26/2020,10-October,2-Monday,06:00,0600 Hours,District 1 (Central),,POLK,US 65,US 65/SE RAMP,Collision with:  Vehicle in traffic,On Roadway,Rear-end (front to rear),Other (explain in narrative):  No improper action,None Indicated,Weather conditions,Dark - roadway not lighted,Ice/frost,Snow,"Surface condition (e.g., wet, icy)",Non-intersection:  Non-junction/no special feature,Paved,N/A,Property Damage Only,0,0,0,0,0,0,8000,2,2,Northbound (NB),POINT (-93.521078816586 41.513085345533)
20201197257,20204354,10/27/2020,10-October,3-Tuesday,20:20,2000 Hours,District 1 (Central),,GRUNDY,77,D067/330TH ST,Collision with:  Animal,On Roadway,Non-collision (single vehicle),Animal,None Indicated,Animal in roadway,N/A,N/A,N/A,None apparent,Non-intersection:  Non-junction/no special feature,Unpaved,N/A,Property Damage Only,0,0,0,0,0,0,3500,1,2,Southbound (SB),POINT (-92.818165930061 42.22458381045)
20201197362,20015263,10/28/2020,10-October,4-Wednesday,11:53,1100 Hours,District 4 (Southwest),,MILLS,77,US 34 AND KIDD RD,Collision with:  Vehicle in traffic,On Roadway,Broadside (front to side),FTYROW:  From yield sign,None Indicated,None apparent,Daylight,Dry,Clear,None apparent,Non-intersection:  Crossover-related,Paved,N/A,Property Damage Only,0,0,0,0,0,0,15000,2,2,Northbound (NB),POINT (-95.714251146609 41.030605602019)
20201197576,2020006980,10/28/2020,10-October,4-Wednesday,17:29,1700 Hours,District 6 (East Central),IOWA CITY,JOHNSON,77,LUCAS ST,Collision with:  Parked motor vehicle,On Roadway,Rear to rear,Other (explain in narrative):  Other,None Indicated,None apparent,Daylight,Dry,Clear,None apparent,Non-intersection:  Driveway access (within),Paved,N/A,Property Damage Only,0,0,0,0,0,0,3000,2,1,Northbound (NB),POINT (-91.524271971568 41.662797319227)
20201197601,2020-007173,10/29/2020,10-October,5-Thursday,17:15,1700 Hours,District 6 (East Central),DUBUQUE,DUBUQUE,77,BOOTH ST AND W 5TH ST,Collision with:  Vehicle in traffic,On Roadway,Broadside (front to side),FTYROW:  From stop sign,None Indicated,None apparent,Daylight,Dry,Cloudy,None apparent,Intersection:  Four-way intersection,Paved,N/A,Property Damage Only,0,0,0,0,0,0,8060,2,4,Southbound (SB),POINT (-90.681684423497 42.49724931677)
20201198227,S20-12040,10/30/2020,10-October,6-Friday,14:43,1400 Hours,District 3 (Northwest),DANBURY,WOODBURY,IA-175,STATE 175/IOWA 175,Collision with:  Parked motor vehicle,In parking lane/zone,Rear-end (front to rear),Driver Distraction:  Other interior distraction,None Indicated,None apparent,Daylight,Dry,Clear,None apparent,Non-intersection:  Non-junction/no special feature,Paved,N/A,Property Damage Only,0,0,0,0,0,0,4000,2,3,Southbound (SB),POINT (-95.720946859055 42.233762489111)
20201198176,2020-29628,10/30/2020,10-October,6-Friday,15:52,1500 Hours,District 1 (Central),,WARREN,IA-5,STATE 5/IOWA 5,Collision with:  Vehicle in traffic,On Roadway,Rear-end (front to rear),Improper or erratic lane changing,None Indicated,None apparent,Daylight,Dry,Clear,None apparent,Non-intersection:  Non-junction/no special feature,Paved,N/A,Possible/Unknown,0,1,0,0,1,0,20000,2,2,Eastbound (EB),POINT (-93.454250957 41.484725115543)
20201198482,20-009452,10/30/2020,10-October,6-Friday,15:57,1500 Hours,District 5 (Southeast),,MONROE,IA-5,STATE 5/IOWA 5,Collision with:  Vehicle in traffic,On Roadway,Rear-end (front to rear),"Operating vehicle in an reckless, erratic, careless, negligent manner",None Indicated,None apparent,Daylight,Dry,Clear,None apparent,Non-intersection:  Non-junction/no special feature,Paved,N/A,Property Damage Only,0,0,0,0,0,0,3500,2,3,Northbound (NB),POINT (-92.874077931236 41.088886309343)
20201197950,20-6582,10/31/2020,10-October,7-Saturday,12:10,1200 Hours,District 1 (Central),,POLK,IA-163,11900 BLOCK STATE 163/NE UNIVERSITY AVE,Collision with:  Struck/struck by object/cargo/person from other vehicle,On Roadway,Non-collision (single vehicle),Other (explain in narrative):  No improper action,None Indicated,None apparent,Daylight,Dry,Clear,Debris,Intersection:  T-intersection,Paved,N/A,Major Injury,0,1,1,0,0,0,4000,1,1,Southbound (SB),POINT (-93.35173212208 41.60078391528)
20201198209,2020045,11/01/2020,11-November,1-Sunday,01:55,0100 Hours,District 4 (Southwest),,AUDUBON,IA-44,STATE 44/IOWA 44,Collision with:  Animal,On Roadway,Non-collision (single vehicle),Animal,None Indicated,Animal in roadway,N/A,N/A,N/A,None apparent,Non-intersection:  Non-junction/no special feature,Paved,N/A,Property Damage Only,0,0,0,0,0,0,1500,1,1,Southbound (SB),POINT (-94.900744010934 41.666820531664)
20201198316,2020-83279,11/01/2020,11-November,1-Sunday,18:24,1800 Hours,District 6 (East Central),DAVENPORT,SCOTT,77,ELMORE AVE,Collision with:  Vehicle in traffic,On Roadway,Rear-end (front to rear),Other (explain in narrative):  No improper action,None Indicated,None apparent,Dark - roadway not lighted,Dry,Clear,Disabled vehicle,Non-intersection:  Non-junction/no special feature,Paved,N/A,Property Damage Only,0,0,0,0,0,0,5000,2,2,Northbound (NB),POINT (-90.52715945058 41.559779838881)
20201198125,20-34059,11/02/2020,11-November,2-Monday,05:24,0500 Hours,District 3 (Northwest),SIOUX CITY,WOODBURY,77,FLOYD BLVD AND 19TH ST AND 18TH ST,Collision with:  Vehicle in traffic,On Roadway,Broadside (front to side),Ran Traffic Signal,None Indicated,None apparent,Dark - roadway lighted,Dry,Clear,None apparent,Intersection:  Four-way intersection,Paved,N/A,Possible/Unknown,0,1,0,0,1,0,6000,2,2,Southbound (SB),POINT (-96.391510134795 42.51027634135)
20201198400,20-34505,11/03/2020,11-November,3-Tuesday,08:17,0800 Hours,District 5 (Southeast),BURLINGTON,DES MOINES,77,DIVISION ST AND 10TH ST,Collision with:  Animal,On Roadway,Non-collision (single vehicle),Animal,None Indicated,None apparent,Daylight,Dry,Clear,None apparent,Non-intersection:  Non-junction/no special feature,Paved,N/A,Property Damage Only,0,0,0,0,0,0,2500,1,1,Northbound (NB),POINT (-91.111806852721 40.807630916481)
20201199042,C20003861,11/03/2020,11-November,3-Tuesday,17:07,1700 Hours,District 6 (East Central),CORALVILLE,JOHNSON,US 6,2500 BLK US 6/2ND ST,Collision with:  Vehicle in traffic,On Roadway,Rear-end (front to rear),Followed too close,None Indicated,None apparent,Daylight,Dry,Clear,None apparent,Non-intersection:  Non-junction/no special feature,Paved,N/A,Possible/Unknown,0,2,0,0,2,0,2800,2,4,Southbound (SB),POINT (-91.604659325446 41.686282648223)
20201198689,HR2020-83961,11/04/2020,11-November,4-Wednesday,15:40,1500 Hours,District 6 (East Central),DAVENPORT,SCOTT,77,W 4TH ST AND GAINES ST,Collision with:  Vehicle in traffic,On Roadway,"Sideswipe, same direction",Other (explain in narrative):  Other,None Indicated,None apparent,Daylight,Dry,Clear,None apparent,Intersection:  Four-way intersection,Paved,N/A,Property Damage Only,0,0,0,0,0,0,2000,2,3,Northbound (NB),POINT (-90.582962457364 41.523518419476)
20201198838,MC2003958,11/04/2020,11-November,4-Wednesday,07:20,0700 Hours,District 2 (Northeast),MASON CITY,CERRO GORDO,IA-122,STATE 122/4TH ST SE,Collision with:  Animal,On Roadway,Non-collision (single vehicle),Animal,None Indicated,None apparent,Daylight,Dry,Clear,None apparent,Non-intersection:  Non-junction/no special feature,Paved,N/A,Property Damage Only,0,0,0,0,0,0,4000,1,1,Southbound (SB),POINT (-93.151662031557 43.148060154734)
20201201690,90-20-491,11/05/2020,11-November,5-Thursday,22:27,2200 Hours,District 2 (Northeast),,HUMBOLDT,77,P056/K RD,Collision with:  Animal,Unknown,N/A,Animal,None Indicated,N/A,N/A,N/A,N/A,N/A,N/A,Paved,N/A,Property Damage Only,0,0,0,0,0,0,15000,1,1,Northbound (NB),POINT (-94.178525586945 42.820730113508)
20201198921,20-01447,11/05/2020,11-November,5-Thursday,08:10,0800 Hours,District 4 (Southwest),CLIVE,DALLAS,US 6,US 6/HICKMAN AVE; 15700 BLOCK,Collision with:  Vehicle in traffic,On Roadway,Rear-end (front to rear),Followed too close,None Indicated,None apparent,Daylight,Dry,Clear,None apparent,Non-intersection:  Non-junction/no special feature,Paved,N/A,Property Damage Only,0,0,0,0,0,0,2500,2,4,Southbound (SB),POINT (-93.834177984141 41.614805760471)
20201200803,2020007246,11/06/2020,11-November,6-Friday,17:14,1700 Hours,District 6 (East Central),IOWA CITY,JOHNSON,77,S GILBERT ST,Collision with:  Vehicle in traffic,On Roadway,Rear-end (front to rear),Followed too close,None Indicated,None apparent,Dark - roadway lighted,Dry,Clear,None apparent,Intersection:  T-intersection,Paved,N/A,Possible/Unknown,0,1,0,0,1,0,3500,2,2,Northbound (NB),POINT (-91.530232187477 41.654227124574)
20201199078,20200031369,11/06/2020,11-November,6-Friday,06:48,0600 Hours,District 1 (Central),DES MOINES,POLK,77,GARFIELD AVE AND E 13TH ST,Collision with:  Vehicle in traffic,On Roadway,Broadside (front to side),FTYROW:  From stop sign,None Indicated,None apparent,Dawn,Dry,Clear,None apparent,Intersection:  Four-way intersection,Paved,N/A,Property Damage Only,0,0,0,0,0,0,8000,2,2,Southbound (SB),POINT (-93.60336166602 41.602323780402)
20201199631,20-025295,11/07/2020,11-November,7-Saturday,17:51,1700 Hours,District 5 (Southeast),,MARION,77,G044/HWY G44,Collision with:  Animal,Unknown,N/A,Animal,None Indicated,N/A,N/A,N/A,N/A,N/A,N/A,Paved,N/A,Property Damage Only,0,0,0,0,0,0,8000,1,4,Southbound (SB),POINT (-93.109113582348 41.349321644714)
20201199370,20009223,11/07/2020,11-November,7-Saturday,23:41,2300 Hours,District 6 (East Central),,DELAWARE,US 20,US 20,Non-collision events:  Overturn/rollover,On Roadway,Non-collision (single vehicle),Ran off road - right,None Indicated,Animal in roadway,Dark - roadway not lighted,Dry,Clear,None apparent,Non-intersection:  Non-junction/no special feature,Paved,N/A,Minor Injury,0,1,0,1,0,0,2000,1,2,Southbound (SB),POINT (-91.24250612826 42.470663414486)
20201199340,20-015681,11/08/2020,11-November,1-Sunday,20:32,2000 Hours,District 1 (Central),,TAMA,77,E029/HWY E29,Collision with:  Animal,Unknown,N/A,Animal,None Indicated,N/A,N/A,N/A,N/A,N/A,N/A,Paved,N/A,Property Damage Only,0,0,0,0,0,0,4000,1,1,Southbound (SB),POINT (-92.581188664786 42.101161267477)
20201200058,20-048665,11/09/2020,11-November,2-Monday,04:44,0400 Hours,District 3 (Northwest),,BUENA VISTA,77,C049/590TH ST AND M036/80TH AVE,Other (explain in narrative),Other (explain in narrative),Non-collision (single vehicle),Ran off road - left,None Indicated,Animal in roadway,Dark - roadway not lighted,Dry,Clear,None apparent,Non-intersection:  Non-junction/no special feature,Paved,N/A,Minor Injury,0,1,0,1,0,0,15000,1,1,Southbound (SB),POINT (-95.249929402666 42.661993490948)
20201199665,20-14907,11/09/2020,11-November,2-Monday,14:19,1400 Hours,District 3 (Northwest),SPENCER,CLAY,77,4TH AVE E,Collision with:  Vehicle in traffic,On Roadway,Other (explain in narrative),Ran Stop Sign,None Indicated,None apparent,Daylight,Wet,Rain,None apparent,Intersection:  Four-way intersection,Paved,N/A,Possible/Unknown,0,1,0,0,1,0,13000,2,2,Northbound (NB),POINT (-95.139464990617 43.145821103929)
20201200734,20-008949,11/10/2020,11-November,3-Tuesday,19:12,1900 Hours,District 6 (East Central),INDEPENDENCE,BUCHANAN,77,"2ND AVE SW AND 6TH ST SW, AND 168 FEET EAST TO RIVER BANK",Other (explain in narrative),On Roadway,Non-collision (single vehicle),Driver Distraction:  Manual operation of an electronic communication device,None Indicated,None apparent,Dark - roadway not lighted,Dry,Clear,None apparent,Non-intersection:  Non-junction/no special feature,Paved,N/A,Property Damage Only,0,0,0,0,0,0,5000,1,1,Northbound (NB),POINT (-91.895212681103 42.464459814016)
20201199985,20-016445,11/10/2020,11-November,3-Tuesday,18:18,1800 Hours,District 6 (East Central),,JACKSON,US 52,US 52/GREAT RIVER RD,Collision with fixed object:  Tree,On Roadway,Non-collision (single vehicle),Other (explain in narrative):  No improper action,None Indicated,Other (explain in narrative),Dusk,Dry,Severe winds,Obstruction in roadway,Non-intersection:  Non-junction/no special feature,Paved,N/A,Property Damage Only,0,0,0,0,0,0,15000,1,1,Northbound (NB),POINT (-90.328331756146 42.143643032039)
20201201169,202000036968,11/11/2020,11-November,4-Wednesday,14:51,1400 Hours,District 5 (Southeast),OTTUMWA,WAPELLO,US 34,US 34,Collision with:  Vehicle in traffic,On Roadway,"Sideswipe, same direction",FTYROW:  From yield sign,None Indicated,None apparent,Daylight,Dry,Clear,Work Zone (roadway-related),Interchange-related:  On-ramp merge area,Paved,Yes,Property Damage Only,0,0,0,0,0,0,6500,2,2,Westbound (WB),POINT (-92.406627123393 41.003570866232)
20201200307,4520-062,11/11/2020,11-November,4-Wednesday,17:43,1700 Hours,District 2 (Northeast),,HOWARD,77,160TH ST,Collision with:  Animal,Unknown,N/A,Animal,None Indicated,N/A,N/A,N/A,N/A,N/A,N/A,Unpaved,N/A,Property Damage Only,0,0,0,0,0,0,6000,1,2,Southbound (SB),POINT (-92.263533265467 43.284084719357)
20201200246,20-1055,11/12/2020,11-November,5-Thursday,20:50,2000 Hours,District 1 (Central),PLEASANT HILL,POLK,77,SHADYVIEW BLVD AT E UNIVERSITY AVE,Collision with:  Vehicle in traffic,On Roadway,Broadside (front to side),FTYROW:  From stop sign,None Indicated,None apparent,Dark - roadway lighted,Dry,Clear,None apparent,Intersection:  Four-way intersection,Paved,N/A,Property Damage Only,0,0,0,0,0,0,4000,2,2,Northbound (NB),POINT (-93.509975636081 41.599245118334)