Iowa DOT Case Number,Law Enforcement Case Number,Date of Crash,Month of Crash,Day of Week,Time of Crash,Hour,DOT District,City Name,County Name,Route with System,Location Description,First Harmful Event,Location of First Harmful Event,Manner of Crash/Collision,Major Cause,Drug or Alcohol ,Environmental Conditions,Light Conditions,Surface Conditions,Weather Conditions,Roadway Contribution,Roadway Type,Roadway Surface,Work Zone,Crash Severity,Number of Fatalities,Number of Injuries,Number of Major Injuries,Number of Minor Injuries,Number of Possible Injuries,Number of Unknown Injuries,Amount of Property Damage,Number of Vehicles Involved,Total Number of Occupants,Travel Direction,Location
20201200440,20-049115,11/12/2020,11-November,5-Thursday,09:45,0900 Hours,District 3 (Northwest),STORM LAKE,BUENA VISTA,77,2000 BLK EXPANSION BLVD,Collision with:  Non-motorist (see non-motorist section - NOT a unit),On Roadway,Non-collision (single vehicle),Driver Distraction:  Other interior distraction,None Indicated,Other (explain in narrative),Daylight,Dry,Clear,Work Zone (roadway-related),Non-intersection:  Non-junction/no special feature,Paved,Yes,Possible/Unknown,0,1,0,0,1,0,0,1,1,Northbound (NB),POINT (-95.163646684055 42.636091812906)
20201200918,2020026743,11/13/2020,11-November,6-Friday,17:55,1700 Hours,District 3 (Northwest),,MONONA,I-29,INTERSTATE 29/I 29 121.8 MM NB,Collision with:  Animal,Unknown,N/A,Animal,None Indicated,N/A,N/A,N/A,N/A,N/A,N/A,Paved,N/A,Property Damage Only,0,0,0,0,0,0,1500,1,1,Eastbound (EB),POINT (-96.217643427697 42.14831337646)
20201201582,2011-083,11/14/2020,11-November,7-Saturday,18:00,1800 Hours,District 3 (Northwest),,OSCEOLA,77,A030/180TH ST,Collision with:  Animal,Shoulder,Non-collision (single vehicle),Animal,None Indicated,Animal in roadway,Dark - roadway not lighted,Dry,Clear,None apparent,Non-intersection:  Non-junction/no special feature,Paved,N/A,Property Damage Only,0,0,0,0,0,0,1500,1,2,Southbound (SB),POINT (-95.731582426929 43.389528116732)
20201203285,20-07275,11/14/2020,11-November,7-Saturday,21:16,2100 Hours,District 2 (Northeast),OELWEIN,FAYETTE,IA-150,STATE 150/PALACE RD,Collision with:  Animal,Unknown,N/A,Animal,None Indicated,N/A,N/A,N/A,N/A,N/A,N/A,Paved,N/A,Property Damage Only,0,0,0,0,0,0,6000,1,2,Northbound (NB),POINT (-91.909239374802 42.646166089757)
20201200759,CL2001369,11/15/2020,11-November,1-Sunday,09:10,0900 Hours,District 2 (Northeast),CLEAR LAKE,CERRO GORDO,77,800 BLK 7TH AVE N,Collision with:  Vehicle in traffic,On Roadway,Rear to side,Improper Backing,None Indicated,None apparent,Daylight,Dry,Cloudy,None apparent,"Non-intersection:  Driveway access (related, not in)",Paved,N/A,Property Damage Only,0,0,0,0,0,0,2100,2,2,Southbound (SB),POINT (-93.378422433712 43.140961347288)
20201201043,2020026912,11/16/2020,11-November,2-Monday,22:00,2200 Hours,District 5 (Southeast),OSCEOLA,CLARKE,I-35,"INTERSTATE 35 NB, 34.5 MM",Collision with:  Animal,Unknown,N/A,Animal,None Indicated,N/A,N/A,N/A,N/A,N/A,N/A,Paved,N/A,Property Damage Only,0,0,0,0,0,0,8000,1,1,Northbound (NB),POINT (-93.788584524597 41.044333284944)
20201201015,20-049754,11/16/2020,11-November,2-Monday,15:38,1500 Hours,District 3 (Northwest),,BUENA VISTA,US 71,US 71/130TH AVE AND 450TH ST,Collision with:  Vehicle in traffic,On Roadway,Rear-end (front to rear),FTYROW:  Other (explain in narrative),None Indicated,Glare,Daylight,Dry,Clear,None apparent,Non-intersection:  Non-junction/no special feature,Paved,N/A,Minor Injury,0,1,0,1,0,0,25000,2,2,Northbound (NB),POINT (-95.151013125547 42.865362382791)
20201205984,20087936,11/17/2020,11-November,3-Tuesday,18:29,1800 Hours,District 2 (Northeast),CEDAR FALLS,BLACK HAWK,77,HOLIDAY RD/UNIVERSITY AVE,Collision with:  Vehicle in traffic,On Roadway,Broadside (front to side),FTYROW:  From yield sign,None Indicated,None apparent,Dark - roadway lighted,Dry,Clear,None apparent,Intersection:  Roundabout,Paved,N/A,Possible/Unknown,0,1,0,0,1,0,9500,2,3,Northbound (NB),POINT (-92.425966339595 42.508242976563)
20201201542,202000037847,11/18/2020,11-November,4-Wednesday,17:13,1700 Hours,District 5 (Southeast),OTTUMWA,WAPELLO,77,4TH/WAPELLO,Collision with:  Vehicle in traffic,On Roadway,Rear-end (front to rear),Followed too close,None Indicated,None apparent,Daylight,Dry,Clear,None apparent,Intersection:  Four-way intersection,Paved,N/A,Possible/Unknown,0,1,0,0,1,0,200,2,3,Southbound (SB),POINT (-92.414144361336 41.022121071397)
20201202152,2020027042,11/18/2020,11-November,4-Wednesday,06:57,0600 Hours,District 4 (Southwest),,POTTAWATTAMIE,I-29,INTERSTATE 29/I 29 MM 65 SB,Collision with fixed object:  Traffic sign support,Roadside,Non-collision (single vehicle),Ran off road - right,None Indicated,None apparent,Daylight,Dry,Clear,None apparent,Non-intersection:  Non-junction/no special feature,Paved,N/A,Major Injury,0,1,1,0,0,0,30600,1,1,Northbound (NB),POINT (-95.899592469615 41.398141401844)
20201201527,2020027212,11/19/2020,11-November,5-Thursday,18:25,1800 Hours,District 5 (Southeast),,CLARKE,US 34,US 34 AND 315TH AVE,Collision with:  Animal,On Roadway,Non-collision (single vehicle),Animal,None Indicated,None apparent,Dark - roadway not lighted,Dry,Cloudy,None apparent,Non-intersection:  Non-junction/no special feature,Paved,N/A,Property Damage Only,0,0,0,0,0,0,1500,1,1,Southbound (SB),POINT (-93.605958717965 41.030097425591)
20201202340,20-010839,11/20/2020,11-November,6-Friday,17:24,1700 Hours,District 1 (Central),,HARDIN,77,D020/ST HWY 941,Collision with:  Animal,Unknown,N/A,Animal,None Indicated,N/A,N/A,N/A,N/A,N/A,N/A,Paved,N/A,Property Damage Only,0,0,0,0,0,0,5000,1,2,Southbound (SB),POINT (-93.310929603423 42.516931793382)
20201202314,2020027228,11/20/2020,11-November,6-Friday,06:30,0600 Hours,District 3 (Northwest),,CARROLL,US 71,STATE 141AND  US 71 TEMPLETON CORNER,Collision with:  Vehicle in traffic,On Roadway,Broadside (front to side),Ran Stop Sign,None Indicated,None apparent,Dark - roadway lighted,Dry,Clear,None apparent,Intersection:  Four-way intersection,Paved,N/A,Minor Injury,0,1,0,1,0,0,23000,2,2,Northbound (NB),POINT (-94.93741011739 41.906391272391)
20201201777,2020027313,11/21/2020,11-November,7-Saturday,20:30,2000 Hours,District 6 (East Central),,IOWA,77,2000BLK F52 TRAIL EB,Collision with fixed object:  Ditch,Outside trafficway,Non-collision (single vehicle),Exceeded authorized speed,None Indicated,None apparent,Dark - roadway not lighted,Dry,Cloudy,None apparent,Non-intersection:  Non-junction/no special feature,Paved,N/A,Property Damage Only,0,0,0,0,0,0,2500,1,1,Southbound (SB),POINT (-92.103109528592 41.589653953936)
20201201916,20-36244,11/22/2020,11-November,1-Sunday,06:19,0600 Hours,District 3 (Northwest),SIOUX CITY,WOODBURY,77,7TH ST AND EDEN AVE,Collision with fixed object:  Utility pole/light support,Shoulder,Non-collision (single vehicle),Ran off road - left,None Indicated,None apparent,Dark - roadway lighted,Dry,Clear,None apparent,Intersection:  T-intersection,Unpaved,N/A,Possible/Unknown,0,1,0,0,1,0,13320,1,1,Southbound (SB),POINT (-96.364300680472 42.497428415387)
20201202190,20-001709,11/23/2020,11-November,2-Monday,13:38,1300 Hours,District 1 (Central),JOHNSTON,POLK,I-80,INTERSTATE 35/NE RAMP,Collision with:  Vehicle in traffic,On Roadway,"Sideswipe, same direction",Unknown,None Indicated,None apparent,Daylight,Dry,Cloudy,None apparent,Interchange-related:  Off-ramp,Paved,N/A,Property Damage Only,0,0,0,0,0,0,4000,2,2,Westbound (WB),POINT (-93.736057896435 41.653864385116)
20201202100,W20-089625,11/23/2020,11-November,2-Monday,19:00,1900 Hours,District 2 (Northeast),WATERLOO,BLACK HAWK,77,W 4TH ST AND BALTIMORE ST,Collision with:  Vehicle in traffic,On Roadway,Broadside (front to side),Failed to keep in proper lane,None Indicated,None apparent,Dark - roadway lighted,Dry,Clear,None apparent,Intersection:  Four-way intersection,Paved,N/A,Property Damage Only,0,0,0,0,0,0,2000,2,2,Northbound (NB),POINT (-92.351276337505 42.487302218434)
20201202146,20-35910,11/24/2020,11-November,3-Tuesday,02:00,0200 Hours,District 1 (Central),,JASPER,I-9980,INTERSTATE 80/I 80,Other (explain in narrative),On Roadway,Non-collision (single vehicle),Lost Control,None Indicated,Weather conditions,Dark - roadway not lighted,Slush,Freezing rain/drizzle,"Surface condition (e.g., wet, icy)",Non-intersection:  Non-junction/no special feature,Unpaved,N/A,Property Damage Only,0,0,0,0,0,0,10000,1,2,Southbound (SB),POINT (-92.884563689765 41.686112072902)
20201202291,20200033218,11/24/2020,11-November,3-Tuesday,05:20,0500 Hours,District 1 (Central),DES MOINES,POLK,77,MLK JR PKWY AND HICKMAN RD MEASURING 13 FEET NORTH FROM MLK JR PKWY AND HICKMAN RD,Collision with:  Vehicle in traffic,On Roadway,"Angle, oncoming left turn",Made improper turn,None Indicated,None apparent,Dark - roadway lighted,Wet,Rain,None apparent,Intersection:  Four-way intersection,Paved,N/A,Possible/Unknown,0,1,0,0,1,0,10000,2,3,Southbound (SB),POINT (-93.646461383471 41.615041878318)
20201202444,20200033374,11/25/2020,11-November,4-Wednesday,16:45,1600 Hours,District 1 (Central),DES MOINES,POLK,77,GUTHRIE AVE,Collision with:  Vehicle in traffic,On Roadway,"Sideswipe, opposite direction",Failed to keep in proper lane,None Indicated,None apparent,Dusk,Dry,Cloudy,None apparent,Non-intersection:  Non-junction/no special feature,Paved,N/A,Minor Injury,0,2,0,1,1,0,6000,2,6,Southbound (SB),POINT (-93.574577519801 41.614991290963)
20201202789,W20-090290,11/26/2020,11-November,5-Thursday,19:00,1900 Hours,District 2 (Northeast),WATERLOO,BLACK HAWK,77,E 4TH ST / FRANKLIN ST,Collision with:  Vehicle in traffic,On Roadway,Rear-end (front to rear),Other (explain in narrative):  Other,Alcohol (Statutory),None apparent,Dark - roadway lighted,Dry,Cloudy,None apparent,Intersection:  Four-way intersection,Paved,N/A,Property Damage Only,0,0,0,0,0,0,1500,2,2,Southbound (SB),POINT (-92.332897137372 42.500426283954)
20201204143,2020-89282,11/27/2020,11-November,6-Friday,17:19,1700 Hours,District 6 (East Central),DAVENPORT,SCOTT,77,HILLANDALE RD MEASURING 293 FEET SOUTH FROM US 6/W KIMBERLY RD AND HILLANDALE RD,Other (explain in narrative),On Roadway,Non-collision (single vehicle),Lost Control,None Indicated,None apparent,Dark - roadway lighted,Dry,Clear,None apparent,Intersection:  Other intersection (explain in narrative),Paved,N/A,Minor Injury,0,1,0,1,0,0,8000,1,1,Northbound (NB),POINT (-90.61985093548 41.559449364857)
20201203488,20-0010083,11/27/2020,11-November,6-Friday,21:11,2100 Hours,District 2 (Northeast),,CLAYTON,77,X03C/GRANDVIEW RD,Collision with:  Animal,Unknown,N/A,Animal,None Indicated,N/A,N/A,N/A,N/A,N/A,N/A,Paved,N/A,Property Damage Only,0,0,0,0,0,0,3000,1,5,Northbound (NB),POINT (-91.373450900789 42.801832888328)
20201203419,20017357,11/28/2020,11-November,7-Saturday,04:48,0400 Hours,District 6 (East Central),,CEDAR,IA-38,STATE 38/IOWA 38,Collision with:  Animal,On Roadway,Non-collision (single vehicle),Animal,None Indicated,Animal in roadway,N/A,N/A,N/A,None apparent,Non-intersection:  Non-junction/no special feature,Paved,N/A,Property Damage Only,0,0,0,0,0,0,3000,1,2,Northbound (NB),POINT (-91.123269190456 41.655993011478)
20201203196,2020-89813,11/30/2020,11-November,2-Monday,11:51,1100 Hours,District 6 (East Central),DAVENPORT,SCOTT,77,WAPELLO AVE MEASURING 3092 FEET WEST FROM WAPELLO AVE,Collision with:  Vehicle in traffic,On Roadway,Other (explain in narrative),Improper Backing,None Indicated,None apparent,Daylight,Dry,Cloudy,None apparent,Non-intersection:  Non-junction/no special feature,Paved,N/A,Property Damage Only,0,0,0,0,0,0,4100,2,2,Southbound (SB),POINT (-90.645938890782 41.490510705684)
20201203100,20200033805,11/30/2020,11-November,2-Monday,15:40,1500 Hours,District 1 (Central),DES MOINES,POLK,US 6,US 6/DOUGLAS AVE AND 30TH ST,Collision with:  Vehicle in traffic,On Roadway,Broadside (front to side),Made improper turn,None Indicated,None apparent,Daylight,Dry,Clear,None apparent,Non-intersection:  Non-junction/no special feature,Paved,N/A,Property Damage Only,0,0,0,0,0,0,8000,2,2,Southbound (SB),POINT (-93.658803690198 41.629554451307)
20201203292,2020007787,12/01/2020,12-December,3-Tuesday,18:36,1800 Hours,District 6 (East Central),IOWA CITY,JOHNSON,77,MORMON TREK BLVD,Other (explain in narrative),On Roadway,Non-collision (single vehicle),Animal,None Indicated,Animal in roadway,Dark - roadway lighted,Dry,Clear,None apparent,Non-intersection:  Non-junction/no special feature,Paved,N/A,Property Damage Only,0,0,0,0,0,0,1500,1,2,Eastbound (EB),POINT (-91.573878356403 41.658956237808)
20201203664,20025136,12/02/2020,12-December,4-Wednesday,11:42,1100 Hours,District 5 (Southeast),OSKALOOSA,MAHASKA,IA-92,STATE 92/A AVE E,Collision with:  Vehicle in traffic,On Roadway,Broadside (front to side),Ran Traffic Signal,None Indicated,None apparent,Daylight,Dry,Clear,None apparent,Intersection:  Four-way intersection,Paved,N/A,Property Damage Only,0,0,0,0,0,0,4000,2,2,Southbound (SB),POINT (-92.643781598426 41.296244094151)
20201207940,20-010641,12/03/2020,12-December,5-Thursday,18:00,1800 Hours,District 3 (Northwest),,PALO ALTO,IA-4,3200 420 AV,Collision with:  Animal,Unknown,N/A,Animal,None Indicated,N/A,N/A,N/A,N/A,N/A,N/A,Paved,N/A,Property Damage Only,0,0,0,0,0,0,2000,1,1,Northbound (NB),POINT (-94.757469293395 43.182583921395)
20201203764,2020028030,12/03/2020,12-December,5-Thursday,06:15,0600 Hours,District 5 (Southeast),,LOUISA,77,G028/COUNTY RD G 28 AND U AVE,Collision with:  Animal,Unknown,N/A,Animal,None Indicated,N/A,N/A,N/A,N/A,N/A,N/A,Paved,N/A,Property Damage Only,0,0,0,0,0,0,3000,1,2,Southbound (SB),POINT (-91.38881942779 41.408963180388)
20201203895,20-037832,12/04/2020,12-December,6-Friday,11:12,1100 Hours,District 5 (Southeast),WEST BURLINGTON,DES MOINES,77,S GEAR AVE AND DIVISION ST,Collision with:  Vehicle in traffic,On Roadway,Broadside (front to side),Ran Stop Sign,None Indicated,None apparent,Daylight,Dry,Clear,None apparent,Intersection:  Four-way intersection,Paved,N/A,Possible/Unknown,0,1,0,0,1,0,10000,2,3,Northbound (NB),POINT (-91.170261826362 40.807284900619)
20201204053,2011967,12/05/2020,12-December,7-Saturday,02:22,0200 Hours,District 5 (Southeast),,WASHINGTON,IA-1,STATE 1/IA 1,Collision with fixed object:  Tree,Other (explain in narrative),Non-collision (single vehicle),Driver Distraction:  Inattentive/lost in thought,None Indicated,None apparent,Dark - unknown roadway lighting,Dry,Clear,None apparent,Non-intersection:  Non-junction/no special feature,Paved,N/A,Property Damage Only,0,0,0,0,0,0,16000,1,1,Northbound (NB),POINT (-91.840531361088 41.176090550156)
20201203921,C20004203,12/06/2020,12-December,1-Sunday,10:32,1000 Hours,District 6 (East Central),CORALVILLE,JOHNSON,77,12TH AVE AND HOLIDAY RD,Collision with:  Vehicle in traffic,On Roadway,Broadside (front to side),FTYROW:  From yield sign,None Indicated,None apparent,Daylight,Dry,Clear,None apparent,Intersection:  Roundabout,Paved,N/A,Possible/Unknown,0,1,0,0,1,0,11000,2,5,Southbound (SB),POINT (-91.582866247858 41.694905687391)
20201204141,20-005922,12/07/2020,12-December,2-Monday,07:00,0700 Hours,District 3 (Northwest),,LYON,77,A026/180TH ST,Collision with:  Animal,Unknown,N/A,Animal,None Indicated,N/A,N/A,N/A,N/A,N/A,N/A,Paved,N/A,Property Damage Only,0,0,0,0,0,0,7500,1,1,Southbound (SB),POINT (-96.50614701203 43.390289822812)
20201205596,20093088,12/07/2020,12-December,2-Monday,15:08,1500 Hours,District 2 (Northeast),CEDAR FALLS,BLACK HAWK,77,8TH ST / CEDAR FALLS HIGHSCHOOL,Collision with:  Vehicle in traffic,On Roadway,Other (explain in narrative),Driver Distraction:  Other interior distraction,None Indicated,None apparent,Daylight,Dry,Clear,None apparent,Intersection:  Other intersection (explain in narrative),Paved,N/A,Property Damage Only,0,0,0,0,0,0,3000,2,2,Southbound (SB),POINT (-92.462271043032 42.531473954338)
20201204388,20204949,12/08/2020,12-December,3-Tuesday,08:35,0800 Hours,District 1 (Central),,GRUNDY,IA-175,STATE 175/240TH ST 22142,Collision with:  Animal,Unknown,N/A,Animal,None Indicated,N/A,N/A,N/A,N/A,N/A,N/A,Paved,N/A,Property Damage Only,0,0,0,0,0,0,1500,1,3,Southbound (SB),POINT (-92.911543713466 42.353968977005)
20201205424,2020028571,12/09/2020,12-December,4-Wednesday,16:32,1600 Hours,District 6 (East Central),,BENTON,US 30,US 30/73 ST EB AND 236 MM,Collision with:  Vehicle in traffic,On Roadway,"Sideswipe, same direction",Driver Distraction:  Reaching for object(s)/fallen object(s),None Indicated,None apparent,Daylight,Dry,Clear,None apparent,Non-intersection:  Non-junction/no special feature,Paved,N/A,Property Damage Only,0,0,0,0,0,0,10500,2,2,Southbound (SB),POINT (-91.983920497045 41.963374647237)
20201205980,20-02355,12/10/2020,12-December,5-Thursday,18:04,1800 Hours,District 4 (Southwest),URBANDALE,POLK,77,DOUGLAS PKWY AND 142ND ST,Collision with:  Vehicle in traffic,On Roadway,Broadside (front to side),FTYROW:  From yield sign,None Indicated,None apparent,Dark - roadway lighted,Dry,Clear,None apparent,Intersection:  Roundabout,Paved,N/A,Property Damage Only,0,0,0,0,0,0,1500,2,3,Eastbound (EB),POINT (-93.809263347178 41.62940430938)
20201205484,2020028636,12/10/2020,12-December,5-Thursday,15:53,1500 Hours,District 6 (East Central),,DELAWARE,77,165TH ST,Collision with:  Vehicle in traffic,On Roadway,"Sideswipe, same direction",Driving too fast for conditions,Drug,None apparent,Daylight,Dry,Clear,None apparent,Non-intersection:  Non-junction/no special feature,Paved,N/A,Major Injury,0,1,1,0,0,0,12100,2,2,Southbound (SB),POINT (-91.49888783102 42.549235355598)
20201205539,20-053809,12/11/2020,12-December,6-Friday,03:00,0300 Hours,District 3 (Northwest),STORM LAKE,BUENA VISTA,77,W 9TH ST,Collision with:  Parked motor vehicle,On Roadway,"Sideswipe, same direction",Unknown,None Indicated,None apparent,Dark - roadway not lighted,Dry,Clear,None apparent,Non-intersection:  Non-junction/no special feature,Paved,N/A,Possible/Unknown,0,1,0,0,0,1,2500,2,1,Southbound (SB),POINT (-95.207619528928 42.649696677807)
20201205522,20200035019,12/11/2020,12-December,6-Friday,22:54,2200 Hours,District 1 (Central),DES MOINES,POLK,77,FRANKLIN AVE MEASURING 232 FEET EAST FROM FRANKLIN AVE AND MERLE HAY RD,Collision with fixed object:  Utility pole/light support,On Roadway,Non-collision (single vehicle),Ran off road - left,None Indicated,None apparent,Dark - roadway lighted,Wet,Rain,None apparent,Non-intersection:  Non-junction/no special feature,Paved,N/A,Possible/Unknown,0,1,0,0,0,1,7000,1,1,Southbound (SB),POINT (-93.696903441372 41.611261367439)
20201205684,20-005868,12/12/2020,12-December,7-Saturday,09:37,0900 Hours,District 1 (Central),ANKENY,POLK,I-35,INTERSTATE 35 NB 94MM,Non-collision events:  Non-contact vehicle (phantom),On Roadway,Non-collision (single vehicle),Driver Distraction:  Exterior distraction,None Indicated,None apparent,Daylight,Snow,Blowing snow,"Surface condition (e.g., wet, icy)",Non-intersection:  Non-junction/no special feature,Paved,N/A,Property Damage Only,0,0,0,0,0,0,1800,1,2,Northbound (NB),POINT (-93.569265036823 41.761365182184)
20201207551,,12/12/2020,12-December,7-Saturday,09:45,0900 Hours,District 6 (East Central),IOWA CITY,JOHNSON,77,RIVER ST and RIVERSIDE DR,Collision with:  Parked motor vehicle,On Roadway,"Sideswipe, same direction",Unknown,None Indicated,N/A,Daylight,Ice/frost,Cloudy,N/A,Non-intersection:  Non-junction/no special feature,Paved,N/A,Property Damage Only,0,0,0,0,0,0,1500,2,4,Northbound (NB),POINT (-91.54062106899 41.66589730741)
20201210117,20-009929,12/12/2020,12-December,7-Saturday,15:25,1500 Hours,District 6 (East Central),INDEPENDENCE,BUCHANAN,IA-150,50' W OF SW CORNER OF 5TH AVE NE AND 6TH STREET NE/ 15' N OF SW CORNER OF 5TH AVENUE NE AND 6TH STREET NE,Collision with:  Vehicle in traffic,On Roadway,Rear to side,Improper Backing,None Indicated,None apparent,Daylight,Wet,Clear,None apparent,Non-intersection:  Non-junction/no special feature,Paved,N/A,Property Damage Only,0,0,0,0,0,0,2000,2,2,Northbound (NB),POINT (-91.889359459935 42.473553109372)
20201205936,20-121302,12/13/2020,12-December,1-Sunday,23:20,2300 Hours,District 4 (Southwest),SHENANDOAH,PAGE,77,ANNA ST AND S BROAD ST AND W GRANT AVE,Collision with:  Vehicle in traffic,On Roadway,Rear-end (front to rear),Failed to keep in proper lane,None Indicated,None apparent,Dark - unknown roadway lighting,Dry,Clear,None apparent,Intersection:  Y-intersection,Paved,N/A,Property Damage Only,0,0,0,0,0,0,20000,2,1,Southbound (SB),POINT (-95.368707633735 40.76410246758)
20201206900,2020028923,12/14/2020,12-December,2-Monday,16:18,1600 Hours,District 4 (Southwest),,GUTHRIE,77,TALON AVE AND 310TH STREET  1000 FT NORTH OF 310TH ST.,Collision with:  Vehicle in traffic,On Roadway,"Sideswipe, opposite direction",Lost Control,None Indicated,None apparent,Daylight,Snow,Cloudy,None apparent,Non-intersection:  Non-junction/no special feature,Unpaved,N/A,Property Damage Only,0,0,0,0,0,0,18000,2,2,Northbound (NB),POINT (-94.378224808901 41.565967288659)
20201206257,2020028949,12/15/2020,12-December,3-Tuesday,04:00,0400 Hours,District 6 (East Central),,DELAWARE,IA-3,X047/300TH AVE AND STATE 3/IOWA 3 AND 300TH AVE,Non-collision events:  Overturn/rollover,On Roadway,Non-collision (single vehicle),Lost Control,None Indicated,None apparent,Dark - roadway not lighted,Ice/frost,Cloudy,"Surface condition (e.g., wet, icy)",Intersection:  Four-way intersection,Paved,N/A,Property Damage Only,0,0,0,0,0,0,2300,1,1,Southbound (SB),POINT (-91.211906078118 42.638537158213)
20201206623,2020029101,12/16/2020,12-December,4-Wednesday,19:22,1900 Hours,District 5 (Southeast),,CLARKE,I-35,INTERSTATE 35/I 35 25MM NB,Collision with:  Animal,On Roadway,Non-collision (single vehicle),Animal,None Indicated,Animal in roadway,N/A,N/A,N/A,None apparent,Non-intersection:  Non-junction/no special feature,Paved,N/A,Property Damage Only,0,0,0,0,0,0,9000,1,1,Northbound (NB),POINT (-93.796740685692 40.901578959703)
20201209344,20011336,12/17/2020,12-December,5-Thursday,19:29,1900 Hours,District 4 (Southwest),,HARRISON,77,L034/OVERTON AVE,Collision with:  Animal,On Roadway,Non-collision (single vehicle),Animal,None Indicated,None apparent,Dark - roadway not lighted,Dry,Cloudy,None apparent,Non-intersection:  Non-junction/no special feature,Paved,N/A,Property Damage Only,0,0,0,0,0,0,3000,1,2,Northbound (NB),POINT (-95.780289939525 41.606788562305)
20201206923,202000041055,12/17/2020,12-December,5-Thursday,15:56,1500 Hours,District 5 (Southeast),OTTUMWA,WAPELLO,77,MORRIS ST AND W HARROD AVE,Collision with:  Vehicle in traffic,On Roadway,"Angle, oncoming left turn",FTYROW:  Making left turn,None Indicated,None apparent,Dusk,Dry,Cloudy,None apparent,Intersection:  T-intersection,Paved,N/A,Possible/Unknown,0,1,0,0,1,0,9500,2,3,Northbound (NB),POINT (-92.427691315147 40.991957733195)
20201206653,20-005982,12/18/2020,12-December,6-Friday,06:41,0600 Hours,District 1 (Central),,POLK,I-35,88 MM I35 SB,Collision with:  Vehicle in traffic,On Roadway,Rear-end (front to rear),Lost Control,None Indicated,Weather conditions,Dark - roadway lighted,Ice/frost,Clear,"Surface condition (e.g., wet, icy)",Non-intersection:  Non-junction/no special feature,Paved,N/A,Possible/Unknown,0,1,0,0,1,0,7500,2,2,Northbound (NB),POINT (-93.57619835456 41.664918984489)
20201208129,,12/19/2020,12-December,7-Saturday,12:45,1200 Hours,District 1 (Central),WEST DES MOINES,POLK,77,VINE ST,Collision with:  Parked motor vehicle,In parking lane/zone,Other (explain in narrative),Unknown,None Indicated,N/A,Daylight,Dry,Clear,N/A,Non-intersection:  Non-junction/no special feature,Paved,N/A,Property Damage Only,0,0,0,0,0,0,3628,2,3,Southbound (SB),POINT (-93.746586317754 41.582738862552)
20201206902,20201048,12/19/2020,12-December,7-Saturday,23:30,2300 Hours,District 6 (East Central),MOUNT VERNON,LINN,77,A AVE SE,Collision with:  Parked motor vehicle,On Roadway,Rear to side,Driver Distraction:  Passenger,None Indicated,None apparent,Dark - roadway lighted,Dry,Cloudy,None apparent,"Non-intersection:  Driveway access (related, not in)",Paved,N/A,Property Damage Only,0,0,0,0,0,0,3500,2,3,Northbound (NB),POINT (-91.418261552225 41.919309250474)
20201206783,PDI20201045,12/20/2020,12-December,1-Sunday,00:26,0000 Hours,District 1 (Central),GRINNELL,POWESHIEK,77,2ND AVE,Miscellaneous events:  Hit and run,Roadside,Rear-end (front to rear),Driver Distraction:  Inattentive/lost in thought,None Indicated,None apparent,Dark - roadway not lighted,Dry,Clear,None apparent,Non-intersection:  Non-junction/no special feature,Paved,N/A,Property Damage Only,0,0,0,0,0,0,7000,2,1,Southbound (SB),POINT (-92.732470626103 41.740342668589)
20201207007,20178202,12/21/2020,12-December,2-Monday,17:36,1700 Hours,District 6 (East Central),,JOHNSON,77,F08W / NEWPORT RD,Collision with:  Non-motorist (see non-motorist section - NOT a unit),On Roadway,Non-collision (single vehicle),Driver Distraction:  Other interior distraction,None Indicated,Other (explain in narrative),Dark - roadway not lighted,Dry,Clear,None apparent,Non-intersection:  Non-junction/no special feature,Paved,N/A,Minor Injury,0,1,0,1,0,0,500,1,1,Northbound (NB),POINT (-91.513100016045 41.707741383794)
20201208055,20-011798,12/22/2020,12-December,3-Tuesday,12:09,1200 Hours,District 6 (East Central),,BENTON,US 30,US 30/73 ST,Collision with:  Vehicle in traffic,On Roadway,Head-on (front to front),FTYROW:  Making left turn,None Indicated,None apparent,Daylight,Dry,Clear,None apparent,Intersection:  Four-way intersection,Paved,N/A,Property Damage Only,0,0,0,0,0,0,7000,2,2,Southbound (SB),POINT (-92.297693914001 41.964272915212)
20201207131,20200036012,12/22/2020,12-December,3-Tuesday,07:35,0700 Hours,District 1 (Central),DES MOINES,POLK,77,MCKINLEY AVE MEASURING 219 FEET EAST FROM MCKINLEY AVE AND FLEUR DR,Collision with:  Vehicle in traffic,On Roadway,Broadside (front to side),Driving too fast for conditions,None Indicated,None apparent,Daylight,Ice/frost,Clear,"Surface condition (e.g., wet, icy)","Non-intersection:  Driveway access (related, not in)",Paved,N/A,Possible/Unknown,0,1,0,0,1,0,4500,2,2,Southbound (SB),POINT (-93.644236681416 41.540987646872)
20201207446,C20004471,12/23/2020,12-December,4-Wednesday,17:55,1700 Hours,District 6 (East Central),CORALVILLE,JOHNSON,US 6,400 BLK 2ND STREET,Collision with:  Vehicle in traffic,On Roadway,Rear-end (front to rear),Driver Distraction:  Other interior distraction,None Indicated,None apparent,Dark - roadway lighted,Snow,Blowing snow,None apparent,Non-intersection:  Non-junction/no special feature,Paved,N/A,Property Damage Only,0,0,0,0,0,0,4000,2,3,Southbound (SB),POINT (-91.572445928902 41.671061692639)
20201207529,20-006170,12/23/2020,12-December,4-Wednesday,13:00,1300 Hours,District 3 (Northwest),ROCK RAPIDS,LYON,77,214 N UNION STREET,Collision with fixed object:  Building,Other (explain in narrative),Non-collision (single vehicle),Other (explain in narrative):  Other,None Indicated,Weather conditions,Daylight,Snow,Blowing snow,None apparent,Non-intersection:  Other non-intersection (explain in narrative),Paved,N/A,Property Damage Only,0,0,0,0,0,0,5300,1,1,Northbound (NB),POINT (-96.175438113367 43.433526985204)