Iowa DOT Case Number,Law Enforcement Case Number,Date of Crash,Month of Crash,Day of Week,Time of Crash,Hour,DOT District,City Name,County Name,Route with System,Location Description,First Harmful Event,Location of First Harmful Event,Manner of Crash/Collision,Major Cause,Drug or Alcohol ,Environmental Conditions,Light Conditions,Surface Conditions,Weather Conditions,Roadway Contribution,Roadway Type,Roadway Surface,Work Zone,Crash Severity,Number of Fatalities,Number of Injuries,Number of Major Injuries,Number of Minor Injuries,Number of Possible Injuries,Number of Unknown Injuries,Amount of Property Damage,Number of Vehicles Involved,Total Number of Occupants,Travel Direction,Location
20201208790,2020029703,12/24/2020,12-December,5-Thursday,14:50,1400 Hours,District 1 (Central),,JASPER,I-80,80 EB 163.5 MM,Collision with:  Vehicle in traffic,On Roadway,Rear-end (front to rear),Followed too close,None Indicated,None apparent,Daylight,Dry,Clear,None apparent,Non-intersection:  Non-junction/no special feature,Paved,N/A,Possible/Unknown,0,1,0,0,1,0,3400,2,3,Westbound (WB),POINT (-93.098185630815 41.680894942419)
20201207600,20-00538,12/24/2020,12-December,5-Thursday,10:08,1000 Hours,District 5 (Southeast),NORWALK,WARREN,77,BEARDSLEY ST AND STATE 28/IOWA 28,Collision with:  Vehicle in traffic,On Roadway,"Angle, oncoming left turn",FTYROW:  Making left turn,None Indicated,None apparent,Daylight,Snow,Clear,None apparent,Intersection:  Four-way intersection,Paved,N/A,Property Damage Only,0,0,0,0,0,0,13000,2,3,Southbound (SB),POINT (-93.674147745294 41.496995436167)
20201207626,20002806,12/26/2020,12-December,7-Saturday,16:12,1600 Hours,District 4 (Southwest),,ADAMS,77,ADAMS AND TAYLOR,Collision with:  Animal,On Roadway,Non-collision (single vehicle),Animal,None Indicated,Animal in roadway,Daylight,Dry,Clear,"Slippery, loose, or worn surface",Non-intersection:  Non-junction/no special feature,Unpaved,N/A,Property Damage Only,0,0,0,0,0,0,5000,1,1,Southbound (SB),POINT (-94.702104150633 40.899885287424)
20201207722,2020-95870,12/26/2020,12-December,7-Saturday,20:57,2000 Hours,District 6 (East Central),DAVENPORT,SCOTT,77,E 2ND ST AND IOWA ST,Collision with:  Vehicle in traffic,On Roadway,"Sideswipe, same direction",Lost Control,None Indicated,None apparent,Dark - roadway lighted,Dry,Clear,None apparent,Intersection:  Four-way intersection,Paved,N/A,Property Damage Only,0,0,0,0,0,0,1500,2,7,Southbound (SB),POINT (-90.569730381027 41.521312023525)
20201208082,2020029811,12/27/2020,12-December,1-Sunday,10:50,1000 Hours,District 1 (Central),,POWESHIEK,IA-146,310TH AVE AND STATE 146/IOWA 146,Collision with fixed object:  Ditch,Outside trafficway,Non-collision (single vehicle),Ran off road - right,None Indicated,Weather conditions,Daylight,Ice/frost,Cloudy,"Surface condition (e.g., wet, icy)",Intersection:  Four-way intersection,Paved,N/A,Possible/Unknown,0,1,0,0,1,0,2500,1,2,Northbound (NB),POINT (-92.727573395653 41.848982354254)
20201207713,391220-3354,12/27/2020,12-December,1-Sunday,09:23,0900 Hours,District 4 (Southwest),,ADAIR,I-80,INTERSTATE 80/I 80,Collision with:  Re-entering roadway,On Roadway,Rear-end (front to rear),Ran off road - left,None Indicated,Weather conditions,Daylight,Ice/frost,Freezing rain/drizzle,"Surface condition (e.g., wet, icy)",Non-intersection:  Non-junction/no special feature,Paved,N/A,Possible/Unknown,0,1,0,0,1,0,38000,2,5,Southbound (SB),POINT (-94.490086315016 41.496064323556)
20201208323,2020-96173,12/28/2020,12-December,2-Monday,07:47,0700 Hours,District 6 (East Central),DAVENPORT,SCOTT,77,FARNAM ST,Collision with:  Parked motor vehicle,On Roadway,Other (explain in narrative),Lost Control,None Indicated,None apparent,Daylight,Snow,Cloudy,None apparent,Non-intersection:  Non-junction/no special feature,Paved,N/A,Property Damage Only,0,0,0,0,0,0,2000,2,3,Northbound (NB),POINT (-90.567155832779 41.54172012217)
20201209519,20-009365,12/28/2020,12-December,2-Monday,18:21,1800 Hours,District 4 (Southwest),,FREMONT,US 59,US 59,Collision with fixed object:  Ditch,Shoulder,Non-collision (single vehicle),Ran off road - right,None Indicated,None apparent,Dark - roadway not lighted,Dry,Clear,None apparent,Non-intersection:  Non-junction/no special feature,Paved,N/A,Major Injury,0,1,1,0,0,0,10000,1,1,Northbound (NB),POINT (-95.39423237949 40.897406666803)
20201208411,20-39770,12/29/2020,12-December,3-Tuesday,23:00,2300 Hours,District 3 (Northwest),SIOUX CITY,WOODBURY,77,TRANSIT AVE,Other (explain in narrative),On Roadway,Non-collision (single vehicle),Driving too fast for conditions,None Indicated,None apparent,Dark - roadway lighted,Snow,Snow,None apparent,Non-intersection:  Non-junction/no special feature,Paved,N/A,Property Damage Only,0,0,0,0,0,0,2500,1,1,Southbound (SB),POINT (-96.378506718325 42.476083562608)
20201208476,WSO2005904,12/29/2020,12-December,3-Tuesday,22:32,2200 Hours,District 2 (Northeast),,WINNESHIEK,77,183RD ST,Non-collision events:  Overturn/rollover,On Roadway,Non-collision (single vehicle),Other (explain in narrative):  Other,None Indicated,Weather conditions,Dark - roadway not lighted,Snow,Snow,"Surface condition (e.g., wet, icy)",Non-intersection:  Non-junction/no special feature,Unpaved,N/A,Property Damage Only,0,0,0,0,0,0,5500,1,1,Southbound (SB),POINT (-91.96595707226 43.203315380628)
20201208623,FD20-3522,12/30/2020,12-December,4-Wednesday,14:56,1400 Hours,District 1 (Central),FORT DODGE,WEBSTER,77,100 BLK N 5TH ST,Collision with:  Struck/struck by object/cargo/person from other vehicle,On Roadway,Non-collision (single vehicle),Driving too fast for conditions,None Indicated,Weather conditions,Daylight,Slush,Clear,Other (explain in narrative),Non-intersection:  Non-junction/no special feature,Paved,N/A,Property Damage Only,0,0,0,0,0,0,2000,1,3,Northbound (NB),POINT (-94.19206535603 42.5070648894)
20201208440,20-15930,12/30/2020,12-December,4-Wednesday,06:06,0600 Hours,District 6 (East Central),,JONES,US 151,US 151,Collision with:  Animal,On Roadway,Non-collision (single vehicle),Animal,None Indicated,Animal in roadway,N/A,N/A,N/A,None apparent,Non-intersection:  Non-junction/no special feature,Paved,N/A,Property Damage Only,0,0,0,0,0,0,2000,1,1,Northbound (NB),POINT (-91.320661461508 42.070624196485)
20201209207,20039942,12/31/2020,12-December,5-Thursday,14:10,1400 Hours,District 1 (Central),,JASPER,I-9980,INTERSTATE 80/I 80,Collision with:  Vehicle in traffic,On Roadway,"Sideswipe, same direction",Passing:  With insufficient distance/inadequate visibility,None Indicated,None apparent,Daylight,Dry,Clear,None apparent,Non-intersection:  Non-junction/no special feature,Unpaved,N/A,Property Damage Only,0,0,0,0,0,0,5000,2,2,Southbound (SB),POINT (-92.878491612043 41.688276538676)
20211208922,TA21-001,01/01/2021,01-January,6-Friday,10:04,1000 Hours,District 3 (Northwest),POCAHONTAS,POCAHONTAS,77,SOUTHSIDE DR,Collision with:  Parked motor vehicle,On Roadway,Unknown,Unknown,None Indicated,None apparent,Daylight,Snow,Unknown,None apparent,Non-intersection:  Non-junction/no special feature,Paved,N/A,Property Damage Only,0,0,0,0,0,0,1500,2,1,Southbound (SB),POINT (-94.671371604377 42.728767815906)
20211209903,20210000141,01/02/2021,01-January,7-Saturday,13:10,1300 Hours,District 1 (Central),DES MOINES,POLK,US 69,ARMY POST RD AND E ARMY POST RD,Collision with:  Vehicle in traffic,On Roadway,Rear-end (front to rear),Followed too close,None Indicated,None apparent,Daylight,Dry,Cloudy,None apparent,Intersection:  Four-way intersection,Paved,N/A,Property Damage Only,0,0,0,0,0,0,1500,2,3,Eastbound (EB),POINT (-93.596973216029 41.526281528679)
20211209516,SO21-00006,01/03/2021,01-January,1-Sunday,01:40,0100 Hours,District 1 (Central),,MARSHALL,IA-14,STATE 14/REED AVE AND E063/290TH ST,Collision with fixed object:  Ditch,Outside trafficway,Non-collision (single vehicle),Ran Stop Sign,None Indicated,Weather conditions,Dark - roadway not lighted,Dry,"Fog, smoke, smog",None apparent,Intersection:  T-intersection,Paved,N/A,Property Damage Only,0,0,0,0,0,0,1600,1,1,Northbound (NB),POINT (-92.916793441037 41.934795207511)
20211209314,21001213,01/04/2021,01-January,2-Monday,06:51,0600 Hours,District 6 (East Central),,JOHNSON,I-380,INTERSTATE 380/I 380,Collision with fixed object:  Cable barrier,On Roadway,Other (explain in narrative),Driving too fast for conditions,None Indicated,None apparent,Dark - roadway not lighted,Ice/frost,Cloudy,"Surface condition (e.g., wet, icy)",Non-intersection:  Non-junction/no special feature,Paved,N/A,Minor Injury,0,1,0,1,0,0,40500,6,8,Eastbound (EB),POINT (-91.646439724969 41.802951836134)
20211209438,21001463,01/04/2021,01-January,2-Monday,15:41,1500 Hours,District 6 (East Central),SOLON,JOHNSON,77,S RACINE AVE,Collision with:  Vehicle in traffic,In parking lane/zone,"Sideswipe, same direction","Operating vehicle in an reckless, erratic, careless, negligent manner",Under Influence of Alcohol/Drugs/Medications,None apparent,Daylight,Wet,Cloudy,None apparent,Non-intersection:  Non-junction/no special feature,Paved,N/A,Property Damage Only,0,0,0,0,0,0,3500,2,2,Northbound (NB),POINT (-91.50375825125 41.804162914579)
20211209757,21-000161,01/05/2021,01-January,3-Tuesday,17:33,1700 Hours,District 4 (Southwest),,CASS,77,INTERSTATE 80/I 80 AND EAGLE AVE AND BUCK CREEK RD,Collision with fixed object:  Guardrail - end,Median,Non-collision (single vehicle),Ran off road - left,None Indicated,None apparent,Dark - roadway not lighted,Dry,Clear,None apparent,Non-intersection:  Non-junction/no special feature,Unpaved,N/A,Minor Injury,0,1,0,1,0,0,5000,1,5,Northbound (NB),POINT (-95.022966154631 41.497191885825)
20211209686,21-000235,01/05/2021,01-January,3-Tuesday,17:33,1700 Hours,District 2 (Northeast),,CHICKASAW,IA-346,STATE 346/CHEYENNE,Collision with:  Vehicle in traffic,On Roadway,Broadside (front to side),Made improper turn,None Indicated,Visual obstruction,Dusk,Dry,Clear,None apparent,Intersection:  T-intersection,Paved,N/A,Property Damage Only,0,0,0,0,0,0,11176,2,2,Southbound (SB),POINT (-92.507554112188 42.963867628796)
20211209982,W21-001629,01/06/2021,01-January,4-Wednesday,17:15,1700 Hours,District 2 (Northeast),WATERLOO,BLACK HAWK,77,1600 BLOCK W 4TH ST,Collision with:  Vehicle in traffic,On Roadway,"Sideswipe, same direction",Made improper turn,None Indicated,None apparent,Dark - roadway lighted,Dry,Cloudy,None apparent,Non-intersection:  Non-junction/no special feature,Paved,N/A,Property Damage Only,0,0,0,0,0,0,5000,2,2,Eastbound (EB),POINT (-92.356685626532 42.484270719716)
20211210161,21-612,01/07/2021,01-January,5-Thursday,07:05,0700 Hours,District 1 (Central),NEWTON,JASPER,77,W 7TH ST S,Collision with:  Vehicle in traffic,On Roadway,"Sideswipe, same direction",Unknown,None Indicated,None apparent,Daylight,Dry,"Fog, smoke, smog",None apparent,Intersection:  T-intersection,Paved,N/A,Property Damage Only,0,0,0,0,0,0,2550,2,1,Northbound (NB),POINT (-93.06167421515 41.695376822643)
20211210774,2021-1710,01/08/2021,01-January,6-Friday,09:20,0900 Hours,District 6 (East Central),DAVENPORT,SCOTT,IA-461,STATE 461/BRADY ST,Collision with:  Vehicle in traffic,On Roadway,Rear-end (front to rear),Followed too close,None Indicated,None apparent,Daylight,Dry,Cloudy,None apparent,Intersection:  Four-way intersection,Paved,N/A,Property Damage Only,0,0,0,0,0,0,3000,2,3,Northbound (NB),POINT (-90.567895604398 41.567385953094)
20211210191,2021-1979,01/09/2021,01-January,7-Saturday,12:11,1200 Hours,District 6 (East Central),DAVENPORT,SCOTT,77,VINE ST AND W 9 1/2 ST,Collision with:  Vehicle in traffic,On Roadway,Broadside (front to side),Driving too fast for conditions,None Indicated,None apparent,Daylight,Ice/frost,Cloudy,"Surface condition (e.g., wet, icy)",Non-intersection:  Alley,Paved,N/A,Property Damage Only,0,0,0,0,0,0,4000,2,2,Northbound (NB),POINT (-90.587382061663 41.52939340484)
20211210905,21-000067BP,01/09/2021,01-January,7-Saturday,03:41,0300 Hours,District 6 (East Central),,BENTON,77,E066/77 ST,Collision with fixed object:  Fence,Roadside,Non-collision (single vehicle),Ran off road - right,None Indicated,None apparent,Dark - roadway not lighted,Dry,Clear,None apparent,Non-intersection:  Non-junction/no special feature,Paved,N/A,Minor Injury,0,1,0,1,0,0,1700,1,1,Southbound (SB),POINT (-92.163669308842 41.906029348344)
20211222215,2021-000090,01/10/2021,01-January,1-Sunday,05:16,0500 Hours,District 6 (East Central),,DUBUQUE,US 52,US 52,Collision with:  Animal,On Roadway,Non-collision (single vehicle),Animal,None Indicated,None apparent,Dark - roadway not lighted,Dry,Clear,None apparent,Non-intersection:  Non-junction/no special feature,Paved,N/A,Possible/Unknown,0,1,0,0,1,0,5000,1,1,Northbound (NB),POINT (-90.636272820695 42.436094155537)
20211221586,21-629,01/11/2021,01-January,2-Monday,03:14,0300 Hours,District 5 (Southeast),,MARION,77,T015/HWY T15,Collision with fixed object:  Ditch,Shoulder,Non-collision (single vehicle),Ran off road - left,None Indicated,None apparent,Dark - roadway lighted,Dry,Clear,None apparent,Intersection:  T-intersection,Paved,N/A,Property Damage Only,0,0,0,0,0,0,2200,1,1,Northbound (NB),POINT (-93.024047595857 41.340363157723)
20211210978,202000645,01/12/2021,01-January,3-Tuesday,09:59,0900 Hours,District 6 (East Central),CEDAR RAPIDS,LINN,I-380,700 BLK OF SB INTERSTATE 380/I 380 NE,Collision with:  Vehicle in traffic,On Roadway,"Sideswipe, same direction",Lost Control,None Indicated,Weather conditions,Daylight,Wet,Clear,"Surface condition (e.g., wet, icy)",Interchange-related:  On-ramp merge area,Paved,N/A,Property Damage Only,0,0,0,0,0,0,20500,2,6,Eastbound (EB),POINT (-91.664694151804 41.983783182309)
20211211239,SOP202100035,01/13/2021,01-January,4-Wednesday,06:11,0600 Hours,District 6 (East Central),,IOWA,77,US 151/42ND AVE AND F020/220TH TRL AND STATE 220/220TH TRL,Collision with:  Vehicle in traffic,On Roadway,Rear-end (front to rear),Followed too close,None Indicated,None apparent,Dark - roadway not lighted,Wet,Cloudy,None apparent,Intersection:  Four-way intersection,Paved,N/A,Property Damage Only,0,0,0,0,0,0,2600,2,2,Southbound (SB),POINT (-91.8745094486 41.801675265679)
20211221478,CLP21000083,01/13/2021,01-January,4-Wednesday,21:34,2100 Hours,District 6 (East Central),CLINTON,CLINTON,77,8TH AVE N MEASURING 162 FEET WEST FROM 8TH AVE N AND N 12TH ST,Collision with:  Parked motor vehicle,Roadside,"Sideswipe, same direction",Lost Control,None Indicated,None apparent,Dark - roadway not lighted,Ice/frost,Clear,"Surface condition (e.g., wet, icy)",Non-intersection:  Non-junction/no special feature,Paved,N/A,Property Damage Only,0,0,0,0,0,0,3000,2,1,Southbound (SB),POINT (-90.21439131041 41.852952083268)
20211222655,21-000950,01/14/2021,01-January,5-Thursday,18:30,1800 Hours,District 2 (Northeast),FAYETTE,FAYETTE,77,WATER ST/ WASHINGTON ST,Collision with:  Animal,On Roadway,Non-collision (single vehicle),Animal,None Indicated,Animal in roadway,N/A,N/A,N/A,None apparent,Non-intersection:  Non-junction/no special feature,Paved,N/A,Property Damage Only,0,0,0,0,0,0,1500,1,1,Southbound (SB),POINT (-91.800866212887 42.844551013413)
20211222203,202100808,01/14/2021,01-January,5-Thursday,21:29,2100 Hours,District 6 (East Central),CEDAR RAPIDS,LINN,77,INTERSTATE 380/I 380 AND WRIGHT BROTHERS BLVD SW,Collision with fixed object:  Guardrail - face,On Roadway,Non-collision (single vehicle),Lost Control,None Indicated,Weather conditions,Dark - roadway not lighted,Ice/frost,Snow,"Surface condition (e.g., wet, icy)",Non-intersection:  Non-junction/no special feature,Paved,N/A,Property Damage Only,0,0,0,0,0,0,5500,1,1,Southbound (SB),POINT (-91.670926891417 41.89065622577)
20211211228,21-000537,01/15/2021,01-January,6-Friday,10:55,1000 Hours,District 4 (Southwest),COUNCIL BLUFFS,POTTAWATTAMIE,I-29,46.2 MM INTERSTATE 29/I 29,Non-collision events:  Jackknife,On Roadway,Non-collision (single vehicle),Lost Control,None Indicated,Weather conditions,Daylight,Snow,Snow,"Surface condition (e.g., wet, icy)",Non-intersection:  Non-junction/no special feature,Paved,N/A,Property Damage Only,0,0,0,0,0,0,4000,1,1,Northbound (NB),POINT (-95.823491228587 41.196546162341)
20211211163,2021000318,01/15/2021,01-January,6-Friday,06:57,0600 Hours,District 6 (East Central),IOWA CITY,JOHNSON,77,STATE 1/E BURLINGTON ST AND S GILBERT ST,Collision with:  Vehicle in traffic,On Roadway,Broadside (front to side),Ran Traffic Signal,None Indicated,None apparent,Dawn,Slush,Cloudy,None apparent,Intersection:  Four-way intersection,Paved,N/A,Property Damage Only,0,0,0,0,0,0,5000,2,2,Northbound (NB),POINT (-91.530174093427 41.657838131668)
20211221162,2101168021,01/16/2021,01-January,7-Saturday,22:55,2200 Hours,District 6 (East Central),,CLINTON,US 67,US 67 MEASURING 940 FEET SOUTH FROM US 67 AND 180 ST,Collision with:  Animal,Unknown,N/A,Animal,None Indicated,N/A,N/A,N/A,N/A,N/A,N/A,Paved,N/A,Property Damage Only,0,0,0,0,0,0,4000,1,1,Northbound (NB),POINT (-90.193980921503 41.91554853033)
20211221212,21-00253,01/17/2021,01-January,1-Sunday,09:17,0900 Hours,District 1 (Central),WEST DES MOINES,POLK,77,S 51ST ST AND MILLS CIVIC PKWY,Collision with:  Vehicle in traffic,On Roadway,Broadside (front to side),Driving too fast for conditions,None Indicated,Weather conditions,Daylight,Snow,Snow,"Surface condition (e.g., wet, icy)",Intersection:  Four-way intersection,Paved,N/A,Property Damage Only,0,0,0,0,0,0,4000,2,4,Northbound (NB),POINT (-93.772781999024 41.559191975717)
20211221207,20210001587,01/17/2021,01-January,1-Sunday,01:00,0100 Hours,District 1 (Central),DES MOINES,POLK,77,SHERRICK AVE MEASURING 494 FEET WEST FROM SHERRICK AVE AND 62ND ST,Collision with:  Parked motor vehicle,In parking lane/zone,"Sideswipe, same direction",Unknown,None Indicated,None apparent,Dark - unknown roadway lighting,Unknown,Unknown,"Surface condition (e.g., wet, icy)",Non-intersection:  Other non-intersection (explain in narrative),Paved,N/A,Property Damage Only,0,0,0,0,0,0,1500,2,1,Southbound (SB),POINT (-93.704393447785 41.621267741575)
20211221756,20-011901,01/18/2021,01-January,2-Monday,21:40,2100 Hours,District 4 (Southwest),SHENANDOAH,PAGE,77,W THOMAS AVE,Collision with:  Parked motor vehicle,In parking lane/zone,Broadside (front to side),Driver Distraction:  Other interior distraction,None Indicated,None apparent,Dark - roadway lighted,Dry,Clear,None apparent,Non-intersection:  Non-junction/no special feature,Paved,N/A,Property Damage Only,0,0,0,0,0,0,6500,2,1,Southbound (SB),POINT (-95.376214655139 40.764992922689)
20211221726,21-00979,01/19/2021,01-January,3-Tuesday,23:18,2300 Hours,District 1 (Central),,TAMA,77,2800 BLOCK HWY T47,Collision with fixed object:  Ditch,Roadside,Non-collision (single vehicle),Driving too fast for conditions,None Indicated,Weather conditions,Dark - roadway not lighted,Ice/frost,Severe winds,"Slippery, loose, or worn surface",Non-intersection:  Non-junction/no special feature,Paved,N/A,Property Damage Only,0,0,0,0,0,0,30000,1,1,Northbound (NB),POINT (-92.688312568381 42.022820960502)
20211221644,21-000671,01/19/2021,01-January,3-Tuesday,12:10,1200 Hours,District 4 (Southwest),COUNCIL BLUFFS,POTTAWATTAMIE,77,3300 BLK S EXPRESSWAY,Collision with:  Vehicle in traffic,On Roadway,"Sideswipe, same direction",Improper or erratic lane changing,None Indicated,None apparent,Daylight,Dry,Cloudy,None apparent,Non-intersection:  Non-junction/no special feature,Unpaved,N/A,Property Damage Only,0,0,0,0,0,0,2600,2,2,Northbound (NB),POINT (-95.850856373525 41.226187087376)
20211222192,21002058,01/20/2021,01-January,4-Wednesday,00:01,0000 Hours,District 1 (Central),,JASPER,77,13200 BLK HWY F-70 W,Collision with fixed object:  Fence,Roadside,Non-collision (single vehicle),Ran off road - right,None Indicated,Unknown,Dark - roadway not lighted,Unknown,Unknown,Unknown,Non-intersection:  Non-junction/no special feature,Paved,N/A,Property Damage Only,0,0,0,0,0,0,3500,1,1,Southbound (SB),POINT (-93.308315573319 41.522445593831)
20211221835,2021001463,01/20/2021,01-January,4-Wednesday,05:33,0500 Hours,District 6 (East Central),,SCOTT,77,10000 BLK 200 ST,Collision with:  Other non-fixed object (explain in narrative),On Roadway,Non-collision (single vehicle),Other (explain in narrative):  No improper action,None Indicated,None apparent,Dark - roadway not lighted,Dry,Cloudy,Debris,Non-intersection:  Non-junction/no special feature,Paved,N/A,Property Damage Only,0,0,0,0,0,0,2000,1,1,Southbound (SB),POINT (-90.693911551831 41.59642673291)
20211222046,21000616,01/21/2021,01-January,5-Thursday,11:38,1100 Hours,District 2 (Northeast),BELMOND,WRIGHT,US 69,US 69/RIVER AVE S,Collision with:  Animal,Unknown,N/A,Animal,None Indicated,N/A,N/A,N/A,N/A,N/A,N/A,Paved,N/A,Property Damage Only,0,0,0,0,0,0,2000,1,1,Northbound (NB),POINT (-93.616860495285 42.839533216953)
20211222261,21001506,01/22/2021,01-January,6-Friday,08:19,0800 Hours,District 6 (East Central),MARION,LINN,77,500-BLK 15TH ST,Collision with:  Vehicle in traffic,On Roadway,Broadside (front to side),FTYROW:  From stop sign,None Indicated,None apparent,Daylight,Dry,Clear,None apparent,Intersection:  Four-way intersection,Paved,N/A,Property Damage Only,0,0,0,0,0,0,5500,2,2,Northbound (NB),POINT (-91.593946729732 42.031374582575)
20211227460,21-1485,01/23/2021,01-January,7-Saturday,22:25,2200 Hours,District 5 (Southeast),,MARION,77,T014/HWY T14,Collision with fixed object:  Embankment,Shoulder,Non-collision (single vehicle),Ran off road - straight,None Indicated,Weather conditions,Dark - roadway lighted,Snow,Blowing snow,"Surface condition (e.g., wet, icy)",Non-intersection:  Non-junction/no special feature,Paved,N/A,Property Damage Only,0,0,0,0,0,0,15300,1,4,Northbound (NB),POINT (-92.920868768697 41.495196823872)
20211222651,2021-02073,01/23/2021,01-January,7-Saturday,18:47,1800 Hours,District 5 (Southeast),,WARREN,77,210TH AVE,Collision with:  Animal,Unknown,N/A,Animal,None Indicated,N/A,N/A,N/A,N/A,N/A,N/A,Unpaved,N/A,Property Damage Only,0,0,0,0,0,0,1500,1,2,Northbound (NB),POINT (-93.405316312571 41.361180300201)
20211222473,20210002312,01/24/2021,01-January,1-Sunday,18:20,1800 Hours,District 1 (Central),DES MOINES,POLK,77,US 69/PROPOSED E 15TH AND MAURY ST AND SE 15TH ST,Collision with:  Vehicle in traffic,On Roadway,Rear-end (front to rear),"Operating vehicle in an reckless, erratic, careless, negligent manner",None Indicated,None apparent,Dark - roadway lighted,Dry,Clear,None apparent,Intersection:  Four-way intersection,Paved,N/A,Property Damage Only,0,0,0,0,0,0,3000,2,2,Northbound (NB),POINT (-93.594371896189 41.581221582892)
20211222739,21-2482,01/25/2021,01-January,2-Monday,13:05,1300 Hours,District 3 (Northwest),SIOUX CITY,WOODBURY,77,SOUTHBRIDGE DR 6200 BLOCK,Collision with fixed object:  Utility pole/light support,Roadside,Non-collision (single vehicle),Driving too fast for conditions,None Indicated,Weather conditions,Daylight,Snow,Snow,"Surface condition (e.g., wet, icy)",Non-intersection:  Other non-intersection (explain in narrative),Paved,N/A,Property Damage Only,0,0,0,0,0,0,3500,1,2,Northbound (NB),POINT (-96.371728123717 42.399240327861)
20211222780,2021001948,01/25/2021,01-January,2-Monday,13:55,1300 Hours,District 5 (Southeast),,WARREN,IA-92,HWY 92 AT 50TH AVE,Collision with:  Vehicle in traffic,On Roadway,Rear-end (front to rear),Lost Control,None Indicated,Weather conditions,Daylight,Ice/frost,Snow,"Surface condition (e.g., wet, icy)",Intersection:  Four-way intersection,Paved,N/A,Property Damage Only,0,0,0,0,0,0,5500,2,2,Southbound (SB),POINT (-93.71195785806 41.366546549121)
20211222935,20210002449,01/26/2021,01-January,3-Tuesday,12:26,1200 Hours,District 1 (Central),DES MOINES,POLK,77,US 6/E EUCLID AVE AND E 28TH ST,Collision with fixed object:  Other post/pole/support (explain in narrative),On Roadway,Non-collision (single vehicle),Driving too fast for conditions,None Indicated,None apparent,Daylight,Wet,Cloudy,"Surface condition (e.g., wet, icy)",Intersection:  Four-way intersection,Paved,N/A,Property Damage Only,0,0,0,0,0,0,4500,1,1,Northbound (NB),POINT (-93.564017951197 41.627698715495)
20211223356,21-000929,01/27/2021,01-January,4-Wednesday,18:30,1800 Hours,District 2 (Northeast),FOREST CITY,HANCOCK,US 69,US 69,Collision with fixed object:  Building,Other (explain in narrative),Non-collision (single vehicle),Other (explain in narrative):  Improper operation,None Indicated,None apparent,Dark - roadway not lighted,Snow,Clear,None apparent,Non-intersection:  Non-junction/no special feature,Paved,N/A,Property Damage Only,0,0,0,0,0,0,1550,1,4,Northbound (NB),POINT (-93.636901561625 43.245152086721)
20211230590,,01/27/2021,01-January,4-Wednesday,10:31,1000 Hours,District 6 (East Central),DAVENPORT,SCOTT,77,ELMORE AVE,Collision with:  Vehicle in traffic,On Roadway,Other (explain in narrative),Other (explain in narrative):  Other,None Indicated,None apparent,Daylight,Dry,Cloudy,None apparent,Non-intersection:  Non-junction/no special feature,Paved,N/A,Property Damage Only,0,0,0,0,0,0,2405,2,3,Northbound (NB),POINT (-90.527298895163 41.555180597478)
20211223449,2021-6411,01/28/2021,01-January,5-Thursday,12:57,1200 Hours,District 6 (East Central),DAVENPORT,SCOTT,77,W LOCUST ST MEASURING 94 FEET EAST FROM WASHINGTON ST AND W LOCUST ST,Collision with:  Vehicle in traffic,On Roadway,Broadside (front to side),Swerving/Evasive Action,None Indicated,None apparent,Daylight,Dry,Clear,None apparent,"Non-intersection:  Driveway access (related, not in)",Paved,N/A,Property Damage Only,0,0,0,0,0,0,10497,2,2,Southbound (SB),POINT (-90.595874826885 41.53826256875)
20211223618,2021-6681,01/29/2021,01-January,6-Friday,16:14,1600 Hours,District 6 (East Central),DAVENPORT,SCOTT,US 6,US 6/E KIMBERLY RD MEASURING 333 FEET WEST FROM US 6/E KIMBERLY RD AND US 6/KIMBERLY RD AND STATE 461/BRADY ST,Collision with:  Vehicle in traffic,On Roadway,Rear-end (front to rear),Followed too close,None Indicated,None apparent,Daylight,Dry,Clear,None apparent,Non-intersection:  Non-junction/no special feature,Paved,N/A,Possible/Unknown,0,1,0,0,1,0,7970,2,2,Westbound (WB),POINT (-90.56941906717 41.560339178701)
20211224697,21-007949,01/29/2021,01-January,6-Friday,23:00,2300 Hours,District 2 (Northeast),,BLACK HAWK,US 218,US 218,Other (explain in narrative),Other (explain in narrative),Non-collision (single vehicle),Other (explain in narrative):  Other,None Indicated,None apparent,Dark - roadway not lighted,Snow,Clear,None apparent,Intersection:  Shared use path or trail,Paved,N/A,Major Injury,0,1,1,0,0,0,2000,1,1,Northbound (NB),POINT (-92.27528534761 42.419996183698)
20211223651,20210002883,01/30/2021,01-January,7-Saturday,13:20,1300 Hours,District 1 (Central),DES MOINES,POLK,77,US 69/SE 14TH ST AND E KENYON AVE,Collision with:  Vehicle in traffic,On Roadway,Rear-end (front to rear),Followed too close,Alcohol (Statutory),Weather conditions,Daylight,Wet,Freezing rain/drizzle,"Surface condition (e.g., wet, icy)",Non-intersection:  Non-junction/no special feature,Paved,N/A,Property Damage Only,0,0,0,0,0,0,4000,2,2,Southbound (SB),POINT (-93.596817277479 41.535397771984)