Iowa DOT Case Number,Law Enforcement Case Number,Date of Crash,Month of Crash,Day of Week,Time of Crash,Hour,DOT District,City Name,County Name,Route with System,Location Description,First Harmful Event,Location of First Harmful Event,Manner of Crash/Collision,Major Cause,Drug or Alcohol ,Environmental Conditions,Light Conditions,Surface Conditions,Weather Conditions,Roadway Contribution,Roadway Type,Roadway Surface,Work Zone,Crash Severity,Number of Fatalities,Number of Injuries,Number of Major Injuries,Number of Minor Injuries,Number of Possible Injuries,Number of Unknown Injuries,Amount of Property Damage,Number of Vehicles Involved,Total Number of Occupants,Travel Direction,Location
20211223821,21-000850,01/30/2021,01-January,7-Saturday,18:05,1800 Hours,District 4 (Southwest),RED OAK,MONTGOMERY,77,8TH ST,Collision with:  Vehicle in traffic,On Roadway,Broadside (front to side),FTYROW:  From stop sign,None Indicated,None apparent,Dark - roadway not lighted,Wet,Cloudy,None apparent,Intersection:  Four-way intersection,Paved,N/A,Property Damage Only,0,0,0,0,0,0,21937,2,3,Northbound (NB),POINT (-95.22337803256 41.025850592829)
20211223735,21-000521,01/31/2021,01-January,1-Sunday,09:46,0900 Hours,District 1 (Central),ANKENY,POLK,77,NE 36TH ST AND NE DELAWARE AVE,Collision with:  Vehicle in traffic,On Roadway,Broadside (front to side),Ran Traffic Signal,None Indicated,None apparent,Daylight,Wet,Cloudy,None apparent,Intersection:  Four-way intersection,Paved,N/A,Possible/Unknown,0,1,0,0,1,0,40000,2,2,Northbound (NB),POINT (-93.58108574756 41.760855656054)
20211224034,20210003111,02/01/2021,02-February,2-Monday,22:25,2200 Hours,District 1 (Central),DES MOINES,POLK,77,COTTAGE GROVE AVE MEASURING 322 FEET EAST FROM COTTAGE GROVE AVE AND 35TH ST,Collision with:  Parked motor vehicle,On Roadway,Rear-end (front to rear),Driver Distraction:  Passenger,None Indicated,None apparent,Dark - roadway lighted,Dry,Clear,None apparent,Non-intersection:  Non-junction/no special feature,Paved,N/A,Property Damage Only,0,0,0,0,0,0,9000,2,2,Southbound (SB),POINT (-93.663011575058 41.598500444958)
20211224281,2021-000754,02/02/2021,02-February,3-Tuesday,14:30,1400 Hours,District 6 (East Central),DUBUQUE,DUBUQUE,77,ASBURY RD AND GREEN ST,Collision with:  Vehicle in traffic,On Roadway,Rear-end (front to rear),Lost Control,None Indicated,None apparent,Daylight,Dry,Cloudy,None apparent,Non-intersection:  Non-junction/no special feature,Paved,N/A,Property Damage Only,0,0,0,0,0,0,2500,2,3,Northbound (NB),POINT (-90.697677342502 42.502146537057)
20211226348,2021002767,02/03/2021,02-February,4-Wednesday,13:27,1300 Hours,District 4 (Southwest),,CASS,I-80,I80 WB 71MM,Collision with fixed object:  Cable barrier,On Roadway,Non-collision (single vehicle),Towing Improperly,None Indicated,None apparent,Daylight,Dry,Clear,None apparent,Non-intersection:  Non-junction/no special feature,Paved,N/A,Property Damage Only,0,0,0,0,0,0,21576,1,1,Westbound (WB),POINT (-94.75070848004 41.496796095563)
20211224398,21001009,02/03/2021,02-February,4-Wednesday,17:11,1700 Hours,District 5 (Southeast),ALBIA,MONROE,IA-5,STATE 5/IOWA 5,Collision with:  Vehicle in traffic,On Roadway,Broadside (front to side),FTYROW:  At uncontrolled intersection,None Indicated,None apparent,Daylight,Dry,Clear,None apparent,Intersection:  Other intersection (explain in narrative),Paved,N/A,Property Damage Only,0,0,0,0,0,0,3000,2,3,Northbound (NB),POINT (-92.809122747301 41.016785870444)
20211230211,2021002983,02/04/2021,02-February,5-Thursday,10:30,1000 Hours,District 1 (Central),,JASPER,I-80,WB I-80 175MM,Collision with:  Vehicle in traffic,On Roadway,Rear-end (front to rear),Driving too fast for conditions,None Indicated,Weather conditions,Daylight,Snow,Blowing snow,"Surface condition (e.g., wet, icy)",Non-intersection:  Non-junction/no special feature,Paved,N/A,Property Damage Only,0,0,0,0,0,0,10500,2,2,Westbound (WB),POINT (-92.87344115865 41.690126561915)
20211238341,,02/04/2021,02-February,5-Thursday,08:40,0800 Hours,District 1 (Central),DES MOINES,POLK,77,SW 31ST ST and PARK AVE measuring 25 Feet East from SW 31ST ST and PARK AVE,Collision with:  Vehicle in traffic,On Roadway,Head-on (front to front),Unknown,None Indicated,N/A,Daylight,Snow,Snow,N/A,Non-intersection:  Non-junction/no special feature,Paved,N/A,Property Damage Only,0,0,0,0,0,0,2806,2,2,Southbound (SB),POINT (-93.659346424445 41.555520860168)
20211224755,2021000770,02/04/2021,02-February,5-Thursday,11:20,1100 Hours,District 6 (East Central),IOWA CITY,JOHNSON,IA-1,STATE 1/E BURLINGTON ST,Collision with:  Vehicle in traffic,On Roadway,Rear-end (front to rear),Driving too fast for conditions,None Indicated,Weather conditions,Daylight,Snow,Snow,"Surface condition (e.g., wet, icy)",Non-intersection:  Non-junction/no special feature,Paved,N/A,Property Damage Only,0,0,0,0,0,0,2500,2,2,Northbound (NB),POINT (-91.537199011476 41.657882732723)
20211224588,21-3621,02/04/2021,02-February,5-Thursday,05:45,0500 Hours,District 1 (Central),,JASPER,77,T012/HWY T-12 N,Collision with:  Animal,On Roadway,Non-collision (single vehicle),Animal,None Indicated,Animal in roadway,N/A,N/A,N/A,None apparent,Non-intersection:  Non-junction/no special feature,Paved,N/A,Property Damage Only,0,0,0,0,0,0,7000,1,1,Northbound (NB),POINT (-92.999903770001 41.755137466078)
20211225508,2100100,02/05/2021,02-February,6-Friday,18:27,1800 Hours,District 3 (Northwest),EMMETSBURG,PALO ALTO,77,14TH ST AND LAWLER ST,Collision with:  Vehicle in traffic,On Roadway,Broadside (front to side),Driving too fast for conditions,None Indicated,None apparent,Dark - roadway not lighted,Ice/frost,Clear,"Surface condition (e.g., wet, icy)",Non-intersection:  Non-junction/no special feature,Paved,N/A,Property Damage Only,0,0,0,0,0,0,1500,2,2,Southbound (SB),POINT (-94.682721307749 43.107421038281)
20211225233,2021-000394,02/05/2021,02-February,6-Friday,11:15,1100 Hours,District 6 (East Central),,DUBUQUE,US 992,US 20,Collision with:  Vehicle in traffic,Shoulder,Other (explain in narrative),Ran off road - right,None Indicated,Weather conditions,Daylight,Ice/frost,Clear,"Surface condition (e.g., wet, icy)",Non-intersection:  Non-junction/no special feature,Unpaved,N/A,Possible/Unknown,0,1,0,0,1,0,19000,2,2,Southbound (SB),POINT (-90.776676369873 42.454997406084)
20211224855,W21-009866,02/05/2021,02-February,6-Friday,16:43,1600 Hours,District 2 (Northeast),WATERLOO,BLACK HAWK,77,FRONTAGE RD AND KIMBALL AVE,Collision with:  Vehicle in traffic,On Roadway,Broadside (front to side),FTYROW:  From driveway,None Indicated,None apparent,Daylight,Ice/frost,Clear,None apparent,"Non-intersection:  Driveway access (related, not in)",Paved,N/A,Property Damage Only,0,0,0,0,0,0,12000,2,2,Northbound (NB),POINT (-92.356972074123 42.468178844213)
20211225275,2021003139,02/06/2021,02-February,7-Saturday,11:10,1100 Hours,District 1 (Central),,POLK,I-35,INTERSTATE 35 SB 97.2 MM,Collision with fixed object:  Cable barrier,Median,Non-collision (single vehicle),Ran off road - left,None Indicated,Weather conditions,Daylight,Snow,Blowing snow,"Surface condition (e.g., wet, icy)",Non-intersection:  Non-junction/no special feature,Paved,N/A,Property Damage Only,0,0,0,0,0,0,2600,1,1,Northbound (NB),POINT (-93.570367845497 41.797585721397)
20211229870,PD2100856,02/06/2021,02-February,7-Saturday,15:08,1500 Hours,District 5 (Southeast),FAIRFIELD,JEFFERSON,77,W GRIMES AVE,Collision with:  Vehicle in traffic,On Roadway,Broadside (front to side),FTYROW:  From stop sign,None Indicated,None apparent,Daylight,Snow,Cloudy,None apparent,Intersection:  Four-way intersection,Paved,N/A,Property Damage Only,0,0,0,0,0,0,10000,2,2,Southbound (SB),POINT (-91.978550795875 41.010075759315)
20211226463,21010427,02/07/2021,02-February,1-Sunday,17:32,1700 Hours,District 2 (Northeast),CEDAR FALLS,BLACK HAWK,77,ALGONQUN DR/GREENHILL RD,Collision with:  Vehicle in traffic,On Roadway,Broadside (front to side),Driving too fast for conditions,None Indicated,None apparent,Dusk,Snow,Clear,None apparent,Intersection:  T-intersection,Paved,N/A,Property Damage Only,0,0,0,0,0,0,2500,2,2,Northbound (NB),POINT (-92.461130469184 42.498417233792)
20211225368,20210003695,02/07/2021,02-February,1-Sunday,21:18,2100 Hours,District 1 (Central),DES MOINES,POLK,77,EASTON BLVD AND E 40TH CT,Collision with:  Vehicle in traffic,On Roadway,Rear-end (front to rear),Lost Control,None Indicated,None apparent,Dark - roadway lighted,Snow,Snow,None apparent,Intersection:  Four-way intersection,Paved,N/A,Possible/Unknown,0,1,0,0,0,1,2700,2,5,Northbound (NB),POINT (-93.536482339256 41.615112331463)
20211225453,FD21-0287,02/08/2021,02-February,2-Monday,15:20,1500 Hours,District 1 (Central),FORT DODGE,WEBSTER,77,2ND AVE N AND N 17TH ST,Collision with:  Vehicle in traffic,On Roadway,Broadside (front to side),Driving too fast for conditions,None Indicated,None apparent,Daylight,Ice/frost,Clear,"Surface condition (e.g., wet, icy)",Intersection:  Four-way intersection,Paved,N/A,Property Damage Only,0,0,0,0,0,0,4000,2,2,Northbound (NB),POINT (-94.174987459909 42.508303947609)
20211225622,21-04010,02/08/2021,02-February,2-Monday,16:06,1600 Hours,District 5 (Southeast),BURLINGTON,DES MOINES,77,WASHINGTON ST AND MAIN ST,Collision with fixed object:  Traffic sign support,Outside trafficway,Non-collision (single vehicle),Ran off road - right,None Indicated,None apparent,Daylight,Snow,Cloudy,None apparent,Non-intersection:  Non-junction/no special feature,Paved,N/A,Possible/Unknown,0,1,0,0,1,0,4300,1,1,Southbound (SB),POINT (-91.101254673659 40.810583399792)
20211225407,21-000690,02/08/2021,02-February,2-Monday,12:15,1200 Hours,District 1 (Central),ANKENY,POLK,77,W 1ST ST AND SW LINDEN ST AND NW LINDEN ST,Collision with fixed object:  Utility pole/light support,Shoulder,Non-collision (single vehicle),Other (explain in narrative):  Other,None Indicated,None apparent,Daylight,Snow,Snow,"Surface condition (e.g., wet, icy)",Non-intersection:  Non-junction/no special feature,Paved,N/A,Property Damage Only,0,0,0,0,0,0,5100,1,1,Southbound (SB),POINT (-93.629426205836 41.731823619134)
20211225866,2021003429,02/09/2021,02-February,3-Tuesday,08:55,0800 Hours,District 6 (East Central),,JOHNSON,I-380,INTERSTATE 380 6MM,Collision with:  Vehicle in traffic,On Roadway,Rear-end (front to rear),Driving too fast for conditions,None Indicated,None apparent,Daylight,Ice/frost,Clear,"Surface condition (e.g., wet, icy)",Non-intersection:  Non-junction/no special feature,Paved,N/A,Possible/Unknown,0,1,0,0,1,0,13600,3,4,Northbound (NB),POINT (-91.646660965651 41.780996085411)
20211225972,21-001940,02/09/2021,02-February,3-Tuesday,16:48,1600 Hours,District 2 (Northeast),NEW HAMPTON,CHICKASAW,77,STATE 24/E MAIN ST AND S WATER AVE AND N WATER AVE,Collision with:  Vehicle in traffic,On Roadway,"Angle, oncoming left turn",FTYROW:  Making left turn,None Indicated,None apparent,Daylight,Wet,Clear,None apparent,Intersection:  T-intersection,Paved,N/A,Possible/Unknown,0,1,0,0,0,1,10000,2,3,Northbound (NB),POINT (-92.312882234464 43.05934443439)
20211227743,21011191,02/10/2021,02-February,4-Wednesday,16:11,1600 Hours,District 2 (Northeast),CEDAR FALLS,BLACK HAWK,US 218,US 218/SPECIAL CASE,Collision with fixed object:  Bridge/bridge rail parapet,On Roadway,Non-collision (single vehicle),Other (explain in narrative):  Other,None Indicated,None apparent,Daylight,Dry,Clear,None apparent,Non-intersection:  Non-junction/no special feature,Paved,N/A,Possible/Unknown,0,1,0,0,1,0,3000,1,1,Northbound (NB),POINT (-92.428765503495 42.537687930668)
20211266407,,02/10/2021,02-February,4-Wednesday,14:04,1400 Hours,District 6 (East Central),CEDAR RAPIDS,LINN,77,SB/WB EDGEWOOD RD SW,Collision with:  Vehicle in traffic,On Roadway,Rear-end (front to rear),Lost Control,None Indicated,None apparent,Daylight,Slush,Clear,"Surface condition (e.g., wet, icy)",Intersection:  Four-way intersection,Paved,N/A,Property Damage Only,0,0,0,0,0,0,2975,2,2,Northbound (NB),POINT (-91.716096477302 41.951802244705)
20211226221,21018961,02/11/2021,02-February,5-Thursday,14:25,1400 Hours,District 5 (Southeast),,JOHNSON,77,X014/WAPSI AVE,Collision with:  Vehicle in traffic,On Roadway,Rear-end (front to rear),Followed too close,None Indicated,Weather conditions,Daylight,Ice/frost,Cloudy,"Surface condition (e.g., wet, icy)",Non-intersection:  Non-junction/no special feature,Paved,N/A,Property Damage Only,0,0,0,0,0,0,3500,2,3,Northbound (NB),POINT (-91.411002315821 41.426079076967)
20211226166,2021003553,02/11/2021,02-February,5-Thursday,07:47,0700 Hours,District 1 (Central),,WARREN,IA-5,NB STATE 5/IOWA 5 AT 178TH LN,Collision with:  Vehicle in traffic,On Roadway,Rear-end (front to rear),Driver Distraction:  Other electronic device activity,None Indicated,None apparent,Daylight,Dry,Cloudy,None apparent,Non-intersection:  Crossover-related,Paved,N/A,Minor Injury,0,1,0,1,0,0,7000,2,6,Eastbound (EB),POINT (-93.465959693634 41.488866737565)
20211227477,21-004384,02/12/2021,02-February,6-Friday,07:18,0700 Hours,District 5 (Southeast),WEST BURLINGTON,DES MOINES,77,W BURLINGTON AVE AND MT PLEASANT ST AND NW BURLINGTON AVE,Collision with:  Vehicle in traffic,On Roadway,Rear-end (front to rear),Lost Control,None Indicated,None apparent,Daylight,Snow,Cloudy,None apparent,Intersection:  Four-way intersection,Paved,N/A,Property Damage Only,0,0,0,0,0,0,4000,2,2,Northbound (NB),POINT (-91.151023698476 40.825975641347)
20211227478,21-004401,02/12/2021,02-February,6-Friday,10:10,1000 Hours,District 5 (Southeast),WEST BURLINGTON,DES MOINES,US 34,US 34,Collision with fixed object:  Guardrail - face,Median,Non-collision (single vehicle),Ran off road - left,None Indicated,None apparent,Daylight,Snow,Cloudy,"Surface condition (e.g., wet, icy)",Non-intersection:  Non-junction/no special feature,Paved,N/A,Property Damage Only,0,0,0,0,0,0,11909,1,1,Southbound (SB),POINT (-91.150690551965 40.819187406961)
20211227225,21000981,02/12/2021,02-February,6-Friday,19:58,1900 Hours,District 1 (Central),,HAMILTON,77,D025/220TH ST,Collision with fixed object:  Ditch,On Roadway,Non-collision (single vehicle),Ran off road - left,None Indicated,Weather conditions,Dark - roadway lighted,Ice/frost,Blowing snow,"Surface condition (e.g., wet, icy)","Non-intersection:  Driveway access (related, not in)",Paved,N/A,Property Damage Only,0,0,0,0,0,0,2000,1,1,Southbound (SB),POINT (-93.573243842303 42.471079763255)
20211227664,2021003827,02/13/2021,02-February,7-Saturday,10:03,1000 Hours,District 1 (Central),URBANDALE,POLK,I-80,130.8MM I80 WB,Collision with fixed object:  Concrete traffic barrier (median or right side),Median,Non-collision (single vehicle),Driving too fast for conditions,None Indicated,None apparent,Daylight,Ice/frost,Cloudy,"Surface condition (e.g., wet, icy)",Non-intersection:  Non-junction/no special feature,Paved,N/A,Property Damage Only,0,0,0,0,0,0,3000,1,2,Southbound (SB),POINT (-93.706378929379 41.652501387664)
20211226633,21-002169,02/13/2021,02-February,7-Saturday,18:00,1800 Hours,District 2 (Northeast),NEW HAMPTON,CHICKASAW,77,S LINN AVE,Collision with:  Vehicle in traffic,On Roadway,Broadside (front to side),Ran Traffic Signal,None Indicated,None apparent,Dark - roadway lighted,Snow,Clear,"Surface condition (e.g., wet, icy)",Intersection:  Other intersection (explain in narrative),Paved,N/A,Property Damage Only,0,0,0,0,0,0,4000,2,2,Northbound (NB),POINT (-92.317840407522 43.057411017383)
20211227226,21001360,02/14/2021,02-February,1-Sunday,17:47,1700 Hours,District 5 (Southeast),ALBIA,MONROE,77,BENTON AVE E AND S 2ND ST AND N 2ND ST,Collision with:  Animal,On Roadway,Non-collision (single vehicle),Animal,None Indicated,Animal in roadway,Dusk,Snow,Cloudy,"Surface condition (e.g., wet, icy)",Non-intersection:  Non-junction/no special feature,Paved,N/A,Property Damage Only,0,0,0,0,0,0,3000,1,4,Northbound (NB),POINT (-92.805857419753 41.027112819377)
20211226775,20210004429,02/15/2021,02-February,2-Monday,00:47,0000 Hours,District 1 (Central),DES MOINES,POLK,US 69,MATTERN AVE AND US 69/E 14TH ST,Collision with:  Parked motor vehicle,On Roadway,Rear-end (front to rear),Unknown,None Indicated,Unknown,Dark - roadway lighted,Snow,Clear,Unknown,Non-intersection:  Non-junction/no special feature,Paved,N/A,Possible/Unknown,0,1,0,0,0,1,2000,2,1,Northbound (NB),POINT (-93.600541689952 41.611390808691)
20211227315,2021-4010,02/15/2021,02-February,2-Monday,17:18,1700 Hours,District 6 (East Central),BETTENDORF,SCOTT,77,UTICA RIDGE RD,Collision with:  Vehicle in traffic,On Roadway,Broadside (front to side),FTYROW:  From stop sign,None Indicated,Weather conditions,Daylight,Snow,Snow,"Surface condition (e.g., wet, icy)",Intersection:  T-intersection,Paved,N/A,Property Damage Only,0,0,0,0,0,0,3500,2,2,Northbound (NB),POINT (-90.517373173332 41.555750150129)
20211227472,202102444,02/16/2021,02-February,3-Tuesday,14:30,1400 Hours,District 6 (East Central),CEDAR RAPIDS,LINN,77,A AVE NE AND 8TH ST NE,Collision with:  Vehicle in traffic,On Roadway,"Sideswipe, same direction",Improper or erratic lane changing,None Indicated,None apparent,Daylight,Slush,Clear,None apparent,Intersection:  Intersection with ramp,Paved,N/A,Property Damage Only,0,0,0,0,0,0,4000,2,2,Northbound (NB),POINT (-91.662939518374 41.983411505554)
20211227360,21-000852,02/16/2021,02-February,3-Tuesday,16:58,1600 Hours,District 1 (Central),ANKENY,POLK,77,E 1ST ST AND SE SHARON DR,Collision with:  Vehicle in traffic,On Roadway,"Angle, oncoming left turn",Other (explain in narrative):  Other,None Indicated,None apparent,Daylight,Ice/frost,Clear,None apparent,Interchange-related:  Other interchange (explain in narrative),Paved,N/A,Property Damage Only,0,0,0,0,0,0,5000,2,2,Southbound (SB),POINT (-93.595313475235 41.731843290625)
20211227775,2021004102,02/17/2021,02-February,4-Wednesday,20:50,2000 Hours,District 4 (Southwest),,POTTAWATTAMIE,I-80,INTERSTATE 80/I 80 EB 21.5MM,Collision with:  Struck/struck by object/cargo/person from other vehicle,On Roadway,Other (explain in narrative),Equipment failure,None Indicated,None apparent,Dark - roadway not lighted,Wet,Snow,None apparent,Non-intersection:  Non-junction/no special feature,Paved,N/A,Property Damage Only,0,0,0,0,0,0,11000,2,2,Southbound (SB),POINT (-95.638445313867 41.422245375666)
20211227636,21-006300,02/18/2021,02-February,5-Thursday,07:47,0700 Hours,District 5 (Southeast),MUSCATINE,MUSCATINE,77,SPINNING WHEEL CT,Collision with:  Vehicle in traffic,On Roadway,Rear to side,Improper Backing,None Indicated,None apparent,Daylight,Ice/frost,Clear,None apparent,"Non-intersection:  Driveway access (related, not in)",Paved,N/A,Property Damage Only,0,0,0,0,0,0,6000,2,2,Northbound (NB),POINT (-91.082453187188 41.442912645323)
20211227750,21002602,02/18/2021,02-February,5-Thursday,04:56,0400 Hours,District 1 (Central),,TAMA,77,T047/HWY T47,Non-collision events:  Overturn/rollover,On Roadway,Non-collision (single vehicle),Ran off road - right,None Indicated,Weather conditions,Dark - roadway not lighted,Ice/frost,Snow,"Surface condition (e.g., wet, icy)",Non-intersection:  Non-junction/no special feature,Paved,N/A,Property Damage Only,0,0,0,0,0,0,2000,1,1,Northbound (NB),POINT (-92.688952632394 42.077339494996)
20211230474,202102556,02/19/2021,02-February,6-Friday,00:38,0000 Hours,District 6 (East Central),CEDAR RAPIDS,LINN,77,3200 BLK OAKLAND RD NE,Collision with fixed object:  Traffic sign support,Median,Non-collision (single vehicle),Driver Distraction:  Other interior distraction,None Indicated,None apparent,Dark - roadway lighted,Dry,Clear,None apparent,Non-intersection:  Non-junction/no special feature,Paved,N/A,Property Damage Only,0,0,0,0,0,0,2300,1,2,Northbound (NB),POINT (-91.658136644266 42.01092407559)
20211228045,21-0175,02/20/2021,02-February,7-Saturday,10:49,1000 Hours,District 1 (Central),PLEASANT HILL,POLK,77,1100 BLK NE 60TH ST,Collision with:  Vehicle in traffic,On Roadway,Rear-end (front to rear),Unknown,None Indicated,None apparent,Daylight,Dry,Clear,None apparent,Non-intersection:  Non-junction/no special feature,Paved,N/A,Property Damage Only,0,0,0,0,0,0,2000,2,3,Northbound (NB),POINT (-93.491607683754 41.599712440147)
20211228600,MC2100607,02/21/2021,02-February,1-Sunday,20:30,2000 Hours,District 2 (Northeast),MASON CITY,CERRO GORDO,77,S JEFFERSON AVE MEASURING 185 FEET SOUTH FROM S JEFFERSON AVE AND 27TH ST SW,Collision with:  Parked motor vehicle,On Roadway,"Sideswipe, same direction",Unknown,None Indicated,None apparent,Dark - roadway not lighted,Snow,Blowing snow,None apparent,Non-intersection:  Non-junction/no special feature,Paved,N/A,Property Damage Only,0,0,0,0,0,0,2550,2,1,Northbound (NB),POINT (-93.207298169989 43.125883936743)
20211228113,20210005059,02/21/2021,02-February,1-Sunday,14:06,1400 Hours,District 1 (Central),DES MOINES,POLK,77,E DIEHL AVE AND US 69/SE 14TH ST MEASURING 372 FEET NORTH FROM US 69/SE 14TH ST,Collision with:  Vehicle in traffic,On Roadway,"Sideswipe, same direction",Driving too fast for conditions,None Indicated,Weather conditions,Daylight,Snow,Snow,"Surface condition (e.g., wet, icy)",Non-intersection:  Non-junction/no special feature,Paved,N/A,Property Damage Only,0,0,0,0,0,0,5970,3,4,Southbound (SB),POINT (-93.59680426089 41.532677622608)
20211228274,2021004366,02/21/2021,02-February,1-Sunday,15:50,1500 Hours,District 6 (East Central),,IOWA,I-80,I 80 WB 215 MM,Collision with fixed object:  Cable barrier,Median,Non-collision (single vehicle),Ran off road - left,None Indicated,Weather conditions,Daylight,Snow,Snow,"Surface condition (e.g., wet, icy)",Non-intersection:  Non-junction/no special feature,Paved,N/A,Property Damage Only,0,0,0,0,0,0,7500,1,2,Southbound (SB),POINT (-92.09484909016 41.691324405031)
20211228875,21-2635,02/22/2021,02-February,2-Monday,08:40,0800 Hours,District 2 (Northeast),,BREMER,US 63,US 63,Collision with:  Vehicle in traffic,On Roadway,Rear-end (front to rear),Unknown,None Indicated,Weather conditions,Daylight,Unknown,Unknown,"Surface condition (e.g., wet, icy)",Non-intersection:  Non-junction/no special feature,Paved,N/A,Possible/Unknown,0,1,0,0,1,0,1000,2,2,Eastbound (EB),POINT (-92.337199297727 42.655187268549)
20211228554,21-1188,02/23/2021,02-February,3-Tuesday,08:13,0800 Hours,District 1 (Central),,POLK,IA-44,"2200 BLK W. 1ST ST, GRIMES",Collision with:  Vehicle in traffic,On Roadway,Rear-end (front to rear),Followed too close,None Indicated,None apparent,Daylight,Wet,Clear,None apparent,Non-intersection:  Non-junction/no special feature,Paved,N/A,Property Damage Only,0,0,0,0,0,0,3000,2,3,Southbound (SB),POINT (-93.813667751982 41.688441758669)
20211228682,21-5544,02/23/2021,02-February,3-Tuesday,22:47,2200 Hours,District 3 (Northwest),SIOUX CITY,WOODBURY,I-29,INTERSTATE 29/SPECIAL CASE MEASURING 82 FEET WEST FROM INTERSTATE 29/SPECIAL CASE AND US 77 AND WESLEY PKWY,Collision with fixed object:  Concrete traffic barrier (median or right side),On Roadway,Non-collision (single vehicle),Ran off road - right,Refused,None apparent,Dark - roadway lighted,Wet,Cloudy,None apparent,Interchange-related:  On-ramp,Paved,N/A,Possible/Unknown,0,1,0,0,0,1,20000,1,1,Northbound (NB),POINT (-96.413027744001 42.491952031069)
20211228891,2021-8876,02/24/2021,02-February,4-Wednesday,14:58,1400 Hours,District 6 (East Central),,SCOTT,US 61,10000 BLK 140TH ST,Non-collision events:  Non-contact vehicle (phantom),Roadside,Other (explain in narrative),Ran off road - right,None Indicated,None apparent,Daylight,Dry,Clear,None apparent,Non-intersection:  Non-junction/no special feature,Paved,N/A,Property Damage Only,0,0,0,0,0,0,2000,2,2,Eastbound (EB),POINT (-90.705813856545 41.508977774743)
20211231358,SA2102220,02/25/2021,02-February,5-Thursday,12:09,1200 Hours,District 5 (Southeast),,WASHINGTON,77,STATE 92/IA 92 AND SPRUCE AVE AND G06W/SPRUCE AVE,Collision with:  Vehicle in traffic,On Roadway,Broadside (front to side),FTYROW:  From stop sign,None Indicated,None apparent,Daylight,Dry,Clear,None apparent,Intersection:  Four-way intersection,Paved,N/A,Property Damage Only,0,0,0,0,0,0,60000,2,2,Northbound (NB),POINT (-91.600904289405 41.294120323872)
20211230999,21004022,02/25/2021,02-February,5-Thursday,15:53,1500 Hours,District 5 (Southeast),OSKALOOSA,MAHASKA,IA-92,2000 BLOCK A AVE W,Collision with:  Animal,Unknown,N/A,Animal,None Indicated,N/A,N/A,N/A,N/A,N/A,N/A,Paved,N/A,Property Damage Only,0,0,0,0,0,0,3000,1,1,Southbound (SB),POINT (-92.666427627275 41.296203849808)
20211229051,202100002120,02/26/2021,02-February,6-Friday,09:20,0900 Hours,District 1 (Central),WEBSTER CITY,HAMILTON,77,WILLSON AVE,Collision with:  Vehicle in traffic,On Roadway,Rear-end (front to rear),Other (explain in narrative):  Other,None Indicated,None apparent,Daylight,Dry,Clear,None apparent,Non-intersection:  Non-junction/no special feature,Paved,N/A,Property Damage Only,0,0,0,0,0,0,10000,2,1,Northbound (NB),POINT (-93.819296369177 42.468873548722)
20211229199,21-06124,02/27/2021,02-February,7-Saturday,17:13,1700 Hours,District 5 (Southeast),BURLINGTON,DES MOINES,77,1200 BLOCK OF BIRDE,Collision with:  Vehicle in traffic,On Roadway,Rear to side,Other (explain in narrative):  Other,None Indicated,None apparent,Dusk,Dry,Clear,None apparent,Non-intersection:  Non-junction/no special feature,Paved,N/A,Property Damage Only,0,0,0,0,0,0,2700,2,2,Southbound (SB),POINT (-91.112232468214 40.831085190799)
20211229391,21-001344,02/27/2021,02-February,7-Saturday,18:35,1800 Hours,District 1 (Central),,HAMILTON,77,R027/TUNNEL MILL RD,Collision with:  Animal,Unknown,N/A,Animal,None Indicated,N/A,N/A,N/A,N/A,N/A,N/A,Paved,N/A,Property Damage Only,0,0,0,0,0,0,2500,1,3,Northbound (NB),POINT (-93.835386507456 42.392648526672)
20211230761,202103026,03/01/2021,03-March,2-Monday,05:38,0500 Hours,District 6 (East Central),CEDAR RAPIDS,LINN,77,2500 BLK FRANKLIN AVE NE,Collision with:  Parked motor vehicle,On Roadway,Rear-end (front to rear),Driver Distraction:  Inattentive/lost in thought,None Indicated,None apparent,Dawn,Dry,Clear,None apparent,Non-intersection:  Non-junction/no special feature,Paved,N/A,Property Damage Only,0,0,0,0,0,0,13000,2,1,Northbound (NB),POINT (-91.64252673366 42.003877638831)
20211229512,20210005804,03/01/2021,03-March,2-Monday,10:22,1000 Hours,District 1 (Central),DES MOINES,POLK,77,UNIVERSITY AVE AND 19TH ST,Collision with:  Vehicle in traffic,On Roadway,Broadside (front to side),Ran Traffic Signal,None Indicated,None apparent,Daylight,Dry,Clear,None apparent,Intersection:  Four-way intersection,Paved,N/A,Property Damage Only,0,0,0,0,0,0,7000,2,3,Northbound (NB),POINT (-93.642559455813 41.600418019851)
20211229685,FD21-0495,03/02/2021,03-March,3-Tuesday,15:26,1500 Hours,District 1 (Central),FORT DODGE,WEBSTER,77,10 BLK N 12TH ST,Collision with:  Parked motor vehicle,On Roadway,Rear-end (front to rear),Improper Backing,None Indicated,None apparent,Daylight,Dry,Clear,None apparent,Non-intersection:  Non-junction/no special feature,Paved,N/A,Property Damage Only,0,0,0,0,0,0,2000,2,1,Northbound (NB),POINT (-94.182724715927 42.506153039499)