Iowa DOT Case Number,Law Enforcement Case Number,Date of Crash,Month of Crash,Day of Week,Time of Crash,Hour,DOT District,City Name,County Name,Route with System,Location Description,First Harmful Event,Location of First Harmful Event,Manner of Crash/Collision,Major Cause,Drug or Alcohol ,Environmental Conditions,Light Conditions,Surface Conditions,Weather Conditions,Roadway Contribution,Roadway Type,Roadway Surface,Work Zone,Crash Severity,Number of Fatalities,Number of Injuries,Number of Major Injuries,Number of Minor Injuries,Number of Possible Injuries,Number of Unknown Injuries,Amount of Property Damage,Number of Vehicles Involved,Total Number of Occupants,Travel Direction,Location
20211229782,21-002241,03/03/2021,03-March,4-Wednesday,08:18,0800 Hours,District 4 (Southwest),COUNCIL BLUFFS,POTTAWATTAMIE,IA-192,INTERSTATE 29/I29 RAMP,Collision with:  Vehicle in traffic,On Roadway,Rear-end (front to rear),Followed too close,None Indicated,None apparent,Daylight,Dry,Clear,None apparent,Non-intersection:  Non-junction/no special feature,Unpaved,N/A,Property Damage Only,0,0,0,0,0,0,2200,2,9,Eastbound (EB),POINT (-95.851688412904 41.233524694813)
20211230531,21016919,03/04/2021,03-March,5-Thursday,09:24,0900 Hours,District 2 (Northeast),CEDAR FALLS,BLACK HAWK,IA-57,STATE 57/WEST 1ST ST AND MAGNOLIA DR AND OAK PARK BLVD,Collision with:  Vehicle in traffic,On Roadway,"Angle, oncoming left turn",FTYROW:  Making left turn,None Indicated,None apparent,Daylight,Dry,Clear,None apparent,Intersection:  Four-way intersection,Paved,N/A,Property Damage Only,0,0,0,0,0,0,10000,2,3,Southbound (SB),POINT (-92.473837038267 42.540380334299)
20211232231,21000970,03/05/2021,03-March,6-Friday,18:55,1800 Hours,District 1 (Central),AMES,STORY,77,US 69/GRAND AVE AND 24TH ST,Collision with:  Vehicle in traffic,On Roadway,"Angle, oncoming left turn",FTYROW:  Making left turn,None Indicated,None apparent,Dark - roadway lighted,Dry,Clear,None apparent,Intersection:  Four-way intersection,Paved,N/A,Major Injury,0,1,1,0,0,0,40000,2,5,Southbound (SB),POINT (-93.620516483981 42.04572248991)
20211230281,21-002382,03/06/2021,03-March,7-Saturday,13:20,1300 Hours,District 4 (Southwest),COUNCIL BLUFFS,POTTAWATTAMIE,77,S 24TH ST and Interstate 0029,Collision with:  Vehicle in traffic,On Roadway,Rear-end (front to rear),Lost Control,None Indicated,None apparent,Daylight,Dry,Clear,None apparent,Intersection:  Four-way intersection,Paved,N/A,Minor Injury,0,3,0,1,2,0,2600,2,3,Northbound (NB),POINT (-95.879219498235 41.233415434799)
20211230429,21-0210,03/07/2021,03-March,1-Sunday,14:09,1400 Hours,District 1 (Central),PLEASANT HILL,POLK,77,STATE 163/E UNIVERSITY AVE AND NE 70TH ST AND STATE 163/NE UNIVERSITY AVE,Collision with:  Vehicle in traffic,On Roadway,Rear-end (front to rear),Followed too close,None Indicated,None apparent,Daylight,Dry,Clear,None apparent,Intersection:  Four-way intersection,Paved,N/A,Property Damage Only,0,0,0,0,0,0,3500,2,3,Northbound (NB),POINT (-93.469453983783 41.599417724023)
20211230792,21-02784,03/08/2021,03-March,2-Monday,18:10,1800 Hours,District 6 (East Central),,JONES,77,E045/CO RD E-45,Collision with:  Vehicle in traffic,On Roadway,Rear-end (front to rear),Followed too close,None Indicated,None apparent,Dusk,Dry,Clear,None apparent,Non-intersection:  Non-junction/no special feature,Paved,N/A,Minor Injury,0,2,0,2,0,0,55000,2,2,Southbound (SB),POINT (-91.339747626787 42.020521288397)
20211230796,21002050,03/09/2021,03-March,3-Tuesday,08:00,0800 Hours,District 5 (Southeast),OSCEOLA,CLARKE,US 34,US 34/E MC LANE ST,Collision with:  Vehicle in traffic,On Roadway,Rear to side,FTYROW:  From driveway,None Indicated,None apparent,Daylight,Dry,Clear,None apparent,"Non-intersection:  Driveway access (related, not in)",Paved,N/A,Property Damage Only,0,0,0,0,0,0,6500,2,4,Southbound (SB),POINT (-93.763249400622 41.03061342077)
20211230894,21006276,03/10/2021,03-March,4-Wednesday,20:08,2000 Hours,District 5 (Southeast),FORT MADISON,LEE,77,1500 BLK AVE H,Collision with:  Vehicle in traffic,Roadside,Broadside (front to side),FTYROW:  Making left turn,None Indicated,Visual obstruction,Dark - roadway lighted,Dry,Clear,Other (explain in narrative),"Non-intersection:  Driveway access (related, not in)",Paved,N/A,Property Damage Only,0,0,0,0,0,0,2250,2,3,Southbound (SB),POINT (-91.326153914767 40.630184111856)
20211231524,20210197,03/11/2021,03-March,5-Thursday,11:00,1100 Hours,District 2 (Northeast),,GRUNDY,77,T055/U AVE  12000 MILE,Collision with fixed object:  Traffic sign support,Roadside,Non-collision (single vehicle),Driver Distraction:  Other interior distraction,None Indicated,None apparent,Daylight,Dry,Clear,None apparent,Non-intersection:  Non-junction/no special feature,Paved,N/A,Minor Injury,0,1,0,1,0,0,12350,1,1,Northbound (NB),POINT (-92.633198656556 42.526366801544)
20211231042,21-3145,03/12/2021,03-March,6-Friday,08:00,0800 Hours,District 3 (Northwest),SPENCER,CLAY,77,4TH AVE E AND E 1ST ST,Collision with:  Struck/struck by object/cargo/person from other vehicle,On Roadway,Broadside (front to side),Other (explain in narrative):  Other,None Indicated,None apparent,Daylight,Gravel,Clear,None apparent,Intersection:  Four-way intersection,Paved,N/A,Property Damage Only,0,0,0,0,0,0,1500,2,2,Northbound (NB),POINT (-95.139110182131 43.138822279135)
20211232519,,03/13/2021,03-March,7-Saturday,18:40,1800 Hours,District 2 (Northeast),,ALLAMAKEE,IA-76,Iowa 0076 / IOWA 76 (Milepost 18) and BRADY DR,Collision with:  Animal,On Roadway,Non-collision (single vehicle),Animal,None Indicated,Animal in roadway,Dark - roadway not lighted,Dry,Clear,N/A,Non-intersection:  Non-junction/no special feature,Paved,N/A,Property Damage Only,0,0,0,0,0,0,4950,1,5,Northbound (NB),POINT (-91.311830582091 43.174578177343)
20211231271,21-0146,03/13/2021,03-March,7-Saturday,21:53,2100 Hours,District 1 (Central),,WEBSTER,77,P073/SAMSON AVE,Non-collision events:  Overturn/rollover,On Roadway,Non-collision (single vehicle),Swerving/Evasive Action,None Indicated,Animal in roadway,Dark - roadway not lighted,Dry,Clear,None apparent,Non-intersection:  Non-junction/no special feature,Paved,N/A,Minor Injury,0,2,0,2,0,0,10000,1,2,Northbound (NB),POINT (-94.048069877019 42.314062407787)
20211231470,MC2100902,03/15/2021,03-March,2-Monday,12:55,1200 Hours,District 2 (Northeast),MASON CITY,CERRO GORDO,77,12TH ST NW MEASURING 49 FEET WEST FROM 12TH ST NW AND N WASHINGTON AVE,Collision with:  Vehicle in traffic,On Roadway,Rear-end (front to rear),Followed too close,None Indicated,None apparent,Daylight,Slush,Clear,"Surface condition (e.g., wet, icy)",Non-intersection:  Non-junction/no special feature,Paved,N/A,Property Damage Only,0,0,0,0,0,0,2300,2,2,Southbound (SB),POINT (-93.202465211303 43.162695448917)
20211231586,21003216,03/15/2021,03-March,2-Monday,16:07,1600 Hours,District 6 (East Central),,JACKSON,US 61,US 61,Collision with:  Vehicle in traffic,On Roadway,"Sideswipe, same direction",Driving too fast for conditions,None Indicated,Weather conditions,Daylight,Snow,Freezing rain/drizzle,"Surface condition (e.g., wet, icy)",Non-intersection:  Non-junction/no special feature,Paved,N/A,Property Damage Only,0,0,0,0,0,0,5000,2,7,Northbound (NB),POINT (-90.679957137479 42.241280964392)
20211232071,S21-020495,03/16/2021,03-March,3-Tuesday,16:15,1600 Hours,District 2 (Northeast),,BLACK HAWK,US 63,US 63/LOGAN AVE,Collision with:  Vehicle in traffic,On Roadway,Rear-end (front to rear),Swerving/Evasive Action,None Indicated,None apparent,Daylight,Dry,Cloudy,None apparent,Non-intersection:  Non-junction/no special feature,Paved,N/A,Property Damage Only,0,0,0,0,0,0,3000,3,3,Northbound (NB),POINT (-92.337350552461 42.57538010272)
20211231814,21003498,03/17/2021,03-March,4-Wednesday,15:18,1500 Hours,District 4 (Southwest),,MILLS,77,US 34 AND KIDD RD,Collision with:  Vehicle in traffic,On Roadway,Broadside (front to side),FTYROW:  From yield sign,None Indicated,None apparent,Daylight,Wet,Cloudy,None apparent,Non-intersection:  Crossover-related,Paved,N/A,Possible/Unknown,0,1,0,0,1,0,20000,2,4,Northbound (NB),POINT (-95.714251146609 41.030605602019)
20211232915,21002449,03/18/2021,03-March,5-Thursday,18:25,1800 Hours,District 6 (East Central),,BUCHANAN,77,W013/FAIRBANK-AMISH BLVD AND 110TH ST,Collision with:  Non-motorist (see non-motorist section - NOT a unit),On Roadway,Non-collision (single vehicle),Swerving/Evasive Action,None Indicated,None apparent,Daylight,Dry,Clear,None apparent,Non-intersection:  Non-junction/no special feature,Unpaved,N/A,Property Damage Only,0,0,0,0,0,0,3500,1,1,Southbound (SB),POINT (-91.983394409479 42.627504301418)
20211231988,2021006650,03/19/2021,03-March,6-Friday,10:05,1000 Hours,District 5 (Southeast),,DECATUR,I-35,INTERSTATE 35/I 35 NB MM 19,Collision with:  Vehicle in traffic,On Roadway,"Sideswipe, same direction",Driver Distraction:  Inattentive/lost in thought,None Indicated,None apparent,Daylight,Dry,Clear,None apparent,Non-intersection:  Non-junction/no special feature,Paved,N/A,Property Damage Only,0,0,0,0,0,0,10000,2,2,Eastbound (EB),POINT (-93.820494419932 40.823436387062)
20211232137,21-001395,03/20/2021,03-March,7-Saturday,12:58,1200 Hours,District 1 (Central),ANKENY,POLK,US 69,100 BLK S ANKENY BLVD,Collision with:  Vehicle in traffic,On Roadway,Rear-end (front to rear),Other (explain in narrative):  Other,None Indicated,None apparent,Daylight,Dry,Clear,None apparent,Non-intersection:  Non-junction/no special feature,Paved,N/A,Property Damage Only,0,0,0,0,0,0,2000,2,2,Northbound (NB),POINT (-93.600391875217 41.730997227796)
20211232122,21-001917,03/20/2021,03-March,7-Saturday,01:07,0100 Hours,District 2 (Northeast),,CLAYTON,77,X056/GREAT RIVER RD,Collision with fixed object:  Guardrail - face,On Roadway,Non-collision (single vehicle),Lost Control,None Indicated,None apparent,Dark - roadway not lighted,Other (explain in narrative),Clear,"Surface condition (e.g., wet, icy)",Non-intersection:  Non-junction/no special feature,Paved,N/A,Property Damage Only,0,0,0,0,0,0,12000,1,1,Northbound (NB),POINT (-91.178050514522 42.932253249668)
20211232671,,03/21/2021,03-March,1-Sunday,14:54,1400 Hours,District 1 (Central),,HARDIN,IA-57,Iowa 0057 / IOWA 57,Collision with:  Animal,On Roadway,Non-collision (single vehicle),Animal,None Indicated,Animal in roadway,N/A,N/A,N/A,N/A,N/A,Paved,N/A,Property Damage Only,0,0,0,0,0,0,3000,1,1,Southbound (SB),POINT (-93.085818516214 42.556712912015)
20211232410,2021-001952,03/22/2021,03-March,2-Monday,21:21,2100 Hours,District 6 (East Central),DUBUQUE,DUBUQUE,77,RHOMBERG AVE,Collision with:  Vehicle in traffic,On Roadway,Rear-end (front to rear),Ran off road - right,Refused,None apparent,Dark - roadway lighted,Dry,Clear,None apparent,Non-intersection:  Non-junction/no special feature,Paved,N/A,Property Damage Only,0,0,0,0,0,0,19000,5,1,Northbound (NB),POINT (-90.662095870006 42.517392062769)
20211232554,21-8440,03/23/2021,03-March,3-Tuesday,14:42,1400 Hours,District 3 (Northwest),SIOUX CITY,WOODBURY,77,REBECCA ST AND W 4TH ST,Collision with:  Vehicle in traffic,On Roadway,Broadside (front to side),Ran Stop Sign,None Indicated,None apparent,Daylight,Wet,Rain,None apparent,Intersection:  Four-way intersection,Paved,N/A,Property Damage Only,0,0,0,0,0,0,6000,2,4,Northbound (NB),POINT (-96.425400183816 42.500388852566)
20211233340,21-003136,03/24/2021,03-March,4-Wednesday,20:59,2000 Hours,District 4 (Southwest),,CASS,US 71,US 71/630TH ST,Collision with:  Animal,On Roadway,Non-collision (single vehicle),Animal,None Indicated,Animal in roadway,Dark - roadway not lighted,Dry,Clear,None apparent,Non-intersection:  Non-junction/no special feature,Paved,N/A,Property Damage Only,0,0,0,0,0,0,2500,1,2,Northbound (NB),POINT (-94.984547614719 41.308968341536)
20211232825,2021-20143,03/25/2021,03-March,5-Thursday,16:38,1600 Hours,District 6 (East Central),DAVENPORT,SCOTT,77,KELLING ST AND W 53RD ST,Collision with:  Vehicle in traffic,On Roadway,Rear-end (front to rear),Lost Control,None Indicated,None apparent,Daylight,Wet,Rain,"Surface condition (e.g., wet, icy)",Non-intersection:  Non-junction/no special feature,Paved,N/A,Minor Injury,0,1,0,1,0,0,5000,2,3,Southbound (SB),POINT (-90.607101226603 41.574477461139)
20211233153,02702,03/26/2021,03-March,6-Friday,20:30,2000 Hours,District 6 (East Central),,DELAWARE,77,D05X/240TH ST,Collision with:  Animal,Unknown,N/A,Animal,None Indicated,N/A,N/A,N/A,N/A,N/A,N/A,Paved,N/A,Property Damage Only,0,0,0,0,0,0,15000,1,2,Southbound (SB),POINT (-91.391829163979 42.441435774236)
20211235484,21-0000309,03/26/2021,03-March,6-Friday,23:46,2300 Hours,District 2 (Northeast),MARQUETTE,CLAYTON,IA-76,STATE 76/IOWA 76,Collision with fixed object:  Other post/pole/support (explain in narrative),Roadside,Non-collision (single vehicle),"Operating vehicle in an reckless, erratic, careless, negligent manner",Alcohol (Statutory),None apparent,Dark - roadway lighted,Dry,Clear,None apparent,Non-intersection:  Non-junction/no special feature,Paved,N/A,Property Damage Only,0,0,0,0,0,0,16000,1,1,Northbound (NB),POINT (-91.177411744083 43.045190048566)
20211233438,SOI20210106,03/27/2021,03-March,7-Saturday,02:00,0200 Hours,District 1 (Central),,POWESHIEK,US 63,US 63,Non-collision events:  Overturn/rollover,Other (explain in narrative),Non-collision (single vehicle),"Operating vehicle in an reckless, erratic, careless, negligent manner",Refused,Other (explain in narrative),Dark - roadway not lighted,Wet,Cloudy,Other (explain in narrative),Non-intersection:  Non-junction/no special feature,Paved,N/A,Minor Injury,0,1,0,1,0,0,13000,1,3,Northbound (NB),POINT (-92.538039524723 41.549799832854)
20211233511,2021007328,03/28/2021,03-March,1-Sunday,18:43,1800 Hours,District 1 (Central),,FRANKLIN,77,C047/95TH ST MEASURING 2280 FEET EAST FROM ROWAN RD,Collision with fixed object:  Utility pole/light support,Shoulder,Non-collision (single vehicle),Exceeded authorized speed,Refused,None apparent,Daylight,Dry,Clear,None apparent,Non-intersection:  Non-junction/no special feature,Paved,N/A,Possible/Unknown,0,1,0,0,1,0,14000,1,4,Southbound (SB),POINT (-93.491799144385 42.667882386654)
20211234722,21001330,03/29/2021,03-March,2-Monday,14:59,1400 Hours,District 1 (Central),AMES,STORY,77,DUFF AVE,Collision with:  Vehicle in traffic,On Roadway,Broadside (front to side),Ran Traffic Signal,None Indicated,None apparent,Daylight,Dry,Clear,None apparent,Intersection:  Four-way intersection,Paved,N/A,Property Damage Only,0,0,0,0,0,0,5500,2,3,Northbound (NB),POINT (-93.620376437526 42.051199220904)
20211235365,C21001133,03/30/2021,03-March,3-Tuesday,15:09,1500 Hours,District 6 (East Central),CORALVILLE,JOHNSON,US 6,RIDGEWAY NB TO WB FOREVERGREEN,Collision with:  Vehicle in traffic,On Roadway,Broadside (front to side),FTYROW:  Making left turn,None Indicated,None apparent,Daylight,Dry,Clear,None apparent,Intersection:  Four-way intersection,Paved,N/A,Property Damage Only,0,0,0,0,0,0,8000,2,2,Southbound (SB),POINT (-91.572541008389 41.671107907996)
20211233566,20210008615,03/31/2021,03-March,4-Wednesday,01:12,0100 Hours,District 1 (Central),DES MOINES,POLK,77,E HARTFORD AVE AND INDIANOLA AVE,Collision with:  Vehicle in traffic,On Roadway,"Sideswipe, same direction",Downhill runaway,None Indicated,None apparent,Dark - roadway lighted,Dry,Clear,None apparent,Intersection:  Four-way intersection,Paved,N/A,Property Damage Only,0,0,0,0,0,0,8000,3,3,Northbound (NB),POINT (-93.613601906897 41.569807428506)
20211233514,MC2101112,03/31/2021,03-March,4-Wednesday,09:07,0900 Hours,District 2 (Northeast),MASON CITY,CERRO GORDO,77,S PIERCE AVE AND 15TH ST SW,Collision with:  Vehicle in traffic,On Roadway,Broadside (front to side),Ran Stop Sign,None Indicated,None apparent,Daylight,Dry,Clear,None apparent,Intersection:  Four-way intersection,Paved,N/A,Possible/Unknown,0,1,0,0,1,0,9900,2,3,Northbound (NB),POINT (-93.221047595082 43.137501509157)
20211235198,21-002875,04/01/2021,04-April,5-Thursday,09:20,0900 Hours,District 6 (East Central),INDEPENDENCE,BUCHANAN,77,107 FEET NORTH FROM 1ST WEST AND 13TH AVE NW.  THEN 20 FEET EAST.,Collision with:  Vehicle in traffic,Outside trafficway,Broadside (front to side),Ran off road - left,None Indicated,None apparent,Daylight,Dry,Clear,None apparent,Non-intersection:  Non-junction/no special feature,Paved,N/A,Possible/Unknown,0,1,0,0,0,1,2100,2,1,Northbound (NB),POINT (-91.908929533284 42.468859962407)
20211234100,2021-002210,04/02/2021,04-April,6-Friday,16:00,1600 Hours,District 6 (East Central),DUBUQUE,DUBUQUE,US 20,US 20/DODGE ST MEASURING 300 FEET EAST FROM CRESCENT RIDGE AND  US 20/DODGE ST,Collision with:  Vehicle in traffic,On Roadway,Rear-end (front to rear),Lost Control,None Indicated,None apparent,Daylight,Dry,Clear,None apparent,Non-intersection:  Non-junction/no special feature,Paved,N/A,Property Damage Only,0,0,0,0,0,0,14000,2,2,Southbound (SB),POINT (-90.731382930565 42.490517853532)
20211233935,21-01724,04/03/2021,04-April,7-Saturday,14:40,1400 Hours,District 1 (Central),WEST DES MOINES,POLK,77,UNIVERSITY AVENUE AND 42ND STREET,Collision with:  Vehicle in traffic,On Roadway,"Angle, oncoming left turn",FTYROW:  Making left turn,None Indicated,None apparent,Daylight,Dry,Clear,None apparent,Intersection:  Four-way intersection,Paved,N/A,Minor Injury,0,1,0,1,0,0,7000,2,5,Northbound (NB),POINT (-93.761682176422 41.600447106663)
20211236690,21014174,04/03/2021,04-April,7-Saturday,13:59,1300 Hours,District 1 (Central),MARSHALLTOWN,MARSHALL,77,MAY ST AND SOUTH 6TH AVE,Collision with:  Non-motorist (see non-motorist section - NOT a unit),On Roadway,Non-collision (single vehicle),FTYROW:  From driveway,None Indicated,None apparent,Daylight,Dry,Clear,None apparent,"Non-intersection:  Driveway access (related, not in)",Paved,N/A,Minor Injury,0,1,0,1,0,0,7200,1,1,Northbound (NB),POINT (-92.903004246628 42.039406059503)
20211234348,20210009169,04/05/2021,04-April,2-Monday,18:00,1800 Hours,District 1 (Central),DES MOINES,POLK,77,US 69/SE 14TH ST AND PIONEER RD,Collision with:  Vehicle in traffic,On Roadway,Broadside (front to side),FTYROW:  From stop sign,None Indicated,None apparent,Daylight,Dry,Clear,None apparent,Intersection:  Four-way intersection,Paved,N/A,Possible/Unknown,0,1,0,0,1,0,7000,2,2,Southbound (SB),POINT (-93.596907786337 41.566094230978)
20211234165,21-2262,04/05/2021,04-April,2-Monday,15:02,1500 Hours,District 1 (Central),ALTOONA,POLK,77,3000 NE 80TH ST ALTOONA,Collision with:  Vehicle in traffic,On Roadway,Rear-end (front to rear),Followed too close,None Indicated,None apparent,Daylight,Dry,Clear,None apparent,Non-intersection:  Non-junction/no special feature,Paved,N/A,Minor Injury,0,1,0,1,0,0,13500,3,3,Northbound (NB),POINT (-93.445119129386 41.62394216746)
20211234719,21-5297,04/06/2021,04-April,3-Tuesday,15:29,1500 Hours,District 2 (Northeast),WAVERLY,BREMER,77,2ND AVE SW AND STATE 116/4TH ST SW,Non-collision events:  Other non-collision (explain in narrative),On Roadway,Non-collision (single vehicle),Other (explain in narrative):  No improper action,None Indicated,None apparent,Daylight,Dry,Cloudy,None apparent,Intersection:  Other intersection (explain in narrative),Paved,N/A,Minor Injury,0,1,0,1,0,0,6000,1,1,Southbound (SB),POINT (-92.475648703938 42.723788487574)
20211234779,2021-00364,04/07/2021,04-April,4-Wednesday,07:30,0700 Hours,District 4 (Southwest),WAUKEE,DALLAS,77,SE LA GRANT PKWY/ ESKER RIDGE DR,Collision with:  Vehicle in traffic,On Roadway,"Angle, oncoming left turn",FTYROW:  From stop sign,None Indicated,None apparent,Daylight,Wet,Freezing rain/drizzle,None apparent,Intersection:  Four-way intersection,Paved,N/A,Possible/Unknown,0,1,0,0,1,0,3000,2,2,Northbound (NB),POINT (-93.866280500731 41.581304821731)
20211235427,2021-23528,04/07/2021,04-April,4-Wednesday,18:28,1800 Hours,District 6 (East Central),DAVENPORT,SCOTT,77,W LOCUST ST AND WARREN ST,Collision with:  Vehicle in traffic,On Roadway,Broadside (front to side),FTYROW:  Making left turn,None Indicated,None apparent,Dusk,Dry,Clear,None apparent,Non-intersection:  Crossover-related,Paved,N/A,Property Damage Only,0,0,0,0,0,0,10000,2,2,Southbound (SB),POINT (-90.585721919322 41.538256889923)
20211234898,2021008263,04/08/2021,04-April,5-Thursday,06:35,0600 Hours,District 4 (Southwest),MISSOURI VALLEY,HARRISON,I-29,INTERSTATE 29/I 29 MM 75 SB,Collision with fixed object:  Cable barrier,Median,Non-collision (single vehicle),Ran off road - left,None Indicated,None apparent,Dawn,Wet,Cloudy,None apparent,Non-intersection:  Non-junction/no special feature,Paved,N/A,Property Damage Only,0,0,0,0,0,0,5000,1,1,Northbound (NB),POINT (-95.917541004824 41.546665333654)
20211235698,2021-23988,04/09/2021,04-April,6-Friday,18:08,1800 Hours,District 6 (East Central),DAVENPORT,SCOTT,77,VINE ST AND W 16TH ST,Collision with:  Vehicle in traffic,On Roadway,Broadside (front to side),Ran Stop Sign,None Indicated,None apparent,Daylight,Dry,Cloudy,None apparent,Intersection:  Four-way intersection,Paved,N/A,Possible/Unknown,0,2,0,0,2,0,10000,2,2,Southbound (SB),POINT (-90.587298791429 41.536146475638)
20211235042,20210009611,04/10/2021,04-April,7-Saturday,02:40,0200 Hours,District 1 (Central),DES MOINES,POLK,77,E MADISON AVE MEASURING 185 FEET WEST FROM US 69/E 14TH ST AND E MADISON AVE,Collision with fixed object:  Tree,Outside trafficway,Non-collision (single vehicle),"Operating vehicle in an reckless, erratic, careless, negligent manner",Under Influence of Alcohol/Drugs/Medications,None apparent,Dark - roadway lighted,Dry,Cloudy,None apparent,Non-intersection:  Non-junction/no special feature,Paved,N/A,Possible/Unknown,0,1,0,0,1,0,5000,1,1,Southbound (SB),POINT (-93.601199915205 41.633157777239)
20211235101,2104118781,04/11/2021,04-April,1-Sunday,03:15,0300 Hours,District 6 (East Central),,CLINTON,77,Y062/260 AVE MEASURING 41 FEET NORTH FROM Y062/252 ST AND 260 AVE AND Y062/260 AVE,Non-collision events:  Overturn/rollover,On Roadway,Non-collision (single vehicle),Ran off road - straight,None Indicated,Weather conditions,Dark - roadway not lighted,Wet,Rain,"Surface condition (e.g., wet, icy)",Intersection:  T-intersection,Paved,N/A,Property Damage Only,0,0,0,0,0,0,10000,1,1,Northbound (NB),POINT (-90.587588585245 41.811311288125)
20211236156,S21-3466,04/12/2021,04-April,2-Monday,05:43,0500 Hours,District 3 (Northwest),,WOODBURY,I-29,INTERSTATE 29/I 29,Collision with fixed object:  Ditch,Median,Non-collision (single vehicle),Ran off road - left,None Indicated,None apparent,Dark - roadway not lighted,Dry,Clear,None apparent,Non-intersection:  Non-junction/no special feature,Paved,N/A,Minor Injury,0,1,0,1,0,0,5500,1,1,Eastbound (EB),POINT (-96.343749332422 42.361980058678)
20211235705,2021-24962,04/13/2021,04-April,3-Tuesday,15:36,1500 Hours,District 6 (East Central),DAVENPORT,SCOTT,77,MARQUETTE ST AND W 38TH ST,Collision with:  Vehicle in traffic,On Roadway,Broadside (front to side),FTYROW:  From stop sign,None Indicated,None apparent,Daylight,Dry,Clear,None apparent,Intersection:  Other intersection (explain in narrative),Paved,N/A,Minor Injury,0,2,0,1,1,0,9000,2,2,Northbound (NB),POINT (-90.591045762395 41.558227730378)
20211235413,FD21-0827,04/13/2021,04-April,3-Tuesday,13:56,1300 Hours,District 1 (Central),FORT DODGE,WEBSTER,77,1426 S 22ND ST,Collision with:  Vehicle in traffic,On Roadway,Broadside (front to side),Driver Distraction:  Other interior distraction,None Indicated,None apparent,Daylight,Dry,Clear,None apparent,Non-intersection:  Non-junction/no special feature,Paved,N/A,Property Damage Only,0,0,0,0,0,0,3000,2,2,Northbound (NB),POINT (-94.167765250265 42.487799713697)
20211235624,2021-002511,04/14/2021,04-April,4-Wednesday,14:57,1400 Hours,District 6 (East Central),DUBUQUE,DUBUQUE,77,UNIVERSITY AVE 75 FEET WEST OF BROWN STREET,Collision with:  Vehicle in traffic,On Roadway,Rear-end (front to rear),Driver Distraction:  Reaching for object(s)/fallen object(s),None Indicated,None apparent,Daylight,Dry,Cloudy,None apparent,Non-intersection:  Non-junction/no special feature,Paved,N/A,Possible/Unknown,0,1,0,0,1,0,13000,3,4,Southbound (SB),POINT (-90.704259935495 42.495866923465)
20211235686,2021-002537,04/15/2021,04-April,5-Thursday,12:03,1200 Hours,District 6 (East Central),DUBUQUE,DUBUQUE,77,JOHN F KENNEDY RD AND HILLCREST RD,Collision with:  Vehicle in traffic,On Roadway,Broadside (front to side),Ran Stop Sign,None Indicated,None apparent,Daylight,Dry,Cloudy,None apparent,Intersection:  T-intersection,Paved,N/A,Possible/Unknown,0,2,0,0,2,0,11000,2,3,Southbound (SB),POINT (-90.720517018483 42.506259449432)
20211236092,W21-029392,04/16/2021,04-April,6-Friday,23:12,2300 Hours,District 2 (Northeast),WATERLOO,BLACK HAWK,77,E ARGYLE ST/CLAY,Unknown,On Roadway,Non-collision (single vehicle),Exceeded authorized speed,None Indicated,None apparent,Dark - roadway lighted,Dry,Clear,None apparent,Non-intersection:  Non-junction/no special feature,Paved,N/A,Possible/Unknown,0,1,0,0,0,1,1550,1,4,Southbound (SB),POINT (-92.336491970561 42.505751581484)
20211235838,21-000545,04/16/2021,04-April,6-Friday,07:36,0700 Hours,District 1 (Central),JOHNSTON,POLK,77,MERLE HAY RD AND NW 62ND AVE,Collision with:  Vehicle in traffic,On Roadway,Rear-end (front to rear),Unknown,None Indicated,None apparent,Daylight,Dry,Cloudy,None apparent,Non-intersection:  Non-junction/no special feature,Paved,N/A,Property Damage Only,0,0,0,0,0,0,3000,2,3,Southbound (SB),POINT (-93.697700855188 41.672973531999)
20211236413,202105396,04/17/2021,04-April,7-Saturday,22:42,2200 Hours,District 6 (East Central),CEDAR RAPIDS,LINN,IA-922,1ST AVE/ COLLINS RD NE,Collision with:  Vehicle in traffic,On Roadway,Rear-end (front to rear),Followed too close,None Indicated,None apparent,Dark - roadway lighted,Dry,Clear,None apparent,Intersection:  Four-way intersection,Paved,N/A,Possible/Unknown,0,1,0,0,1,0,600,2,6,Northbound (NB),POINT (-91.621272840176 42.02576194258)
20211236335,21-0240,04/18/2021,04-April,1-Sunday,15:29,1500 Hours,District 1 (Central),DES MOINES,POLK,US 6,6400 HICKMAN ROAD,Collision with:  Vehicle in traffic,On Roadway,Rear-end (front to rear),Followed too close,None Indicated,None apparent,Daylight,Dry,Cloudy,None apparent,Non-intersection:  Non-junction/no special feature,Paved,N/A,Possible/Unknown,0,1,0,0,1,0,5000,2,3,Westbound (WB),POINT (-93.705056069393 41.614877583878)
20211236300,21-2240,04/19/2021,04-April,2-Monday,17:22,1700 Hours,District 3 (Northwest),,CHEROKEE,77,Q AVE AND 460TH ST,Non-collision events:  Overturn/rollover,On Roadway,Non-collision (single vehicle),Ran off road - right,None Indicated,None apparent,Daylight,Dry,Clear,None apparent,Non-intersection:  Non-junction/no special feature,Unpaved,N/A,Property Damage Only,0,0,0,0,0,0,2000,1,1,Southbound (SB),POINT (-95.544410058896 42.851096199298)
20211236404,21-002943,04/20/2021,04-April,3-Tuesday,20:45,2000 Hours,District 2 (Northeast),,CLAYTON,IA-13,STATE 13/IOWA 13,Collision with:  Animal,Unknown,N/A,Animal,None Indicated,N/A,N/A,N/A,N/A,N/A,N/A,Paved,N/A,Property Damage Only,0,0,0,0,0,0,1500,1,3,Northbound (NB),POINT (-91.369770265915 42.884645076125)