Iowa DOT Case Number,Law Enforcement Case Number,Date of Crash,Month of Crash,Day of Week,Time of Crash,Hour,DOT District,City Name,County Name,Route with System,Location Description,First Harmful Event,Location of First Harmful Event,Manner of Crash/Collision,Major Cause,Drug or Alcohol ,Environmental Conditions,Light Conditions,Surface Conditions,Weather Conditions,Roadway Contribution,Roadway Type,Roadway Surface,Work Zone,Crash Severity,Number of Fatalities,Number of Injuries,Number of Major Injuries,Number of Minor Injuries,Number of Possible Injuries,Number of Unknown Injuries,Amount of Property Damage,Number of Vehicles Involved,Total Number of Occupants,Travel Direction,Location
20211237543,21-00194,04/21/2021,04-April,4-Wednesday,18:10,1800 Hours,District 5 (Southeast),NORWALK,WARREN,77,PROP COUNTY LINE RD,Collision with:  Vehicle in traffic,On Roadway,Rear-end (front to rear),Other (explain in narrative):  Other,None Indicated,None apparent,Daylight,Dry,Clear,None apparent,Non-intersection:  Non-junction/no special feature,Unpaved,N/A,Minor Injury,0,1,0,1,0,0,1000,2,3,Southbound (SB),POINT (-93.677875544416 41.510952963573)
20211236757,WSO1001974,04/22/2021,04-April,5-Thursday,08:04,0800 Hours,District 2 (Northeast),DECORAH,WINNESHIEK,US 52,US 52,Collision with:  Animal,Unknown,N/A,Animal,None Indicated,N/A,N/A,N/A,N/A,N/A,N/A,Paved,N/A,Property Damage Only,0,0,0,0,0,0,4000,1,1,Northbound (NB),POINT (-91.803293235307 43.286255354959)
20211237063,21-11677,04/23/2021,04-April,6-Friday,14:50,1400 Hours,District 3 (Northwest),SIOUX CITY,WOODBURY,77,S RUSTIN ST AND LAUREL AVE,Collision with:  Vehicle in traffic,On Roadway,Broadside (front to side),FTYROW:  From stop sign,None Indicated,None apparent,Daylight,Dry,Clear,None apparent,Intersection:  Four-way intersection,Paved,N/A,Property Damage Only,0,0,0,0,0,0,7000,3,4,Northbound (NB),POINT (-96.371608503156 42.474702126967)
20211236924,ACSO 21-1055,04/23/2021,04-April,6-Friday,20:00,2000 Hours,District 2 (Northeast),,ALLAMAKEE,77,PRAIRIE DR,Collision with fixed object:  Tree,On Roadway,Non-collision (single vehicle),Ran off road - right,None Indicated,None apparent,Dusk,Dry,Clear,None apparent,Non-intersection:  Non-junction/no special feature,Unpaved,N/A,Minor Injury,0,4,0,2,2,0,5000,1,5,Southbound (SB),POINT (-91.561306804108 43.28386349265)
20211236880,2021-27583,04/24/2021,04-April,7-Saturday,12:00,1200 Hours,District 6 (East Central),DAVENPORT,SCOTT,77,E 53RD ST AND CORPORATE PARK DR,Collision with:  Vehicle in traffic,On Roadway,"Angle, oncoming left turn",Ran Traffic Signal,None Indicated,None apparent,Daylight,Dry,Clear,None apparent,Intersection:  Four-way intersection,Paved,N/A,Possible/Unknown,0,1,0,0,1,0,8000,2,4,Northbound (NB),POINT (-90.517167558845 41.574893156951)
20211237629,S21-3907,04/25/2021,04-April,1-Sunday,20:28,2000 Hours,District 3 (Northwest),,WOODBURY,77,US 20 AND DALLAS AVE,Collision with:  Animal,Unknown,N/A,Animal,None Indicated,N/A,N/A,N/A,N/A,N/A,N/A,Unpaved,N/A,Property Damage Only,0,0,0,0,0,0,9000,1,1,Northbound (NB),POINT (-96.233623579846 42.475188664925)
20211237398,2021009783,04/26/2021,04-April,2-Monday,17:30,1700 Hours,District 4 (Southwest),,ADAIR,I-80,I80 WB 90.70MM,Collision with fixed object:  Tree,Roadside,Non-collision (single vehicle),Driver Distraction:  Other interior distraction,None Indicated,None apparent,Daylight,Dry,Clear,None apparent,Non-intersection:  Non-junction/no special feature,Paved,N/A,Property Damage Only,0,0,0,0,0,0,20000,1,1,Southbound (SB),POINT (-94.368277735014 41.495785767437)
20211239136,21003928,04/27/2021,04-April,3-Tuesday,04:56,0400 Hours,District 6 (East Central),,BUCHANAN,US 20,US 20 MEASURING 10000 FEET EAST FROM US 20/SW RAMP AND US 20/SE RAMP AND STATE 187/WASHBURN AVE AND WASHBURN AVE,Collision with:  Animal,Unknown,N/A,Animal,None Indicated,N/A,N/A,N/A,N/A,N/A,N/A,Paved,N/A,Property Damage Only,0,0,0,0,0,0,2500,1,1,Westbound (WB),POINT (-91.610530242528 42.464459829258)
20211237384,21-018352,04/27/2021,04-April,3-Tuesday,05:24,0500 Hours,District 3 (Northwest),STORM LAKE,BUENA VISTA,IA-7,GENESEO ST AND STATE 7/W MILWAUKEE AVE,Collision with:  Vehicle in traffic,On Roadway,Broadside (front to side),Improper Starting,None Indicated,None apparent,Dark - roadway lighted,Dry,Clear,None apparent,Intersection:  T-intersection,Paved,N/A,Property Damage Only,0,0,0,0,0,0,5000,2,2,Southbound (SB),POINT (-95.203295549393 42.647465654134)
20211238302,21041042,04/28/2021,04-April,4-Wednesday,09:43,0900 Hours,District 5 (Southeast),,WAPELLO,77,US 34 AND WASHINGTON RD AND 20TH AVE,Collision with:  Vehicle in traffic,On Roadway,Broadside (front to side),FTYROW:  From stop sign,None Indicated,None apparent,Daylight,Dry,Cloudy,None apparent,Intersection:  Four-way intersection,Unpaved,N/A,Possible/Unknown,0,1,0,0,1,0,8500,2,2,Northbound (NB),POINT (-92.198484355807 40.995095966614)
20211237782,21-12811,04/29/2021,04-April,5-Thursday,20:20,2000 Hours,District 5 (Southeast),BURLINGTON,DES MOINES,77,US 61 AND MARKET ST,Collision with:  Vehicle in traffic,On Roadway,Broadside (front to side),FTYROW:  Making left turn,None Indicated,None apparent,Dark - roadway lighted,Dry,Clear,None apparent,Intersection:  Four-way intersection,Paved,N/A,Possible/Unknown,0,1,0,0,1,0,8000,2,3,Southbound (SB),POINT (-91.141461805115 40.810832931303)
20211238539,21-6859,04/30/2021,04-April,6-Friday,06:58,0600 Hours,District 2 (Northeast),,BREMER,US 218,US 218 MEASURING 0 FEET NORTH FROM US 218,Collision with:  Animal,On Roadway,Non-collision (single vehicle),Animal,None Indicated,Animal in roadway,N/A,N/A,N/A,N/A,N/A,Paved,N/A,Property Damage Only,0,0,0,0,0,0,15000,1,2,Northbound (NB),POINT (-92.520046340549 42.693742588456)
20211238148,W21-033220,04/30/2021,04-April,6-Friday,12:06,1200 Hours,District 2 (Northeast),WATERLOO,BLACK HAWK,77,W SAN MARNAN DR AND NICKI ST AND PHEASANT LN,Collision with:  Vehicle in traffic,On Roadway,"Sideswipe, same direction",Other (explain in narrative):  Other,None Indicated,None apparent,Daylight,Dry,Clear,None apparent,Intersection:  T-intersection,Paved,N/A,Minor Injury,0,1,0,1,0,0,5664,2,2,Southbound (SB),POINT (-92.358783140618 42.457589061161)
20211237971,2021003071,05/01/2021,05-May,7-Saturday,11:49,1100 Hours,District 6 (East Central),IOWA CITY,JOHNSON,IA-1,STATE 1/IOWA 1,Collision with:  Vehicle in traffic,On Roadway,Rear-end (front to rear),Followed too close,None Indicated,None apparent,Daylight,Dry,Clear,None apparent,Non-intersection:  Non-junction/no special feature,Paved,N/A,Property Damage Only,0,0,0,0,0,0,4000,2,2,Eastbound (EB),POINT (-91.542045180787 41.647496350111)
20211238035,21-002836,05/02/2021,05-May,1-Sunday,02:25,0200 Hours,District 3 (Northwest),,OBRIEN,77,OLIVE AVE AND B030/370TH ST,Collision with fixed object:  Ditch,On Roadway,Non-collision (single vehicle),Driving too fast for conditions,Under Influence of Alcohol/Drugs/Medications,None apparent,Dark - roadway not lighted,Dry,Clear,None apparent,Non-intersection:  Non-junction/no special feature,Unpaved,N/A,Property Damage Only,0,0,0,0,0,0,2000,1,1,Northbound (NB),POINT (-95.762222895868 43.113294950169)
20211239630,21-009314,05/03/2021,05-May,2-Monday,07:44,0700 Hours,District 5 (Southeast),,MARION,77,T017/HWY T17,Collision with:  Vehicle in traffic,On Roadway,Rear-end (front to rear),Followed too close,None Indicated,None apparent,Daylight,Dry,Clear,None apparent,Non-intersection:  Non-junction/no special feature,Paved,N/A,Property Damage Only,0,0,0,0,0,0,30000,3,3,Northbound (NB),POINT (-92.914270695038 41.365411134641)
20211238691,2021-11194,05/03/2021,05-May,2-Monday,08:52,0800 Hours,District 6 (East Central),BETTENDORF,SCOTT,77,TANGLEFOOT LN AND DEVILS GLEN RD,Collision with:  Non-motorist (see non-motorist section - NOT a unit),On Roadway,Non-collision (single vehicle),FTYROW:  To pedestrian,None Indicated,None apparent,Daylight,Dry,Cloudy,None apparent,Intersection:  Four-way intersection,Paved,N/A,Major Injury,0,1,1,0,0,0,50,1,1,Southbound (SB),POINT (-90.483512085097 41.560705630445)
20211238412,21-12828,05/04/2021,05-May,3-Tuesday,06:44,0600 Hours,District 3 (Northwest),SIOUX CITY,WOODBURY,IA-12,STATE 376/LEWIS BLVD AND STATE 12/NE RAMP,Collision with:  Vehicle in traffic,On Roadway,Broadside (front to side),FTYROW:  From stop sign,None Indicated,None apparent,Dawn,Dry,Clear,None apparent,Intersection:  T-intersection,Paved,N/A,Property Damage Only,0,0,0,0,0,0,12500,2,2,Northbound (NB),POINT (-96.379469564087 42.491245758042)
20211238795,21-1948,05/05/2021,05-May,4-Wednesday,00:00,0000 Hours,District 6 (East Central),HIAWATHA,LINN,77,CLARK ST NE,Collision with:  Parked motor vehicle,Shoulder,Other (explain in narrative),Unknown,None Indicated,Unknown,Unknown,Dry,Clear,None apparent,Non-intersection:  Non-junction/no special feature,Paved,N/A,Property Damage Only,0,0,0,0,0,0,5000,2,1,Southbound (SB),POINT (-91.675383673392 42.038179577221)
20211238854,2021010503,05/05/2021,05-May,4-Wednesday,07:22,0700 Hours,District 4 (Southwest),,DALLAS,I-80,INTERSTATE 80/I 80 EB 110MM,Collision with:  Animal,On Roadway,Non-collision (single vehicle),Animal,None Indicated,Animal in roadway,Daylight,Dry,Clear,None apparent,Non-intersection:  Non-junction/no special feature,Paved,N/A,Property Damage Only,0,0,0,0,0,0,4000,1,1,Westbound (WB),POINT (-94.019163323665 41.539527876876)
20211238946,202101177,05/06/2021,05-May,5-Thursday,17:53,1700 Hours,District 6 (East Central),,LINN,77,W045/ALICE RD,Collision with:  Vehicle in traffic,On Roadway,Broadside (front to side),FTYROW:  From stop sign,None Indicated,None apparent,Daylight,Dry,Clear,None apparent,Intersection:  Four-way intersection,Paved,N/A,Possible/Unknown,0,1,0,0,1,0,21000,2,5,Northbound (NB),POINT (-91.695863162507 42.197392340653)
20211239038,20210012427,05/07/2021,05-May,6-Friday,07:30,0700 Hours,District 1 (Central),DES MOINES,POLK,I-235,PENNSYLVANIA AVE AND INTERSTATE 235/PENN AND E 6TH CONNECTOR AND INTERSTATE 235/PENN NE EXIT RAMP,Collision with:  Vehicle in traffic,On Roadway,Broadside (front to side),FTYROW:  Making right turn on red signal,None Indicated,None apparent,Daylight,Dry,Clear,None apparent,Intersection:  Four-way intersection,Paved,N/A,Property Damage Only,0,0,0,0,0,0,6000,2,3,Westbound (WB),POINT (-93.608700724758 41.595828439413)
20211240524,2021-001378,05/07/2021,05-May,6-Friday,16:13,1600 Hours,District 6 (East Central),FARLEY,DUBUQUE,77,US 20 AND OLDE CASTLE RD AND 1ST AVE W,Collision with:  Vehicle in traffic,On Roadway,Broadside (front to side),FTYROW:  Making left turn,None Indicated,None apparent,Daylight,Dry,Clear,None apparent,Intersection:  Four-way intersection,Paved,N/A,Property Damage Only,0,0,0,0,0,0,19500,2,2,Northbound (NB),POINT (-91.020085990298 42.447440014111)
20211240158,W21-035619,05/08/2021,05-May,7-Saturday,11:22,1100 Hours,District 2 (Northeast),WATERLOO,BLACK HAWK,77,ASHLAND AVE AND DAWSON ST,Collision with:  Vehicle in traffic,On Roadway,Other (explain in narrative),"Operating vehicle in an reckless, erratic, careless, negligent manner",None Indicated,None apparent,Daylight,Dry,Clear,None apparent,Intersection:  Four-way intersection,Paved,N/A,Property Damage Only,0,0,0,0,0,0,2000,2,3,Northbound (NB),POINT (-92.35260644959 42.514066053041)
20211239913,21001974,05/09/2021,05-May,1-Sunday,20:27,2000 Hours,District 1 (Central),AMES,STORY,US 30,US 30,Non-collision events:  Overturn/rollover,Shoulder,Non-collision (single vehicle),Driver Distraction:  Inattentive/lost in thought,None Indicated,None apparent,Dark - roadway lighted,Wet,Clear,None apparent,Non-intersection:  Non-junction/no special feature,Paved,N/A,Property Damage Only,0,0,0,0,0,0,5000,1,2,Southbound (SB),POINT (-93.65328655932 42.006803405467)
20211240097,2021010923,05/10/2021,05-May,2-Monday,10:15,1000 Hours,District 6 (East Central),MANCHESTER,DELAWARE,77,SB 100 BLK S FRANKLIN ST,Collision with:  Parked motor vehicle,On Roadway,"Sideswipe, same direction",Other (explain in narrative):  Other,None Indicated,None apparent,Daylight,Dry,Clear,None apparent,Non-intersection:  Non-junction/no special feature,Paved,N/A,Property Damage Only,0,0,0,0,0,0,2500,2,1,Northbound (NB),POINT (-91.457900451654 42.483517701761)
20211239945,202100014952,05/10/2021,05-May,2-Monday,17:42,1700 Hours,District 5 (Southeast),OTTUMWA,WAPELLO,77,E VINE ST AND N RANSOM ST,Collision with:  Vehicle in traffic,On Roadway,Broadside (front to side),FTYROW:  From stop sign,None Indicated,None apparent,Daylight,Dry,Clear,None apparent,Intersection:  Other intersection (explain in narrative),Paved,N/A,Possible/Unknown,0,1,0,0,1,0,7500,2,2,Southbound (SB),POINT (-92.42231153937 41.004902673388)
20211239618,S21-000848,05/11/2021,05-May,3-Tuesday,02:20,0200 Hours,District 4 (Southwest),,POTTAWATTAMIE,I-80,INTERSTATE 80/I 80/ MM43.5 WB,Collision with:  Animal,On Roadway,Non-collision (single vehicle),Animal,None Indicated,Animal in roadway,N/A,N/A,N/A,None apparent,Non-intersection:  Non-junction/no special feature,Paved,N/A,Property Damage Only,0,0,0,0,0,0,5000,1,2,Southbound (SB),POINT (-95.273040101265 41.498076595926)
20211240956,21-36733,05/12/2021,05-May,4-Wednesday,14:42,1400 Hours,District 2 (Northeast),ELK RUN HEIGHTS,BLACK HAWK,77,SUTTON AVE,Collision with fixed object:  Utility pole/light support,On Roadway,Non-collision (single vehicle),Driving too fast for conditions,Under Influence of Alcohol/Drugs/Medications,None apparent,Daylight,Dry,Clear,None apparent,Non-intersection:  Non-junction/no special feature,Paved,N/A,Major Injury,0,2,1,1,0,0,102000,1,5,Northbound (NB),POINT (-92.26020220729 42.471575670298)
20211239911,21-006506,05/12/2021,05-May,4-Wednesday,13:12,1300 Hours,District 4 (Southwest),GLENWOOD,MILLS,77,6TH ST AND N WALNUT ST,Collision with:  Vehicle in traffic,On Roadway,"Angle, oncoming left turn",FTYROW:  From stop sign,None Indicated,None apparent,Daylight,Dry,Clear,None apparent,Intersection:  T-intersection,Paved,N/A,Property Damage Only,0,0,0,0,0,0,5000,2,4,Northbound (NB),POINT (-95.743560052684 41.052409971614)
20211239965,21-13802,05/13/2021,05-May,5-Thursday,04:30,0400 Hours,District 3 (Northwest),SIOUX CITY,WOODBURY,77,S ST MARYS ST,Collision with:  Parked motor vehicle,On Roadway,Other (explain in narrative),Made improper turn,None Indicated,None apparent,Dark - roadway lighted,Dry,Clear,None apparent,Non-intersection:  Other non-intersection (explain in narrative),Paved,N/A,Property Damage Only,0,0,0,0,0,0,3800,2,1,Northbound (NB),POINT (-96.360456413875 42.468834887215)
20211240126,21-005050,05/14/2021,05-May,6-Friday,09:49,0900 Hours,District 4 (Southwest),COUNCIL BLUFFS,POTTAWATTAMIE,77,AVE K,Collision with:  Parked motor vehicle,On Roadway,"Sideswipe, same direction",Lost Control,Drug,Unknown,Daylight,Unknown,Unknown,None apparent,Non-intersection:  Non-junction/no special feature,Paved,N/A,Property Damage Only,0,0,0,0,0,0,4000,2,1,Southbound (SB),POINT (-95.878861088403 41.271701356539)
20211240848,21037335,05/14/2021,05-May,6-Friday,16:04,1600 Hours,District 2 (Northeast),CEDAR FALLS,BLACK HAWK,77,GREENHILL RD/ALGONQUIN DR,Collision with:  Vehicle in traffic,On Roadway,Rear-end (front to rear),Driver Distraction:  Inattentive/lost in thought,None Indicated,None apparent,Daylight,Dry,Cloudy,None apparent,Non-intersection:  Non-junction/no special feature,Paved,N/A,Property Damage Only,0,0,0,0,0,0,8000,2,2,Southbound (SB),POINT (-92.46064035645 42.498802179709)
20211240925,2021-12416,05/15/2021,05-May,7-Saturday,18:39,1800 Hours,District 6 (East Central),BETTENDORF,SCOTT,77,MISSISSIPPI BLVD AND 16TH ST,Collision with:  Vehicle in traffic,On Roadway,Broadside (front to side),Ran Stop Sign,None Indicated,None apparent,Daylight,Dry,Cloudy,None apparent,Intersection:  Four-way intersection,Paved,N/A,Property Damage Only,0,0,0,0,0,0,10000,2,3,Northbound (NB),POINT (-90.510044364206 41.528338374824)
20211240413,CFS2104243,05/16/2021,05-May,1-Sunday,07:23,0700 Hours,District 5 (Southeast),PELLA,MARION,77,W 8TH ST AND WASHINGTON ST,Non-collision events:  Non-contact vehicle (phantom),Roadside,Non-collision (single vehicle),Ran off road - right,None Indicated,Other (explain in narrative),Daylight,Dry,"Fog, smoke, smog",None apparent,Non-intersection:  Non-junction/no special feature,Paved,N/A,Possible/Unknown,0,1,0,0,1,0,10250,1,1,Southbound (SB),POINT (-92.933702447596 41.410372041308)
20211240584,202101270,05/17/2021,05-May,2-Monday,05:30,0500 Hours,District 6 (East Central),,LINN,77,US 30 AND SKILLMAN RD,Collision with:  Animal,Unknown,N/A,Animal,None Indicated,N/A,N/A,N/A,N/A,N/A,N/A,Unpaved,N/A,Property Damage Only,0,0,0,0,0,0,5000,1,1,Northbound (NB),POINT (-91.502353199009 41.922229360365)
20211240571,2021-33850,05/17/2021,05-May,2-Monday,08:26,0800 Hours,District 6 (East Central),DAVENPORT,SCOTT,US 67,US 67/E RIVER DR AND MCCLELLAN BLVD,Collision with:  Vehicle in traffic,On Roadway,Broadside (front to side),FTYROW:  Making left turn,None Indicated,None apparent,Daylight,Wet,Rain,None apparent,Intersection:  T-intersection,Paved,N/A,Property Damage Only,0,0,0,0,0,0,7000,2,2,Northbound (NB),POINT (-90.538453571591 41.528860274132)
20211240897,21-2152,05/18/2021,05-May,3-Tuesday,05:25,0500 Hours,District 6 (East Central),,LINN,I-380,NB/EB Interstate 0380,Collision with:  Animal,Unknown,N/A,Animal,None Indicated,N/A,N/A,N/A,N/A,N/A,N/A,Paved,N/A,Property Damage Only,0,0,0,0,0,0,7000,1,1,Northbound (NB),POINT (-91.701351046036 42.085426360427)
20211241190,21-05553,05/19/2021,05-May,4-Wednesday,21:00,2100 Hours,District 3 (Northwest),,SIOUX,77,A54B/A54B BLVD AND CHERRY AVE,Collision with:  Animal,Unknown,N/A,Animal,None Indicated,N/A,N/A,N/A,N/A,N/A,N/A,Unpaved,N/A,Property Damage Only,0,0,0,0,0,0,15000,1,2,Northbound (NB),POINT (-96.451554781535 43.228392705904)
20211241080,2021011711,05/19/2021,05-May,4-Wednesday,03:46,0300 Hours,District 2 (Northeast),,WORTH,I-35,INTERSTATE 35/I 35,Collision with fixed object:  Cable barrier,Shoulder,Non-collision (single vehicle),Ran off road - left,None Indicated,None apparent,Dark - roadway not lighted,Wet,Rain,None apparent,"Interchange-related:  Off-ramp, diverge area",Paved,N/A,Fatal,1,0,0,0,0,0,53008,1,1,Northbound (NB),POINT (-93.349929204203 43.284965843258)
20211240974,PD21-01072,05/20/2021,05-May,5-Thursday,00:12,0000 Hours,District 1 (Central),MARSHALLTOWN,MARSHALL,77,INDUSTRIAL BLVD AND SOUTH 14TH AVE,Collision with fixed object:  Curb/island/raised median,On Roadway,Non-collision (single vehicle),Driving too fast for conditions,None Indicated,Weather conditions,Dark - roadway lighted,Wet,Rain,"Surface condition (e.g., wet, icy)",Intersection:  T-intersection,Paved,N/A,Property Damage Only,0,0,0,0,0,0,4000,1,1,Southbound (SB),POINT (-92.889490518805 42.035809214564)
20211241377,20210013934,05/21/2021,05-May,6-Friday,10:38,1000 Hours,District 1 (Central),DES MOINES,POLK,IA-28,STATE 28/IOWA 5,Collision with:  Vehicle in traffic,On Roadway,Rear-end (front to rear),Other (explain in narrative):  Other,None Indicated,None apparent,Daylight,Dry,Cloudy,None apparent,Intersection:  Four-way intersection,Paved,N/A,Possible/Unknown,0,2,0,0,2,0,20000,2,2,Eastbound (EB),POINT (-93.683468376323 41.515189348236)
20211241584,21-01063,05/21/2021,05-May,6-Friday,12:50,1200 Hours,District 1 (Central),URBANDALE,POLK,77,3300 100TH ST,Collision with:  Vehicle in traffic,On Roadway,Rear-end (front to rear),Other (explain in narrative):  Other,None Indicated,None apparent,Daylight,Dry,Cloudy,None apparent,Non-intersection:  Non-junction/no special feature,Paved,N/A,Property Damage Only,0,0,0,0,0,0,6000,2,2,Northbound (NB),POINT (-93.755858356214 41.625813741383)
20211241565,21011216,05/22/2021,05-May,7-Saturday,13:30,1300 Hours,District 6 (East Central),MARION,LINN,77,BLAIRSFERRY RD/ MARION BLVD,Collision with:  Vehicle in traffic,On Roadway,Rear-end (front to rear),Followed too close,None Indicated,None apparent,Daylight,Dry,Cloudy,None apparent,Intersection:  Four-way intersection,Paved,N/A,Property Damage Only,0,0,0,0,0,0,15000,5,8,Northbound (NB),POINT (-91.612271261092 42.030877126938)
20211242553,21004591,05/23/2021,05-May,1-Sunday,02:30,0200 Hours,District 5 (Southeast),,LOUISA,IA-92,STATE 92/IOWA 92,Non-collision events:  Overturn/rollover,On Roadway,Non-collision (single vehicle),Ran off road - right,None Indicated,None apparent,Dark - roadway not lighted,Dry,Cloudy,None apparent,Non-intersection:  Non-junction/no special feature,Paved,N/A,Possible/Unknown,0,1,0,0,0,1,30000,1,1,Southbound (SB),POINT (-91.390081146641 41.281150120217)
20211242226,20210014217,05/23/2021,05-May,1-Sunday,16:00,1600 Hours,District 1 (Central),DES MOINES,POLK,77,INTERSTATE 235 ENTRANCE RAMP AND MLK JR PKWY,Collision with:  Vehicle in traffic,On Roadway,"Sideswipe, same direction",Followed too close,None Indicated,None apparent,Daylight,Dry,Cloudy,None apparent,Interchange-related:  On-ramp,Paved,N/A,Property Damage Only,0,0,0,0,0,0,2000,2,5,Eastbound (EB),POINT (-93.64429538093 41.596391079362)
20211241825,21-3641,05/24/2021,05-May,2-Monday,16:51,1600 Hours,District 1 (Central),GRIMES,POLK,IA-44,"1ST ST & NE MAIN ST, GRIMES",Collision with:  Vehicle in traffic,On Roadway,Rear-end (front to rear),Followed too close,None Indicated,None apparent,Daylight,Dry,Clear,None apparent,Non-intersection:  Non-junction/no special feature,Paved,N/A,Property Damage Only,0,0,0,0,0,0,11000,2,3,Southbound (SB),POINT (-93.790884541406 41.688393647226)
20211245030,21-0000490,05/25/2021,05-May,3-Tuesday,11:19,1100 Hours,District 2 (Northeast),MCGREGOR,CLAYTON,77,ASH ST,Collision with:  Work zone maintenance equipment,On Roadway,Non-collision (single vehicle),Swerving/Evasive Action,None Indicated,None apparent,Daylight,Gravel,Clear,Work Zone (roadway-related),Non-intersection:  Non-junction/no special feature,Paved,Yes,Property Damage Only,0,0,0,0,0,0,3000,1,1,Northbound (NB),POINT (-91.178809183102 43.027004769553)
20211242037,21-002573,05/25/2021,05-May,3-Tuesday,16:00,1600 Hours,District 1 (Central),ANKENY,POLK,77,NW 18TH ST,Collision with:  Vehicle in traffic,On Roadway,Rear-end (front to rear),Followed too close,None Indicated,None apparent,Daylight,Dry,Clear,None apparent,Intersection:  Four-way intersection,Paved,N/A,Property Damage Only,0,0,0,0,0,0,3500,3,4,Southbound (SB),POINT (-93.61802242029 41.746377812154)
20211242268,21-000559,05/26/2021,05-May,4-Wednesday,16:30,1600 Hours,District 1 (Central),COLO,STORY,77,E041/LINCOLN HWY,Other (explain in narrative),On Roadway,Rear-end (front to rear),Aggressive driving/road rage,None Indicated,None apparent,Daylight,Dry,Clear,None apparent,Intersection:  T-intersection,Paved,N/A,Property Damage Only,0,0,0,0,0,0,11000,2,5,Southbound (SB),POINT (-93.324042771562 42.022525553916)
20211242387,21-3728,05/27/2021,05-May,5-Thursday,14:22,1400 Hours,District 1 (Central),,POLK,US 69,6000-B OF NE 14TH ST,Collision with:  Vehicle in traffic,Roadside,Rear-end (front to rear),Improper Backing,None Indicated,None apparent,Daylight,Dry,Cloudy,None apparent,Intersection:  T-intersection,Paved,N/A,Property Damage Only,0,0,0,0,0,0,8289,2,2,Northbound (NB),POINT (-93.600801012913 41.67163843304)
20211242871,21-15455,05/27/2021,05-May,5-Thursday,18:42,1800 Hours,District 3 (Northwest),SIOUX CITY,WOODBURY,77,SERGEANT RD,Collision with:  Vehicle in traffic,On Roadway,Rear-end (front to rear),Followed too close,None Indicated,None apparent,Daylight,Wet,Rain,None apparent,Intersection:  Four-way intersection,Paved,N/A,Property Damage Only,0,0,0,0,0,0,5000,2,2,Northbound (NB),POINT (-96.344942588868 42.446345553591)
20211242576,21-2752,05/28/2021,05-May,6-Friday,16:01,1600 Hours,District 3 (Northwest),IDA GROVE,IDA,77,5TH ST AND MAIN ST,Collision with:  Vehicle in traffic,On Roadway,Broadside (front to side),Made improper turn,None Indicated,None apparent,Daylight,Dry,Cloudy,None apparent,Intersection:  Four-way intersection,Paved,N/A,Property Damage Only,0,0,0,0,0,0,5000,2,2,Southbound (SB),POINT (-95.471307095147 42.341429821576)
20211244042,2021012809,05/29/2021,05-May,7-Saturday,21:08,2100 Hours,District 1 (Central),,JASPER,I-80,INTERSTATE 80 EB 177MM,Collision with:  Animal,Unknown,N/A,Animal,None Indicated,N/A,N/A,N/A,N/A,N/A,N/A,Paved,N/A,Property Damage Only,0,0,0,0,0,0,2500,1,1,Southbound (SB),POINT (-92.836309106837 41.695168711854)
20211242662,20210014894,05/29/2021,05-May,7-Saturday,22:51,2200 Hours,District 1 (Central),DES MOINES,POLK,77,50TH ST MEASURING 373 FEET NORTH FROM URBANDALE AVE AND 50TH ST,Collision with:  Parked motor vehicle,On Roadway,Rear-end (front to rear),"Operating vehicle in an reckless, erratic, careless, negligent manner",None Indicated,None apparent,Dark - roadway lighted,Dry,Clear,None apparent,Non-intersection:  Non-junction/no special feature,Paved,N/A,Property Damage Only,0,0,0,0,0,0,10300,2,1,Northbound (NB),POINT (-93.687668687487 41.623188458609)
20211242821,21-020694,05/30/2021,05-May,1-Sunday,21:31,2100 Hours,District 5 (Southeast),MUSCATINE,MUSCATINE,77,CEDAR ST/BARTLETT,Collision with:  Parked motor vehicle,On Roadway,Head-on (front to front),Crossed centerline (undivided),Drug/Alcohol (< Statutory),None apparent,Dark - roadway lighted,Dry,Clear,None apparent,Non-intersection:  Non-junction/no special feature,Paved,N/A,Possible/Unknown,0,1,0,0,1,0,5500,2,1,Southbound (SB),POINT (-91.051421401332 41.430294765827)
20211242801,21-005821,05/31/2021,05-May,2-Monday,13:56,1300 Hours,District 4 (Southwest),COUNCIL BLUFFS,POTTAWATTAMIE,77,32ND AVE AND DIAL DR,Collision with:  Vehicle in traffic,On Roadway,Broadside (front to side),FTYROW:  From stop sign,None Indicated,None apparent,Daylight,Dry,Clear,None apparent,Intersection:  Four-way intersection,Paved,N/A,Property Damage Only,0,0,0,0,0,0,5000,2,3,Northbound (NB),POINT (-95.849560062349 41.228200607667)
20211243891,4521-021,06/01/2021,06-June,3-Tuesday,00:47,0000 Hours,District 2 (Northeast),,HOWARD,77,VERNON RD,Collision with:  Animal,Unknown,N/A,Animal,None Indicated,N/A,N/A,N/A,N/A,N/A,N/A,Paved,N/A,Property Damage Only,0,0,0,0,0,0,2500,1,3,Northbound (NB),POINT (-92.136076751797 43.355319293579)
20211243157,2021-003746,06/01/2021,06-June,3-Tuesday,15:59,1500 Hours,District 6 (East Central),DUBUQUE,DUBUQUE,US 20,NB/EB US 0020 / DODGE ST,Collision with fixed object:  Traffic sign support,Shoulder,Non-collision (single vehicle),Operator inexperience,None Indicated,None apparent,Daylight,Dry,Clear,None apparent,Intersection:  T-intersection,Paved,N/A,Property Damage Only,0,0,0,0,0,0,2500,1,1,Southbound (SB),POINT (-90.698858735797 42.49117487886)
20211243281,000090,06/02/2021,06-June,4-Wednesday,21:49,2100 Hours,District 6 (East Central),,DUBUQUE,US 20,US 20,Collision with:  Animal,Unknown,N/A,Animal,None Indicated,N/A,N/A,N/A,N/A,N/A,N/A,Paved,N/A,Property Damage Only,0,0,0,0,0,0,1500,1,1,Westbound (WB),POINT (-90.844413046947 42.440811629609)