Iowa DOT Case Number,Law Enforcement Case Number,Date of Crash,Month of Crash,Day of Week,Time of Crash,Hour,DOT District,City Name,County Name,Route with System,Location Description,First Harmful Event,Location of First Harmful Event,Manner of Crash/Collision,Major Cause,Drug or Alcohol ,Environmental Conditions,Light Conditions,Surface Conditions,Weather Conditions,Roadway Contribution,Roadway Type,Roadway Surface,Work Zone,Crash Severity,Number of Fatalities,Number of Injuries,Number of Major Injuries,Number of Minor Injuries,Number of Possible Injuries,Number of Unknown Injuries,Amount of Property Damage,Number of Vehicles Involved,Total Number of Occupants,Travel Direction,Location
20211243449,21012244,06/03/2021,06-June,5-Thursday,13:52,1300 Hours,District 6 (East Central),MARION,LINN,77,1900-BLK SUGARIDGE DR,Collision with:  Parked motor vehicle,On Roadway,Rear to side,Improper Backing,None Indicated,None apparent,Daylight,Dry,Clear,None apparent,Non-intersection:  Non-junction/no special feature,Paved,N/A,Property Damage Only,0,0,0,0,0,0,2500,2,3,Northbound (NB),POINT (-91.569159184619 42.042091932986)
20211243902,21-0505,06/03/2021,06-June,5-Thursday,12:10,1200 Hours,District 1 (Central),PLEASANT HILL,POLK,77,STATE 163/E UNIVERSITY AVE AT NE 70TH ST AND STATE 163/NE UNIVERSITY AVE,Collision with:  Vehicle in traffic,On Roadway,Broadside (front to side),Unknown,None Indicated,None apparent,Daylight,Dry,Clear,None apparent,Non-intersection:  Non-junction/no special feature,Paved,N/A,Possible/Unknown,0,1,0,0,1,0,11000,2,2,Northbound (NB),POINT (-93.469453983783 41.599417724023)
20211244459,2021013411,06/04/2021,06-June,6-Friday,14:00,1400 Hours,District 2 (Northeast),,CLAYTON,US 52,US 52 MEASURING 480 FEET EAST FROM US 52 AND LYNX AVE,Collision with:  Animal,Unknown,N/A,Animal,None Indicated,N/A,N/A,N/A,N/A,N/A,N/A,Paved,N/A,Property Damage Only,0,0,0,0,0,0,3000,1,1,Northbound (NB),POINT (-91.160025090711 42.82056480875)
20211243634,21-5106,06/05/2021,06-June,7-Saturday,01:41,0100 Hours,District 5 (Southeast),,LOUISA,77,US 61,Collision with:  Animal,Unknown,N/A,Animal,None Indicated,N/A,N/A,N/A,N/A,N/A,N/A,Paved,N/A,Property Damage Only,0,0,0,0,0,0,3000,1,3,Northbound (NB),POINT (-91.196893453751 41.280321287719)
20211243866,21-017005,06/05/2021,06-June,7-Saturday,19:19,1900 Hours,District 1 (Central),,JASPER,77,W 99TH ST S,Collision with:  Vehicle in traffic,On Roadway,Rear-end (front to rear),Improper Backing,None Indicated,None apparent,Daylight,Dry,Clear,None apparent,Non-intersection:  Driveway access (within),Unpaved,N/A,Property Damage Only,0,0,0,0,0,0,2500,2,4,Northbound (NB),POINT (-93.229225351677 41.523062784877)
20211243864,21-010245,06/06/2021,06-June,1-Sunday,22:04,2200 Hours,District 2 (Northeast),,FAYETTE,77,C014/190TH ST,Collision with:  Animal,Unknown,N/A,Animal,None Indicated,N/A,N/A,N/A,N/A,N/A,N/A,Paved,N/A,Property Damage Only,0,0,0,0,0,0,1500,1,1,Southbound (SB),POINT (-91.928901393415 42.906587326851)
20211244323,21-006443,06/07/2021,06-June,2-Monday,06:55,0600 Hours,District 3 (Northwest),BOYDEN,SIOUX,77,MAIN ST AND WEBB ST,Collision with fixed object:  Traffic sign support,On Roadway,Non-collision (single vehicle),Made improper turn,None Indicated,None apparent,Daylight,Dry,Clear,None apparent,Intersection:  Four-way intersection,Paved,N/A,Property Damage Only,0,0,0,0,0,0,2050,1,1,Northbound (NB),POINT (-96.005896559902 43.190912872316)
20211244172,21-01204,06/07/2021,06-June,2-Monday,17:00,1700 Hours,District 1 (Central),URBANDALE,POLK,77,10300 DOUGLAS AVE,Collision with:  Vehicle in traffic,On Roadway,Rear-end (front to rear),Driver Distraction:  Inattentive/lost in thought,None Indicated,None apparent,Daylight,Dry,Clear,None apparent,Non-intersection:  Non-junction/no special feature,Paved,N/A,Property Damage Only,0,0,0,0,0,0,8000,2,2,Southbound (SB),POINT (-93.759429481065 41.629375053459)
20211244425,2021-40340,06/08/2021,06-June,3-Tuesday,19:06,1900 Hours,District 6 (East Central),DAVENPORT,SCOTT,IA-461,STATE 461/HARRISON ST AND W 12TH ST MEASURING 38 FEET WEST FROM W 12TH ST,Collision with:  Vehicle in traffic,On Roadway,Other (explain in narrative),Unknown,None Indicated,None apparent,Daylight,Dry,Clear,None apparent,Non-intersection:  Non-junction/no special feature,Paved,N/A,Possible/Unknown,0,2,0,0,1,1,5000,2,2,Eastbound (EB),POINT (-90.577218324909 41.531962590482)
20211246512,21-005361,06/08/2021,06-June,3-Tuesday,09:34,0900 Hours,District 6 (East Central),,BENTON,77,26 AVE AND US 30/73 ST AND W012/26 AVE,Collision with:  Vehicle in traffic,On Roadway,"Sideswipe, same direction",Made improper turn,None Indicated,None apparent,Daylight,Dry,Clear,None apparent,Intersection:  Four-way intersection,Unpaved,N/A,Property Damage Only,0,0,0,0,0,0,13000,2,3,Northbound (NB),POINT (-91.988819687619 41.963390885603)
20211244369,CLP21001496,06/09/2021,06-June,4-Wednesday,11:14,1100 Hours,District 6 (East Central),CLINTON,CLINTON,77,100BLK N 3RD ST,Collision with:  Parked motor vehicle,Shoulder,"Sideswipe, same direction",Ran off road - left,None Indicated,None apparent,Daylight,Dry,Clear,None apparent,Non-intersection:  Non-junction/no special feature,Paved,N/A,Property Damage Only,0,0,0,0,0,0,3000,2,1,Northbound (NB),POINT (-90.190791855532 41.846406069184)
20211244629,20210016149,06/10/2021,06-June,5-Thursday,13:18,1300 Hours,District 1 (Central),DES MOINES,POLK,77,US 6/E EUCLID AVE AND E 26TH ST,Collision with:  Vehicle in traffic,On Roadway,Rear-end (front to rear),Unknown,None Indicated,None apparent,Daylight,Dry,Clear,None apparent,Intersection:  Four-way intersection,Paved,N/A,Possible/Unknown,0,1,0,0,1,0,1500,2,2,Northbound (NB),POINT (-93.566587291013 41.627731116334)
20211245416,21002447,06/10/2021,06-June,5-Thursday,19:11,1900 Hours,District 1 (Central),AMES,STORY,77,S 2ND ST AND S WALNUT ST,Collision with:  Vehicle in traffic,On Roadway,"Sideswipe, same direction",Made improper turn,None Indicated,None apparent,Daylight,Dry,Clear,None apparent,Intersection:  T-intersection,Paved,N/A,Property Damage Only,0,0,0,0,0,0,2000,2,3,Northbound (NB),POINT (-93.616912220279 42.021631359482)
20211245006,21060390,06/11/2021,06-June,6-Friday,22:14,2200 Hours,District 5 (Southeast),,WAPELLO,US 63,US 63,Collision with:  Animal,On Roadway,Non-collision (single vehicle),Animal,None Indicated,Animal in roadway,N/A,N/A,N/A,N/A,N/A,Paved,N/A,Possible/Unknown,0,1,0,0,0,1,10000,1,2,Eastbound (EB),POINT (-92.534957384322 41.107906437279)
20211244808,21-03084,06/11/2021,06-June,6-Friday,13:15,1300 Hours,District 1 (Central),WEST DES MOINES,DALLAS,77,6000 MILLS CVIC PKWY,Collision with:  Vehicle in traffic,On Roadway,Rear-end (front to rear),Driver Distraction:  Other interior distraction,None Indicated,Unknown,Daylight,Wet,Rain,None apparent,Non-intersection:  Non-junction/no special feature,Paved,N/A,Property Damage Only,0,0,0,0,0,0,2500,2,2,Westbound (WB),POINT (-93.791116521446 41.559067289536)
20211245038,2021-41620,06/12/2021,06-June,7-Saturday,19:50,1900 Hours,District 6 (East Central),DAVENPORT,SCOTT,77,JERSEY RIDGE RD,Collision with fixed object:  Fence,Roadside,Non-collision (single vehicle),Ran off road - right,None Indicated,None apparent,Dusk,Dry,Clear,None apparent,Non-intersection:  Non-junction/no special feature,Paved,N/A,Property Damage Only,0,0,0,0,0,0,3000,1,2,Northbound (NB),POINT (-90.541225659371 41.580940340817)
20211246430,21046230,06/13/2021,06-June,1-Sunday,01:01,0100 Hours,District 2 (Northeast),,BLACK HAWK,US 20,US 20,Collision with:  Animal,Unknown,N/A,Animal,None Indicated,N/A,N/A,N/A,N/A,N/A,N/A,Paved,N/A,Property Damage Only,0,0,0,0,0,0,25000,1,2,Southbound (SB),POINT (-92.072719871077 42.449174521313)
20211245512,21-18480,06/14/2021,06-June,2-Monday,21:49,2100 Hours,District 5 (Southeast),,DES MOINES,77,60TH ST AND US 61,Collision with:  Animal,Unknown,N/A,Animal,None Indicated,N/A,N/A,N/A,N/A,N/A,N/A,Paved,N/A,Property Damage Only,0,0,0,0,0,0,10000,1,2,Southbound (SB),POINT (-91.151645057768 40.767704727671)
20211245510,21-006405,06/14/2021,06-June,2-Monday,13:38,1300 Hours,District 4 (Southwest),ATLANTIC,CASS,77,MULBERRY ST AND 6TH ST,Collision with:  Vehicle in traffic,On Roadway,Head-on (front to front),Driver Distraction:  Exterior distraction,None Indicated,None apparent,Daylight,Dry,Clear,None apparent,Non-intersection:  Non-junction/no special feature,Paved,N/A,Property Damage Only,0,0,0,0,0,0,3500,2,2,Northbound (NB),POINT (-94.999151891009 41.404873982908)
20211245591,2021-14318,06/15/2021,06-June,3-Tuesday,08:24,0800 Hours,District 1 (Central),,WARREN,77,S023/HWY S23,Collision with:  Animal,Unknown,N/A,Animal,None Indicated,N/A,N/A,N/A,N/A,N/A,N/A,Paved,N/A,Property Damage Only,0,0,0,0,0,0,10000,1,1,Northbound (NB),POINT (-93.442847495746 41.453063292749)
20211246543,PD210059,06/15/2021,06-June,3-Tuesday,10:30,1000 Hours,District 1 (Central),GRUNDY CENTER,GRUNDY,IA-14,STATE 14/240TH ST,Collision with:  Vehicle in traffic,On Roadway,Rear-end (front to rear),Driver Distraction:  Other electronic device activity,None Indicated,None apparent,Daylight,Dry,Clear,None apparent,Non-intersection:  Non-junction/no special feature,Paved,N/A,Minor Injury,0,2,0,1,1,0,8000,2,3,Northbound (NB),POINT (-92.793957562948 42.361599238829)
20211245781,21-17555,06/16/2021,06-June,4-Wednesday,12:37,1200 Hours,District 3 (Northwest),SIOUX CITY,WOODBURY,77,SOUTH MAPLE ST,Collision with:  Vehicle in traffic,On Roadway,Rear-end (front to rear),Other (explain in narrative):  Improper operation,None Indicated,Visual obstruction,Daylight,Dry,Clear,Other (explain in narrative),Non-intersection:  Non-junction/no special feature,Paved,N/A,Property Damage Only,0,0,0,0,0,0,9500,2,3,Northbound (NB),POINT (-96.339546862606 42.471994997434)
20211247822,SOI20210225,06/17/2021,06-June,5-Thursday,21:13,2100 Hours,District 1 (Central),,POWESHIEK,I-80,NB/EB Interstate 0080,Collision with:  Animal,On Roadway,Non-collision (single vehicle),Animal,None Indicated,Animal in roadway,Dark - roadway not lighted,Dry,Clear,None apparent,Non-intersection:  Non-junction/no special feature,Paved,N/A,Possible/Unknown,0,1,0,0,1,0,5000,1,1,Westbound (WB),POINT (-92.728459270169 41.696243507992)
20211245881,20210016881,06/17/2021,06-June,5-Thursday,08:00,0800 Hours,District 1 (Central),DES MOINES,POLK,US 69,US 69/SE 14TH ST MEASURING 247 FEET NORTH FROM US 69/SE 14TH ST AND E WATROUS AVE,Collision with:  Vehicle in traffic,On Roadway,Rear-end (front to rear),Lost Control,None Indicated,None apparent,Daylight,Wet,Rain,None apparent,Non-intersection:  Non-junction/no special feature,Paved,N/A,Property Damage Only,0,0,0,0,0,0,6200,4,5,Eastbound (EB),POINT (-93.59684427365 41.548764507032)
20211247917,21009190,06/18/2021,06-June,6-Friday,07:40,0700 Hours,District 6 (East Central),,JACKSON,77,D061/BELLEVUE-CASCADE RD,Collision with:  Vehicle in traffic,On Roadway,"Sideswipe, opposite direction",Driver Distraction:  Other interior distraction,None Indicated,None apparent,Daylight,Dry,Clear,None apparent,Non-intersection:  Non-junction/no special feature,Paved,N/A,Minor Injury,0,2,0,1,1,0,10150,2,2,Southbound (SB),POINT (-90.541158632474 42.242656460289)
20211249351,4521-027,06/18/2021,06-June,6-Friday,17:36,1700 Hours,District 2 (Northeast),,HOWARD,US 63,150TH ST AND US 63 N,Collision with:  Vehicle in traffic,On Roadway,Broadside (front to side),Ran Stop Sign,Drug,None apparent,Daylight,Dry,Clear,None apparent,Intersection:  Four-way intersection,Paved,N/A,Major Injury,0,4,2,0,2,0,45700,3,5,Northbound (NB),POINT (-92.29878959095 43.298650597495)
20211246254,202106198361,06/19/2021,06-June,7-Saturday,17:13,1700 Hours,District 6 (East Central),GRAND MOUND,CLINTON,77,CLINTON ST AND WILLIAMS ST,Collision with:  Struck/struck by object/cargo/person from other vehicle,On Roadway,Broadside (front to side),Ran Stop Sign,None Indicated,None apparent,Daylight,Dry,Clear,None apparent,Intersection:  Four-way intersection,Paved,N/A,Property Damage Only,0,0,0,0,0,0,7400,2,6,Northbound (NB),POINT (-90.650355962729 41.824122826881)
20211246336,21-4369,06/20/2021,06-June,1-Sunday,02:00,0200 Hours,District 1 (Central),,POLK,77,7000 BLK SE 104TH ST,Collision with fixed object:  Ditch,Other (explain in narrative),Non-collision (single vehicle),Ran off road - left,None Indicated,Glare,Dark - roadway not lighted,Gravel,Clear,None apparent,Non-intersection:  Non-junction/no special feature,Unpaved,N/A,Possible/Unknown,0,1,0,0,1,0,10000,1,2,Northbound (NB),POINT (-93.385710585088 41.515150263168)
20211247327,2021-43867,06/20/2021,06-June,1-Sunday,01:07,0100 Hours,District 6 (East Central),DAVENPORT,SCOTT,US 6,US 6/W KIMBERLY RD,Non-collision events:  Overturn/rollover,On Roadway,Non-collision (single vehicle),Ran off road - right,Under Influence of Alcohol/Drugs/Medications,None apparent,Dark - roadway not lighted,Dry,Clear,None apparent,Non-intersection:  Non-junction/no special feature,Paved,N/A,Possible/Unknown,0,1,0,0,1,0,5000,1,1,Southbound (SB),POINT (-90.645774358947 41.573024641679)
20211246843,2021004339,06/21/2021,06-June,2-Monday,09:46,0900 Hours,District 6 (East Central),IOWA CITY,JOHNSON,77,MELROSE AVE,Collision with:  Vehicle in traffic,On Roadway,"Angle, oncoming left turn",FTYROW:  Making left turn,None Indicated,None apparent,Daylight,Dry,Clear,None apparent,Intersection:  Four-way intersection,Paved,N/A,Minor Injury,0,2,0,1,1,0,15000,2,2,Northbound (NB),POINT (-91.583216472241 41.657036187477)
20211246863,21-03320,06/22/2021,06-June,3-Tuesday,15:19,1500 Hours,District 1 (Central),WEST DES MOINES,POLK,77,500 1ST ST,Collision with:  Vehicle in traffic,On Roadway,"Angle, oncoming left turn",FTYROW:  From stop sign,None Indicated,None apparent,Daylight,Wet,Cloudy,None apparent,Intersection:  Four-way intersection,Paved,N/A,Minor Injury,0,2,0,1,1,0,4000,2,2,Southbound (SB),POINT (-93.703295690338 41.575454745612)
20211256735,A21-043,06/22/2021,06-June,3-Tuesday,07:13,0700 Hours,District 5 (Southeast),WINTERSET,MADISON,77,GREEN ST AND NORTH JOHN WAYNE DRIVE,Collision with fixed object:  Traffic signal support,Shoulder,Non-collision (single vehicle),Made improper turn,None Indicated,None apparent,Daylight,Dry,Clear,None apparent,Intersection:  Four-way intersection,Paved,N/A,Possible/Unknown,0,1,0,0,0,1,337220,1,1,Southbound (SB),POINT (-94.013325018123 41.336391130689)
20211247896,21060818,06/23/2021,06-June,4-Wednesday,22:49,2200 Hours,District 5 (Southeast),,WAPELLO,US 34,US 34 E,Collision with:  Animal,On Roadway,Rear-end (front to rear),Animal,None Indicated,None apparent,Dark - roadway not lighted,Dry,Clear,None apparent,Non-intersection:  Non-junction/no special feature,Paved,N/A,Minor Injury,0,4,0,2,2,0,17000,3,7,Southbound (SB),POINT (-92.520452762638 41.009388409935)
20211247932,SO21-00571,06/23/2021,06-June,4-Wednesday,21:39,2100 Hours,District 1 (Central),,MARSHALL,77,2200 MILE MARSHALLTOWN BLVD,Collision with:  Animal,Unknown,N/A,Animal,None Indicated,N/A,N/A,N/A,N/A,N/A,N/A,Paved,N/A,Property Damage Only,0,0,0,0,0,0,2000,1,1,Northbound (NB),POINT (-92.993706256924 42.028521847618)
20211247162,21-005825,06/24/2021,06-June,5-Thursday,12:40,1200 Hours,District 5 (Southeast),,CLARKE,I-35,INTERSTATE 35/I 35 37 MM SB,Collision with fixed object:  Tree,Outside trafficway,Non-collision (single vehicle),Ran off road - right,None Indicated,None apparent,Daylight,Dry,Clear,None apparent,Non-intersection:  Non-junction/no special feature,Paved,N/A,Possible/Unknown,0,1,0,0,1,0,4500,1,1,Northbound (NB),POINT (-93.781299448154 41.084270425197)
20211249719,2021-45410,06/25/2021,06-June,6-Friday,17:50,1700 Hours,District 6 (East Central),DAVENPORT,SCOTT,77,N NEVADA AVE,Collision with:  Vehicle in traffic,On Roadway,Broadside (front to side),Ran Stop Sign,None Indicated,None apparent,Daylight,Dry,Clear,None apparent,Intersection:  Four-way intersection,Paved,N/A,Minor Injury,0,1,0,1,0,0,10000,2,2,Northbound (NB),POINT (-90.628597206174 41.541941536887)
20211247410,21-03375,06/25/2021,06-June,6-Friday,18:50,1800 Hours,District 1 (Central),WEST DES MOINES,DALLAS,77,100 BLOCK OF S 68TH STREET SB,Collision with fixed object:  Ground,On Roadway,Non-collision (single vehicle),Other (explain in narrative):  Other,None Indicated,None apparent,Daylight,Dry,Cloudy,None apparent,Intersection:  Four-way intersection,Paved,N/A,Minor Injury,0,1,0,1,0,0,1000,2,5,Westbound (WB),POINT (-93.799904290713 41.568590201669)
20211247453,21-009333,06/26/2021,06-June,7-Saturday,11:06,1100 Hours,District 3 (Northwest),ARNOLDS PARK,DICKINSON,US 71,US 71/OKOBOJI GROVE RD,Collision with:  Vehicle in traffic,On Roadway,Rear-end (front to rear),Followed too close,None Indicated,Weather conditions,Daylight,Wet,Rain,"Slippery, loose, or worn surface",Non-intersection:  Non-junction/no special feature,Paved,N/A,Property Damage Only,0,0,0,0,0,0,4000,2,4,Northbound (NB),POINT (-95.128560836355 43.367584307106)
20211248086,2021-001942,06/27/2021,06-June,1-Sunday,14:24,1400 Hours,District 6 (East Central),CASCADE,DUBUQUE,77,FOX ST SE AND 1ST AVE E AND INDUSTRIAL PARK RD,Collision with:  Vehicle in traffic,On Roadway,Broadside (front to side),FTYROW:  From stop sign,None Indicated,None apparent,Daylight,Dry,Cloudy,None apparent,Intersection:  Four-way intersection,Paved,N/A,Possible/Unknown,0,1,0,0,1,0,11000,2,2,Northbound (NB),POINT (-90.995450244299 42.305822482526)
20211258626,PDI20210523,06/27/2021,06-June,1-Sunday,01:04,0100 Hours,District 1 (Central),GRINNELL,POWESHIEK,77,1ST AVE,Collision with:  Vehicle in traffic,On Roadway,Broadside (front to side),FTYROW:  From stop sign,None Indicated,None apparent,Dark - roadway lighted,Dry,Clear,None apparent,Intersection:  Four-way intersection,Paved,N/A,Property Damage Only,0,0,0,0,0,0,3000,2,4,Southbound (SB),POINT (-92.725694194639 41.738885560964)
20211247773,20210018053,06/28/2021,06-June,2-Monday,11:25,1100 Hours,District 1 (Central),DES MOINES,POLK,IA-28,STATE 28/63RD ST MEASURING 210 FEET SOUTH FROM STATE 28/63RD ST AND PLEASANT DR,Collision with:  Vehicle in traffic,On Roadway,Rear-end (front to rear),Followed too close,None Indicated,None apparent,Daylight,Dry,Cloudy,None apparent,Non-intersection:  Non-junction/no special feature,Paved,N/A,Possible/Unknown,0,1,0,0,1,0,11000,2,2,Northbound (NB),POINT (-93.703498239774 41.590801845842)
20211248097,2021-004436,06/29/2021,06-June,3-Tuesday,21:58,2100 Hours,District 6 (East Central),DUBUQUE,DUBUQUE,77,CLEVELAND AVE MEASURING 61 FEET EAST FROM HOLLY ST AND CLEVELAND AVE,Collision with:  Parked motor vehicle,Shoulder,"Sideswipe, same direction",Driver Distraction:  Exterior distraction,None Indicated,None apparent,Dark - roadway not lighted,Dry,Clear,None apparent,Non-intersection:  Non-junction/no special feature,Paved,N/A,Property Damage Only,0,0,0,0,0,0,4000,2,1,Southbound (SB),POINT (-90.675694508386 42.487798510513)
20211249236,21-5982,06/30/2021,06-June,4-Wednesday,17:08,1700 Hours,District 5 (Southeast),,LOUISA,IA-70,STATE 70/IOWA 70,Collision with:  Vehicle in traffic,On Roadway,Rear-end (front to rear),Driver Distraction:  Other interior distraction,None Indicated,None apparent,Daylight,Dry,Clear,None apparent,Non-intersection:  Non-junction/no special feature,Paved,N/A,Possible/Unknown,0,3,0,0,3,0,10000,2,4,Northbound (NB),POINT (-91.359072869695 41.293952943202)
20211248306,21-03460,06/30/2021,06-June,4-Wednesday,00:01,0000 Hours,District 1 (Central),WEST DES MOINES,POLK,IA-5,HIGHWAY 5 WESTBOUND TO VETERAN'S PARKWAY EXIT,Collision with:  Vehicle in traffic,Shoulder,Rear-end (front to rear),Other (explain in narrative):  Other,None Indicated,None apparent,Dark - roadway not lighted,Dry,Clear,None apparent,Non-intersection:  Non-junction/no special feature,Paved,N/A,Property Damage Only,0,0,0,0,0,0,8500,2,1,Northbound (NB),POINT (-93.717650524237 41.520934975538)
20211248225,21-006077,07/01/2021,07-July,5-Thursday,06:25,0600 Hours,District 5 (Southeast),OSCEOLA,CLARKE,77,805 WARREN AVE,Collision with:  Vehicle in traffic,On Roadway,Broadside (front to side),Unknown,None Indicated,None apparent,Daylight,Dry,Clear,None apparent,Non-intersection:  Driveway access (within),Paved,N/A,Property Damage Only,0,0,0,0,0,0,2000,2,2,Northbound (NB),POINT (-93.788744581024 41.025847641169)
20211248638,21-003178,07/02/2021,07-July,6-Friday,14:50,1400 Hours,District 3 (Northwest),GEORGE,LYON,77,MAIN ST,Collision with:  Struck/struck by object/cargo/person from other vehicle,Other (explain in narrative),Non-collision (single vehicle),Operator inexperience,None Indicated,None apparent,Daylight,Dry,Clear,None apparent,Non-intersection:  Non-junction/no special feature,Paved,N/A,Property Damage Only,0,0,0,0,0,0,2000,1,1,Northbound (NB),POINT (-96.002339936555 43.344441897975)
20211248897,2108230,07/02/2021,07-July,6-Friday,22:00,2200 Hours,District 5 (Southeast),,WASHINGTON,US 218,US 218/SW LOOP,Collision with:  Vehicle in traffic,On Roadway,Rear-end (front to rear),Followed too close,None Indicated,None apparent,Dark - roadway lighted,Dry,Clear,None apparent,Intersection:  Intersection with ramp,Paved,N/A,Property Damage Only,0,0,0,0,0,0,2900,2,2,Eastbound (EB),POINT (-91.535751369209 41.29051759257)
20211248568,20210018615,07/03/2021,07-July,7-Saturday,11:45,1100 Hours,District 1 (Central),DES MOINES,POLK,IA-28,STATE 28/MERLE HAY RD MEASURING 610 FEET NORTH FROM STATE 28/MERLE HAY RD AND MADISON AVE,Collision with:  Vehicle in traffic,On Roadway,Broadside (front to side),FTYROW:  Making left turn,None Indicated,None apparent,Daylight,Dry,Clear,None apparent,"Non-intersection:  Driveway access (related, not in)",Paved,N/A,Property Damage Only,0,0,0,0,0,0,3500,2,3,Northbound (NB),POINT (-93.697755810524 41.634665860642)
20211249195,21-03534,07/03/2021,07-July,7-Saturday,10:51,1000 Hours,District 1 (Central),WEST DES MOINES,POLK,77,4900 BLOCK GRAND AVENUE (EB),Collision with:  Vehicle in traffic,On Roadway,Rear-end (front to rear),Driving too fast for conditions,Drug,None apparent,Daylight,Dry,Clear,None apparent,Intersection:  Four-way intersection,Paved,N/A,Property Damage Only,0,0,0,0,0,0,5000,2,5,Northbound (NB),POINT (-93.765039939715 41.541301252491)
20211249324,21002841,07/04/2021,07-July,1-Sunday,17:28,1700 Hours,District 1 (Central),AMES,STORY,I-35,INTERSTATE 35/I 35,Collision with:  Vehicle in traffic,On Roadway,"Sideswipe, same direction",Failed to keep in proper lane,None Indicated,None apparent,Daylight,Dry,Clear,None apparent,Non-intersection:  Non-junction/no special feature,Paved,N/A,Minor Injury,0,2,0,1,1,0,34000,2,4,Northbound (NB),POINT (-93.570909507155 42.030317559459)
20211248811,21C02627,07/05/2021,07-July,2-Monday,18:05,1800 Hours,District 4 (Southwest),CRESTON,UNION,77,N ELM ST,Collision with:  Re-entering roadway,On Roadway,Rear-end (front to rear),Driver Distraction:  Other interior distraction,None Indicated,None apparent,Daylight,Dry,Clear,None apparent,Non-intersection:  Non-junction/no special feature,Paved,N/A,Property Damage Only,0,0,0,0,0,0,3500,2,1,Northbound (NB),POINT (-94.36495982997 41.074132124759)
20211249077,21020115,07/06/2021,07-July,3-Tuesday,23:45,2300 Hours,District 5 (Southeast),KEOKUK,LEE,77,900 BLK 14TH ST S,Collision with:  Vehicle in traffic,On Roadway,"Sideswipe, same direction",Driver Distraction:  Unrestrained animal,None Indicated,Animal in roadway,Dark - roadway lighted,Dry,Clear,None apparent,Non-intersection:  Non-junction/no special feature,Paved,N/A,Possible/Unknown,0,1,0,0,1,0,3000,2,4,Southbound (SB),POINT (-91.400153038742 40.397085698973)
20211249190,2021016001,07/06/2021,07-July,3-Tuesday,13:46,1300 Hours,District 2 (Northeast),,WINNESHIEK,77,W038/LOCUST RD MEASURING 1660 FEET NORTH FROM W038/LOCUST RD AND W040/CO RD W40,Collision with:  Vehicle in traffic,On Roadway,Rear-end (front to rear),Lost Control,None Indicated,None apparent,Daylight,Dry,Clear,None apparent,Non-intersection:  Non-junction/no special feature,Paved,N/A,Major Injury,0,2,1,1,0,0,20000,2,2,Northbound (NB),POINT (-91.720102745178 43.437258658627)
20211249365,21-015061,07/07/2021,07-July,4-Wednesday,14:20,1400 Hours,District 5 (Southeast),,MARION,IA-5,IA 5 N,Collision with:  Vehicle in traffic,On Roadway,Rear-end (front to rear),Followed too close,None Indicated,None apparent,Daylight,Dry,Clear,None apparent,Non-intersection:  Non-junction/no special feature,Paved,N/A,Property Damage Only,0,0,0,0,0,0,3750,2,3,Northbound (NB),POINT (-93.015344438906 41.22971293167)
20211249514,21007298,07/08/2021,07-July,5-Thursday,15:07,1500 Hours,District 5 (Southeast),CENTERVILLE,APPANOOSE,IA-5,STATE 5/N 18TH ST,Collision with:  Animal,Unknown,N/A,Animal,None Indicated,N/A,N/A,N/A,N/A,N/A,N/A,Paved,N/A,Property Damage Only,0,0,0,0,0,0,2500,1,1,Northbound (NB),POINT (-92.868041494174 40.742453760145)
20211249433,S21-001297,07/08/2021,07-July,5-Thursday,14:35,1400 Hours,District 4 (Southwest),,POTTAWATTAMIE,I-29,INTERSTATE 29/I 29,Collision with:  Vehicle in traffic,On Roadway,"Sideswipe, same direction",Swerving/Evasive Action,None Indicated,None apparent,Daylight,Dry,Clear,None apparent,Non-intersection:  Non-junction/no special feature,Paved,N/A,Minor Injury,0,2,0,2,0,0,10000,2,5,Northbound (NB),POINT (-95.892065069031 41.34275380293)
20211249683,21-3600,07/09/2021,07-July,6-Friday,13:03,1300 Hours,District 3 (Northwest),,IDA,77,EAGLE AVE,Collision with:  Vehicle in traffic,On Roadway,Rear-end (front to rear),Followed too close,None Indicated,None apparent,Daylight,Dry,Cloudy,Work Zone (roadway-related),Non-intersection:  Non-junction/no special feature,Paved,Yes,Property Damage Only,0,0,0,0,0,0,4000,2,2,Northbound (NB),POINT (-95.574715732915 42.470871973931)
20211249908,21006769,07/10/2021,07-July,7-Saturday,16:18,1600 Hours,District 5 (Southeast),ALBIA,MONROE,IA-5,STATE 5/S MAIN ST AND WASHINGTON AVE W AND WASHINGTON AVE E,Other (explain in narrative),On Roadway,Rear-end (front to rear),Driver Distraction:  Reaching for object(s)/fallen object(s),None Indicated,None apparent,Daylight,Dry,Clear,None apparent,Intersection:  Four-way intersection,Paved,N/A,Property Damage Only,0,0,0,0,0,0,1700,2,3,Northbound (NB),POINT (-92.807097228694 41.026187057459)
20211249884,21-09088,07/10/2021,07-July,7-Saturday,01:57,0100 Hours,District 6 (East Central),,JONES,77,BUFFALO RD,Collision with fixed object:  Ditch,Shoulder,Non-collision (single vehicle),"Operating vehicle in an reckless, erratic, careless, negligent manner",Alcohol (Statutory),None apparent,Dark - roadway not lighted,Gravel,Clear,"Slippery, loose, or worn surface",Non-intersection:  Non-junction/no special feature,Unpaved,N/A,Minor Injury,0,1,0,1,0,0,5000,1,1,Southbound (SB),POINT (-91.334245477112 42.145536880247)
20211249794,2021004862,07/11/2021,07-July,1-Sunday,14:59,1400 Hours,District 6 (East Central),IOWA CITY,JOHNSON,I-80,INTERSTATE 80/SE RAMP CURV AND INTERSTATE 80/SW RAMP CURV AND STATE 1/N DODGE ST,Collision with:  Vehicle in traffic,On Roadway,Rear-end (front to rear),Followed too close,None Indicated,None apparent,Daylight,Dry,Clear,None apparent,Intersection:  Four-way intersection,Paved,N/A,Property Damage Only,0,0,0,0,0,0,3000,2,4,Southbound (SB),POINT (-91.50036094322 41.685437139872)