Iowa DOT Case Number,Law Enforcement Case Number,Date of Crash,Month of Crash,Day of Week,Time of Crash,Hour,DOT District,City Name,County Name,Route with System,Location Description,First Harmful Event,Location of First Harmful Event,Manner of Crash/Collision,Major Cause,Drug or Alcohol ,Environmental Conditions,Light Conditions,Surface Conditions,Weather Conditions,Roadway Contribution,Roadway Type,Roadway Surface,Work Zone,Crash Severity,Number of Fatalities,Number of Injuries,Number of Major Injuries,Number of Minor Injuries,Number of Possible Injuries,Number of Unknown Injuries,Amount of Property Damage,Number of Vehicles Involved,Total Number of Occupants,Travel Direction,Location
20211250027,2021-50533,07/12/2021,07-July,2-Monday,16:51,1600 Hours,District 6 (East Central),DAVENPORT,SCOTT,US 6,US 6/W KIMBERLY RD,Collision with:  Vehicle in traffic,On Roadway,"Angle, oncoming left turn",Made improper turn,None Indicated,None apparent,Daylight,Wet,Cloudy,None apparent,Intersection:  Four-way intersection,Paved,N/A,Property Damage Only,0,0,0,0,0,0,1700,2,3,Southbound (SB),POINT (-90.589945099797 41.560095995935)
20211251063,262101998,07/13/2021,07-July,3-Tuesday,05:49,0500 Hours,District 5 (Southeast),,DAVIS,US 63,US 63,Collision with:  Animal,Unknown,N/A,Animal,None Indicated,N/A,N/A,N/A,N/A,N/A,N/A,Paved,N/A,Property Damage Only,0,0,0,0,0,0,7000,1,2,Northbound (NB),POINT (-92.478580017203 40.740270390993)
20211250477,2021016653,07/14/2021,07-July,4-Wednesday,07:27,0700 Hours,District 5 (Southeast),,WARREN,77,G076/HWY G76 AND VERMONT ST MEASURING 1670 FEET WEST FROM G076/HWY G76,Non-collision events:  Overturn/rollover,On Roadway,Non-collision (single vehicle),Ran off road - straight,None Indicated,None apparent,Daylight,Dry,Cloudy,None apparent,Non-intersection:  Non-junction/no special feature,Paved,N/A,Minor Injury,0,1,0,1,0,0,1501,1,1,Southbound (SB),POINT (-93.707064005276 41.183657011095)
20211250480,21-01493,07/14/2021,07-July,4-Wednesday,16:22,1600 Hours,District 4 (Southwest),URBANDALE,DALLAS,77,MEREDITH DR AND 142ND ST AND NW 46TH AND MEREDITH,Collision with:  Vehicle in traffic,On Roadway,Rear-end (front to rear),Followed too close,None Indicated,None apparent,Daylight,Dry,Clear,None apparent,Intersection:  Four-way intersection,Paved,N/A,Property Damage Only,0,0,0,0,0,0,1500,2,3,Eastbound (EB),POINT (-93.814343199736 41.64384289362)
20211251338,21-12333,07/15/2021,07-July,5-Thursday,20:55,2000 Hours,District 2 (Northeast),,BREMER,77,250TH ST AND ATLAS AVE,Collision with:  Vehicle in traffic,On Roadway,Head-on (front to front),Traveling wrong way or on wrong side of road,None Indicated,None apparent,Dark - roadway not lighted,Dry,Clear,None apparent,Intersection:  T-intersection,Unpaved,N/A,Property Damage Only,0,0,0,0,0,0,4000,2,2,Southbound (SB),POINT (-92.539270658633 42.685968682342)
20211250695,21-007638,07/16/2021,07-July,6-Friday,15:10,1500 Hours,District 4 (Southwest),COUNCIL BLUFFS,POTTAWATTAMIE,77,W BROADWAY AND S 8TH ST AND N 8TH ST AND US 6/W BROADWAY,Collision with:  Vehicle in traffic,On Roadway,Rear-end (front to rear),Lost Control,None Indicated,None apparent,Daylight,Dry,Clear,None apparent,Intersection:  Four-way intersection,Paved,N/A,Possible/Unknown,0,2,0,0,1,1,4000,2,2,Northbound (NB),POINT (-95.856049214382 41.261867654804)
20211250844,21-003592,07/16/2021,07-July,6-Friday,19:20,1900 Hours,District 1 (Central),ANKENY,POLK,77,W 1ST ST AND SW STATE ST AND NW STATE ST,Collision with:  Vehicle in traffic,On Roadway,Rear-end (front to rear),Followed too close,None Indicated,None apparent,Daylight,Dry,Clear,None apparent,Intersection:  Four-way intersection,Paved,N/A,Property Damage Only,0,0,0,0,0,0,4000,2,2,Northbound (NB),POINT (-93.621502529634 41.731857743035)
20211250812,2021-51913,07/17/2021,07-July,7-Saturday,14:48,1400 Hours,District 6 (East Central),DAVENPORT,SCOTT,77,W 65TH ST AND STATE 461/BRADY ST AND VETERANS MEMORIAL PKWY,Collision with:  Vehicle in traffic,On Roadway,Rear-end (front to rear),Followed too close,None Indicated,None apparent,Daylight,Dry,Clear,None apparent,Non-intersection:  Non-junction/no special feature,Paved,N/A,Property Damage Only,0,0,0,0,0,0,1600,2,3,Southbound (SB),POINT (-90.57132514488 41.585633310814)
20211250836,21-007699,07/18/2021,07-July,1-Sunday,14:15,1400 Hours,District 4 (Southwest),COUNCIL BLUFFS,POTTAWATTAMIE,77,S 16TH ST AND 23RD AVE,Collision with:  Vehicle in traffic,On Roadway,Rear-end (front to rear),Followed too close,None Indicated,None apparent,Daylight,Dry,Clear,None apparent,Non-intersection:  Non-junction/no special feature,Paved,N/A,Property Damage Only,0,0,0,0,0,0,2500,2,2,Northbound (NB),POINT (-95.867680927668 41.239377623571)
20211251210,21-23363,07/19/2021,07-July,2-Monday,18:31,1800 Hours,District 5 (Southeast),BURLINGTON,DES MOINES,77,HASKELL ST,Collision with:  Parked motor vehicle,On Roadway,"Sideswipe, same direction",Over correcting/over steering,None Indicated,None apparent,Daylight,Dry,Cloudy,None apparent,Non-intersection:  Non-junction/no special feature,Paved,N/A,Property Damage Only,0,0,0,0,0,0,6000,2,1,Northbound (NB),POINT (-91.12813714032 40.800672808941)
20211251257,S21-001376,07/20/2021,07-July,3-Tuesday,15:45,1500 Hours,District 4 (Southwest),SHELBY,POTTAWATTAMIE,77,CARDINAL LN AND 385TH,Collision with:  Vehicle in traffic,On Roadway,Broadside (front to side),FTYROW:  From stop sign,None Indicated,None apparent,Daylight,Dry,Clear,None apparent,Intersection:  T-intersection,Paved,N/A,Property Damage Only,0,0,0,0,0,0,13000,2,2,Northbound (NB),POINT (-95.451218457622 41.495937382482)
20211251391,20210020650,07/21/2021,07-July,4-Wednesday,15:00,1500 Hours,District 1 (Central),DES MOINES,POLK,77,56TH ST MEASURING 692 FEET NORTH FROM OVID AVE AND 56TH ST,Collision with:  Parked motor vehicle,On Roadway,"Sideswipe, same direction",Unknown,None Indicated,None apparent,Daylight,Dry,Clear,None apparent,Non-intersection:  Non-junction/no special feature,Paved,N/A,Property Damage Only,0,0,0,0,0,0,5000,2,1,Northbound (NB),POINT (-93.694418244053 41.626849834114)
20211251359,21-028302,07/21/2021,07-July,4-Wednesday,08:02,0800 Hours,District 5 (Southeast),MUSCATINE,MUSCATINE,77,E 7TH ST/CYPRESS,Collision with:  Vehicle in traffic,On Roadway,Broadside (front to side),FTYROW:  From stop sign,None Indicated,None apparent,Daylight,Dry,Clear,None apparent,Intersection:  Four-way intersection,Paved,N/A,Property Damage Only,0,0,0,0,0,0,13000,2,3,Northbound (NB),POINT (-91.040187904025 41.430554230512)
20211252856,W21-058938,07/22/2021,07-July,5-Thursday,00:01,0000 Hours,District 2 (Northeast),WATERLOO,BLACK HAWK,77,ASHLAND AVE AT CONGER,Collision with:  Parked motor vehicle,On Roadway,"Sideswipe, same direction",Unknown,None Indicated,None apparent,Dark - roadway lighted,Dry,Clear,None apparent,Non-intersection:  Non-junction/no special feature,Paved,N/A,Property Damage Only,0,0,0,0,0,0,2500,2,1,Northbound (NB),POINT (-92.352597162807 42.512607059768)
20211252656,2021-002230,07/23/2021,07-July,6-Friday,23:32,2300 Hours,District 6 (East Central),,DUBUQUE,US 20,US 20,Collision with:  Other non-fixed object (explain in narrative),On Roadway,Non-collision (single vehicle),Other (explain in narrative):  No improper action,None Indicated,None apparent,Dark - roadway not lighted,Dry,Clear,None apparent,Non-intersection:  Non-junction/no special feature,Paved,N/A,Property Damage Only,0,0,0,0,0,0,1500,1,1,Westbound (WB),POINT (-91.024564457604 42.449642604487)
20211252004,21-21540,07/23/2021,07-July,6-Friday,18:02,1800 Hours,District 3 (Northwest),SIOUX CITY,WOODBURY,77,COURT ST AND 29TH ST,Collision with:  Vehicle in traffic,On Roadway,Broadside (front to side),FTYROW:  Making left turn,None Indicated,None apparent,Daylight,Dry,Clear,None apparent,Intersection:  T-intersection,Paved,N/A,Property Damage Only,0,0,0,0,0,0,4000,2,4,Southbound (SB),POINT (-96.396403174604 42.52061246827)
20211251905,2021-32952,07/24/2021,07-July,7-Saturday,17:30,1700 Hours,District 6 (East Central),,SCOTT,77,28700 BLOCK UTICA RIDGE RD/210TH AVE,Non-collision events:  Vehicle went airborne,Shoulder,Non-collision (single vehicle),"Operating vehicle in an reckless, erratic, careless, negligent manner",Refused,None apparent,Daylight,Dry,Clear,None apparent,"Non-intersection:  Driveway access (related, not in)",Paved,N/A,Minor Injury,0,1,0,1,0,0,7500,1,2,Northbound (NB),POINT (-90.490749711628 41.722903569216)
20211255666,21-009801,07/25/2021,07-July,1-Sunday,18:23,1800 Hours,District 2 (Northeast),,FLOYD,US 18,US 18,Non-collision events:  Overturn/rollover,On Roadway,Non-collision (single vehicle),"Operating vehicle in an reckless, erratic, careless, negligent manner",None Indicated,None apparent,Daylight,Dry,Clear,None apparent,Non-intersection:  Non-junction/no special feature,Paved,N/A,Major Injury,0,1,1,0,0,0,20000,1,1,Southbound (SB),POINT (-92.78832088517 43.127145605238)
20211252218,21-013874,07/26/2021,07-July,2-Monday,17:57,1700 Hours,District 5 (Southeast),,HENRY,77,J020/SALEM RD,Collision with:  Animal,On Roadway,Non-collision (single vehicle),Animal,None Indicated,Animal in roadway,Daylight,Dry,Clear,None apparent,Non-intersection:  Non-junction/no special feature,Paved,N/A,Property Damage Only,0,0,0,0,0,0,3500,1,2,Southbound (SB),POINT (-91.642727099291 40.838773230845)
20211252982,21003138,07/27/2021,07-July,3-Tuesday,17:18,1700 Hours,District 1 (Central),AMES,STORY,US 30,US 69/S DUFF AVE,Collision with:  Vehicle in traffic,On Roadway,Rear-end (front to rear),Followed too close,None Indicated,None apparent,Daylight,Dry,Clear,None apparent,Non-intersection:  Non-junction/no special feature,Paved,N/A,Property Damage Only,0,0,0,0,0,0,4500,2,2,Westbound (WB),POINT (-93.610026329995 42.005096031812)
20211252292,21-01588,07/27/2021,07-July,3-Tuesday,12:33,1200 Hours,District 1 (Central),URBANDALE,POLK,77,330BLK 100TH ST,Collision with:  Vehicle in traffic,On Roadway,"Angle, oncoming left turn",FTYROW:  Making left turn,None Indicated,None apparent,Daylight,Dry,Clear,None apparent,Intersection:  Four-way intersection,Paved,N/A,Property Damage Only,0,0,0,0,0,0,7500,2,2,Northbound (NB),POINT (-93.755773713354 41.624733438258)
20211254565,2021018109,07/28/2021,07-July,4-Wednesday,15:00,1500 Hours,District 1 (Central),,POLK,I-80,"EB 137MM, INTERSTATE 35/I 35",Collision with:  Vehicle in traffic,On Roadway,"Sideswipe, same direction",Other (explain in narrative):  No improper action,None Indicated,None apparent,Daylight,Dry,Clear,None apparent,Interchange-related:  On-ramp merge area,Paved,N/A,Property Damage Only,0,0,0,0,0,0,4000,2,2,Southbound (SB),POINT (-93.59108034502 41.650395946514)
20211252687,214826,07/29/2021,07-July,5-Thursday,19:10,1900 Hours,District 3 (Northwest),,CALHOUN,77,D036/270TH ST,Collision with:  Animal,Unknown,N/A,Animal,None Indicated,N/A,N/A,N/A,N/A,N/A,N/A,Paved,N/A,Property Damage Only,0,0,0,0,0,0,2000,1,1,Southbound (SB),POINT (-94.596428106697 42.398904006419)
20211252720,21-24781,07/30/2021,07-July,6-Friday,13:41,1300 Hours,District 5 (Southeast),BURLINGTON,DES MOINES,77,MT PLEASANT ST AND COTTAGE GROVE AVE,Collision with:  Vehicle in traffic,On Roadway,"Sideswipe, same direction",Made improper turn,None Indicated,None apparent,Daylight,Dry,Clear,None apparent,Intersection:  Four-way intersection,Paved,N/A,Property Damage Only,0,0,0,0,0,0,6178,2,3,Southbound (SB),POINT (-91.147881637751 40.825961257546)
20211253041,21-13331,07/30/2021,07-July,6-Friday,05:15,0500 Hours,District 2 (Northeast),,BREMER,US 218,US 218 S,Collision with:  Animal,Unknown,N/A,Animal,None Indicated,N/A,N/A,N/A,N/A,N/A,N/A,Paved,N/A,Property Damage Only,0,0,0,0,0,0,7000,1,1,Eastbound (EB),POINT (-92.534911510954 42.820159387284)
20211253266,21-030057,07/31/2021,07-July,7-Saturday,21:30,2100 Hours,District 5 (Southeast),MUSCATINE,MUSCATINE,77,IOWA AVE/ E. 7TH ST.,Collision with:  Vehicle in traffic,On Roadway,Broadside (front to side),FTYROW:  From stop sign,None Indicated,None apparent,Dark - roadway lighted,Dry,Clear,None apparent,Intersection:  Four-way intersection,Paved,N/A,Property Damage Only,0,0,0,0,0,0,2500,2,3,Southbound (SB),POINT (-91.049608474426 41.425292221019)
20211253420,202100025618,08/01/2021,08-August,1-Sunday,17:47,1700 Hours,District 5 (Southeast),OTTUMWA,WAPELLO,77,WEST 2ND ST,Collision with:  Non-motorist (see non-motorist section - NOT a unit),On Roadway,Non-collision (single vehicle),Other (explain in narrative):  Other,None Indicated,Non-motorist action,Daylight,Dry,Clear,None apparent,Non-intersection:  Non-junction/no special feature,Paved,N/A,Minor Injury,0,1,0,1,0,0,50,1,1,Southbound (SB),POINT (-92.422421580298 41.02634262238)
20211253162,21-01631,08/02/2021,08-August,2-Monday,13:31,1300 Hours,District 1 (Central),URBANDALE,POLK,77,2300BLK 86TH ST,Collision with:  Vehicle in traffic,On Roadway,Rear-end (front to rear),Followed too close,None Indicated,None apparent,Daylight,Dry,Clear,None apparent,Intersection:  Four-way intersection,Paved,N/A,Property Damage Only,0,0,0,0,0,0,3500,2,2,Northbound (NB),POINT (-93.736416789561 41.615770833604)
20211254070,21-01639,08/03/2021,08-August,3-Tuesday,12:00,1200 Hours,District 1 (Central),URBANDALE,POLK,I-80,129.5 WB I-80/35 WB/SB,Collision with:  Vehicle in traffic,On Roadway,"Sideswipe, same direction",Improper or erratic lane changing,None Indicated,None apparent,Daylight,Dry,Clear,None apparent,Non-intersection:  Non-junction/no special feature,Paved,N/A,Possible/Unknown,0,1,0,0,1,0,10000,2,2,Westbound (WB),POINT (-93.732342227265 41.652392936883)
20211253377,PD21-01780,08/04/2021,08-August,4-Wednesday,03:28,0300 Hours,District 1 (Central),MARSHALLTOWN,MARSHALL,77,EAST MARION ST AND NORTH 10TH AVE,Collision with:  Vehicle in traffic,On Roadway,Broadside (front to side),FTYROW:  From driveway,None Indicated,None apparent,Dark - roadway lighted,Dry,Clear,None apparent,"Non-intersection:  Driveway access (related, not in)",Paved,N/A,Possible/Unknown,0,2,0,0,2,0,7500,2,3,Southbound (SB),POINT (-92.896041290775 42.056449440434)
20211253671,21-25385,08/04/2021,08-August,4-Wednesday,06:50,0600 Hours,District 5 (Southeast),,DES MOINES,77,X099/DMC 99 MEASURING 206 FEET NORTH FROM X099/DMC 99,Collision with fixed object:  Culvert/pipe opening,On Roadway,Non-collision (single vehicle),Ran off road - left,None Indicated,None apparent,Dawn,Dry,Clear,None apparent,Non-intersection:  Non-junction/no special feature,Paved,N/A,Possible/Unknown,0,1,0,0,1,0,10300,1,1,Northbound (NB),POINT (-91.041783425157 40.974510029998)
20211253638,S21-001501,08/05/2021,08-August,5-Thursday,12:45,1200 Hours,District 4 (Southwest),,POTTAWATTAMIE,I-680,INTERSTATE 29/I29 RAMP,Non-collision events:  Non-contact vehicle (phantom),Outside trafficway,Non-collision (single vehicle),Ran off road - left,None Indicated,None apparent,Daylight,Dry,Clear,None apparent,Interchange-related:  Off-ramp,Paved,N/A,Property Damage Only,0,0,0,0,0,0,2000,1,1,Westbound (WB),POINT (-95.903884815875 41.354055929553)
20211253951,21010433,08/06/2021,08-August,6-Friday,21:59,2100 Hours,District 2 (Northeast),,FLOYD,77,T024/ECHO AVE,Collision with:  Animal,On Roadway,Non-collision (single vehicle),Animal,None Indicated,Animal in roadway,N/A,N/A,N/A,None apparent,Non-intersection:  Non-junction/no special feature,Paved,N/A,Property Damage Only,0,0,0,0,0,0,6000,1,1,Northbound (NB),POINT (-92.945441177181 43.069282581805)
20211253697,21006043,08/06/2021,08-August,6-Friday,06:25,0600 Hours,District 2 (Northeast),,BUTLER,77,DOUGLAS AVE,Collision with:  Animal,Unknown,N/A,Animal,None Indicated,N/A,N/A,N/A,N/A,N/A,N/A,Paved,N/A,Property Damage Only,0,0,0,0,0,0,5000,1,2,Northbound (NB),POINT (-92.966810236481 42.616646442735)
20211254025,21-000572,08/07/2021,08-August,7-Saturday,20:51,2000 Hours,District 4 (Southwest),CARTER LAKE,POTTAWATTAMIE,77,NORTH 9TH ST AND EAST LOCUST ST,Collision with:  Vehicle in traffic,On Roadway,Broadside (front to side),Ran Stop Sign,None Indicated,None apparent,Dark - roadway lighted,Dry,Cloudy,None apparent,Intersection:  Four-way intersection,Paved,N/A,Possible/Unknown,0,1,0,0,1,0,8000,2,3,Northbound (NB),POINT (-95.918021995167 41.284953546608)
20211254047,210095,08/08/2021,08-August,1-Sunday,21:03,2100 Hours,District 5 (Southeast),,DECATUR,I-35,I 35 N,Collision with:  Animal,Unknown,N/A,Animal,None Indicated,N/A,N/A,N/A,N/A,N/A,N/A,Paved,N/A,Property Damage Only,0,0,0,0,0,0,4000,1,1,Northbound (NB),POINT (-93.843102120363 40.73011706859)
20211254225,21-001247,08/09/2021,08-August,2-Monday,13:19,1300 Hours,District 1 (Central),ALTOONA,POLK,77,100 BLK 8TH ST SE,Collision with:  Vehicle in traffic,On Roadway,Rear-end (front to rear),Driving too fast for conditions,None Indicated,None apparent,Daylight,Dry,Clear,None apparent,Non-intersection:  Non-junction/no special feature,Paved,N/A,Property Damage Only,0,0,0,0,0,0,11000,2,2,Southbound (SB),POINT (-93.464362151293 41.644042193509)
20211254241,21017858,08/09/2021,08-August,2-Monday,01:01,0100 Hours,District 5 (Southeast),OSKALOOSA,MAHASKA,IA-92,IA 92 E,Non-collision events:  Other non-collision (explain in narrative),On Roadway,Non-collision (single vehicle),Ran off road - right,Drug,None apparent,Dark - roadway lighted,Dry,Clear,None apparent,Non-intersection:  Non-junction/no special feature,Paved,N/A,Minor Injury,0,1,0,1,0,0,11000,1,1,Southbound (SB),POINT (-92.659834550045 41.296202571796)
20211254532,2021-58528,08/10/2021,08-August,3-Tuesday,10:42,1000 Hours,District 6 (East Central),DAVENPORT,SCOTT,77,W 4TH ST,Collision with:  Vehicle in traffic,On Roadway,Other (explain in narrative),Other (explain in narrative):  Other,None Indicated,None apparent,Daylight,Dry,Clear,None apparent,Intersection:  Four-way intersection,Paved,N/A,Property Damage Only,0,0,0,0,0,0,26500,3,5,Westbound (WB),POINT (-90.594398055847 41.523452111403)
20211257828,21-007593,08/11/2021,08-August,4-Wednesday,13:48,1300 Hours,District 6 (East Central),NEWHALL,BENTON,77,5TH AVE AND 5TH ST MEASURING 165 FEET WEST FROM 5TH ST,Collision with:  Vehicle in traffic,On Roadway,Rear to side,FTYROW:  From driveway,None Indicated,None apparent,Daylight,Dry,Cloudy,None apparent,"Non-intersection:  Driveway access (related, not in)",Paved,N/A,Possible/Unknown,0,1,0,0,1,0,11000,2,3,Northbound (NB),POINT (-91.963264051497 41.990704955981)
20211254844,MC2102883,08/12/2021,08-August,5-Thursday,15:22,1500 Hours,District 2 (Northeast),MASON CITY,CERRO GORDO,77,12TH ST NE AND N HAMPSHIRE AVE,Collision with:  Vehicle in traffic,On Roadway,Rear-end (front to rear),Followed too close,None Indicated,None apparent,Daylight,Dry,Clear,None apparent,Non-intersection:  Non-junction/no special feature,Paved,N/A,Property Damage Only,0,0,0,0,0,0,1500,2,3,Northbound (NB),POINT (-93.187864308187 43.162891445945)
20211255087,CL2100948,08/13/2021,08-August,6-Friday,15:50,1500 Hours,District 2 (Northeast),CLEAR LAKE,CERRO GORDO,77,7TH AVE NORTH AND NORTH 4TH ST,Collision with:  Vehicle in traffic,On Roadway,Broadside (front to side),FTYROW:  From stop sign,None Indicated,None apparent,Daylight,Dry,Clear,None apparent,Intersection:  Four-way intersection,Paved,N/A,Property Damage Only,0,0,0,0,0,0,10000,2,2,Northbound (NB),POINT (-93.385001315764 43.140975419393)
20211254956,21-5958,08/13/2021,08-August,6-Friday,18:06,1800 Hours,District 1 (Central),,POLK,77,6600 BLOCK NW 2ND ST,Collision with:  Vehicle in traffic,On Roadway,"Angle, oncoming left turn",FTYROW:  Making left turn,None Indicated,None apparent,Daylight,Dry,Clear,None apparent,Intersection:  Four-way intersection,Paved,N/A,Property Damage Only,0,0,0,0,0,0,19000,2,3,Southbound (SB),POINT (-93.620009572751 41.680363390005)
20211255194,20210023437,08/14/2021,08-August,7-Saturday,20:41,2000 Hours,District 1 (Central),DES MOINES,POLK,77,E VIRGINIA AVE MEASURING 665 FEET WEST FROM SE 22ND ST AND E VIRGINIA AVE,Collision with:  Vehicle in traffic,On Roadway,Broadside (front to side),"Operating vehicle in an reckless, erratic, careless, negligent manner",None Indicated,None apparent,Dusk,Dry,Clear,None apparent,Non-intersection:  Non-junction/no special feature,Paved,N/A,Property Damage Only,0,0,0,0,0,0,7500,2,4,Southbound (SB),POINT (-93.579914190817 41.556840622915)
20211256723,21007877,08/14/2021,08-August,7-Saturday,12:09,1200 Hours,District 6 (East Central),,DELAWARE,77,D05X/JEFFERSON RD,Collision with:  Animal,Unknown,N/A,Animal,None Indicated,N/A,N/A,N/A,N/A,N/A,N/A,Paved,N/A,Property Damage Only,0,0,0,0,0,0,5000,1,1,Northbound (NB),POINT (-91.41860969611 42.459036257529)
20211260860,NT21-061,08/15/2021,08-August,1-Sunday,18:30,1800 Hours,District 1 (Central),NEVADA,STORY,77,1416 M AVE,Collision with:  Parked motor vehicle,On Roadway,Rear to side,Improper Backing,None Indicated,None apparent,Daylight,Dry,Clear,None apparent,"Non-intersection:  Driveway access (related, not in)",Paved,N/A,Property Damage Only,0,0,0,0,0,0,3500,2,2,Southbound (SB),POINT (-93.440890786293 42.0237213742)
20211255470,W21-066359,08/16/2021,08-August,2-Monday,10:53,1000 Hours,District 2 (Northeast),WATERLOO,BLACK HAWK,77,FAIRVIEW AVE AND CONGER ST,Collision with:  Vehicle in traffic,On Roadway,"Sideswipe, same direction",FTYROW:  From parked position,None Indicated,None apparent,Daylight,Dry,Clear,None apparent,Non-intersection:  Non-junction/no special feature,Paved,N/A,Property Damage Only,0,0,0,0,0,0,7000,2,2,Southbound (SB),POINT (-92.347611088077 42.512146505033)
20211255577,2021020046,08/17/2021,08-August,3-Tuesday,19:39,1900 Hours,District 4 (Southwest),,HARRISON,I-29,I29 SB ENTRANCE RAMP AT THE 82MM,Collision with fixed object:  Other traffic barrier (explain in narrative),Shoulder,Non-collision (single vehicle),Ran off road - right,None Indicated,None apparent,Dusk,Dry,Clear,None apparent,Interchange-related:  On-ramp,Paved,N/A,Possible/Unknown,0,1,0,0,1,0,4300,1,1,Eastbound (EB),POINT (-95.989985852915 41.619425324153)
20211255687,20210023815,08/18/2021,08-August,4-Wednesday,13:50,1300 Hours,District 1 (Central),DES MOINES,POLK,77,SW 14TH ST AND MCKINLEY AVE,Collision with:  Vehicle in traffic,On Roadway,Rear-end (front to rear),Followed too close,None Indicated,None apparent,Daylight,Dry,Clear,None apparent,Intersection:  Four-way intersection,Paved,N/A,Property Damage Only,0,0,0,0,0,0,2250,3,4,Northbound (NB),POINT (-93.635436896284 41.540991573527)
20211255765,21032521,08/18/2021,08-August,4-Wednesday,13:10,1300 Hours,District 5 (Southeast),,MUSCATINE,IA-22,HWY 61/ CEDAR ST,Collision with:  Vehicle in traffic,On Roadway,Broadside (front to side),FTYROW:  Making left turn,None Indicated,Visual obstruction,Daylight,Dry,Clear,None apparent,Intersection:  Four-way intersection,Paved,N/A,Minor Injury,0,2,0,1,1,0,17500,3,7,Southbound (SB),POINT (-91.091916082612 41.43615272559)
20211255910,2021020198,08/19/2021,08-August,5-Thursday,07:20,0700 Hours,District 3 (Northwest),,PLYMOUTH,77,HWY 3 AND L-14,Collision with:  Vehicle in traffic,On Roadway,Head-on (front to front),FTYROW:  Making left turn,None Indicated,None apparent,Dawn,Dry,Clear,None apparent,Intersection:  Four-way intersection,Paved,N/A,Possible/Unknown,0,1,0,0,1,0,20000,2,2,Northbound (NB),POINT (-95.957676784895 42.808257023755)
20211255943,21011962,08/20/2021,08-August,6-Friday,08:00,0800 Hours,District 4 (Southwest),,MILLS,I-29,RAMP US 34 E TO I 29 S,Collision with:  Animal,On Roadway,Non-collision (single vehicle),Animal,None Indicated,Animal in roadway,N/A,N/A,N/A,None apparent,Non-intersection:  Non-junction/no special feature,Paved,N/A,Property Damage Only,0,0,0,0,0,0,1500,1,1,Eastbound (EB),POINT (-95.822026936944 41.04379483445)
20211256018,CAP21000161,08/20/2021,08-August,6-Friday,13:06,1300 Hours,District 6 (East Central),CAMANCHE,CLINTON,77,21ST ST AND HWY 67,Collision with:  Vehicle in traffic,On Roadway,Rear-end (front to rear),Improper Backing,None Indicated,None apparent,Daylight,Dry,Clear,None apparent,Intersection:  Four-way intersection,Paved,N/A,Property Damage Only,0,0,0,0,0,0,1500,2,2,Southbound (SB),POINT (-90.247699446062 41.800927821162)
20211256226,21-24456,08/21/2021,08-August,7-Saturday,00:07,0000 Hours,District 3 (Northwest),SIOUX CITY,WOODBURY,77,1900 BLK GRANDVIEW BLVD,Collision with:  Parked motor vehicle,On Roadway,"Sideswipe, same direction",Ran off road - right,None Indicated,None apparent,Dark - roadway lighted,Dry,Clear,None apparent,Non-intersection:  Non-junction/no special feature,Paved,N/A,Property Damage Only,0,0,0,0,0,0,17000,2,1,Northbound (NB),POINT (-96.408056665747 42.5108474407)
20211256675,2021020603,08/22/2021,08-August,1-Sunday,01:15,0100 Hours,District 4 (Southwest),,ADAIR,I-80,INTERSTATE 80/I 80  90.3MM,Collision with fixed object:  Cable barrier,Median,Non-collision (single vehicle),Ran off road - right,None Indicated,None apparent,Dark - roadway not lighted,Dry,Clear,None apparent,Non-intersection:  Non-junction/no special feature,Paved,N/A,Property Damage Only,0,0,0,0,0,0,8700,1,2,Southbound (SB),POINT (-94.370608143626 41.496082272886)
20211256394,21-11629,08/23/2021,08-August,2-Monday,15:21,1500 Hours,District 3 (Northwest),SPENCER,CLAY,77,EAST 18TH ST,Collision with:  Vehicle in traffic,On Roadway,Broadside (front to side),FTYROW:  Making left turn,None Indicated,None apparent,Daylight,Dry,Clear,None apparent,Intersection:  T-intersection,Paved,N/A,Property Damage Only,0,0,0,0,0,0,3500,2,5,Southbound (SB),POINT (-95.140123998303 43.155893743887)
20211256719,2021020707,08/23/2021,08-August,2-Monday,13:40,1300 Hours,District 6 (East Central),IOWA CITY,JOHNSON,I-80,EB I-80 @ 244 MM,Collision with:  Vehicle in traffic,On Roadway,"Sideswipe, same direction",Improper or erratic lane changing,None Indicated,None apparent,Daylight,Dry,Clear,None apparent,Non-intersection:  Non-junction/no special feature,Paved,N/A,Property Damage Only,0,0,0,0,0,0,6000,2,2,Southbound (SB),POINT (-91.532058676248 41.687485699051)
20211256500,20210024453,08/24/2021,08-August,3-Tuesday,07:48,0700 Hours,District 1 (Central),DES MOINES,POLK,77,5TH AVE MEASURING 120 FEET SOUTH FROM 5TH AVE AND COURT AVE,Collision with:  Non-motorist (see non-motorist section - NOT a unit),On Roadway,Non-collision (single vehicle),FTYROW:  To pedestrian,None Indicated,None apparent,Daylight,Dry,Clear,None apparent,Intersection:  T-intersection,Paved,N/A,Minor Injury,0,1,0,1,0,0,0,1,1,Northbound (NB),POINT (-93.622774437177 41.584475989203)
20211256476,21-24783,08/24/2021,08-August,3-Tuesday,07:39,0700 Hours,District 3 (Northwest),SIOUX CITY,WOODBURY,IA-12,IA 12 S,Collision with:  Vehicle in traffic,On Roadway,Rear-end (front to rear),Followed too close,None Indicated,None apparent,Daylight,Dry,Clear,None apparent,Non-intersection:  Non-junction/no special feature,Paved,N/A,Property Damage Only,0,0,0,0,0,0,5500,3,3,Eastbound (EB),POINT (-96.394706225591 42.489741426668)
20211257046,W21-069400,08/25/2021,08-August,4-Wednesday,20:08,2000 Hours,District 2 (Northeast),WATERLOO,BLACK HAWK,77,400 BLOCK OF ALLEN ST,Collision with fixed object:  Other post/pole/support (explain in narrative),On Roadway,Non-collision (single vehicle),Lost Control,None Indicated,None apparent,Dusk,Dry,Cloudy,None apparent,Non-intersection:  Alley,Paved,N/A,Possible/Unknown,0,1,0,0,1,0,4000,1,2,Northbound (NB),POINT (-92.348160618977 42.489716118457)