Iowa DOT Case Number,Law Enforcement Case Number,Date of Crash,Month of Crash,Day of Week,Time of Crash,Hour,DOT District,City Name,County Name,Route with System,Location Description,First Harmful Event,Location of First Harmful Event,Manner of Crash/Collision,Major Cause,Drug or Alcohol ,Environmental Conditions,Light Conditions,Surface Conditions,Weather Conditions,Roadway Contribution,Roadway Type,Roadway Surface,Work Zone,Crash Severity,Number of Fatalities,Number of Injuries,Number of Major Injuries,Number of Minor Injuries,Number of Possible Injuries,Number of Unknown Injuries,Amount of Property Damage,Number of Vehicles Involved,Total Number of Occupants,Travel Direction,Location
20211257091,21-10010,08/26/2021,08-August,5-Thursday,16:23,1600 Hours,District 3 (Northwest),BOYDEN,SIOUX,77,US 18 E AND COLFAX ST AND KENNEDY AVE,Collision with:  Vehicle in traffic,On Roadway,Rear-end (front to rear),Followed too close,None Indicated,None apparent,Daylight,Dry,Clear,None apparent,Intersection:  Four-way intersection,Paved,N/A,Minor Injury,0,2,0,2,0,0,16000,2,4,Northbound (NB),POINT (-96.000031929231 43.186249805157)
20211257086,21069549,08/26/2021,08-August,5-Thursday,11:50,1100 Hours,District 2 (Northeast),CEDAR FALLS,BLACK HAWK,77,UNIVERSITY AVE AND ROWND ST,Collision with:  Vehicle in traffic,On Roadway,Rear-end (front to rear),Driver Distraction:  Other interior distraction,None Indicated,None apparent,Daylight,Dry,Cloudy,None apparent,Intersection:  Four-way intersection,Paved,N/A,Minor Injury,0,1,0,1,0,0,2500,2,2,Northbound (NB),POINT (-92.420998433292 42.509748975386)
20211257422,21-25221,08/27/2021,08-August,6-Friday,21:37,2100 Hours,District 3 (Northwest),SIOUX CITY,WOODBURY,77,WEST VILLA AVE,Miscellaneous events:  Hit and run,In parking lane/zone,Rear-end (front to rear),Lost Control,Under Influence of Alcohol/Drugs/Medications,None apparent,Daylight,Dry,Clear,None apparent,Non-intersection:  Non-junction/no special feature,Paved,N/A,Possible/Unknown,0,1,0,0,0,1,13000,2,1,Southbound (SB),POINT (-96.424387170738 42.504119992645)
20211257427,21-25297,08/28/2021,08-August,7-Saturday,17:40,1700 Hours,District 3 (Northwest),SIOUX CITY,WOODBURY,77,FLOYD BLVD,Collision with fixed object:  Curb/island/raised median,On Roadway,Non-collision (single vehicle),Ran off road - right,None Indicated,None apparent,Daylight,Dry,Cloudy,None apparent,Non-intersection:  Non-junction/no special feature,Paved,N/A,Property Damage Only,0,0,0,0,0,0,11000,1,1,Northbound (NB),POINT (-96.373360288927 42.529650003202)
20211257424,21-25266,08/28/2021,08-August,7-Saturday,11:47,1100 Hours,District 3 (Northwest),SIOUX CITY,WOODBURY,IA-376,IA 376 N,Collision with:  Vehicle in traffic,On Roadway,"Sideswipe, same direction",Exceeded authorized speed,None Indicated,None apparent,Daylight,Dry,Clear,None apparent,Non-intersection:  Non-junction/no special feature,Paved,N/A,Minor Injury,0,1,0,1,0,0,11134,2,2,Northbound (NB),POINT (-96.371830544236 42.447366800745)
20211257432,21-25384,08/29/2021,08-August,1-Sunday,12:55,1200 Hours,District 3 (Northwest),SIOUX CITY,WOODBURY,77,SUNNYBROOK DR 5700 BLK,Collision with:  Vehicle in traffic,On Roadway,Broadside (front to side),FTYROW:  Other (explain in narrative),None Indicated,Visual obstruction,Daylight,Dry,Cloudy,None apparent,"Non-intersection:  Driveway access (related, not in)",Paved,N/A,Property Damage Only,0,0,0,0,0,0,10000,2,2,Southbound (SB),POINT (-96.332601142728 42.45136980678)
20211258239,2021006192,08/30/2021,08-August,2-Monday,13:26,1300 Hours,District 6 (East Central),IOWA CITY,JOHNSON,US 6,W BENTON ST AND US 6/S RIVERSIDE DR,Collision with:  Vehicle in traffic,On Roadway,Rear-end (front to rear),Followed too close,None Indicated,None apparent,Daylight,Dry,Clear,None apparent,Intersection:  Four-way intersection,Paved,N/A,Property Damage Only,0,0,0,0,0,0,6500,2,2,Southbound (SB),POINT (-91.540203822202 41.650337160922)
20211258983,390821-2725,08/31/2021,08-August,3-Tuesday,07:34,0700 Hours,District 4 (Southwest),,GUTHRIE,IA-4,IA 4 N,Collision with:  Vehicle in traffic,On Roadway,"Sideswipe, same direction",FTYROW:  From stop sign,None Indicated,None apparent,Daylight,Wet,Rain,None apparent,Intersection:  Other intersection (explain in narrative),Paved,N/A,Property Damage Only,0,0,0,0,0,0,6500,2,7,Northbound (NB),POINT (-94.36410804113 41.71677653401)
20211257785,K21-026752,08/31/2021,08-August,3-Tuesday,21:22,2100 Hours,District 5 (Southeast),KEOKUK,LEE,77,609 N 9TH ST,Collision with:  Parked motor vehicle,On Roadway,Head-on (front to front),Failed to keep in proper lane,None Indicated,None apparent,Dark - roadway lighted,Dry,Clear,None apparent,Non-intersection:  Non-junction/no special feature,Paved,N/A,Property Damage Only,0,0,0,0,0,0,6000,3,1,Southbound (SB),POINT (-91.379957523258 40.402966328493)
20211258022,21-29263,09/01/2021,09-September,4-Wednesday,12:03,1200 Hours,District 5 (Southeast),BURLINGTON,DES MOINES,77,HAWKEYE ST AND JEFFERSON ST,Collision with:  Non-motorist (see non-motorist section - NOT a unit),On Roadway,Non-collision (single vehicle),Disregarded RR Signal,None Indicated,None apparent,Daylight,Dry,Clear,None apparent,Non-intersection:  Railroad grade crossing,Paved,N/A,Minor Injury,0,1,0,1,0,0,1500,1,1,Southbound (SB),POINT (-91.109722169272 40.81132600536)
20211258560,2021021417,09/02/2021,09-September,5-Thursday,02:11,0200 Hours,District 6 (East Central),DAVENPORT,SCOTT,77,N DIVISION ST AND ROCKINGHAM RD,Collision with fixed object:  Fence,On Roadway,Non-collision (single vehicle),Failed to yield to emergency vehicle,Refused,None apparent,Dark - roadway lighted,Dry,Clear,None apparent,Intersection:  T-intersection,Paved,N/A,Property Damage Only,0,0,0,0,0,0,13000,1,1,Southbound (SB),POINT (-90.601122743452 41.519521743078)
20211260438,21-008364,09/03/2021,09-September,6-Friday,16:54,1600 Hours,District 6 (East Central),SHELLSBURG,BENTON,77,NW CANTON ST AND MAIN ST AND SW CANTON ST MEASURING 768 FEET NORTH FROM SW CANTON ST,Collision with fixed object:  Other post/pole/support (explain in narrative),On Roadway,Non-collision (single vehicle),Ran off road - right,Under Influence of Alcohol/Drugs/Medications,None apparent,Daylight,Wet,Rain,None apparent,Non-intersection:  Railroad grade crossing,Paved,N/A,Minor Injury,0,1,0,1,0,0,2100,1,1,Northbound (NB),POINT (-91.873372748288 42.094521455277)
20211258757,2021-006103,09/03/2021,09-September,6-Friday,11:41,1100 Hours,District 6 (East Central),DUBUQUE,DUBUQUE,77,MAIN ST AND LORAS BLVD,Collision with:  Vehicle in traffic,On Roadway,Broadside (front to side),Ran Traffic Signal,None Indicated,None apparent,Daylight,Wet,Cloudy,None apparent,Intersection:  Four-way intersection,Paved,N/A,Property Damage Only,0,0,0,0,0,0,9000,2,3,Northbound (NB),POINT (-90.669844422338 42.505753141737)
20211258669,2021021783,09/04/2021,09-September,7-Saturday,19:44,1900 Hours,District 1 (Central),,POWESHIEK,I-80,WB INTERSTATE 80 @ 200 MM,Collision with:  Vehicle in traffic,On Roadway,"Sideswipe, same direction",Swerving/Evasive Action,None Indicated,None apparent,Dusk,Dry,Clear,"Traffic backup, regular congestion",Non-intersection:  Non-junction/no special feature,Paved,N/A,Property Damage Only,0,0,0,0,0,0,2500,2,4,Southbound (SB),POINT (-92.379156872872 41.695833081954)
20211258406,20210025803,09/05/2021,09-September,1-Sunday,10:40,1000 Hours,District 1 (Central),DES MOINES,POLK,77,59TH ST MEASURING 321 FEET NORTH FROM FRANKLIN AVE AND 59TH ST,Collision with:  Vehicle in traffic,On Roadway,Broadside (front to side),Exceeded authorized speed,None Indicated,Unknown,Daylight,Dry,Clear,Unknown,Non-intersection:  Driveway access (within),Paved,N/A,Possible/Unknown,0,1,0,0,0,1,5000,2,4,Northbound (NB),POINT (-93.698965248323 41.612140562502)
20211258525,21-26176,09/06/2021,09-September,2-Monday,11:27,1100 Hours,District 3 (Northwest),SIOUX CITY,WOODBURY,I-29,RAMP I 29 N TO US 77 S,Collision with:  Vehicle in traffic,On Roadway,"Sideswipe, same direction",Improper or erratic lane changing,None Indicated,None apparent,Daylight,Dry,Clear,None apparent,Non-intersection:  Non-junction/no special feature,Paved,N/A,Property Damage Only,0,0,0,0,0,0,4500,2,4,Northbound (NB),POINT (-96.41229833355 42.491739659051)
20211259121,21020507,09/07/2021,09-September,3-Tuesday,12:36,1200 Hours,District 5 (Southeast),OSKALOOSA,MAHASKA,77,NORTH H ST AND IA 92 E,Collision with:  Vehicle in traffic,On Roadway,Rear-end (front to rear),Other (explain in narrative):  Other,None Indicated,None apparent,Daylight,Dry,Clear,None apparent,Intersection:  Other intersection (explain in narrative),Paved,N/A,Possible/Unknown,0,1,0,0,1,0,23000,2,2,Northbound (NB),POINT (-92.654495621563 41.296195679466)
20211258582,2021021891,09/07/2021,09-September,3-Tuesday,04:20,0400 Hours,District 4 (Southwest),,CASS,I-80,WB INTERSTATE 80 MM 66.75,Collision with:  Animal,On Roadway,Non-collision (single vehicle),Animal,None Indicated,Animal in roadway,N/A,N/A,N/A,N/A,N/A,Paved,N/A,Property Damage Only,0,0,0,0,0,0,16010,1,1,Westbound (WB),POINT (-94.826682442369 41.49709134755)
20211258937,2021-006243,09/08/2021,09-September,4-Wednesday,12:29,1200 Hours,District 6 (East Central),DUBUQUE,DUBUQUE,77,JOHN F KENNEDY RD MEASURING 206 FEET NORTH FROM JOHN F KENNEDY RD AND PENNSYLVANIA AVE,Collision with:  Vehicle in traffic,On Roadway,"Angle, oncoming left turn",FTYROW:  From driveway,None Indicated,None apparent,Daylight,Dry,Clear,None apparent,Non-intersection:  Other non-intersection (explain in narrative),Paved,N/A,Property Damage Only,0,0,0,0,0,0,3000,2,3,Northbound (NB),POINT (-90.721291095865 42.501033799742)
20211259030,21038618,09/09/2021,09-September,5-Thursday,12:13,1200 Hours,District 1 (Central),MARSHALLTOWN,MARSHALL,77,GOVERNOR RD,Collision with:  Vehicle in traffic,On Roadway,Broadside (front to side),FTYROW:  From stop sign,None Indicated,None apparent,Daylight,Dry,Clear,None apparent,Intersection:  Four-way intersection,Unpaved,N/A,Property Damage Only,0,0,0,0,0,0,15500,2,3,Northbound (NB),POINT (-92.893437069377 42.038262743731)
20211259029,21-7419,09/09/2021,09-September,5-Thursday,11:37,1100 Hours,District 2 (Northeast),,HANCOCK,77,FORD AVE,Collision with:  Vehicle in traffic,On Roadway,Broadside (front to side),Ran Stop Sign,None Indicated,None apparent,Daylight,Dry,Clear,None apparent,Intersection:  Four-way intersection,Paved,N/A,Major Injury,0,2,1,0,1,0,30000,2,3,Northbound (NB),POINT (-93.871949307654 42.995095571829)
20211262026,21003887,09/10/2021,09-September,6-Friday,19:48,1900 Hours,District 1 (Central),AMES,STORY,77,DUFF AVE AND 16TH ST AND EAST 16TH ST,Collision with:  Vehicle in traffic,On Roadway,Rear-end (front to rear),Ran Stop Sign,None Indicated,None apparent,Dark - roadway lighted,Dry,Clear,None apparent,Intersection:  Four-way intersection,Paved,N/A,Minor Injury,0,1,0,1,0,0,10500,2,2,Southbound (SB),POINT (-93.610681745318 42.038263779056)
20211259506,21-26630,09/10/2021,09-September,6-Friday,13:21,1300 Hours,District 3 (Northwest),SIOUX CITY,WOODBURY,77,SUNNYBROOK DR 5800 BLOCK,Collision with:  Vehicle in traffic,On Roadway,Broadside (front to side),FTYROW:  From driveway,None Indicated,None apparent,Daylight,Dry,Clear,None apparent,Non-intersection:  Other non-intersection (explain in narrative),Paved,N/A,Possible/Unknown,0,2,0,0,2,0,16000,2,2,Southbound (SB),POINT (-96.330334065344 42.44668134787)
20211259524,2021-22071,09/11/2021,09-September,7-Saturday,09:13,0900 Hours,District 5 (Southeast),,WARREN,IA-92,STATE 92/IOWA 92,Collision with:  Vehicle in traffic,On Roadway,Rear-end (front to rear),Other (explain in narrative):  Other,None Indicated,Glare,Daylight,Dry,Clear,None apparent,Non-intersection:  Non-junction/no special feature,Paved,N/A,Possible/Unknown,0,2,0,0,2,0,6000,2,2,Southbound (SB),POINT (-93.486213273523 41.361677639064)
20211259632,202100030801,09/12/2021,09-September,1-Sunday,20:41,2000 Hours,District 5 (Southeast),OTTUMWA,WAPELLO,77,WEST FINLEY AVE,Collision with fixed object:  Utility pole/light support,Shoulder,Non-collision (single vehicle),Driver Distraction:  Inattentive/lost in thought,None Indicated,None apparent,Dark - roadway lighted,Dry,Clear,None apparent,Non-intersection:  Non-junction/no special feature,Paved,N/A,Property Damage Only,0,0,0,0,0,0,6000,1,1,Southbound (SB),POINT (-92.447565275082 41.002432116195)
20211259765,2111769,09/13/2021,09-September,2-Monday,07:54,0700 Hours,District 5 (Southeast),,WASHINGTON,IA-1,IA 1 N,Collision with:  Vehicle in traffic,On Roadway,Rear-end (front to rear),Followed too close,None Indicated,None apparent,Daylight,Dry,Clear,None apparent,"Non-intersection:  Driveway access (related, not in)",Paved,N/A,Property Damage Only,0,0,0,0,0,0,17000,2,2,Northbound (NB),POINT (-91.715207231409 41.415971868891)
20211259670,20210026674,09/13/2021,09-September,2-Monday,11:19,1100 Hours,District 1 (Central),DES MOINES,POLK,77,INDIANOLA RD AND S UNION ST,Collision with fixed object:  Utility pole/light support,On Roadway,Non-collision (single vehicle),Unknown,None Indicated,None apparent,Daylight,Dry,Clear,None apparent,Non-intersection:  Non-junction/no special feature,Paved,N/A,Major Injury,0,1,1,0,0,0,5200,1,1,Southbound (SB),POINT (-93.616226085268 41.572063228786)
20211259889,202102494,09/14/2021,09-September,3-Tuesday,18:00,1800 Hours,District 6 (East Central),,LINN,77,SPANISH RD 1/4 MILE SOUTH OF WRIGHT BROTHERS BLVD,Collision with fixed object:  Ditch,Outside trafficway,Non-collision (single vehicle),"Operating vehicle in an reckless, erratic, careless, negligent manner",None Indicated,None apparent,Daylight,Gravel,Clear,None apparent,Non-intersection:  Non-junction/no special feature,Unpaved,N/A,Property Damage Only,0,0,0,0,0,0,2000,1,1,Northbound (NB),POINT (-91.617580480491 41.888261046812)
20211260098,FD21-2262,09/15/2021,09-September,4-Wednesday,13:35,1300 Hours,District 1 (Central),FORT DODGE,WEBSTER,77,SOUTH 29TH ST,Collision with:  Vehicle in traffic,On Roadway,Broadside (front to side),FTYROW:  From driveway,None Indicated,None apparent,Daylight,Dry,Clear,None apparent,"Non-intersection:  Driveway access (related, not in)",Paved,N/A,Property Damage Only,0,0,0,0,0,0,4500,2,2,Northbound (NB),POINT (-94.158303086968 42.506501561496)
20211280403,2021022566,09/15/2021,09-September,4-Wednesday,07:58,0700 Hours,District 1 (Central),WEST DES MOINES,DALLAS,I-80,INTERSTATE 80 EB MM 120.5,Collision with:  Vehicle in traffic,On Roadway,Rear-end (front to rear),Followed too close,None Indicated,None apparent,Daylight,Dry,Clear,None apparent,Non-intersection:  Non-junction/no special feature,Paved,N/A,Property Damage Only,0,0,0,0,0,0,8000,2,5,Southbound (SB),POINT (-93.822018345336 41.585403830113)
20211260322,21-010211,09/16/2021,09-September,5-Thursday,16:30,1600 Hours,District 4 (Southwest),COUNCIL BLUFFS,POTTAWATTAMIE,I-80,INTERSTATE 80/I 80,Collision with:  Vehicle in traffic,On Roadway,"Sideswipe, same direction",Other (explain in narrative):  No improper action,None Indicated,None apparent,Daylight,Dry,Clear,None apparent,Non-intersection:  Non-junction/no special feature,Paved,N/A,Property Damage Only,0,0,0,0,0,0,1600,2,2,Southbound (SB),POINT (-95.831734811929 41.231738897648)
20211260507,20210027201,09/17/2021,09-September,6-Friday,16:31,1600 Hours,District 1 (Central),DES MOINES,POLK,US 69,US 69/E 15TH ST AND INTERSTATE 235/I 235,Collision with:  Vehicle in traffic,On Roadway,"Sideswipe, same direction",Other (explain in narrative):  No improper action,None Indicated,None apparent,Daylight,Dry,Clear,None apparent,Non-intersection:  Non-junction/no special feature,Paved,N/A,Property Damage Only,0,0,0,0,0,0,1500,2,3,Northbound (NB),POINT (-93.596300641986 41.596577973953)
20211260492,21-010274,09/17/2021,09-September,6-Friday,20:58,2000 Hours,District 4 (Southwest),COUNCIL BLUFFS,POTTAWATTAMIE,77,515 N. 39TH STREET,Collision with:  Parked motor vehicle,On Roadway,Unknown,Unknown,None Indicated,None apparent,Dusk,Dry,Clear,None apparent,Non-intersection:  Non-junction/no special feature,Paved,N/A,Property Damage Only,0,0,0,0,0,0,1500,2,1,Northbound (NB),POINT (-95.911395492524 41.268045554784)
20211262707,21-008581,09/18/2021,09-September,7-Saturday,11:35,1100 Hours,District 3 (Northwest),,PALO ALTO,77,5300 BLOCK OF 475TH ST,Non-collision events:  Fell/jumped from vehicle,On Roadway,Non-collision (single vehicle),Ran off road - right,None Indicated,None apparent,Daylight,Dry,Cloudy,None apparent,Non-intersection:  Non-junction/no special feature,Paved,N/A,Minor Injury,0,1,0,1,0,0,500,1,1,Southbound (SB),POINT (-94.523836154987 42.958997235497)
20211260759,21021579,09/18/2021,09-September,7-Saturday,14:17,1400 Hours,District 5 (Southeast),,MAHASKA,IA-92,IA 92 E,Collision with:  Vehicle in traffic,On Roadway,Broadside (front to side),FTYROW:  From stop sign,None Indicated,None apparent,Daylight,Dry,Clear,None apparent,Intersection:  Four-way intersection,Paved,N/A,Property Damage Only,0,0,0,0,0,0,8000,2,3,Southbound (SB),POINT (-92.602646916014 41.296172511035)
20211262919,2021022935,09/19/2021,09-September,1-Sunday,06:25,0600 Hours,District 1 (Central),CLIVE,POLK,77,NW 94TH ST AND US 6/HICKMAN RD MEASURING 466 FEET WEST FROM US 6/HICKMAN RD,Collision with:  Non-motorist (see non-motorist section - NOT a unit),On Roadway,Non-collision (single vehicle),Other (explain in narrative):  No improper action,None Indicated,None apparent,Dawn,Dry,Clear,None apparent,Non-intersection:  Non-junction/no special feature,Paved,N/A,Fatal,1,0,0,0,0,0,5000,1,1,Northbound (NB),POINT (-93.748576901778 41.614854624233)
20211265495,2021-69914,09/20/2021,09-September,2-Monday,23:04,2300 Hours,District 6 (East Central),DAVENPORT,SCOTT,77,W 15TH ST AND WARREN ST,Collision with:  Animal,On Roadway,Non-collision (single vehicle),Animal,None Indicated,Animal in roadway,N/A,N/A,N/A,None apparent,Non-intersection:  Non-junction/no special feature,Paved,N/A,Property Damage Only,0,0,0,0,0,0,2000,1,1,Westbound (WB),POINT (-90.585754943188 41.535114343522)
20211261312,2021-70117,09/20/2021,09-September,2-Monday,15:52,1500 Hours,District 6 (East Central),DAVENPORT,SCOTT,77,CEDAR ST MEASURING 278 FEET SOUTH FROM CEDAR ST AND TELEGRAPH RD,Collision with:  Parked motor vehicle,On Roadway,"Sideswipe, same direction",Lost Control,None Indicated,None apparent,Daylight,Dry,Clear,None apparent,Non-intersection:  Non-junction/no special feature,Paved,N/A,Possible/Unknown,0,1,0,0,0,1,3900,3,1,Northbound (NB),POINT (-90.607425730423 41.526687157321)
20211261226,W21-077235,09/21/2021,09-September,3-Tuesday,13:13,1300 Hours,District 2 (Northeast),WATERLOO,BLACK HAWK,US 63,WEST SHAULIS RD AND US 63 N,Collision with:  Vehicle in traffic,On Roadway,Other (explain in narrative),Other (explain in narrative):  Other,None Indicated,None apparent,Daylight,Dry,Clear,None apparent,Non-intersection:  Non-junction/no special feature,Paved,N/A,Property Damage Only,0,0,0,0,0,0,8000,2,2,Northbound (NB),POINT (-92.420410059239 42.442958427571)
20211262407,390921-2996,09/22/2021,09-September,4-Wednesday,11:40,1100 Hours,District 4 (Southwest),,GUTHRIE,77,SOLDIER TRAIL,Collision with fixed object:  Utility pole/light support,Shoulder,Non-collision (single vehicle),Driving too fast for conditions,None Indicated,None apparent,Daylight,Gravel,Clear,None apparent,Non-intersection:  Non-junction/no special feature,Unpaved,N/A,Possible/Unknown,0,1,0,0,1,0,7400,1,2,Northbound (NB),POINT (-94.381063284875 41.678276904453)
20211261606,2112238,09/22/2021,09-September,4-Wednesday,19:03,1900 Hours,District 5 (Southeast),WASHINGTON,WASHINGTON,77,SOUTH IOWA AVE,Collision with:  Vehicle in traffic,On Roadway,Rear-end (front to rear),Followed too close,None Indicated,None apparent,Dusk,Dry,Clear,None apparent,Intersection:  Four-way intersection,Paved,N/A,Property Damage Only,0,0,0,0,0,0,3500,2,2,Northbound (NB),POINT (-91.691752784381 41.296684042326)
20211261640,20210027935,09/23/2021,09-September,5-Thursday,15:40,1500 Hours,District 1 (Central),DES MOINES,POLK,77,PARK ST AND 8TH PL AND KEOSAUQUA WAY,Collision with:  Vehicle in traffic,On Roadway,Broadside (front to side),Ran Traffic Signal,None Indicated,None apparent,Daylight,Dry,Clear,None apparent,Intersection:  Other intersection (explain in narrative),Paved,N/A,Property Damage Only,0,0,0,0,0,0,4500,2,3,Southbound (SB),POINT (-93.62867594908 41.59055979453)
20211261400,21-010531,09/23/2021,09-September,5-Thursday,07:50,0700 Hours,District 4 (Southwest),COUNCIL BLUFFS,POTTAWATTAMIE,77,2600 BLOCK OF AVE C,Collision with:  Parked motor vehicle,On Roadway,Rear-end (front to rear),Lost Control,None Indicated,Glare,Daylight,Dry,Clear,None apparent,Non-intersection:  Non-junction/no special feature,Paved,N/A,Property Damage Only,0,0,0,0,0,0,2400,2,1,Southbound (SB),POINT (-95.885579297358 41.264598164665)
20211261657,21-238,09/24/2021,09-September,6-Friday,16:12,1600 Hours,District 4 (Southwest),,TAYLOR,77,200TH ST,Collision with:  Animal,Unknown,N/A,Animal,None Indicated,N/A,N/A,N/A,N/A,N/A,N/A,Paved,N/A,Property Damage Only,0,0,0,0,0,0,6000,1,1,Southbound (SB),POINT (-94.772457709962 40.755708071364)
20211262613,1-21-000681,09/24/2021,09-September,6-Friday,09:25,0900 Hours,District 4 (Southwest),ELK HORN,SHELBY,IA-173,MAIN ST ELK HORN,Collision with fixed object:  Building,On Roadway,Non-collision (single vehicle),Driver Distraction:  Other interior distraction,None Indicated,None apparent,Daylight,Dry,Clear,None apparent,Non-intersection:  Non-junction/no special feature,Paved,N/A,Property Damage Only,0,0,0,0,0,0,4500,1,2,Northbound (NB),POINT (-95.060005015217 41.592239110116)
20211261763,A21-072,09/25/2021,09-September,7-Saturday,13:00,1300 Hours,District 4 (Southwest),WINTERSET,MADISON,77,100 BLOCK OF N 1ST AVE,Collision with:  Vehicle in traffic,On Roadway,Rear to side,Driver Distraction:  Other interior distraction,None Indicated,None apparent,Daylight,Dry,Clear,None apparent,Non-intersection:  Non-junction/no special feature,Paved,N/A,Property Damage Only,0,0,0,0,0,0,1500,2,3,Northbound (NB),POINT (-94.014570977829 41.33504703895)
20211262126,CL2101149,09/26/2021,09-September,1-Sunday,12:28,1200 Hours,District 2 (Northeast),CLEAR LAKE,CERRO GORDO,77,US 18 E AND NORTH 8TH ST,Collision with:  Vehicle in traffic,On Roadway,Rear-end (front to rear),Followed too close,None Indicated,None apparent,Daylight,Dry,Clear,None apparent,Intersection:  Four-way intersection,Paved,N/A,Property Damage Only,0,0,0,0,0,0,6000,2,6,Northbound (NB),POINT (-93.378808008598 43.143661527277)
20211262326,2021023534,09/26/2021,09-September,1-Sunday,22:54,2200 Hours,District 4 (Southwest),,MILLS,US 34,US 34 - 7.5MM EB,Collision with:  Animal,Unknown,N/A,Animal,None Indicated,N/A,N/A,N/A,N/A,N/A,N/A,Paved,N/A,Property Damage Only,0,0,0,0,0,0,5000,1,2,Southbound (SB),POINT (-95.76424113902 41.04110735302)
20211262293,202100032614,09/27/2021,09-September,2-Monday,00:55,0000 Hours,District 5 (Southeast),OTTUMWA,WAPELLO,77,NORTH JEFFERSON ST AND EAST 5TH ST,Other (explain in narrative),Outside trafficway,Rear to rear,Other (explain in narrative):  Other,None Indicated,None apparent,Dark - roadway lighted,Dry,Clear,None apparent,Non-intersection:  Non-junction/no special feature,Paved,N/A,Property Damage Only,0,0,0,0,0,0,2800,2,0,Northbound (NB),POINT (-92.405892150574 41.017881037293)
20211262356,21-000757,09/28/2021,09-September,3-Tuesday,10:43,1000 Hours,District 4 (Southwest),CARTER LAKE,POTTAWATTAMIE,77,EAST LOCUST ST,Collision with:  Re-entering roadway,On Roadway,Rear to side,Improper Backing,None Indicated,None apparent,Daylight,Dry,Clear,None apparent,Non-intersection:  Non-junction/no special feature,Paved,N/A,Possible/Unknown,0,1,0,0,1,0,12000,2,2,Southbound (SB),POINT (-95.919537455746 41.284933103795)
20211262511,21029975,09/28/2021,09-September,3-Tuesday,08:06,0800 Hours,District 5 (Southeast),,LEE,77,175 ST,Collision with fixed object:  Ditch,Shoulder,Non-collision (single vehicle),Ran off road - right,None Indicated,None apparent,Daylight,Dry,Clear,None apparent,Non-intersection:  Non-junction/no special feature,Paved,N/A,Property Damage Only,0,0,0,0,0,0,2500,1,1,Southbound (SB),POINT (-91.255372191424 40.70978593182)
20211262763,2106106,09/29/2021,09-September,4-Wednesday,11:25,1100 Hours,District 2 (Northeast),DECORAH,WINNESHIEK,77,GOOSE ISLAND DR AND CLAIBORNE DR,Other (explain in narrative),On Roadway,Broadside (front to side),Other (explain in narrative):  Other,None Indicated,None apparent,Daylight,Dry,Clear,None apparent,Non-intersection:  Non-junction/no special feature,Paved,N/A,Major Injury,0,1,1,0,0,0,2000,2,1,Southbound (SB),POINT (-91.788405840583 43.3060075631)
20211264162,N21000623,09/30/2021,09-September,5-Thursday,17:17,1700 Hours,District 6 (East Central),NORTH LIBERTY,JOHNSON,77,JONES BLVD AND FOREVERGREEN RD,Collision with:  Vehicle in traffic,On Roadway,Rear-end (front to rear),Followed too close,None Indicated,None apparent,Daylight,Dry,Clear,None apparent,Intersection:  Four-way intersection,Paved,N/A,Property Damage Only,0,0,0,0,0,0,12500,2,3,Southbound (SB),POINT (-91.617590193974 41.723204806567)
20211262693,21-28810,09/30/2021,09-September,5-Thursday,06:46,0600 Hours,District 3 (Northwest),SIOUX CITY,WOODBURY,I-29,RAMP I 29 S TO US 20 E,Collision with:  Animal,On Roadway,Non-collision (single vehicle),Animal,None Indicated,Animal in roadway,N/A,N/A,N/A,None apparent,Non-intersection:  Non-junction/no special feature,Paved,N/A,Property Damage Only,0,0,0,0,0,0,2500,1,1,Eastbound (EB),POINT (-96.376713106994 42.448402503735)
20211262980,20210028804,10/01/2021,10-October,6-Friday,14:23,1400 Hours,District 1 (Central),DES MOINES,POLK,77,STATE 163/E UNIVERSITY AVE AND HUBBELL AVE,Collision with:  Vehicle in traffic,On Roadway,Broadside (front to side),FTYROW:  Making left turn,None Indicated,None apparent,Daylight,Wet,Cloudy,None apparent,Intersection:  Four-way intersection,Paved,N/A,Property Damage Only,0,0,0,0,0,0,9000,2,2,Northbound (NB),POINT (-93.578528969784 41.600505862389)
20211263181,21-02107,10/01/2021,10-October,6-Friday,11:24,1100 Hours,District 1 (Central),URBANDALE,POLK,77,3800 86TH ST,Collision with:  Vehicle in traffic,On Roadway,Broadside (front to side),FTYROW:  Making left turn,None Indicated,None apparent,Daylight,Dry,Cloudy,None apparent,Intersection:  T-intersection,Paved,N/A,Property Damage Only,0,0,0,0,0,0,3000,2,3,Northbound (NB),POINT (-93.73644595696 41.629938928484)
20211263156,21-01378,10/02/2021,10-October,7-Saturday,15:42,1500 Hours,District 1 (Central),CLIVE,POLK,US 6,NW 86TH/UNIVERSITY AVE,Collision with:  Re-entering roadway,On Roadway,Broadside (front to side),FTYROW:  At uncontrolled intersection,None Indicated,None apparent,Daylight,Dry,Clear,None apparent,Non-intersection:  Non-junction/no special feature,Paved,N/A,Property Damage Only,0,0,0,0,0,0,8000,2,6,Southbound (SB),POINT (-93.737570496779 41.614844704376)