Iowa DOT Case Number,Law Enforcement Case Number,Date of Crash,Month of Crash,Day of Week,Time of Crash,Hour,DOT District,City Name,County Name,Route with System,Location Description,First Harmful Event,Location of First Harmful Event,Manner of Crash/Collision,Major Cause,Drug or Alcohol ,Environmental Conditions,Light Conditions,Surface Conditions,Weather Conditions,Roadway Contribution,Roadway Type,Roadway Surface,Work Zone,Crash Severity,Number of Fatalities,Number of Injuries,Number of Major Injuries,Number of Minor Injuries,Number of Possible Injuries,Number of Unknown Injuries,Amount of Property Damage,Number of Vehicles Involved,Total Number of Occupants,Travel Direction,Location
20211263113,20210028910,10/02/2021,10-October,7-Saturday,16:20,1600 Hours,District 1 (Central),DES MOINES,POLK,US 69,3200 BLOCK OF PARK AVE,Collision with:  Vehicle in traffic,On Roadway,Broadside (front to side),FTYROW:  Making left turn,None Indicated,None apparent,Daylight,Dry,Cloudy,"Traffic backup, regular congestion",Intersection:  Other intersection (explain in narrative),Paved,N/A,Possible/Unknown,0,1,0,0,1,0,6500,2,3,Northbound (NB),POINT (-93.596828397724 41.553556480565)
20211265886,2021024269,10/03/2021,10-October,1-Sunday,22:58,2200 Hours,District 3 (Northwest),,LYON,77,IBEX AVE NB JUST SOUTH OF 140TH,Collision with fixed object:  Embankment,Other (explain in narrative),Non-collision (single vehicle),Failed to yield to emergency vehicle,Refused,None apparent,Dark - roadway not lighted,Gravel,Clear,None apparent,Intersection:  T-intersection,Unpaved,N/A,Property Damage Only,0,0,0,0,0,0,5000,1,1,Northbound (NB),POINT (-96.115729814734 43.445849354425)
20211263432,102-21,10/04/2021,10-October,2-Monday,19:30,1900 Hours,District 4 (Southwest),,MADISON,IA-92,230TH ST AND IA 92,Collision with:  Animal,On Roadway,Non-collision (single vehicle),Animal,None Indicated,Animal in roadway,Dark - roadway not lighted,Dry,Clear,None apparent,Non-intersection:  Non-junction/no special feature,Paved,N/A,Property Damage Only,0,0,0,0,0,0,7000,1,1,Southbound (SB),POINT (-94.211832165816 41.31704260093)
20211263635,21-005032,10/05/2021,10-October,3-Tuesday,07:50,0700 Hours,District 1 (Central),ANKENY,POLK,77,NW 18TH ST,Collision with:  Vehicle in traffic,On Roadway,Broadside (front to side),FTYROW:  Making left turn,None Indicated,Glare,Daylight,Dry,Clear,None apparent,Intersection:  T-intersection,Paved,N/A,Property Damage Only,0,0,0,0,0,0,4000,2,2,Southbound (SB),POINT (-93.614318034858 41.746370656617)
20211263913,21-13397,10/05/2021,10-October,3-Tuesday,09:13,0900 Hours,District 6 (East Central),MONTICELLO,JONES,77,SOUTH CEDAR ST,Collision with:  Vehicle in traffic,On Roadway,Broadside (front to side),FTYROW:  From stop sign,None Indicated,Visual obstruction,Daylight,Dry,Cloudy,None apparent,Intersection:  Four-way intersection,Paved,N/A,Possible/Unknown,0,2,0,0,2,0,8500,2,2,Northbound (NB),POINT (-91.189612143046 42.237349064065)
20211263822,20210029333,10/06/2021,10-October,4-Wednesday,14:23,1400 Hours,District 1 (Central),DES MOINES,POLK,77,E HARTFORD AVE AND US 69/SE 14TH ST,Collision with:  Vehicle in traffic,On Roadway,Rear-end (front to rear),Followed too close,None Indicated,None apparent,Daylight,Dry,Cloudy,None apparent,Intersection:  Four-way intersection,Paved,N/A,Possible/Unknown,0,1,0,0,0,1,6500,2,2,Southbound (SB),POINT (-93.596929287513 41.569733063759)
20211264019,21149152,10/07/2021,10-October,5-Thursday,11:55,1100 Hours,District 6 (East Central),,JOHNSON,IA-1,STATE 1/IOWA 1,Collision with:  Vehicle in traffic,On Roadway,Rear-end (front to rear),"Operating vehicle in an reckless, erratic, careless, negligent manner",None Indicated,None apparent,Daylight,Dry,Clear,None apparent,Intersection:  Y-intersection,Paved,N/A,Minor Injury,0,2,0,2,0,0,11500,2,3,Northbound (NB),POINT (-91.711792103498 41.583665243999)
20211264702,2021024738,10/08/2021,10-October,6-Friday,19:50,1900 Hours,District 4 (Southwest),COUNCIL BLUFFS,POTTAWATTAMIE,77,SOUTH 35TH ST,Collision with:  Vehicle in traffic,On Roadway,Rear-end (front to rear),Other (explain in narrative):  No improper action,None Indicated,None apparent,Dark - roadway lighted,Dry,Clear,None apparent,Non-intersection:  Non-junction/no special feature,Paved,N/A,Possible/Unknown,0,1,0,0,1,0,300,2,4,Northbound (NB),POINT (-95.902046513359 41.261256872189)
20211264176,21-011194,10/08/2021,10-October,6-Friday,14:11,1400 Hours,District 4 (Southwest),COUNCIL BLUFFS,POTTAWATTAMIE,77,10 BLOCK S 4TH ST,Collision with:  Vehicle in traffic,On Roadway,Rear-end (front to rear),Followed too close,None Indicated,None apparent,Daylight,Dry,Clear,None apparent,Non-intersection:  Non-junction/no special feature,Paved,N/A,Property Damage Only,0,0,0,0,0,0,6000,2,2,Northbound (NB),POINT (-95.848832235628 41.260317378902)
20211264346,2021-74980,10/09/2021,10-October,7-Saturday,09:16,0900 Hours,District 6 (East Central),DAVENPORT,SCOTT,77,GAINES ST AND W LOCUST ST,Collision with:  Vehicle in traffic,On Roadway,"Sideswipe, opposite direction",Driver Distraction:  Other interior distraction,None Indicated,None apparent,Daylight,Dry,Clear,None apparent,Intersection:  Four-way intersection,Paved,N/A,Property Damage Only,0,0,0,0,0,0,3500,2,2,Northbound (NB),POINT (-90.582784684363 41.53826720307)
20211264470,21-29858,10/09/2021,10-October,7-Saturday,19:40,1900 Hours,District 3 (Northwest),SIOUX CITY,WOODBURY,77,HAMILTON BLVD MEASURING 306 FEET NORTH FROM WEST 20TH ST,Collision with:  Vehicle in traffic,On Roadway,"Sideswipe, same direction",Driver Distraction:  Exterior distraction,None Indicated,None apparent,Dark - roadway lighted,Dry,Clear,None apparent,Non-intersection:  Non-junction/no special feature,Paved,N/A,Property Damage Only,0,0,0,0,0,0,4500,2,3,Eastbound (EB),POINT (-96.416872805607 42.512493568679)
20211264713,21023463,10/10/2021,10-October,1-Sunday,02:20,0200 Hours,District 5 (Southeast),,MAHASKA,IA-163,IA 163 E,Collision with fixed object:  Ditch,On Roadway,Non-collision (single vehicle),Ran off road - right,Alcohol (Statutory),None apparent,Dark - roadway not lighted,Dry,Cloudy,None apparent,Non-intersection:  Non-junction/no special feature,Paved,N/A,Possible/Unknown,0,1,0,0,1,0,4500,1,1,Southbound (SB),POINT (-92.754532114909 41.348859383756)
20211264655,20210029820,10/11/2021,10-October,2-Monday,15:00,1500 Hours,District 1 (Central),DES MOINES,POLK,US 6,US 6/MERLE HAY RD MEASURING 401 FEET NORTH FROM OVID AVE AND US 6/MERLE HAY RD,Collision with:  Vehicle in traffic,On Roadway,Rear-end (front to rear),Followed too close,None Indicated,None apparent,Daylight,Wet,Clear,None apparent,Non-intersection:  Non-junction/no special feature,Paved,N/A,Property Damage Only,0,0,0,0,0,0,2000,2,2,Southbound (SB),POINT (-93.697746797727 41.626037046836)
20211264933,21-008539,10/12/2021,10-October,3-Tuesday,16:35,1600 Hours,District 5 (Southeast),CHARITON,LUCAS,77,COURT AVE,Collision with:  Vehicle in traffic,On Roadway,Broadside (front to side),FTYROW:  From stop sign,None Indicated,None apparent,Daylight,Dry,Clear,None apparent,Intersection:  Four-way intersection,Paved,N/A,Property Damage Only,0,0,0,0,0,0,11500,2,5,Southbound (SB),POINT (-93.303544462742 41.014436313553)
20211264843,21-7647,10/12/2021,10-October,3-Tuesday,16:45,1600 Hours,District 1 (Central),ALLEMAN,POLK,US 69,NE 134TH AVE / NE 14TH ST,Collision with:  Vehicle in traffic,On Roadway,Rear-end (front to rear),Followed too close,None Indicated,None apparent,Daylight,Dry,Clear,None apparent,Intersection:  Four-way intersection,Paved,N/A,Property Damage Only,0,0,0,0,0,0,30000,3,3,Northbound (NB),POINT (-93.600330261568 41.805683391989)
20211265017,21-10133A,10/13/2021,10-October,4-Wednesday,07:20,0700 Hours,District 4 (Southwest),,PAGE,IA-48,IA 48 N,Collision with:  Animal,Unknown,N/A,Animal,None Indicated,N/A,N/A,N/A,N/A,N/A,N/A,Paved,N/A,Property Damage Only,0,0,0,0,0,0,4000,1,2,Northbound (NB),POINT (-95.232712692579 40.855503132218)
20211265516,2021007588,10/14/2021,10-October,5-Thursday,10:24,1000 Hours,District 6 (East Central),IOWA CITY,JOHNSON,IA-1,STATE 1/DODGE ST,Collision with:  Vehicle in traffic,On Roadway,Broadside (front to side),Ran Stop Sign,None Indicated,None apparent,Daylight,Dry,Clear,None apparent,Intersection:  Four-way intersection,Paved,N/A,Property Damage Only,0,0,0,0,0,0,16000,2,2,Eastbound (EB),POINT (-91.525775321959 41.660078533411)
20211265314,21011413,10/14/2021,10-October,5-Thursday,23:18,2300 Hours,District 5 (Southeast),CENTERVILLE,APPANOOSE,77,EAST PRAIRIE ST,Collision with fixed object:  Other post/pole/support (explain in narrative),On Roadway,Non-collision (single vehicle),Lost Control,None Indicated,None apparent,Dark - roadway lighted,Dry,Clear,None apparent,Non-intersection:  Non-junction/no special feature,Paved,N/A,Property Damage Only,0,0,0,0,0,0,4500,1,1,Southbound (SB),POINT (-92.869521376078 40.730672130501)
20211265624,W21-084646,10/15/2021,10-October,6-Friday,17:44,1700 Hours,District 2 (Northeast),WATERLOO,BLACK HAWK,US 20,US 20 E,Collision with:  Vehicle in traffic,On Roadway,Rear-end (front to rear),Followed too close,None Indicated,None apparent,Daylight,Dry,Clear,Work Zone (roadway-related),Non-intersection:  Non-junction/no special feature,Paved,Yes,Possible/Unknown,0,1,0,0,1,0,6000,3,4,Southbound (SB),POINT (-92.402287606597 42.457554005771)
20211265870,2021-46285,10/15/2021,10-October,6-Friday,14:54,1400 Hours,District 6 (East Central),BETTENDORF,SCOTT,77,BELMONT RD,Collision with:  Vehicle in traffic,On Roadway,Broadside (front to side),FTYROW:  From driveway,None Indicated,None apparent,Daylight,Dry,Cloudy,None apparent,"Non-intersection:  Driveway access (related, not in)",Paved,N/A,Property Damage Only,0,0,0,0,0,0,4500,2,2,Southbound (SB),POINT (-90.473540162012 41.553506941443)
20211266006,20214262,10/16/2021,10-October,7-Saturday,00:16,0000 Hours,District 2 (Northeast),,GRUNDY,77,12000 MILE X AVE,Collision with fixed object:  Ditch,Roadside,Non-collision (single vehicle),Ran off road - right,None Indicated,None apparent,Dark - roadway not lighted,Gravel,Clear,"Slippery, loose, or worn surface",Non-intersection:  Non-junction/no special feature,Unpaved,N/A,Property Damage Only,0,0,0,0,0,0,25000,1,1,Northbound (NB),POINT (-92.574075361497 42.522605013051)
20211265848,2021-007286,10/16/2021,10-October,7-Saturday,13:17,1300 Hours,District 6 (East Central),DUBUQUE,DUBUQUE,US 61,LOCUST ST CONNECTOR,Collision with:  Vehicle in traffic,On Roadway,"Sideswipe, same direction",Improper or erratic lane changing,None Indicated,None apparent,Daylight,Dry,Clear,None apparent,Interchange-related:  On-ramp merge area,Paved,N/A,Property Damage Only,0,0,0,0,0,0,2500,2,5,Northbound (NB),POINT (-90.662854335567 42.494759446361)
20211265638,21-011572,10/17/2021,10-October,1-Sunday,06:20,0600 Hours,District 4 (Southwest),COUNCIL BLUFFS,POTTAWATTAMIE,I-29,INTERSTATE 29/I 29,Collision with:  Work zone maintenance equipment,Shoulder,Non-collision (single vehicle),Ran off road - right,None Indicated,None apparent,Dark - roadway lighted,Dry,Clear,None apparent,Non-intersection:  Non-junction/no special feature,Paved,N/A,Property Damage Only,0,0,0,0,0,0,14000,1,1,Northbound (NB),POINT (-95.906864252788 41.254974920759)
20211266319,202102833,10/18/2021,10-October,2-Monday,06:47,0600 Hours,District 6 (East Central),,LINN,77,LINN BENTON RD,Collision with:  Animal,Unknown,N/A,Animal,None Indicated,N/A,N/A,N/A,N/A,N/A,N/A,Unpaved,N/A,Property Damage Only,0,0,0,0,0,0,3000,1,1,Northbound (NB),POINT (-91.832476233512 41.922836843468)
20211266427,202102839,10/18/2021,10-October,2-Monday,16:30,1600 Hours,District 6 (East Central),,LINN,77,BEVERLY RD AND US 151 N AND STONEY POINT RD NW,Collision with:  Vehicle in traffic,On Roadway,Broadside (front to side),Other (explain in narrative):  Other,None Indicated,None apparent,Daylight,Dry,Clear,None apparent,Intersection:  Four-way intersection,Paved,N/A,Property Damage Only,0,0,0,0,0,0,7500,2,2,Southbound (SB),POINT (-91.755874521276 41.938838530602)
20211267318,,10/19/2021,10-October,3-Tuesday,18:15,1800 Hours,District 2 (Northeast),,FAYETTE,77,G AVE measuring 0.5 Miles South from G AVE and Bear Creek,Collision with:  Animal,On Roadway,Other (explain in narrative),Animal,None Indicated,N/A,Dusk,Dry,Clear,N/A,Non-intersection:  Non-junction/no special feature,Paved,N/A,Property Damage Only,0,0,0,0,0,0,3000,1,1,Northbound (NB),POINT (-91.725576826093 42.787536154524)
20211269152,21PS-482,10/19/2021,10-October,3-Tuesday,14:19,1400 Hours,District 2 (Northeast),HUMBOLDT,HUMBOLDT,IA-3,IA 3 E,Collision with fixed object:  Bridge overhead structure,On Roadway,Non-collision (single vehicle),Cargo/equipment loss or shift,None Indicated,None apparent,Daylight,Dry,Clear,None apparent,Non-intersection:  Crossover-related,Paved,N/A,Property Damage Only,0,0,0,0,0,0,120000,1,1,Southbound (SB),POINT (-94.209477932985 42.731696259664)
20211266468,21-001206,10/20/2021,10-October,4-Wednesday,19:10,1900 Hours,District 1 (Central),,STORY,US 69,US 69 N,Collision with:  Vehicle in traffic,On Roadway,Rear-end (front to rear),Followed too close,None Indicated,None apparent,Dark - roadway not lighted,Wet,Rain,"Traffic backup, prior crash",Non-intersection:  Non-junction/no special feature,Paved,N/A,Property Damage Only,0,0,0,0,0,0,3500,2,3,Northbound (NB),POINT (-93.621022540014 42.07534218775)
20211266376,21-7861,10/20/2021,10-October,4-Wednesday,12:40,1200 Hours,District 1 (Central),GRIMES,POLK,77,"SE GATEWAY DR  AND SE 3RD ST, GRIMES",Collision with:  Vehicle in traffic,On Roadway,Broadside (front to side),Ran Stop Sign,None Indicated,None apparent,Daylight,Dry,Cloudy,None apparent,Intersection:  Four-way intersection,Paved,N/A,Possible/Unknown,0,2,0,0,2,0,5100,2,3,Northbound (NB),POINT (-93.780291398268 41.686826774864)
20211266792,21-086230,10/21/2021,10-October,5-Thursday,07:30,0700 Hours,District 1 (Central),,GRUNDY,77,T069/GRUNDY RD AND D035/ZANETA RD AND D035/215TH ST MEASURING 6184 FEET WEST FROM D035/ZANETA RD,Collision with:  Animal,Unknown,N/A,Animal,None Indicated,N/A,N/A,N/A,N/A,N/A,N/A,Unpaved,N/A,Property Damage Only,0,0,0,0,0,0,2000,1,1,Northbound (NB),POINT (-92.533871666097 42.391745615261)
20211266623,21-35531,10/21/2021,10-October,5-Thursday,19:56,1900 Hours,District 5 (Southeast),BURLINGTON,DES MOINES,77,KIRKWOOD ST AND US 61,Collision with:  Vehicle in traffic,On Roadway,Broadside (front to side),Ran Traffic Signal,None Indicated,None apparent,Dark - roadway lighted,Wet,Cloudy,None apparent,Intersection:  Four-way intersection,Paved,N/A,Property Damage Only,0,0,0,0,0,0,2000,2,3,Southbound (SB),POINT (-91.141413422752 40.819785934097)
20211266683,21-014302,10/22/2021,10-October,6-Friday,07:12,0700 Hours,District 2 (Northeast),,FLOYD,77,T064/SHADOW AVE,Collision with:  Animal,Unknown,N/A,Animal,None Indicated,N/A,N/A,N/A,N/A,N/A,N/A,Paved,N/A,Property Damage Only,0,0,0,0,0,0,1500,1,1,Northbound (NB),POINT (-92.672758952499 42.981244688954)
20211267528,21-009938,10/22/2021,10-October,6-Friday,21:18,2100 Hours,District 6 (East Central),,BENTON,US 30,US 30 E MEASURING 2062 FEET EAST FROM 25 AVE,Collision with:  Animal,Unknown,N/A,Animal,None Indicated,N/A,N/A,N/A,N/A,N/A,N/A,Paved,N/A,Property Damage Only,0,0,0,0,0,0,3000,1,2,Southbound (SB),POINT (-92.000647424079 41.963296313763)
20211267278,21-024422,10/23/2021,10-October,7-Saturday,15:30,1500 Hours,District 5 (Southeast),,MARION,77,MCKIMBER DR,Collision with fixed object:  Ditch,Roadside,Non-collision (single vehicle),Driving too fast for conditions,None Indicated,None apparent,Daylight,Gravel,Clear,None apparent,Non-intersection:  Non-junction/no special feature,Unpaved,N/A,Minor Injury,0,1,0,1,0,0,7000,1,1,Southbound (SB),POINT (-93.22887303871 41.320627404403)
20211266860,20210031078,10/23/2021,10-October,7-Saturday,08:35,0800 Hours,District 1 (Central),DES MOINES,POLK,77,CLARK ST AND MLK JR PKWY,Collision with:  Vehicle in traffic,On Roadway,Rear-end (front to rear),Unknown,None Indicated,None apparent,Daylight,Dry,Clear,None apparent,Intersection:  Four-way intersection,Paved,N/A,Possible/Unknown,0,1,0,0,0,1,3000,2,2,Eastbound (EB),POINT (-93.64386180816 41.60588712541)
20211267291,MC2103874,10/24/2021,10-October,1-Sunday,11:15,1100 Hours,District 2 (Northeast),MASON CITY,CERRO GORDO,77,S MONROE AVE MEASURING 127 FEET SOUTH FROM 21ST ST SW AND S MONROE AVE,Collision with:  Parked motor vehicle,On Roadway,"Sideswipe, same direction",Other (explain in narrative):  Other,None Indicated,None apparent,Daylight,Dry,Cloudy,None apparent,Non-intersection:  Non-junction/no special feature,Paved,N/A,Property Damage Only,0,0,0,0,0,0,5000,2,1,Northbound (NB),POINT (-93.211090272315 43.131090831587)
20211268052,21-043376,10/25/2021,10-October,2-Monday,19:58,1900 Hours,District 5 (Southeast),,MUSCATINE,IA-38,STATE 38/IOWA 38,Collision with:  Animal,Unknown,N/A,Animal,None Indicated,N/A,N/A,N/A,N/A,N/A,N/A,Paved,N/A,Property Damage Only,0,0,0,0,0,0,2000,1,1,Northbound (NB),POINT (-91.03824006813 41.540016950103)
20211267437,2021-007505,10/25/2021,10-October,2-Monday,08:22,0800 Hours,District 6 (East Central),DUBUQUE,DUBUQUE,77,ASBURY RD AND HILLCREST RD,Collision with:  Vehicle in traffic,On Roadway,Broadside (front to side),FTYROW:  From stop sign,None Indicated,None apparent,Daylight,Dry,Clear,None apparent,Intersection:  T-intersection,Paved,N/A,Property Damage Only,0,0,0,0,0,0,3000,2,2,Northbound (NB),POINT (-90.702575918629 42.505630857856)
20211267555,21-36066,10/26/2021,10-October,3-Tuesday,15:40,1500 Hours,District 5 (Southeast),BURLINGTON,DES MOINES,77,CENTRAL AVE,Collision with:  Vehicle in traffic,On Roadway,"Sideswipe, same direction",Improper or erratic lane changing,None Indicated,None apparent,Daylight,Dry,Clear,None apparent,Non-intersection:  Non-junction/no special feature,Paved,N/A,Property Damage Only,0,0,0,0,0,0,2500,2,4,Northbound (NB),POINT (-91.111937686952 40.810542582703)
20211279172,21010424,10/26/2021,10-October,3-Tuesday,07:41,0700 Hours,District 6 (East Central),,BUCHANAN,IA-150,STATE 150/JAMESTOWN AVE MEASURING 1008 FEET NORTH FROM 200TH ST AND D016/OTTERVILLE BLVD AND STATE 150/JAMESTOWN AVE,Collision with:  Animal,Unknown,N/A,Animal,None Indicated,N/A,N/A,N/A,N/A,N/A,N/A,Paved,N/A,Property Damage Only,0,0,0,0,0,0,5500,1,1,Northbound (NB),POINT (-91.88953838278 42.500581095297)
20211267933,21-012279,10/27/2021,10-October,4-Wednesday,07:50,0700 Hours,District 4 (Southwest),,HARRISON,77,OVERTON AVE,Collision with fixed object:  Ditch,Unknown,Non-collision (single vehicle),Driving too fast for conditions,None Indicated,None apparent,Daylight,Wet,Cloudy,None apparent,Non-intersection:  Non-junction/no special feature,Paved,N/A,Property Damage Only,0,0,0,0,0,0,5200,1,1,Northbound (NB),POINT (-95.75095079975 41.535878494122)
20211267736,20210031543,10/27/2021,10-October,4-Wednesday,12:04,1200 Hours,District 1 (Central),DES MOINES,POLK,77,PARK ST AND 8TH PL AND KEOSAUQUA WAY,Collision with fixed object:  Other post/pole/support (explain in narrative),Outside trafficway,Non-collision (single vehicle),Ran off road - right,None Indicated,None apparent,Daylight,Dry,Cloudy,None apparent,Intersection:  Four-way intersection,Paved,N/A,Possible/Unknown,0,1,0,0,0,1,12000,1,1,Southbound (SB),POINT (-93.62867594908 41.59055979453)
20211268745,2021-79584,10/28/2021,10-October,5-Thursday,09:55,0900 Hours,District 6 (East Central),DAVENPORT,SCOTT,77,US 6/W KIMBERLY RD AND GAINES ST,Collision with:  Vehicle in traffic,On Roadway,"Sideswipe, same direction",Other (explain in narrative):  No improper action,None Indicated,None apparent,Daylight,Wet,Rain,None apparent,Non-intersection:  Non-junction/no special feature,Paved,N/A,Possible/Unknown,0,1,0,0,0,1,1500,2,3,Northbound (NB),POINT (-90.583157691818 41.5601065621)
20211267945,202115633,10/28/2021,10-October,5-Thursday,07:07,0700 Hours,District 6 (East Central),CEDAR RAPIDS,LINN,77,1ST ST SW AND DIAGONAL DR SW,Collision with:  Vehicle in traffic,On Roadway,"Angle, oncoming left turn",FTYROW:  Making left turn,None Indicated,None apparent,Dark - roadway lighted,Wet,Rain,None apparent,Intersection:  Four-way intersection,Paved,N/A,Property Damage Only,0,0,0,0,0,0,11000,2,3,Southbound (SB),POINT (-91.669325713594 41.970633524485)
20211268585,202100014579,10/29/2021,10-October,6-Friday,19:43,1900 Hours,District 4 (Southwest),,DALLAS,77,L AVE,Collision with:  Animal,Unknown,N/A,Animal,None Indicated,N/A,N/A,N/A,N/A,N/A,N/A,Paved,N/A,Property Damage Only,0,0,0,0,0,0,1500,1,2,Northbound (NB),POINT (-94.079990456917 41.540837142729)
20211268116,21-12921,10/29/2021,10-October,6-Friday,07:13,0700 Hours,District 3 (Northwest),,SIOUX,IA-60,IA 60 N MEASURING 1373 FEET SOUTH FROM 480TH ST,Collision with:  Animal,Unknown,N/A,Animal,None Indicated,N/A,N/A,N/A,N/A,N/A,N/A,Paved,N/A,Property Damage Only,0,0,0,0,0,0,6000,1,1,Northbound (NB),POINT (-96.036575248564 42.949827233597)
20211268498,21-015008,10/30/2021,10-October,7-Saturday,23:44,2300 Hours,District 3 (Northwest),,PLYMOUTH,IA-12,K18 AND IA 12 N,Collision with:  Animal,Unknown,N/A,Animal,None Indicated,N/A,N/A,N/A,N/A,N/A,N/A,Paved,N/A,Property Damage Only,0,0,0,0,0,0,8000,1,1,Northbound (NB),POINT (-96.51774276306 42.632608091113)
20211268271,21-36474,10/30/2021,10-October,7-Saturday,09:38,0900 Hours,District 5 (Southeast),BURLINGTON,DES MOINES,77,SUNNYSIDE AVE AND PILGER AVE,Collision with:  Vehicle in traffic,On Roadway,Broadside (front to side),FTYROW:  From driveway,None Indicated,None apparent,Daylight,Dry,Clear,None apparent,"Non-intersection:  Driveway access (related, not in)",Paved,N/A,Possible/Unknown,0,1,0,0,1,0,7000,2,3,Southbound (SB),POINT (-91.116876707029 40.830827828671)
20211268471,21163518,10/31/2021,10-October,1-Sunday,22:15,2200 Hours,District 6 (East Central),,JOHNSON,I-80,INTERSTATE 80/I 80,Non-collision events:  Overturn/rollover,Shoulder,Non-collision (single vehicle),Driver Distraction:  Exterior distraction,None Indicated,None apparent,Dark - roadway not lighted,Dry,Clear,None apparent,Non-intersection:  Non-junction/no special feature,Paved,N/A,Possible/Unknown,0,1,0,0,1,0,3200,1,1,Southbound (SB),POINT (-91.775038044976 41.688252252363)
20211269225,202100036691,11/01/2021,11-November,2-Monday,05:23,0500 Hours,District 5 (Southeast),OTTUMWA,WAPELLO,77,NORTH FERRY ST AND RICHMOND AVE,Collision with:  Vehicle in traffic,On Roadway,Broadside (front to side),FTYROW:  From yield sign,None Indicated,None apparent,Dark - roadway lighted,Dry,Clear,None apparent,Intersection:  Roundabout,Paved,N/A,Property Damage Only,0,0,0,0,0,0,2500,2,4,Southbound (SB),POINT (-92.432672171563 41.007278239011)
20211268797,21-0691,11/01/2021,11-November,2-Monday,19:18,1900 Hours,District 1 (Central),,WEBSTER,US 20,US 20 E,Collision with:  Animal,On Roadway,Non-collision (single vehicle),Animal,None Indicated,None apparent,Dark - roadway not lighted,Dry,Clear,None apparent,Non-intersection:  Non-junction/no special feature,Paved,N/A,Property Damage Only,0,0,0,0,0,0,7500,1,1,Southbound (SB),POINT (-94.173012163414 42.444941737247)
20211273093,SO21-01016,11/02/2021,11-November,3-Tuesday,06:06,0600 Hours,District 1 (Central),,MARSHALL,77,WALLACE AVE,Collision with:  Animal,Unknown,N/A,Animal,None Indicated,N/A,N/A,N/A,N/A,N/A,N/A,Paved,N/A,Property Damage Only,0,0,0,0,0,0,2000,1,1,Northbound (NB),POINT (-92.825299050186 42.168881592236)
20211268917,2021008208,11/02/2021,11-November,3-Tuesday,12:55,1200 Hours,District 6 (East Central),IOWA CITY,JOHNSON,77,MILLER AVE,Collision with:  Vehicle in traffic,On Roadway,Broadside (front to side),Equipment failure,None Indicated,None apparent,Daylight,Dry,Clear,None apparent,Intersection:  T-intersection,Paved,N/A,Property Damage Only,0,0,0,0,0,0,8000,2,3,Northbound (NB),POINT (-91.546655943882 41.650184759161)
20211269263,21-006466,11/03/2021,11-November,4-Wednesday,12:18,1200 Hours,District 3 (Northwest),,CHEROKEE,US 59,US 59 N,Collision with:  Vehicle in traffic,On Roadway,Broadside (front to side),FTYROW:  At uncontrolled intersection,None Indicated,None apparent,Daylight,Dry,Clear,None apparent,Intersection:  Four-way intersection,Paved,N/A,Property Damage Only,0,0,0,0,0,0,6500,2,2,Northbound (NB),POINT (-95.553334893109 42.76827031129)
20211269387,2110249PD,11/04/2021,11-November,5-Thursday,16:13,1600 Hours,District 1 (Central),BOONE,BOONE,77,FREMONT ST,Collision with:  Struck/struck by object/cargo/person from other vehicle,On Roadway,Broadside (front to side),FTYROW:  At uncontrolled intersection,None Indicated,None apparent,Daylight,Dry,Clear,None apparent,Intersection:  Four-way intersection,Paved,N/A,Property Damage Only,0,0,0,0,0,0,5000,2,5,Northbound (NB),POINT (-93.90429537189 42.062147526912)
20211269257,21-020928,11/04/2021,11-November,5-Thursday,07:54,0700 Hours,District 5 (Southeast),,HENRY,77,AGENCY RD,Collision with:  Animal,Unknown,N/A,Animal,None Indicated,N/A,N/A,N/A,N/A,N/A,N/A,Unpaved,N/A,Property Damage Only,0,0,0,0,0,0,4000,1,1,Southbound (SB),POINT (-91.633948127226 40.863694088441)
20211272426,21-009921,11/05/2021,11-November,6-Friday,14:16,1400 Hours,District 5 (Southeast),,LOUISA,77,G056/COUNTY RD G56 AND X061/COUNTY RD X 61 AND X061/120TH ST,Collision with:  Vehicle in traffic,On Roadway,Rear-end (front to rear),FTYROW:  Making left turn,None Indicated,Other (explain in narrative),Daylight,Dry,Clear,None apparent,Intersection:  T-intersection,Paved,N/A,Property Damage Only,0,0,0,0,0,0,5000,2,2,Northbound (NB),POINT (-91.142101616701 41.232657340678)
20211269502,21-012550,11/05/2021,11-November,6-Friday,18:37,1800 Hours,District 2 (Northeast),,WINNEBAGO,77,160TH AVE,Collision with:  Animal,Unknown,N/A,Animal,None Indicated,N/A,N/A,N/A,N/A,N/A,N/A,Paved,N/A,Property Damage Only,0,0,0,0,0,0,2000,1,1,Northbound (NB),POINT (-93.656270355757 43.267446174257)
20211269578,21-8324,11/06/2021,11-November,7-Saturday,09:30,0900 Hours,District 1 (Central),GRIMES,POLK,77,SE 11TH ST,Collision with:  Vehicle in traffic,On Roadway,"Sideswipe, same direction",FTYROW:  Other (explain in narrative),None Indicated,None apparent,Daylight,Dry,Clear,None apparent,Non-intersection:  Non-junction/no special feature,Paved,N/A,Property Damage Only,0,0,0,0,0,0,4000,2,2,Southbound (SB),POINT (-93.775476855943 41.680140089914)
20211271554,SO-2104142,11/06/2021,11-November,7-Saturday,07:52,0700 Hours,District 5 (Southeast),,JEFFERSON,77,2100 BLOCK OSAGE AVE.,Collision with:  Animal,Unknown,N/A,Animal,None Indicated,N/A,N/A,N/A,N/A,N/A,N/A,Paved,N/A,Property Damage Only,0,0,0,0,0,0,10000,1,1,Northbound (NB),POINT (-91.909663951843 40.995464247587)
20211269746,21-045354,11/07/2021,11-November,1-Sunday,16:02,1600 Hours,District 5 (Southeast),MUSCATINE,MUSCATINE,77,WEST 6TH ST AND IOWA AVE,Collision with:  Vehicle in traffic,On Roadway,Broadside (front to side),FTYROW:  From stop sign,None Indicated,None apparent,Daylight,Dry,Clear,None apparent,Intersection:  Four-way intersection,Paved,N/A,Possible/Unknown,0,1,0,0,1,0,2500,2,2,Southbound (SB),POINT (-91.048818872359 41.424486219469)