Iowa DOT Case Number,Law Enforcement Case Number,Date of Crash,Month of Crash,Day of Week,Time of Crash,Hour,DOT District,City Name,County Name,Route with System,Location Description,First Harmful Event,Location of First Harmful Event,Manner of Crash/Collision,Major Cause,Drug or Alcohol ,Environmental Conditions,Light Conditions,Surface Conditions,Weather Conditions,Roadway Contribution,Roadway Type,Roadway Surface,Work Zone,Crash Severity,Number of Fatalities,Number of Injuries,Number of Major Injuries,Number of Minor Injuries,Number of Possible Injuries,Number of Unknown Injuries,Amount of Property Damage,Number of Vehicles Involved,Total Number of Occupants,Travel Direction,Location
20211284022,21-14917,11/07/2021,11-November,1-Sunday,00:07,0000 Hours,District 6 (East Central),,JONES,77,VIOLET RD,Other (explain in narrative),On Roadway,Non-collision (single vehicle),Ran off road - right,None Indicated,None apparent,Dark - roadway not lighted,Dry,Clear,None apparent,Non-intersection:  Non-junction/no special feature,Unpaved,N/A,Property Damage Only,0,0,0,0,0,0,10150,1,2,Northbound (NB),POINT (-91.305623761568 42.133319737921)
20211270876,21-018799,11/08/2021,11-November,2-Monday,08:09,0800 Hours,District 1 (Central),,TAMA,77,N AVE,Collision with:  Animal,Unknown,N/A,Animal,None Indicated,N/A,N/A,N/A,N/A,N/A,N/A,Unpaved,N/A,Property Damage Only,0,0,0,0,0,0,2000,1,1,Northbound (NB),POINT (-92.512408169606 42.046238076149)
20211269981,21-009234,11/08/2021,11-November,2-Monday,09:54,0900 Hours,District 3 (Northwest),,MONONA,77,IA 141 E AND TEAK AVE,Non-collision events:  Overturn/rollover,Shoulder,Non-collision (single vehicle),Driving too fast for conditions,None Indicated,None apparent,Daylight,Dry,Clear,None apparent,Non-intersection:  Non-junction/no special feature,Unpaved,N/A,Minor Injury,0,1,0,1,0,0,50500,1,1,Northbound (NB),POINT (-95.710193901137 42.123161016702)
20211270431,21-110901,11/09/2021,11-November,3-Tuesday,05:50,0500 Hours,District 4 (Southwest),SHENANDOAH,PAGE,77,WEST THOMAS AVE,Collision with:  Parked motor vehicle,On Roadway,Rear-end (front to rear),Other (explain in narrative):  Other,None Indicated,None apparent,Dark - roadway lighted,Dry,Clear,None apparent,Non-intersection:  Non-junction/no special feature,Paved,N/A,Property Damage Only,0,0,0,0,0,0,19500,2,1,Southbound (SB),POINT (-95.366477858893 40.765030968096)
20211270311,A21-084,11/09/2021,11-November,3-Tuesday,16:17,1600 Hours,District 4 (Southwest),WINTERSET,MADISON,77,WEST MILLS ST AND 8TH AVE,Collision with:  Vehicle in traffic,On Roadway,Broadside (front to side),Ran Stop Sign,None Indicated,None apparent,Daylight,Dry,Clear,None apparent,Intersection:  Four-way intersection,Paved,N/A,Property Damage Only,0,0,0,0,0,0,7000,2,2,Northbound (NB),POINT (-94.022992092526 41.342412705361)
20211272898,W21-092058,11/10/2021,11-November,4-Wednesday,19:35,1900 Hours,District 2 (Northeast),WATERLOO,BLACK HAWK,US 20,NB/EB Interstate 0380 and Cedar River,Collision with fixed object:  Guardrail - end,On Roadway,Non-collision (single vehicle),Other (explain in narrative):  No improper action,None Indicated,Weather conditions,Dark - roadway not lighted,Wet,Rain,"Surface condition (e.g., wet, icy)","Interchange-related:  Off-ramp, diverge area",Paved,N/A,Possible/Unknown,0,1,0,0,1,0,5000,1,1,Southbound (SB),POINT (-92.306747973562 42.455872222131)
20211271932,21-015289,11/10/2021,11-November,4-Wednesday,18:33,1800 Hours,District 2 (Northeast),CHARLES CITY,FLOYD,US 18,US 18 E,Collision with:  Vehicle in traffic,On Roadway,"Sideswipe, same direction",Improper or erratic lane changing,None Indicated,Weather conditions,Dark - roadway lighted,Wet,Rain,"Surface condition (e.g., wet, icy)",Non-intersection:  Non-junction/no special feature,Paved,N/A,Property Damage Only,0,0,0,0,0,0,1500,2,4,Southbound (SB),POINT (-92.675880455279 43.064054956159)
20211270608,21-06293,11/11/2021,11-November,5-Thursday,14:08,1400 Hours,District 1 (Central),WEST DES MOINES,POLK,77,1000 BLOCK 8TH,Collision with:  Vehicle in traffic,On Roadway,Broadside (front to side),Ran Traffic Signal,None Indicated,None apparent,Daylight,Dry,Clear,None apparent,Intersection:  Four-way intersection,Paved,N/A,Property Damage Only,0,0,0,0,0,0,6000,2,2,Northbound (NB),POINT (-93.713030423153 41.584780335198)
20211270637,21-012807,11/11/2021,11-November,5-Thursday,17:55,1700 Hours,District 2 (Northeast),FOREST CITY,WINNEBAGO,77,SOUTH CENTRAL ST,Collision with:  Vehicle in traffic,On Roadway,Broadside (front to side),FTYROW:  From stop sign,None Indicated,None apparent,Daylight,Dry,Clear,None apparent,Intersection:  Four-way intersection,Paved,N/A,Property Damage Only,0,0,0,0,0,0,3500,2,3,Northbound (NB),POINT (-93.635776295069 43.261312698766)
20211279688,2021027516,11/12/2021,11-November,6-Friday,08:10,0800 Hours,District 1 (Central),ANKENY,POLK,I-80,80 WB 138 MM,Collision with:  Vehicle in traffic,On Roadway,"Sideswipe, same direction",Other (explain in narrative):  No improper action,None Indicated,None apparent,Daylight,Wet,Cloudy,None apparent,Non-intersection:  Non-junction/no special feature,Paved,N/A,Possible/Unknown,0,1,0,0,1,0,8500,2,2,Westbound (WB),POINT (-93.572347461092 41.653264957688)
20211271513,2021-28593,11/12/2021,11-November,6-Friday,16:57,1600 Hours,District 6 (East Central),BETTENDORF,SCOTT,77,FOREST GROVE DR,Collision with:  Vehicle in traffic,On Roadway,Broadside (front to side),FTYROW:  From stop sign,None Indicated,None apparent,Dark - roadway not lighted,Wet,Rain,None apparent,Intersection:  T-intersection,Paved,N/A,Property Damage Only,0,0,0,0,0,0,5000,2,3,Southbound (SB),POINT (-90.462397642484 41.590052054493)
20211271338,2021027592,11/12/2021,11-November,6-Friday,19:41,1900 Hours,District 6 (East Central),DAVENPORT,SCOTT,I-80,I 80 E 295MM,Collision with:  Vehicle in traffic,On Roadway,"Sideswipe, same direction",Lost Control,None Indicated,None apparent,Dark - roadway lighted,Dry,Clear,None apparent,Non-intersection:  Non-junction/no special feature,Paved,N/A,Possible/Unknown,0,2,0,0,2,0,10500,2,3,Southbound (SB),POINT (-90.566002740907 41.595427660517)
20211271346,21-33487,11/13/2021,11-November,7-Saturday,15:39,1500 Hours,District 3 (Northwest),SIOUX CITY,WOODBURY,77,CENTER ST AND WEST 14TH ST,Collision with:  Vehicle in traffic,On Roadway,Broadside (front to side),FTYROW:  From stop sign,None Indicated,None apparent,Daylight,Wet,Cloudy,None apparent,Intersection:  Four-way intersection,Paved,N/A,Property Damage Only,0,0,0,0,0,0,2500,2,4,Northbound (NB),POINT (-96.421056223054 42.505075011557)
20211272149,21018404,11/14/2021,11-November,1-Sunday,11:17,1100 Hours,District 6 (East Central),,CEDAR,77,BAKER AVE,Collision with:  Thrown or falling object,On Roadway,Non-collision (single vehicle),Other (explain in narrative):  No improper action,None Indicated,None apparent,Daylight,Dry,Clear,None apparent,Non-intersection:  Non-junction/no special feature,Paved,N/A,Minor Injury,0,1,0,1,0,0,6000,1,2,Northbound (NB),POINT (-91.346586517214 41.620333905099)
20211271143,21-001786,11/14/2021,11-November,1-Sunday,14:10,1400 Hours,District 1 (Central),ALTOONA,POLK,77,SCENIC VIEW BLVD AND 8TH ST SW,Collision with:  Vehicle in traffic,On Roadway,Rear-end (front to rear),Followed too close,None Indicated,None apparent,Daylight,Dry,Cloudy,None apparent,Intersection:  Four-way intersection,Paved,N/A,Property Damage Only,0,0,0,0,0,0,7000,2,2,Southbound (SB),POINT (-93.490287670529 41.644078651187)
20211271468,21062,11/15/2021,11-November,2-Monday,05:00,0500 Hours,District 1 (Central),,MARSHALL,US 30,US 30 E,Collision with:  Animal,Unknown,N/A,Animal,None Indicated,N/A,N/A,N/A,N/A,N/A,N/A,Paved,N/A,Property Damage Only,0,0,0,0,0,0,1500,1,1,Southbound (SB),POINT (-93.230703786395 42.007836114015)
20211271601,21-019182,11/15/2021,11-November,2-Monday,21:15,2100 Hours,District 1 (Central),,TAMA,US 883,US 30 E,Collision with:  Animal,On Roadway,Non-collision (single vehicle),Animal,None Indicated,Animal in roadway,N/A,N/A,N/A,N/A,N/A,Unpaved,N/A,Property Damage Only,0,0,0,0,0,0,7500,1,1,Southbound (SB),POINT (-92.459214106663 41.963868422475)
20211271672,CL2101391,11/16/2021,11-November,3-Tuesday,11:36,1100 Hours,District 2 (Northeast),CLEAR LAKE,CERRO GORDO,US 18,US 18 W/N 24TH ST,Collision with:  Vehicle in traffic,On Roadway,Rear-end (front to rear),Followed too close,None Indicated,None apparent,Daylight,Dry,Severe winds,None apparent,Intersection:  Four-way intersection,Paved,N/A,Property Damage Only,0,0,0,0,0,0,3000,2,2,Westbound (WB),POINT (-93.359292731583 43.145867625968)
20211271933,21004947,11/16/2021,11-November,3-Tuesday,09:20,0900 Hours,District 1 (Central),,STORY,US 69,US 69 N AND 265TH ST,Collision with:  Animal,On Roadway,Non-collision (single vehicle),Animal,None Indicated,Animal in roadway,Daylight,Dry,Clear,None apparent,Non-intersection:  Non-junction/no special feature,Paved,N/A,Property Damage Only,0,0,0,0,0,0,3000,1,1,Northbound (NB),POINT (-93.610049109474 41.972077601164)
20211272200,21-005821,11/17/2021,11-November,4-Wednesday,17:11,1700 Hours,District 1 (Central),ANKENY,POLK,77,SW ORALABOR FRONTAGE RD,Collision with fixed object:  Curb/island/raised median,On Roadway,Non-collision (single vehicle),Driver Distraction:  Other electronic device activity,Drug,None apparent,Dark - roadway lighted,Dry,Clear,None apparent,Non-intersection:  Non-junction/no special feature,Paved,N/A,Possible/Unknown,0,1,0,0,1,0,2700,1,2,Southbound (SB),POINT (-93.637423225887 41.702713791527)
20211272205,21-38455,11/17/2021,11-November,4-Wednesday,15:35,1500 Hours,District 5 (Southeast),,DES MOINES,77,210TH ST MEASURING 4243 FEET EAST FROM IOWA CITY RD,Collision with:  Vehicle in traffic,On Roadway,Other (explain in narrative),FTYROW:  From driveway,None Indicated,None apparent,Dusk,Dry,Cloudy,None apparent,"Non-intersection:  Driveway access (related, not in)",Paved,N/A,Minor Injury,0,1,0,1,0,0,8500,2,2,Southbound (SB),POINT (-91.183902298387 40.986232170186)
20211272894,21-38541,11/18/2021,11-November,5-Thursday,13:19,1300 Hours,District 5 (Southeast),BURLINGTON,DES MOINES,77,OFF ROADWAY/ROADWAY NOT FOUND MEASURING 497 FEET NORTH FROM AGENCY ST,Collision with:  Vehicle in traffic,On Roadway,Unknown,Other (explain in narrative):  Other,None Indicated,None apparent,Daylight,Dry,Clear,None apparent,Non-intersection:  Non-junction/no special feature,Unpaved,N/A,Property Damage Only,0,0,0,0,0,0,2000,2,1,N/A,POINT (-91.136673371426 40.815872120855)
20211273409,2021028156,11/18/2021,11-November,5-Thursday,17:20,1700 Hours,District 6 (East Central),,JOHNSON,US 218,NB HWY 218 @ 96.3 MM,Collision with:  Vehicle in traffic,On Roadway,Rear-end (front to rear),Driving too fast for conditions,None Indicated,None apparent,Dark - roadway lighted,Dry,Clear,"Traffic backup, regular congestion",Non-intersection:  Non-junction/no special feature,Paved,N/A,Property Damage Only,0,0,0,0,0,0,3000,2,2,Northbound (NB),POINT (-91.633663411586 41.686342967927)
20211272989,2021-003573,11/19/2021,11-November,6-Friday,08:46,0800 Hours,District 6 (East Central),,DUBUQUE,77,Y013/HOLY CROSS RD,Collision with:  Animal,Unknown,N/A,Animal,None Indicated,N/A,N/A,N/A,N/A,N/A,N/A,Paved,N/A,Property Damage Only,0,0,0,0,0,0,2000,1,1,Northbound (NB),POINT (-91.005324068659 42.458170645358)
20211272995,2021-003595,11/20/2021,11-November,7-Saturday,17:21,1700 Hours,District 6 (East Central),,DUBUQUE,77,PERU RD,Collision with fixed object:  Embankment,Outside trafficway,Non-collision (single vehicle),Ran off road - straight,None Indicated,None apparent,Dark - roadway not lighted,Dry,Cloudy,None apparent,Intersection:  Y-intersection,Paved,N/A,Property Damage Only,0,0,0,0,0,0,4000,1,1,Southbound (SB),POINT (-90.684663216318 42.556959952618)
20211272544,21-06481,11/20/2021,11-November,7-Saturday,20:44,2000 Hours,District 1 (Central),WEST DES MOINES,POLK,77,5400 MILLS CIVIC PARKWAY,Collision with:  Vehicle in traffic,On Roadway,Rear-end (front to rear),Driver Distraction:  Other interior distraction,None Indicated,None apparent,Dark - roadway lighted,Dry,Clear,None apparent,Non-intersection:  Non-junction/no special feature,Paved,N/A,Property Damage Only,0,0,0,0,0,0,3000,2,2,Westbound (WB),POINT (-93.779270000315 41.55921123833)
20211274880,21-02512,11/21/2021,11-November,1-Sunday,22:00,2200 Hours,District 1 (Central),URBANDALE,POLK,I-80,"RAMP 86TH ST, S TO S TO STATE OF IOWA, I 80 E",Collision with fixed object:  Utility pole/light support,Shoulder,Non-collision (single vehicle),Unknown,None Indicated,None apparent,Dark - roadway lighted,Dry,Clear,None apparent,Interchange-related:  On-ramp merge area,Paved,N/A,Property Damage Only,0,0,0,0,0,0,15000,1,1,Southbound (SB),POINT (-93.737333283153 41.651964714249)
20211274293,20210034174,11/22/2021,11-November,2-Monday,23:10,2300 Hours,District 1 (Central),DES MOINES,POLK,US 6,US 6/EUCLID AVE AND 6TH AVE,Collision with:  Vehicle in traffic,On Roadway,Broadside (front to side),Ran Traffic Signal,None Indicated,None apparent,Dark - roadway lighted,Dry,Clear,None apparent,Intersection:  Four-way intersection,Paved,N/A,Possible/Unknown,0,1,0,0,1,0,10000,2,5,Southbound (SB),POINT (-93.624762711633 41.627681858707)
20211280605,2021-85724,11/22/2021,11-November,2-Monday,14:13,1400 Hours,District 6 (East Central),DAVENPORT,SCOTT,77,PERSHING AVE AND E 15TH ST,Collision with fixed object:  Tree,On Roadway,Non-collision (single vehicle),Driver Distraction:  Manual operation of an electronic communication device,None Indicated,None apparent,Daylight,Dry,Clear,None apparent,Non-intersection:  Non-junction/no special feature,Paved,N/A,Possible/Unknown,0,1,0,0,1,0,1500,1,3,Northbound (NB),POINT (-90.571180332862 41.535086465972)
20211273394,S21-002328,11/23/2021,11-November,3-Tuesday,05:00,0500 Hours,District 4 (Southwest),,POTTAWATTAMIE,77,G08L/RAILROAD HWY,Collision with:  Animal,On Roadway,Non-collision (single vehicle),Animal,None Indicated,Animal in roadway,Dark - roadway not lighted,Dry,Clear,None apparent,Non-intersection:  Non-junction/no special feature,Paved,N/A,Possible/Unknown,0,1,0,0,1,0,10000,1,1,Northbound (NB),POINT (-95.660215966811 41.413295750436)
20211273344,20210034292,11/23/2021,11-November,3-Tuesday,23:43,2300 Hours,District 1 (Central),DES MOINES,POLK,77,E BELL AVE,Collision with fixed object:  Fence,Outside trafficway,Non-collision (single vehicle),Failed to yield to emergency vehicle,None Indicated,None apparent,Dark - roadway lighted,Dry,Clear,None apparent,Non-intersection:  Non-junction/no special feature,Unpaved,N/A,Minor Injury,0,1,0,1,0,0,3500,1,1,Southbound (SB),POINT (-93.588612270489 41.562570107525)
20211273341,21-8816,11/24/2021,11-November,4-Wednesday,12:50,1200 Hours,District 1 (Central),GRIMES,POLK,77,EAST 1ST ST/SE DESTINATION DRIVE,Other (explain in narrative),On Roadway,"Sideswipe, same direction",FTYROW:  Other (explain in narrative),None Indicated,None apparent,Daylight,Dry,Cloudy,None apparent,Intersection:  Four-way intersection,Paved,N/A,Property Damage Only,0,0,0,0,0,0,5500,2,4,Southbound (SB),POINT (-93.769302386449 41.688296956321)
20211273459,20210034412,11/25/2021,11-November,5-Thursday,14:04,1400 Hours,District 1 (Central),DES MOINES,POLK,US 69,US 69/E 15TH ST,Collision with:  Vehicle in traffic,On Roadway,"Sideswipe, same direction",Improper or erratic lane changing,None Indicated,None apparent,Daylight,Dry,Clear,None apparent,Non-intersection:  Non-junction/no special feature,Paved,N/A,Property Damage Only,0,0,0,0,0,0,3000,2,4,Northbound (NB),POINT (-93.596079032097 41.595966630523)
20211278243,2021028659,11/26/2021,11-November,6-Friday,17:54,1700 Hours,District 1 (Central),,BOONE,77,230TH ST AND HWY 30 EB,Collision with:  Vehicle in traffic,On Roadway,Rear-end (front to rear),Followed too close,None Indicated,None apparent,Dark - roadway lighted,Dry,Clear,None apparent,Intersection:  Four-way intersection,Paved,N/A,Property Damage Only,0,0,0,0,0,0,5000,2,3,Southbound (SB),POINT (-93.786617930082 42.023565947379)
20211274062,21096191,11/26/2021,11-November,6-Friday,13:56,1300 Hours,District 2 (Northeast),CEDAR FALLS,BLACK HAWK,77,UNIVERSITY AVE AND ROWND ST,Collision with:  Vehicle in traffic,On Roadway,Broadside (front to side),FTYROW:  From driveway,None Indicated,None apparent,Daylight,Dry,Clear,None apparent,"Non-intersection:  Driveway access (related, not in)",Paved,N/A,Property Damage Only,0,0,0,0,0,0,2300,2,3,Northbound (NB),POINT (-92.420998433292 42.509748975386)
20211289127,FD21-2999,11/27/2021,11-November,7-Saturday,18:00,1800 Hours,District 1 (Central),FORT DODGE,WEBSTER,77,SOUTH 15TH ST AND 5TH AVE SOUTH,Collision with:  Vehicle in traffic,On Roadway,"Sideswipe, same direction",Improper or erratic lane changing,None Indicated,None apparent,Dark - roadway lighted,Unknown,Clear,None apparent,Intersection:  Four-way intersection,Paved,N/A,Property Damage Only,0,0,0,0,0,0,3000,2,2,Southbound (SB),POINT (-94.177747218311 42.500999008036)
20211274369,21-010611,11/28/2021,11-November,1-Sunday,11:44,1100 Hours,District 5 (Southeast),,LOUISA,US 61,US 61 N,Collision with:  Animal,Unknown,N/A,Animal,None Indicated,N/A,N/A,N/A,N/A,N/A,N/A,Paved,N/A,Property Damage Only,0,0,0,0,0,0,2500,1,1,Northbound (NB),POINT (-91.178311063684 41.137289933948)
20211273894,CFS2108423,11/28/2021,11-November,1-Sunday,18:33,1800 Hours,District 2 (Northeast),,WINNESHIEK,US 52,US 52 N,Collision with:  Animal,Unknown,N/A,Animal,None Indicated,N/A,N/A,N/A,N/A,N/A,N/A,Paved,N/A,Property Damage Only,0,0,0,0,0,0,2500,1,2,Northbound (NB),POINT (-91.820163787684 43.380734229097)
20211274134,SO21002779,11/29/2021,11-November,2-Monday,14:04,1400 Hours,District 2 (Northeast),,FRANKLIN,US 65,US 65 N,Collision with:  Struck/struck by object/cargo/person from other vehicle,On Roadway,Rear-end (front to rear),Driver Distraction:  Inattentive/lost in thought,None Indicated,None apparent,Daylight,Dry,Clear,None apparent,Non-intersection:  Non-junction/no special feature,Paved,N/A,Property Damage Only,0,0,0,0,0,0,12000,2,2,Northbound (NB),POINT (-93.202261610838 42.782661325585)
20211274202,2111301A,11/30/2021,11-November,3-Tuesday,06:39,0600 Hours,District 4 (Southwest),,PAGE,IA-2,IA 2 E,Collision with:  Animal,Unknown,N/A,Animal,None Indicated,N/A,N/A,N/A,N/A,N/A,N/A,Paved,N/A,Property Damage Only,0,0,0,0,0,0,6500,1,2,Southbound (SB),POINT (-95.072509263036 40.742312990773)
20211274311,2021-008427,11/30/2021,11-November,3-Tuesday,09:56,0900 Hours,District 6 (East Central),DUBUQUE,DUBUQUE,77,WASHINGTON ST AND E 16TH ST,Collision with:  Non-motorist (see non-motorist section - NOT a unit),On Roadway,Non-collision (single vehicle),Other (explain in narrative):  Other,None Indicated,None apparent,Daylight,Dry,Clear,None apparent,Non-intersection:  Non-junction/no special feature,Paved,N/A,Minor Injury,0,1,0,1,0,0,0,1,1,Northbound (NB),POINT (-90.665663575869 42.508864863448)
20211274470,20210034983,12/01/2021,12-December,4-Wednesday,14:41,1400 Hours,District 1 (Central),DES MOINES,POLK,US 6,US 6/FREDERICK M HUBBELL AVE AND E 42ND ST,Collision with:  Vehicle in traffic,On Roadway,Broadside (front to side),Unknown,None Indicated,None apparent,Daylight,Dry,Cloudy,None apparent,Intersection:  Four-way intersection,Paved,N/A,Property Damage Only,0,0,0,0,0,0,15000,2,3,Southbound (SB),POINT (-93.532090854921 41.635732232103)
20211274754,21-35397,12/02/2021,12-December,5-Thursday,21:36,2100 Hours,District 3 (Northwest),SIOUX CITY,WOODBURY,77,SOUTH PAXTON ST,Collision with fixed object:  Building,In parking lane/zone,Non-collision (single vehicle),Unknown,None Indicated,None apparent,Dark - roadway not lighted,Dry,Clear,None apparent,Non-intersection:  Alley,Paved,N/A,Possible/Unknown,0,1,0,0,0,1,3500,1,1,Northbound (NB),POINT (-96.365767526923 42.48236576265)
20211275110,21-16333,12/02/2021,12-December,5-Thursday,18:20,1800 Hours,District 3 (Northwest),SPENCER,CLAY,77,11TH ST SW,Collision with:  Animal,Unknown,N/A,Animal,None Indicated,N/A,N/A,N/A,N/A,N/A,N/A,Paved,N/A,Property Damage Only,0,0,0,0,0,0,3000,1,1,Southbound (SB),POINT (-95.166895947032 43.126908580587)
20211274890,21-000369,12/03/2021,12-December,6-Friday,13:34,1300 Hours,District 1 (Central),HUXLEY,STORY,77,LARSON DR,Collision with:  Parked motor vehicle,On Roadway,Rear to side,Improper Backing,None Indicated,None apparent,Daylight,Dry,Clear,None apparent,Non-intersection:  Non-junction/no special feature,Paved,N/A,Property Damage Only,0,0,0,0,0,0,2000,2,1,Northbound (NB),POINT (-93.595914328684 41.899350557145)
20211274946,21-54009,12/03/2021,12-December,6-Friday,20:23,2000 Hours,District 6 (East Central),,SCOTT,77,267 ST,Collision with:  Animal,Unknown,N/A,Animal,None Indicated,N/A,N/A,N/A,N/A,N/A,N/A,Paved,N/A,Property Damage Only,0,0,0,0,0,0,1600,1,1,Southbound (SB),POINT (-90.576297748473 41.694984444953)
20211275447,2021029271,12/04/2021,12-December,7-Saturday,21:30,2100 Hours,District 3 (Northwest),,MONONA,I-29,I 29 S 114.65 MM,Collision with:  Animal,Unknown,N/A,Animal,None Indicated,N/A,N/A,N/A,N/A,N/A,N/A,Paved,N/A,Property Damage Only,0,0,0,0,0,0,7000,1,6,Eastbound (EB),POINT (-96.155394915324 42.054733881512)
20211275081,W21-098669,12/05/2021,12-December,1-Sunday,18:17,1800 Hours,District 2 (Northeast),WATERLOO,BLACK HAWK,77,JANNEY AVE AND ANSBOROUGH AVE,Collision with:  Vehicle in traffic,On Roadway,Broadside (front to side),Made improper turn,None Indicated,None apparent,Dark - roadway lighted,Dry,Clear,None apparent,Intersection:  Four-way intersection,Paved,N/A,Property Damage Only,0,0,0,0,0,0,3000,2,3,Southbound (SB),POINT (-92.376885566219 42.497539864963)
20211275343,20210035479,12/06/2021,12-December,2-Monday,15:19,1500 Hours,District 1 (Central),DES MOINES,POLK,77,US 6/DOUGLAS AVE AND STATE 28/MERLE HAY RD AND DOUGLAS AVE AND US 6/MERLE HAY RD,Collision with:  Vehicle in traffic,On Roadway,Rear-end (front to rear),Followed too close,None Indicated,None apparent,Daylight,Dry,Clear,None apparent,Non-intersection:  Non-junction/no special feature,Paved,N/A,Possible/Unknown,0,1,0,0,0,1,1500,2,3,Southbound (SB),POINT (-93.697771212139 41.629414588776)
20211275317,2021-89139,12/06/2021,12-December,2-Monday,16:52,1600 Hours,District 6 (East Central),DAVENPORT,SCOTT,77,W 2ND ST AND SCOTT ST,Collision with:  Vehicle in traffic,On Roadway,Rear-end (front to rear),Driving too fast for conditions,None Indicated,None apparent,Dark - roadway lighted,Dry,Clear,None apparent,Intersection:  Four-way intersection,Paved,N/A,Property Damage Only,0,0,0,0,0,0,6500,2,4,Southbound (SB),POINT (-90.580024598974 41.521313070458)
20211275567,W21-099122,12/07/2021,12-December,3-Tuesday,15:19,1500 Hours,District 2 (Northeast),WATERLOO,BLACK HAWK,77,2100 BK BALTIMORE ST,Collision with:  Vehicle in traffic,On Roadway,"Sideswipe, same direction",Unknown,None Indicated,None apparent,Daylight,Dry,Clear,None apparent,Intersection:  T-intersection,Paved,N/A,Property Damage Only,0,0,0,0,0,0,6000,2,2,Northbound (NB),POINT (-92.349627634312 42.47026279102)
20211275661,21012093,12/07/2021,12-December,3-Tuesday,05:58,0500 Hours,District 6 (East Central),,BUCHANAN,IA-150,STATE 150/JAMESTOWN AVE MEASURING 200 FEET NORTH FROM STATE 150/JAMESTOWN AVE AND 265TH ST,Collision with:  Animal,Unknown,N/A,Animal,None Indicated,N/A,N/A,N/A,N/A,N/A,N/A,Paved,N/A,Property Damage Only,0,0,0,0,0,0,6000,1,1,Northbound (NB),POINT (-91.889911393828 42.407870011324)
20211275699,21-40564,12/08/2021,12-December,4-Wednesday,16:00,1600 Hours,District 5 (Southeast),BURLINGTON,DES MOINES,77,14TH ST MEASURING 113 FEET NORTH FROM 14TH ST,Collision with:  Vehicle in traffic,On Roadway,"Sideswipe, same direction",Other (explain in narrative):  Other,None Indicated,None apparent,Daylight,Dry,Clear,None apparent,Non-intersection:  Non-junction/no special feature,Paved,N/A,Property Damage Only,0,0,0,0,0,0,1500,2,5,Northbound (NB),POINT (-91.113106426578 40.777656077731)
20211275814,21-013690,12/09/2021,12-December,5-Thursday,11:00,1100 Hours,District 4 (Southwest),COUNCIL BLUFFS,POTTAWATTAMIE,77,100 GLEN AVE,Collision with:  Vehicle in traffic,In parking lane/zone,Rear-end (front to rear),Lost Control,None Indicated,None apparent,Daylight,Dry,Clear,None apparent,Non-intersection:  Non-junction/no special feature,Paved,N/A,Property Damage Only,0,0,0,0,0,0,5000,2,1,Northbound (NB),POINT (-95.846311071562 41.260803083369)
20211275956,21-021867,12/09/2021,12-December,5-Thursday,20:30,2000 Hours,District 2 (Northeast),WAVERLY,BREMER,IA-3,STATE 3/E BREMER AVE,Other (explain in narrative),On Roadway,Non-collision (single vehicle),Other (explain in narrative):  No improper action,None Indicated,None apparent,Dark - roadway not lighted,Dry,Clear,None apparent,Non-intersection:  Non-junction/no special feature,Paved,N/A,Property Damage Only,0,0,0,0,0,0,1500,1,1,Southbound (SB),POINT (-92.426336838056 42.714906839141)
20211275854,21001864,12/09/2021,12-December,5-Thursday,07:10,0700 Hours,District 6 (East Central),IOWA CITY,JOHNSON,77,MELROSE AVE/ MELROSE CIR.,Collision with:  Vehicle in traffic,On Roadway,Rear-end (front to rear),Followed too close,None Indicated,None apparent,Dawn,Dry,Clear,None apparent,Non-intersection:  Non-junction/no special feature,Paved,N/A,Possible/Unknown,0,1,0,0,1,0,1000,2,2,Southbound (SB),POINT (-91.548571251781 41.656874048986)
20211276060,MC2104445,12/10/2021,12-December,6-Friday,10:18,1000 Hours,District 2 (Northeast),MASON CITY,CERRO GORDO,77,S PIERCE AVE AND 15TH ST SW,Collision with:  Vehicle in traffic,On Roadway,Broadside (front to side),FTYROW:  From stop sign,None Indicated,None apparent,Daylight,Dry,Cloudy,None apparent,Intersection:  Four-way intersection,Paved,N/A,Possible/Unknown,0,1,0,0,1,0,5500,2,2,Northbound (NB),POINT (-93.221047595082 43.137501509157)
20211276068,21-2043,12/10/2021,12-December,6-Friday,11:43,1100 Hours,District 1 (Central),,GREENE,77,270TH ST,Collision with:  Vehicle in traffic,On Roadway,Broadside (front to side),FTYROW:  At uncontrolled intersection,Alcohol (< Statutory),None apparent,Daylight,Dry,Cloudy,None apparent,Intersection:  Four-way intersection,Unpaved,N/A,Property Damage Only,0,0,0,0,0,0,20000,2,2,Southbound (SB),POINT (-94.473786240455 41.964886403746)
20211276319,217964,12/11/2021,12-December,7-Saturday,08:56,0800 Hours,District 3 (Northwest),,CALHOUN,US 20,US 20 E,Collision with:  Animal,Unknown,N/A,Animal,None Indicated,N/A,N/A,N/A,N/A,N/A,N/A,Paved,N/A,Property Damage Only,0,0,0,0,0,0,1500,1,3,Southbound (SB),POINT (-94.746316985824 42.448860722461)
20211278284,21005307,12/11/2021,12-December,7-Saturday,03:37,0300 Hours,District 1 (Central),AMES,STORY,77,SHELDON AVE,Non-collision events:  Other non-collision (explain in narrative),On Roadway,Non-collision (single vehicle),Lost Control,None Indicated,None apparent,Dark - roadway lighted,Ice/frost,Clear,"Surface condition (e.g., wet, icy)",Intersection:  Four-way intersection,Paved,N/A,Property Damage Only,0,0,0,0,0,0,3500,1,3,Northbound (NB),POINT (-93.654250759742 42.023117840328)