Iowa DOT Case Number,Law Enforcement Case Number,Date of Crash,Month of Crash,Day of Week,Time of Crash,Hour,DOT District,City Name,County Name,Route with System,Location Description,First Harmful Event,Location of First Harmful Event,Manner of Crash/Collision,Major Cause,Drug or Alcohol ,Environmental Conditions,Light Conditions,Surface Conditions,Weather Conditions,Roadway Contribution,Roadway Type,Roadway Surface,Work Zone,Crash Severity,Number of Fatalities,Number of Injuries,Number of Major Injuries,Number of Minor Injuries,Number of Possible Injuries,Number of Unknown Injuries,Amount of Property Damage,Number of Vehicles Involved,Total Number of Occupants,Travel Direction,Location
20211276292,21-013796,12/12/2021,12-December,1-Sunday,12:30,1200 Hours,District 4 (Southwest),COUNCIL BLUFFS,POTTAWATTAMIE,77,100 BLK OF S. 35TH STREET,Collision with:  Vehicle in traffic,On Roadway,Broadside (front to side),FTYROW:  Other (explain in narrative),None Indicated,None apparent,Daylight,Dry,Clear,None apparent,Intersection:  Other intersection (explain in narrative),Paved,N/A,Property Damage Only,0,0,0,0,0,0,4500,2,3,Northbound (NB),POINT (-95.90203405193 41.260167423265)
20211279070,2021-90455,12/12/2021,12-December,1-Sunday,03:19,0300 Hours,District 6 (East Central),DAVENPORT,SCOTT,77,WARREN ST,Collision with:  Parked motor vehicle,On Roadway,Head-on (front to front),Lost Control,None Indicated,None apparent,Dark - roadway not lighted,Dry,Clear,None apparent,Non-intersection:  Non-junction/no special feature,Paved,N/A,Property Damage Only,0,0,0,0,0,0,8500,3,2,Northbound (NB),POINT (-90.585717509492 41.539986029041)
20211278048,21120407,12/13/2021,12-December,2-Monday,19:15,1900 Hours,District 5 (Southeast),,WAPELLO,77,POINT ISABELLE RD,Collision with:  Animal,On Roadway,Non-collision (single vehicle),Animal,None Indicated,None apparent,Dark - roadway not lighted,Gravel,Clear,None apparent,Non-intersection:  Non-junction/no special feature,Unpaved,N/A,Property Damage Only,0,0,0,0,0,0,4500,1,3,Northbound (NB),POINT (-92.438205287064 40.959237563236)
20211276969,21-6802,12/14/2021,12-December,3-Tuesday,21:53,2100 Hours,District 3 (Northwest),,IDA,US 59,US 59 N,Collision with:  Animal,Unknown,N/A,Animal,None Indicated,N/A,N/A,N/A,N/A,N/A,N/A,Paved,N/A,Property Damage Only,0,0,0,0,0,0,5000,1,1,Northbound (NB),POINT (-95.453371573831 42.338141027572)
20211279387,2021-20660,12/14/2021,12-December,3-Tuesday,10:36,1000 Hours,District 6 (East Central),PRESTON,JACKSON,77,ELLIOT ST AND DEGROAT ST,Collision with:  Vehicle in traffic,On Roadway,Broadside (front to side),FTYROW:  From yield sign,None Indicated,None apparent,Daylight,Dry,Clear,None apparent,Intersection:  Four-way intersection,Paved,N/A,Minor Injury,0,1,0,1,0,0,17000,2,2,Southbound (SB),POINT (-90.395136059211 42.048946803246)
20211277015,21-6820,12/15/2021,12-December,4-Wednesday,16:59,1600 Hours,District 3 (Northwest),,IDA,US 20,US 20 W,Non-collision events:  Overturn/rollover,On Roadway,Non-collision (single vehicle),Other (explain in narrative):  Other,None Indicated,Weather conditions,Dark - roadway not lighted,Wet,Severe winds,None apparent,Non-intersection:  Non-junction/no special feature,Paved,N/A,Property Damage Only,0,0,0,0,0,0,10000,1,1,Westbound (WB),POINT (-95.467013165157 42.475088317056)
20211277284,21-38977,12/16/2021,12-December,5-Thursday,12:19,1200 Hours,District 5 (Southeast),KEOKUK,LEE,US 218,2500 BLOCK BELKNAP BLVD,Collision with:  Vehicle in traffic,On Roadway,Rear-end (front to rear),Other (explain in narrative):  Other,None Indicated,None apparent,Daylight,Dry,Clear,None apparent,Intersection:  Four-way intersection,Paved,N/A,Property Damage Only,0,0,0,0,0,0,4690,2,2,Northbound (NB),POINT (-91.408649012746 40.420075805529)
20211277180,21-028178,12/16/2021,12-December,5-Thursday,09:39,0900 Hours,District 5 (Southeast),,MARION,77,243RD PL AND OLD HIGHWAY 92,Collision with:  Animal,Unknown,N/A,Animal,None Indicated,N/A,N/A,N/A,N/A,N/A,N/A,Unpaved,N/A,Property Damage Only,0,0,0,0,0,0,10000,1,1,Southbound (SB),POINT (-92.880377638457 41.284770751138)
20211277392,S21-002487,12/17/2021,12-December,6-Friday,09:30,0900 Hours,District 4 (Southwest),,POTTAWATTAMIE,IA-92,STATE 92/IOWA 92,Collision with:  Animal,Unknown,N/A,Animal,None Indicated,N/A,N/A,N/A,N/A,N/A,N/A,Paved,N/A,Property Damage Only,0,0,0,0,0,0,6000,1,1,Southbound (SB),POINT (-95.32741272781 41.232389402862)
20211277818,2021-008896,12/17/2021,12-December,6-Friday,12:19,1200 Hours,District 6 (East Central),DUBUQUE,DUBUQUE,77,W 3RD ST AND BLUFF ST,Collision with:  Vehicle in traffic,On Roadway,"Angle, oncoming left turn",FTYROW:  From stop sign,None Indicated,None apparent,Daylight,Dry,Clear,None apparent,Intersection:  Four-way intersection,Paved,N/A,Property Damage Only,0,0,0,0,0,0,2300,2,2,Eastbound (EB),POINT (-90.667149373179 42.496080714196)
20211279671,2101181,12/18/2021,12-December,7-Saturday,00:37,0000 Hours,District 5 (Southeast),,LOUISA,77,V AVE AND COUNTY RD G62,Collision with:  Animal,On Roadway,Non-collision (single vehicle),Animal,None Indicated,None apparent,Dark - roadway not lighted,Dry,Clear,None apparent,Non-intersection:  Non-junction/no special feature,Paved,N/A,Property Damage Only,0,0,0,0,0,0,5000,1,1,Southbound (SB),POINT (-91.408998905651 41.176188529744)
20211278147,2021030441,12/19/2021,12-December,1-Sunday,05:50,0500 Hours,District 6 (East Central),,JOHNSON,I-80,EB INTERSTATE 80 @ 237MM,Collision with fixed object:  Cable barrier,Median,Non-collision (single vehicle),Ran off road - left,None Indicated,None apparent,Dark - roadway not lighted,Dry,Clear,None apparent,Non-intersection:  Non-junction/no special feature,Paved,N/A,Property Damage Only,0,0,0,0,0,0,11764,1,3,Southbound (SB),POINT (-91.677385411798 41.694087049514)
20211279774,202118326,12/19/2021,12-December,1-Sunday,19:24,1900 Hours,District 6 (East Central),CEDAR RAPIDS,LINN,77,13TH ST NW AND I AVE NW,Collision with:  Vehicle in traffic,On Roadway,"Angle, oncoming left turn",FTYROW:  From stop sign,None Indicated,None apparent,Dark - roadway lighted,Dry,Clear,None apparent,Intersection:  T-intersection,Paved,N/A,Property Damage Only,0,0,0,0,0,0,2000,2,2,Northbound (NB),POINT (-91.6894251318 41.981582446548)
20211278094,2021030551,12/20/2021,12-December,2-Monday,18:25,1800 Hours,District 5 (Southeast),,WARREN,IA-92,HWY 92WB JUST WEST OF R57,Collision with:  Animal,Unknown,N/A,Animal,None Indicated,N/A,N/A,N/A,N/A,N/A,N/A,Paved,N/A,Property Damage Only,0,0,0,0,0,0,8000,1,1,Southbound (SB),POINT (-93.646085167234 41.355378487151)
20211278226,21-041988,12/21/2021,12-December,3-Tuesday,11:35,1100 Hours,District 5 (Southeast),WEST BURLINGTON,DES MOINES,US 34,"RAMP SOUTH GEAR AVE, N TO N TO STATE OF IOWA, US 34 E MEASURING 2681 FEET EAST FROM US 34 E",Collision with fixed object:  Cable barrier,Shoulder,Non-collision (single vehicle),Driver Distraction:  Other interior distraction,None Indicated,None apparent,Daylight,Dry,Clear,None apparent,Non-intersection:  Non-junction/no special feature,Paved,N/A,Possible/Unknown,0,1,0,0,1,0,2000,1,2,Southbound (SB),POINT (-91.162952737951 40.815681142667)
20211278208,21-006464,12/21/2021,12-December,3-Tuesday,18:00,1800 Hours,District 1 (Central),ANKENY,POLK,77,2600 BLK SW STATE ST,Collision with:  Vehicle in traffic,On Roadway,"Sideswipe, same direction",Driver Distraction:  Other interior distraction,None Indicated,None apparent,Dark - roadway lighted,Dry,Cloudy,None apparent,Non-intersection:  Non-junction/no special feature,Paved,N/A,Property Damage Only,0,0,0,0,0,0,1750,2,3,Eastbound (EB),POINT (-93.622314305715 41.706327375365)
20211278487,2021030758,12/22/2021,12-December,4-Wednesday,17:30,1700 Hours,District 5 (Southeast),,CLARKE,77,HWY 34 AT 150TH AVE,Collision with:  Vehicle in traffic,On Roadway,Rear-end (front to rear),Other (explain in narrative):  Improper operation,None Indicated,None apparent,Dark - roadway not lighted,Dry,Clear,None apparent,Intersection:  Four-way intersection,Unpaved,N/A,Minor Injury,0,2,0,1,1,0,37000,2,3,Northbound (NB),POINT (-93.91813310407 41.026438909102)
20211278536,2021030781,12/23/2021,12-December,5-Thursday,12:51,1200 Hours,District 6 (East Central),WILLIAMSBURG,IOWA,77,HWY 149 AND I-80,Collision with:  Vehicle in traffic,On Roadway,Broadside (front to side),Ran Traffic Signal,None Indicated,None apparent,Daylight,Dry,Clear,None apparent,Intersection:  Intersection with ramp,Paved,N/A,Possible/Unknown,0,1,0,0,1,0,13000,2,2,Eastbound (EB),POINT (-92.008324476803 41.688511689299)
20211278574,21014098,12/23/2021,12-December,5-Thursday,06:49,0600 Hours,District 5 (Southeast),,APPANOOSE,77,HIGHWAY J46,Collision with fixed object:  Ditch,Shoulder,Non-collision (single vehicle),Ran off road - right,None Indicated,Weather conditions,Dark - roadway not lighted,Ice/frost,Clear,"Surface condition (e.g., wet, icy)",Non-intersection:  Non-junction/no special feature,Paved,N/A,Property Damage Only,0,0,0,0,0,0,8500,1,1,Southbound (SB),POINT (-92.951997242025 40.689358967563)
20211278739,2021-93129,12/24/2021,12-December,6-Friday,02:39,0200 Hours,District 6 (East Central),DAVENPORT,SCOTT,77,MARQUETTE ST AND W 54TH ST AND W 54TH ST CT,Collision with fixed object:  Utility pole/light support,Shoulder,Non-collision (single vehicle),Ran off road - left,None Indicated,None apparent,Dark - roadway lighted,Dry,Clear,None apparent,Non-intersection:  Non-junction/no special feature,Paved,N/A,Possible/Unknown,0,1,0,0,0,1,25000,1,1,Northbound (NB),POINT (-90.590807336044 41.575289829697)
20211279109,2021030845,12/25/2021,12-December,7-Saturday,05:47,0500 Hours,District 4 (Southwest),,CASS,I-80,I-80EB 72.85MM,Collision with:  Animal,On Roadway,Non-collision (single vehicle),Animal,None Indicated,Animal in roadway,N/A,N/A,N/A,N/A,N/A,Paved,N/A,Property Damage Only,0,0,0,0,0,0,2500,1,2,Southbound (SB),POINT (-94.709533457883 41.496821183297)
20211278869,S21-002537,12/26/2021,12-December,1-Sunday,06:38,0600 Hours,District 4 (Southwest),,POTTAWATTAMIE,US 6,225TH ST AND US 6 AND HACKBERRY RD,Collision with:  Parked motor vehicle,Shoulder,Rear-end (front to rear),Ran off road - right,None Indicated,None apparent,Dark - roadway not lighted,Dry,Clear,None apparent,Non-intersection:  Non-junction/no special feature,Paved,N/A,Major Injury,0,1,1,0,0,0,20000,1,1,Southbound (SB),POINT (-95.76505042048 41.280815748648)
20211281695,,12/27/2021,12-December,2-Monday,05:15,0500 Hours,District 6 (East Central),,,77,,Collision with:  Animal,On Roadway,Non-collision (single vehicle),Animal,None Indicated,Animal in roadway,N/A,Wet,Cloudy,N/A,Non-intersection:  Non-junction/no special feature,Unpaved,N/A,Property Damage Only,0,0,0,0,0,0,12000,1,1,N/A,POINT (0 0)
20211279226,21-014417,12/28/2021,12-December,3-Tuesday,13:20,1300 Hours,District 4 (Southwest),COUNCIL BLUFFS,POTTAWATTAMIE,77,S 8TH ST AND 22ND AVE,Collision with:  Vehicle in traffic,On Roadway,Broadside (front to side),FTYROW:  At uncontrolled intersection,None Indicated,None apparent,Daylight,Dry,Clear,None apparent,Intersection:  Four-way intersection,Paved,N/A,Possible/Unknown,0,1,0,0,1,0,20000,2,2,Southbound (SB),POINT (-95.856154991007 41.240474907008)
20211280586,202118688,12/28/2021,12-December,3-Tuesday,13:52,1300 Hours,District 6 (East Central),CEDAR RAPIDS,LINN,US 30,HWY 30 E/KIRKWOOD BLVD SW EXIT,Collision with fixed object:  Fence,Shoulder,Non-collision (single vehicle),Ran off road - left,None Indicated,Weather conditions,Daylight,Snow,Snow,"Surface condition (e.g., wet, icy)","Interchange-related:  Mainline, between ramps",Paved,N/A,Property Damage Only,0,0,0,0,0,0,7642,1,1,Westbound (WB),POINT (-91.656740893182 41.926823525718)
20211283893,2021031211,12/29/2021,12-December,4-Wednesday,18:27,1800 Hours,District 1 (Central),,POLK,I-80,136MM I80 WB,Collision with:  Vehicle in traffic,On Roadway,Other (explain in narrative),Driving too fast for conditions,None Indicated,Weather conditions,Dark - roadway lighted,Snow,Snow,"Surface condition (e.g., wet, icy)",Non-intersection:  Non-junction/no special feature,Paved,N/A,Property Damage Only,0,0,0,0,0,0,37000,3,4,Westbound (WB),POINT (-93.609855253934 41.649613321103)
20211280296,202100043009,12/29/2021,12-December,4-Wednesday,17:27,1700 Hours,District 5 (Southeast),OTTUMWA,WAPELLO,77,SOUTH SHERIDAN ST,Collision with:  Vehicle in traffic,On Roadway,"Angle, oncoming left turn",Made improper turn,None Indicated,None apparent,Dark - roadway lighted,Dry,Clear,None apparent,Intersection:  Four-way intersection,Paved,N/A,Property Damage Only,0,0,0,0,0,0,3000,2,2,Northbound (NB),POINT (-92.418678095693 40.99483128449)
20211280654,,12/30/2021,12-December,5-Thursday,14:16,1400 Hours,District 2 (Northeast),,CHICKASAW,US 63,US 0063 / US 63,Collision with:  Vehicle in traffic,On Roadway,"Sideswipe, opposite direction",Aggressive driving/road rage,Under Influence of Alcohol/Drugs/Medications,None apparent,Daylight,Wet,Cloudy,None apparent,Non-intersection:  Non-junction/no special feature,Paved,N/A,Minor Injury,0,1,0,1,0,0,25000,3,27,Northbound (NB),POINT (-92.298853721678 43.151244177811)
20211279612,21-07270,12/30/2021,12-December,5-Thursday,11:25,1100 Hours,District 1 (Central),WEST DES MOINES,DALLAS,77,JORDAN CREEK PARKWAY,Collision with:  Vehicle in traffic,On Roadway,Rear-end (front to rear),Followed too close,None Indicated,None apparent,Daylight,Wet,Cloudy,"Surface condition (e.g., wet, icy)",Intersection:  T-intersection,Paved,N/A,Possible/Unknown,0,1,0,0,1,0,3000,2,4,Eastbound (EB),POINT (-93.809404734818 41.570613392555)
20211280331,2111949PD,12/31/2021,12-December,6-Friday,12:40,1200 Hours,District 1 (Central),BOONE,BOONE,77,SOUTH MARSHALL ST,Collision with:  Re-entering roadway,On Roadway,Broadside (front to side),FTYROW:  From driveway,None Indicated,Weather conditions,Daylight,Ice/frost,Freezing rain/drizzle,"Slippery, loose, or worn surface","Non-intersection:  Driveway access (related, not in)",Paved,N/A,Property Damage Only,0,0,0,0,0,0,2300,2,2,Southbound (SB),POINT (-93.878454948264 42.042867231902)
20211280357,2021-009215,12/31/2021,12-December,6-Friday,17:09,1700 Hours,District 6 (East Central),DUBUQUE,DUBUQUE,77,GRANDVIEW AVE N AND MADERA ST,Collision with:  Vehicle in traffic,On Roadway,"Sideswipe, same direction",Lost Control,None Indicated,Weather conditions,Dark - roadway lighted,Ice/frost,Freezing rain/drizzle,"Surface condition (e.g., wet, icy)",Non-intersection:  Non-junction/no special feature,Paved,N/A,Property Damage Only,0,0,0,0,0,0,7000,2,3,Northbound (NB),POINT (-90.696931886344 42.520123979521)
20211280873,2021031390,12/31/2021,12-December,6-Friday,15:20,1500 Hours,District 4 (Southwest),ADAIR,ADAIR,I-80,I 80 EB MM76.90,Collision with fixed object:  Other post/pole/support (explain in narrative),Roadside,Non-collision (single vehicle),Ran off road - right,None Indicated,Weather conditions,Daylight,Ice/frost,Freezing rain/drizzle,"Surface condition (e.g., wet, icy)",Non-intersection:  Non-junction/no special feature,Paved,N/A,Property Damage Only,0,0,0,0,0,0,2550,1,1,Southbound (SB),POINT (-94.631269294636 41.493094343726)
20221280365,2022-000033,01/01/2022,01-January,7-Saturday,23:01,2300 Hours,District 6 (East Central),DUBUQUE,DUBUQUE,77,ONEILL ST,Collision with:  Parked motor vehicle,On Roadway,Unknown,Lost Control,None Indicated,None apparent,Dark - roadway lighted,Snow,Snow,None apparent,Non-intersection:  Non-junction/no special feature,Paved,N/A,Possible/Unknown,0,1,0,0,0,1,9000,2,1,Southbound (SB),POINT (-90.675173131585 42.528455463572)
20221280041,22-0000001,01/01/2022,01-January,7-Saturday,18:19,1800 Hours,District 6 (East Central),WALCOTT,SCOTT,77,60 AVE,Other (explain in narrative),On Roadway,Rear to side,FTYROW:  From driveway,None Indicated,Weather conditions,Daylight,Dry,Snow,None apparent,Non-intersection:  Driveway access (within),Paved,N/A,Property Damage Only,0,0,0,0,0,0,5500,2,2,Northbound (NB),POINT (-90.78306690665 41.614365993543)
20221280172,20220000116,01/02/2022,01-January,1-Sunday,20:29,2000 Hours,District 1 (Central),DES MOINES,POLK,IA-415,IN FRONT OF 4015 2ND AVE,Collision with fixed object:  Utility pole/light support,Outside trafficway,Non-collision (single vehicle),Ran off road - right,None Indicated,Unknown,Dark - roadway lighted,Other (explain in narrative),Other (explain in narrative),Unknown,Non-intersection:  Non-junction/no special feature,Paved,N/A,Property Damage Only,0,0,0,0,0,0,18000,1,3,Northbound (NB),POINT (-93.619943428 41.632139486362)
20221281085,C22000037,01/03/2022,01-January,2-Monday,16:40,1600 Hours,District 6 (East Central),CORALVILLE,JOHNSON,77,100 BLOCK 1ST AVE,Collision with:  Vehicle in traffic,On Roadway,Broadside (front to side),Driver Distraction:  Other interior distraction,None Indicated,None apparent,Dusk,Slush,Clear,"Surface condition (e.g., wet, icy)",Non-intersection:  Non-junction/no special feature,Paved,N/A,Property Damage Only,0,0,0,0,0,0,3000,2,2,Northbound (NB),POINT (-91.566534449293 41.668412142505)
20221280679,2022-288,01/04/2022,01-January,3-Tuesday,17:59,1700 Hours,District 6 (East Central),BETTENDORF,SCOTT,77,FOREST GROVE DR AND MIDDLE RD,Collision with:  Vehicle in traffic,On Roadway,Rear-end (front to rear),Lost Control,None Indicated,None apparent,Dark - roadway not lighted,Snow,Clear,"Surface condition (e.g., wet, icy)",Intersection:  Four-way intersection,Paved,N/A,Property Damage Only,0,0,0,0,0,0,2000,2,2,Southbound (SB),POINT (-90.459530113198 41.59006073804)
20221280666,22-000119,01/04/2022,01-January,3-Tuesday,18:40,1800 Hours,District 4 (Southwest),COUNCIL BLUFFS,POTTAWATTAMIE,77,AVE H AND N 31ST ST,Collision with:  Vehicle in traffic,On Roadway,Broadside (front to side),FTYROW:  At uncontrolled intersection,None Indicated,None apparent,Dark - roadway lighted,Dry,Clear,None apparent,Intersection:  Four-way intersection,Paved,N/A,Property Damage Only,0,0,0,0,0,0,7000,2,3,Northbound (NB),POINT (-95.894143677174 41.269057291534)
20221282193,2200141,01/05/2022,01-January,4-Wednesday,15:22,1500 Hours,District 5 (Southeast),PELLA,MARION,77,MAIN ST AND FRANKLIN ST,Collision with:  Vehicle in traffic,On Roadway,Rear-end (front to rear),Followed too close,None Indicated,Unknown,Daylight,Dry,Cloudy,Unknown,Intersection:  Four-way intersection,Paved,N/A,Possible/Unknown,0,1,0,0,0,1,9000,2,2,Southbound (SB),POINT (-92.916441775756 41.406712724469)
20221282218,2022-1275,01/06/2022,01-January,5-Thursday,14:50,1400 Hours,District 6 (East Central),DAVENPORT,SCOTT,77,N DIVISION ST AND W 29TH ST,Collision with:  Non-motorist (see non-motorist section - NOT a unit),On Roadway,Non-collision (single vehicle),Other (explain in narrative):  No improper action,None Indicated,None apparent,Daylight,Ice/frost,Clear,"Surface condition (e.g., wet, icy)",Non-intersection:  Non-junction/no special feature,Paved,N/A,Minor Injury,0,1,0,1,0,0,100,1,2,Southbound (SB),POINT (-90.600793257576 41.551127444289)
20221281351,22-0072,01/07/2022,01-January,6-Friday,20:00,2000 Hours,District 6 (East Central),HIAWATHA,LINN,77,15TH AVE,Collision with:  Parked motor vehicle,On Roadway,Rear-end (front to rear),Lost Control,Refused,None apparent,Dark - roadway lighted,Ice/frost,Clear,None apparent,Non-intersection:  Non-junction/no special feature,Paved,N/A,Property Damage Only,0,0,0,0,0,0,6000,2,1,Northbound (NB),POINT (-91.693309760601 42.040096297772)
20221281212,22-00121,01/08/2022,01-January,7-Saturday,16:01,1600 Hours,District 1 (Central),WEST DES MOINES,POLK,I-35,200 BLK I 35 NB,Collision with:  Vehicle in traffic,On Roadway,Rear-end (front to rear),Driver Distraction:  Exterior distraction,None Indicated,Weather conditions,Daylight,Wet,Cloudy,"Surface condition (e.g., wet, icy)",Non-intersection:  Non-junction/no special feature,Paved,N/A,Possible/Unknown,0,1,0,0,1,0,5500,3,7,Eastbound (EB),POINT (-93.77719482194 41.573177513073)
20221284553,CLP22000064,01/08/2022,01-January,7-Saturday,20:36,2000 Hours,District 6 (East Central),CLINTON,CLINTON,77,NORTH 3RD ST AND 5TH AVE NORTH,Collision with:  Vehicle in traffic,On Roadway,Broadside (front to side),Driving too fast for conditions,None Indicated,None apparent,Dark - roadway lighted,Ice/frost,Freezing rain/drizzle,None apparent,Intersection:  Four-way intersection,Paved,N/A,Property Damage Only,0,0,0,0,0,0,10000,2,6,Southbound (SB),POINT (-90.190275671892 41.849392331835)
20221283151,2200549,01/09/2022,01-January,1-Sunday,17:37,1700 Hours,District 1 (Central),,MARION,IA-163,IA 163 E/BRIGGS ST,Collision with:  Re-entering roadway,On Roadway,Broadside (front to side),FTYROW:  From stop sign,None Indicated,None apparent,Dark - roadway not lighted,Dry,Clear,None apparent,Intersection:  T-intersection,Paved,N/A,Minor Injury,0,1,0,1,0,0,18000,2,4,Southbound (SB),POINT (-93.06740633174 41.487511915858)
20221281577,2022-000237,01/10/2022,01-January,2-Monday,14:17,1400 Hours,District 6 (East Central),DUBUQUE,DUBUQUE,77,EVERGREEN ST AND ASBURY RD,Collision with:  Vehicle in traffic,On Roadway,Rear-end (front to rear),Lost Control,None Indicated,None apparent,Daylight,Dry,Clear,None apparent,Intersection:  T-intersection,Paved,N/A,Property Damage Only,0,0,0,0,0,0,10000,2,3,Northbound (NB),POINT (-90.716253212597 42.510379964292)
20221281714,22-000355,01/11/2022,01-January,3-Tuesday,18:36,1800 Hours,District 4 (Southwest),COUNCIL BLUFFS,POTTAWATTAMIE,77,INTERSTATE 80/RAMP AND MADISON AVE,Collision with:  Vehicle in traffic,On Roadway,"Sideswipe, same direction","Operating vehicle in an reckless, erratic, careless, negligent manner",None Indicated,None apparent,Dark - roadway lighted,Dry,Clear,None apparent,Intersection:  Four-way intersection,Paved,N/A,Property Damage Only,0,0,0,0,0,0,1800,2,4,Northbound (NB),POINT (-95.822776206452 41.241740003352)
20221281996,892200331,01/12/2022,01-January,4-Wednesday,14:59,1400 Hours,District 5 (Southeast),,VAN BUREN,77,115TH ST,Collision with:  Vehicle in traffic,On Roadway,Rear-end (front to rear),FTYROW:  From driveway,None Indicated,Visual obstruction,Daylight,Wet,Clear,None apparent,Non-intersection:  Driveway access (within),Unpaved,N/A,Possible/Unknown,0,1,0,0,1,0,3000,2,3,Southbound (SB),POINT (-91.964387391166 40.878529966682)
20221281764,2022-000281,01/12/2022,01-January,4-Wednesday,07:19,0700 Hours,District 6 (East Central),DUBUQUE,DUBUQUE,77,UNIVERSITY AVE MEASURING 118 FEET WEST FROM ALTA VISTA ST AND UNIVERSITY AVE,Collision with:  Vehicle in traffic,On Roadway,Broadside (front to side),FTYROW:  From driveway,None Indicated,None apparent,Daylight,Wet,Cloudy,None apparent,Non-intersection:  Driveway access (within),Paved,N/A,Property Damage Only,0,0,0,0,0,0,12000,2,2,Southbound (SB),POINT (-90.679219841616 42.499396685087)
20221282292,W22-003131,01/13/2022,01-January,5-Thursday,17:58,1700 Hours,District 2 (Northeast),WATERLOO,BLACK HAWK,77,LA PORTE RD,Collision with:  Vehicle in traffic,On Roadway,"Sideswipe, same direction","Operating vehicle in an reckless, erratic, careless, negligent manner",None Indicated,None apparent,Dark - roadway lighted,Dry,Clear,None apparent,Intersection:  Four-way intersection,Paved,N/A,Property Damage Only,0,0,0,0,0,0,2000,2,3,Northbound (NB),POINT (-92.322736784572 42.476555245397)
20221281970,22000169,01/13/2022,01-January,5-Thursday,04:44,0400 Hours,District 5 (Southeast),,KEOKUK,77,110TH ST,Non-collision events:  Overturn/rollover,On Roadway,Non-collision (single vehicle),Ran off road - right,None Indicated,Animal in roadway,Dark - roadway not lighted,Dry,Cloudy,None apparent,Non-intersection:  Non-junction/no special feature,Unpaved,N/A,Property Damage Only,0,0,0,0,0,0,10000,1,1,Southbound (SB),POINT (-92.003336289235 41.494400567915)
20221282164,S22-000085,01/14/2022,01-January,6-Friday,02:58,0200 Hours,District 4 (Southwest),,POTTAWATTAMIE,77,L020/OLD LINCOLN HWY,Collision with fixed object:  Ditch,Shoulder,Non-collision (single vehicle),Ran off road - right,Drug/Alcohol (Statutory),None apparent,Dark - roadway not lighted,Dry,Clear,None apparent,Non-intersection:  Non-junction/no special feature,Paved,N/A,Possible/Unknown,0,1,0,0,1,0,5000,1,2,Northbound (NB),POINT (-95.847917323969 41.329544623238)
20221282299,22-01424,01/14/2022,01-January,6-Friday,17:40,1700 Hours,District 5 (Southeast),BURLINGTON,DES MOINES,77,CENTRAL AVE MEASURING 343 FEET NORTH FROM MARKET ST,Collision with:  Vehicle in traffic,Shoulder,"Sideswipe, same direction",Driver Distraction:  Exterior distraction,None Indicated,Weather conditions,Dark - roadway lighted,Snow,Snow,"Surface condition (e.g., wet, icy)",Non-intersection:  Non-junction/no special feature,Paved,N/A,Property Damage Only,0,0,0,0,0,0,4000,4,5,Northbound (NB),POINT (-91.111885946687 40.810694868518)
20221286896,202200616,01/14/2022,01-January,6-Friday,17:10,1700 Hours,District 6 (East Central),CEDAR RAPIDS,LINN,77,16TH AVE SW AND WILLIAMS BLVD SW,Collision with:  Vehicle in traffic,On Roadway,"Sideswipe, same direction",Other (explain in narrative):  Other,None Indicated,Weather conditions,Dark - roadway lighted,Snow,Blowing snow,"Surface condition (e.g., wet, icy)",Non-intersection:  Non-junction/no special feature,Paved,N/A,Property Damage Only,0,0,0,0,0,0,2000,2,2,Southbound (SB),POINT (-91.708931488545 41.963070061107)
20221286552,22003725,01/15/2022,01-January,7-Saturday,20:44,2000 Hours,District 2 (Northeast),CEDAR FALLS,BLACK HAWK,77,CYPRESS AVE/W LONE TREE RD,Collision with:  Vehicle in traffic,On Roadway,Head-on (front to front),FTYROW:  Making left turn,None Indicated,None apparent,Dark - roadway lighted,Ice/frost,Clear,"Surface condition (e.g., wet, icy)",Intersection:  T-intersection,Paved,N/A,Major Injury,0,2,1,0,1,0,16500,2,2,Northbound (NB),POINT (-92.458436527648 42.562345690264)
20221283153,2022001253,01/15/2022,01-January,7-Saturday,06:28,0600 Hours,District 4 (Southwest),,ADAIR,I-80,I 80 E B86MM,Collision with fixed object:  Cable barrier,On Roadway,Non-collision (single vehicle),Lost Control,None Indicated,Weather conditions,Dark - roadway not lighted,Snow,Blowing snow,"Surface condition (e.g., wet, icy)",Non-intersection:  Non-junction/no special feature,Paved,N/A,Property Damage Only,0,0,0,0,0,0,6200,1,2,Southbound (SB),POINT (-94.448845632299 41.495843734714)
20221282617,22000181,01/15/2022,01-January,7-Saturday,13:24,1300 Hours,District 1 (Central),AMES,STORY,US 69,BLOOMINGTON RD AND US 69 S,Collision with:  Vehicle in traffic,On Roadway,Rear-end (front to rear),Ran Traffic Signal,None Indicated,None apparent,Daylight,Snow,Clear,"Surface condition (e.g., wet, icy)",Intersection:  Four-way intersection,Paved,N/A,Property Damage Only,0,0,0,0,0,0,8000,2,3,Eastbound (EB),POINT (-93.62074908835 42.055961659292)
20221282879,22-843,01/16/2022,01-January,1-Sunday,03:00,0300 Hours,District 2 (Northeast),WAVERLY,BREMER,IA-116,IA 116 N,Collision with fixed object:  Curb/island/raised median,Outside trafficway,Non-collision (single vehicle),Lost Control,Alcohol (Statutory),None apparent,Dark - roadway lighted,Snow,Clear,None apparent,Non-intersection:  Non-junction/no special feature,Paved,N/A,Property Damage Only,0,0,0,0,0,0,4000,1,1,Northbound (NB),POINT (-92.47539806499 42.712944712452)