Iowa DOT Case Number,Law Enforcement Case Number,Date of Crash,Month of Crash,Day of Week,Time of Crash,Hour,DOT District,City Name,County Name,Route with System,Location Description,First Harmful Event,Location of First Harmful Event,Manner of Crash/Collision,Major Cause,Drug or Alcohol ,Environmental Conditions,Light Conditions,Surface Conditions,Weather Conditions,Roadway Contribution,Roadway Type,Roadway Surface,Work Zone,Crash Severity,Number of Fatalities,Number of Injuries,Number of Major Injuries,Number of Minor Injuries,Number of Possible Injuries,Number of Unknown Injuries,Amount of Property Damage,Number of Vehicles Involved,Total Number of Occupants,Travel Direction,Location
20221296441,20220010323,04/20/2022,04-April,4-Wednesday,22:31,2200 Hours,District 1 (Central),DES MOINES,POLK,77,INGERSOLL AVE MEASURING 866 FEET WEST FROM 24TH ST,Collision with:  Parked motor vehicle,Outside trafficway,Rear-end (front to rear),"Operating vehicle in an reckless, erratic, careless, negligent manner",None Indicated,None apparent,Dark - roadway lighted,Wet,Clear,None apparent,Non-intersection:  Non-junction/no special feature,Paved,N/A,Property Damage Only,0,0,0,0,0,0,8000,2,2,Southbound (SB),POINT (-93.65282697583 41.585696391789)
20221296919,22-5937,04/20/2022,04-April,4-Wednesday,10:02,1000 Hours,District 2 (Northeast),WAVERLY,BREMER,77,8TH ST SW AND 4TH AVE SW,Collision with:  Vehicle in traffic,On Roadway,Broadside (front to side),Ran Stop Sign,None Indicated,None apparent,Daylight,Dry,Cloudy,None apparent,Intersection:  Four-way intersection,Paved,N/A,Minor Injury,0,2,0,1,1,0,6000,2,2,Northbound (NB),POINT (-92.480526548744 42.721793483432)
20221298680,22002170,04/21/2022,04-April,5-Thursday,07:42,0700 Hours,District 4 (Southwest),,ADAIR,77,HENRY A WALLACE RD,Non-collision events:  Other non-collision (explain in narrative),On Roadway,Other (explain in narrative),Ran off road - right,None Indicated,Weather conditions,Dawn,Wet,Cloudy,None apparent,"Non-intersection:  Driveway access (related, not in)",Paved,N/A,Property Damage Only,0,0,0,0,0,0,77000,2,2,Northbound (NB),POINT (-94.356811011704 41.233871035202)
20221296649,22005198,04/22/2022,04-April,6-Friday,07:49,0700 Hours,District 6 (East Central),,CEDAR,I-80,I 80 E,Collision with fixed object:  Culvert/pipe opening,Roadside,Non-collision (single vehicle),Ran off road - right,None Indicated,None apparent,Daylight,Wet,Rain,None apparent,Non-intersection:  Non-junction/no special feature,Paved,N/A,Minor Injury,0,1,0,1,0,0,1000,1,1,Southbound (SB),POINT (-91.026044997973 41.633828840619)
20221297213,2022010303,04/22/2022,04-April,6-Friday,15:05,1500 Hours,District 6 (East Central),MONTICELLO,JONES,77,EAST WASHINGTON ST,Collision with:  Re-entering roadway,On Roadway,Broadside (front to side),FTYROW:  From stop sign,None Indicated,None apparent,Daylight,Wet,Freezing rain/drizzle,None apparent,Non-intersection:  Crossover-related,Paved,N/A,Minor Injury,0,1,0,1,0,0,18400,2,2,Southbound (SB),POINT (-91.184673122969 42.235884076326)
20221296860,22-001911,04/23/2022,04-April,7-Saturday,11:40,1100 Hours,District 1 (Central),ANKENY,POLK,77,SE LORENZ DR AND SE DELAWARE AVE,Collision with:  Vehicle in traffic,On Roadway,"Sideswipe, same direction",FTYROW:  Making right turn on red signal,None Indicated,None apparent,Daylight,Dry,Cloudy,None apparent,Intersection:  Four-way intersection,Paved,N/A,Property Damage Only,0,0,0,0,0,0,8000,2,4,Southbound (SB),POINT (-93.581131268788 41.708542586184)
20221297294,2022-25422,04/24/2022,04-April,1-Sunday,02:09,0200 Hours,District 6 (East Central),DAVENPORT,SCOTT,77,TELEGRAPH RD AND OAK ST,Non-collision events:  Overturn/rollover,On Roadway,Non-collision (single vehicle),"Operating vehicle in an reckless, erratic, careless, negligent manner",None Indicated,None apparent,Dark - roadway lighted,Wet,Rain,None apparent,Non-intersection:  Non-junction/no special feature,Paved,N/A,Property Damage Only,0,0,0,0,0,0,15000,1,1,Northbound (NB),POINT (-90.608504219905 41.526691589504)
20221297747,C22-5332,04/25/2022,04-April,2-Monday,22:29,2200 Hours,District 3 (Northwest),,SAC,IA-175,IA 175 E,Collision with:  Animal,Unknown,N/A,Animal,None Indicated,N/A,N/A,N/A,N/A,N/A,N/A,Paved,N/A,Property Damage Only,0,0,0,0,0,0,3000,1,2,Southbound (SB),POINT (-94.960159055441 42.310948891917)
20221297285,22AA00025,04/26/2022,04-April,3-Tuesday,16:28,1600 Hours,District 4 (Southwest),AFTON,UNION,US 169,US 169 N,Collision with:  Vehicle in traffic,On Roadway,Broadside (front to side),FTYROW:  From stop sign,None Indicated,None apparent,Daylight,Dry,Clear,None apparent,Intersection:  Four-way intersection,Paved,N/A,Property Damage Only,0,0,0,0,0,0,10000,2,3,Northbound (NB),POINT (-94.197016208716 41.03411272903)
20221297410,22-004472,04/27/2022,04-April,4-Wednesday,12:20,1200 Hours,District 4 (Southwest),COUNCIL BLUFFS,POTTAWATTAMIE,77,"SOUTH 24TH ST AND RAMP I 29 S TO SOUTH 24TH ST, N",Collision with:  Vehicle in traffic,On Roadway,Broadside (front to side),Ran Traffic Signal,None Indicated,None apparent,Daylight,Dry,Clear,None apparent,Intersection:  Four-way intersection,Paved,N/A,Possible/Unknown,0,1,0,0,1,0,15000,2,2,Eastbound (EB),POINT (-95.879339193356 41.231250911699)
20221297523,22-6379,04/27/2022,04-April,4-Wednesday,10:39,1000 Hours,District 2 (Northeast),WAVERLY,BREMER,IA-116,IA 116 N,Collision with:  Vehicle in traffic,On Roadway,Rear-end (front to rear),Driver Distraction:  Inattentive/lost in thought,None Indicated,None apparent,Daylight,Dry,Clear,None apparent,Non-intersection:  Non-junction/no special feature,Paved,N/A,Possible/Unknown,0,1,0,0,1,0,750,2,3,Northbound (NB),POINT (-92.475674401145 42.703328081803)
20221297659,22006528,04/28/2022,04-April,5-Thursday,20:37,2000 Hours,District 1 (Central),TAMA,TAMA,77,714 SIEGEL ST,Miscellaneous events:  Hit and run,Roadside,Rear-end (front to rear),Other (explain in narrative):  Other,None Indicated,None apparent,Dark - roadway lighted,Dry,Cloudy,None apparent,Non-intersection:  Non-junction/no special feature,Paved,N/A,Possible/Unknown,0,1,0,0,0,1,1500,2,1,Northbound (NB),POINT (-92.579533805438 41.965218754274)
20221297795,2022-9961,04/29/2022,04-April,6-Friday,17:59,1700 Hours,District 6 (East Central),BETTENDORF,SCOTT,US 67,RAMP US 67 S TO I 74 E,Collision with:  Vehicle in traffic,On Roadway,Rear-end (front to rear),Followed too close,None Indicated,None apparent,Daylight,Dry,Cloudy,None apparent,Intersection:  T-intersection,Paved,N/A,Property Damage Only,0,0,0,0,0,0,4000,2,2,Northbound (NB),POINT (-90.513759752204 41.526149201935)
20221297797,20220011182,04/29/2022,04-April,6-Friday,21:00,2100 Hours,District 1 (Central),DES MOINES,POLK,77,EAST MCKINLEY AVE MEASURING 450 FEET EAST FROM SE 9TH ST,Collision with:  Vehicle in traffic,On Roadway,Rear-end (front to rear),Followed too close,None Indicated,None apparent,Dusk,Dry,Clear,None apparent,Non-intersection:  Non-junction/no special feature,Paved,N/A,Possible/Unknown,0,1,0,0,1,0,5500,2,3,Southbound (SB),POINT (-93.599540678366 41.540824035268)
20221298137,22-018809,04/30/2022,04-April,7-Saturday,05:25,0500 Hours,District 3 (Northwest),LAKESIDE,BUENA VISTA,77,111 MALLARD AVE,Collision with fixed object:  Mailbox,Shoulder,Non-collision (single vehicle),Lost Control,Under Influence of Alcohol/Drugs/Medications,None apparent,Dark - roadway lighted,Wet,Cloudy,None apparent,Non-intersection:  Non-junction/no special feature,Paved,N/A,Property Damage Only,0,0,0,0,0,0,6500,1,2,Northbound (NB),POINT (-95.186896177756 42.613209374134)
20221298089,22-012852,05/01/2022,05-May,1-Sunday,00:07,0000 Hours,District 5 (Southeast),KEOKUK,LEE,77,400-BLK N 13TH ST  SOUTHBOUND,Collision with:  Non-motorist (see non-motorist section - NOT a unit),On Roadway,Non-collision (single vehicle),Exceeded authorized speed,Drug/Alcohol (Statutory),None apparent,Dark - roadway not lighted,Dry,Clear,None apparent,Non-intersection:  Non-junction/no special feature,Paved,N/A,Fatal,1,1,0,1,0,0,1500,1,1,Southbound (SB),POINT (-91.385070231697 40.405001739252)
20221301531,22004329,05/02/2022,05-May,2-Monday,12:30,1200 Hours,District 6 (East Central),,BUCHANAN,IA-187,IA 187 N MEASURING 128 FEET NORTH FROM PINE ST,Collision with:  Vehicle in traffic,On Roadway,Broadside (front to side),FTYROW:  Other (explain in narrative),None Indicated,Visual obstruction,Daylight,Dry,Cloudy,None apparent,"Non-intersection:  Driveway access (related, not in)",Paved,N/A,Property Damage Only,0,0,0,0,0,0,3000,2,2,Northbound (NB),POINT (-91.647589670941 42.600545630503)
20221298254,2022-002974,05/03/2022,05-May,3-Tuesday,08:57,0800 Hours,District 6 (East Central),DUBUQUE,DUBUQUE,77,MAIN ST AND MADISON ST AND W 17TH ST,Collision with:  Vehicle in traffic,On Roadway,Broadside (front to side),Ran Stop Sign,None Indicated,None apparent,Daylight,Wet,Rain,None apparent,Intersection:  Four-way intersection,Paved,N/A,Property Damage Only,0,0,0,0,0,0,10000,2,2,Northbound (NB),POINT (-90.671115611229 42.508228411492)
20221298436,202200995,05/04/2022,05-May,4-Wednesday,09:27,0900 Hours,District 6 (East Central),CENTER POINT,LINN,77,LEWIS ACCESS RD AND ROSEDALE DR,Collision with:  Vehicle in traffic,On Roadway,Broadside (front to side),FTYROW:  From driveway,None Indicated,None apparent,Daylight,Dry,Clear,None apparent,"Non-intersection:  Driveway access (related, not in)",Paved,N/A,Property Damage Only,0,0,0,0,0,0,8000,2,2,Northbound (NB),POINT (-91.774691377023 42.180897653816)
20221298507,22-004035,05/04/2022,05-May,4-Wednesday,10:38,1000 Hours,District 4 (Southwest),RED OAK,MONTGOMERY,77,REED ST,Collision with:  Vehicle in traffic,On Roadway,Rear to side,Improper Backing,None Indicated,None apparent,Daylight,Dry,Cloudy,None apparent,Non-intersection:  Non-junction/no special feature,Paved,N/A,Property Damage Only,0,0,0,0,0,0,4700,2,3,Westbound (WB),POINT (-95.228103002071 41.009717384312)
20221298556,22-004762,05/05/2022,05-May,5-Thursday,01:00,0100 Hours,District 4 (Southwest),COUNCIL BLUFFS,POTTAWATTAMIE,77,35TH ST/SO. OMAHA BRIDGE RD,Collision with:  Animal,On Roadway,Non-collision (single vehicle),Animal,None Indicated,None apparent,Dark - roadway lighted,Unknown,Unknown,None apparent,Non-intersection:  Non-junction/no special feature,Paved,N/A,Property Damage Only,0,0,0,0,0,0,3650,1,1,Southbound (SB),POINT (-95.891120023386 41.26194628542)
20221298733,22009825,05/06/2022,05-May,6-Friday,00:01,0000 Hours,District 5 (Southeast),OSKALOOSA,MAHASKA,77,SOUTH 7TH ST,Collision with:  Struck/struck by object/cargo/person from other vehicle,On Roadway,"Sideswipe, same direction",Driver Distraction:  Manual operation of an electronic communication device,Drug/Alcohol (Statutory),None apparent,Dark - roadway lighted,Dry,Clear,None apparent,Non-intersection:  Non-junction/no special feature,Paved,N/A,Minor Injury,0,1,0,1,0,0,10000,2,1,Northbound (NB),POINT (-92.636806722827 41.29401540034)
20221298778,202201018,05/06/2022,05-May,6-Friday,19:31,1900 Hours,District 6 (East Central),,LINN,77,POWER PLANT RD MEASURING 1181 FEET EAST FROM LEWIS BOTTOMS RD,Non-collision events:  Overturn/rollover,On Roadway,Non-collision (single vehicle),Ran off road - left,None Indicated,None apparent,Daylight,Dry,Clear,None apparent,Non-intersection:  Non-junction/no special feature,Unpaved,N/A,Property Damage Only,0,0,0,0,0,0,2800,1,4,Southbound (SB),POINT (-91.799897227139 42.095280543337)
20221299371,22050198,05/07/2022,05-May,7-Saturday,16:26,1600 Hours,District 5 (Southeast),,WAPELLO,US 34,US 34 E,Collision with:  Animal,Unknown,N/A,Animal,None Indicated,N/A,N/A,N/A,N/A,N/A,N/A,Paved,N/A,Property Damage Only,0,0,0,0,0,0,2000,1,2,Southbound (SB),POINT (-92.619960613609 41.016407484906)
20221298948,S22-000836,05/08/2022,05-May,1-Sunday,06:10,0600 Hours,District 4 (Southwest),,POTTAWATTAMIE,77,VIRGINIA HILLS RD,Collision with:  Vehicle in traffic,On Roadway,"Sideswipe, opposite direction","Operating vehicle in an reckless, erratic, careless, negligent manner",None Indicated,None apparent,Dark - roadway lighted,Dry,Clear,None apparent,Non-intersection:  Non-junction/no special feature,Paved,N/A,Property Damage Only,0,0,0,0,0,0,7500,2,2,Southbound (SB),POINT (-95.799515690422 41.232410257742)
20221299037,036-22,05/09/2022,05-May,2-Monday,08:00,0800 Hours,District 5 (Southeast),,MADISON,77,MILLSTREAM AVE,Collision with fixed object:  Ditch,On Roadway,Non-collision (single vehicle),Ran off road - straight,None Indicated,None apparent,Daylight,Dry,Cloudy,None apparent,Non-intersection:  Non-junction/no special feature,Unpaved,N/A,Property Damage Only,0,0,0,0,0,0,2500,1,1,Northbound (NB),POINT (-93.994557838314 41.192162293672)
20221299325,20220012253,05/10/2022,05-May,3-Tuesday,17:15,1700 Hours,District 1 (Central),DES MOINES,POLK,77,EAST DOUGLAS AVE AND BOWDOIN ST,Collision with:  Vehicle in traffic,On Roadway,Broadside (front to side),Ran Stop Sign,None Indicated,None apparent,Daylight,Dry,Clear,None apparent,Intersection:  Four-way intersection,Paved,N/A,Possible/Unknown,0,1,0,0,0,1,13250,2,5,Southbound (SB),POINT (-93.612631239503 41.629530576261)
20221299195,S22-000854,05/10/2022,05-May,3-Tuesday,00:45,0000 Hours,District 4 (Southwest),,POTTAWATTAMIE,I-680,I 680 E,Non-collision events:  Overturn/rollover,On Roadway,Non-collision (single vehicle),Ran off road - right,None Indicated,None apparent,Dark - roadway lighted,Dry,Clear,None apparent,Interchange-related:  On-ramp,Paved,N/A,Major Injury,0,1,1,0,0,0,1500,1,1,Southbound (SB),POINT (-95.89870939964 41.353249864142)
20221299635,22-005021,05/11/2022,05-May,4-Wednesday,14:17,1400 Hours,District 3 (Northwest),,CARROLL,77,NOBLE AND 120TH ST,Collision with:  Animal,On Roadway,Non-collision (single vehicle),Animal,None Indicated,None apparent,Daylight,Gravel,Clear,None apparent,Non-intersection:  Non-junction/no special feature,Unpaved,N/A,Property Damage Only,0,0,0,0,0,0,7000,1,1,Southbound (SB),POINT (-94.840425773291 42.181250567607)
20221300342,2022012072,05/12/2022,05-May,5-Thursday,21:51,2100 Hours,District 4 (Southwest),,ADAIR,I-80,I 80 EB MM 82.60,Collision with fixed object:  Cable barrier,Shoulder,Non-collision (single vehicle),None Indicated,None Indicated,None apparent,Dark - roadway not lighted,Dry,Cloudy,None apparent,Non-intersection:  Non-junction/no special feature,Paved,N/A,Property Damage Only,0,0,0,0,0,0,14230,1,1,Southbound (SB),POINT (-94.523631623868 41.496102121703)
20221299801,2022-11009,05/12/2022,05-May,5-Thursday,18:42,1800 Hours,District 6 (East Central),BETTENDORF,SCOTT,77,MIDDLE RD,Collision with:  Vehicle in traffic,On Roadway,"Angle, oncoming left turn",Ran Traffic Signal,None Indicated,None apparent,Daylight,Dry,Clear,None apparent,Intersection:  T-intersection,Paved,N/A,Property Damage Only,0,0,0,0,0,0,11000,2,2,Southbound (SB),POINT (-90.459252204094 41.591945904565)
20221300208,22-05920,05/13/2022,05-May,6-Friday,21:25,2100 Hours,District 3 (Northwest),,SIOUX,77,440TH ST MEASURING 1350 FEET WEST FROM KINGBIRD AVE,Collision with:  Animal,Unknown,N/A,Animal,None Indicated,N/A,N/A,N/A,N/A,N/A,N/A,Unpaved,N/A,Property Damage Only,0,0,0,0,0,0,2500,1,2,Southbound (SB),POINT (-95.982894981457 43.014359657373)
20221300075,CFS2204511,05/14/2022,05-May,7-Saturday,00:15,0000 Hours,District 2 (Northeast),,WINNESHIEK,77,RIVER RD,Non-collision events:  Overturn/rollover,On Roadway,Non-collision (single vehicle),Exceeded authorized speed,Alcohol (Statutory),None apparent,Dark - roadway not lighted,Gravel,Clear,None apparent,Non-intersection:  Non-junction/no special feature,Unpaved,N/A,Possible/Unknown,0,1,0,0,1,0,11000,1,2,Northbound (NB),POINT (-91.682207409241 43.318051721635)
20221300167,22-003484,05/14/2022,05-May,7-Saturday,15:08,1500 Hours,District 1 (Central),,HAMILTON,77,280TH ST,Collision with:  Vehicle in traffic,On Roadway,Rear-end (front to rear),Followed too close,Under Influence of Alcohol/Drugs/Medications,None apparent,Daylight,Dry,Clear,None apparent,Non-intersection:  Railroad grade crossing,Paved,N/A,Minor Injury,0,4,0,3,1,0,6500,4,4,Southbound (SB),POINT (-93.721305119646 42.383390413679)
20221300054,22-014605,05/15/2022,05-May,1-Sunday,13:02,1300 Hours,District 5 (Southeast),FORT MADISON,LEE,77,200 BLOCK AVE H,Collision with fixed object:  Guardrail - face,On Roadway,Non-collision (single vehicle),Lost Control,None Indicated,None apparent,Daylight,Dry,Clear,None apparent,Non-intersection:  Non-junction/no special feature,Paved,N/A,Property Damage Only,0,0,0,0,0,0,2100,1,1,Southbound (SB),POINT (-91.301776411954 40.630062334205)
20221300311,22-13144,05/16/2022,05-May,2-Monday,16:05,1600 Hours,District 3 (Northwest),SIOUX CITY,WOODBURY,77,DUPONT ST AND 38TH ST AND INDIAN HILLS DR,Collision with:  Vehicle in traffic,On Roadway,Broadside (front to side),FTYROW:  From stop sign,None Indicated,None apparent,Daylight,Dry,Cloudy,None apparent,Intersection:  Four-way intersection,Unpaved,N/A,Minor Injury,0,1,0,1,0,0,8500,2,2,Northbound (NB),POINT (-96.388963524152 42.53361930214)
20221300205,22-01076,05/16/2022,05-May,2-Monday,09:48,0900 Hours,District 4 (Southwest),GRIMES,POLK,77,142ND ST AND WATERFORD,Collision with:  Vehicle in traffic,On Roadway,Rear-end (front to rear),Other (explain in narrative):  Vision obstructed,None Indicated,None apparent,Daylight,Gravel,Clear,None apparent,Non-intersection:  Non-junction/no special feature,Unpaved,N/A,Property Damage Only,0,0,0,0,0,0,10500,2,2,Northbound (NB),POINT (-93.814461282382 41.658937970463)
20221301718,221997,05/17/2022,05-May,3-Tuesday,16:37,1600 Hours,District 3 (Northwest),,CRAWFORD,77,210TH ST,Collision with:  Vehicle in traffic,On Roadway,Rear-end (front to rear),Driver Distraction:  Other interior distraction,None Indicated,None apparent,Daylight,Wet,Cloudy,"Surface condition (e.g., wet, icy)",Intersection:  Four-way intersection,Unpaved,N/A,Property Damage Only,0,0,0,0,0,0,6000,2,2,Northbound (NB),POINT (-95.45939924693 42.037352675513)
20221300981,22-000674,05/18/2022,05-May,4-Wednesday,22:04,2200 Hours,District 1 (Central),ALTOONA,POLK,77,1324 5TH AVE SW,Collision with:  Parked motor vehicle,On Roadway,Rear-end (front to rear),Failed to keep in proper lane,None Indicated,None apparent,Dark - roadway not lighted,Dry,Clear,None apparent,Non-intersection:  Non-junction/no special feature,Paved,N/A,Property Damage Only,0,0,0,0,0,0,16000,2,1,Northbound (NB),POINT (-93.469725815784 41.638544025046)
20221300935,2022012448,05/18/2022,05-May,4-Wednesday,04:43,0400 Hours,District 4 (Southwest),GLENWOOD,MILLS,77,N GROVE ST and 6TH ST,Collision with fixed object:  Curb/island/raised median,Roadside,Non-collision (single vehicle),Failed to yield to emergency vehicle,None Indicated,None apparent,Dark - roadway lighted,Wet,Rain,None apparent,Intersection:  L-intersection,Paved,N/A,Property Damage Only,0,0,0,0,0,0,153000,1,5,Southbound (SB),POINT (-95.74910310445 41.052376852974)
20221300971,202206779,05/19/2022,05-May,5-Thursday,19:18,1900 Hours,District 6 (East Central),CEDAR RAPIDS,LINN,IA-922,4035 1ST AVE SE,Collision with:  Vehicle in traffic,On Roadway,"Angle, oncoming left turn",FTYROW:  Making left turn,None Indicated,None apparent,Daylight,Dry,Clear,None apparent,"Non-intersection:  Driveway access (related, not in)",Paved,N/A,Minor Injury,0,2,0,2,0,0,23000,3,5,Northbound (NB),POINT (-91.632018070787 42.019811236203)
20221301300,CFS2204773,05/20/2022,05-May,6-Friday,05:29,0500 Hours,District 2 (Northeast),,WINNESHIEK,77,OLD STAGE RD,Collision with:  Animal,Unknown,N/A,Animal,None Indicated,N/A,N/A,N/A,N/A,N/A,N/A,Paved,N/A,Property Damage Only,0,0,0,0,0,0,5000,1,1,Southbound (SB),POINT (-91.647046819913 43.28419858409)
20221301413,22-002539,05/20/2022,05-May,6-Friday,17:09,1700 Hours,District 3 (Northwest),,LYON,77,HICKORY AVE AND 260TH ST,Collision with:  Vehicle in traffic,On Roadway,Broadside (front to side),FTYROW:  From stop sign,None Indicated,None apparent,Daylight,Dry,Clear,None apparent,Intersection:  Four-way intersection,Paved,N/A,Possible/Unknown,0,2,0,0,2,0,24000,2,3,Northbound (NB),POINT (-96.137895184719 43.271866754318)
20221300956,2022012807,05/21/2022,05-May,7-Saturday,21:20,2100 Hours,District 2 (Northeast),,BREMER,US 218,US 218 S 202MM,Collision with:  Animal,Unknown,N/A,Animal,None Indicated,N/A,N/A,N/A,N/A,N/A,N/A,Paved,N/A,Property Damage Only,0,0,0,0,0,0,1500,1,2,Eastbound (EB),POINT (-92.524002768097 42.69361500924)
20221303402,2022012872,05/22/2022,05-May,1-Sunday,22:52,2200 Hours,District 1 (Central),,POLK,I-80,RAMP US 69 N TO I 80 W @ 136.4MM,Collision with:  Animal,Unknown,N/A,Animal,None Indicated,N/A,N/A,N/A,N/A,N/A,N/A,Paved,N/A,Property Damage Only,0,0,0,0,0,0,7500,1,1,Westbound (WB),POINT (-93.603516837409 41.649862948112)
20221301466,22-06081,05/22/2022,05-May,1-Sunday,10:36,1000 Hours,District 6 (East Central),,JONES,IA-38,IA 38 N,Collision with:  Vehicle in traffic,On Roadway,Other (explain in narrative),Followed too close,None Indicated,None apparent,Daylight,Dry,Clear,None apparent,Intersection:  T-intersection,Paved,N/A,Minor Injury,0,3,0,1,2,0,30000,3,6,Northbound (NB),POINT (-91.097877592993 42.062914097868)
20221301431,22-00263,05/23/2022,05-May,2-Monday,11:33,1100 Hours,District 5 (Southeast),NORWALK,WARREN,77,NORTH AVE,Collision with:  Vehicle in traffic,On Roadway,"Angle, oncoming left turn",FTYROW:  From stop sign,None Indicated,None apparent,Daylight,Dry,Clear,None apparent,Intersection:  T-intersection,Paved,N/A,Property Damage Only,0,0,0,0,0,0,5000,2,3,Southbound (SB),POINT (-93.670318086202 41.475318994936)
20221301706,2022013080,05/24/2022,05-May,3-Tuesday,15:20,1500 Hours,District 6 (East Central),,BENTON,US 30,US 30 W/32ND AVE,Collision with:  Vehicle in traffic,On Roadway,Other (explain in narrative),Ran off road - right,None Indicated,None apparent,Daylight,Wet,Cloudy,"Surface condition (e.g., wet, icy)",Intersection:  Four-way intersection,Paved,N/A,Minor Injury,0,1,0,1,0,0,10000,2,2,Westbound (WB),POINT (-91.872738431696 41.963570621309)
20221302633,,05/25/2022,05-May,4-Wednesday,23:30,2300 Hours,District 1 (Central),,GRUNDY,77,T019 / F AVE and 155TH ST,Collision with:  Animal,On Roadway,Non-collision (single vehicle),Animal,None Indicated,Animal in roadway,Dark - roadway not lighted,Dry,Clear,N/A,Intersection:  Four-way intersection,Paved,N/A,Property Damage Only,0,0,0,0,0,0,5500,1,2,Northbound (NB),POINT (-92.928207517682 42.477768253812)
20221301763,W22-039902,05/25/2022,05-May,4-Wednesday,10:54,1000 Hours,District 2 (Northeast),WATERLOO,BLACK HAWK,77,300 BLK WEST 6TH ST,Collision with fixed object:  Fence,On Roadway,Non-collision (single vehicle),Driver Distraction:  Passenger,None Indicated,None apparent,Daylight,Wet,Rain,None apparent,Non-intersection:  Alley,Paved,N/A,Property Damage Only,0,0,0,0,0,0,4000,1,2,Northbound (NB),POINT (-92.33906546239 42.492536891316)
20221302002,22-15992,05/26/2022,05-May,5-Thursday,22:44,2200 Hours,District 5 (Southeast),,LEE,US 218,US 218 S MEASURING 730 FEET NORTH FROM 180TH AVE,Collision with:  Animal,Unknown,N/A,Animal,None Indicated,N/A,N/A,N/A,N/A,N/A,N/A,Paved,N/A,Property Damage Only,0,0,0,0,0,0,1500,1,1,Eastbound (EB),POINT (-91.563552898644 40.732725262657)
20221302174,2022013437,05/27/2022,05-May,6-Friday,20:42,2000 Hours,District 5 (Southeast),,CLARKE,US 34,US 34 E 1/4M W R25,Collision with:  Vehicle in traffic,On Roadway,Rear-end (front to rear),Followed too close,Drug/Alcohol (< Statutory),None apparent,Dark - roadway not lighted,Dry,Clear,None apparent,Non-intersection:  Non-junction/no special feature,Paved,N/A,Possible/Unknown,0,1,0,0,1,0,5300,2,6,Southbound (SB),POINT (-93.87457738651 41.027606400336)
20221302584,4522-027,05/27/2022,05-May,6-Friday,11:02,1100 Hours,District 2 (Northeast),,HOWARD,77,VERNON RD,Collision with fixed object:  Other post/pole/support (explain in narrative),On Roadway,Non-collision (single vehicle),Ran off road - right,None Indicated,None apparent,Daylight,Dry,Clear,None apparent,Intersection:  T-intersection,Paved,N/A,Major Injury,0,1,1,0,0,0,0,1,1,Northbound (NB),POINT (-92.133450754338 43.356884212496)
20221302155,20220014073,05/28/2022,05-May,7-Saturday,11:26,1100 Hours,District 1 (Central),DES MOINES,POLK,77,EAST 2ND ST MEASURING 205 FEET SOUTH FROM EAST WALNUT ST,Collision with:  Vehicle in traffic,On Roadway,Rear-end (front to rear),Driver Distraction:  Other interior distraction,None Indicated,None apparent,Daylight,Dry,Clear,None apparent,Non-intersection:  Non-junction/no special feature,Paved,N/A,Possible/Unknown,0,1,0,0,1,0,3500,2,3,Northbound (NB),POINT (-93.614572394628 41.587411454049)
20221302195,22-008603,05/28/2022,05-May,7-Saturday,00:39,0000 Hours,District 6 (East Central),SABULA,JACKSON,77,BRD ST,Collision with:  Vehicle in traffic,On Roadway,Rear-end (front to rear),Driver Distraction:  Talking on a hand-held device,None Indicated,None apparent,Dark - roadway lighted,Dry,Clear,None apparent,Intersection:  Four-way intersection,Paved,N/A,Property Damage Only,0,0,0,0,0,0,18000,2,1,Northbound (NB),POINT (-90.17272392973 42.069002995115)
20221302848,22-8714,05/29/2022,05-May,1-Sunday,15:01,1500 Hours,District 6 (East Central),MAQUOKETA,JACKSON,77,1008 KATHEY DR,Collision with:  Vehicle in traffic,On Roadway,Rear-end (front to rear),"Operating vehicle in an reckless, erratic, careless, negligent manner",Alcohol (Statutory),None apparent,Daylight,Dry,Clear,None apparent,Non-intersection:  Non-junction/no special feature,Paved,N/A,Property Damage Only,0,0,0,0,0,0,10000,2,1,Southbound (SB),POINT (-90.65426853722 42.073108826865)
20221302415,2022013568,05/30/2022,05-May,2-Monday,21:00,2100 Hours,District 1 (Central),,MARION,IA-163,IA 163 E MM34.5,Non-collision events:  Overturn/rollover,Shoulder,Non-collision (single vehicle),Driver Distraction:  Other interior distraction,None Indicated,None apparent,Dark - roadway not lighted,Dry,Severe winds,None apparent,Non-intersection:  Non-junction/no special feature,Paved,N/A,Possible/Unknown,0,1,0,0,1,0,10000,1,1,Southbound (SB),POINT (-93.036796157585 41.459962845513)
20221303100,22001902,05/31/2022,05-May,3-Tuesday,21:48,2100 Hours,District 1 (Central),AMES,STORY,US 30,US 30 E,Collision with:  Animal,On Roadway,Non-collision (single vehicle),Animal,None Indicated,Animal in roadway,Dark - roadway not lighted,Dry,Clear,None apparent,Non-intersection:  Non-junction/no special feature,Paved,N/A,Property Damage Only,0,0,0,0,0,0,3000,1,1,Southbound (SB),POINT (-93.618772842336 42.004238622355)
20221302709,22-3900,05/31/2022,05-May,3-Tuesday,22:49,2200 Hours,District 1 (Central),,POLK,77,4800 B NE 80TH ST,Collision with:  Animal,On Roadway,Rear-end (front to rear),Animal,None Indicated,Animal in roadway,Dark - roadway not lighted,Dry,Clear,None apparent,Non-intersection:  Non-junction/no special feature,Paved,N/A,Property Damage Only,0,0,0,0,0,0,8000,2,2,Northbound (NB),POINT (-93.445189301284 41.648099227648)