Iowa DOT Case Number,Law Enforcement Case Number,Date of Crash,Month of Crash,Day of Week,Time of Crash,Hour,DOT District,City Name,County Name,Route with System,Location Description,First Harmful Event,Location of First Harmful Event,Manner of Crash/Collision,Major Cause,Drug or Alcohol ,Environmental Conditions,Light Conditions,Surface Conditions,Weather Conditions,Roadway Contribution,Roadway Type,Roadway Surface,Work Zone,Crash Severity,Number of Fatalities,Number of Injuries,Number of Major Injuries,Number of Minor Injuries,Number of Possible Injuries,Number of Unknown Injuries,Amount of Property Damage,Number of Vehicles Involved,Total Number of Occupants,Travel Direction,Location
20221302854,W22-041948,06/01/2022,06-June,4-Wednesday,08:45,0800 Hours,District 2 (Northeast),WATERLOO,BLACK HAWK,77,PROSPECT BLVD AND WEST RIDGEWAY AVE,Collision with:  Non-motorist (see non-motorist section - NOT a unit),On Roadway,Non-collision (single vehicle),Unknown,None Indicated,None apparent,Daylight,Dry,Cloudy,None apparent,Intersection:  Four-way intersection,Paved,N/A,Minor Injury,0,1,0,1,0,0,4000,1,1,Northbound (NB),POINT (-92.367080351587 42.469405873324)
20221302961,22-016733,06/02/2022,06-June,5-Thursday,08:00,0800 Hours,District 5 (Southeast),BURLINGTON,DES MOINES,US 34,US 34 E,Collision with:  Animal,On Roadway,Non-collision (single vehicle),Animal,None Indicated,Animal in roadway,Daylight,Dry,Clear,Obstruction in roadway,Non-intersection:  Non-junction/no special feature,Paved,N/A,Property Damage Only,0,0,0,0,0,0,5000,1,1,Southbound (SB),POINT (-91.134663436792 40.817785321867)
20221303086,22-14944,06/02/2022,06-June,5-Thursday,17:22,1700 Hours,District 3 (Northwest),SIOUX CITY,WOODBURY,I-29,US 77 S AND WESLEY PARKWAY,Collision with:  Vehicle in traffic,On Roadway,Rear-end (front to rear),Followed too close,None Indicated,None apparent,Daylight,Dry,Clear,None apparent,Intersection:  Intersection with ramp,Paved,N/A,Property Damage Only,0,0,0,0,0,0,10000,2,2,Northbound (NB),POINT (-96.412880018748 42.491920417374)
20221303636,22-036,06/03/2022,06-June,6-Friday,23:18,2300 Hours,District 3 (Northwest),SIOUX CENTER,SIOUX,77,3RD ST NW,Collision with fixed object:  Other post/pole/support (explain in narrative),On Roadway,Non-collision (single vehicle),Ran off road - left,Alcohol (Statutory),None apparent,Dark - roadway lighted,Wet,Rain,None apparent,Non-intersection:  Railroad grade crossing,Paved,N/A,Property Damage Only,0,0,0,0,0,0,3000,1,1,Southbound (SB),POINT (-96.178926821384 43.079705632577)
20221303666,SOP202200509,06/03/2022,06-June,6-Friday,22:24,2200 Hours,District 6 (East Central),,IOWA,US 6,US 6 E / SS AVE,Collision with:  Animal,Unknown,N/A,Animal,None Indicated,N/A,N/A,N/A,N/A,N/A,N/A,Paved,N/A,Property Damage Only,0,0,0,0,0,0,5000,1,2,Southbound (SB),POINT (-91.957523674898 41.773087392229)
20221303580,22-17081,06/04/2022,06-June,7-Saturday,21:00,2100 Hours,District 5 (Southeast),,DES MOINES,77,MEDIAPOLIS RD MEASURING 1056 FEET EAST FROM 85TH AVE,Collision with:  Animal,Unknown,N/A,Animal,None Indicated,N/A,N/A,N/A,N/A,N/A,N/A,Paved,N/A,Property Damage Only,0,0,0,0,0,0,5000,1,1,Southbound (SB),POINT (-91.090378535155 41.014940661016)
20221303496,S22-043268,06/05/2022,06-June,1-Sunday,12:58,1200 Hours,District 2 (Northeast),,BLACK HAWK,IA-281,IA 281 E,Collision with:  Animal,On Roadway,Non-collision (single vehicle),Animal,None Indicated,Animal in roadway,N/A,N/A,N/A,None apparent,Non-intersection:  Non-junction/no special feature,Paved,N/A,Property Damage Only,0,0,0,0,0,0,5000,1,1,Southbound (SB),POINT (-92.161232281885 42.535969934478)
20221303505,22082764,06/06/2022,06-June,2-Monday,07:19,0700 Hours,District 6 (East Central),CORALVILLE,JOHNSON,I-80,I 80 E,Collision with:  Struck/struck by object/cargo/person from other vehicle,On Roadway,Rear-end (front to rear),Followed too close,None Indicated,None apparent,Daylight,Dry,Cloudy,None apparent,Interchange-related:  On-ramp merge area,Paved,N/A,Property Damage Only,0,0,0,0,0,0,12000,2,2,Southbound (SB),POINT (-91.637678074219 41.694244613634)
20221304007,22-9241,06/07/2022,06-June,3-Tuesday,22:27,2200 Hours,District 2 (Northeast),,BREMER,77,REED AVE,Collision with:  Animal,Unknown,N/A,Animal,None Indicated,N/A,N/A,N/A,N/A,N/A,N/A,Paved,N/A,Property Damage Only,0,0,0,0,0,0,2000,1,1,Northbound (NB),POINT (-92.21897570448 42.707790951986)
20221304550,2206078781,06/07/2022,06-June,3-Tuesday,19:24,1900 Hours,District 6 (East Central),,CLINTON,77,425TH AVE AND 135TH ST,Non-collision events:  Overturn/rollover,On Roadway,Non-collision (single vehicle),"Operating vehicle in an reckless, erratic, careless, negligent manner",Alcohol (Statutory),None apparent,Daylight,Gravel,Clear,None apparent,Intersection:  T-intersection,Unpaved,N/A,Minor Injury,0,2,0,2,0,0,3474,1,2,Southbound (SB),POINT (-90.267165675961 41.982785965562)
20221304784,22-006946,06/08/2022,06-June,4-Wednesday,19:33,1900 Hours,District 3 (Northwest),,PLYMOUTH,77,220TH ST MEASURING 2537 FEET EAST FROM NOBLE AVE,Non-collision events:  Overturn/rollover,Other (explain in narrative),Non-collision (single vehicle),Driving too fast for conditions,Alcohol (Statutory),None apparent,Daylight,Dry,Clear,Ruts/holes/bumps,Non-intersection:  Non-junction/no special feature,Unpaved,N/A,Major Injury,0,1,1,0,0,0,100,1,1,Southbound (SB),POINT (-96.087688524949 42.735271905414)
20221304108,20220015333,06/09/2022,06-June,5-Thursday,13:45,1300 Hours,District 1 (Central),DES MOINES,POLK,US 69,US 69 S MEASURING 181 FEET SOUTH FROM MAURY ST,Collision with:  Vehicle in traffic,On Roadway,"Sideswipe, same direction",Other (explain in narrative):  Other,None Indicated,None apparent,Daylight,Dry,Clear,None apparent,Non-intersection:  Non-junction/no special feature,Paved,N/A,Property Damage Only,0,0,0,0,0,0,8500,2,2,Eastbound (EB),POINT (-93.596934256993 41.580694893743)
20221305052,2022014552,06/09/2022,06-June,5-Thursday,22:31,2200 Hours,District 6 (East Central),BETTENDORF,SCOTT,77,DEVILS GLEN RD AND TANGLEFOOT LANE,Collision with:  Vehicle in traffic,On Roadway,Broadside (front to side),Failed to yield to emergency vehicle,Refused,None apparent,Dark - roadway lighted,Dry,Clear,None apparent,Intersection:  T-intersection,Paved,N/A,Possible/Unknown,0,1,0,0,1,0,20000,2,3,Southbound (SB),POINT (-90.483488123435 41.560705105684)
20221304274,22-4176,06/10/2022,06-June,6-Friday,13:42,1300 Hours,District 1 (Central),,POLK,77,3400 B NE 62ND AVE,Miscellaneous events:  Hit and run,On Roadway,"Sideswipe, opposite direction",FTYROW:  Other (explain in narrative),None Indicated,None apparent,Daylight,Dry,Clear,None apparent,Non-intersection:  Non-junction/no special feature,Paved,N/A,Property Damage Only,0,0,0,0,0,0,5000,2,3,Southbound (SB),POINT (-93.555126952928 41.673003012839)
20221304502,C22002225,06/11/2022,06-June,7-Saturday,18:52,1800 Hours,District 6 (East Central),CORALVILLE,JOHNSON,US 6,"12TH AVE AT 2ND ST, CORALVILLE (SB)",Collision with fixed object:  Curb/island/raised median,Shoulder,Non-collision (single vehicle),Ran off road - right,None Indicated,None apparent,Daylight,Dry,Cloudy,None apparent,Intersection:  T-intersection,Paved,N/A,Property Damage Only,0,0,0,0,0,0,8100,1,3,Westbound (WB),POINT (-91.581548117502 41.674497937603)
20221304712,22-07387,06/12/2022,06-June,1-Sunday,20:02,2000 Hours,District 3 (Northwest),,SIOUX,77,JACKSON AVE MEASURING 199 FEET NORTH FROM IA 60 S,Non-collision events:  Overturn/rollover,Shoulder,Non-collision (single vehicle),Lost Control,Alcohol (Statutory),None apparent,Daylight,Dry,Clear,None apparent,Non-intersection:  Non-junction/no special feature,Paved,N/A,Property Damage Only,0,0,0,0,0,0,8000,1,1,Northbound (NB),POINT (-96.058065019878 42.929589345665)
20221305995,22-004360,06/12/2022,06-June,1-Sunday,16:08,1600 Hours,District 2 (Northeast),,HAMILTON,77,190TH ST,Collision with fixed object:  Utility pole/light support,On Roadway,Non-collision (single vehicle),Ran Stop Sign,Under Influence of Alcohol/Drugs/Medications,None apparent,Daylight,Dry,Clear,None apparent,Intersection:  Intersection with ramp,Paved,N/A,Property Damage Only,0,0,0,0,0,0,11365,1,1,Southbound (SB),POINT (-93.586301447846 42.514584009871)
20221304720,22-006244,06/13/2022,06-June,2-Monday,14:51,1400 Hours,District 4 (Southwest),COUNCIL BLUFFS,POTTAWATTAMIE,IA-906,IA 906 W,Collision with:  Vehicle in traffic,On Roadway,"Sideswipe, same direction",Driver Distraction:  Inattentive/lost in thought,None Indicated,None apparent,Daylight,Dry,Clear,None apparent,Non-intersection:  Non-junction/no special feature,Paved,N/A,Property Damage Only,0,0,0,0,0,0,3500,2,3,Westbound (WB),POINT (-95.833471059541 41.27052270186)
20221304994,22-00893,06/14/2022,06-June,3-Tuesday,15:55,1500 Hours,District 1 (Central),CLIVE,POLK,I-80,1900 BLK I8035 WB,Collision with:  Vehicle in traffic,On Roadway,Other (explain in narrative),Driving too fast for conditions,None Indicated,None apparent,Daylight,Dry,Clear,"Traffic backup, regular congestion",Non-intersection:  Non-junction/no special feature,Paved,N/A,Minor Injury,0,1,0,1,0,0,28000,3,4,Westbound (WB),POINT (-93.776987262601 41.609892305447)
20221307360,202208138,06/14/2022,06-June,3-Tuesday,12:21,1200 Hours,District 6 (East Central),CEDAR RAPIDS,LINN,77,33RD AVE SW,Collision with:  Vehicle in traffic,On Roadway,Rear-end (front to rear),Made improper turn,None Indicated,None apparent,Daylight,Dry,Clear,None apparent,Intersection:  Four-way intersection,Paved,N/A,Property Damage Only,0,0,0,0,0,0,2000,2,4,Southbound (SB),POINT (-91.715508813816 41.945617209274)
20221305897,2022015172,06/15/2022,06-June,4-Wednesday,15:35,1500 Hours,District 3 (Northwest),,DICKINSON,US 71,US 71 NORTHBOUND S OF 260TH,Collision with:  Animal,Unknown,N/A,Animal,None Indicated,N/A,N/A,N/A,N/A,N/A,N/A,Paved,N/A,Property Damage Only,0,0,0,0,0,0,7500,1,2,Northbound (NB),POINT (-95.149968958895 43.263248089474)
20221305071,22-007508,06/15/2022,06-June,4-Wednesday,11:28,1100 Hours,District 3 (Northwest),ORANGE CITY,SIOUX,77,LINCOLN PL SE,Collision with fixed object:  Utility pole/light support,On Roadway,Non-collision (single vehicle),Driver Distraction:  Reaching for object(s)/fallen object(s),None Indicated,None apparent,Daylight,Dry,Cloudy,None apparent,Non-intersection:  Non-junction/no special feature,Paved,N/A,Property Damage Only,0,0,0,0,0,0,6136,1,1,Northbound (NB),POINT (-96.046343369961 42.995227847496)
20221305975,22008375,06/16/2022,06-June,5-Thursday,16:41,1600 Hours,District 6 (East Central),,CEDAR,77,210TH ST,Collision with:  Animal,Unknown,N/A,Animal,None Indicated,N/A,N/A,N/A,N/A,N/A,N/A,Paved,N/A,Property Damage Only,0,0,0,0,0,0,1750,1,1,Southbound (SB),POINT (-91.166351247029 41.781411636824)
20221307365,202208309,06/17/2022,06-June,6-Friday,11:43,1100 Hours,District 6 (East Central),CEDAR RAPIDS,LINN,77,MOUNT VERNON RD SE,Collision with:  Vehicle in traffic,On Roadway,Rear-end (front to rear),Followed too close,None Indicated,None apparent,Daylight,Dry,Clear,None apparent,Intersection:  Four-way intersection,Paved,N/A,Minor Injury,0,1,0,1,0,0,10500,4,8,Southbound (SB),POINT (-91.643275143479 41.977173467218)
20221305435,2022015277,06/17/2022,06-June,6-Friday,06:22,0600 Hours,District 5 (Southeast),,CLARKE,I-35,I 35 S  39.5MM,Non-collision events:  Overturn/rollover,Roadside,Non-collision (single vehicle),Ran off road - right,None Indicated,None apparent,Daylight,Dry,Clear,None apparent,Non-intersection:  Non-junction/no special feature,Paved,N/A,Property Damage Only,0,0,0,0,0,0,80250,1,2,Eastbound (EB),POINT (-93.781096685818 41.109368009411)
20221305591,20220016350,06/18/2022,06-June,7-Saturday,21:43,2100 Hours,District 1 (Central),DES MOINES,POLK,77,ARMY POST RD MEASURING 1745 FEET WEST FROM SW 28TH ST,Collision with:  Parked motor vehicle,On Roadway,Rear-end (front to rear),Driver Distraction:  Other interior distraction,None Indicated,None apparent,Dark - roadway not lighted,Dry,Clear,None apparent,Non-intersection:  Non-junction/no special feature,Paved,N/A,Possible/Unknown,0,1,0,0,1,0,7000,2,1,Westbound (WB),POINT (-93.659717496929 41.520065913816)
20221305519,22-025651,06/18/2022,06-June,7-Saturday,01:29,0100 Hours,District 5 (Southeast),MUSCATINE,MUSCATINE,77,BROOK ST,Collision with:  Parked motor vehicle,On Roadway,Head-on (front to front),"Operating vehicle in an reckless, erratic, careless, negligent manner",Refused,None apparent,Dark - roadway lighted,Dry,Clear,None apparent,Non-intersection:  Non-junction/no special feature,Paved,N/A,Possible/Unknown,0,1,0,0,1,0,28500,3,1,Northbound (NB),POINT (-91.035347766003 41.429138627276)
20221305613,22-006471,06/19/2022,06-June,1-Sunday,11:24,1100 Hours,District 4 (Southwest),COUNCIL BLUFFS,POTTAWATTAMIE,77,SOUTH EXPRESSWAY AND SOUTH 6TH ST,Collision with:  Vehicle in traffic,On Roadway,Rear to side,Other (explain in narrative):  No improper action,None Indicated,None apparent,Daylight,Dry,Clear,None apparent,Non-intersection:  Non-junction/no special feature,Paved,N/A,Property Damage Only,0,0,0,0,0,0,6000,2,2,Northbound (NB),POINT (-95.853015688109 41.256070779244)
20221305852,22-4459,06/20/2022,06-June,2-Monday,14:59,1400 Hours,District 1 (Central),GRIMES,POLK,IA-141,1300 GRIMES BLVD,Collision with:  Vehicle in traffic,On Roadway,"Sideswipe, same direction",Driver Distraction:  Other interior distraction,None Indicated,None apparent,Daylight,Dry,Clear,Debris,Non-intersection:  Non-junction/no special feature,Paved,N/A,Property Damage Only,0,0,0,0,0,0,7000,2,2,Southbound (SB),POINT (-93.775020355472 41.679143384013)
20221306173,22-019101,06/21/2022,06-June,3-Tuesday,19:04,1900 Hours,District 5 (Southeast),KEOKUK,LEE,77,1000-BLK RAND PARK TERRACE NB,Collision with fixed object:  Other fixed object (explain in narrative),On Roadway,Other (explain in narrative),Other (explain in narrative):  Other,None Indicated,None apparent,Daylight,Dry,Clear,None apparent,Non-intersection:  Non-junction/no special feature,Paved,N/A,Property Damage Only,0,0,0,0,0,0,2500,2,2,Southbound (SB),POINT (-91.380224861886 40.410492243803)
20221307075,22048178,06/21/2022,06-June,3-Tuesday,15:20,1500 Hours,District 2 (Northeast),CEDAR FALLS,BLACK HAWK,77,LAURIE AVE,Collision with:  Vehicle in traffic,On Roadway,Rear to side,Other (explain in narrative):  Other,None Indicated,None apparent,Daylight,Dry,Clear,None apparent,Non-intersection:  Non-junction/no special feature,Paved,N/A,Property Damage Only,0,0,0,0,0,0,1500,2,2,Northbound (NB),POINT (-92.414520963849 42.517767266229)
20221307407,202208581,06/22/2022,06-June,4-Wednesday,12:30,1200 Hours,District 6 (East Central),CEDAR RAPIDS,LINN,77,OAKLAND RD NE,Collision with:  Vehicle in traffic,On Roadway,Rear-end (front to rear),Followed too close,None Indicated,None apparent,Daylight,Dry,Clear,None apparent,Non-intersection:  Non-junction/no special feature,Paved,N/A,Property Damage Only,0,0,0,0,0,0,2000,2,2,Northbound (NB),POINT (-91.659896555299 42.001298788074)
20221308674,22-19323,06/23/2022,06-June,5-Thursday,08:00,0800 Hours,District 5 (Southeast),BURLINGTON,DES MOINES,77,WEST AVE MEASURING 114 FEET WEST FROM LAWRENCE DR,Other (explain in narrative),On Roadway,Non-collision (single vehicle),Other (explain in narrative):  Other,None Indicated,None apparent,Daylight,Dry,Clear,None apparent,Non-intersection:  Non-junction/no special feature,Paved,N/A,Property Damage Only,0,0,0,0,0,0,1500,1,2,Southbound (SB),POINT (-91.140436820189 40.800412353054)
20221306435,20220016774,06/23/2022,06-June,5-Thursday,10:01,1000 Hours,District 1 (Central),DES MOINES,POLK,US 69,US 69/SE 14TH ST 40 FEET NORTH OF DIEHL AV,Collision with:  Vehicle in traffic,On Roadway,"Sideswipe, same direction",Improper or erratic lane changing,None Indicated,None apparent,Daylight,Dry,Clear,None apparent,Non-intersection:  Non-junction/no special feature,Paved,N/A,Property Damage Only,0,0,0,0,0,0,3000,2,2,Northbound (NB),POINT (-93.59674987329 41.533281396787)
20221306908,22002200,06/24/2022,06-June,6-Friday,17:40,1700 Hours,District 1 (Central),AMES,STORY,77,TORONTO ST AND DELAWARE AVE,Collision with:  Vehicle in traffic,On Roadway,Broadside (front to side),FTYROW:  Other (explain in narrative),None Indicated,None apparent,Daylight,Dry,Clear,None apparent,Intersection:  Four-way intersection,Paved,N/A,Property Damage Only,0,0,0,0,0,0,3000,2,3,Southbound (SB),POINT (-93.680235730382 42.035864170747)
20221306911,22009807,06/25/2022,06-June,7-Saturday,21:29,2100 Hours,District 1 (Central),,TAMA,US 883,US 30 E,Collision with:  Animal,Unknown,N/A,Animal,None Indicated,N/A,N/A,N/A,N/A,N/A,N/A,Unpaved,N/A,Property Damage Only,0,0,0,0,0,0,2000,1,1,Southbound (SB),POINT (-92.393033134692 41.963969927854)
20221306965,2022016013,06/25/2022,06-June,7-Saturday,13:53,1300 Hours,District 3 (Northwest),,PLYMOUTH,IA-12,SB HWY 12 100 YARDS NORTH JCT OF K18S,Collision with fixed object:  Bridge/bridge rail parapet,Shoulder,Non-collision (single vehicle),Ran off road - right,None Indicated,None apparent,Daylight,Dry,Clear,None apparent,Non-intersection:  Other non-intersection (explain in narrative),Paved,N/A,Possible/Unknown,0,1,0,0,1,0,5000,1,2,Northbound (NB),POINT (-96.513806334705 42.627020343505)
20221306828,MC2202179,06/26/2022,06-June,1-Sunday,11:03,1100 Hours,District 2 (Northeast),MASON CITY,CERRO GORDO,IA-122,IA 122 E AND SOUTH PENNSYLVANIA AVE,Collision with:  Vehicle in traffic,On Roadway,Broadside (front to side),FTYROW:  From stop sign,None Indicated,None apparent,Daylight,Dry,Clear,None apparent,Intersection:  Four-way intersection,Paved,N/A,Minor Injury,0,1,0,1,0,0,16500,2,3,Southbound (SB),POINT (-93.198475461647 43.146205566812)
20221307080,2022-24044,06/27/2022,06-June,2-Monday,09:15,0900 Hours,District 6 (East Central),DAVENPORT,SCOTT,77,18300 BLOCK 210 ST,Collision with:  Animal,Unknown,N/A,Animal,None Indicated,N/A,N/A,N/A,N/A,N/A,N/A,Paved,N/A,Property Damage Only,0,0,0,0,0,0,3000,1,1,Southbound (SB),POINT (-90.545298633445 41.611144519761)
20221307110,SOI20220239,06/28/2022,06-June,3-Tuesday,00:14,0000 Hours,District 1 (Central),,POWESHIEK,I-80,I 80 E 205MM,Collision with:  Animal,On Roadway,Non-collision (single vehicle),Animal,None Indicated,Animal in roadway,Dark - roadway not lighted,Dry,Clear,None apparent,Non-intersection:  Non-junction/no special feature,Paved,N/A,Possible/Unknown,0,2,0,0,2,0,30000,1,2,Southbound (SB),POINT (-92.301573135842 41.695675985757)
20221307912,W22-050195,06/28/2022,06-June,3-Tuesday,06:28,0600 Hours,District 2 (Northeast),WATERLOO,BLACK HAWK,77,WALNUT ST,Collision with:  Vehicle in traffic,On Roadway,Broadside (front to side),Ran Traffic Signal,None Indicated,None apparent,Daylight,Dry,Clear,None apparent,Intersection:  Four-way intersection,Paved,N/A,Minor Injury,0,3,0,1,2,0,18000,2,3,Northbound (NB),POINT (-92.329861152411 42.49980518121)
20221310563,22-014773,06/29/2022,06-June,4-Wednesday,14:02,1400 Hours,District 2 (Northeast),OELWEIN,FAYETTE,77,EAST LINE RD,Collision with:  Vehicle in traffic,On Roadway,Broadside (front to side),Other (explain in narrative):  Other,None Indicated,None apparent,Daylight,Dry,Clear,None apparent,Non-intersection:  Non-junction/no special feature,Paved,N/A,Property Damage Only,0,0,0,0,0,0,15500,2,5,Northbound (NB),POINT (-91.893604625778 42.678967207383)
20221307620,22-004616,06/30/2022,06-June,5-Thursday,11:41,1100 Hours,District 5 (Southeast),,LUCAS,77,19000-BLK 430TH LANE,Collision with fixed object:  Ditch,Roadside,Non-collision (single vehicle),Ran off road - right,None Indicated,None apparent,Daylight,Dry,Clear,None apparent,Non-intersection:  Non-junction/no special feature,Paved,N/A,Possible/Unknown,0,1,0,0,1,0,8000,1,1,Southbound (SB),POINT (-93.37544660084 40.944788995295)
20221315158,2022016521,07/01/2022,07-July,6-Friday,02:18,0200 Hours,District 1 (Central),,POLK,I-35,I 35 S 97.2MM,Collision with:  Vehicle in traffic,On Roadway,Rear-end (front to rear),"Operating vehicle in an reckless, erratic, careless, negligent manner",None Indicated,None apparent,Dark - roadway not lighted,Dry,Clear,None apparent,Non-intersection:  Non-junction/no special feature,Paved,N/A,Minor Injury,0,1,0,1,0,0,8000,2,2,Eastbound (EB),POINT (-93.570523409449 41.796125825098)
20221308048,22-00364,07/01/2022,07-July,6-Friday,16:52,1600 Hours,District 5 (Southeast),NORWALK,WARREN,77,SILVERADO DR,Miscellaneous events:  Hit and run,On Roadway,Non-collision (single vehicle),"Operating vehicle in an reckless, erratic, careless, negligent manner",None Indicated,None apparent,Daylight,Dry,Clear,None apparent,Non-intersection:  Non-junction/no special feature,Paved,N/A,Property Damage Only,0,0,0,0,0,0,1560,1,1,Northbound (NB),POINT (-93.729223829961 41.478896862398)
20221308103,S22-051529,07/02/2022,07-July,7-Saturday,12:50,1200 Hours,District 1 (Central),,BLACK HAWK,IA-175,IA 175 E,Collision with:  Vehicle in traffic,On Roadway,Rear-end (front to rear),Followed too close,None Indicated,Visual obstruction,Daylight,Gravel,Clear,None apparent,Intersection:  Four-way intersection,Paved,N/A,Minor Injury,0,1,0,1,0,0,25000,2,14,Southbound (SB),POINT (-92.514548836962 42.326155255975)
20221308016,22-4826,07/03/2022,07-July,1-Sunday,11:32,1100 Hours,District 1 (Central),,POLK,77,600 NW 54TH AVE,Collision with:  Vehicle in traffic,On Roadway,Rear-end (front to rear),Driver Distraction:  Exterior distraction,None Indicated,None apparent,Daylight,Dry,Clear,None apparent,Intersection:  Four-way intersection,Paved,N/A,Property Damage Only,0,0,0,0,0,0,17500,2,3,Southbound (SB),POINT (-93.628823844115 41.658914575701)
20221308101,2022-004568,07/04/2022,07-July,2-Monday,06:44,0600 Hours,District 6 (East Central),DUBUQUE,DUBUQUE,77,KELLY LANE MEASURING 134 FEET EAST FROM PEGO COURT,Collision with fixed object:  Utility pole/light support,On Roadway,Non-collision (single vehicle),Ran off road - right,Alcohol (Statutory),None apparent,Daylight,Dry,Cloudy,None apparent,Non-intersection:  Non-junction/no special feature,Paved,N/A,Property Damage Only,0,0,0,0,0,0,5350,1,1,Southbound (SB),POINT (-90.683767019261 42.471491413872)
20221308560,W22-052674,07/05/2022,07-July,3-Tuesday,20:16,2000 Hours,District 2 (Northeast),WATERLOO,BLACK HAWK,77,BURTON AVE,Collision with:  Vehicle in traffic,On Roadway,Rear-end (front to rear),Driver Distraction:  Exterior distraction,None Indicated,Weather conditions,Dark - roadway lighted,Wet,Rain,Unknown,Non-intersection:  Non-junction/no special feature,Paved,N/A,Property Damage Only,0,0,0,0,0,0,5000,2,1,Northbound (NB),POINT (-92.357377274504 42.518920015712)
20221308508,20220018070,07/06/2022,07-July,4-Wednesday,06:31,0600 Hours,District 1 (Central),DES MOINES,POLK,77,MORTON AVE AND US 69 N,Collision with:  Vehicle in traffic,On Roadway,Broadside (front to side),Ran Traffic Signal,None Indicated,None apparent,Daylight,Dry,Cloudy,None apparent,Intersection:  Four-way intersection,Paved,N/A,Property Damage Only,0,0,0,0,0,0,9800,2,3,Southbound (SB),POINT (-93.60052128472 41.619542443383)
20221308631,22-007744,07/06/2022,07-July,4-Wednesday,13:30,1300 Hours,District 4 (Southwest),,HARRISON,77,GARLAND AVE,Non-collision events:  Overturn/rollover,Other (explain in narrative),Non-collision (single vehicle),Exceeded authorized speed,None Indicated,None apparent,Daylight,Gravel,Cloudy,None apparent,Non-intersection:  Non-junction/no special feature,Unpaved,N/A,Property Damage Only,0,0,0,0,0,0,5000,1,1,Northbound (NB),POINT (-95.977803687057 41.686096378904)
20221309165,22-7696,07/07/2022,07-July,5-Thursday,13:00,1300 Hours,District 3 (Northwest),SPENCER,CLAY,US 71,US 71 N,Collision with:  Vehicle in traffic,On Roadway,Broadside (front to side),FTYROW:  From stop sign,None Indicated,None apparent,Daylight,Dry,Clear,None apparent,Intersection:  Four-way intersection,Paved,N/A,Minor Injury,0,1,0,1,0,0,30000,2,4,Northbound (NB),POINT (-95.153740269714 43.126859925001)
20221308999,2022005287,07/08/2022,07-July,6-Friday,16:29,1600 Hours,District 6 (East Central),IOWA CITY,JOHNSON,IA-1,1640 HWY 1 W.,Collision with:  Vehicle in traffic,On Roadway,Rear-end (front to rear),Followed too close,None Indicated,None apparent,Daylight,Dry,Clear,None apparent,Intersection:  Four-way intersection,Paved,N/A,Possible/Unknown,0,1,0,0,1,0,12500,5,8,Eastbound (EB),POINT (-91.563219754827 41.637585237089)
20221308849,20220018331,07/08/2022,07-July,6-Friday,12:22,1200 Hours,District 1 (Central),DES MOINES,POLK,US 69,E 14TH ST & E EUCLID AVE,Collision with:  Vehicle in traffic,On Roadway,"Angle, oncoming left turn","Operating vehicle in an reckless, erratic, careless, negligent manner",None Indicated,None apparent,Daylight,Wet,Freezing rain/drizzle,None apparent,Intersection:  Four-way intersection,Paved,N/A,Property Damage Only,0,0,0,0,0,0,1500,2,2,Eastbound (EB),POINT (-93.600609175887 41.627720522488)
20221309247,22-007160,07/09/2022,07-July,7-Saturday,12:35,1200 Hours,District 2 (Northeast),POSTVILLE,CLAYTON,US 18,US 18 E,Collision with:  Vehicle in traffic,On Roadway,"Angle, oncoming left turn",FTYROW:  Making left turn,None Indicated,None apparent,Daylight,Dry,Clear,None apparent,"Non-intersection:  Driveway access (related, not in)",Paved,N/A,Major Injury,0,1,1,0,0,0,20000,2,2,Southbound (SB),POINT (-91.558689145709 43.076958396437)
20221309292,22000954,07/10/2022,07-July,1-Sunday,22:32,2200 Hours,District 6 (East Central),IOWA CITY,JOHNSON,77,UNIVERSITY OF IOWA,Collision with fixed object:  Building,On Roadway,Non-collision (single vehicle),Other (explain in narrative):  Other,None Indicated,None apparent,Dark - roadway lighted,Dry,Clear,None apparent,Non-intersection:  Non-junction/no special feature,Paved,N/A,Minor Injury,0,1,0,1,0,0,20000,1,1,Northbound (NB),POINT (-91.543591996162 41.659855372072)
20221311484,2022017400,07/11/2022,07-July,2-Monday,12:45,1200 Hours,District 3 (Northwest),,DICKINSON,77,290TH AVE @ A43,Collision with:  Vehicle in traffic,On Roadway,Broadside (front to side),Ran Stop Sign,None Indicated,None apparent,Daylight,Dry,Clear,None apparent,Intersection:  Four-way intersection,Unpaved,N/A,Possible/Unknown,0,1,0,0,1,0,12000,2,2,Northbound (NB),POINT (-95.012890382706 43.298492037367)
20221309405,22-0402,07/12/2022,07-July,3-Tuesday,05:30,0500 Hours,District 1 (Central),,WEBSTER,77,VINCENT AVE,Collision with:  Vehicle in traffic,On Roadway,Rear-end (front to rear),Other (explain in narrative):  Other,None Indicated,None apparent,Dawn,Dry,Clear,None apparent,Intersection:  T-intersection,Paved,N/A,Property Damage Only,0,0,0,0,0,0,3000,2,3,Northbound (NB),POINT (-94.020605387394 42.501191452018)
20221309413,22020862,07/12/2022,07-July,3-Tuesday,15:30,1500 Hours,District 1 (Central),PRAIRIE CITY,JASPER,77,SOUTH COMMERCE DR,Collision with:  Vehicle in traffic,On Roadway,Broadside (front to side),FTYROW:  From stop sign,None Indicated,None apparent,Daylight,Dry,Clear,None apparent,Intersection:  T-intersection,Paved,N/A,Property Damage Only,0,0,0,0,0,0,6500,2,2,Northbound (NB),POINT (-93.246896226615 41.596598241641)