Iowa DOT Case Number,Law Enforcement Case Number,Date of Crash,Month of Crash,Day of Week,Time of Crash,Hour,DOT District,City Name,County Name,Route with System,Location Description,First Harmful Event,Location of First Harmful Event,Manner of Crash/Collision,Major Cause,Drug or Alcohol ,Environmental Conditions,Light Conditions,Surface Conditions,Weather Conditions,Roadway Contribution,Roadway Type,Roadway Surface,Work Zone,Crash Severity,Number of Fatalities,Number of Injuries,Number of Major Injuries,Number of Minor Injuries,Number of Possible Injuries,Number of Unknown Injuries,Amount of Property Damage,Number of Vehicles Involved,Total Number of Occupants,Travel Direction,Location
20221309465,2207138781,07/13/2022,07-July,4-Wednesday,05:27,0500 Hours,District 6 (East Central),,CLINTON,US 61,US 61 S MEASURING 3726 FEET NORTH FROM 225TH ST,Collision with:  Animal,Unknown,N/A,Animal,None Indicated,N/A,N/A,N/A,N/A,N/A,N/A,Paved,N/A,Property Damage Only,0,0,0,0,0,0,7000,1,1,Eastbound (EB),POINT (-90.568177014238 41.85217636301)
20221309825,22-8032,07/14/2022,07-July,5-Thursday,20:18,2000 Hours,District 3 (Northwest),,CLAY,77,300TH ST,Collision with:  Animal,Unknown,N/A,Animal,None Indicated,N/A,N/A,N/A,N/A,N/A,N/A,Paved,N/A,Property Damage Only,0,0,0,0,0,0,5500,1,1,Southbound (SB),POINT (-94.984570358266 43.215750908189)
20221310565,22-08905,07/15/2022,07-July,6-Friday,22:05,2200 Hours,District 3 (Northwest),,SIOUX,IA-10,IA 10 E,Collision with:  Animal,On Roadway,Non-collision (single vehicle),Animal,None Indicated,None apparent,Dark - roadway not lighted,Dry,Clear,None apparent,Non-intersection:  Non-junction/no special feature,Paved,N/A,Minor Injury,0,1,0,1,0,0,16200,1,2,Southbound (SB),POINT (-96.443159081075 42.996761488085)
20221309970,20220019073,07/15/2022,07-July,6-Friday,21:40,2100 Hours,District 1 (Central),DES MOINES,POLK,77,EAST 4TH ST AND EAST COURT AVE,Collision with:  Vehicle in traffic,On Roadway,Rear-end (front to rear),Other (explain in narrative):  Other,None Indicated,None apparent,Dark - roadway lighted,Dry,Clear,None apparent,Intersection:  Four-way intersection,Paved,N/A,Property Damage Only,0,0,0,0,0,0,8500,2,4,Northbound (NB),POINT (-93.611773642156 41.587057083113)
20221310118,20220019149,07/16/2022,07-July,7-Saturday,22:21,2200 Hours,District 1 (Central),DES MOINES,POLK,77,EAST 26TH ST MEASURING 362 FEET SOUTH FROM WEDGEWOOD RD,Collision with:  Vehicle in traffic,On Roadway,Rear to side,Driver Distraction:  Other interior distraction,None Indicated,None apparent,Dark - roadway lighted,Dry,Clear,None apparent,Non-intersection:  Non-junction/no special feature,Paved,N/A,Property Damage Only,0,0,0,0,0,0,3000,2,1,Northbound (NB),POINT (-93.566591426857 41.625461280858)
20221310255,22-8184,07/17/2022,07-July,1-Sunday,22:25,2200 Hours,District 3 (Northwest),SPENCER,CLAY,77,EAST 4TH ST MEASURING 135 FEET WEST FROM 10TH AVE EAST,Collision with:  Vehicle in traffic,On Roadway,Rear-end (front to rear),"Operating vehicle in an reckless, erratic, careless, negligent manner",Refused,None apparent,Dark - roadway lighted,Dry,Clear,None apparent,Non-intersection:  Non-junction/no special feature,Paved,N/A,Property Damage Only,0,0,0,0,0,0,10000,2,2,Southbound (SB),POINT (-95.13116325214 43.141897085593)
20221310276,20220019303,07/18/2022,07-July,2-Monday,16:35,1600 Hours,District 1 (Central),DES MOINES,POLK,US 69,1100 BLK E 14TH ST,Collision with:  Vehicle in traffic,On Roadway,Rear-end (front to rear),Improper or erratic lane changing,None Indicated,None apparent,Daylight,Dry,Clear,None apparent,Non-intersection:  Non-junction/no special feature,Paved,N/A,Possible/Unknown,0,1,0,0,1,0,2200,2,2,Eastbound (EB),POINT (-93.599231794452 41.596941037792)
20221310391,22-016475,07/18/2022,07-July,2-Monday,23:48,2300 Hours,District 2 (Northeast),,FAYETTE,77,W AVE,Collision with:  Animal,Unknown,N/A,Animal,None Indicated,N/A,N/A,N/A,N/A,N/A,N/A,Paved,N/A,Property Damage Only,0,0,0,0,0,0,5000,1,4,Northbound (NB),POINT (-92.04292057918 42.827595172296)
20221310449,C22002754,07/19/2022,07-July,3-Tuesday,16:30,1600 Hours,District 6 (East Central),CORALVILLE,JOHNSON,77,COUNTRY CLUB RD AND 1ST AVE,Collision with:  Vehicle in traffic,On Roadway,Other (explain in narrative),Followed too close,None Indicated,None apparent,Daylight,Dry,Clear,None apparent,Intersection:  T-intersection,Paved,N/A,Fatal,1,0,0,0,0,0,7000,2,2,Northbound (NB),POINT (-91.565104937723 41.695450837998)
20221310714,2022017769,07/20/2022,07-July,4-Wednesday,19:20,1900 Hours,District 6 (East Central),,JONES,77,"PIONEER RD, APPX 2200 FT' NORTHWEST OF 25TH AVE",Non-collision events:  Overturn/rollover,On Roadway,Non-collision (single vehicle),Lost Control,None Indicated,None apparent,Daylight,Dry,Clear,Ruts/holes/bumps,Non-intersection:  Non-junction/no special feature,Unpaved,N/A,Minor Injury,0,1,0,1,0,0,20000,1,3,Northbound (NB),POINT (-90.942802589713 42.129889952498)
20221311193,22-016709,07/21/2022,07-July,5-Thursday,16:15,1600 Hours,District 2 (Northeast),,FAYETTE,77,K AVE,Collision with:  Animal,Unknown,N/A,Animal,None Indicated,N/A,N/A,N/A,N/A,N/A,N/A,Unpaved,N/A,Property Damage Only,0,0,0,0,0,0,2000,1,1,Northbound (NB),POINT (-91.805211950516 42.658744539844)
20221310717,22-007669,07/21/2022,07-July,5-Thursday,10:39,1000 Hours,District 4 (Southwest),COUNCIL BLUFFS,POTTAWATTAMIE,77,120 WEST BROADWAY IN THE VINE ST PARKING,Collision with fixed object:  Other post/pole/support (explain in narrative),Outside trafficway,Non-collision (single vehicle),Other (explain in narrative):  Other,None Indicated,None apparent,Daylight,Dry,Clear,None apparent,Non-intersection:  Non-junction/no special feature,Paved,N/A,Property Damage Only,0,0,0,0,0,0,2100,1,2,Southbound (SB),POINT (-95.845149631647 41.263740869387)
20221352811,22-1682,07/22/2022,07-July,6-Friday,09:15,0900 Hours,District 5 (Southeast),LEON,DECATUR,77,SOUTH MAIN ST,Collision with:  Animal,Unknown,N/A,Animal,None Indicated,N/A,N/A,N/A,N/A,N/A,N/A,Paved,N/A,Property Damage Only,0,0,0,0,0,0,4000,1,3,Northbound (NB),POINT (-93.747307352313 40.728660042878)
20221311219,22022141,07/23/2022,07-July,7-Saturday,22:24,2200 Hours,District 1 (Central),,JASPER,IA-14,IA 14 N,Collision with:  Animal,On Roadway,Non-collision (single vehicle),Animal,None Indicated,Animal in roadway,N/A,N/A,N/A,N/A,N/A,Paved,N/A,Property Damage Only,0,0,0,0,0,0,2500,1,3,Northbound (NB),POINT (-92.993233048686 41.819933640275)
20221311755,CL2200767,07/23/2022,07-July,7-Saturday,10:30,1000 Hours,District 2 (Northeast),CLEAR LAKE,CERRO GORDO,77,1000 B 1ST AVE NORTH,Collision with:  Animal,On Roadway,Rear-end (front to rear),Animal,None Indicated,None apparent,Daylight,Dry,Clear,None apparent,Non-intersection:  Non-junction/no special feature,Paved,N/A,Possible/Unknown,0,1,0,0,1,0,11500,2,1,Southbound (SB),POINT (-93.375122956708 43.138306774282)
20221311640,N22000449,07/24/2022,07-July,1-Sunday,15:35,1500 Hours,District 6 (East Central),NORTH LIBERTY,JOHNSON,77,RANSHAW WAY SOUTH,Collision with:  Vehicle in traffic,On Roadway,Rear-end (front to rear),Followed too close,None Indicated,None apparent,Daylight,Dry,Clear,Work Zone (roadway-related),Intersection:  Four-way intersection,Paved,Yes,Possible/Unknown,0,1,0,0,0,1,3000,2,6,Northbound (NB),POINT (-91.607604232917 41.744700487291)
20221311299,FD22-2135,07/25/2022,07-July,2-Monday,13:50,1300 Hours,District 1 (Central),FORT DODGE,WEBSTER,77,1ST AVE S AND SOUTH 3RD ST,Collision with:  Vehicle in traffic,On Roadway,"Angle, oncoming left turn",FTYROW:  Making left turn,None Indicated,None apparent,Daylight,Dry,Cloudy,None apparent,Intersection:  Four-way intersection,Paved,N/A,Possible/Unknown,0,1,0,0,1,0,11000,2,2,Northbound (NB),POINT (-94.19384002279 42.503101918378)
20221311443,22-5432,07/26/2022,07-July,3-Tuesday,05:36,0500 Hours,District 1 (Central),,POLK,US 69,NE 14TH ST AND NE 60TH AVE,Collision with:  Vehicle in traffic,On Roadway,Broadside (front to side),Ran Stop Sign,None Indicated,None apparent,Dawn,Dry,Clear,None apparent,Intersection:  Four-way intersection,Paved,N/A,Possible/Unknown,0,1,0,0,1,0,18000,2,3,Northbound (NB),POINT (-93.600841644612 41.669548567001)
20221311762,W22-059487,07/27/2022,07-July,4-Wednesday,16:17,1600 Hours,District 2 (Northeast),WATERLOO,BLACK HAWK,77,WEST COMMERCIAL ST AND WESTFIELD AVE,Collision with:  Vehicle in traffic,On Roadway,Broadside (front to side),FTYROW:  From stop sign,None Indicated,None apparent,Daylight,Dry,Clear,None apparent,Intersection:  Four-way intersection,Paved,N/A,Property Damage Only,0,0,0,0,0,0,2000,2,2,Northbound (NB),POINT (-92.354328760739 42.498117457892)
20221312018,2022005915,07/28/2022,07-July,5-Thursday,16:29,1600 Hours,District 6 (East Central),IOWA CITY,JOHNSON,IA-1,IA 1 S,Collision with:  Vehicle in traffic,Other (explain in narrative),Rear-end (front to rear),Other (explain in narrative):  Other,None Indicated,None apparent,Daylight,Dry,Clear,None apparent,Non-intersection:  Non-junction/no special feature,Paved,N/A,Property Damage Only,0,0,0,0,0,0,4500,3,3,Eastbound (EB),POINT (-91.563917523919 41.636981488827)
20221314433,2206787,07/28/2022,07-July,5-Thursday,14:15,1400 Hours,District 5 (Southeast),PELLA,MARION,77,UNIVERSITY ST,Collision with:  Vehicle in traffic,On Roadway,Other (explain in narrative),Other (explain in narrative):  Vision obstructed,None Indicated,None apparent,Daylight,Dry,Clear,None apparent,Intersection:  Four-way intersection,Paved,N/A,Property Damage Only,0,0,0,0,0,0,2000,2,2,Southbound (SB),POINT (-92.916509979446 41.400164245316)
20221312108,22-23857,07/29/2022,07-July,6-Friday,10:04,1000 Hours,District 5 (Southeast),BURLINGTON,DES MOINES,77,OFF ROADWAY/ROADWAY NOT FOUND MEASURING 139 FEET SOUTH FROM GREEN ST,Collision with:  Re-entering roadway,On Roadway,Rear-end (front to rear),Driver Distraction:  Other interior distraction,None Indicated,None apparent,Daylight,Dry,Clear,None apparent,Non-intersection:  Alley,Paved,N/A,Property Damage Only,0,0,0,0,0,0,1500,2,4,Southbound (SB),POINT (-91.120627760839 40.798361797247)
20221312962,22002634,07/30/2022,07-July,7-Saturday,09:56,0900 Hours,District 1 (Central),AMES,STORY,US 69,US 69 S,Collision with:  Vehicle in traffic,On Roadway,Rear-end (front to rear),FTYROW:  Other (explain in narrative),None Indicated,None apparent,Daylight,Dry,Clear,None apparent,Intersection:  Four-way intersection,Paved,N/A,Property Damage Only,0,0,0,0,0,0,4000,2,4,Eastbound (EB),POINT (-93.610165117012 42.000664042601)
20221313237,22002664,07/31/2022,07-July,1-Sunday,07:30,0700 Hours,District 1 (Central),AMES,STORY,77,MAIN ST CBD PARKING LOT SPACE 325,Collision with:  Parked motor vehicle,On Roadway,Unknown,Unknown,None Indicated,Unknown,Daylight,Unknown,Unknown,Unknown,Non-intersection:  Non-junction/no special feature,Paved,N/A,Property Damage Only,0,0,0,0,0,0,3000,2,1,Southbound (SB),POINT (-93.612609458951 42.025121936516)
20221314286,22-21418,08/01/2022,08-August,2-Monday,08:46,0800 Hours,District 3 (Northwest),SIOUX CITY,WOODBURY,77,5621 SEGER COURT,Collision with:  Parked motor vehicle,On Roadway,Rear to side,Unknown,None Indicated,None apparent,Daylight,Dry,Clear,None apparent,"Non-intersection:  Driveway access (related, not in)",Paved,N/A,Property Damage Only,0,0,0,0,0,0,3000,2,1,Southbound (SB),POINT (-96.332772536793 42.460783608459)
20221312390,PDI20220633,08/01/2022,08-August,2-Monday,11:20,1100 Hours,District 1 (Central),GRINNELL,POWESHIEK,77,4TH AVE AND IA 146 N,Collision with:  Vehicle in traffic,On Roadway,"Angle, oncoming left turn",FTYROW:  Making left turn,None Indicated,None apparent,Daylight,Dry,Clear,None apparent,Intersection:  Four-way intersection,Paved,N/A,Possible/Unknown,0,1,0,0,1,0,17000,2,2,Southbound (SB),POINT (-92.727347306764 41.743248914133)
20221312582,CLP22002298,08/02/2022,08-August,3-Tuesday,01:34,0100 Hours,District 6 (East Central),CLINTON,CLINTON,77,15TH AVE SOUTH,Collision with:  Vehicle in traffic,On Roadway,"Sideswipe, same direction",Unknown,None Indicated,None apparent,Dark - roadway not lighted,Dry,Clear,None apparent,Non-intersection:  Non-junction/no special feature,Paved,N/A,Possible/Unknown,0,1,0,0,0,1,6000,2,1,Southbound (SB),POINT (-90.210758562927 41.830115386037)
20221312710,20220020877,08/03/2022,08-August,4-Wednesday,17:15,1700 Hours,District 1 (Central),DES MOINES,POLK,77,EAST BRDWAY AVE AND EAST 50TH ST,Collision with:  Vehicle in traffic,On Roadway,Rear-end (front to rear),Followed too close,None Indicated,None apparent,Daylight,Dry,Clear,None apparent,Intersection:  Four-way intersection,Paved,N/A,Property Damage Only,0,0,0,0,0,0,4500,2,3,Westbound (WB),POINT (-93.514508945535 41.64422498832)
20221312876,2022-52529,08/04/2022,08-August,5-Thursday,03:06,0300 Hours,District 6 (East Central),DAVENPORT,SCOTT,77,NORTH DIVISION ST,Collision with:  Vehicle in traffic,On Roadway,Broadside (front to side),Ran Traffic Signal,None Indicated,None apparent,Dark - roadway lighted,Dry,Clear,None apparent,Intersection:  Four-way intersection,Paved,N/A,Property Damage Only,0,0,0,0,0,0,10000,2,2,Northbound (NB),POINT (-90.600918793544 41.545465029395)
20221312831,22-003820,08/04/2022,08-August,5-Thursday,09:58,0900 Hours,District 1 (Central),ANKENY,POLK,77,SW MAGAZINE RD/SW STATE ST,Other (explain in narrative),On Roadway,Non-collision (single vehicle),Other (explain in narrative):  Other,None Indicated,None apparent,Daylight,Dry,Clear,None apparent,Intersection:  Four-way intersection,Paved,N/A,Possible/Unknown,0,1,0,0,1,0,0,1,1,Southbound (SB),POINT (-93.619953654421 41.715833577056)
20221313021,22-04228,08/05/2022,08-August,6-Friday,17:55,1700 Hours,District 1 (Central),WEST DES MOINES,POLK,77,2ND ST AND WALNUT ST,Collision with:  Vehicle in traffic,On Roadway,Broadside (front to side),FTYROW:  From stop sign,None Indicated,None apparent,Daylight,Dry,Clear,None apparent,Intersection:  Four-way intersection,Paved,N/A,Property Damage Only,0,0,0,0,0,0,6500,2,2,Northbound (NB),POINT (-93.704729783316 41.57386068775)
20221313147,2022019199,08/06/2022,08-August,7-Saturday,11:53,1100 Hours,District 6 (East Central),,DELAWARE,IA-3,IA 3 E,Collision with:  Vehicle in traffic,On Roadway,Rear-end (front to rear),Driving too fast for conditions,None Indicated,None apparent,Daylight,Dry,Clear,None apparent,Non-intersection:  Non-junction/no special feature,Paved,N/A,Property Damage Only,0,0,0,0,0,0,3000,2,3,Southbound (SB),POINT (-91.466296770154 42.644081369302)
20221317688,22010959,08/07/2022,08-August,1-Sunday,03:30,0300 Hours,District 4 (Southwest),,MILLS,77,BUNGE AVE,Collision with:  Animal,On Roadway,Non-collision (single vehicle),Animal,Alcohol (< Statutory),Animal in roadway,N/A,N/A,N/A,N/A,N/A,Paved,N/A,Property Damage Only,0,0,0,0,0,0,2000,1,2,Southbound (SB),POINT (-95.817814978224 41.149284087426)
20221313934,2022006226,08/08/2022,08-August,2-Monday,00:00,0000 Hours,District 6 (East Central),IOWA CITY,JOHNSON,I-80,I 80 E,Collision with:  Vehicle in traffic,On Roadway,"Sideswipe, same direction",Improper or erratic lane changing,None Indicated,None apparent,Dark - roadway not lighted,Dry,Clear,Work Zone (roadway-related),Interchange-related:  On-ramp merge area,Paved,Yes,Property Damage Only,0,0,0,0,0,0,6000,2,3,Southbound (SB),POINT (-91.544265817966 41.685920697753)
20221313394,20220021378,08/08/2022,08-August,2-Monday,13:14,1300 Hours,District 1 (Central),DES MOINES,POLK,IA-28,IA 28 N MEASURING 290 FEET NORTH FROM IA 28 N,Collision with:  Vehicle in traffic,On Roadway,Rear-end (front to rear),Followed too close,None Indicated,None apparent,Daylight,Dry,Clear,None apparent,Non-intersection:  Non-junction/no special feature,Paved,N/A,Possible/Unknown,0,1,0,0,1,0,10000,3,3,Northbound (NB),POINT (-93.69770133938 41.632954830063)
20221313590,20220021551,08/09/2022,08-August,3-Tuesday,22:15,2200 Hours,District 1 (Central),DES MOINES,POLK,77,SE 5TH ST AND EAST BRD ST,Collision with:  Vehicle in traffic,On Roadway,Head-on (front to front),Made improper turn,None Indicated,None apparent,Dark - roadway lighted,Dry,Clear,None apparent,Non-intersection:  Non-junction/no special feature,Paved,N/A,Property Damage Only,0,0,0,0,0,0,3000,2,2,Northbound (NB),POINT (-93.606510238633 41.559216451377)
20221314593,22-006009,08/10/2022,08-August,4-Wednesday,18:20,1800 Hours,District 3 (Northwest),,PALO ALTO,IA-4,4400-BLK 460TH AVENUE,Collision with:  Animal,Unknown,N/A,Animal,None Indicated,N/A,N/A,N/A,N/A,N/A,N/A,Paved,N/A,Property Damage Only,0,0,0,0,0,0,2000,1,1,Northbound (NB),POINT (-94.678607372294 43.001315641953)
20221314627,22064060,08/11/2022,08-August,5-Thursday,14:22,1400 Hours,District 2 (Northeast),CEDAR FALLS,BLACK HAWK,US 218,RAMP US 218 N TO IA 27 S AND US 218 N,Collision with fixed object:  Bridge pier or support,On Roadway,Non-collision (single vehicle),Other (explain in narrative):  Other,None Indicated,None apparent,Daylight,Wet,Freezing rain/drizzle,"Surface condition (e.g., wet, icy)","Interchange-related:  Off-ramp, diverge area",Paved,N/A,Property Damage Only,0,0,0,0,0,0,5000,1,1,Northbound (NB),POINT (-92.422036899235 42.5383926656)
20221314030,22-003968,08/11/2022,08-August,5-Thursday,20:23,2000 Hours,District 1 (Central),ANKENY,POLK,77,2200 BLK WEST 1ST ST,Collision with:  Vehicle in traffic,On Roadway,Other (explain in narrative),Other (explain in narrative):  Other,None Indicated,None apparent,Dark - roadway lighted,Dry,Clear,None apparent,Non-intersection:  Non-junction/no special feature,Paved,N/A,Property Damage Only,0,0,0,0,0,0,5000,2,3,Southbound (SB),POINT (-93.630255748796 41.731810065031)
20221314032,20220021837,08/12/2022,08-August,6-Friday,14:10,1400 Hours,District 1 (Central),DES MOINES,POLK,77,28TH ST MEASURING 342 FEET NORTH FROM CLARK ST,Collision with:  Vehicle in traffic,On Roadway,Rear to side,FTYROW:  From driveway,None Indicated,None apparent,Daylight,Dry,Clear,None apparent,"Non-intersection:  Driveway access (related, not in)",Paved,N/A,Property Damage Only,0,0,0,0,0,0,4000,2,5,Northbound (NB),POINT (-93.655895656774 41.606773863357)
20221314265,MC2202843,08/13/2022,08-August,7-Saturday,09:07,0900 Hours,District 2 (Northeast),MASON CITY,CERRO GORDO,77,17TH ST NE,Collision with:  Parked motor vehicle,On Roadway,Rear to side,Unknown,None Indicated,None apparent,Daylight,Dry,Clear,None apparent,"Non-intersection:  Driveway access (related, not in)",Paved,N/A,Property Damage Only,0,0,0,0,0,0,5000,2,1,Southbound (SB),POINT (-93.181338707011 43.169196347336)
20221314141,20220021971,08/13/2022,08-August,7-Saturday,16:37,1600 Hours,District 1 (Central),DES MOINES,POLK,77,EAST 22ND ST AND HUBBELL AVE,Collision with:  Vehicle in traffic,On Roadway,Rear-end (front to rear),Unknown,None Indicated,None apparent,Daylight,Dry,Clear,None apparent,Intersection:  T-intersection,Paved,N/A,Possible/Unknown,0,2,0,0,2,0,18000,3,4,Northbound (NB),POINT (-93.577550725101 41.601150294978)
20221314944,22002843,08/14/2022,08-August,1-Sunday,11:21,1100 Hours,District 1 (Central),AMES,STORY,77,HOWARD AVE AND LINCOLN WAY,Collision with:  Vehicle in traffic,On Roadway,Rear-end (front to rear),Followed too close,None Indicated,None apparent,Daylight,Dry,Cloudy,None apparent,Intersection:  T-intersection,Paved,N/A,Property Damage Only,0,0,0,0,0,0,12000,2,3,Southbound (SB),POINT (-93.658438213319 42.022733632809)
20221314444,20220022184,08/15/2022,08-August,2-Monday,14:12,1400 Hours,District 1 (Central),DES MOINES,POLK,US 69,DES MOINES ST AND US 69 N,Collision with:  Vehicle in traffic,On Roadway,"Sideswipe, same direction",Unknown,None Indicated,None apparent,Daylight,Wet,Cloudy,None apparent,Non-intersection:  Non-junction/no special feature,Paved,N/A,Property Damage Only,0,0,0,0,0,0,2800,2,5,Northbound (NB),POINT (-93.595698300927 41.595013835869)
20221315006,2022020075,08/15/2022,08-August,2-Monday,15:45,1500 Hours,District 5 (Southeast),,WARREN,I-35,I35 SB AT 43MM,Collision with fixed object:  Cable barrier,Median,Non-collision (single vehicle),Driving too fast for conditions,None Indicated,Weather conditions,Daylight,Wet,Cloudy,"Surface condition (e.g., wet, icy)",Non-intersection:  Non-junction/no special feature,Paved,N/A,Property Damage Only,0,0,0,0,0,0,7525,1,1,Eastbound (EB),POINT (-93.784263242703 41.164258712345)
20221314922,22-10304,08/16/2022,08-August,3-Tuesday,19:00,1900 Hours,District 3 (Northwest),,SIOUX,77,DIPPER AVE MEASURING 1063 FEET NORTH FROM 470TH ST,Collision with fixed object:  Ditch,Outside trafficway,Non-collision (single vehicle),Ran off road - right,Alcohol (Statutory),None apparent,Daylight,Dry,Clear,None apparent,Non-intersection:  Non-junction/no special feature,Paved,N/A,Minor Injury,0,1,0,1,0,0,25300,1,1,Northbound (NB),POINT (-96.371228904761 42.97031749811)
20221314765,22-008650,08/17/2022,08-August,4-Wednesday,13:25,1300 Hours,District 4 (Southwest),COUNCIL BLUFFS,POTTAWATTAMIE,77,WEST BRDWAY AND KANESVILLE BLVD,Collision with:  Vehicle in traffic,On Roadway,Broadside (front to side),Ran Traffic Signal,None Indicated,None apparent,Daylight,Dry,Clear,None apparent,Intersection:  Four-way intersection,Paved,N/A,Possible/Unknown,0,2,0,0,2,0,6000,2,2,Southbound (SB),POINT (-95.855987245899 41.261815155109)
20221315837,22012554,08/18/2022,08-August,5-Thursday,13:44,1300 Hours,District 2 (Northeast),,CHICKASAW,77,DURHAM,Non-collision events:  Overturn/rollover,Roadside,Non-collision (single vehicle),Other (explain in narrative):  Other,None Indicated,None apparent,Daylight,Dry,Clear,None apparent,Non-intersection:  Driveway access (within),Unpaved,N/A,Major Injury,0,1,1,0,0,0,300,1,1,Northbound (NB),POINT (-92.47527450352 43.212305180727)
20221316293,2022020460,08/18/2022,08-August,5-Thursday,16:32,1600 Hours,District 1 (Central),URBANDALE,POLK,I-80,126.7MM INTERSTATE 80 EASTBOUND,Collision with:  Vehicle in traffic,On Roadway,Rear-end (front to rear),Driving too fast for conditions,None Indicated,None apparent,Daylight,Dry,Clear,None apparent,Intersection:  Intersection with ramp,Paved,N/A,Property Damage Only,0,0,0,0,0,0,29000,2,2,Southbound (SB),POINT (-93.776860795978 41.638355786115)
20221315082,22017191,08/19/2022,08-August,6-Friday,16:32,1600 Hours,District 6 (East Central),MARION,LINN,77,KACENA AVE / HWY 13,Collision with:  Vehicle in traffic,On Roadway,Broadside (front to side),FTYROW:  From yield sign,None Indicated,None apparent,Daylight,Dry,Cloudy,None apparent,Intersection:  Four-way intersection,Paved,N/A,Property Damage Only,0,0,0,0,0,0,14000,2,2,Southbound (SB),POINT (-91.550026704899 42.042896510695)
20221315136,W22-066555,08/20/2022,08-August,7-Saturday,12:25,1200 Hours,District 2 (Northeast),WATERLOO,BLACK HAWK,US 20,US 20 E MM 231.9,Collision with:  Vehicle in traffic,On Roadway,Rear-end (front to rear),Other (explain in narrative):  Other,None Indicated,None apparent,Daylight,Wet,Rain,Debris,Non-intersection:  Non-junction/no special feature,Paved,N/A,Property Damage Only,0,0,0,0,0,0,2000,2,2,Southbound (SB),POINT (-92.318357714056 42.452951896859)
20221315262,W22-066885,08/21/2022,08-August,1-Sunday,13:56,1300 Hours,District 2 (Northeast),WATERLOO,BLACK HAWK,77,KIMBALL AVE AND EAST SAN MARNAN DR AND WEST SAN MARNAN DR,Collision with:  Vehicle in traffic,On Roadway,Broadside (front to side),FTYROW:  Making right turn on red signal,None Indicated,None apparent,Daylight,Dry,Cloudy,None apparent,Intersection:  Four-way intersection,Paved,N/A,Possible/Unknown,0,1,0,0,1,0,3000,2,2,Southbound (SB),POINT (-92.356583018265 42.457468661112)
20221317571,22-006260,08/21/2022,08-August,1-Sunday,17:00,1700 Hours,District 3 (Northwest),,PALO ALTO,US 18,370 STREET/480 AVENUE,Collision with:  Vehicle in traffic,On Roadway,Broadside (front to side),Ran Stop Sign,None Indicated,None apparent,Daylight,Dry,Clear,None apparent,Intersection:  Four-way intersection,Paved,N/A,Major Injury,0,3,2,0,1,0,38000,2,3,Southbound (SB),POINT (-94.639584564436 43.112036482787)
20221315678,22009008,08/22/2022,08-August,2-Monday,17:14,1700 Hours,District 2 (Northeast),GUTTENBERG,CLAYTON,77,MAIN ST,Collision with fixed object:  Other post/pole/support (explain in narrative),On Roadway,Non-collision (single vehicle),Driver Distraction:  Other interior distraction,None Indicated,None apparent,Daylight,Dry,Clear,None apparent,Non-intersection:  Railroad grade crossing,Paved,N/A,Property Damage Only,0,0,0,0,0,0,1500,1,3,Southbound (SB),POINT (-91.100636557285 42.785366722194)
20221315869,2022-57433,08/23/2022,08-August,3-Tuesday,17:30,1700 Hours,District 6 (East Central),DAVENPORT,SCOTT,77,EAST LOCUST ST,Collision with:  Vehicle in traffic,On Roadway,Rear-end (front to rear),Followed too close,None Indicated,None apparent,Daylight,Dry,Clear,None apparent,Non-intersection:  Non-junction/no special feature,Paved,N/A,Property Damage Only,0,0,0,0,0,0,7000,2,2,Southbound (SB),POINT (-90.570917342978 41.538269175961)
20221316145,CL2200897,08/24/2022,08-August,4-Wednesday,13:30,1300 Hours,District 2 (Northeast),CLEAR LAKE,CERRO GORDO,77,1300 NORTH 25TH ST,Collision with fixed object:  Fire hydrant,Outside trafficway,Non-collision (single vehicle),Other (explain in narrative):  Other,None Indicated,None apparent,Daylight,Dry,Clear,None apparent,Non-intersection:  Non-junction/no special feature,Paved,N/A,Property Damage Only,0,0,0,0,0,0,4500,1,1,Northbound (NB),POINT (-93.357960860597 43.147339590541)
20221315879,220824-01,08/24/2022,08-August,4-Wednesday,14:50,1400 Hours,District 4 (Southwest),PANORA,GUTHRIE,77,WEST CHURCH ST,Collision with:  Parked motor vehicle,Other (explain in narrative),"Sideswipe, opposite direction",Operator inexperience,None Indicated,None apparent,Daylight,Dry,Clear,None apparent,Non-intersection:  Alley,Paved,N/A,Property Damage Only,0,0,0,0,0,0,2000,2,1,Southbound (SB),POINT (-94.366473447207 41.690538536116)
20221334734,22006281,08/25/2022,08-August,5-Thursday,06:38,0600 Hours,District 3 (Northwest),,POCAHONTAS,IA-4,IA 4 N MEASURING 80 FEET NORTH FROM 460TH ST,Collision with fixed object:  Ground,On Roadway,Non-collision (single vehicle),Passing:  Where prohibited by signs/markings,None Indicated,None apparent,Dawn,Dry,"Fog, smoke, smog",None apparent,Intersection:  T-intersection,Paved,N/A,Minor Injury,0,1,0,1,0,0,3000,2,2,Northbound (NB),POINT (-94.678970068886 42.820635147514)
20221316340,22-009172,08/26/2022,08-August,6-Friday,18:53,1800 Hours,District 2 (Northeast),,CLAYTON,77,FORTUNE AVE,Collision with fixed object:  Ditch,Outside trafficway,Non-collision (single vehicle),Ran off road - right,None Indicated,Other (explain in narrative),Daylight,Dry,Clear,Other (explain in narrative),Non-intersection:  Non-junction/no special feature,Unpaved,N/A,Property Damage Only,0,0,0,0,0,0,10000,1,1,Northbound (NB),POINT (-91.403197547817 42.664039395144)
20221316544,K22-26920,08/26/2022,08-August,6-Friday,12:12,1200 Hours,District 5 (Southeast),KEOKUK,LEE,77,400 BLK TIMEA ST,Collision with:  Parked motor vehicle,On Roadway,Other (explain in narrative),Other (explain in narrative):  Other,None Indicated,None apparent,Daylight,Dry,Clear,None apparent,Non-intersection:  Non-junction/no special feature,Paved,N/A,Property Damage Only,0,0,0,0,0,0,6000,2,4,Northbound (NB),POINT (-91.386758343982 40.392539387926)