Iowa DOT Case Number,Law Enforcement Case Number,Date of Crash,Month of Crash,Day of Week,Time of Crash,Hour,DOT District,City Name,County Name,Route with System,Location Description,First Harmful Event,Location of First Harmful Event,Manner of Crash/Collision,Major Cause,Drug or Alcohol ,Environmental Conditions,Light Conditions,Surface Conditions,Weather Conditions,Roadway Contribution,Roadway Type,Roadway Surface,Work Zone,Crash Severity,Number of Fatalities,Number of Injuries,Number of Major Injuries,Number of Minor Injuries,Number of Possible Injuries,Number of Unknown Injuries,Amount of Property Damage,Number of Vehicles Involved,Total Number of Occupants,Travel Direction,Location
20221316808,20220023503,08/27/2022,08-August,7-Saturday,10:25,1000 Hours,District 1 (Central),DES MOINES,POLK,77,URBANDALE AVE AND BEAVER AVE,Collision with:  Vehicle in traffic,On Roadway,Rear-end (front to rear),Followed too close,None Indicated,None apparent,Daylight,Dry,Clear,None apparent,Intersection:  Four-way intersection,Paved,N/A,Possible/Unknown,0,1,0,0,0,1,6400,2,3,Southbound (SB),POINT (-93.673207807469 41.620112532691)
20221316368,20220023579,08/28/2022,08-August,1-Sunday,02:40,0200 Hours,District 1 (Central),DES MOINES,POLK,77,LOCUST ST,Collision with:  Parked motor vehicle,On Roadway,"Sideswipe, same direction",Lost Control,None Indicated,Weather conditions,Dark - roadway lighted,Wet,Rain,"Surface condition (e.g., wet, icy)",Intersection:  Four-way intersection,Paved,N/A,Property Damage Only,0,0,0,0,0,0,6000,4,1,Northbound (NB),POINT (-93.624884542948 41.58682444076)
20221316812,2022006952,08/29/2022,08-August,2-Monday,12:43,1200 Hours,District 6 (East Central),IOWA CITY,JOHNSON,77,809 S 7TH AVE,Miscellaneous events:  Hit and run,Shoulder,Non-collision (single vehicle),Exceeded authorized speed,None Indicated,None apparent,Daylight,Dry,Clear,None apparent,Intersection:  T-intersection,Paved,N/A,Possible/Unknown,0,1,0,0,1,0,2500,1,1,Northbound (NB),POINT (-91.511564757495 41.651825215553)
20221316940,2022021323,08/29/2022,08-August,2-Monday,06:00,0600 Hours,District 4 (Southwest),,ADAIR,I-80,I 80 W 78.3 MM,Collision with:  Vehicle in traffic,On Roadway,Rear-end (front to rear),Driving too fast for conditions,None Indicated,Weather conditions,Dark - roadway not lighted,Wet,Cloudy,"Surface condition (e.g., wet, icy)",Non-intersection:  Non-junction/no special feature,Paved,N/A,Property Damage Only,0,0,0,0,0,0,11500,2,2,Westbound (WB),POINT (-94.581671245268 41.496426314909)
20221317380,2022-21953,08/30/2022,08-August,3-Tuesday,07:50,0700 Hours,District 5 (Southeast),INDIANOLA,WARREN,IA-92,300 E 2ND AVE,Collision with:  Vehicle in traffic,On Roadway,"Angle, oncoming left turn",FTYROW:  Making left turn,None Indicated,None apparent,Daylight,Dry,Clear,None apparent,Intersection:  Four-way intersection,Paved,N/A,Minor Injury,0,2,0,2,0,0,7000,2,3,Southbound (SB),POINT (-93.556783848757 41.358259224227)
20221317001,22017957,08/31/2022,08-August,4-Wednesday,16:24,1600 Hours,District 6 (East Central),MARION,LINN,77,ALBURNETT RD/BOYSON RD,Collision with:  Non-motorist (see non-motorist section - NOT a unit),On Roadway,Non-collision (single vehicle),FTYROW:  Making right turn on red signal,None Indicated,None apparent,Daylight,Dry,Clear,None apparent,Non-intersection:  Non-junction/no special feature,Paved,N/A,Minor Injury,0,1,0,1,0,0,500,1,1,Northbound (NB),POINT (-91.610350998984 42.043606854428)
20221317067,22-004298,08/31/2022,08-August,4-Wednesday,12:28,1200 Hours,District 1 (Central),ANKENY,POLK,77,2000 BLK NW STATE ST,Collision with:  Vehicle in traffic,On Roadway,Broadside (front to side),Driver Distraction:  Other interior distraction,None Indicated,None apparent,Daylight,Dry,Clear,None apparent,"Non-intersection:  Driveway access (related, not in)",Paved,N/A,Property Damage Only,0,0,0,0,0,0,7000,2,2,Eastbound (EB),POINT (-93.619735910881 41.749466992031)
20221317569,202212282,09/01/2022,09-September,5-Thursday,13:07,1300 Hours,District 6 (East Central),CEDAR RAPIDS,LINN,77,1200 BLK BLAIRS FERRY RD NE,Collision with:  Vehicle in traffic,On Roadway,"Sideswipe, same direction",Improper or erratic lane changing,None Indicated,None apparent,Daylight,Dry,Cloudy,None apparent,Non-intersection:  Non-junction/no special feature,Paved,N/A,Property Damage Only,0,0,0,0,0,0,5000,2,4,Southbound (SB),POINT (-91.657201787313 42.03526636631)
20221317313,20220024215,09/02/2022,09-September,6-Friday,13:40,1300 Hours,District 1 (Central),DES MOINES,POLK,77,LOCUST ST AND 8TH ST,Collision with:  Vehicle in traffic,On Roadway,Broadside (front to side),Ran Traffic Signal,None Indicated,None apparent,Daylight,Dry,Clear,None apparent,Intersection:  Four-way intersection,Paved,N/A,Property Damage Only,0,0,0,0,0,0,3000,2,2,Northbound (NB),POINT (-93.627423136127 41.586324223511)
20221317372,22-6439,09/02/2022,09-September,6-Friday,23:15,2300 Hours,District 1 (Central),,POLK,I-80,RAMP IA 415 N TO I 80 E,Collision with fixed object:  Ditch,On Roadway,Other (explain in narrative),Ran off road - right,None Indicated,None apparent,Dark - roadway lighted,Dry,Clear,None apparent,Interchange-related:  On-ramp,Paved,N/A,Property Damage Only,0,0,0,0,0,0,3000,2,2,Southbound (SB),POINT (-93.619561311627 41.648651690702)
20221318951,22070715,09/03/2022,09-September,7-Saturday,02:30,0200 Hours,District 2 (Northeast),CEDAR FALLS,BLACK HAWK,77,809 W 11TH ST,Collision with:  Parked motor vehicle,Shoulder,"Sideswipe, same direction",Ran off road - right,None Indicated,None apparent,Dark - roadway not lighted,Dry,Clear,None apparent,Non-intersection:  Non-junction/no special feature,Paved,N/A,Property Damage Only,0,0,0,0,0,0,12000,2,1,Southbound (SB),POINT (-92.455147823241 42.528666522515)
20221317991,22-009619,09/04/2022,09-September,1-Sunday,20:10,2000 Hours,District 2 (Northeast),,CLAYTON,IA-128,IA 128 E,Collision with:  Animal,Unknown,N/A,Animal,None Indicated,N/A,N/A,N/A,N/A,N/A,N/A,Paved,N/A,Property Damage Only,0,0,0,0,0,0,3000,1,1,Southbound (SB),POINT (-91.356962182713 42.877239926419)
20221317592,20220024493,09/05/2022,09-September,2-Monday,15:45,1500 Hours,District 1 (Central),DES MOINES,POLK,77,44TH ST AND BEAVER CREST DR,Collision with fixed object:  Utility pole/light support,On Roadway,Non-collision (single vehicle),"Driver Distraction:  Adjusting devices (radio, climate)",None Indicated,None apparent,Daylight,Dry,Clear,None apparent,Non-intersection:  Non-junction/no special feature,Paved,N/A,Possible/Unknown,0,1,0,0,1,0,4000,1,1,Northbound (NB),POINT (-93.677956488013 41.618517373834)
20221317722,20220024542,09/06/2022,09-September,3-Tuesday,08:30,0800 Hours,District 1 (Central),DES MOINES,POLK,77,"E14, AND EAST MADISON AVE",Collision with:  Vehicle in traffic,On Roadway,Broadside (front to side),Other (explain in narrative):  Other,None Indicated,None apparent,Daylight,Dry,Clear,None apparent,Intersection:  Four-way intersection,Paved,N/A,Property Damage Only,0,0,0,0,0,0,7500,2,2,Southbound (SB),POINT (-93.600467588822 41.633161605032)
20221317710,22038052,09/06/2022,09-September,3-Tuesday,05:38,0500 Hours,District 5 (Southeast),,MUSCATINE,77,PETTIBONE AVE,Collision with:  Animal,Unknown,N/A,Animal,None Indicated,N/A,N/A,N/A,N/A,N/A,N/A,Paved,N/A,Property Damage Only,0,0,0,0,0,0,1500,1,1,Northbound (NB),POINT (-91.076425224832 41.353525900932)
20221318440,22-01319,09/07/2022,09-September,4-Wednesday,07:57,0700 Hours,District 1 (Central),CLIVE,POLK,I-80,MM 125 EB I80/35 E,Non-collision events:  Other non-collision (explain in narrative),On Roadway,Non-collision (single vehicle),Driving too fast for conditions,None Indicated,None apparent,Daylight,Dry,Clear,None apparent,Interchange-related:  On-ramp merge area,Paved,N/A,Minor Injury,0,1,0,1,0,0,5000,1,1,Southbound (SB),POINT (-93.776694071356 41.608462144548)
20221318604,2022-01042,09/08/2022,09-September,5-Thursday,16:43,1600 Hours,District 4 (Southwest),WAUKEE,DALLAS,77,UTE AVE,Collision with:  Vehicle in traffic,On Roadway,"Sideswipe, opposite direction",Driver Distraction:  Manual operation of an electronic communication device,None Indicated,None apparent,Daylight,Dry,Clear,None apparent,Non-intersection:  Non-junction/no special feature,Paved,N/A,Property Damage Only,0,0,0,0,0,0,13000,2,3,Northbound (NB),POINT (-93.880555212093 41.572414353299)
20221318373,2022-61881,09/09/2022,09-September,6-Friday,17:23,1700 Hours,District 6 (East Central),DAVENPORT,SCOTT,77,EAST 10TH ST,Other (explain in narrative),On Roadway,Non-collision (single vehicle),Other (explain in narrative):  Other,None Indicated,None apparent,Daylight,Dry,Clear,None apparent,Non-intersection:  Non-junction/no special feature,Paved,N/A,Property Damage Only,0,0,0,0,0,0,2000,1,2,Southbound (SB),POINT (-90.56670029081 41.529894075694)
20221318299,C22003511,09/09/2022,09-September,6-Friday,14:35,1400 Hours,District 6 (East Central),CORALVILLE,JOHNSON,77,FOREVERGREEN /CORAL RIDGE,Collision with:  Vehicle in traffic,On Roadway,Rear-end (front to rear),Followed too close,None Indicated,None apparent,Daylight,Dry,Clear,None apparent,Non-intersection:  Non-junction/no special feature,Paved,N/A,Possible/Unknown,0,1,0,0,1,0,7000,2,3,Southbound (SB),POINT (-91.607759248897 41.723050069602)
20221318389,2022-006217,09/10/2022,09-September,7-Saturday,14:58,1400 Hours,District 6 (East Central),DUBUQUE,DUBUQUE,77,WHITE ST,Collision with:  Vehicle in traffic,On Roadway,"Sideswipe, same direction",Other (explain in narrative):  No improper action,None Indicated,None apparent,Daylight,Dry,Clear,None apparent,Non-intersection:  Non-junction/no special feature,Paved,N/A,Minor Injury,0,2,0,1,1,0,9000,2,4,Northbound (NB),POINT (-90.663979694649 42.501464273533)
20221320528,2022022428,09/11/2022,09-September,1-Sunday,06:28,0600 Hours,District 1 (Central),,POLK,I-80,"INTERSTATE 80, 147.5 MILE MARKER, EASTBOUND, REST AREA",Collision with:  Parked motor vehicle,In parking lane/zone,"Sideswipe, same direction",Made improper turn,None Indicated,None apparent,Dawn,Dry,Clear,None apparent,Non-intersection:  Non-junction/no special feature,Paved,N/A,Property Damage Only,0,0,0,0,0,0,5000,2,3,Southbound (SB),POINT (-93.396103185627 41.680380414898)
20221318797,22-000937,09/12/2022,09-September,2-Monday,07:55,0700 Hours,District 1 (Central),,STORY,I-35,I 35 SB MM 125,Collision with:  Vehicle in traffic,On Roadway,Rear-end (front to rear),Driving too fast for conditions,None Indicated,None apparent,Daylight,Dry,Clear,"Traffic backup, prior crash",Non-intersection:  Non-junction/no special feature,Paved,N/A,Property Damage Only,0,0,0,0,0,0,17500,2,2,Eastbound (EB),POINT (-93.570677805592 42.194578251726)
20221318870,22SC25991,09/13/2022,09-September,3-Tuesday,09:20,0900 Hours,District 3 (Northwest),SIOUX CITY,WOODBURY,IA-12,IA 12 S,Collision with:  Vehicle in traffic,On Roadway,Broadside (front to side),FTYROW:  Making left turn,None Indicated,None apparent,Daylight,Dry,Clear,None apparent,Intersection:  T-intersection,Paved,N/A,Property Damage Only,0,0,0,0,0,0,14500,2,2,Eastbound (EB),POINT (-96.366216055744 42.488682754152)
20221319258,2022-62872,09/13/2022,09-September,3-Tuesday,17:54,1700 Hours,District 6 (East Central),DAVENPORT,SCOTT,77,KELLING ST AND WEST 53RD ST,Collision with:  Vehicle in traffic,On Roadway,"Angle, oncoming left turn",FTYROW:  Making left turn,None Indicated,None apparent,Daylight,Dry,Clear,None apparent,Intersection:  T-intersection,Paved,N/A,Minor Injury,0,1,0,1,0,0,35000,2,3,Southbound (SB),POINT (-90.607100561849 41.574495460092)
20221319161,22008254,09/14/2022,09-September,4-Wednesday,19:20,1900 Hours,District 6 (East Central),MANCHESTER,DELAWARE,IA-13,IA 13 N,Collision with:  Vehicle in traffic,On Roadway,Rear-end (front to rear),Improper Backing,None Indicated,None apparent,Daylight,Dry,Clear,None apparent,Intersection:  Four-way intersection,Paved,N/A,Property Damage Only,0,0,0,0,0,0,3000,2,3,Northbound (NB),POINT (-91.458230178279 42.483963413729)
20221319804,,09/14/2022,09-September,4-Wednesday,20:00,2000 Hours,District 5 (Southeast),,DAVIS,IA-2,IA 2 E,Collision with:  Animal,On Roadway,Non-collision (single vehicle),Animal,None Indicated,N/A,Dark - roadway not lighted,Dry,Clear,N/A,Non-intersection:  Non-junction/no special feature,Paved,N/A,Property Damage Only,0,0,0,0,0,0,1500,1,3,Southbound (SB),POINT (-92.505358612566 40.738748694123)
20221319265,2022022934,09/15/2022,09-September,5-Thursday,20:58,2000 Hours,District 4 (Southwest),,FREMONT,I-29,I 29 N 2.35MM,Collision with:  Animal,On Roadway,Non-collision (single vehicle),Animal,None Indicated,Animal in roadway,Dark - roadway not lighted,Dry,Clear,None apparent,Non-intersection:  Non-junction/no special feature,Paved,N/A,Possible/Unknown,0,1,0,0,1,0,10000,1,1,Northbound (NB),POINT (-95.684389945517 40.607820177922)
20221320269,22-074561,09/16/2022,09-September,6-Friday,09:40,0900 Hours,District 2 (Northeast),,BLACK HAWK,77,SOUTH CANFIELD RD,Collision with:  Vehicle in traffic,On Roadway,Rear-end (front to rear),Followed too close,None Indicated,None apparent,Daylight,Dry,Clear,None apparent,Intersection:  Four-way intersection,Paved,N/A,Property Damage Only,0,0,0,0,0,0,6000,2,3,Northbound (NB),POINT (-92.159575051882 42.46881062328)
20221319579,22074616,09/16/2022,09-September,6-Friday,12:14,1200 Hours,District 2 (Northeast),CEDAR FALLS,BLACK HAWK,77,HUDSON RD/W 12TH ST,Collision with:  Vehicle in traffic,On Roadway,Broadside (front to side),Ran Traffic Signal,None Indicated,None apparent,Daylight,Dry,Clear,None apparent,Intersection:  Four-way intersection,Paved,N/A,Property Damage Only,0,0,0,0,0,0,5000,2,2,Southbound (SB),POINT (-92.465408341788 42.527688185817)
20221319468,22-30135,09/17/2022,09-September,7-Saturday,13:31,1300 Hours,District 5 (Southeast),BURLINGTON,DES MOINES,77,SUNRISE LANE AND DIVISION ST,Other (explain in narrative),On Roadway,Rear-end (front to rear),Driver Distraction:  Exterior distraction,None Indicated,None apparent,Daylight,Dry,Cloudy,None apparent,Non-intersection:  Non-junction/no special feature,Paved,N/A,Property Damage Only,0,0,0,0,0,0,5000,2,3,Northbound (NB),POINT (-91.131819135243 40.80759647428)
20221321294,202213108,09/17/2022,09-September,7-Saturday,21:50,2100 Hours,District 6 (East Central),CEDAR RAPIDS,LINN,77,E AVE NW AND EDGEWOOD RD NW,Collision with:  Vehicle in traffic,On Roadway,"Angle, oncoming left turn",FTYROW:  Making left turn,None Indicated,Weather conditions,Dark - roadway lighted,Wet,Rain,None apparent,Intersection:  Four-way intersection,Paved,N/A,Property Damage Only,0,0,0,0,0,0,7000,2,3,Northbound (NB),POINT (-91.715951301467 41.978261656968)
20221321159,2022023102,09/18/2022,09-September,1-Sunday,08:45,0800 Hours,District 6 (East Central),NORTH LIBERTY,JOHNSON,77,1490 FOREVERGREEN RD,Collision with:  Vehicle in traffic,On Roadway,Head-on (front to front),"Operating vehicle in an reckless, erratic, careless, negligent manner",None Indicated,None apparent,Daylight,Dry,Cloudy,None apparent,Non-intersection:  Non-junction/no special feature,Paved,N/A,Minor Injury,0,2,0,2,0,0,31000,3,3,Southbound (SB),POINT (-91.622410884369 41.723217675451)
20221320450,2022023201,09/19/2022,09-September,2-Monday,20:09,2000 Hours,District 1 (Central),,HAMILTON,US 20,US 20  156.30 MM EASTBOUND,Collision with:  Vehicle in traffic,On Roadway,Broadside (front to side),Exceeded authorized speed,Drug,None apparent,Dark - roadway not lighted,Dry,Clear,None apparent,Non-intersection:  Non-junction/no special feature,Paved,N/A,Fatal,1,1,1,0,0,0,35000,2,3,Southbound (SB),POINT (-93.504752693577 42.447959465293)
20221321244,2208622,09/20/2022,09-September,3-Tuesday,05:45,0500 Hours,District 5 (Southeast),PELLA,MARION,77,SE 9TH ST,Non-collision events:  Overturn/rollover,On Roadway,Non-collision (single vehicle),Lost Control,None Indicated,Unknown,Dark - roadway lighted,Unknown,Unknown,Unknown,Intersection:  T-intersection,Paved,N/A,Possible/Unknown,0,1,0,0,1,0,4000,1,1,Northbound (NB),POINT (-92.903091030173 41.397757701657)
20221320997,22011735,09/20/2022,09-September,3-Tuesday,20:15,2000 Hours,District 3 (Northwest),,PLYMOUTH,77,150TH ST MEASURING 3297 FEET EAST FROM K18,Collision with:  Animal,On Roadway,Non-collision (single vehicle),Animal,None Indicated,Animal in roadway,Dark - roadway not lighted,Dry,Clear,None apparent,Non-intersection:  Non-junction/no special feature,Paved,N/A,Property Damage Only,0,0,0,0,0,0,5500,1,1,Southbound (SB),POINT (-96.456094990948 42.836838021088)
20221320157,2022007865,09/21/2022,09-September,4-Wednesday,08:13,0800 Hours,District 6 (East Central),IOWA CITY,JOHNSON,77,MORMON TREK BLVD,Collision with:  Vehicle in traffic,On Roadway,Broadside (front to side),FTYROW:  Making left turn,None Indicated,Visual obstruction,Daylight,Dry,Clear,None apparent,"Non-intersection:  Driveway access (related, not in)",Paved,N/A,Possible/Unknown,0,1,0,0,1,0,8000,2,2,Northbound (NB),POINT (-91.57405577457 41.649825461945)
20221320886,22028682,09/22/2022,09-September,5-Thursday,20:58,2000 Hours,District 1 (Central),,JASPER,77,HIGHWAY S-74 SOUTH,Collision with:  Animal,Unknown,N/A,Animal,None Indicated,N/A,N/A,N/A,N/A,N/A,N/A,Paved,N/A,Property Damage Only,0,0,0,0,0,0,8000,1,1,Northbound (NB),POINT (-93.039176451442 41.65434097852)
20221320519,2022-65248,09/22/2022,09-September,5-Thursday,23:13,2300 Hours,District 6 (East Central),DAVENPORT,SCOTT,77,EAST 51ST ST AND JERSEY RIDGE RD,Collision with:  Vehicle in traffic,On Roadway,Rear-end (front to rear),Unknown,None Indicated,None apparent,Dark - roadway not lighted,Dry,Clear,None apparent,Intersection:  T-intersection,Paved,N/A,Possible/Unknown,0,2,0,0,1,1,2500,2,5,Northbound (NB),POINT (-90.541616206432 41.572861011626)
20221320667,PD22-02168,09/23/2022,09-September,6-Friday,20:55,2000 Hours,District 1 (Central),MARSHALLTOWN,MARSHALL,77,WEST MAIN ST,Collision with fixed object:  Utility pole/light support,Shoulder,Non-collision (single vehicle),Ran Stop Sign,Refused,None apparent,Dark - roadway lighted,Wet,Rain,None apparent,Intersection:  T-intersection,Paved,N/A,Property Damage Only,0,0,0,0,0,0,1500,1,3,Southbound (SB),POINT (-92.936752243257 42.049102702925)
20221320991,22-021830,09/23/2022,09-September,6-Friday,14:19,1400 Hours,District 2 (Northeast),WEST UNION,FAYETTE,77,NORTH VINE ST,Collision with:  Parked motor vehicle,In parking lane/zone,Rear to rear,Downhill runaway,None Indicated,None apparent,Daylight,Dry,Cloudy,None apparent,Non-intersection:  Non-junction/no special feature,Paved,N/A,Property Damage Only,0,0,0,0,0,0,6000,2,0,Northbound (NB),POINT (-91.808157645809 42.961657400427)
20221333757,22010225,09/24/2022,09-September,7-Saturday,19:51,1900 Hours,District 6 (East Central),,BUCHANAN,77,BAXTER AVE MEASURING 1682 FEET NORTH FROM BENSON AVE,Collision with:  Animal,Unknown,N/A,Animal,None Indicated,N/A,N/A,N/A,N/A,N/A,N/A,Paved,N/A,Property Damage Only,0,0,0,0,0,0,6500,1,1,Northbound (NB),POINT (-92.06239039695 42.552152535462)
20221326430,22-006966,09/25/2022,09-September,1-Sunday,18:50,1800 Hours,District 3 (Northwest),,OBRIEN,77,MONROE AVE,Collision with fixed object:  Ditch,Shoulder,Non-collision (single vehicle),Driving too fast for conditions,Under Influence of Alcohol/Drugs/Medications,None apparent,Daylight,Dry,Clear,None apparent,Non-intersection:  Non-junction/no special feature,Unpaved,N/A,Minor Injury,0,1,0,1,0,0,5030,1,1,Northbound (NB),POINT (-95.84164688925 43.146284718777)
20221323401,,09/26/2022,09-September,2-Monday,06:15,0600 Hours,District 6 (East Central),,BENTON,77,61 ST,Collision with:  Animal,On Roadway,Non-collision (single vehicle),Animal,None Indicated,Animal in roadway,Dawn,Dry,Clear,N/A,Non-intersection:  Non-junction/no special feature,Paved,N/A,Property Damage Only,0,0,0,0,0,0,8100,1,1,Southbound (SB),POINT (-92.176963053626 42.137746461007)
20221320972,22-001001,09/26/2022,09-September,2-Monday,08:07,0800 Hours,District 1 (Central),,STORY,US 69,US HIGHWAY 69 AND W RIVERSIDE RD,Collision with:  Vehicle in traffic,On Roadway,Broadside (front to side),Made improper turn,None Indicated,None apparent,Daylight,Dry,Clear,None apparent,Non-intersection:  Non-junction/no special feature,Paved,N/A,Property Damage Only,0,0,0,0,0,0,10000,2,2,Eastbound (EB),POINT (-93.623025557621 42.066306817223)
20221321357,22007904,09/27/2022,09-September,3-Tuesday,21:21,2100 Hours,District 5 (Southeast),,LOUISA,IA-92,COUNTY RD G 40 AND IA 92 E,Collision with:  Animal,Unknown,N/A,Animal,None Indicated,N/A,N/A,N/A,N/A,N/A,N/A,Paved,N/A,Property Damage Only,0,0,0,0,0,0,5000,1,1,Southbound (SB),POINT (-91.338582087858 41.278760896313)
20221321943,22-073,09/28/2022,09-September,4-Wednesday,16:00,1600 Hours,District 3 (Northwest),SIOUX CENTER,SIOUX,77,1ST AVE SW AND 19TH ST SW,Collision with:  Vehicle in traffic,On Roadway,Broadside (front to side),FTYROW:  From stop sign,None Indicated,None apparent,Daylight,Dry,Clear,None apparent,Intersection:  T-intersection,Paved,N/A,Property Damage Only,0,0,0,0,0,0,4700,2,2,Southbound (SB),POINT (-96.177637571865 43.057627570597)
20221321460,W22-078095,09/28/2022,09-September,4-Wednesday,16:18,1600 Hours,District 2 (Northeast),WATERLOO,BLACK HAWK,US 20,"RAMP ANSBOROUGH AVE, N TO N TO STATE OF IOWA, US 20 W",Collision with:  Vehicle in traffic,On Roadway,Rear-end (front to rear),Other (explain in narrative):  No improper action,None Indicated,None apparent,Daylight,Dry,Clear,None apparent,Non-intersection:  Non-junction/no special feature,Paved,N/A,Possible/Unknown,0,1,0,0,1,0,2505,2,2,Westbound (WB),POINT (-92.37951770007 42.454091815123)
20221322717,22-008583,09/29/2022,09-September,5-Thursday,05:10,0500 Hours,District 6 (East Central),,BENTON,IA-150,IA 150 N MEASURING 1791 FEET SOUTH FROM RAMP I 380 S TO IA 150 N,Collision with:  Animal,On Roadway,Non-collision (single vehicle),Animal,None Indicated,Animal in roadway,N/A,N/A,N/A,N/A,N/A,Paved,N/A,Property Damage Only,0,0,0,0,0,0,2500,1,1,Northbound (NB),POINT (-91.890895056251 42.243484116989)
20221321679,22SC27644,09/29/2022,09-September,5-Thursday,15:46,1500 Hours,District 3 (Northwest),SIOUX CITY,WOODBURY,IA-376,IA 376 N,Collision with:  Vehicle in traffic,On Roadway,Rear-end (front to rear),Followed too close,None Indicated,None apparent,Daylight,Dry,Cloudy,None apparent,Non-intersection:  Non-junction/no special feature,Paved,N/A,Property Damage Only,0,0,0,0,0,0,2500,2,3,Northbound (NB),POINT (-96.378194910395 42.497847661605)
20221322018,W22-078780,09/30/2022,09-September,6-Friday,20:16,2000 Hours,District 2 (Northeast),WATERLOO,BLACK HAWK,77,HAMMOND AVE AND EAST SHAULIS RD,Collision with:  Animal,On Roadway,Non-collision (single vehicle),Animal,None Indicated,Animal in roadway,Dark - roadway not lighted,Dry,Clear,None apparent,Non-intersection:  Non-junction/no special feature,Paved,N/A,Property Damage Only,0,0,0,0,0,0,5000,1,2,Southbound (SB),POINT (-92.337068441936 42.443092102977)
20221322592,202213755,09/30/2022,09-September,6-Friday,14:45,1400 Hours,District 6 (East Central),CEDAR RAPIDS,LINN,77,BLAIRS FERRY RD NE,Collision with:  Vehicle in traffic,On Roadway,Broadside (front to side),FTYROW:  Making left turn,None Indicated,None apparent,Daylight,Dry,Clear,None apparent,"Non-intersection:  Driveway access (related, not in)",Paved,N/A,Property Damage Only,0,0,0,0,0,0,2000,2,4,Southbound (SB),POINT (-91.637328513691 42.034698874738)
20221323596,2022-36535,10/01/2022,10-October,7-Saturday,15:07,1500 Hours,District 6 (East Central),ELDRIDGE,SCOTT,US 61,US 61 N,Collision with:  Vehicle in traffic,On Roadway,"Sideswipe, same direction",Other (explain in narrative):  Other,None Indicated,None apparent,Daylight,Dry,Clear,None apparent,Non-intersection:  Non-junction/no special feature,Paved,N/A,Property Damage Only,0,0,0,0,0,0,1600,2,2,Northbound (NB),POINT (-90.56797542061 41.637438795518)
20221322609,22-008008,10/02/2022,10-October,1-Sunday,07:05,0700 Hours,District 5 (Southeast),,LOUISA,77,COUNTY RD X 61,Collision with:  Animal,Unknown,Non-collision (single vehicle),Animal,None Indicated,N/A,N/A,N/A,N/A,N/A,N/A,Paved,N/A,Property Damage Only,0,0,0,0,0,0,3000,1,1,Northbound (NB),POINT (-91.122917770416 41.248423998658)
20221322010,20220027304,10/02/2022,10-October,1-Sunday,21:00,2100 Hours,District 1 (Central),DES MOINES,POLK,77,KINSEY AVE AND EAST 29TH ST,Collision with:  Vehicle in traffic,On Roadway,"Angle, oncoming left turn","Operating vehicle in an reckless, erratic, careless, negligent manner",None Indicated,None apparent,Dark - roadway lighted,Dry,Clear,None apparent,Intersection:  T-intersection,Paved,N/A,Property Damage Only,0,0,0,0,0,0,5500,2,2,Southbound (SB),POINT (-93.561124032103 41.606843153572)
20221322307,B22-07504,10/03/2022,10-October,2-Monday,15:32,1500 Hours,District 1 (Central),BOONE,BOONE,77,MONONA ST AND 16TH ST,Collision with:  Vehicle in traffic,On Roadway,"Angle, oncoming left turn",FTYROW:  Making left turn,None Indicated,None apparent,Daylight,Dry,Clear,None apparent,Intersection:  Four-way intersection,Paved,N/A,Property Damage Only,0,0,0,0,0,0,1700,2,3,Southbound (SB),POINT (-93.888442496644 42.071998314867)
20221322687,22-11905,10/04/2022,10-October,3-Tuesday,07:49,0700 Hours,District 3 (Northwest),SPENCER,CLAY,US 71,7TH AVE SW AND US 71 N,Collision with:  Vehicle in traffic,On Roadway,Broadside (front to side),Made improper turn,None Indicated,Glare,Daylight,Dry,Clear,None apparent,Intersection:  Four-way intersection,Paved,N/A,Property Damage Only,0,0,0,0,0,0,6000,2,2,Northbound (NB),POINT (-95.154294055934 43.126876508718)
20221322878,22-031442,10/04/2022,10-October,3-Tuesday,15:00,1500 Hours,District 5 (Southeast),,LEE,77,ARGYLE RD,Collision with:  Vehicle in traffic,On Roadway,Rear-end (front to rear),Followed too close,None Indicated,None apparent,Daylight,Dry,Clear,None apparent,Non-intersection:  Non-junction/no special feature,Paved,N/A,Property Damage Only,0,0,0,0,0,0,3000,2,2,Northbound (NB),POINT (-91.438468618247 40.444084994724)
20221322643,20220027584,10/05/2022,10-October,4-Wednesday,15:38,1500 Hours,District 1 (Central),DES MOINES,POLK,77,29TH ST MEASURING 136 FEET NORTH FROM INGERSOLL AVE,Collision with:  Vehicle in traffic,On Roadway,Head-on (front to front),Driver Distraction:  Other interior distraction,None Indicated,None apparent,Daylight,Dry,Clear,None apparent,"Non-intersection:  Driveway access (related, not in)",Paved,N/A,Property Damage Only,0,0,0,0,0,0,8000,3,2,Northbound (NB),POINT (-93.656599787734 41.586260378324)
20221327924,22SO-1591,10/06/2022,10-October,5-Thursday,19:17,1900 Hours,District 3 (Northwest),,HUMBOLDT,77,170TH ST,Collision with:  Animal,Unknown,N/A,Animal,None Indicated,N/A,N/A,N/A,N/A,N/A,N/A,Paved,N/A,Property Damage Only,0,0,0,0,0,0,8000,1,1,Southbound (SB),POINT (-94.271431405381 42.803841881337)
20221322802,2022-006929,10/06/2022,10-October,5-Thursday,16:43,1600 Hours,District 6 (East Central),DUBUQUE,DUBUQUE,77,IA 32 N MEASURING 1678 FEET EAST FROM PLAZA DR,Collision with:  Vehicle in traffic,On Roadway,Rear-end (front to rear),Lost Control,None Indicated,None apparent,Daylight,Dry,Clear,"Traffic backup, regular congestion",Non-intersection:  Non-junction/no special feature,Paved,N/A,Property Damage Only,0,0,0,0,0,0,6500,2,3,Northbound (NB),POINT (-90.732816515994 42.522559882043)