Iowa DOT Case Number,Law Enforcement Case Number,Date of Crash,Month of Crash,Day of Week,Time of Crash,Hour,DOT District,City Name,County Name,Route with System,Location Description,First Harmful Event,Location of First Harmful Event,Manner of Crash/Collision,Major Cause,Drug or Alcohol ,Environmental Conditions,Light Conditions,Surface Conditions,Weather Conditions,Roadway Contribution,Roadway Type,Roadway Surface,Work Zone,Crash Severity,Number of Fatalities,Number of Injuries,Number of Major Injuries,Number of Minor Injuries,Number of Possible Injuries,Number of Unknown Injuries,Amount of Property Damage,Number of Vehicles Involved,Total Number of Occupants,Travel Direction,Location
20221322950,FD22-2896,10/07/2022,10-October,6-Friday,15:45,1500 Hours,District 1 (Central),FORT DODGE,WEBSTER,77,500 BLK SOUTH 29TH ST,Collision with:  Vehicle in traffic,On Roadway,Rear-end (front to rear),Other (explain in narrative):  Other,None Indicated,None apparent,Daylight,Dry,Cloudy,None apparent,"Non-intersection:  Driveway access (related, not in)",Paved,N/A,Property Damage Only,0,0,0,0,0,0,4000,2,2,Northbound (NB),POINT (-94.158214723287 42.500396582838)
20221323003,2022008454,10/08/2022,10-October,7-Saturday,12:18,1200 Hours,District 6 (East Central),IOWA CITY,JOHNSON,77,WEST JEFFERSON ST AND JEFFERSON ST AND MADISON ST,Collision with:  Vehicle in traffic,On Roadway,"Sideswipe, same direction",Improper or erratic lane changing,None Indicated,None apparent,Daylight,Dry,Clear,None apparent,Non-intersection:  Non-junction/no special feature,Paved,N/A,Property Damage Only,0,0,0,0,0,0,9500,2,2,Northbound (NB),POINT (-91.537671017767 41.662500249965)
20221323041,C22003945,10/08/2022,10-October,7-Saturday,15:07,1500 Hours,District 6 (East Central),CORALVILLE,JOHNSON,US 6,2400 BLK 2ND ST,Collision with:  Vehicle in traffic,On Roadway,Rear-end (front to rear),Lost Control,None Indicated,None apparent,Daylight,Dry,Clear,None apparent,Non-intersection:  Non-junction/no special feature,Paved,N/A,Property Damage Only,0,0,0,0,0,0,3700,3,5,Southbound (SB),POINT (-91.601308526792 41.684548622669)
20221323169,2022-37570,10/09/2022,10-October,1-Sunday,16:53,1600 Hours,District 6 (East Central),,SCOTT,77,249TH AVE AND GREAT RIVER RD,Collision with:  Animal,Unknown,N/A,Animal,None Indicated,N/A,N/A,N/A,N/A,N/A,N/A,Paved,N/A,Property Damage Only,0,0,0,0,0,0,2000,1,2,Northbound (NB),POINT (-90.417618578509 41.570690663769)
20221327114,22-007047,10/10/2022,10-October,2-Monday,08:24,0800 Hours,District 4 (Southwest),PERRY,DALLAS,77,2300 BLK OF OTLEY AVE,Collision with:  Vehicle in traffic,On Roadway,Broadside (front to side),Passing:  Other passing (explain in narrative),None Indicated,None apparent,Daylight,Dry,Clear,None apparent,"Non-intersection:  Driveway access (related, not in)",Paved,N/A,Property Damage Only,0,0,0,0,0,0,5000,2,2,Southbound (SB),POINT (-94.090429485983 41.837347006426)
20221323517,22-13029,10/10/2022,10-October,2-Monday,20:45,2000 Hours,District 3 (Northwest),,SIOUX,77,400TH ST MEASURING 129 FEET EAST FROM INDIAN AVE,Collision with:  Vehicle in traffic,On Roadway,Rear-end (front to rear),Followed too close,None Indicated,None apparent,Dark - roadway not lighted,Dry,Clear,None apparent,Intersection:  Four-way intersection,Paved,N/A,Minor Injury,0,1,0,1,0,0,20500,2,2,Southbound (SB),POINT (-96.095810679421 43.070299294262)
20221323724,VPD22-003660,10/11/2022,10-October,3-Tuesday,08:40,0800 Hours,District 6 (East Central),VINTON,BENTON,77,400 BLK EAST 3RD ST,Collision with:  Parked motor vehicle,On Roadway,Rear-end (front to rear),Driver Distraction:  Inattentive/lost in thought,None Indicated,None apparent,Daylight,Dry,Clear,None apparent,Non-intersection:  Non-junction/no special feature,Paved,N/A,Property Damage Only,0,0,0,0,0,0,3000,2,2,Southbound (SB),POINT (-92.019782358895 42.168636692109)
20221323636,22-7424,10/11/2022,10-October,3-Tuesday,15:13,1500 Hours,District 1 (Central),,POLK,77,655 NE 46TH AVE,Collision with:  Vehicle in traffic,On Roadway,Head-on (front to front),Made improper turn,None Indicated,None apparent,Daylight,Dry,Clear,None apparent,Non-intersection:  Non-junction/no special feature,Paved,N/A,Property Damage Only,0,0,0,0,0,0,23500,2,3,Southbound (SB),POINT (-93.611039521838 41.644040605146)
20221323849,202202613,10/12/2022,10-October,4-Wednesday,20:23,2000 Hours,District 6 (East Central),,LINN,77,VERNON VALLEY DR AND MOUNT VERNON RD,Collision with:  Vehicle in traffic,On Roadway,"Angle, oncoming left turn",FTYROW:  Making left turn,None Indicated,None apparent,Dark - roadway not lighted,Dry,Clear,None apparent,"Non-intersection:  Driveway access (related, not in)",Paved,N/A,Property Damage Only,0,0,0,0,0,0,7000,2,4,Northbound (NB),POINT (-91.554003925751 41.976164622976)
20221394185,CLP22003051,10/13/2022,10-October,5-Thursday,17:52,1700 Hours,District 6 (East Central),CLINTON,CLINTON,77,25TH AVE NORTH,Collision with:  Vehicle in traffic,On Roadway,Rear-end (front to rear),Other (explain in narrative):  Other,None Indicated,None apparent,Dark - roadway lighted,Dry,Clear,None apparent,Non-intersection:  Non-junction/no special feature,Paved,N/A,Property Damage Only,0,0,0,0,0,0,4000,2,3,Southbound (SB),POINT (-90.18291541185 41.874643937041)
20221324172,SOP202200970,10/13/2022,10-October,5-Thursday,06:50,0600 Hours,District 6 (East Central),,IOWA,77,1900 BLOCK OF A AVE,Collision with:  Animal,Unknown,N/A,Animal,None Indicated,N/A,N/A,N/A,N/A,N/A,N/A,Paved,N/A,Property Damage Only,0,0,0,0,0,0,1500,1,1,Northbound (NB),POINT (-92.28862706782 41.717771929915)
20221324531,22-15864,10/14/2022,10-October,6-Friday,08:00,0800 Hours,District 3 (Northwest),SPIRIT LAKE,DICKINSON,US 71,US 71 N AND PEORIA AVE,Collision with fixed object:  Traffic signal support,On Roadway,Non-collision (single vehicle),Other (explain in narrative):  Other,None Indicated,None apparent,Daylight,Dry,Clear,None apparent,Intersection:  Four-way intersection,Paved,N/A,Property Damage Only,0,0,0,0,0,0,5000,1,1,Northbound (NB),POINT (-95.111909050699 43.422602142384)
20221324132,22SC29132,10/14/2022,10-October,6-Friday,08:16,0800 Hours,District 3 (Northwest),SIOUX CITY,WOODBURY,77,SERGEANT RD,Collision with:  Vehicle in traffic,On Roadway,Broadside (front to side),Other (explain in narrative):  Other,None Indicated,Glare,Daylight,Dry,Clear,None apparent,"Non-intersection:  Driveway access (related, not in)",Paved,N/A,Possible/Unknown,0,1,0,0,1,0,16000,2,2,Eastbound (EB),POINT (-96.350358390681 42.448042150202)
20221324261,2022-007155,10/15/2022,10-October,7-Saturday,11:11,1100 Hours,District 6 (East Central),DUBUQUE,DUBUQUE,77,WHITE ST MEASURING 118 FEET SOUTH FROM EAST 14TH ST,Collision with:  Vehicle in traffic,On Roadway,"Sideswipe, same direction",Improper or erratic lane changing,None Indicated,None apparent,Daylight,Dry,Clear,None apparent,Non-intersection:  Non-junction/no special feature,Paved,N/A,Property Damage Only,0,0,0,0,0,0,14671,2,5,Northbound (NB),POINT (-90.666596518512 42.506362414674)
20221324383,22-7538,10/16/2022,10-October,1-Sunday,10:01,1000 Hours,District 1 (Central),GRIMES,POLK,77,SE GATEWAY DR,Collision with:  Vehicle in traffic,On Roadway,"Angle, oncoming left turn",FTYROW:  Making left turn,None Indicated,None apparent,Daylight,Dry,Clear,None apparent,Intersection:  Four-way intersection,Paved,N/A,Property Damage Only,0,0,0,0,0,0,8500,2,4,Northbound (NB),POINT (-93.780373458471 41.688645644033)
20221324588,2022-007213,10/17/2022,10-October,2-Monday,10:45,1000 Hours,District 6 (East Central),DUBUQUE,DUBUQUE,77,ASBURY RD AND UNIVERSITY AVE,Collision with:  Vehicle in traffic,On Roadway,Head-on (front to front),FTYROW:  Making left turn,None Indicated,None apparent,Daylight,Dry,Cloudy,None apparent,Intersection:  T-intersection,Paved,N/A,Property Damage Only,0,0,0,0,0,0,2000,2,4,Southbound (SB),POINT (-90.696307590459 42.499678579682)
20221325823,2022-71218,10/17/2022,10-October,2-Monday,15:17,1500 Hours,District 6 (East Central),DAVENPORT,SCOTT,77,MAIN ST AND WEST 8TH ST,Collision with:  Vehicle in traffic,On Roadway,Broadside (front to side),FTYROW:  From stop sign,None Indicated,None apparent,Daylight,Dry,Cloudy,None apparent,Intersection:  Four-way intersection,Paved,N/A,Minor Injury,0,1,0,1,0,0,30000,2,2,Northbound (NB),POINT (-90.57559864179 41.528154746772)
20221324850,2022007247,10/18/2022,10-October,3-Tuesday,17:05,1700 Hours,District 6 (East Central),DUBUQUE,DUBUQUE,77,PERU RD,Collision with:  Non-motorist (see non-motorist section - NOT a unit),On Roadway,Non-collision (single vehicle),FTYROW:  From stop sign,None Indicated,None apparent,Daylight,Dry,Clear,None apparent,Intersection:  T-intersection,Paved,N/A,Possible/Unknown,0,1,0,0,1,0,500,1,1,Northbound (NB),POINT (-90.675638810144 42.536578581212)
20221326068,2022-007281,10/19/2022,10-October,4-Wednesday,20:01,2000 Hours,District 6 (East Central),DUBUQUE,DUBUQUE,US 20,US 20 W MEASURING 270 FEET WEST FROM DEVON DR,Collision with:  Vehicle in traffic,On Roadway,"Sideswipe, same direction",Improper or erratic lane changing,None Indicated,None apparent,Dark - roadway lighted,Dry,Clear,None apparent,Non-intersection:  Non-junction/no special feature,Paved,N/A,Property Damage Only,0,0,0,0,0,0,1900,2,2,Westbound (WB),POINT (-90.702300341551 42.491559147214)
20221325650,202214751,10/19/2022,10-October,4-Wednesday,08:50,0800 Hours,District 6 (East Central),CEDAR RAPIDS,LINN,77,BOYSON RD NE AND BRENTWOOD DR NE,Collision with:  Vehicle in traffic,On Roadway,Rear-end (front to rear),Other (explain in narrative):  Other,None Indicated,None apparent,Daylight,Dry,Clear,None apparent,Intersection:  Four-way intersection,Paved,N/A,Property Damage Only,0,0,0,0,0,0,8000,2,2,Southbound (SB),POINT (-91.624640235206 42.043815027828)
20221325297,20220029092,10/20/2022,10-October,5-Thursday,23:00,2300 Hours,District 1 (Central),DES MOINES,POLK,77,BUCHANAN ST MEASURING 78 FEET EAST FROM EAST 12TH ST,Collision with fixed object:  Curb/island/raised median,On Roadway,Non-collision (single vehicle),Exceeded authorized speed,None Indicated,None apparent,Dark - roadway lighted,Dry,Clear,None apparent,Intersection:  Roundabout,Paved,N/A,Minor Injury,0,1,0,1,0,0,3100,1,1,Southbound (SB),POINT (-93.603668523335 41.597908623604)
20221325432,2022-39187,10/21/2022,10-October,6-Friday,16:13,1600 Hours,District 6 (East Central),,SCOTT,77,27275 115 AVE,Collision with:  Vehicle in traffic,On Roadway,Rear-end (front to rear),Ran off road - right,None Indicated,None apparent,Daylight,Dry,Clear,None apparent,Non-intersection:  Non-junction/no special feature,Paved,N/A,Possible/Unknown,0,1,0,0,1,0,6000,2,6,Northbound (NB),POINT (-90.675381988092 41.70238224462)
20221325824,2022-72210,10/21/2022,10-October,6-Friday,18:03,1800 Hours,District 6 (East Central),DAVENPORT,SCOTT,77,EASTERN AVE and VETRANS MEMORIAL PARKWAY,Collision with fixed object:  Landscape/shrubbery,Outside trafficway,Non-collision (single vehicle),Other (explain in narrative):  Other,None Indicated,None apparent,Dusk,Dry,Clear,None apparent,Non-intersection:  Driveway access (within),Paved,N/A,Property Damage Only,0,0,0,0,0,0,3000,1,1,Westbound (WB),POINT (-90.551301558856 41.590774257353)
20221325370,2022-02706,10/21/2022,10-October,6-Friday,18:55,1800 Hours,District 6 (East Central),,LINN,77,MIDWAY RD,Collision with:  Animal,Unknown,N/A,Animal,None Indicated,N/A,N/A,N/A,N/A,N/A,N/A,Unpaved,N/A,Property Damage Only,0,0,0,0,0,0,2000,1,1,Southbound (SB),POINT (-91.732471986092 42.106083549643)
20221329288,22-009241,10/22/2022,10-October,7-Saturday,15:33,1500 Hours,District 6 (East Central),,BENTON,77,56 ST TRAIL AND 32 AVE,Non-collision events:  Overturn/rollover,On Roadway,Broadside (front to side),Ran Stop Sign,None Indicated,None apparent,Daylight,Dry,Clear,None apparent,Intersection:  Four-way intersection,Paved,N/A,Major Injury,0,2,1,0,1,0,85000,2,3,Northbound (NB),POINT (-91.871825241209 42.203544993676)
20221325676,22SC30065,10/23/2022,10-October,1-Sunday,19:26,1900 Hours,District 3 (Northwest),SIOUX CITY,WOODBURY,77,JACKSON ST AND 17TH ST,Collision with:  Vehicle in traffic,On Roadway,Broadside (front to side),FTYROW:  From stop sign,None Indicated,None apparent,Dark - roadway not lighted,Dry,Clear,None apparent,Intersection:  Four-way intersection,Paved,N/A,Property Damage Only,0,0,0,0,0,0,1600,2,2,Southbound (SB),POINT (-96.402115592937 42.508124726508)
20221325536,22-011321,10/23/2022,10-October,1-Sunday,13:00,1300 Hours,District 4 (Southwest),COUNCIL BLUFFS,POTTAWATTAMIE,77,SOUTH 1ST ST AND EAST BRDWAY AND WEST BRDWAY,Collision with:  Vehicle in traffic,On Roadway,"Angle, oncoming left turn",FTYROW:  Making left turn,None Indicated,None apparent,Daylight,Dry,Clear,None apparent,Intersection:  Four-way intersection,Paved,N/A,Property Damage Only,0,0,0,0,0,0,13000,2,3,Southbound (SB),POINT (-95.843735847781 41.263343520561)
20221325878,20220029452,10/24/2022,10-October,2-Monday,13:39,1300 Hours,District 1 (Central),DES MOINES,POLK,77,SW 2ND ST AND MLK JR PKWY,Collision with:  Vehicle in traffic,On Roadway,"Sideswipe, same direction",Driver Distraction:  Other interior distraction,None Indicated,None apparent,Daylight,Wet,Rain,None apparent,Intersection:  Four-way intersection,Paved,N/A,Property Damage Only,0,0,0,0,0,0,10000,2,2,Northbound (NB),POINT (-93.617869106618 41.582106524176)
20221325897,22-014387,10/24/2022,10-October,2-Monday,15:44,1500 Hours,District 2 (Northeast),CHARLES CITY,FLOYD,77,E ST AND 13TH AVE,Collision with:  Vehicle in traffic,On Roadway,Broadside (front to side),FTYROW:  From stop sign,None Indicated,None apparent,Daylight,Wet,Rain,None apparent,Intersection:  Four-way intersection,Paved,N/A,Property Damage Only,0,0,0,0,0,0,7500,2,2,Southbound (SB),POINT (-92.666386785371 43.075400951466)
20221327906,2209819,10/25/2022,10-October,3-Tuesday,15:31,1500 Hours,District 5 (Southeast),PELLA,MARION,77,ROOSEVELT RD AND SOUTH CLARK ST,Collision with:  Vehicle in traffic,On Roadway,Rear-end (front to rear),Followed too close,None Indicated,None apparent,Daylight,Dry,Clear,None apparent,Non-intersection:  Non-junction/no special feature,Paved,N/A,Property Damage Only,0,0,0,0,0,0,2600,2,3,Southbound (SB),POINT (-92.912753263555 41.391460100502)
20221326543,S22-08267,10/26/2022,10-October,4-Wednesday,12:44,1200 Hours,District 1 (Central),,BOONE,IA-17,IA 17 N,Collision with:  Vehicle in traffic,On Roadway,Head-on (front to front),Made improper turn,None Indicated,None apparent,Daylight,Dry,Clear,None apparent,Intersection:  Four-way intersection,Paved,N/A,Major Injury,0,3,2,1,0,0,25500,2,3,Northbound (NB),POINT (-93.795851064304 42.078153719936)
20221326382,2022026353,10/26/2022,10-October,4-Wednesday,10:49,1000 Hours,District 6 (East Central),DAVENPORT,SCOTT,I-280,I 280 WB AT I 80,Collision with:  Vehicle in traffic,On Roadway,"Sideswipe, same direction",Improper or erratic lane changing,None Indicated,None apparent,Daylight,Dry,Clear,None apparent,Interchange-related:  On-ramp merge area,Paved,N/A,Possible/Unknown,0,1,0,0,1,0,3000,2,2,Westbound (WB),POINT (-90.678251814371 41.602848188046)
20221326463,22-05944,10/27/2022,10-October,5-Thursday,15:16,1500 Hours,District 1 (Central),WEST DES MOINES,POLK,77,RACCOON RIVER DR AND GRAND AVE,Collision with:  Vehicle in traffic,On Roadway,Rear-end (front to rear),FTYROW:  Other (explain in narrative),None Indicated,None apparent,Daylight,Dry,Clear,None apparent,Intersection:  Four-way intersection,Paved,N/A,Possible/Unknown,0,1,0,0,1,0,2300,2,2,Southbound (SB),POINT (-93.786194855024 41.539861512167)
20221326565,22013208,10/27/2022,10-October,5-Thursday,07:04,0700 Hours,District 3 (Northwest),,PLYMOUTH,US 75,US 75 N MEASURING 5438 FEET NORTH FROM JADE AVE,Non-collision events:  Overturn/rollover,On Roadway,Non-collision (single vehicle),Ran off road - right,None Indicated,None apparent,Dark - roadway not lighted,Dry,Cloudy,None apparent,Non-intersection:  Non-junction/no special feature,Paved,N/A,Possible/Unknown,0,1,0,0,1,0,4500,1,1,Northbound (NB),POINT (-96.254632945621 42.705936975606)
20221327099,22033992,10/28/2022,10-October,6-Friday,17:43,1700 Hours,District 5 (Southeast),,LEE,77,3500 BLOCK RIVER RD,Collision with fixed object:  Ditch,On Roadway,Non-collision (single vehicle),Swerving/Evasive Action,None Indicated,None apparent,Daylight,Dry,Clear,None apparent,Non-intersection:  Non-junction/no special feature,Paved,N/A,Possible/Unknown,0,1,0,0,1,0,5000,1,1,Northbound (NB),POINT (-91.389836062875 40.445318492947)
20221327186,S22-087070,10/28/2022,10-October,6-Friday,20:24,2000 Hours,District 2 (Northeast),,BLACK HAWK,77,BRANDON RD,Non-collision events:  Other non-collision (explain in narrative),On Roadway,Non-collision (single vehicle),Ran Stop Sign,None Indicated,None apparent,Dark - roadway not lighted,Dry,Clear,None apparent,Intersection:  T-intersection,Paved,N/A,Minor Injury,0,1,0,1,0,0,10000,1,1,Southbound (SB),POINT (-92.065087622726 42.340825167218)
20221326788,22-005352,10/29/2022,10-October,7-Saturday,14:02,1400 Hours,District 1 (Central),ANKENY,POLK,77,NE HAYES DR AND EAST 1ST ST,Collision with:  Vehicle in traffic,On Roadway,Broadside (front to side),Ran Stop Sign,None Indicated,None apparent,Daylight,Dry,Clear,None apparent,Intersection:  T-intersection,Paved,N/A,Property Damage Only,0,0,0,0,0,0,10000,2,3,Southbound (SB),POINT (-93.584167223207 41.731873476278)
20221327209,202215351,10/29/2022,10-October,7-Saturday,22:13,2200 Hours,District 6 (East Central),CEDAR RAPIDS,LINN,77,1800 BLK 1ST AVE WEST,Collision with:  Vehicle in traffic,On Roadway,Rear-end (front to rear),Exceeded authorized speed,None Indicated,None apparent,Dark - roadway lighted,Dry,Clear,None apparent,Non-intersection:  Non-junction/no special feature,Paved,N/A,Property Damage Only,0,0,0,0,0,0,2500,2,4,Southbound (SB),POINT (-91.698611774613 41.970879223571)
20221327726,202215371,10/30/2022,10-October,1-Sunday,12:50,1200 Hours,District 6 (East Central),CEDAR RAPIDS,LINN,77,16TH AVE SW,Collision with:  Vehicle in traffic,Median,"Angle, oncoming left turn",FTYROW:  Making left turn,None Indicated,None apparent,Daylight,Dry,Cloudy,None apparent,"Non-intersection:  Driveway access (related, not in)",Paved,N/A,Property Damage Only,0,0,0,0,0,0,2000,2,2,Southbound (SB),POINT (-91.698697584384 41.962513185598)
20221327138,S22-08395,10/31/2022,10-October,2-Monday,07:48,0700 Hours,District 1 (Central),,BOONE,77,NATURE RD,Collision with:  Animal,Unknown,N/A,Animal,None Indicated,N/A,N/A,N/A,N/A,N/A,N/A,Paved,N/A,Property Damage Only,0,0,0,0,0,0,5000,1,1,Northbound (NB),POINT (-93.931457743713 42.198700573597)
20221327444,2022026889,10/31/2022,10-October,2-Monday,20:00,2000 Hours,District 5 (Southeast),,WARREN,I-35,I 35 SB MM 63.75,Collision with:  Animal,On Roadway,Non-collision (single vehicle),Animal,None Indicated,None apparent,Dark - roadway not lighted,Dry,Cloudy,None apparent,Non-intersection:  Non-junction/no special feature,Paved,N/A,Property Damage Only,0,0,0,0,0,0,2500,1,1,Eastbound (EB),POINT (-93.780124983565 41.446703686344)
20221327476,22-005409,11/01/2022,11-November,3-Tuesday,22:25,2200 Hours,District 1 (Central),,POLK,US 69,3300 BLK S ANKENY BLVD,Collision with:  Animal,On Roadway,Non-collision (single vehicle),Animal,None Indicated,Animal in roadway,Dark - roadway lighted,Dry,Clear,None apparent,Non-intersection:  Non-junction/no special feature,Paved,N/A,Property Damage Only,0,0,0,0,0,0,30000,1,1,Northbound (NB),POINT (-93.600625975282 41.69415711923)
20221327952,CFS2211526,11/01/2022,11-November,3-Tuesday,21:50,2100 Hours,District 2 (Northeast),,WINNESHIEK,77,COUNTY RD W14,Collision with:  Animal,Unknown,N/A,Animal,None Indicated,N/A,N/A,N/A,N/A,N/A,N/A,Paved,N/A,Property Damage Only,0,0,0,0,0,0,6500,1,1,Northbound (NB),POINT (-91.928638178952 43.122217539351)
20221328315,2022027055,11/02/2022,11-November,4-Wednesday,09:30,0900 Hours,District 6 (East Central),CORALVILLE,JOHNSON,I-80,WB INTERSTATE 80 @ 242MM,Collision with:  Vehicle in traffic,On Roadway,Rear-end (front to rear),Lost Control,None Indicated,None apparent,Daylight,Dry,Clear,None apparent,Non-intersection:  Non-junction/no special feature,Paved,N/A,Minor Injury,0,2,0,1,1,0,23000,2,2,Southbound (SB),POINT (-91.577039990521 41.687727295289)
20221329946,202215550,11/02/2022,11-November,4-Wednesday,15:12,1500 Hours,District 6 (East Central),CEDAR RAPIDS,LINN,77,6TH ST SW AND 15TH AVE SW,Collision with:  Non-motorist (see non-motorist section - NOT a unit),On Roadway,Non-collision (single vehicle),Other (explain in narrative):  No improper action,None Indicated,None apparent,Daylight,Dry,Clear,None apparent,Non-intersection:  Bike lanes,Paved,N/A,Minor Injury,0,1,0,1,0,0,500,1,1,Westbound (WB),POINT (-91.677053914593 41.962851206462)
20221328083,22088666,11/03/2022,11-November,5-Thursday,10:38,1000 Hours,District 2 (Northeast),CEDAR FALLS,BLACK HAWK,77,HUDSON RD AND 18TH ST,Collision with:  Vehicle in traffic,On Roadway,Broadside (front to side),Ran Traffic Signal,None Indicated,None apparent,Daylight,Dry,Clear,None apparent,Intersection:  Four-way intersection,Paved,N/A,Possible/Unknown,0,2,0,0,2,0,15000,2,2,Southbound (SB),POINT (-92.465527915638 42.522231225283)
20221328190,202202863,11/04/2022,11-November,6-Friday,18:00,1800 Hours,District 6 (East Central),,LINN,77,NORTH CENTER POINT RD AND OLIPHANT LANE,Collision with:  Animal,Unknown,N/A,Animal,None Indicated,N/A,N/A,N/A,N/A,N/A,N/A,Paved,N/A,Property Damage Only,0,0,0,0,0,0,10000,1,1,Northbound (NB),POINT (-91.722018486963 42.132157765994)
20221328037,2022-01322,11/04/2022,11-November,6-Friday,07:59,0700 Hours,District 4 (Southwest),WAUKEE,DALLAS,77,SE LA GRANT PARKWAY,Collision with:  Vehicle in traffic,On Roadway,Rear-end (front to rear),Followed too close,None Indicated,None apparent,Daylight,Wet,Rain,None apparent,Non-intersection:  Non-junction/no special feature,Paved,N/A,Property Damage Only,0,0,0,0,0,0,1700,2,2,Northbound (NB),POINT (-93.866242732862 41.589249452905)
20221328621,22-14099,11/04/2022,11-November,6-Friday,17:36,1700 Hours,District 3 (Northwest),,SIOUX,US 75,IA 10 E AND US 75 N,Collision with:  Vehicle in traffic,On Roadway,Broadside (front to side),FTYROW:  From stop sign,None Indicated,None apparent,Daylight,Dry,Clear,None apparent,Intersection:  Other intersection (explain in narrative),Paved,N/A,Property Damage Only,0,0,0,0,0,0,18000,2,3,Northbound (NB),POINT (-96.175508245739 42.99711629165)
20221332388,202215697,11/05/2022,11-November,7-Saturday,11:45,1100 Hours,District 6 (East Central),CEDAR RAPIDS,LINN,77,EDGEWOOD RD SW / 18TH AVE SW,Collision with:  Vehicle in traffic,On Roadway,Broadside (front to side),FTYROW:  From stop sign,None Indicated,None apparent,Daylight,Wet,Cloudy,None apparent,Intersection:  T-intersection,Paved,N/A,Possible/Unknown,0,1,0,0,1,0,5000,2,3,Northbound (NB),POINT (-91.71604723076 41.962069094096)
20221328751,22011286,11/05/2022,11-November,7-Saturday,19:54,1900 Hours,District 5 (Southeast),,APPANOOSE,77,550TH ST,Collision with:  Animal,Unknown,N/A,Animal,None Indicated,N/A,N/A,N/A,N/A,N/A,N/A,Unpaved,N/A,Property Damage Only,0,0,0,0,0,0,1700,1,1,Southbound (SB),POINT (-92.936879251563 40.681793366823)
20221328547,CFS2211756,11/06/2022,11-November,1-Sunday,19:15,1900 Hours,District 2 (Northeast),,WINNESHIEK,IA-9,IA 9 E,Collision with:  Animal,On Roadway,Non-collision (single vehicle),Animal,None Indicated,Animal in roadway,N/A,N/A,N/A,None apparent,Non-intersection:  Non-junction/no special feature,Paved,N/A,Property Damage Only,0,0,0,0,0,0,8000,1,3,Southbound (SB),POINT (-91.677255712139 43.240988064237)
20221328780,2022-003451,11/06/2022,11-November,1-Sunday,13:57,1300 Hours,District 6 (East Central),,DUBUQUE,77,BALLTOWN RD,Collision with:  Animal,Unknown,N/A,Animal,None Indicated,N/A,N/A,N/A,N/A,N/A,N/A,Paved,N/A,Property Damage Only,0,0,0,0,0,0,5000,1,3,Southbound (SB),POINT (-90.825460095537 42.63404842467)
20221328771,202202890,11/07/2022,11-November,2-Monday,18:24,1800 Hours,District 6 (East Central),SPRINGVILLE,LINN,US 151,US 151 N AND WENDLING LANE,Collision with:  Animal,Unknown,N/A,Animal,None Indicated,N/A,N/A,N/A,N/A,N/A,N/A,Paved,N/A,Property Damage Only,0,0,0,0,0,0,5000,1,3,Northbound (NB),POINT (-91.456345009756 42.049663083514)
20221365482,225059,11/08/2022,11-November,3-Tuesday,18:00,1800 Hours,District 3 (Northwest),,CRAWFORD,77,S AVE,Collision with:  Animal,On Roadway,Non-collision (single vehicle),Animal,None Indicated,Animal in roadway,N/A,N/A,N/A,N/A,N/A,Paved,N/A,Property Damage Only,0,0,0,0,0,0,3500,1,2,Southbound (SB),POINT (-95.256154824603 41.951641853626)
20221329601,22-36559,11/08/2022,11-November,3-Tuesday,17:01,1700 Hours,District 5 (Southeast),BURLINGTON,DES MOINES,77,WEST AVE AND WILLOW AVE,Collision with:  Vehicle in traffic,On Roadway,Rear-end (front to rear),Driver Distraction:  Reaching for object(s)/fallen object(s),None Indicated,None apparent,Dusk,Dry,Clear,None apparent,Non-intersection:  Non-junction/no special feature,Paved,N/A,Property Damage Only,0,0,0,0,0,0,5500,2,2,Southbound (SB),POINT (-91.135566363128 40.800360755187)
20221328958,22-06197,11/08/2022,11-November,3-Tuesday,17:37,1700 Hours,District 1 (Central),WEST DES MOINES,POLK,I-235,2600 I 235 E,Collision with:  Vehicle in traffic,On Roadway,Rear-end (front to rear),Followed too close,None Indicated,None apparent,Dark - roadway lighted,Dry,Clear,None apparent,Non-intersection:  Non-junction/no special feature,Paved,N/A,Property Damage Only,0,0,0,0,0,0,5000,4,4,Southbound (SB),POINT (-93.740674740227 41.592423836953)
20221330434,20224213,11/09/2022,11-November,4-Wednesday,17:35,1700 Hours,District 1 (Central),,GRUNDY,77,E AVE AND IA 175 E,Collision with:  Animal,Unknown,N/A,Animal,None Indicated,N/A,N/A,N/A,N/A,N/A,N/A,Paved,N/A,Property Damage Only,0,0,0,0,0,0,7500,1,1,Northbound (NB),POINT (-92.944182108361 42.353935474436)
20221329728,2022027846,11/10/2022,11-November,5-Thursday,16:55,1600 Hours,District 2 (Northeast),,CLAYTON,77,7267 FEET WEST OF C1X ON GARBER ROAD,Collision with:  Animal,Unknown,N/A,Animal,None Indicated,N/A,N/A,N/A,N/A,N/A,N/A,Paved,N/A,Property Damage Only,0,0,0,0,0,0,5000,1,1,Southbound (SB),POINT (-91.196106138795 42.78413732313)
20221329303,20220031217,11/10/2022,11-November,5-Thursday,10:19,1000 Hours,District 1 (Central),DES MOINES,POLK,77,GRAND AVE AND 7TH ST,Collision with:  Vehicle in traffic,On Roadway,Broadside (front to side),Ran Traffic Signal,None Indicated,None apparent,Daylight,Dry,Cloudy,None apparent,Intersection:  Four-way intersection,Paved,N/A,Property Damage Only,0,0,0,0,0,0,10000,2,2,Westbound (WB),POINT (-93.626522800532 41.587509083413)
20221329868,22-36758,11/10/2022,11-November,5-Thursday,08:00,0800 Hours,District 5 (Southeast),,DES MOINES,US 61,US 61 N MEASURING 3702 FEET NORTH FROM SUMMER ST,Collision with:  Animal,Unknown,N/A,Animal,None Indicated,N/A,N/A,N/A,N/A,N/A,N/A,Paved,N/A,Property Damage Only,0,0,0,0,0,0,3000,1,1,Northbound (NB),POINT (-91.156362167919 40.747070993966)