Iowa DOT Case Number,Law Enforcement Case Number,Date of Crash,Month of Crash,Day of Week,Time of Crash,Hour,DOT District,City Name,County Name,Route with System,Location Description,First Harmful Event,Location of First Harmful Event,Manner of Crash/Collision,Major Cause,Drug or Alcohol ,Environmental Conditions,Light Conditions,Surface Conditions,Weather Conditions,Roadway Contribution,Roadway Type,Roadway Surface,Work Zone,Crash Severity,Number of Fatalities,Number of Injuries,Number of Major Injuries,Number of Minor Injuries,Number of Possible Injuries,Number of Unknown Injuries,Amount of Property Damage,Number of Vehicles Involved,Total Number of Occupants,Travel Direction,Location
20221329722,22008272,11/11/2022,11-November,6-Friday,11:39,1100 Hours,District 3 (Northwest),SHELDON,OBRIEN,77,4TH AVE,Collision with:  Vehicle in traffic,On Roadway,Broadside (front to side),Lost Control,None Indicated,None apparent,Daylight,Dry,Cloudy,None apparent,Non-intersection:  Alley,Paved,N/A,Minor Injury,0,1,0,1,0,0,63500,3,1,Northbound (NB),POINT (-95.852331082031 43.183493730304)
20221330230,225123,11/12/2022,11-November,7-Saturday,20:20,2000 Hours,District 3 (Northwest),DENISON,CRAWFORD,77,2ND AVE SOUTH,Collision with:  Vehicle in traffic,On Roadway,Unknown,Other (explain in narrative):  Other,None Indicated,None apparent,Dark - roadway lighted,Dry,Clear,None apparent,Non-intersection:  Non-junction/no special feature,Paved,N/A,Property Damage Only,0,0,0,0,0,0,3500,2,1,Southbound (SB),POINT (-95.346111805439 42.014509257888)
20221330764,22-019814,11/12/2022,11-November,7-Saturday,21:56,2100 Hours,District 2 (Northeast),,BREMER,IA-3,IA 3 E,Collision with:  Animal,Unknown,N/A,Animal,None Indicated,N/A,N/A,N/A,N/A,N/A,N/A,Paved,N/A,Property Damage Only,0,0,0,0,0,0,5000,1,1,Southbound (SB),POINT (-92.385326774432 42.715018293292)
20221329804,2022009745,11/13/2022,11-November,1-Sunday,00:26,0000 Hours,District 6 (East Central),IOWA CITY,JOHNSON,US 6,US 6 E,Collision with fixed object:  Utility pole/light support,On Roadway,Non-collision (single vehicle),Exceeded authorized speed,Under Influence of Alcohol/Drugs/Medications,None apparent,Dark - roadway lighted,Dry,Clear,None apparent,Non-intersection:  Non-junction/no special feature,Paved,N/A,Major Injury,0,1,1,0,0,0,18000,1,1,Southbound (SB),POINT (-91.542022224339 41.662357386597)
20221329926,2210159,11/13/2022,11-November,1-Sunday,17:29,1700 Hours,District 6 (East Central),,DELAWARE,US 20,US 20 W,Collision with:  Animal,Unknown,N/A,Animal,None Indicated,N/A,N/A,N/A,N/A,N/A,N/A,Paved,N/A,Property Damage Only,0,0,0,0,0,0,8000,1,1,Westbound (WB),POINT (-91.379163239172 42.47053461404)
20221330000,22-8259,11/14/2022,11-November,2-Monday,06:36,0600 Hours,District 1 (Central),GRIMES,DALLAS,IA-44,"4300 BLK W 1ST ST, GRIMES",Collision with:  Vehicle in traffic,On Roadway,Head-on (front to front),Improper or erratic lane changing,None Indicated,None apparent,Dawn,Dry,Clear,None apparent,Non-intersection:  Non-junction/no special feature,Paved,N/A,Possible/Unknown,0,1,0,0,1,0,12500,2,2,Southbound (SB),POINT (-93.844583896814 41.688335799001)
20221330973,22-33904,11/14/2022,11-November,2-Monday,17:10,1700 Hours,District 1 (Central),NEWTON,JASPER,77,NORTH 4TH AVE EAST AND EAST 3RD ST NORTH,Collision with:  Parked motor vehicle,In parking lane/zone,Rear to side,Unknown,None Indicated,None apparent,Dusk,Dry,Clear,None apparent,Non-intersection:  Non-junction/no special feature,Paved,N/A,Property Damage Only,0,0,0,0,0,0,2000,2,3,Southbound (SB),POINT (-93.051080267122 41.702398582532)
20221330485,22023085,11/15/2022,11-November,3-Tuesday,08:29,0800 Hours,District 6 (East Central),MARION,LINN,77,10TH ST/10TH AVE,Collision with:  Vehicle in traffic,On Roadway,"Sideswipe, same direction",FTYROW:  From yield sign,None Indicated,None apparent,Daylight,Wet,Snow,None apparent,Intersection:  Roundabout,Paved,N/A,Property Damage Only,0,0,0,0,0,0,5500,2,2,Northbound (NB),POINT (-91.59931283315 42.036213558974)
20221330716,22SC32339,11/15/2022,11-November,3-Tuesday,15:00,1500 Hours,District 3 (Northwest),SIOUX CITY,WOODBURY,77,MORNINGSIDE AVE AND TRANSIT AVE AND SOUTH SAINT AUBIN ST,Collision with:  Vehicle in traffic,On Roadway,"Angle, oncoming left turn",FTYROW:  Making left turn,None Indicated,None apparent,Daylight,Dry,Cloudy,None apparent,Intersection:  Four-way intersection,Paved,N/A,Property Damage Only,0,0,0,0,0,0,10000,2,2,Westbound (WB),POINT (-96.355998761433 42.470766549724)
20221330679,22-013761,11/15/2022,11-November,3-Tuesday,16:58,1600 Hours,District 3 (Northwest),,CLAY,US 18,US 18 E,Non-collision events:  Non-contact vehicle (phantom),On Roadway,Other (explain in narrative),Lost Control,None Indicated,None apparent,Dark - roadway not lighted,Ice/frost,Freezing rain/drizzle,"Surface condition (e.g., wet, icy)",Non-intersection:  Non-junction/no special feature,Paved,N/A,Property Damage Only,0,0,0,0,0,0,8000,2,4,Southbound (SB),POINT (-95.082100534002 43.12741213047)
20221330808,22-8315,11/16/2022,11-November,4-Wednesday,07:30,0700 Hours,District 1 (Central),,POLK,77,NW BEAVER DR & NW SAYLORVILLE DR,Collision with:  Vehicle in traffic,On Roadway,Rear-end (front to rear),Driving too fast for conditions,None Indicated,Weather conditions,Daylight,Snow,Snow,"Surface condition (e.g., wet, icy)",Intersection:  Four-way intersection,Paved,N/A,Property Damage Only,0,0,0,0,0,0,3000,2,3,Northbound (NB),POINT (-93.75517841329 41.75255662219)
20221331126,22009081,11/16/2022,11-November,4-Wednesday,20:20,2000 Hours,District 1 (Central),,HAMILTON,77,VAIL AVE,Collision with fixed object:  Ditch,On Roadway,Non-collision (single vehicle),Swerving/Evasive Action,None Indicated,Weather conditions,Dark - roadway not lighted,Ice/frost,Clear,"Surface condition (e.g., wet, icy)",Non-intersection:  Non-junction/no special feature,Paved,N/A,Property Damage Only,0,0,0,0,0,0,1500,1,1,Northbound (NB),POINT (-93.5481121553 42.475354415796)
20221331131,A22-070,11/16/2022,11-November,4-Wednesday,15:07,1500 Hours,District 5 (Southeast),WINTERSET,MADISON,77,2ND ST AND WASHINGTON ST,Collision with:  Vehicle in traffic,On Roadway,Broadside (front to side),Ran Stop Sign,None Indicated,None apparent,Daylight,Dry,Clear,None apparent,Intersection:  Four-way intersection,Paved,N/A,Property Damage Only,0,0,0,0,0,0,5000,2,2,Northbound (NB),POINT (-94.012192436586 41.333482657268)
20221333078,22-009976,11/16/2022,11-November,4-Wednesday,07:54,0700 Hours,District 6 (East Central),,BENTON,77,68 ST AND 32 AVE,Collision with:  Struck/struck by object/cargo/person from other vehicle,On Roadway,Rear to side,Lost Control,None Indicated,Weather conditions,Daylight,Ice/frost,Snow,"Surface condition (e.g., wet, icy)",Non-intersection:  Non-junction/no special feature,Paved,N/A,Minor Injury,0,1,0,1,0,0,5000,2,2,Northbound (NB),POINT (-91.872663215757 42.036234181269)
20221332156,22016247,11/17/2022,11-November,5-Thursday,20:34,2000 Hours,District 6 (East Central),,CEDAR,77,GARFIELD AVE/ 320TH ST.,Collision with:  Animal,Unknown,N/A,Animal,None Indicated,N/A,N/A,N/A,N/A,N/A,N/A,Paved,N/A,Property Damage Only,0,0,0,0,0,0,3500,1,1,Northbound (NB),POINT (-91.249707750314 41.622646125617)
20221331224,22014060,11/17/2022,11-November,5-Thursday,08:35,0800 Hours,District 3 (Northwest),LE MARS,PLYMOUTH,IA-404,IA 404 N MEASURING 481 FEET NORTH FROM 6TH ST NW,Collision with fixed object:  Bridge/bridge rail parapet,On Roadway,Non-collision (single vehicle),Driving too fast for conditions,None Indicated,None apparent,Daylight,Ice/frost,Cloudy,"Surface condition (e.g., wet, icy)",Non-intersection:  Non-junction/no special feature,Paved,N/A,Property Damage Only,0,0,0,0,0,0,3000,1,4,Northbound (NB),POINT (-96.174188718503 42.800437709861)
20221331935,22-009320,11/18/2022,11-November,6-Friday,18:28,1800 Hours,District 5 (Southeast),,MONROE,77,115TH TRAIL,Non-collision events:  Overturn/rollover,On Roadway,Non-collision (single vehicle),Ran off road - straight,None Indicated,None apparent,Dark - roadway not lighted,Gravel,Clear,None apparent,Non-intersection:  Non-junction/no special feature,Unpaved,N/A,Possible/Unknown,0,1,0,0,1,0,6000,1,2,Southbound (SB),POINT (-92.880236412515 41.13973434947)
20221331703,2022028638,11/18/2022,11-November,6-Friday,19:34,1900 Hours,District 2 (Northeast),,CERRO GORDO,I-35,I 35 N 200MM,Collision with:  Animal,Unknown,N/A,Animal,None Indicated,N/A,N/A,N/A,N/A,N/A,N/A,Paved,N/A,Property Damage Only,0,0,0,0,0,0,5000,1,4,Northbound (NB),POINT (-93.348537496435 43.228997037187)
20221331829,22-010304,11/19/2022,11-November,7-Saturday,01:35,0100 Hours,District 6 (East Central),,DELAWARE,77,127TH AVE,Collision with fixed object:  Ditch,Other (explain in narrative),Non-collision (single vehicle),Ran off road - straight,None Indicated,None apparent,Dark - roadway not lighted,Snow,Clear,"Surface condition (e.g., wet, icy)",Intersection:  Other intersection (explain in narrative),Unpaved,N/A,Property Damage Only,0,0,0,0,0,0,5000,1,2,Northbound (NB),POINT (-91.55370152947 42.600677496791)
20221331847,22010359,11/20/2022,11-November,1-Sunday,21:00,2100 Hours,District 6 (East Central),,DELAWARE,US 20,US 20 E,Collision with:  Animal,Unknown,N/A,Animal,None Indicated,N/A,N/A,N/A,N/A,N/A,N/A,Paved,N/A,Property Damage Only,0,0,0,0,0,0,18000,1,2,Southbound (SB),POINT (-91.399957702778 42.470790837948)
20221338817,,11/21/2022,11-November,2-Monday,17:51,1700 Hours,District 6 (East Central),,JOHNSON,77,OAK CREST HILL RD SE measuring 2640 feet South from OAK CREST HILL RD SE,Collision with:  Animal,On Roadway,Non-collision (single vehicle),Animal,None Indicated,Animal in roadway,Dark - roadway not lighted,Dry,Clear,N/A,Non-intersection:  Non-junction/no special feature,Paved,N/A,Property Damage Only,0,0,0,0,0,0,9500,1,1,Northbound (NB),POINT (-91.541342553606 41.606235803476)
20221332031,22-8445,11/21/2022,11-November,2-Monday,16:59,1600 Hours,District 1 (Central),,POLK,I-80,I 80 E 139.5,Collision with:  Vehicle in traffic,On Roadway,Rear-end (front to rear),Followed too close,None Indicated,None apparent,Dusk,Dry,Clear,None apparent,Non-intersection:  Non-junction/no special feature,Paved,N/A,Possible/Unknown,0,1,0,0,1,0,21000,2,2,Southbound (SB),POINT (-93.545676579121 41.65642107632)
20221332172,22-090,11/22/2022,11-November,3-Tuesday,09:35,0900 Hours,District 3 (Northwest),SIOUX CENTER,SIOUX,77,WEST 1ST ST,Collision with:  Vehicle in traffic,On Roadway,Broadside (front to side),FTYROW:  Making left turn,None Indicated,None apparent,Daylight,Dry,Clear,None apparent,Non-intersection:  Driveway access (within),Paved,N/A,Property Damage Only,0,0,0,0,0,0,5500,2,2,Southbound (SB),POINT (-96.175730076614 43.077507458014)
20221332283,22023555,11/22/2022,11-November,3-Tuesday,16:21,1600 Hours,District 6 (East Central),MARION,LINN,77,7TH AVE/35TH ST,Collision with:  Vehicle in traffic,On Roadway,Broadside (front to side),Ran Traffic Signal,None Indicated,None apparent,Dusk,Dry,Clear,None apparent,Intersection:  Four-way intersection,Paved,N/A,Minor Injury,0,1,0,1,0,0,9000,2,3,Westbound (WB),POINT (-91.574176580908 42.036003071838)
20221333961,22016453,11/23/2022,11-November,4-Wednesday,00:00,0000 Hours,District 6 (East Central),,CEDAR,77,MOSCOW RD,Collision with:  Animal,Unknown,N/A,Animal,None Indicated,N/A,N/A,N/A,N/A,N/A,N/A,Paved,N/A,Property Damage Only,0,0,0,0,0,0,1500,1,1,Northbound (NB),POINT (-91.102623906476 41.604460091008)
20221332720,22-0766,11/23/2022,11-November,4-Wednesday,23:30,2300 Hours,District 1 (Central),LEHIGH,WEBSTER,77,COUNTY RD AND RIVER ST,Non-collision events:  Overturn/rollover,Outside trafficway,Non-collision (single vehicle),Ran off road - right,None Indicated,None apparent,Dark - roadway not lighted,Dry,Clear,"Shoulders (none, low, soft, high)",Non-intersection:  Non-junction/no special feature,Paved,N/A,Possible/Unknown,0,1,0,0,1,0,20000,1,1,Northbound (NB),POINT (-94.042313109759 42.346833701349)
20221332545,22-008695,11/24/2022,11-November,5-Thursday,12:34,1200 Hours,District 3 (Northwest),,POCAHONTAS,77,330TH AVE,Collision with fixed object:  Ditch,On Roadway,Non-collision (single vehicle),Ran off road - straight,None Indicated,None apparent,Daylight,Gravel,Clear,None apparent,Intersection:  Four-way intersection,Unpaved,N/A,Property Damage Only,0,0,0,0,0,0,4500,1,1,Northbound (NB),POINT (-94.462664425298 42.811590293298)
20221333340,2022029033,11/25/2022,11-November,6-Friday,01:42,0100 Hours,District 3 (Northwest),LE MARS,PLYMOUTH,77,HOLTON DR & 6TH ST SW LEMARS,Collision with:  Vehicle in traffic,On Roadway,Other (explain in narrative),Failed to yield to emergency vehicle,None Indicated,None apparent,Dark - roadway lighted,Dry,Clear,None apparent,Intersection:  T-intersection,Paved,N/A,Minor Injury,0,2,0,1,1,0,15200,2,2,Northbound (NB),POINT (-96.183652759279 42.785659738178)
20221332818,FD22-3484,11/26/2022,11-November,7-Saturday,00:20,0000 Hours,District 1 (Central),FORT DODGE,WEBSTER,77,SOUTH 15TH ST ANFD 6TH AVE S,Miscellaneous events:  Hit and run,On Roadway,Non-collision (single vehicle),Driver Distraction:  Other interior distraction,Refused,None apparent,Dark - roadway lighted,Dry,Clear,None apparent,Intersection:  Four-way intersection,Paved,N/A,Possible/Unknown,0,1,0,0,0,1,1500,1,1,Northbound (NB),POINT (-94.177577372043 42.501027770658)
20221333831,,11/26/2022,11-November,7-Saturday,09:35,0900 Hours,District 6 (East Central),DAVENPORT,SCOTT,IA-461,IA 461 N measuring 600 feet South from EAST LOCUST ST,Collision with:  Vehicle in traffic,On Roadway,Broadside (front to side),Made improper turn,None Indicated,N/A,Daylight,Dry,Clear,N/A,Non-intersection:  Other non-intersection (explain in narrative),Paved,N/A,Property Damage Only,0,0,0,0,0,0,13000,2,4,Northbound (NB),POINT (-90.574024279576 41.536605569608)
20221333906,22016630,11/27/2022,11-November,1-Sunday,17:45,1700 Hours,District 6 (East Central),,CEDAR,I-80,I 80 W,Collision with:  Struck/struck by object/cargo/person from other vehicle,On Roadway,Rear-end (front to rear),Followed too close,None Indicated,None apparent,Dark - roadway not lighted,Dry,Clear,None apparent,Non-intersection:  Non-junction/no special feature,Paved,N/A,Property Damage Only,0,0,0,0,0,0,13200,3,5,Westbound (WB),POINT (-91.117374759074 41.645196695374)
20221333261,22004478,11/28/2022,11-November,2-Monday,06:00,0600 Hours,District 1 (Central),AMES,STORY,US 30,US 30 E,Collision with:  Animal,Unknown,N/A,Animal,None Indicated,N/A,N/A,N/A,N/A,N/A,N/A,Paved,N/A,Property Damage Only,0,0,0,0,0,0,1500,1,1,Southbound (SB),POINT (-93.64741548144 42.004206742531)
20221333825,22095989,11/29/2022,11-November,3-Tuesday,16:17,1600 Hours,District 2 (Northeast),CEDAR FALLS,BLACK HAWK,77,23RD ST AND INDIANA STREET,Non-collision events:  Other non-collision (explain in narrative),On Roadway,Non-collision (single vehicle),Lost Control,None Indicated,Weather conditions,Daylight,Ice/frost,Rain,"Surface condition (e.g., wet, icy)",Non-intersection:  Non-junction/no special feature,Paved,N/A,Property Damage Only,0,0,0,0,0,0,7800,1,2,Southbound (SB),POINT (-92.463760465943 42.516783456774)
20221334246,1-22-000820,11/29/2022,11-November,3-Tuesday,09:30,0900 Hours,District 4 (Southwest),,SHELBY,77,ST F58 UNSIGNED ROUTE,Collision with fixed object:  Ditch,On Roadway,Non-collision (single vehicle),Lost Control,None Indicated,N/A,N/A,N/A,N/A,N/A,N/A,Paved,N/A,Property Damage Only,0,0,0,0,0,0,5000,1,1,Southbound (SB),POINT (-95.302133088279 41.578313034594)
20221333593,2022-28292,11/30/2022,11-November,4-Wednesday,08:37,0800 Hours,District 6 (East Central),BETTENDORF,SCOTT,77,WOODLAND DR AND CROW CREEK RD AND MIDDLE RD,Collision with:  Vehicle in traffic,On Roadway,Broadside (front to side),Made improper turn,None Indicated,None apparent,Daylight,Dry,Cloudy,None apparent,Intersection:  Four-way intersection,Paved,N/A,Property Damage Only,0,0,0,0,0,0,2300,2,9,Southbound (SB),POINT (-90.464093490163 41.568186260669)
20221333546,FD22-3533,11/30/2022,11-November,4-Wednesday,09:40,0900 Hours,District 1 (Central),FORT DODGE,WEBSTER,77,C ST AND AVE F,Collision with:  Vehicle in traffic,On Roadway,Broadside (front to side),Driving too fast for conditions,None Indicated,Weather conditions,Daylight,Snow,Clear,"Surface condition (e.g., wet, icy)",Intersection:  Four-way intersection,Paved,N/A,Property Damage Only,0,0,0,0,0,0,8500,3,2,Northbound (NB),POINT (-94.203354517443 42.495959938975)
20221333837,22027084,12/01/2022,12-December,5-Thursday,17:23,1700 Hours,District 5 (Southeast),OSKALOOSA,MAHASKA,77,NORTH H ST AND C AVE WEST,Collision with:  Vehicle in traffic,On Roadway,Head-on (front to front),FTYROW:  From stop sign,None Indicated,None apparent,Daylight,Dry,Clear,None apparent,Intersection:  Other intersection (explain in narrative),Paved,N/A,Property Damage Only,0,0,0,0,0,0,6000,2,2,Southbound (SB),POINT (-92.654471698529 41.298465560905)
20221333817,2201128802,12/01/2022,12-December,5-Thursday,15:47,1500 Hours,District 6 (East Central),GOOSE LAKE,CLINTON,IA-136,IA 136 N AND EMMA COURT MEASURING 92 FEET EAST FROM IA 136 N,Collision with:  Vehicle in traffic,On Roadway,"Sideswipe, same direction",FTYROW:  At uncontrolled intersection,None Indicated,None apparent,Dusk,Dry,Clear,None apparent,Non-intersection:  Non-junction/no special feature,Paved,N/A,Property Damage Only,0,0,0,0,0,0,6000,2,2,Northbound (NB),POINT (-90.379758692787 41.965636400173)
20221333917,22-012804,12/02/2022,12-December,6-Friday,06:53,0600 Hours,District 4 (Southwest),COUNCIL BLUFFS,POTTAWATTAMIE,77,WEST BRDWAY,Collision with:  Vehicle in traffic,On Roadway,"Sideswipe, same direction",Made improper turn,None Indicated,Visual obstruction,Dawn,Dry,Clear,None apparent,Intersection:  Other intersection (explain in narrative),Paved,N/A,Property Damage Only,0,0,0,0,0,0,4000,2,2,Southbound (SB),POINT (-95.855794911207 41.261783904418)
20221335473,22-06634,12/03/2022,12-December,7-Saturday,01:00,0100 Hours,District 1 (Central),WEST DES MOINES,POLK,77,MAPLE ST,Collision with fixed object:  Mailbox,Roadside,Non-collision (single vehicle),Ran off road - right,None Indicated,None apparent,Dark - roadway lighted,Dry,Cloudy,None apparent,Non-intersection:  Non-junction/no special feature,Paved,N/A,Property Damage Only,0,0,0,0,0,0,6000,1,1,Southbound (SB),POINT (-93.739267936272 41.573229470294)
20221352796,2022-593,12/03/2022,12-December,7-Saturday,19:19,1900 Hours,District 1 (Central),GRANGER,DALLAS,IA-141,IA 141 W,Collision with:  Vehicle in traffic,On Roadway,"Sideswipe, same direction",Improper or erratic lane changing,None Indicated,None apparent,Dark - roadway lighted,Dry,Clear,None apparent,Non-intersection:  Non-junction/no special feature,Paved,N/A,Property Damage Only,0,0,0,0,0,0,4500,1,1,Westbound (WB),POINT (-93.820150323856 41.754137764577)
20221335203,SOP202201166,12/04/2022,12-December,1-Sunday,13:30,1300 Hours,District 6 (East Central),,IOWA,US 6,2300 BLK HWY 6,Collision with:  Animal,Unknown,N/A,Animal,None Indicated,N/A,N/A,N/A,N/A,N/A,N/A,Paved,N/A,Property Damage Only,0,0,0,0,0,0,4000,1,1,Southbound (SB),POINT (-92.032038105757 41.78901505085)
20221335001,20220033545,12/05/2022,12-December,2-Monday,17:00,1700 Hours,District 1 (Central),DES MOINES,POLK,77,SW 6TH ST AND HACKLEY AVE,Collision with:  Parked motor vehicle,On Roadway,Rear to side,"Operating vehicle in an reckless, erratic, careless, negligent manner",None Indicated,None apparent,Dusk,Dry,Clear,None apparent,"Non-intersection:  Driveway access (related, not in)",Paved,N/A,Property Damage Only,0,0,0,0,0,0,1500,2,1,Southbound (SB),POINT (-93.621863267001 41.538255492539)
20221334748,CFS22112802,12/06/2022,12-December,3-Tuesday,20:31,2000 Hours,District 2 (Northeast),,WINNESHIEK,77,QUARRY HILL RD,Collision with:  Animal,On Roadway,Non-collision (single vehicle),Animal,None Indicated,Animal in roadway,N/A,N/A,N/A,None apparent,Non-intersection:  Non-junction/no special feature,Unpaved,N/A,Property Damage Only,0,0,0,0,0,0,5000,1,1,Northbound (NB),POINT (-91.773457206807 43.317896205622)
20221334869,22-006003,12/06/2022,12-December,3-Tuesday,16:50,1600 Hours,District 1 (Central),ANKENY,POLK,IA-160,200 SE ORALABOR RD,Collision with:  Vehicle in traffic,On Roadway,Rear-end (front to rear),Followed too close,None Indicated,None apparent,Dusk,Dry,Clear,None apparent,Non-intersection:  Non-junction/no special feature,Paved,N/A,Property Damage Only,0,0,0,0,0,0,2000,2,2,Southbound (SB),POINT (-93.59843514061 41.702833363919)
20221335679,22017007,12/07/2022,12-December,4-Wednesday,18:10,1800 Hours,District 6 (East Central),,CEDAR,I-80,I 80 E,Collision with:  Vehicle in traffic,On Roadway,"Sideswipe, same direction",Lost Control,None Indicated,None apparent,Dark - roadway not lighted,Dry,Clear,None apparent,Non-intersection:  Non-junction/no special feature,Paved,N/A,Property Damage Only,0,0,0,0,0,0,4000,2,2,Southbound (SB),POINT (-91.220026806964 41.660468789788)
20221336034,2022-83234,12/07/2022,12-December,4-Wednesday,18:42,1800 Hours,District 6 (East Central),DAVENPORT,SCOTT,77,MARQUETTE ST,Collision with:  Vehicle in traffic,On Roadway,"Sideswipe, same direction",Other (explain in narrative):  No improper action,None Indicated,None apparent,Dark - roadway lighted,Dry,Clear,None apparent,Non-intersection:  Non-junction/no special feature,Paved,N/A,Possible/Unknown,0,1,0,0,0,1,1500,2,4,Northbound (NB),POINT (-90.591437452114 41.535413696951)
20221335068,2212088811,12/08/2022,12-December,5-Thursday,17:50,1700 Hours,District 6 (East Central),,CLINTON,US 67,US 67 N MEASURING 1925 FEET SOUTH FROM 110TH ST,Collision with:  Animal,Unknown,N/A,Animal,None Indicated,N/A,N/A,N/A,N/A,N/A,N/A,Paved,N/A,Property Damage Only,0,0,0,0,0,0,2500,1,1,Northbound (NB),POINT (-90.182536098221 42.013302549366)
20221337131,22010923,12/09/2022,12-December,6-Friday,08:45,0800 Hours,District 6 (East Central),,DELAWARE,77,150TH ST,Collision with fixed object:  Ditch,On Roadway,Non-collision (single vehicle),Ran off road - left,None Indicated,Weather conditions,Daylight,Slush,Cloudy,"Surface condition (e.g., wet, icy)",Non-intersection:  Non-junction/no special feature,Paved,N/A,Property Damage Only,0,0,0,0,0,0,5000,1,1,Southbound (SB),POINT (-91.406619617908 42.57202487195)
20221335807,PDI20221095,12/09/2022,12-December,6-Friday,12:28,1200 Hours,District 1 (Central),GRINNELL,POWESHIEK,77,2ND AVE,Collision with:  Vehicle in traffic,On Roadway,Rear-end (front to rear),Other (explain in narrative):  Other,None Indicated,None apparent,Daylight,Wet,Cloudy,None apparent,Non-intersection:  Non-junction/no special feature,Paved,N/A,Property Damage Only,0,0,0,0,0,0,15000,2,2,Southbound (SB),POINT (-92.727323497816 41.740348583612)
20221335319,22-013116,12/10/2022,12-December,7-Saturday,05:07,0500 Hours,District 4 (Southwest),COUNCIL BLUFFS,POTTAWATTAMIE,I-29,I 29 S,Collision with:  Vehicle in traffic,On Roadway,Broadside (front to side),Lost Control,Refused,None apparent,Dark - roadway not lighted,Dry,Cloudy,None apparent,Non-intersection:  Non-junction/no special feature,Paved,N/A,Possible/Unknown,0,1,0,0,1,0,25000,2,3,Eastbound (EB),POINT (-95.823485244909 41.209713750227)
20221335670,22-026570,12/10/2022,12-December,7-Saturday,17:20,1700 Hours,District 5 (Southeast),,MARION,77,HIGHWAY T 17,Collision with:  Animal,Unknown,N/A,Animal,None Indicated,N/A,N/A,N/A,N/A,N/A,N/A,Paved,N/A,Property Damage Only,0,0,0,0,0,0,10000,1,1,Northbound (NB),POINT (-92.948224715785 41.30871887875)
20221336910,22012352,12/11/2022,12-December,1-Sunday,08:25,0800 Hours,District 5 (Southeast),,APPANOOSE,IA-2,IA 2 E,Collision with fixed object:  Ditch,On Roadway,Non-collision (single vehicle),Driver Distraction:  Other electronic device activity,Refused,None apparent,Daylight,Dry,Clear,None apparent,Non-intersection:  Non-junction/no special feature,Paved,N/A,Minor Injury,0,1,0,1,0,0,5000,1,1,Southbound (SB),POINT (-92.80945843874 40.738534236911)
20221336043,2022-84284,12/12/2022,12-December,2-Monday,15:38,1500 Hours,District 6 (East Central),DAVENPORT,SCOTT,77,WEST LOCUST ST AND MARQUETTE ST,Collision with:  Vehicle in traffic,On Roadway,Broadside (front to side),Lost Control,None Indicated,None apparent,Dark - roadway lighted,Dry,Clear,None apparent,Intersection:  T-intersection,Paved,N/A,Possible/Unknown,0,1,0,0,0,1,3000,2,2,Southbound (SB),POINT (-90.591427705393 41.538259522372)
20221335947,B22-09114,12/13/2022,12-December,3-Tuesday,20:50,2000 Hours,District 1 (Central),BOONE,BOONE,77,GREENE ST,Collision with:  Vehicle in traffic,On Roadway,Rear-end (front to rear),Driver Distraction:  Exterior distraction,None Indicated,None apparent,Dark - roadway not lighted,Wet,Cloudy,None apparent,Non-intersection:  Non-junction/no special feature,Paved,N/A,Property Damage Only,0,0,0,0,0,0,7000,2,2,Northbound (NB),POINT (-93.883417230215 42.068758763917)
20221335888,20220034286,12/13/2022,12-December,3-Tuesday,14:20,1400 Hours,District 1 (Central),DES MOINES,POLK,77,SW 8TH ST AND MURPHY ST,Collision with:  Vehicle in traffic,On Roadway,Broadside (front to side),FTYROW:  From stop sign,None Indicated,Weather conditions,Daylight,Wet,Freezing rain/drizzle,"Surface condition (e.g., wet, icy)",Non-intersection:  Crossover-related,Paved,N/A,Property Damage Only,0,0,0,0,0,0,2000,2,3,Southbound (SB),POINT (-93.624501134798 41.578161540091)
20221336056,22-5895,12/14/2022,12-December,4-Wednesday,11:00,1100 Hours,District 6 (East Central),HIAWATHA,LINN,I-380,"RAMP I 380 N TO BOYSON RD, E",Collision with:  Vehicle in traffic,On Roadway,Rear-end (front to rear),Other (explain in narrative):  Other,None Indicated,Weather conditions,Daylight,Wet,Rain,"Surface condition (e.g., wet, icy)",Non-intersection:  Non-junction/no special feature,Paved,N/A,Property Damage Only,0,0,0,0,0,0,4500,2,3,Northbound (NB),POINT (-91.683160985288 42.045942495268)
20221336410,2022-01521,12/15/2022,12-December,5-Thursday,15:09,1500 Hours,District 4 (Southwest),WAUKEE,DALLAS,77,ALICES RD,Collision with fixed object:  Traffic sign support,On Roadway,Non-collision (single vehicle),Lost Control,None Indicated,Weather conditions,Daylight,Snow,Snow,"Surface condition (e.g., wet, icy)",Non-intersection:  Non-junction/no special feature,Paved,N/A,Property Damage Only,0,0,0,0,0,0,1500,1,2,Northbound (NB),POINT (-93.852926550858 41.612128163233)
20221336350,202217694,12/15/2022,12-December,5-Thursday,20:40,2000 Hours,District 6 (East Central),CEDAR RAPIDS,LINN,77,SUGAR CREEK DR NW,Other (explain in narrative),On Roadway,Non-collision (single vehicle),Ran off road - left,None Indicated,Weather conditions,Dark - roadway lighted,Ice/frost,Clear,"Surface condition (e.g., wet, icy)",Non-intersection:  Non-junction/no special feature,Paved,N/A,Property Damage Only,0,0,0,0,0,0,2000,1,2,Northbound (NB),POINT (-91.703526081138 41.999323146652)