Iowa DOT Case Number,Law Enforcement Case Number,Date of Crash,Month of Crash,Day of Week,Time of Crash,Hour,DOT District,City Name,County Name,Route with System,Location Description,First Harmful Event,Location of First Harmful Event,Manner of Crash/Collision,Major Cause,Drug or Alcohol ,Environmental Conditions,Light Conditions,Surface Conditions,Weather Conditions,Roadway Contribution,Roadway Type,Roadway Surface,Work Zone,Crash Severity,Number of Fatalities,Number of Injuries,Number of Major Injuries,Number of Minor Injuries,Number of Possible Injuries,Number of Unknown Injuries,Amount of Property Damage,Number of Vehicles Involved,Total Number of Occupants,Travel Direction,Location
20221338971,SO22-01298,12/15/2022,12-December,5-Thursday,17:42,1700 Hours,District 1 (Central),,MARSHALL,77,2900 MILE MAIN ST RD,Collision with fixed object:  Ditch,Roadside,Non-collision (single vehicle),Ran off road - left,None Indicated,Weather conditions,Dark - roadway not lighted,Ice/frost,Freezing rain/drizzle,"Surface condition (e.g., wet, icy)",Non-intersection:  Non-junction/no special feature,Paved,N/A,Property Damage Only,0,0,0,0,0,0,6000,1,1,Southbound (SB),POINT (-92.844532076538 42.051987008732)
20221336702,CFS22056051,12/15/2022,12-December,5-Thursday,16:05,1600 Hours,District 1 (Central),,MARSHALL,US 30,US 30 E,Collision with:  Vehicle in traffic,On Roadway,Rear-end (front to rear),Driving too fast for conditions,None Indicated,Weather conditions,Dusk,Snow,Blowing snow,"Surface condition (e.g., wet, icy)",Non-intersection:  Non-junction/no special feature,Paved,N/A,Property Damage Only,0,0,0,0,0,0,6000,2,3,Southbound (SB),POINT (-92.872902938438 42.005322606111)
20221336351,202217695,12/15/2022,12-December,5-Thursday,20:50,2000 Hours,District 6 (East Central),CEDAR RAPIDS,LINN,77,2ND ST SW,Collision with:  Vehicle in traffic,On Roadway,Rear-end (front to rear),Lost Control,None Indicated,None apparent,Dark - roadway lighted,Ice/frost,Blowing snow,"Surface condition (e.g., wet, icy)",Intersection:  Four-way intersection,Paved,N/A,Possible/Unknown,0,1,0,0,1,0,2000,2,2,Northbound (NB),POINT (-91.670064765663 41.969336153724)
20221336763,22100385,12/15/2022,12-December,5-Thursday,15:58,1500 Hours,District 2 (Northeast),CEDAR FALLS,BLACK HAWK,77,HUDSON RD AND WEST VIKING RD,Collision with:  Vehicle in traffic,On Roadway,"Sideswipe, same direction",Lost Control,None Indicated,Weather conditions,Daylight,Ice/frost,Snow,"Surface condition (e.g., wet, icy)",Intersection:  Four-way intersection,Paved,N/A,Property Damage Only,0,0,0,0,0,0,2500,2,2,Southbound (SB),POINT (-92.465378240142 42.484081789242)
20221337520,202217708,12/16/2022,12-December,6-Friday,12:15,1200 Hours,District 6 (East Central),CEDAR RAPIDS,LINN,77,SOUTHLAND ST SW AND WILSON AVE SW,Collision with:  Vehicle in traffic,On Roadway,Rear-end (front to rear),Driver Distraction:  Exterior distraction,None Indicated,None apparent,Daylight,Snow,Snow,None apparent,Intersection:  T-intersection,Paved,N/A,Property Damage Only,0,0,0,0,0,0,2000,2,3,Southbound (SB),POINT (-91.658749061728 41.955883935699)
20221336648,2022-008720,12/16/2022,12-December,6-Friday,13:17,1300 Hours,District 6 (East Central),DUBUQUE,DUBUQUE,US 20,US 20 E,Collision with:  Vehicle in traffic,On Roadway,Rear-end (front to rear),Followed too close,None Indicated,None apparent,Daylight,Wet,Freezing rain/drizzle,None apparent,Non-intersection:  Non-junction/no special feature,Paved,N/A,Possible/Unknown,0,1,0,0,1,0,2700,2,2,Southbound (SB),POINT (-90.661254266264 42.49165600745)
20221336653,2022030892,12/16/2022,12-December,6-Friday,08:55,0800 Hours,District 1 (Central),,POLK,I-35,INTERSTATE 35 SB 97.6 MM,Collision with fixed object:  Cable barrier,Shoulder,Non-collision (single vehicle),Driving too fast for conditions,None Indicated,None apparent,Daylight,Dry,Cloudy,"Surface condition (e.g., wet, icy)",Non-intersection:  Non-junction/no special feature,Paved,N/A,Property Damage Only,0,0,0,0,0,0,10000,1,1,Eastbound (EB),POINT (-93.570493849487 41.800935674766)
20221336808,22SC35241,12/17/2022,12-December,7-Saturday,01:51,0100 Hours,District 3 (Northwest),SIOUX CITY,WOODBURY,77,3RD ST AND WESLEY PARKWAY,Collision with:  Vehicle in traffic,On Roadway,"Sideswipe, same direction",Unknown,None Indicated,Unknown,Dark - roadway lighted,Ice/frost,Snow,None apparent,Intersection:  T-intersection,Paved,N/A,Possible/Unknown,0,1,0,0,0,1,4000,2,3,Northbound (NB),POINT (-96.411523436006 42.493374555829)
20221336981,22-9071,12/18/2022,12-December,1-Sunday,02:00,0200 Hours,District 1 (Central),GRIMES,POLK,77,NE 9TH ST / NE PARK AVE,Collision with fixed object:  Ditch,Outside trafficway,Non-collision (single vehicle),"Operating vehicle in an reckless, erratic, careless, negligent manner",Under Influence of Alcohol/Drugs/Medications,None apparent,Dark - roadway lighted,Ice/frost,Clear,None apparent,Non-intersection:  Non-junction/no special feature,Paved,N/A,Property Damage Only,0,0,0,0,0,0,5000,1,1,Southbound (SB),POINT (-93.785762214705 41.695021947626)
20221337723,2022031157,12/19/2022,12-December,2-Monday,18:30,1800 Hours,District 6 (East Central),,BUCHANAN,I-380,I 380 S/MM 49,Collision with:  Vehicle in traffic,On Roadway,Other (explain in narrative),Driving too fast for conditions,None Indicated,Weather conditions,Dark - roadway not lighted,Ice/frost,Snow,"Surface condition (e.g., wet, icy)",Non-intersection:  Non-junction/no special feature,Paved,N/A,Property Damage Only,0,0,0,0,0,0,5500,2,2,Eastbound (EB),POINT (-91.989522699279 42.32163170541)
20221337524,202217863,12/19/2022,12-December,2-Monday,15:11,1500 Hours,District 6 (East Central),CEDAR RAPIDS,LINN,IA-922,IA 922 N AND 19TH ST NE AND 19TH ST SE,Collision with:  Vehicle in traffic,On Roadway,"Angle, oncoming left turn",Lost Control,None Indicated,Weather conditions,Daylight,Wet,Freezing rain/drizzle,"Surface condition (e.g., wet, icy)",Intersection:  Four-way intersection,Paved,N/A,Property Damage Only,0,0,0,0,0,0,5500,2,2,Northbound (NB),POINT (-91.644309570597 41.992703753967)
20221337806,22004822,12/19/2022,12-December,2-Monday,16:54,1600 Hours,District 1 (Central),AMES,STORY,US 30,"RAMP UNIVERSITY BLVD, N TO N TO STATE OF IOWA, US 30 E",Collision with:  Vehicle in traffic,On Roadway,Broadside (front to side),FTYROW:  Making left turn,None Indicated,Weather conditions,Daylight,Slush,Snow,"Surface condition (e.g., wet, icy)",Intersection:  Four-way intersection,Paved,N/A,Property Damage Only,0,0,0,0,0,0,4000,2,2,Southbound (SB),POINT (-93.639364124992 42.002090285545)
20221337813,2022-003937,12/20/2022,12-December,3-Tuesday,17:19,1700 Hours,District 6 (East Central),,DUBUQUE,77,SUNDOWN RD,Collision with:  Vehicle in traffic,Other (explain in narrative),Broadside (front to side),Other (explain in narrative):  Other,None Indicated,None apparent,Dark - roadway lighted,Dry,Clear,None apparent,Non-intersection:  Non-junction/no special feature,Paved,N/A,Property Damage Only,0,0,0,0,0,0,6000,2,2,Northbound (NB),POINT (-90.850393487527 42.442274797019)
20221337979,22-41000,12/20/2022,12-December,3-Tuesday,19:30,1900 Hours,District 5 (Southeast),,DES MOINES,US 61,US 61 S MEASURING 850 FEET NORTH FROM 60TH ST,Collision with:  Animal,Unknown,N/A,Animal,None Indicated,N/A,N/A,N/A,N/A,N/A,N/A,Paved,N/A,Property Damage Only,0,0,0,0,0,0,2000,1,1,Eastbound (EB),POINT (-91.151675661574 40.770020248879)
20221347593,202200015562,12/21/2022,12-December,4-Wednesday,22:16,2200 Hours,District 4 (Southwest),,DALLAS,77,335TH ST,Non-collision events:  Vehicle went airborne,Roadside,Non-collision (single vehicle),Ran Stop Sign,None Indicated,Weather conditions,Dark - roadway not lighted,Snow,Snow,"Surface condition (e.g., wet, icy)",Intersection:  T-intersection,Unpaved,N/A,Possible/Unknown,0,1,0,0,1,0,25000,1,1,Southbound (SB),POINT (-93.880749205974 41.551371984221)
20221337956,22-06994,12/21/2022,12-December,4-Wednesday,18:05,1800 Hours,District 1 (Central),WEST DES MOINES,DALLAS,77,EP TRUE PARKWAY,Collision with:  Vehicle in traffic,On Roadway,Broadside (front to side),FTYROW:  Making left turn,None Indicated,Weather conditions,Dark - roadway lighted,Snow,Snow,"Surface condition (e.g., wet, icy)",Intersection:  Four-way intersection,Paved,N/A,Possible/Unknown,0,1,0,0,1,0,11000,2,3,Westbound (WB),POINT (-93.790596649323 41.57544603537)
20221337945,20220035046,12/21/2022,12-December,4-Wednesday,10:10,1000 Hours,District 1 (Central),DES MOINES,POLK,US 69,DES MOINES ST AND US 69 N,Collision with:  Vehicle in traffic,On Roadway,Other (explain in narrative),Driver Distraction:  Other interior distraction,None Indicated,None apparent,Daylight,Dry,Cloudy,None apparent,Intersection:  Four-way intersection,Paved,N/A,Property Damage Only,0,0,0,0,0,0,3000,2,2,Northbound (NB),POINT (-93.595698300927 41.595013835869)
20221338369,22053045,12/22/2022,12-December,5-Thursday,13:05,1300 Hours,District 5 (Southeast),WEST LIBERTY,MUSCATINE,US 6,US 6 E,Collision with:  Vehicle in traffic,On Roadway,Rear-end (front to rear),Lost Control,None Indicated,Weather conditions,Daylight,Snow,Clear,"Surface condition (e.g., wet, icy)",Intersection:  Four-way intersection,Paved,N/A,Property Damage Only,0,0,0,0,0,0,1500,2,3,Southbound (SB),POINT (-91.260761857652 41.569962028015)
20221339155,C22005087,12/22/2022,12-December,5-Thursday,16:45,1600 Hours,District 6 (East Central),CORALVILLE,JOHNSON,I-80,I 80 W CORAL RIDGE,Collision with:  Vehicle in traffic,On Roadway,"Sideswipe, same direction",Driving too fast for conditions,None Indicated,Weather conditions,Dark - roadway lighted,Snow,Snow,"Surface condition (e.g., wet, icy)",Non-intersection:  Non-junction/no special feature,Paved,N/A,Property Damage Only,0,0,0,0,0,0,11000,2,6,Westbound (WB),POINT (-91.61327305511 41.694177844707)
20221345575,2022031452,12/22/2022,12-December,5-Thursday,06:49,0600 Hours,District 1 (Central),,POLK,I-80,INTERSTATTE 80 EB - 1084 FEET EAST FROM 134 (134.3MM),Collision with fixed object:  Concrete traffic barrier (median or right side),Shoulder,Non-collision (single vehicle),Driving too fast for conditions,None Indicated,Weather conditions,Dark - roadway not lighted,Ice/frost,Snow,"Surface condition (e.g., wet, icy)",Non-intersection:  Non-junction/no special feature,Paved,N/A,Property Damage Only,0,0,0,0,0,0,6200,1,2,Southbound (SB),POINT (-93.645102221667 41.649673105961)
20221345968,2022031510,12/22/2022,12-December,5-Thursday,10:24,1000 Hours,District 1 (Central),URBANDALE,POLK,I-80,I 80 W MM 129.6,Collision with:  Vehicle in traffic,Shoulder,Rear-end (front to rear),Driving too fast for conditions,None Indicated,Weather conditions,Daylight,Ice/frost,Blowing snow,"Surface condition (e.g., wet, icy)",Non-intersection:  Non-junction/no special feature,Paved,N/A,Property Damage Only,0,0,0,0,0,0,9000,2,2,Westbound (WB),POINT (-93.743675427687 41.652067968658)
20221339979,2022031672,12/23/2022,12-December,6-Friday,19:48,1900 Hours,District 6 (East Central),,IOWA,I-80,I 80 E/219MM,Collision with fixed object:  Cable barrier,On Roadway,Non-collision (single vehicle),Ran off road - left,None Indicated,Weather conditions,Dark - roadway not lighted,Ice/frost,Severe winds,"Surface condition (e.g., wet, icy)",Non-intersection:  Non-junction/no special feature,Paved,N/A,Property Damage Only,0,0,0,0,0,0,15000,1,1,Southbound (SB),POINT (-92.025685379968 41.687074959188)
20221373384,2022-10324,12/23/2022,12-December,6-Friday,05:29,0500 Hours,District 6 (East Central),,SCOTT,I-80,I 80 W,Non-collision events:  Jackknife,On Roadway,Non-collision (single vehicle),Lost Control,None Indicated,Weather conditions,Dark - roadway lighted,Ice/frost,Blowing snow,"Surface condition (e.g., wet, icy)",Non-intersection:  Non-junction/no special feature,Paved,N/A,Property Damage Only,0,0,0,0,0,0,6000,1,1,Westbound (WB),POINT (-90.365488069658 41.580945104385)
20221338366,C22005098,12/23/2022,12-December,6-Friday,14:16,1400 Hours,District 6 (East Central),CORALVILLE,JOHNSON,I-80,I80 WEST EXIT 240,Collision with fixed object:  Ditch,On Roadway,Non-collision (single vehicle),Lost Control,None Indicated,None apparent,Daylight,Snow,Blowing snow,None apparent,Interchange-related:  On-ramp merge area,Paved,N/A,Property Damage Only,0,0,0,0,0,0,3300,1,3,Westbound (WB),POINT (-91.598662260645 41.693541236084)
20221339033,22-014750,12/24/2022,12-December,7-Saturday,18:10,1800 Hours,District 4 (Southwest),,CASS,IA-48,IA 48 N,Collision with:  Animal,On Roadway,Non-collision (single vehicle),Animal,None Indicated,Animal in roadway,Dark - roadway not lighted,Ice/frost,Clear,"Surface condition (e.g., wet, icy)",Non-intersection:  Non-junction/no special feature,Paved,N/A,Property Damage Only,0,0,0,0,0,0,10000,1,1,Northbound (NB),POINT (-95.137207933042 41.310395254458)
20221339064,22SC35932,12/24/2022,12-December,7-Saturday,12:46,1200 Hours,District 3 (Northwest),SIOUX CITY,WOODBURY,77,FLOYD BLVD AND OUTER DR NORTH,Collision with:  Vehicle in traffic,On Roadway,Other (explain in narrative),FTYROW:  Making left turn,None Indicated,None apparent,Daylight,Wet,Clear,None apparent,Intersection:  Four-way intersection,Paved,N/A,Property Damage Only,0,0,0,0,0,0,6000,2,11,Southbound (SB),POINT (-96.370220268275 42.533965593447)
20221338640,22009334,12/25/2022,12-December,1-Sunday,14:40,1400 Hours,District 3 (Northwest),HARTLEY,OBRIEN,US 18,US 18 E,Collision with:  Vehicle in traffic,On Roadway,Rear-end (front to rear),Unknown,None Indicated,Weather conditions,Daylight,Snow,Snow,"Surface condition (e.g., wet, icy)",Non-intersection:  Non-junction/no special feature,Paved,N/A,Property Damage Only,0,0,0,0,0,0,5200,2,2,Southbound (SB),POINT (-95.481725921102 43.18486370873)
20221339275,2022-30537,12/26/2022,12-December,2-Monday,20:00,2000 Hours,District 6 (East Central),BETTENDORF,SCOTT,77,DEVILS GLEN RD AND 53RD AVE,Collision with:  Vehicle in traffic,On Roadway,Broadside (front to side),FTYROW:  Making left turn,None Indicated,None apparent,Dark - roadway lighted,Ice/frost,Clear,"Surface condition (e.g., wet, icy)",Intersection:  Four-way intersection,Paved,N/A,Property Damage Only,0,0,0,0,0,0,6000,2,2,Southbound (SB),POINT (-90.483601421654 41.573847772129)
20221338944,22-001391,12/26/2022,12-December,2-Monday,12:20,1200 Hours,District 1 (Central),,STORY,I-35,105 MM 35 S,Collision with fixed object:  Cable barrier,On Roadway,Non-collision (single vehicle),Driving too fast for conditions,None Indicated,Weather conditions,Daylight,Ice/frost,Snow,"Surface condition (e.g., wet, icy)",Non-intersection:  Non-junction/no special feature,Paved,N/A,Property Damage Only,0,0,0,0,0,0,7000,1,2,Eastbound (EB),POINT (-93.570215467868 41.92416856567)
20221338939,2022031769,12/26/2022,12-December,2-Monday,09:31,0900 Hours,District 4 (Southwest),,CASS,I-80,66.15 EB I80,Collision with fixed object:  Cable barrier,Shoulder,Non-collision (single vehicle),Driving too fast for conditions,None Indicated,Weather conditions,Daylight,Wet,Blowing snow,"Surface condition (e.g., wet, icy)",Non-intersection:  Non-junction/no special feature,Paved,N/A,Property Damage Only,0,0,0,0,0,0,6000,1,2,Southbound (SB),POINT (-94.837988594518 41.496983225386)
20221339360,202200036662,12/27/2022,12-December,3-Tuesday,18:32,1800 Hours,District 5 (Southeast),OTTUMWA,WAPELLO,77,SOUTH IOWA AVE,Collision with:  Vehicle in traffic,On Roadway,Rear to side,Failed to keep in proper lane,None Indicated,None apparent,Dark - roadway lighted,Dry,Clear,None apparent,Intersection:  Four-way intersection,Paved,N/A,Property Damage Only,0,0,0,0,0,0,2750,2,6,Northbound (NB),POINT (-92.395630043804 41.007252118189)
20221339764,2022031988,12/28/2022,12-December,4-Wednesday,14:45,1400 Hours,District 5 (Southeast),,DECATUR,I-35,I 35 NB MM 20.45,Collision with fixed object:  Traffic sign support,Shoulder,Non-collision (single vehicle),Ran off road - right,None Indicated,None apparent,Daylight,Dry,Cloudy,None apparent,Non-intersection:  Non-junction/no special feature,Paved,N/A,Property Damage Only,0,0,0,0,0,0,5100,1,1,Northbound (NB),POINT (-93.80412512928 40.845649171053)
20221339823,2022-87873,12/28/2022,12-December,4-Wednesday,21:59,2100 Hours,District 6 (East Central),DAVENPORT,SCOTT,77,FLORAL LANE and MAGNOLIA AVE,Collision with fixed object:  Building,Outside trafficway,Non-collision (single vehicle),Lost Control,None Indicated,None apparent,Dark - roadway lighted,Slush,Clear,"Surface condition (e.g., wet, icy)",Non-intersection:  Alley,Paved,N/A,Property Damage Only,0,0,0,0,0,0,10000,1,1,Northbound (NB),POINT (-90.620574378423 41.50801950086)
20221339871,22SC36398,12/29/2022,12-December,5-Thursday,17:15,1700 Hours,District 3 (Northwest),SIOUX CITY,WOODBURY,77,CHRISTY RD AND SUNNYBROOK DR,Collision with:  Vehicle in traffic,On Roadway,Rear-end (front to rear),Over correcting/over steering,None Indicated,None apparent,Dark - roadway lighted,Ice/frost,Freezing rain/drizzle,None apparent,Intersection:  T-intersection,Paved,N/A,Property Damage Only,0,0,0,0,0,0,1500,2,2,Southbound (SB),POINT (-96.328503987803 42.444726538727)
20221339747,20220035661,12/29/2022,12-December,5-Thursday,09:46,0900 Hours,District 1 (Central),DES MOINES,POLK,77,47TH ST AND FOREST AVE,Collision with:  Vehicle in traffic,On Roadway,Broadside (front to side),FTYROW:  From stop sign,None Indicated,None apparent,Daylight,Wet,Cloudy,None apparent,Intersection:  Four-way intersection,Paved,N/A,Property Damage Only,0,0,0,0,0,0,7500,2,2,Southbound (SB),POINT (-93.681380602669 41.603995532359)
20221341110,2022-88200,12/30/2022,12-December,6-Friday,10:31,1000 Hours,District 6 (East Central),DAVENPORT,SCOTT,IA-461,IA 461 N,Collision with:  Vehicle in traffic,On Roadway,Rear-end (front to rear),"Operating vehicle in an reckless, erratic, careless, negligent manner",None Indicated,None apparent,Daylight,Dry,Clear,None apparent,Non-intersection:  Non-junction/no special feature,Paved,N/A,Property Damage Only,0,0,0,0,0,0,5000,2,2,Northbound (NB),POINT (-90.57172982244 41.546986527128)
20221340147,22-013868,12/31/2022,12-December,7-Saturday,22:33,2200 Hours,District 4 (Southwest),COUNCIL BLUFFS,POTTAWATTAMIE,77,SOUTH 13TH ST,Collision with:  Parked motor vehicle,On Roadway,"Sideswipe, same direction",Lost Control,None Indicated,None apparent,Dark - roadway not lighted,Wet,Clear,None apparent,Non-intersection:  Non-junction/no special feature,Paved,N/A,Property Damage Only,0,0,0,0,0,0,3000,2,3,Northbound (NB),POINT (-95.863376959004 41.239727992676)
20231340255,SOI20230003,01/01/2023,01-January,1-Sunday,20:31,2000 Hours,District 1 (Central),,POWESHIEK,IA-146,IA 146 N,Collision with:  Animal,Unknown,N/A,Animal,None Indicated,N/A,N/A,N/A,N/A,N/A,N/A,Paved,N/A,Property Damage Only,0,0,0,0,0,0,6000,1,1,Northbound (NB),POINT (-92.727182009565 41.671443790152)
20231341489,S23-000008,01/02/2023,01-January,2-Monday,23:16,2300 Hours,District 4 (Southwest),COUNCIL BLUFFS,POTTAWATTAMIE,77,US 275 N AND METRO DR,Collision with fixed object:  Traffic sign support,On Roadway,Non-collision (single vehicle),Exceeded authorized speed,None Indicated,Weather conditions,Dark - roadway lighted,Wet,Rain,"Surface condition (e.g., wet, icy)",Intersection:  Four-way intersection,Paved,N/A,Possible/Unknown,0,1,0,0,0,1,10400,1,1,Northbound (NB),POINT (-95.836263965777 41.218396910381)
20231340549,23-47,01/03/2023,01-January,3-Tuesday,09:53,0900 Hours,District 1 (Central),,POLK,77,NE 80TH STREET/ NE 94TH AVE,Collision with:  Vehicle in traffic,On Roadway,Rear-end (front to rear),Ran Stop Sign,None Indicated,None apparent,Daylight,Wet,"Fog, smoke, smog","Surface condition (e.g., wet, icy)",Intersection:  Four-way intersection,Paved,N/A,Minor Injury,0,2,0,2,0,0,20000,2,4,Northbound (NB),POINT (-93.444985823889 41.731893287328)
20231340985,202300121,01/03/2023,01-January,3-Tuesday,14:05,1400 Hours,District 6 (East Central),CEDAR RAPIDS,LINN,77,WILEY BLVD NW AND JOHNSON AVE NW,Collision with:  Vehicle in traffic,On Roadway,Broadside (front to side),FTYROW:  Other (explain in narrative),None Indicated,None apparent,Daylight,Wet,"Fog, smoke, smog",None apparent,Intersection:  Roundabout,Paved,N/A,Property Damage Only,0,0,0,0,0,0,1500,2,3,Northbound (NB),POINT (-91.725772067734 41.971219961333)
20231343150,23-000079,01/04/2023,01-January,4-Wednesday,05:20,0500 Hours,District 6 (East Central),,BENTON,I-380,I 380 N,Collision with:  Vehicle in traffic,On Roadway,Rear-end (front to rear),Driving too fast for conditions,None Indicated,Weather conditions,Dark - roadway not lighted,Ice/frost,Freezing rain/drizzle,None apparent,Non-intersection:  Non-junction/no special feature,Paved,N/A,Possible/Unknown,0,1,0,0,1,0,7000,2,2,Northbound (NB),POINT (-91.911052697864 42.261059080307)
20231340926,23-00094,01/04/2023,01-January,4-Wednesday,10:50,1000 Hours,District 3 (Northwest),,CARROLL,77,115TH ST,Collision with fixed object:  Ditch,On Roadway,Non-collision (single vehicle),Driving too fast for conditions,None Indicated,None apparent,Daylight,Wet,Cloudy,"Surface condition (e.g., wet, icy)",Intersection:  T-intersection,Unpaved,N/A,Property Damage Only,0,0,0,0,0,0,2650,1,2,Southbound (SB),POINT (-94.764273189951 42.188148113618)
20231341393,2023000382,01/05/2023,01-January,5-Thursday,06:45,0600 Hours,District 5 (Southeast),,LUCAS,US 34,US 34 WB EAST OF LUCAS,Collision with:  Animal,On Roadway,Non-collision (single vehicle),Animal,None Indicated,Weather conditions,Dark - roadway not lighted,Snow,Cloudy,"Surface condition (e.g., wet, icy)",Non-intersection:  Non-junction/no special feature,Paved,N/A,Property Damage Only,0,0,0,0,0,0,2500,1,1,Southbound (SB),POINT (-93.402430631925 41.02554684673)
20231341149,2023-0184,01/05/2023,01-January,5-Thursday,17:00,1700 Hours,District 6 (East Central),ELDRIDGE,SCOTT,77,218 W FRANKLIN ST,Collision with:  Vehicle in traffic,On Roadway,Other (explain in narrative),Operator inexperience,None Indicated,None apparent,Dusk,Wet,Cloudy,None apparent,Non-intersection:  Non-junction/no special feature,Paved,N/A,Property Damage Only,0,0,0,0,0,0,3500,2,1,Southbound (SB),POINT (-90.585325709281 41.657303365595)
20231341631,23-000352,01/06/2023,01-January,6-Friday,04:36,0400 Hours,District 5 (Southeast),,MARION,77,HIGHWAY G 76,Collision with:  Animal,Unknown,N/A,Animal,None Indicated,N/A,N/A,N/A,N/A,N/A,N/A,Paved,N/A,Property Damage Only,0,0,0,0,0,0,4000,1,1,Southbound (SB),POINT (-93.215048295271 41.211353255014)
20231341274,23-000205,01/06/2023,01-January,6-Friday,15:35,1500 Hours,District 3 (Northwest),LE MARS,PLYMOUTH,77,CENTRAL AVE,Collision with:  Vehicle in traffic,On Roadway,Rear-end (front to rear),Followed too close,None Indicated,Weather conditions,Daylight,Ice/frost,Clear,"Surface condition (e.g., wet, icy)",Non-intersection:  Non-junction/no special feature,Paved,N/A,Property Damage Only,0,0,0,0,0,0,3500,2,4,Northbound (NB),POINT (-96.16647648416 42.787568132925)
20231341577,23000216,01/07/2023,01-January,7-Saturday,11:50,1100 Hours,District 5 (Southeast),CENTERVILLE,APPANOOSE,IA-5,IA 5 N,Other (explain in narrative),On Roadway,Rear-end (front to rear),Followed too close,None Indicated,Other (explain in narrative),Daylight,Dry,Clear,None apparent,Non-intersection:  Non-junction/no special feature,Paved,N/A,Property Damage Only,0,0,0,0,0,0,3000,2,2,Northbound (NB),POINT (-92.86799573579 40.735643172637)
20231341444,2300209,01/08/2023,01-January,1-Sunday,21:57,2100 Hours,District 5 (Southeast),PELLA,MARION,77,EAST 1ST ST,Collision with:  Parked motor vehicle,On Roadway,Rear-end (front to rear),Driver Distraction:  Manual operation of an electronic communication device,Alcohol (< Statutory),None apparent,Dark - roadway lighted,Dry,Clear,None apparent,Non-intersection:  Non-junction/no special feature,Paved,N/A,Property Damage Only,0,0,0,0,0,0,11000,2,1,Northbound (NB),POINT (-92.914725228199 41.401892397282)
20231341551,2023-000179,01/09/2023,01-January,2-Monday,10:51,1000 Hours,District 6 (East Central),DUBUQUE,DUBUQUE,77,WEST 14TH ST,Collision with:  Vehicle in traffic,On Roadway,Broadside (front to side),Ran Traffic Signal,None Indicated,None apparent,Daylight,Dry,Clear,None apparent,Intersection:  Other intersection (explain in narrative),Paved,N/A,Property Damage Only,0,0,0,0,0,0,9500,2,2,Southbound (SB),POINT (-90.671013133218 42.505416702163)
20231341890,23-00000045,01/10/2023,01-January,3-Tuesday,18:12,1800 Hours,District 1 (Central),JOHNSTON,POLK,77,6500-B NW 100TH ST,Collision with:  Re-entering roadway,On Roadway,Broadside (front to side),FTYROW:  From yield sign,None Indicated,None apparent,Dark - roadway lighted,Dry,Clear,None apparent,Intersection:  Roundabout,Paved,N/A,Property Damage Only,0,0,0,0,0,0,4000,2,2,Northbound (NB),POINT (-93.755827319421 41.677604901466)
20231342002,2023000937,01/10/2023,01-January,3-Tuesday,17:07,1700 Hours,District 1 (Central),,POLK,I-80,I 80 E 131.4,Collision with:  Vehicle in traffic,On Roadway,Rear-end (front to rear),Other (explain in narrative):  Other,None Indicated,None apparent,Dusk,Dry,Clear,"Traffic backup, prior crash",Non-intersection:  Non-junction/no special feature,Paved,N/A,Possible/Unknown,0,1,0,0,1,0,810,2,2,Southbound (SB),POINT (-93.694963487295 41.651904447771)
20231341959,2023-2322,01/11/2023,01-January,4-Wednesday,07:48,0700 Hours,District 6 (East Central),DAVENPORT,SCOTT,77,WEST LOMBARD ST,Collision with:  Parked motor vehicle,On Roadway,"Sideswipe, same direction",Lost Control,None Indicated,None apparent,Daylight,Dry,Clear,None apparent,Non-intersection:  Non-junction/no special feature,Paved,N/A,Property Damage Only,0,0,0,0,0,0,2000,2,4,Southbound (SB),POINT (-90.629994314613 41.541763206887)
20231342224,2023000343,01/12/2023,01-January,5-Thursday,17:37,1700 Hours,District 6 (East Central),CORALVILLE,JOHNSON,US 6,HWY6/HAWKINS DR,Collision with:  Vehicle in traffic,On Roadway,"Sideswipe, same direction",Improper or erratic lane changing,None Indicated,None apparent,Dark - roadway lighted,Dry,Clear,None apparent,Intersection:  Four-way intersection,Paved,N/A,Property Damage Only,0,0,0,0,0,0,2000,2,3,Southbound (SB),POINT (-91.55944320144 41.66644103333)
20231342586,2023-01149,01/13/2023,01-January,6-Friday,21:26,2100 Hours,District 5 (Southeast),INDIANOLA,WARREN,IA-92,1200 BLK E 2ND AVE,Collision with:  Vehicle in traffic,On Roadway,Broadside (front to side),FTYROW:  Making left turn,None Indicated,None apparent,Dark - roadway lighted,Dry,Clear,None apparent,Intersection:  Four-way intersection,Paved,N/A,Possible/Unknown,0,1,0,0,1,0,14000,2,3,Southbound (SB),POINT (-93.544084988118 41.357977672211)
20231342361,23-312,01/13/2023,01-January,6-Friday,20:05,2000 Hours,District 1 (Central),,POLK,IA-17,14000 BLK NW 142ND STREET,Non-collision events:  Overturn/rollover,On Roadway,Non-collision (single vehicle),Swerving/Evasive Action,None Indicated,None apparent,Dark - roadway not lighted,Dry,Clear,None apparent,Non-intersection:  Non-junction/no special feature,Paved,N/A,Property Damage Only,0,0,0,0,0,0,8000,1,1,Northbound (NB),POINT (-93.815146658316 41.81495195454)
20231342705,2023-000146,01/14/2023,01-January,7-Saturday,14:20,1400 Hours,District 6 (East Central),,DUBUQUE,IA-136,IA 136 N,Collision with:  Re-entering roadway,On Roadway,Broadside (front to side),FTYROW:  From driveway,None Indicated,None apparent,Daylight,Dry,Cloudy,None apparent,"Non-intersection:  Driveway access (related, not in)",Paved,N/A,Property Damage Only,0,0,0,0,0,0,14000,2,4,Northbound (NB),POINT (-91.021225514914 42.304072931871)