Iowa DOT Case Number,Law Enforcement Case Number,Date of Crash,Month of Crash,Day of Week,Time of Crash,Hour,DOT District,City Name,County Name,Route with System,Location Description,First Harmful Event,Location of First Harmful Event,Manner of Crash/Collision,Major Cause,Drug or Alcohol ,Environmental Conditions,Light Conditions,Surface Conditions,Weather Conditions,Roadway Contribution,Roadway Type,Roadway Surface,Work Zone,Crash Severity,Number of Fatalities,Number of Injuries,Number of Major Injuries,Number of Minor Injuries,Number of Possible Injuries,Number of Unknown Injuries,Amount of Property Damage,Number of Vehicles Involved,Total Number of Occupants,Travel Direction,Location
20231342874,2023-3690,01/16/2023,01-January,2-Monday,17:12,1700 Hours,District 6 (East Central),DAVENPORT,SCOTT,77,ELMORE AVE,Collision with:  Vehicle in traffic,On Roadway,Broadside (front to side),FTYROW:  Making left turn,None Indicated,None apparent,Dark - roadway lighted,Dry,Cloudy,None apparent,Intersection:  T-intersection,Paved,N/A,Property Damage Only,0,0,0,0,0,0,4000,2,2,Northbound (NB),POINT (-90.527581756679 41.571028830767)
20231342659,23-000550,01/16/2023,01-January,2-Monday,13:20,1300 Hours,District 4 (Southwest),COUNCIL BLUFFS,POTTAWATTAMIE,77,SOUTH 8TH AND 1ST AVE,Collision with:  Vehicle in traffic,On Roadway,Rear-end (front to rear),Lost Control,None Indicated,Visual obstruction,Daylight,Wet,Cloudy,None apparent,Non-intersection:  Non-junction/no special feature,Paved,N/A,Property Damage Only,0,0,0,0,0,0,3000,2,2,Northbound (NB),POINT (-95.856048738275 41.261309272596)
20231343027,23002390,01/17/2023,01-January,3-Tuesday,19:55,1900 Hours,District 5 (Southeast),MUSCATINE,MUSCATINE,77,400 BLOCK OF E. 5TH ST.,Collision with:  Parked motor vehicle,On Roadway,Rear-end (front to rear),Lost Control,None Indicated,None apparent,Dark - roadway lighted,Dry,Cloudy,None apparent,Non-intersection:  Non-junction/no special feature,Paved,N/A,Property Damage Only,0,0,0,0,0,0,1500,2,1,Southbound (SB),POINT (-91.044390450198 41.425707999027)
20231343124,23-00526,01/18/2023,01-January,4-Wednesday,08:23,0800 Hours,District 6 (East Central),,JONES,77,200TH AVE,Collision with:  Animal,On Roadway,Non-collision (single vehicle),Animal,None Indicated,Animal in roadway,N/A,N/A,N/A,N/A,N/A,Unpaved,N/A,Property Damage Only,0,0,0,0,0,0,1500,1,1,Northbound (NB),POINT (-91.267420828104 42.177418871893)
20231343424,23-000468,01/18/2023,01-January,4-Wednesday,18:11,1800 Hours,District 1 (Central),UNION,HARDIN,77,2ND ST AND CENTER ST,Collision with fixed object:  Guardrail - face,Other (explain in narrative),Non-collision (single vehicle),Other (explain in narrative):  Other,None Indicated,None apparent,Dark - roadway lighted,Snow,Blowing snow,None apparent,Non-intersection:  Non-junction/no special feature,Paved,N/A,Property Damage Only,0,0,0,0,0,0,1500,1,1,Southbound (SB),POINT (-93.062449363324 42.24526330265)
20231343953,23-02088,01/19/2023,01-January,5-Thursday,18:30,1800 Hours,District 5 (Southeast),BURLINGTON,DES MOINES,77,JEFFERSON ST AND 3RD ST,Collision with:  Vehicle in traffic,On Roadway,Broadside (front to side),Driver Distraction:  Other interior distraction,None Indicated,None apparent,Dark - roadway lighted,Dry,Cloudy,None apparent,Intersection:  Four-way intersection,Paved,N/A,Property Damage Only,0,0,0,0,0,0,6000,2,2,Northbound (NB),POINT (-91.102719100946 40.809949928186)
20231343835,SO23000229,01/19/2023,01-January,5-Thursday,14:55,1400 Hours,District 2 (Northeast),,FRANKLIN,77,LARK AVE,Collision with:  Struck/struck by object/cargo/person from other vehicle,On Roadway,Broadside (front to side),Driver Distraction:  Other interior distraction,None Indicated,None apparent,Daylight,Dry,Clear,None apparent,Intersection:  Four-way intersection,Unpaved,N/A,Property Damage Only,0,0,0,0,0,0,2500,2,2,Northbound (NB),POINT (-93.281111539431 42.803027250345)
20231345078,2023002047,01/20/2023,01-January,6-Friday,13:23,1300 Hours,District 2 (Northeast),WATERLOO,BLACK HAWK,77,HAMMOND AVE AND WILLISTON AVE,Collision with:  Vehicle in traffic,On Roadway,Broadside (front to side),FTYROW:  From stop sign,None Indicated,None apparent,Daylight,Slush,Clear,Traffic control obscured,Intersection:  Four-way intersection,Paved,N/A,Property Damage Only,0,0,0,0,0,0,5000,2,2,Southbound (SB),POINT (-92.337623393271 42.483891961003)
20231343528,20230001735,01/21/2023,01-January,7-Saturday,12:37,1200 Hours,District 1 (Central),DES MOINES,POLK,77,EAST SHERIDAN AVE MEASURING 117 FEET EAST FROM BOWDOIN ST,Collision with:  Vehicle in traffic,On Roadway,"Sideswipe, opposite direction",Lost Control,None Indicated,None apparent,Daylight,Dry,Cloudy,None apparent,Non-intersection:  Non-junction/no special feature,Paved,N/A,Property Damage Only,0,0,0,0,0,0,3000,2,2,Southbound (SB),POINT (-93.612203929787 41.618625136394)
20231343568,2023000633,01/21/2023,01-January,7-Saturday,21:54,2100 Hours,District 6 (East Central),,JOHNSON,77,2253 OLD HWY 218 S,Collision with:  Vehicle in traffic,On Roadway,Broadside (front to side),Other (explain in narrative):  Other,None Indicated,Weather conditions,Dark - roadway lighted,Snow,Snow,"Surface condition (e.g., wet, icy)",Non-intersection:  Non-junction/no special feature,Paved,N/A,Property Damage Only,0,0,0,0,0,0,4000,2,4,Northbound (NB),POINT (-91.543102486198 41.630414682649)
20231343584,2023-000498,01/22/2023,01-January,1-Sunday,02:14,0200 Hours,District 6 (East Central),DUBUQUE,DUBUQUE,77,ATLANTIC ST,Collision with:  Parked motor vehicle,On Roadway,"Sideswipe, same direction",Lost Control,None Indicated,Weather conditions,Dark - roadway lighted,Snow,Snow,"Surface condition (e.g., wet, icy)",Non-intersection:  Non-junction/no special feature,Paved,N/A,Property Damage Only,0,0,0,0,0,0,4000,2,2,Northbound (NB),POINT (-90.690983300923 42.502822265596)
20231343833,MC2300234,01/23/2023,01-January,2-Monday,07:56,0700 Hours,District 2 (Northeast),MASON CITY,CERRO GORDO,77,NORTH RHODE ISLAND AVE,Collision with:  Vehicle in traffic,On Roadway,Rear-end (front to rear),Driver Distraction:  Passenger,None Indicated,None apparent,Daylight,Dry,Clear,None apparent,Non-intersection:  Non-junction/no special feature,Paved,N/A,Possible/Unknown,0,1,0,0,1,0,1500,2,5,Northbound (NB),POINT (-93.184100585437 43.163041641071)
20231344344,23-000430,01/23/2023,01-January,2-Monday,16:25,1600 Hours,District 3 (Northwest),,LYON,IA-9,IA 9 E,Non-collision events:  Other non-collision (explain in narrative),Shoulder,Non-collision (single vehicle),Ran off road - left,None Indicated,None apparent,Daylight,Dry,Clear,None apparent,Non-intersection:  Non-junction/no special feature,Paved,N/A,Minor Injury,0,1,0,1,0,0,2000,1,1,Southbound (SB),POINT (-96.368158533188 43.433049183768)
20231344382,2023002339,01/24/2023,01-January,3-Tuesday,16:53,1600 Hours,District 4 (Southwest),,POTTAWATTAMIE,I-880,I 880 E 10.20MM,Collision with fixed object:  Ditch,On Roadway,Non-collision (single vehicle),Ran off road - right,None Indicated,None apparent,Daylight,Dry,Cloudy,None apparent,Non-intersection:  Non-junction/no special feature,Paved,N/A,Property Damage Only,0,0,0,0,0,0,3200,1,1,Southbound (SB),POINT (-95.702321178276 41.498431814582)
20231344427,W23-006863,01/25/2023,01-January,4-Wednesday,10:50,1000 Hours,District 2 (Northeast),WATERLOO,BLACK HAWK,77,US 63 S AND CONGER ST,Collision with:  Vehicle in traffic,On Roadway,Rear-end (front to rear),Followed too close,None Indicated,None apparent,Daylight,Dry,Clear,None apparent,Intersection:  Four-way intersection,Paved,N/A,Property Damage Only,0,0,0,0,0,0,1500,2,2,Westbound (WB),POINT (-92.336729674666 42.513200763367)
20231344259,20230002153,01/25/2023,01-January,4-Wednesday,14:16,1400 Hours,District 1 (Central),DES MOINES,POLK,77,1040 KIRKWOOD AVE,Collision with:  Vehicle in traffic,On Roadway,Head-on (front to front),Driver Distraction:  Reaching for object(s)/fallen object(s),None Indicated,None apparent,Daylight,Dry,Clear,None apparent,Non-intersection:  Non-junction/no special feature,Paved,N/A,Property Damage Only,0,0,0,0,0,0,3000,2,1,Southbound (SB),POINT (-93.626592616697 41.56494549381)
20231359406,23-000450,01/26/2023,01-January,5-Thursday,07:58,0700 Hours,District 1 (Central),ANKENY,POLK,77,WEST 1ST ST AND NW ABILENE RD,Collision with:  Vehicle in traffic,On Roadway,"Angle, oncoming left turn",FTYROW:  From stop sign,None Indicated,None apparent,Daylight,Dry,Clear,None apparent,Intersection:  T-intersection,Paved,N/A,Property Damage Only,0,0,0,0,0,0,10000,2,2,Southbound (SB),POINT (-93.625169746373 41.731837849249)
20231344403,23000753,01/26/2023,01-January,5-Thursday,10:01,1000 Hours,District 3 (Northwest),EMMETSBURG,PALO ALTO,77,7TH ST AND LAWLER ST,Collision with:  Vehicle in traffic,On Roadway,Broadside (front to side),FTYROW:  From stop sign,None Indicated,Visual obstruction,Daylight,Snow,Clear,None apparent,Intersection:  Four-way intersection,Paved,N/A,Property Damage Only,0,0,0,0,0,0,4700,2,2,Northbound (NB),POINT (-94.682735734692 43.113778111349)
20231344711,23-02898,01/27/2023,01-January,6-Friday,13:07,1300 Hours,District 5 (Southeast),BURLINGTON,DES MOINES,77,DIVISION ST AND PLANE ST,Collision with:  Vehicle in traffic,On Roadway,Broadside (front to side),Ran Traffic Signal,None Indicated,None apparent,Daylight,Dry,Clear,None apparent,Intersection:  Four-way intersection,Paved,N/A,Property Damage Only,0,0,0,0,0,0,3000,2,2,Southbound (SB),POINT (-91.124762012592 40.807716159537)
20231344627,23001317,01/27/2023,01-January,6-Friday,10:51,1000 Hours,District 2 (Northeast),,CHICKASAW,US 63,US 63 N,Collision with fixed object:  Ditch,On Roadway,Non-collision (single vehicle),Driving too fast for conditions,None Indicated,Weather conditions,Daylight,Snow,Blowing snow,"Surface condition (e.g., wet, icy)",Non-intersection:  Non-junction/no special feature,Paved,N/A,Property Damage Only,0,0,0,0,0,0,2000,1,1,Northbound (NB),POINT (-92.297903070545 43.123620539497)
20231347258,2023002685,01/28/2023,01-January,7-Saturday,09:15,0900 Hours,District 1 (Central),,JASPER,I-80,I 80 EB MM 158,Collision with fixed object:  Bridge/bridge rail parapet,Median,Other (explain in narrative),Driving too fast for conditions,None Indicated,None apparent,Daylight,Snow,Cloudy,"Surface condition (e.g., wet, icy)",Non-intersection:  Non-junction/no special feature,Paved,N/A,Possible/Unknown,0,1,0,0,1,0,7200,2,2,Southbound (SB),POINT (-93.198152487658 41.69755539571)
20231346472,23-000853,01/28/2023,01-January,7-Saturday,20:30,2000 Hours,District 3 (Northwest),,MONONA,77,K45 MEASURING 1319 FEET NORTH FROM 180TH ST,Collision with fixed object:  Ditch,Roadside,Non-collision (single vehicle),Ran off road - right,None Indicated,Unknown,Dark - roadway not lighted,Unknown,Unknown,Unknown,Non-intersection:  Non-junction/no special feature,Paved,N/A,Property Damage Only,0,0,0,0,0,0,3000,1,1,Northbound (NB),POINT (-96.130618697967 42.100808046455)
20231345056,23000761,01/28/2023,01-January,7-Saturday,11:25,1100 Hours,District 1 (Central),,HAMILTON,I-35,I 35 N AND RAMP US 20 W TO I 35 N,Collision with:  Vehicle in traffic,Other (explain in narrative),Rear-end (front to rear),Lost Control,None Indicated,Weather conditions,Daylight,Snow,Blowing snow,"Surface condition (e.g., wet, icy)",Non-intersection:  Non-junction/no special feature,Paved,N/A,Property Damage Only,0,0,0,0,0,0,7000,2,3,Northbound (NB),POINT (-93.568781799794 42.45522459536)
20231345681,SO23-00095,01/29/2023,01-January,1-Sunday,22:34,2200 Hours,District 1 (Central),,MARSHALL,77,OLIVE BRANCH RD AND IOWA AVE WEST,Collision with:  Animal,Unknown,N/A,Animal,None Indicated,N/A,N/A,N/A,N/A,N/A,N/A,Paved,N/A,Property Damage Only,0,0,0,0,0,0,8000,1,3,Southbound (SB),POINT (-92.959013569484 42.007502213414)
20231345326,S23-000197,01/30/2023,01-January,2-Monday,12:42,1200 Hours,District 4 (Southwest),HANCOCK,POTTAWATTAMIE,77,202 WEST KIMBALL STREET,Miscellaneous events:  Vehicle out of gear/rolled,Outside trafficway,Non-collision (single vehicle),Other (explain in narrative):  Getting off/out of vehicle,None Indicated,None apparent,Daylight,Snow,Clear,None apparent,Non-intersection:  Non-junction/no special feature,Paved,N/A,Property Damage Only,0,0,0,0,0,0,9000,1,1,Southbound (SB),POINT (-95.363406328494 41.390003610157)
20231345928,20230002725,01/31/2023,01-January,3-Tuesday,14:00,1400 Hours,District 1 (Central),DES MOINES,POLK,77,CLEVELAND AVE and EAST 17TH COURT,Collision with fixed object:  Building,On Roadway,Non-collision (single vehicle),Failed to yield to emergency vehicle,None Indicated,None apparent,Daylight,Snow,"Blowing sand, soil, dirt","Surface condition (e.g., wet, icy)",Intersection:  Four-way intersection,Paved,N/A,Property Damage Only,0,0,0,0,0,0,4500,1,4,Southbound (SB),POINT (-93.590257686748 41.604985889657)
20231345508,20230002753,01/31/2023,01-January,3-Tuesday,17:30,1700 Hours,District 1 (Central),DES MOINES,POLK,77,HUBBELL AVE MEASURING 211 FEET EAST FROM CLAYPOOL ST,Collision with:  Vehicle in traffic,On Roadway,Rear-end (front to rear),Other (explain in narrative):  Vision obstructed,None Indicated,None apparent,Daylight,Dry,Clear,None apparent,Non-intersection:  Railroad grade crossing,Paved,N/A,Property Damage Only,0,0,0,0,0,0,3000,2,3,Northbound (NB),POINT (-93.582004917233 41.598722898861)
20231346640,23-00250,02/01/2023,02-February,4-Wednesday,07:50,0700 Hours,District 1 (Central),URBANDALE,POLK,I-80,3000 BLK I 80 W,Collision with:  Vehicle in traffic,On Roadway,"Sideswipe, same direction",Improper or erratic lane changing,None Indicated,None apparent,Daylight,Dry,Clear,None apparent,Non-intersection:  Non-junction/no special feature,Paved,N/A,Property Damage Only,0,0,0,0,0,0,1500,2,2,Westbound (WB),POINT (-93.776953813831 41.62210625761)
20231345790,2023-000799,02/02/2023,02-February,5-Thursday,06:59,0600 Hours,District 6 (East Central),DUBUQUE,DUBUQUE,77,IA 32 N AND ASBURY RD,Collision with:  Vehicle in traffic,On Roadway,"Angle, oncoming left turn",FTYROW:  Making left turn,None Indicated,None apparent,Daylight,Dry,Clear,None apparent,Intersection:  Four-way intersection,Paved,N/A,Property Damage Only,0,0,0,0,0,0,4500,2,2,Northbound (NB),POINT (-90.740857108829 42.515307444123)
20231345889,FD23-0363,02/02/2023,02-February,5-Thursday,17:03,1700 Hours,District 1 (Central),FORT DODGE,WEBSTER,77,2500 BLOCK 1ST AVE SOUTH,Collision with:  Vehicle in traffic,On Roadway,Head-on (front to front),Other (explain in narrative):  Vision obstructed,None Indicated,None apparent,Dusk,Dry,Clear,None apparent,Non-intersection:  Non-junction/no special feature,Paved,N/A,Property Damage Only,0,0,0,0,0,0,3000,2,3,Southbound (SB),POINT (-94.162150380887 42.505246837756)
20231348621,202301683,02/03/2023,02-February,6-Friday,14:18,1400 Hours,District 6 (East Central),CEDAR RAPIDS,LINN,I-380,I 380 S JUST SOUTH OF 33RD AVE SW,Collision with:  Vehicle in traffic,On Roadway,"Sideswipe, same direction",Other (explain in narrative):  Other,None Indicated,None apparent,Daylight,Dry,Cloudy,None apparent,Non-intersection:  Non-junction/no special feature,Paved,N/A,Possible/Unknown,0,1,0,0,1,0,1000,2,2,Eastbound (EB),POINT (-91.670001923119 41.941604486813)
20231346429,202301655,02/03/2023,02-February,6-Friday,06:53,0600 Hours,District 6 (East Central),CEDAR RAPIDS,LINN,77,C AVE NE AND COLLINS RD NE,Collision with:  Vehicle in traffic,On Roadway,"Angle, oncoming left turn",FTYROW:  Making left turn,None Indicated,None apparent,Dawn,Dry,Cloudy,None apparent,Intersection:  Four-way intersection,Paved,N/A,Property Damage Only,0,0,0,0,0,0,15500,2,2,Southbound (SB),POINT (-91.638487395205 42.02794886039)
20231346189,20230003171,02/04/2023,02-February,7-Saturday,22:51,2200 Hours,District 1 (Central),DES MOINES,POLK,77,SE 15TH ST MEASURING 1025 FEET SOUTH FROM SE 15TH ST,Collision with:  Parked motor vehicle,On Roadway,Rear-end (front to rear),Exceeded authorized speed,Refused,None apparent,Dark - roadway lighted,Wet,Clear,None apparent,Non-intersection:  Non-junction/no special feature,Paved,N/A,Possible/Unknown,0,1,0,0,1,0,15000,2,1,Northbound (NB),POINT (-93.594367003065 41.581996233165)
20231346674,23-000808,02/05/2023,02-February,1-Sunday,19:03,1900 Hours,District 5 (Southeast),,LOUISA,77,COUNTY RD G 40,Collision with:  Vehicle in traffic,On Roadway,Rear-end (front to rear),Followed too close,Alcohol (Statutory),None apparent,Dark - roadway lighted,Dry,Clear,None apparent,Non-intersection:  Non-junction/no special feature,Paved,N/A,Minor Injury,0,1,0,1,0,0,10000,2,3,Southbound (SB),POINT (-91.338580260685 41.278832928364)
20231346647,2023-03382,02/06/2023,02-February,2-Monday,15:33,1500 Hours,District 5 (Southeast),INDIANOLA,WARREN,77,300 BLK S SPRUCE ST,Collision with:  Vehicle in traffic,On Roadway,Rear to side,Illegally Parked/Unattended,None Indicated,None apparent,Daylight,Dry,Cloudy,None apparent,Non-intersection:  Non-junction/no special feature,Paved,N/A,Property Damage Only,0,0,0,0,0,0,2600,2,1,Northbound (NB),POINT (-93.588082547441 41.356905528529)
20231347698,202301921,02/07/2023,02-February,3-Tuesday,13:18,1300 Hours,District 6 (East Central),CEDAR RAPIDS,LINN,77,MILLER AVE SW AND FOUR OAKS DR SW,Collision with:  Vehicle in traffic,On Roadway,Broadside (front to side),FTYROW:  From driveway,None Indicated,None apparent,Daylight,Dry,Clear,None apparent,"Non-intersection:  Driveway access (related, not in)",Paved,N/A,Property Damage Only,0,0,0,0,0,0,8500,2,3,Northbound (NB),POINT (-91.658044142046 41.924488066365)
20231347147,N23000078,02/07/2023,02-February,3-Tuesday,11:54,1100 Hours,District 6 (East Central),,JOHNSON,I-380,"RAMP 250TH ST, E TO E TO STATE OF IOWA, I 380 S",Collision with fixed object:  Utility pole/light support,Shoulder,Non-collision (single vehicle),Failed to yield to emergency vehicle,Alcohol (< Statutory),None apparent,Daylight,Dry,Clear,None apparent,Interchange-related:  On-ramp merge area,Paved,N/A,Property Damage Only,0,0,0,0,0,0,10000,1,1,Eastbound (EB),POINT (-91.644233966586 41.75225395864)
20231346826,20230003464,02/08/2023,02-February,4-Wednesday,07:43,0700 Hours,District 1 (Central),DES MOINES,POLK,IA-415,IA 415 N AND SENECA AVE,Collision with:  Vehicle in traffic,On Roadway,Broadside (front to side),Ran Stop Sign,None Indicated,None apparent,Daylight,Dry,Clear,None apparent,Intersection:  Four-way intersection,Paved,N/A,Property Damage Only,0,0,0,0,0,0,3000,2,2,Northbound (NB),POINT (-93.619923828557 41.631346959833)
20231351475,UH20230008,02/09/2023,02-February,5-Thursday,07:45,0700 Hours,District 6 (East Central),UNIVERSITY HEIGHTS,JOHNSON,77,MELROSE AVE,Collision with:  Vehicle in traffic,On Roadway,Broadside (front to side),Lost Control,None Indicated,Weather conditions,Daylight,Snow,Freezing rain/drizzle,"Surface condition (e.g., wet, icy)",Intersection:  Four-way intersection,Paved,N/A,Property Damage Only,0,0,0,0,0,0,2600,2,3,Southbound (SB),POINT (-91.560177308284 41.655596961474)
20231347037,20230003627,02/09/2023,02-February,5-Thursday,16:54,1600 Hours,District 1 (Central),DES MOINES,POLK,77,DON LEE COURT AND HUBBELL AVE,Collision with:  Vehicle in traffic,On Roadway,"Sideswipe, same direction",Improper or erratic lane changing,None Indicated,None apparent,Daylight,Dry,Clear,None apparent,Non-intersection:  Non-junction/no special feature,Paved,N/A,Property Damage Only,0,0,0,0,0,0,3000,2,6,Northbound (NB),POINT (-93.558169862104 41.621935626276)
20231347163,23006892,02/10/2023,02-February,6-Friday,12:05,1200 Hours,District 1 (Central),MARSHALLTOWN,MARSHALL,IA-14,IA 14 N AND EAST MAIN ST,Collision with:  Vehicle in traffic,On Roadway,"Sideswipe, same direction",Other (explain in narrative):  Other,None Indicated,None apparent,Daylight,Dry,Clear,None apparent,Intersection:  Four-way intersection,Paved,N/A,Property Damage Only,0,0,0,0,0,0,9050,2,2,Northbound (NB),POINT (-92.908028481792 42.049137319882)
20231347379,23012026,02/11/2023,02-February,7-Saturday,18:02,1800 Hours,District 2 (Northeast),CEDAR FALLS,BLACK HAWK,77,HUDSON RD,Other (explain in narrative),On Roadway,"Angle, oncoming left turn",Other (explain in narrative):  Other,None Indicated,None apparent,Dark - roadway lighted,Dry,Clear,None apparent,Intersection:  Four-way intersection,Paved,N/A,Property Damage Only,0,0,0,0,0,0,3000,2,2,Eastbound (EB),POINT (-92.465605268668 42.504580171152)
20231347353,20230003838,02/12/2023,02-February,1-Sunday,10:00,1000 Hours,District 1 (Central),DES MOINES,POLK,US 6,EAST DOUGLAS AVE AND US 6 E,Collision with:  Vehicle in traffic,On Roadway,"Sideswipe, same direction",Unknown,None Indicated,None apparent,Daylight,Dry,Clear,Non-highway work,Intersection:  Four-way intersection,Paved,N/A,Property Damage Only,0,0,0,0,0,0,3000,2,4,Southbound (SB),POINT (-93.545573722919 41.628571358846)
20231347764,23001344,02/13/2023,02-February,2-Monday,18:48,1800 Hours,District 2 (Northeast),,WRIGHT,US 69,US 69 N,Collision with:  Animal,Unknown,N/A,Animal,None Indicated,N/A,N/A,N/A,N/A,N/A,N/A,Paved,N/A,Property Damage Only,0,0,0,0,0,0,2000,1,1,Northbound (NB),POINT (-93.617231391699 42.752557340167)
20231354300,23001365,02/14/2023,02-February,3-Tuesday,12:09,1200 Hours,District 2 (Northeast),EAGLE GROVE,WRIGHT,77,4TH ST NW,Collision with:  Vehicle in traffic,On Roadway,Broadside (front to side),FTYROW:  Making left turn,None Indicated,None apparent,Daylight,Wet,Rain,"Surface condition (e.g., wet, icy)",Non-intersection:  Alley,Paved,N/A,Property Damage Only,0,0,0,0,0,0,4500,2,3,Southbound (SB),POINT (-93.90818654402 42.668291714377)
20231347995,23-001440,02/15/2023,02-February,4-Wednesday,06:55,0600 Hours,District 2 (Northeast),,CLAYTON,IA-13,IA 13 N,Collision with:  Animal,Unknown,N/A,Animal,None Indicated,N/A,N/A,N/A,N/A,N/A,N/A,Paved,N/A,Property Damage Only,0,0,0,0,0,0,10000,1,1,Northbound (NB),POINT (-91.506424972037 42.734908109803)
20231348472,23-000028,02/16/2023,02-February,5-Thursday,13:27,1300 Hours,District 1 (Central),,STORY,US 69,US 69 N,Collision with fixed object:  Ditch,On Roadway,Non-collision (single vehicle),Driving too fast for conditions,None Indicated,Weather conditions,Daylight,Snow,Snow,"Surface condition (e.g., wet, icy)",Non-intersection:  Non-junction/no special feature,Paved,N/A,Minor Injury,0,1,0,1,0,0,19000,1,1,Northbound (NB),POINT (-93.620391136659 42.189123525437)
20231347971,2023-001153,02/16/2023,02-February,5-Thursday,10:04,1000 Hours,District 6 (East Central),DUBUQUE,DUBUQUE,77,KAUFMANN AVE,Collision with fixed object:  Snow bank,On Roadway,Non-collision (single vehicle),Ran off road - right,None Indicated,Weather conditions,Daylight,Snow,Snow,"Surface condition (e.g., wet, icy)",Non-intersection:  Non-junction/no special feature,Paved,N/A,Property Damage Only,0,0,0,0,0,0,5000,1,1,Southbound (SB),POINT (-90.693664056089 42.516960435316)
20231348635,23SC04751,02/16/2023,02-February,5-Thursday,15:34,1500 Hours,District 3 (Northwest),SIOUX CITY,WOODBURY,77,FILMORE ST,Collision with:  Parked motor vehicle,On Roadway,Rear to side,Unknown,None Indicated,None apparent,Daylight,Dry,Clear,None apparent,Non-intersection:  Non-junction/no special feature,Paved,N/A,Possible/Unknown,0,1,0,0,0,1,1500,2,1,Northbound (NB),POINT (-96.357827124988 42.54692706719)
20231348117,20230004259,02/16/2023,02-February,5-Thursday,15:30,1500 Hours,District 1 (Central),DES MOINES,POLK,IA-28,IA 28 N MEASURING 590 FEET NORTH FROM US 6 W,Collision with:  Vehicle in traffic,On Roadway,Rear-end (front to rear),Driving too fast for conditions,None Indicated,Weather conditions,Daylight,Snow,Snow,"Surface condition (e.g., wet, icy)",Intersection:  Four-way intersection,Paved,N/A,Possible/Unknown,0,1,0,0,0,1,3000,2,2,Northbound (NB),POINT (-93.697692949115 41.631063375922)
20231348386,W23-013294,02/16/2023,02-February,5-Thursday,12:55,1200 Hours,District 2 (Northeast),WATERLOO,BLACK HAWK,77,LAFAYETTE ST AND ADRIAN ST,Collision with:  Vehicle in traffic,On Roadway,"Sideswipe, same direction",Driving too fast for conditions,None Indicated,Weather conditions,Daylight,Snow,Snow,"Surface condition (e.g., wet, icy)",Intersection:  T-intersection,Paved,N/A,Property Damage Only,0,0,0,0,0,0,6500,2,2,Northbound (NB),POINT (-92.308830493868 42.487675503311)
20231349068,2023005085,02/17/2023,02-February,6-Friday,16:43,1600 Hours,District 1 (Central),,POLK,I-80,INTERSTATE 80 WB 136.00 MILE MARKER,Collision with:  Vehicle in traffic,On Roadway,Rear-end (front to rear),Followed too close,None Indicated,None apparent,Daylight,Dry,Clear,"Traffic backup, prior crash",Non-intersection:  Non-junction/no special feature,Paved,N/A,Minor Injury,0,1,0,1,0,0,11500,3,3,Westbound (WB),POINT (-93.610527723773 41.649609751238)
20231350631,2023005086,02/17/2023,02-February,6-Friday,17:05,1700 Hours,District 1 (Central),,POLK,I-80,I 80 E 136.2,Collision with:  Vehicle in traffic,On Roadway,Rear-end (front to rear),Followed too close,None Indicated,None apparent,Daylight,Dry,Clear,"Traffic backup, prior crash",Non-intersection:  Non-junction/no special feature,Paved,N/A,Possible/Unknown,0,1,0,0,1,0,20000,2,2,Southbound (SB),POINT (-93.604906952464 41.649549397376)
20231348474,23-0835,02/18/2023,02-February,7-Saturday,11:59,1100 Hours,District 6 (East Central),CEDAR RAPIDS,LINN,77,BLAIRS FERRY RD NE,Collision with:  Vehicle in traffic,On Roadway,Rear-end (front to rear),Followed too close,None Indicated,None apparent,Daylight,Dry,Clear,None apparent,Non-intersection:  Non-junction/no special feature,Paved,N/A,Property Damage Only,0,0,0,0,0,0,8000,2,2,Southbound (SB),POINT (-91.662219860932 42.035054782012)
20231348847,23004821,02/19/2023,02-February,1-Sunday,01:19,0100 Hours,District 5 (Southeast),FORT MADISON,LEE,77,49 OAK DR,Collision with:  Parked motor vehicle,On Roadway,Head-on (front to front),Lost Control,Alcohol (Statutory),None apparent,Dark - roadway not lighted,Dry,Clear,None apparent,Non-intersection:  Non-junction/no special feature,Paved,N/A,Property Damage Only,0,0,0,0,0,0,3000,2,1,Northbound (NB),POINT (-91.34504601969 40.636500982294)
20231348694,23SC05121,02/20/2023,02-February,2-Monday,08:25,0800 Hours,District 3 (Northwest),SIOUX CITY,WOODBURY,77,VINE AVE,Collision with:  Parked motor vehicle,On Roadway,Rear-end (front to rear),Lost Control,None Indicated,None apparent,Unknown,Ice/frost,Unknown,None apparent,Non-intersection:  Non-junction/no special feature,Paved,N/A,Possible/Unknown,0,1,0,0,0,1,5000,2,1,Southbound (SB),POINT (-96.37377386969 42.477420734899)
20231349767,23SC05214,02/21/2023,02-February,3-Tuesday,10:32,1000 Hours,District 3 (Northwest),SIOUX CITY,WOODBURY,77,NEBRASKA ST AND 5TH ST,Collision with:  Vehicle in traffic,On Roadway,"Angle, oncoming left turn",Other (explain in narrative):  No improper action,None Indicated,None apparent,Daylight,Dry,Cloudy,None apparent,Intersection:  Four-way intersection,Paved,N/A,Property Damage Only,0,0,0,0,0,0,2500,2,3,Southbound (SB),POINT (-96.403462162158 42.495271330651)