Iowa DOT Case Number,Law Enforcement Case Number,Date of Crash,Month of Crash,Day of Week,Time of Crash,Hour,DOT District,City Name,County Name,Route with System,Location Description,First Harmful Event,Location of First Harmful Event,Manner of Crash/Collision,Major Cause,Drug or Alcohol ,Environmental Conditions,Light Conditions,Surface Conditions,Weather Conditions,Roadway Contribution,Roadway Type,Roadway Surface,Work Zone,Crash Severity,Number of Fatalities,Number of Injuries,Number of Major Injuries,Number of Minor Injuries,Number of Possible Injuries,Number of Unknown Injuries,Amount of Property Damage,Number of Vehicles Involved,Total Number of Occupants,Travel Direction,Location
20231349225,231149,02/22/2023,02-February,4-Wednesday,08:51,0800 Hours,District 3 (Northwest),,CALHOUN,IA-175,IA 175 E,Collision with:  Struck/struck by object/cargo/person from other vehicle,On Roadway,Head-on (front to front),Driver Distraction:  Inattentive/lost in thought,None Indicated,None apparent,Daylight,Dry,Cloudy,None apparent,Non-intersection:  Non-junction/no special feature,Paved,N/A,Minor Injury,0,1,0,1,0,0,3000,2,2,Southbound (SB),POINT (-94.681375880286 42.267393729397)
20231349500,2023005531,02/22/2023,02-February,4-Wednesday,18:26,1800 Hours,District 4 (Southwest),,POTTAWATTAMIE,I-80,I 80 E 31.8MM,Non-collision events:  Jackknife,Outside trafficway,Non-collision (single vehicle),Ran off road - right,None Indicated,Weather conditions,Dark - roadway not lighted,Ice/frost,Rain,"Surface condition (e.g., wet, icy)",Non-intersection:  Non-junction/no special feature,Paved,N/A,Property Damage Only,0,0,0,0,0,0,5000,1,1,Southbound (SB),POINT (-95.499176124891 41.499173732682)
20231350212,2023005550,02/23/2023,02-February,5-Thursday,08:07,0800 Hours,District 3 (Northwest),,SHELBY,US 59,US 59 N/F16 NB,Non-collision events:  Jackknife,Shoulder,Non-collision (single vehicle),Driving too fast for conditions,None Indicated,None apparent,Daylight,Ice/frost,Clear,"Surface condition (e.g., wet, icy)",Non-intersection:  Non-junction/no special feature,Paved,N/A,Property Damage Only,0,0,0,0,0,0,10000,1,1,Northbound (NB),POINT (-95.344171833396 41.860240977107)
20231349337,MC2300641,02/23/2023,02-February,5-Thursday,11:29,1100 Hours,District 2 (Northeast),MASON CITY,CERRO GORDO,77,SOUTH TAFT AVE,Collision with:  Vehicle in traffic,On Roadway,Rear-end (front to rear),Made improper turn,None Indicated,None apparent,Daylight,Slush,Clear,None apparent,"Non-intersection:  Driveway access (related, not in)",Paved,N/A,Property Damage Only,0,0,0,0,0,0,6000,2,3,Northbound (NB),POINT (-93.240636207861 43.15026689844)
20231349749,23SC05503,02/24/2023,02-February,6-Friday,14:00,1400 Hours,District 3 (Northwest),SIOUX CITY,WOODBURY,IA-812,IA 812 E,Collision with:  Vehicle in traffic,On Roadway,"Sideswipe, same direction",Improper or erratic lane changing,None Indicated,None apparent,Daylight,Dry,Clear,None apparent,Non-intersection:  Non-junction/no special feature,Paved,N/A,Property Damage Only,0,0,0,0,0,0,1700,2,2,Southbound (SB),POINT (-96.398319745534 42.48974226999)
20231349631,W23-015995,02/25/2023,02-February,7-Saturday,22:06,2200 Hours,District 2 (Northeast),WATERLOO,BLACK HAWK,77,600 BLK WEST 3RD ST,Collision with:  Vehicle in traffic,On Roadway,Rear-end (front to rear),Lost Control,None Indicated,None apparent,Dark - roadway lighted,Dry,Clear,None apparent,Non-intersection:  Non-junction/no special feature,Paved,N/A,Property Damage Only,0,0,0,0,0,0,20000,2,2,Northbound (NB),POINT (-92.346252941369 42.49295636116)
20231349871,CL2300193,02/26/2023,02-February,1-Sunday,00:00,0000 Hours,District 2 (Northeast),CLEAR LAKE,CERRO GORDO,77,1104 SOUTH 14TH ST,Collision with:  Parked motor vehicle,On Roadway,"Sideswipe, same direction",Lost Control,None Indicated,Unknown,Unknown,Snow,Unknown,Unknown,Non-intersection:  Non-junction/no special feature,Paved,N/A,Possible/Unknown,0,1,0,0,0,1,1500,2,1,Northbound (NB),POINT (-93.371229277381 43.12681125115)
20231349868,23SC5722,02/27/2023,02-February,2-Monday,07:55,0700 Hours,District 3 (Northwest),SIOUX CITY,WOODBURY,77,HARBOR DR AND MURRAY ST,Collision with:  Vehicle in traffic,On Roadway,"Angle, oncoming left turn",FTYROW:  Making left turn,None Indicated,None apparent,Daylight,Wet,Cloudy,None apparent,Intersection:  T-intersection,Paved,N/A,Possible/Unknown,0,2,0,0,2,0,10000,2,3,Northbound (NB),POINT (-96.371017211374 42.427454637219)
20231378545,23-006682,02/28/2023,02-February,3-Tuesday,20:15,2000 Hours,District 3 (Northwest),,POCAHONTAS,77,460TH ST,Collision with:  Animal,On Roadway,Non-collision (single vehicle),Animal,None Indicated,Animal in roadway,Dark - roadway not lighted,Dry,Clear,None apparent,Non-intersection:  Non-junction/no special feature,Paved,N/A,Property Damage Only,0,0,0,0,0,0,5000,1,1,Southbound (SB),POINT (-94.548249359545 42.820586628933)
20231350166,23016621,02/28/2023,02-February,3-Tuesday,08:04,0800 Hours,District 2 (Northeast),CEDAR FALLS,BLACK HAWK,77,MAIN ST/SEERLEY BLVD,Other (explain in narrative),On Roadway,Broadside (front to side),FTYROW:  Making right turn on red signal,None Indicated,None apparent,Daylight,Dry,Clear,None apparent,Intersection:  Four-way intersection,Paved,N/A,Property Damage Only,0,0,0,0,0,0,5000,2,5,Southbound (SB),POINT (-92.445836084635 42.515941694361)
20231380898,23-001062,03/01/2023,03-March,4-Wednesday,07:10,0700 Hours,District 1 (Central),ANKENY,POLK,77,NE 18TH STNE TRILEIN DR,Collision with:  Vehicle in traffic,On Roadway,Rear-end (front to rear),Other (explain in narrative):  Other,None Indicated,None apparent,Daylight,Dry,Clear,None apparent,Intersection:  Four-way intersection,Paved,N/A,Property Damage Only,0,0,0,0,0,0,6000,2,2,Northbound (NB),POINT (-93.59010627391 41.74621833843)
20231350365,23-1415,03/02/2023,03-March,5-Thursday,18:45,1800 Hours,District 1 (Central),,POLK,77,SE 78TH ST,Collision with:  Animal,Outside trafficway,Non-collision (single vehicle),Animal,None Indicated,Animal in roadway,Dark - roadway not lighted,Dry,Clear,None apparent,Non-intersection:  Non-junction/no special feature,Paved,N/A,Possible/Unknown,0,1,0,0,1,0,8300,1,1,Northbound (NB),POINT (-93.447897287081 41.553521456898)
20231350466,23-00994,03/03/2023,03-March,6-Friday,11:56,1100 Hours,District 1 (Central),WEST DES MOINES,DALLAS,77,1500 BLOCK 60TH ST--NB,Non-collision events:  Overturn/rollover,On Roadway,Rear-end (front to rear),Driving too fast for conditions,None Indicated,None apparent,Daylight,Dry,Clear,None apparent,Intersection:  Four-way intersection,Paved,N/A,Property Damage Only,0,0,0,0,0,0,3500,2,3,Northbound (NB),POINT (-93.790617610612 41.594865450393)
20231350999,23-3994,03/03/2023,03-March,6-Friday,17:13,1700 Hours,District 2 (Northeast),,BREMER,US 218,US 218 N,Collision with:  Animal,Unknown,N/A,Animal,None Indicated,N/A,N/A,N/A,N/A,N/A,N/A,Paved,N/A,Property Damage Only,0,0,0,0,0,0,5000,1,1,Northbound (NB),POINT (-92.508277046685 42.693818746708)
20231351034,23-001438,03/04/2023,03-March,7-Saturday,11:09,1100 Hours,District 5 (Southeast),WAPELLO,LOUISA,77,US 61 N AND MILL ST,Collision with:  Vehicle in traffic,On Roadway,"Sideswipe, opposite direction",Other (explain in narrative):  Other,None Indicated,None apparent,Daylight,Dry,Cloudy,None apparent,Non-intersection:  Non-junction/no special feature,Paved,N/A,Property Damage Only,0,0,0,0,0,0,4000,2,2,Southbound (SB),POINT (-91.195811875861 41.185998123583)
20231350854,PDI20230156,03/05/2023,03-March,1-Sunday,11:26,1100 Hours,District 1 (Central),GRINNELL,POWESHIEK,IA-146,2ND AVE AND IA 146 N,Collision with:  Vehicle in traffic,On Roadway,Broadside (front to side),FTYROW:  From stop sign,None Indicated,None apparent,Daylight,Dry,Clear,None apparent,Intersection:  Four-way intersection,Unpaved,N/A,Property Damage Only,0,0,0,0,0,0,5100,2,2,Eastbound (EB),POINT (-92.727371524446 41.740366711684)
20231351181,2023-8430,03/06/2023,03-March,2-Monday,08:41,0800 Hours,District 6 (East Central),,SCOTT,77,110 AVE & 130TH ST,Collision with:  Vehicle in traffic,On Roadway,Broadside (front to side),FTYROW:  Other (explain in narrative),None Indicated,None apparent,Daylight,Dry,Cloudy,None apparent,Intersection:  Four-way intersection,Paved,N/A,Minor Injury,0,3,0,3,0,0,30000,2,11,Northbound (NB),POINT (-90.688284258753 41.49450431935)
20231352910,S23-000508,03/07/2023,03-March,3-Tuesday,19:20,1900 Hours,District 4 (Southwest),,POTTAWATTAMIE,77,OLD MORMON BRIDGE RD,Collision with:  Animal,Unknown,N/A,Animal,None Indicated,N/A,N/A,N/A,N/A,N/A,N/A,Paved,N/A,Property Damage Only,0,0,0,0,0,0,5000,1,1,Southbound (SB),POINT (-95.866788444246 41.362326820406)
20231351393,2023-16057,03/08/2023,03-March,4-Wednesday,08:29,0800 Hours,District 6 (East Central),DAVENPORT,SCOTT,I-80,RAMP IA 130 E TO I 80 E AND IA 130 W,Collision with:  Vehicle in traffic,On Roadway,Rear-end (front to rear),Lost Control,None Indicated,None apparent,Daylight,Dry,Cloudy,None apparent,Intersection:  Four-way intersection,Paved,N/A,Minor Injury,0,2,0,1,1,0,7000,2,2,Southbound (SB),POINT (-90.61769763871 41.598780681349)
20231351349,W23-019438,03/09/2023,03-March,5-Thursday,13:18,1300 Hours,District 2 (Northeast),WATERLOO,BLACK HAWK,77,VINTON ST,Collision with:  Vehicle in traffic,On Roadway,Broadside (front to side),Ran Stop Sign,None Indicated,None apparent,Daylight,Dry,Clear,None apparent,Intersection:  Four-way intersection,Paved,N/A,Minor Injury,0,2,0,1,1,0,25000,2,5,Northbound (NB),POINT (-92.320809144601 42.498428036565)
20231351259,23-000958,03/09/2023,03-March,5-Thursday,10:59,1000 Hours,District 5 (Southeast),,KEOKUK,77,330TH AVE,Non-collision events:  Overturn/rollover,On Roadway,Non-collision (single vehicle),Other (explain in narrative):  No improper action,None Indicated,Weather conditions,Daylight,Snow,Blowing snow,"Surface condition (e.g., wet, icy)",Non-intersection:  Non-junction/no special feature,Paved,N/A,Property Damage Only,0,0,0,0,0,0,25000,1,1,Northbound (NB),POINT (-91.966111728016 41.348944856246)
20231351703,2023-16612,03/10/2023,03-March,6-Friday,16:27,1600 Hours,District 6 (East Central),DAVENPORT,SCOTT,77,EAST 53RD ST AND JERSEY RIDGE RD,Collision with:  Vehicle in traffic,On Roadway,Head-on (front to front),Ran Traffic Signal,None Indicated,None apparent,Daylight,Dry,Cloudy,None apparent,Intersection:  Four-way intersection,Paved,N/A,Possible/Unknown,0,1,0,0,1,0,10000,2,2,Northbound (NB),POINT (-90.541614362191 41.574806340545)
20231351459,2023-001705,03/10/2023,03-March,6-Friday,10:27,1000 Hours,District 6 (East Central),DUBUQUE,DUBUQUE,77,ASBURY RD,Collision with:  Vehicle in traffic,On Roadway,Rear to side,Improper Backing,None Indicated,None apparent,Daylight,Dry,Clear,None apparent,Non-intersection:  Non-junction/no special feature,Paved,N/A,Property Damage Only,0,0,0,0,0,0,2000,2,4,Northbound (NB),POINT (-90.708488482505 42.508360809129)
20231351710,23037474,03/11/2023,03-March,7-Saturday,18:41,1800 Hours,District 6 (East Central),,JOHNSON,77,OAK CREST HILL RD SE,Collision with:  Vehicle in traffic,On Roadway,Broadside (front to side),Driver Distraction:  Other interior distraction,None Indicated,None apparent,Dark - roadway not lighted,Slush,Snow,None apparent,Non-intersection:  Non-junction/no special feature,Paved,N/A,Property Damage Only,0,0,0,0,0,0,15000,2,5,Northbound (NB),POINT (-91.545121063523 41.617524340711)
20231351761,P23-00620,03/11/2023,03-March,7-Saturday,21:41,2100 Hours,District 5 (Southeast),BURLINGTON,DES MOINES,77,CENTRAL AVE,Collision with:  Vehicle in traffic,On Roadway,Broadside (front to side),Unknown,None Indicated,None apparent,Dark - roadway lighted,Wet,Rain,None apparent,Intersection:  Four-way intersection,Paved,N/A,Possible/Unknown,0,1,0,0,0,1,5000,2,3,Northbound (NB),POINT (-91.111303656923 40.812414834896)
20231351836,C23-3875,03/12/2023,03-March,1-Sunday,18:12,1800 Hours,District 3 (Northwest),,SAC,IA-39,350TH ST AND IA 39 N MEASURING 332 FEET SOUTH FROM IA 39 N,Non-collision events:  Overturn/rollover,On Roadway,Non-collision (single vehicle),Ran off road - left,None Indicated,Weather conditions,Dusk,Ice/frost,Blowing snow,"Surface condition (e.g., wet, icy)",Non-intersection:  Non-junction/no special feature,Paved,N/A,Property Damage Only,0,0,0,0,0,0,18000,1,1,Northbound (NB),POINT (-95.245228879907 42.282971529224)
20231351926,23-7145,03/13/2023,03-March,2-Monday,11:04,1100 Hours,District 1 (Central),NEWTON,JASPER,77,SOUTH 2ND AVE EAST AND EAST 3RD ST SOUTH,Collision with:  Vehicle in traffic,On Roadway,Broadside (front to side),FTYROW:  From stop sign,None Indicated,None apparent,Daylight,Dry,Clear,None apparent,Intersection:  Four-way intersection,Paved,N/A,Property Damage Only,0,0,0,0,0,0,7000,2,2,Southbound (SB),POINT (-93.051017161371 41.698588590855)
20231352224,2023002028,03/14/2023,03-March,3-Tuesday,13:49,1300 Hours,District 6 (East Central),IOWA CITY,JOHNSON,77,KEOKUK ST MEASURING 125 FEET NORTH FROM SOUTHGATE AVE,Collision with:  Vehicle in traffic,On Roadway,Rear-end (front to rear),Followed too close,None Indicated,None apparent,Daylight,Dry,Clear,None apparent,Intersection:  T-intersection,Paved,N/A,Possible/Unknown,0,1,0,0,1,0,4500,2,6,Northbound (NB),POINT (-91.524925780703 41.640991094685)
20231354764,2023007480,03/15/2023,03-March,4-Wednesday,20:02,2000 Hours,District 1 (Central),,JASPER,I-80,154 MM INTERSTATE 80 EB,Collision with:  Other non-fixed object (explain in narrative),On Roadway,Non-collision (single vehicle),Unknown,None Indicated,None apparent,Dark - roadway not lighted,Dry,Clear,Debris,Non-intersection:  Non-junction/no special feature,Paved,N/A,Property Damage Only,0,0,0,0,0,0,2000,1,2,Southbound (SB),POINT (-93.255629153734 41.690146139443)
20231353139,2023007591,03/16/2023,03-March,5-Thursday,20:09,2000 Hours,District 6 (East Central),,JOHNSON,I-380,NB INTERSTATE 380 @ 3MM,Collision with:  Vehicle in traffic,On Roadway,"Sideswipe, same direction",Lost Control,Alcohol (Statutory),None apparent,Dark - roadway not lighted,Wet,Rain,None apparent,Non-intersection:  Non-junction/no special feature,Paved,N/A,Property Damage Only,0,0,0,0,0,0,1500,2,3,Northbound (NB),POINT (-91.642129777119 41.747086240574)
20231352534,23-1408,03/17/2023,03-March,6-Friday,20:26,2000 Hours,District 3 (Northwest),,IDA,US 59,US 59 N/ INDIAN AVE,Collision with:  Animal,On Roadway,Non-collision (single vehicle),Animal,None Indicated,Animal in roadway,N/A,N/A,N/A,N/A,N/A,Paved,N/A,Property Damage Only,0,0,0,0,0,0,10000,1,2,Northbound (NB),POINT (-95.496398711 42.349729172393)
20231353072,23010905,03/18/2023,03-March,7-Saturday,07:57,0700 Hours,District 5 (Southeast),,MUSCATINE,77,NORTH MULBERRY RD,Non-collision events:  Overturn/rollover,On Roadway,Non-collision (single vehicle),Ran off road - left,None Indicated,None apparent,Daylight,Dry,Cloudy,None apparent,Non-intersection:  Non-junction/no special feature,Paved,N/A,Property Damage Only,0,0,0,0,0,0,20000,1,1,Northbound (NB),POINT (-91.093668715494 41.466634137372)
20231353012,2023007760,03/19/2023,03-March,1-Sunday,16:29,1600 Hours,District 5 (Southeast),HEDRICK,KEOKUK,77,BROOKS ST MEASURING 82 FEET SOUTH FROM IA 149 N,Miscellaneous events:  Eluding law enforcement,On Roadway,Non-collision (single vehicle),Exceeded authorized speed,None Indicated,None apparent,Daylight,Dry,Clear,None apparent,Non-intersection:  Non-junction/no special feature,Paved,N/A,Property Damage Only,0,0,0,0,0,0,5100,1,1,Northbound (NB),POINT (-92.304004215054 41.176590199653)
20231353145,23-037,03/20/2023,03-March,2-Monday,18:52,1800 Hours,District 3 (Northwest),SIOUX CENTER,SIOUX,77,7TH ST NW AND 7TH ST NE AND US 75 N,Collision with:  Vehicle in traffic,On Roadway,"Angle, oncoming left turn",FTYROW:  Making left turn,None Indicated,None apparent,Daylight,Dry,Clear,None apparent,Intersection:  Four-way intersection,Paved,N/A,Property Damage Only,0,0,0,0,0,0,7500,2,5,Southbound (SB),POINT (-96.175725788057 43.084314616786)
20231353886,SO23-00240,03/21/2023,03-March,3-Tuesday,08:56,0800 Hours,District 1 (Central),,MARSHALL,IA-330,IA 330 N,Collision with:  Vehicle in traffic,On Roadway,Broadside (front to side),FTYROW:  From stop sign,None Indicated,None apparent,Daylight,Dry,Clear,None apparent,Intersection:  Intersection with ramp,Paved,N/A,Possible/Unknown,0,1,0,0,1,0,13000,2,2,Northbound (NB),POINT (-93.018778903053 42.009201245519)
20231353214,23-008274,03/22/2023,03-March,4-Wednesday,21:39,2100 Hours,District 5 (Southeast),,LEE,77,240TH AVE,Collision with:  Animal,Unknown,N/A,Animal,None Indicated,N/A,N/A,N/A,N/A,N/A,N/A,Paved,N/A,Property Damage Only,0,0,0,0,0,0,2000,1,1,Northbound (NB),POINT (-91.449020974278 40.772788323956)
20231353259,W23-023454,03/22/2023,03-March,4-Wednesday,15:27,1500 Hours,District 2 (Northeast),WATERLOO,BLACK HAWK,77,100 BLOCK W 18TH ST,Collision with:  Vehicle in traffic,On Roadway,Rear-end (front to rear),Followed too close,None Indicated,None apparent,Daylight,Dry,Clear,None apparent,Non-intersection:  Non-junction/no special feature,Paved,N/A,Property Damage Only,0,0,0,0,0,0,2000,2,2,Northbound (NB),POINT (-92.32524606213 42.485323735604)
20231353367,23-0440,03/23/2023,03-March,5-Thursday,20:52,2000 Hours,District 1 (Central),,GREENE,IA-4,IA 4 N,Collision with:  Animal,Unknown,N/A,Animal,None Indicated,N/A,N/A,N/A,N/A,N/A,N/A,Paved,N/A,Property Damage Only,0,0,0,0,0,0,3000,1,3,Northbound (NB),POINT (-94.367322734239 41.890801536579)
20231353439,23001846,03/24/2023,03-March,6-Friday,13:24,1300 Hours,District 3 (Northwest),SHELDON,OBRIEN,77,WEST 16TH ST AND 16TH ST AND WOODCOCK AVE AND 2ND AVE,Collision with:  Vehicle in traffic,On Roadway,Broadside (front to side),FTYROW:  Making left turn,None Indicated,Non-motorist action,Daylight,Dry,Clear,None apparent,Intersection:  Four-way intersection,Paved,N/A,Possible/Unknown,0,1,0,0,1,0,14000,2,3,Southbound (SB),POINT (-95.860191365022 43.171330912956)
20231353736,23-006514,03/25/2023,03-March,7-Saturday,21:18,2100 Hours,District 2 (Northeast),,FAYETTE,IA-150,IA 150 N,Collision with:  Animal,Unknown,N/A,Animal,None Indicated,N/A,N/A,N/A,N/A,N/A,N/A,Paved,N/A,Property Damage Only,0,0,0,0,0,0,1500,1,1,Northbound (NB),POINT (-91.810487103104 42.873134716571)
20231353639,20230007974,03/26/2023,03-March,1-Sunday,21:19,2100 Hours,District 1 (Central),DES MOINES,POLK,77,IA 163 E AND EAST 23RD ST,Collision with:  Vehicle in traffic,On Roadway,Broadside (front to side),FTYROW:  Making left turn,Under Influence of Alcohol/Drugs/Medications,None apparent,Dark - roadway lighted,Dry,Clear,None apparent,Intersection:  Four-way intersection,Paved,N/A,Minor Injury,0,1,0,1,0,0,21750,2,2,Northbound (NB),POINT (-93.574496068656 41.600399984528)
20231353747,23-002932,03/27/2023,03-March,2-Monday,07:24,0700 Hours,District 4 (Southwest),COUNCIL BLUFFS,POTTAWATTAMIE,I-480,N FRONTAGE ROAD AND W BROADWAY,Collision with:  Vehicle in traffic,On Roadway,Broadside (front to side),Ran Traffic Signal,None Indicated,None apparent,Daylight,Dry,Clear,None apparent,Intersection:  Four-way intersection,Paved,N/A,Property Damage Only,0,0,0,0,0,0,15000,2,2,Westbound (WB),POINT (-95.906911765582 41.26196261341)
20231353710,23002613,03/27/2023,03-March,2-Monday,06:50,0600 Hours,District 2 (Northeast),CLARION,WRIGHT,77,WILLOW DR,Other (explain in narrative),Outside trafficway,Other (explain in narrative),Driver Distraction:  Other interior distraction,None Indicated,None apparent,Dawn,Dry,Clear,None apparent,"Non-intersection:  Driveway access (related, not in)",Paved,N/A,Property Damage Only,0,0,0,0,0,0,5000,2,1,Southbound (SB),POINT (-93.716464324955 42.736364098518)
20231353975,20230008146,03/28/2023,03-March,3-Tuesday,12:39,1200 Hours,District 1 (Central),DES MOINES,POLK,77,3500BLK I235 EB,Collision with fixed object:  Concrete traffic barrier (median or right side),Shoulder,Non-collision (single vehicle),Lost Control,None Indicated,None apparent,Daylight,Dry,Clear,None apparent,Non-intersection:  Non-junction/no special feature,Paved,N/A,Property Damage Only,0,0,0,0,0,0,4000,1,1,Northbound (NB),POINT (-93.664194444285 41.593323466932)
20231354178,20230008240,03/29/2023,03-March,4-Wednesday,11:25,1100 Hours,District 1 (Central),DES MOINES,POLK,77,EAST BELL AVE AND US 69 N MEASURING 40 FEET SOUTH FROM US 69 N,Collision with:  Vehicle in traffic,On Roadway,"Sideswipe, same direction",Aggressive driving/road rage,None Indicated,None apparent,Daylight,Dry,Clear,None apparent,Non-intersection:  Non-junction/no special feature,Paved,N/A,Property Damage Only,0,0,0,0,0,0,4000,3,3,Southbound (SB),POINT (-93.596863466156 41.562581616511)
20231354282,23-8897,03/30/2023,03-March,5-Thursday,02:25,0200 Hours,District 1 (Central),,JASPER,77,HIGHWAY F-48 WEST,Collision with:  Animal,Unknown,N/A,Animal,None Indicated,N/A,N/A,N/A,N/A,N/A,N/A,Paved,N/A,Property Damage Only,0,0,0,0,0,0,8000,1,1,Southbound (SB),POINT (-93.126353223729 41.69558512017)
20231354444,2023008829,03/31/2023,03-March,6-Friday,16:13,1600 Hours,District 5 (Southeast),,KEOKUK,IA-149,IA 149 N MEASURING 1604 FEET N OF V5G,Collision with:  Vehicle in traffic,On Roadway,Rear-end (front to rear),Exceeded authorized speed,None Indicated,Weather conditions,Daylight,Wet,Rain,None apparent,Non-intersection:  Non-junction/no special feature,Paved,N/A,Minor Injury,0,1,0,1,0,0,12000,2,2,Northbound (NB),POINT (-92.204505589781 41.286543234556)
20231354856,23-003630,04/01/2023,04-April,7-Saturday,20:39,2000 Hours,District 3 (Northwest),,PLYMOUTH,IA-12,IA 12 N MEASURING 731 FEET NORTH FROM IA 12 N,Collision with:  Animal,Unknown,N/A,Animal,None Indicated,N/A,N/A,N/A,N/A,N/A,N/A,Paved,N/A,Property Damage Only,0,0,0,0,0,0,1510,1,1,Northbound (NB),POINT (-96.540401282983 42.851348813325)
20231354567,20230008684,04/02/2023,04-April,1-Sunday,21:02,2100 Hours,District 1 (Central),DES MOINES,POLK,77,INDIANOLA AVE AND SE 1ST ST AND INDIANOLA RD,Collision with fixed object:  Curb/island/raised median,On Roadway,Non-collision (single vehicle),Lost Control,Under Influence of Alcohol/Drugs/Medications,None apparent,Dark - roadway not lighted,Dry,Clear,None apparent,Non-intersection:  Non-junction/no special feature,Paved,N/A,Minor Injury,0,1,0,1,0,0,1500,1,1,Eastbound (EB),POINT (-93.615412887154 41.572319788024)
20231355591,2023009020,04/03/2023,04-April,2-Monday,15:06,1500 Hours,District 1 (Central),,POLK,77,I-80 EB 133.5MM,Collision with:  Vehicle in traffic,On Roadway,Rear-end (front to rear),"Operating vehicle in an reckless, erratic, careless, negligent manner",None Indicated,None apparent,Daylight,Dry,Cloudy,None apparent,Non-intersection:  Non-junction/no special feature,Paved,N/A,Possible/Unknown,0,1,0,0,1,0,2500,2,3,Southbound (SB),POINT (-93.621387053001 41.647443883103)
20231355434,202304589,04/04/2023,04-April,3-Tuesday,12:54,1200 Hours,District 6 (East Central),CEDAR RAPIDS,LINN,77,DIAGONAL DR SW/3RD ST SW,Collision with:  Vehicle in traffic,On Roadway,Rear-end (front to rear),Followed too close,None Indicated,None apparent,Daylight,Wet,Cloudy,None apparent,Intersection:  Other intersection (explain in narrative),Paved,N/A,Property Damage Only,0,0,0,0,0,0,8500,2,4,Northbound (NB),POINT (-91.672662740177 41.970924341374)
20231355004,20230008901,04/05/2023,04-April,4-Wednesday,07:05,0700 Hours,District 1 (Central),DES MOINES,POLK,77,SE 36TH ST AND 5 FEET EAST OF E ARMY POST RD,Collision with:  Vehicle in traffic,On Roadway,Broadside (front to side),FTYROW:  From stop sign,None Indicated,None apparent,Daylight,Dry,Cloudy,None apparent,Intersection:  Four-way intersection,Paved,N/A,Property Damage Only,0,0,0,0,0,0,3500,2,4,Southbound (SB),POINT (-93.544086346371 41.525814308896)
20231355325,2023-09507,04/05/2023,04-April,4-Wednesday,12:10,1200 Hours,District 5 (Southeast),INDIANOLA,WARREN,77,1800 BLK N JEFFERSON WAY,Collision with:  Vehicle in traffic,On Roadway,"Sideswipe, same direction",Improper or erratic lane changing,None Indicated,None apparent,Daylight,Dry,Clear,None apparent,Intersection:  Four-way intersection,Paved,N/A,Property Damage Only,0,0,0,0,0,0,3500,2,2,Southbound (SB),POINT (-93.557975878105 41.380241014201)
20231355724,P23-02099,04/06/2023,04-April,5-Thursday,20:01,2000 Hours,District 5 (Southeast),BURLINGTON,DES MOINES,77,CAMBRIDGE DR AND MASON RD,Collision with fixed object:  Fire hydrant,Roadside,Non-collision (single vehicle),Ran off road - right,None Indicated,None apparent,Dusk,Dry,Clear,None apparent,Non-intersection:  Non-junction/no special feature,Paved,N/A,Minor Injury,0,1,0,1,0,0,14000,1,2,Northbound (NB),POINT (-91.130929298259 40.792836220065)
20231394027,262300848,04/07/2023,04-April,6-Friday,20:30,2000 Hours,District 5 (Southeast),,DAVIS,US 63,US 63 N,Collision with:  Animal,Unknown,N/A,Animal,None Indicated,N/A,N/A,N/A,N/A,N/A,N/A,Paved,N/A,Property Damage Only,0,0,0,0,0,0,5000,1,2,Northbound (NB),POINT (-92.409573080994 40.897207587291)
20231355295,2300883,04/07/2023,04-April,6-Friday,07:52,0700 Hours,District 5 (Southeast),BLOOMFIELD,DAVIS,US 63,US 63 N,Collision with:  Vehicle in traffic,On Roadway,Rear-end (front to rear),Followed too close,None Indicated,None apparent,Daylight,Dry,Clear,None apparent,Intersection:  T-intersection,Paved,N/A,Property Damage Only,0,0,0,0,0,0,2100,2,3,Northbound (NB),POINT (-92.412682355008 40.740043966538)
20231355416,20230009314,04/08/2023,04-April,7-Saturday,23:20,2300 Hours,District 1 (Central),DES MOINES,POLK,77,146 E DOUGLAS AVE.,Collision with:  Parked motor vehicle,On Roadway,Rear-end (front to rear),Failed to keep in proper lane,Alcohol (Statutory),None apparent,Dark - roadway lighted,Dry,Clear,None apparent,Non-intersection:  Non-junction/no special feature,Paved,N/A,Property Damage Only,0,0,0,0,0,0,7500,2,1,Southbound (SB),POINT (-93.616605121317 41.629545357715)
20231355485,23-2274,04/09/2023,04-April,1-Sunday,13:36,1300 Hours,District 1 (Central),,POLK,77,NE 22ND ST AND NE 46TH AVE,Collision with:  Vehicle in traffic,On Roadway,Broadside (front to side),Ran Traffic Signal,None Indicated,None apparent,Daylight,Dry,Clear,None apparent,Intersection:  Four-way intersection,Paved,N/A,Property Damage Only,0,0,0,0,0,0,16000,2,4,Northbound (NB),POINT (-93.581344739941 41.644140581147)
20231355658,23-003502,04/10/2023,04-April,2-Monday,11:40,1100 Hours,District 4 (Southwest),COUNCIL BLUFFS,POTTAWATTAMIE,77,2900 BLOCK OF SOUTH 24TH ST,Collision with:  Vehicle in traffic,On Roadway,"Angle, oncoming left turn",Made improper turn,None Indicated,None apparent,Daylight,Dry,Clear,None apparent,Intersection:  Intersection with ramp,Paved,N/A,Property Damage Only,0,0,0,0,0,0,5300,2,2,Northbound (NB),POINT (-95.879152865699 41.231354644613)
20231355961,W23-029918,04/11/2023,04-April,3-Tuesday,15:50,1500 Hours,District 2 (Northeast),WATERLOO,BLACK HAWK,77,200 BLOCK OF EDWARDS ST,Collision with fixed object:  Utility pole/light support,Shoulder,Non-collision (single vehicle),"Operating vehicle in an reckless, erratic, careless, negligent manner",None Indicated,None apparent,Daylight,Dry,Clear,None apparent,Non-intersection:  Non-junction/no special feature,Paved,N/A,Property Damage Only,0,0,0,0,0,0,10000,1,1,Southbound (SB),POINT (-92.339864485089 42.510282970421)