Iowa DOT Case Number,Law Enforcement Case Number,Date of Crash,Month of Crash,Day of Week,Time of Crash,Hour,DOT District,City Name,County Name,Route with System,Location Description,First Harmful Event,Location of First Harmful Event,Manner of Crash/Collision,Major Cause,Drug or Alcohol ,Environmental Conditions,Light Conditions,Surface Conditions,Weather Conditions,Roadway Contribution,Roadway Type,Roadway Surface,Work Zone,Crash Severity,Number of Fatalities,Number of Injuries,Number of Major Injuries,Number of Minor Injuries,Number of Possible Injuries,Number of Unknown Injuries,Amount of Property Damage,Number of Vehicles Involved,Total Number of Occupants,Travel Direction,Location
20231361067,2023009669,04/11/2023,04-April,3-Tuesday,05:30,0500 Hours,District 4 (Southwest),,DALLAS,IA-44,IA 44 E APPROX 100 FEET EAST OF HWY 169,Non-collision events:  Jackknife,On Roadway,Non-collision (single vehicle),Made improper turn,None Indicated,None apparent,Dark - roadway not lighted,Dry,Clear,None apparent,Non-intersection:  Non-junction/no special feature,Unpaved,N/A,Property Damage Only,0,0,0,0,0,0,3000,1,1,Westbound (WB),POINT (-94.021965866129 41.688372406225)
20231358311,S23-030128,04/12/2023,04-April,4-Wednesday,09:49,0900 Hours,District 2 (Northeast),,BLACK HAWK,77,DYSART RD,Collision with:  Vehicle in traffic,On Roadway,Broadside (front to side),Ran Stop Sign,None Indicated,None apparent,Daylight,Dry,Clear,None apparent,Intersection:  Four-way intersection,Paved,N/A,Minor Injury,0,2,0,1,1,0,40000,2,2,Northbound (NB),POINT (-92.298730246445 42.3120696768)
20231356571,2303298,04/13/2023,04-April,5-Thursday,13:40,1300 Hours,District 5 (Southeast),PELLA,MARION,77,BRDWAY ST AND MONROE ST,Collision with:  Vehicle in traffic,On Roadway,Broadside (front to side),FTYROW:  From stop sign,None Indicated,None apparent,Daylight,Dry,Clear,None apparent,Intersection:  Four-way intersection,Paved,N/A,Property Damage Only,0,0,0,0,0,0,10500,2,3,Northbound (NB),POINT (-92.918323097692 41.413920150482)
20231357126,23001365,04/14/2023,04-April,6-Friday,23:52,2300 Hours,District 1 (Central),AMES,STORY,77,WELCH AVE,Collision with:  Vehicle in traffic,On Roadway,Rear-end (front to rear),Unknown,None Indicated,None apparent,Dark - roadway lighted,Dry,Clear,None apparent,Intersection:  Four-way intersection,Paved,N/A,Possible/Unknown,0,1,0,0,0,1,2500,2,3,Northbound (NB),POINT (-93.650114439168 42.021412081124)
20231356692,MC2301267,04/14/2023,04-April,6-Friday,13:15,1300 Hours,District 2 (Northeast),MASON CITY,CERRO GORDO,77,SOUTH PRESIDENT AVE,Collision with:  Vehicle in traffic,On Roadway,"Sideswipe, same direction",FTYROW:  Making left turn,None Indicated,None apparent,Daylight,Dry,Cloudy,None apparent,Intersection:  Four-way intersection,Paved,N/A,Property Damage Only,0,0,0,0,0,0,4500,2,4,Northbound (NB),POINT (-93.203533234514 43.147214230415)
20231356528,23-01746,04/15/2023,04-April,7-Saturday,20:40,2000 Hours,District 1 (Central),WEST DES MOINES,POLK,I-235,"RAMP I 235 W TO SOUTH 50TH ST, N",Collision with:  Vehicle in traffic,On Roadway,Rear-end (front to rear),Followed too close,None Indicated,None apparent,Dark - roadway lighted,Dry,Cloudy,None apparent,Interchange-related:  Off-ramp,Paved,N/A,Property Damage Only,0,0,0,0,0,0,4000,2,2,Westbound (WB),POINT (-93.770914511143 41.592756465638)
20231356693,SOP202300332,04/16/2023,04-April,1-Sunday,22:30,2200 Hours,District 6 (East Central),,IOWA,77,1800 BLOCK L AVE,Non-collision events:  Overturn/rollover,Outside trafficway,Non-collision (single vehicle),Ran off road - left,None Indicated,Animal in roadway,Dark - roadway not lighted,Gravel,Cloudy,None apparent,Non-intersection:  Non-junction/no special feature,Unpaved,N/A,Property Damage Only,0,0,0,0,0,0,8800,1,1,Northbound (NB),POINT (-92.084909599851 41.738901630858)
20231356879,23-7998,04/17/2023,04-April,2-Monday,22:31,2200 Hours,District 6 (East Central),,JACKSON,77,17TH AVE,Collision with fixed object:  Ditch,Shoulder,Non-collision (single vehicle),"Operating vehicle in an reckless, erratic, careless, negligent manner",None Indicated,None apparent,Dark - roadway not lighted,Dry,Clear,None apparent,Non-intersection:  Non-junction/no special feature,Unpaved,N/A,Major Injury,0,2,2,0,0,0,5000,1,2,Northbound (NB),POINT (-90.882991402538 42.054899221609)
20231356904,S23-000694,04/18/2023,04-April,3-Tuesday,13:55,1300 Hours,District 4 (Southwest),,POTTAWATTAMIE,77,SUMAC RD,Collision with fixed object:  Ditch,Outside trafficway,Non-collision (single vehicle),Ran off road - straight,None Indicated,None apparent,Daylight,Dry,Clear,None apparent,Intersection:  T-intersection,Unpaved,N/A,Minor Injury,0,1,0,1,0,0,10000,1,1,Southbound (SB),POINT (-95.212990998881 41.432788029306)
20231357137,23-005409,04/18/2023,04-April,3-Tuesday,15:53,1500 Hours,District 2 (Northeast),CHARLES CITY,FLOYD,77,WISCONSIN ST AND FERGUSON ST,Collision with:  Vehicle in traffic,On Roadway,Broadside (front to side),FTYROW:  From stop sign,None Indicated,None apparent,Daylight,Dry,Clear,None apparent,Intersection:  T-intersection,Paved,N/A,Minor Injury,0,1,0,1,0,0,10000,2,3,Northbound (NB),POINT (-92.675706166843 43.069160283488)
20231357076,23-001934,04/19/2023,04-April,4-Wednesday,16:08,1600 Hours,District 1 (Central),ANKENY,POLK,77,500 EAST 1ST ST,Collision with:  Vehicle in traffic,On Roadway,"Sideswipe, same direction",Improper or erratic lane changing,None Indicated,None apparent,Daylight,Dry,Clear,None apparent,Non-intersection:  Non-junction/no special feature,Paved,N/A,Property Damage Only,0,0,0,0,0,0,1800,2,2,Southbound (SB),POINT (-93.591140993878 41.731837810903)
20231357215,23-01844,04/20/2023,04-April,5-Thursday,07:20,0700 Hours,District 1 (Central),WEST DES MOINES,POLK,IA-5,IA 5 N,Collision with fixed object:  Traffic sign support,On Roadway,Non-collision (single vehicle),Unknown,None Indicated,None apparent,Daylight,Wet,Rain,None apparent,Non-intersection:  Non-junction/no special feature,Paved,N/A,Property Damage Only,0,0,0,0,0,0,5300,1,1,Northbound (NB),POINT (-93.771733421644 41.524466914062)
20231357314,23-003112,04/21/2023,04-April,6-Friday,06:19,0600 Hours,District 1 (Central),,HAMILTON,77,380TH ST,Collision with:  Animal,On Roadway,Non-collision (single vehicle),Animal,None Indicated,Animal in roadway,N/A,N/A,N/A,N/A,N/A,Paved,N/A,Property Damage Only,0,0,0,0,0,0,10000,1,2,Southbound (SB),POINT (-93.706487829446 42.238277131464)
20231357476,23-2060,04/21/2023,04-April,6-Friday,20:45,2000 Hours,District 3 (Northwest),,IDA,IA-175,IA 175 E,Collision with:  Animal,Unknown,N/A,Animal,None Indicated,N/A,N/A,N/A,N/A,N/A,N/A,Paved,N/A,Property Damage Only,0,0,0,0,0,0,5000,1,1,Southbound (SB),POINT (-95.432465387651 42.332679173923)
20231357515,20230010759,04/22/2023,04-April,7-Saturday,21:07,2100 Hours,District 1 (Central),DES MOINES,POLK,77,ARMY POST RD MEASURING 106 FEET EAST FROM ARMY POST RD,Collision with:  Parked motor vehicle,On Roadway,Rear-end (front to rear),Exceeded authorized speed,Alcohol (Statutory),None apparent,Dark - roadway lighted,Dry,Clear,None apparent,Non-intersection:  Non-junction/no special feature,Paved,N/A,Minor Injury,0,2,0,2,0,0,10000,2,2,Southbound (SB),POINT (-93.61919691632 41.526425230019)
20231357565,2023-002862,04/23/2023,04-April,1-Sunday,12:43,1200 Hours,District 6 (East Central),DUBUQUE,DUBUQUE,77,MAIN ST,Collision with:  Re-entering roadway,On Roadway,"Sideswipe, same direction",FTYROW:  From parked position,None Indicated,None apparent,Daylight,Dry,Cloudy,None apparent,Non-intersection:  Other non-intersection (explain in narrative),Paved,N/A,Possible/Unknown,0,1,0,0,1,0,22000,3,4,Northbound (NB),POINT (-90.665185623629 42.497184367013)
20231357886,202305621,04/24/2023,04-April,2-Monday,17:58,1700 Hours,District 6 (East Central),CEDAR RAPIDS,LINN,77,37TH AVE SW AND EDGEWOOD RD SW,Collision with:  Vehicle in traffic,On Roadway,Broadside (front to side),Ran Traffic Signal,None Indicated,None apparent,Daylight,Dry,Cloudy,None apparent,Intersection:  Four-way intersection,Paved,N/A,Property Damage Only,0,0,0,0,0,0,4000,2,4,Southbound (SB),POINT (-91.715836017972 41.941937206929)
20231358070,MC2301409,04/25/2023,04-April,3-Tuesday,16:24,1600 Hours,District 2 (Northeast),MASON CITY,CERRO GORDO,IA-122,IA 122 W,Collision with:  Vehicle in traffic,On Roadway,"Sideswipe, same direction",Driver Distraction:  Other interior distraction,None Indicated,None apparent,Daylight,Dry,Clear,None apparent,Non-intersection:  Non-junction/no special feature,Paved,N/A,Property Damage Only,0,0,0,0,0,0,19000,2,6,Westbound (WB),POINT (-93.201737548075 43.147163381399)
20231358442,202305716,04/26/2023,04-April,4-Wednesday,17:29,1700 Hours,District 6 (East Central),CEDAR RAPIDS,LINN,I-380,I 380 N,Collision with fixed object:  Cable barrier,On Roadway,Non-collision (single vehicle),Ran off road - right,None Indicated,None apparent,Daylight,Dry,Clear,None apparent,Interchange-related:  On-ramp merge area,Paved,N/A,Property Damage Only,0,0,0,0,0,0,3000,1,1,Northbound (NB),POINT (-91.66958065637 41.928792354177)
20231362876,2023-0760,04/27/2023,04-April,5-Thursday,22:17,2200 Hours,District 1 (Central),JEFFERSON,GREENE,IA-4,WEST WASHINGOTN ST AND NORTH ELM ST,Collision with fixed object:  Tree,On Roadway,Non-collision (single vehicle),"Operating vehicle in an reckless, erratic, careless, negligent manner",Alcohol (Statutory),None apparent,Dark - roadway lighted,Dry,Clear,None apparent,Unknown,Paved,N/A,Minor Injury,0,1,0,1,0,0,15000,1,1,Northbound (NB),POINT (-94.37740812712 42.017257766102)
20231358336,23-004248,04/27/2023,04-April,5-Thursday,16:10,1600 Hours,District 2 (Northeast),,CLAYTON,IA-3,IA 3 E,Collision with fixed object:  Ditch,Roadside,Non-collision (single vehicle),Ran off road - right,None Indicated,None apparent,Daylight,Dry,Clear,None apparent,Non-intersection:  Non-junction/no special feature,Paved,N/A,Possible/Unknown,0,1,0,0,1,0,7000,1,1,Southbound (SB),POINT (-91.561577865355 42.687949075661)
20231358361,23-002100,04/28/2023,04-April,6-Friday,15:02,1500 Hours,District 1 (Central),ANKENY,POLK,77,500 BLOCK NE FOUR MILE DR,Other (explain in narrative),On Roadway,Non-collision (single vehicle),Exceeded authorized speed,None Indicated,None apparent,Daylight,Dry,Cloudy,None apparent,Intersection:  T-intersection,Paved,N/A,Major Injury,0,1,1,0,0,0,15000,1,1,Northbound (NB),POINT (-93.555645085014 41.734608966134)
20231358449,23-004215,04/29/2023,04-April,7-Saturday,16:41,1600 Hours,District 4 (Southwest),COUNCIL BLUFFS,POTTAWATTAMIE,77,2700 BLOCK MARC BLVD,Collision with:  Vehicle in traffic,On Roadway,Rear-end (front to rear),Followed too close,None Indicated,None apparent,Daylight,Dry,Cloudy,None apparent,Non-intersection:  Non-junction/no special feature,Paved,N/A,Minor Injury,0,1,0,1,0,0,5000,2,3,Eastbound (EB),POINT (-95.889693602021 41.234476775942)
20231359041,A23-028,04/29/2023,04-April,7-Saturday,14:36,1400 Hours,District 5 (Southeast),WINTERSET,MADISON,77,FILMORE ST,Collision with:  Vehicle in traffic,On Roadway,Broadside (front to side),FTYROW:  From stop sign,None Indicated,None apparent,Daylight,Dry,Clear,None apparent,Intersection:  Four-way intersection,Paved,N/A,Property Damage Only,0,0,0,0,0,0,16000,2,3,Southbound (SB),POINT (-94.012027903854 41.338294125274)
20231360138,2023011244,04/30/2023,04-April,1-Sunday,16:49,1600 Hours,District 4 (Southwest),,DALLAS,I-80,INTERSTATE 80 MILE MARKER 115.5 WEST BOUND,Collision with:  Vehicle in traffic,On Roadway,"Sideswipe, same direction",Swerving/Evasive Action,None Indicated,None apparent,Daylight,Dry,Clear,Work Zone (roadway-related),Non-intersection:  Non-junction/no special feature,Paved,Yes,Property Damage Only,0,0,0,0,0,0,4500,2,3,Westbound (WB),POINT (-93.908520602321 41.557433947325)
20231362292,202305954,05/01/2023,05-May,2-Monday,11:15,1100 Hours,District 6 (East Central),CEDAR RAPIDS,LINN,US 218,US 30 W AND I380 SB SW,Collision with:  Vehicle in traffic,On Roadway,"Sideswipe, same direction",Other (explain in narrative):  Other,None Indicated,None apparent,Daylight,Dry,Clear,None apparent,Interchange-related:  On-ramp merge area,Paved,N/A,Property Damage Only,0,0,0,0,0,0,10000,2,2,Eastbound (EB),POINT (-91.675758248408 41.926927375965)
20231358974,WPD-P230144,05/02/2023,05-May,3-Tuesday,18:16,1800 Hours,District 6 (East Central),WILLIAMSBURG,IOWA,77,STATE ST AND CHATMAN ST,Collision with:  Vehicle in traffic,On Roadway,Broadside (front to side),FTYROW:  From stop sign,None Indicated,Visual obstruction,Daylight,Dry,Clear,None apparent,Intersection:  Four-way intersection,Paved,N/A,Possible/Unknown,0,2,0,0,2,0,4500,2,4,Northbound (NB),POINT (-92.011569108066 41.661797797481)
20231359325,23-00000607,05/03/2023,05-May,4-Wednesday,14:00,1400 Hours,District 1 (Central),JOHNSTON,POLK,77,NW 102ND ST/CATALINA DR,Collision with:  Parked motor vehicle,On Roadway,Other (explain in narrative),Unknown,None Indicated,None apparent,Daylight,Dry,Clear,None apparent,Non-intersection:  Non-junction/no special feature,Paved,N/A,Property Damage Only,0,0,0,0,0,0,1700,2,1,Northbound (NB),POINT (-93.758346037374 41.676219232724)
20231360474,2023011453,05/03/2023,05-May,4-Wednesday,08:13,0800 Hours,District 3 (Northwest),,SIOUX,US 18,HWY 18 EB W OF HWY 75,Collision with:  Vehicle in traffic,On Roadway,Rear-end (front to rear),Swerving/Evasive Action,None Indicated,None apparent,Daylight,Dry,Clear,None apparent,Non-intersection:  Non-junction/no special feature,Paved,N/A,Property Damage Only,0,0,0,0,0,0,3500,2,5,Southbound (SB),POINT (-96.182990652406 43.200191488962)
20231363072,202306141,05/04/2023,05-May,5-Thursday,17:28,1700 Hours,District 6 (East Central),CEDAR RAPIDS,LINN,77,UNITYPOINT WAY NE,Collision with fixed object:  Ditch,Roadside,Non-collision (single vehicle),Failed to keep in proper lane,None Indicated,None apparent,Daylight,Dry,Clear,None apparent,Non-intersection:  Non-junction/no special feature,Paved,N/A,Minor Injury,0,1,0,1,0,0,8000,1,1,Southbound (SB),POINT (-91.658118314143 42.060602896434)
20231359744,23001643,05/04/2023,05-May,5-Thursday,16:29,1600 Hours,District 1 (Central),AMES,STORY,US 30,RAMP US 30 E TO US 69 N,Collision with:  Vehicle in traffic,Outside trafficway,Broadside (front to side),Ran Traffic Signal,None Indicated,None apparent,Daylight,Dry,Clear,None apparent,Non-intersection:  Crossover-related,Paved,N/A,Property Damage Only,0,0,0,0,0,0,9000,2,2,Southbound (SB),POINT (-93.610100730264 42.002771931771)
20231359521,20230012092,05/05/2023,05-May,6-Friday,17:38,1700 Hours,District 1 (Central),DES MOINES,POLK,77,HIGH ST AND 6TH AVE,Collision with:  Vehicle in traffic,On Roadway,Rear-end (front to rear),Followed too close,None Indicated,Weather conditions,Daylight,Wet,Rain,"Surface condition (e.g., wet, icy)",Intersection:  T-intersection,Paved,N/A,Property Damage Only,0,0,0,0,0,0,5000,2,2,Northbound (NB),POINT (-93.625440476141 41.588487759411)
20231360160,2023-31550,05/05/2023,05-May,6-Friday,14:51,1400 Hours,District 6 (East Central),DAVENPORT,SCOTT,77,LE CLAIRE ST AND EAST 14TH ST,Collision with:  Vehicle in traffic,On Roadway,Broadside (front to side),Ran Stop Sign,None Indicated,None apparent,Daylight,Dry,Cloudy,None apparent,Intersection:  Four-way intersection,Paved,N/A,Possible/Unknown,0,1,0,0,1,0,25000,2,3,Northbound (NB),POINT (-90.568222495042 41.534051228672)
20231359606,20230012202,05/06/2023,05-May,7-Saturday,20:47,2000 Hours,District 1 (Central),DES MOINES,WARREN,US 65,US 65 S MEASURING 1899 FEET SOUTH FROM RAMP IA 5 S TO US 65 S,Collision with:  Animal,On Roadway,Non-collision (single vehicle),Animal,None Indicated,None apparent,Dark - roadway not lighted,Dry,Clear,None apparent,Non-intersection:  Non-junction/no special feature,Paved,N/A,Possible/Unknown,0,1,0,0,1,0,4000,1,1,Eastbound (EB),POINT (-93.567693954358 41.497813343032)
20231398851,SOI20230179,05/07/2023,05-May,1-Sunday,17:15,1700 Hours,District 1 (Central),,POWESHIEK,US 63,US 63 N,Collision with:  Vehicle in traffic,Shoulder,Rear-end (front to rear),Improper Backing,None Indicated,Unknown,Daylight,Wet,"Sleet, hail","Traffic backup, prior non-recurring incident",Non-intersection:  Non-junction/no special feature,Paved,N/A,Property Damage Only,0,0,0,0,0,0,2000,2,4,Northbound (NB),POINT (-92.552179523826 41.695079319227)
20231359897,202306355,05/08/2023,05-May,2-Monday,17:47,1700 Hours,District 6 (East Central),CEDAR RAPIDS,LINN,77,MUIRFIELD DR SW AND ELY RD SW,Collision with:  Vehicle in traffic,On Roadway,"Sideswipe, same direction",Made improper turn,None Indicated,None apparent,Daylight,Dry,Clear,None apparent,Intersection:  T-intersection,Paved,N/A,Property Damage Only,0,0,0,0,0,0,2000,2,3,Northbound (NB),POINT (-91.635256519844 41.923075614213)
20231360164,2023-32684,05/09/2023,05-May,3-Tuesday,13:41,1300 Hours,District 6 (East Central),DAVENPORT,SCOTT,77,MARQUETTE ST AND US 6 W,Collision with:  Vehicle in traffic,On Roadway,"Angle, oncoming left turn",FTYROW:  Making left turn,None Indicated,None apparent,Daylight,Dry,Clear,None apparent,Intersection:  Four-way intersection,Paved,N/A,Possible/Unknown,0,1,0,0,1,0,20000,2,3,Northbound (NB),POINT (-90.591046427149 41.56014610626)
20231360047,20230012454,05/09/2023,05-May,3-Tuesday,08:00,0800 Hours,District 1 (Central),DES MOINES,POLK,77,"RAMP I 235 E TO 31ST ST, N AND 31ST ST AND RAMP 31ST ST, N TO N TO STATE OF IOWA, I 235 E MEASURING 526 FEET WEST FROM R",Collision with:  Vehicle in traffic,On Roadway,Rear-end (front to rear),"Operating vehicle in an reckless, erratic, careless, negligent manner",None Indicated,None apparent,Daylight,Dry,Cloudy,None apparent,Interchange-related:  On-ramp,Paved,N/A,Possible/Unknown,0,1,0,0,0,1,3000,2,2,Eastbound (EB),POINT (-93.659388527584 41.592684595769)
20231360234,IF2302931,05/10/2023,05-May,4-Wednesday,17:32,1700 Hours,District 1 (Central),IOWA FALLS,HARDIN,US 65,US 65 N,Collision with:  Vehicle in traffic,On Roadway,Rear-end (front to rear),"Operating vehicle in an reckless, erratic, careless, negligent manner",None Indicated,None apparent,Daylight,Dry,Clear,None apparent,Non-intersection:  Non-junction/no special feature,Paved,N/A,Property Damage Only,0,0,0,0,0,0,5000,2,2,Northbound (NB),POINT (-93.262975919284 42.522419344938)
20231360334,2023-003367,05/11/2023,05-May,5-Thursday,09:45,0900 Hours,District 6 (East Central),DUBUQUE,DUBUQUE,77,JOHN F KENNEDY RD AND PENNSYLVANIA AVE,Collision with fixed object:  Ground,On Roadway,Non-collision (single vehicle),Equipment failure,None Indicated,None apparent,Daylight,Dry,Clear,None apparent,Intersection:  Four-way intersection,Paved,N/A,Property Damage Only,0,0,0,0,0,0,4000,1,2,Southbound (SB),POINT (-90.721226239298 42.500474184271)
20231360336,2023-33245,05/11/2023,05-May,5-Thursday,09:35,0900 Hours,District 6 (East Central),DAVENPORT,SCOTT,77,ELMORE AVE MEASURING 2463 FEET NORTH FROM EAST 53RD ST,Collision with:  Vehicle in traffic,On Roadway,Rear-end (front to rear),Lost Control,None Indicated,None apparent,Daylight,Dry,Cloudy,None apparent,Intersection:  T-intersection,Paved,N/A,Minor Injury,0,1,0,1,0,0,6000,2,3,Northbound (NB),POINT (-90.529038348862 41.58157954484)
20231360883,23-13773,05/12/2023,05-May,6-Friday,00:43,0000 Hours,District 1 (Central),,JASPER,77,HIGHWAY T-22 SOUTH,Other (explain in narrative),On Roadway,Non-collision (single vehicle),Other (explain in narrative):  Other,None Indicated,Weather conditions,Dark - roadway not lighted,Wet,Rain,"Surface condition (e.g., wet, icy)",Non-intersection:  Non-junction/no special feature,Paved,N/A,Minor Injury,0,1,0,1,0,0,20100,1,1,Northbound (NB),POINT (-92.89086790024 41.596027911861)
20231360495,2023003749,05/12/2023,05-May,6-Friday,07:39,0700 Hours,District 6 (East Central),IOWA CITY,JOHNSON,IA-1,IA 1 S,Collision with:  Vehicle in traffic,On Roadway,Rear-end (front to rear),Followed too close,None Indicated,None apparent,Daylight,Wet,Rain,None apparent,Intersection:  Intersection with ramp,Paved,N/A,Minor Injury,0,1,0,1,0,0,5500,2,2,Eastbound (EB),POINT (-91.498840260734 41.687795077781)
20231361104,2023012546,05/13/2023,05-May,7-Saturday,21:22,2100 Hours,District 4 (Southwest),,POTTAWATTAMIE,I-680,I 680 E 0MM,Collision with:  Non-motorist (see non-motorist section - NOT a unit),On Roadway,Non-collision (single vehicle),Swerving/Evasive Action,None Indicated,None apparent,Dark - roadway not lighted,Dry,Clear,None apparent,Non-intersection:  Non-junction/no special feature,Paved,N/A,Minor Injury,0,1,0,1,0,0,1000,1,1,Southbound (SB),POINT (-95.956037780811 41.345693249166)
20231360684,2023-003460,05/14/2023,05-May,1-Sunday,04:24,0400 Hours,District 6 (East Central),DUBUQUE,DUBUQUE,US 61,US 61 N,Collision with:  Animal,Unknown,N/A,Animal,None Indicated,N/A,N/A,N/A,N/A,N/A,N/A,Paved,N/A,Property Damage Only,0,0,0,0,0,0,15000,1,2,Northbound (NB),POINT (-90.6903656373 42.427669787972)
20231360997,23-005007,05/15/2023,05-May,2-Monday,20:36,2000 Hours,District 2 (Northeast),,CLAYTON,IA-13,IA 13 N,Collision with:  Animal,Unknown,N/A,Animal,None Indicated,N/A,N/A,N/A,N/A,N/A,N/A,Paved,N/A,Property Damage Only,0,0,0,0,0,0,2000,1,1,Northbound (NB),POINT (-91.518826125601 42.716347214741)
20231362279,23-006936,05/16/2023,05-May,3-Tuesday,16:16,1600 Hours,District 2 (Northeast),CHARLES CITY,FLOYD,77,IA 14 N AND 3RD ST,Collision with:  Vehicle in traffic,On Roadway,"Angle, oncoming left turn",Made improper turn,None Indicated,None apparent,Daylight,Dry,Clear,None apparent,Non-intersection:  Non-junction/no special feature,Paved,N/A,Property Damage Only,0,0,0,0,0,0,3500,2,2,Southbound (SB),POINT (-92.682524460698 43.061723280235)
20231361767,P23-04797,05/16/2023,05-May,3-Tuesday,16:58,1600 Hours,District 5 (Southeast),BURLINGTON,DES MOINES,77,4TH ST,Collision with:  Vehicle in traffic,On Roadway,Rear-end (front to rear),Driver Distraction:  Exterior distraction,None Indicated,None apparent,Daylight,Dry,Clear,None apparent,Non-intersection:  Non-junction/no special feature,Paved,N/A,Property Damage Only,0,0,0,0,0,0,7000,2,1,Northbound (NB),POINT (-91.103930354241 40.809879768129)
20231361414,23007837,05/17/2023,05-May,4-Wednesday,14:20,1400 Hours,District 4 (Southwest),,MILLS,77,57034 DEACON RD,Non-collision events:  Overturn/rollover,On Roadway,Non-collision (single vehicle),Ran off road - right,None Indicated,Animal in roadway,Daylight,Gravel,Clear,None apparent,Non-intersection:  Non-junction/no special feature,Unpaved,N/A,Major Injury,0,1,1,0,0,0,10000,1,1,Northbound (NB),POINT (-95.789022823524 41.058343073639)
20231364105,202306786,05/17/2023,05-May,4-Wednesday,11:28,1100 Hours,District 6 (East Central),CEDAR RAPIDS,LINN,77,18TH AVE SW AND JACOLYN DR SW,Collision with:  Vehicle in traffic,On Roadway,Broadside (front to side),FTYROW:  From stop sign,None Indicated,None apparent,Daylight,Dry,Clear,None apparent,Intersection:  Four-way intersection,Paved,N/A,Property Damage Only,0,0,0,0,0,0,7000,2,2,Northbound (NB),POINT (-91.730662078424 41.961997462766)
20231364921,23-3324,05/18/2023,05-May,5-Thursday,12:39,1200 Hours,District 1 (Central),GRIMES,POLK,77,SE DESTINATION DR/ E 1ST STREET,Collision with:  Vehicle in traffic,On Roadway,Rear-end (front to rear),Followed too close,None Indicated,None apparent,Daylight,Dry,Clear,None apparent,Intersection:  Four-way intersection,Paved,N/A,Property Damage Only,0,0,0,0,0,0,5150,2,2,Northbound (NB),POINT (-93.769012306071 41.688154784749)
20231361699,SOI20230188,05/19/2023,05-May,6-Friday,14:50,1400 Hours,District 1 (Central),,POWESHIEK,US 6,CENTER ST AND US 6 E AND V18 RD,Collision with:  Vehicle in traffic,On Roadway,Broadside (front to side),FTYROW:  From stop sign,None Indicated,None apparent,Daylight,Dry,Clear,None apparent,Intersection:  Four-way intersection,Paved,N/A,Possible/Unknown,0,2,0,0,2,0,94000,2,3,Southbound (SB),POINT (-92.438805337419 41.746363186405)
20231361700,2023-003601,05/19/2023,05-May,6-Friday,13:24,1300 Hours,District 6 (East Central),DUBUQUE,DUBUQUE,77,3270 PENNSYLVANIA AVE,Collision with:  Vehicle in traffic,On Roadway,"Sideswipe, same direction",Lost Control,Refused,None apparent,Daylight,Dry,Clear,None apparent,Non-intersection:  Non-junction/no special feature,Paved,N/A,Property Damage Only,0,0,0,0,0,0,22000,3,1,Southbound (SB),POINT (-90.719474087913 42.500466330158)
20231362086,23011330,05/20/2023,05-May,7-Saturday,12:29,1200 Hours,District 5 (Southeast),OSKALOOSA,MAHASKA,77,8TH AVE EAST,Collision with:  Parked motor vehicle,Roadside,Rear-end (front to rear),Other (explain in narrative):  Other,None Indicated,None apparent,Daylight,Dry,Clear,None apparent,Non-intersection:  Non-junction/no special feature,Paved,N/A,Property Damage Only,0,0,0,0,0,0,4000,2,4,Southbound (SB),POINT (-92.635323322222 41.288011543485)
20231362311,2023013181,05/21/2023,05-May,1-Sunday,01:55,0100 Hours,District 4 (Southwest),,HARRISON,I-29,I 29 N 79NB,Collision with:  Animal,On Roadway,Non-collision (single vehicle),Animal,None Indicated,Animal in roadway,N/A,N/A,N/A,None apparent,Non-intersection:  Non-junction/no special feature,Paved,N/A,Property Damage Only,0,0,0,0,0,0,5000,1,1,Northbound (NB),POINT (-95.947834219211 41.587769564168)
20231362280,P23-05189,05/22/2023,05-May,2-Monday,17:29,1700 Hours,District 5 (Southeast),BURLINGTON,DES MOINES,77,HIGBEE AVE AND ANGULAR ST,Collision with:  Vehicle in traffic,On Roadway,Head-on (front to front),Made improper turn,None Indicated,None apparent,Daylight,Dry,Clear,None apparent,Intersection:  Four-way intersection,Paved,N/A,Property Damage Only,0,0,0,0,0,0,10000,2,2,Southbound (SB),POINT (-91.116264224889 40.801767642258)
20231362201,20230013873,05/22/2023,05-May,2-Monday,18:10,1800 Hours,District 1 (Central),DES MOINES,POLK,77,US 6 E AND EAST 7TH ST,Collision with:  Vehicle in traffic,On Roadway,"Sideswipe, same direction",Unknown,None Indicated,None apparent,Daylight,Dry,Clear,None apparent,Non-intersection:  Non-junction/no special feature,Paved,N/A,Possible/Unknown,0,1,0,0,0,1,1500,2,2,Northbound (NB),POINT (-93.609636603096 41.62769101568)
20231363559,202307107,05/23/2023,05-May,3-Tuesday,17:27,1700 Hours,District 6 (East Central),CEDAR RAPIDS,LINN,77,3700 BOWLING ST SW,Unknown,On Roadway,Non-collision (single vehicle),Unknown,None Indicated,None apparent,Daylight,Dry,Clear,None apparent,Non-intersection:  Non-junction/no special feature,Paved,N/A,Major Injury,0,1,1,0,0,0,1000,1,1,Northbound (NB),POINT (-91.657007205036 41.941723395904)
20231366706,23-0297,05/24/2023,05-May,4-Wednesday,07:50,0700 Hours,District 1 (Central),,WEBSTER,77,2300 M 170TH ST,Collision with:  Vehicle in traffic,On Roadway,Rear-end (front to rear),Followed too close,None Indicated,None apparent,Daylight,Dry,Clear,Work Zone (roadway-related),Non-intersection:  Non-junction/no special feature,Paved,Yes,Possible/Unknown,0,1,0,0,1,0,15000,3,4,Southbound (SB),POINT (-94.173397864963 42.544342923179)