Iowa DOT Case Number,Law Enforcement Case Number,Date of Crash,Month of Crash,Day of Week,Time of Crash,Hour,DOT District,City Name,County Name,Route with System,Location Description,First Harmful Event,Location of First Harmful Event,Manner of Crash/Collision,Major Cause,Drug or Alcohol ,Environmental Conditions,Light Conditions,Surface Conditions,Weather Conditions,Roadway Contribution,Roadway Type,Roadway Surface,Work Zone,Crash Severity,Number of Fatalities,Number of Injuries,Number of Major Injuries,Number of Minor Injuries,Number of Possible Injuries,Number of Unknown Injuries,Amount of Property Damage,Number of Vehicles Involved,Total Number of Occupants,Travel Direction,Location
20231362478,202305248811,05/24/2023,05-May,4-Wednesday,13:30,1300 Hours,District 6 (East Central),,CLINTON,US 30,US 30 E MEASURING 1120 FEET WEST FROM 350TH AVE,Collision with fixed object:  Ditch,On Roadway,Non-collision (single vehicle),Driver Distraction:  Inattentive/lost in thought,None Indicated,None apparent,Daylight,Dry,Clear,None apparent,Non-intersection:  Non-junction/no special feature,Paved,N/A,Property Damage Only,0,0,0,0,0,0,1500,2,2,Southbound (SB),POINT (-90.41723137857 41.815413231001)
20231362749,23SC14745,05/25/2023,05-May,5-Thursday,15:33,1500 Hours,District 3 (Northwest),SIOUX CITY,WOODBURY,IA-12,IA 12 N,Collision with:  Vehicle in traffic,On Roadway,Rear-end (front to rear),Followed too close,None Indicated,None apparent,Daylight,Dry,Clear,Work Zone (roadway-related),Non-intersection:  Non-junction/no special feature,Paved,Yes,Property Damage Only,0,0,0,0,0,0,2000,2,4,Northbound (NB),POINT (-96.32300722802 42.475483771692)
20231362696,2023004151,05/25/2023,05-May,5-Thursday,17:06,1700 Hours,District 6 (East Central),IOWA CITY,JOHNSON,77,SOUTH RIVERSIDE DR,Collision with:  Vehicle in traffic,On Roadway,Head-on (front to front),FTYROW:  From stop sign,None Indicated,None apparent,Daylight,Dry,Clear,None apparent,Intersection:  Other intersection (explain in narrative),Paved,N/A,Property Damage Only,0,0,0,0,0,0,9500,2,4,Northbound (NB),POINT (-91.539684678613 41.644079793738)
20231362908,20230014302,05/26/2023,05-May,6-Friday,20:01,2000 Hours,District 1 (Central),DES MOINES,POLK,77,EAST ARMY POST RD,Collision with:  Vehicle in traffic,On Roadway,Rear-end (front to rear),"Operating vehicle in an reckless, erratic, careless, negligent manner",None Indicated,None apparent,Dusk,Dry,Clear,None apparent,Intersection:  Four-way intersection,Paved,N/A,Property Damage Only,0,0,0,0,0,0,3000,2,2,Southbound (SB),POINT (-93.600484907443 41.526254238338)
20231362997,2023-14847,05/26/2023,05-May,6-Friday,17:09,1700 Hours,District 5 (Southeast),INDIANOLA,WARREN,IA-92,NORTH 20TH ST AND IA 92 E,Collision with:  Vehicle in traffic,On Roadway,Rear-end (front to rear),Passing:  Through/around barrier,None Indicated,None apparent,Daylight,Dry,Clear,None apparent,Intersection:  T-intersection,Paved,N/A,Property Damage Only,0,0,0,0,0,0,4000,2,4,Southbound (SB),POINT (-93.532307104563 41.357735500651)
20231364831,23005862,05/27/2023,05-May,7-Saturday,11:44,1100 Hours,District 6 (East Central),,BUCHANAN,IA-150,IA 150 N AND OTTERVILLE BLVD AND 200TH ST MEASURING 661 FEET SOUTH FROM IA 150 N,Collision with:  Vehicle in traffic,On Roadway,Broadside (front to side),Unknown,None Indicated,None apparent,Daylight,Dry,Clear,None apparent,Intersection:  Four-way intersection,Paved,N/A,Possible/Unknown,0,2,0,0,0,2,2000,2,3,Northbound (NB),POINT (-91.8894902762 42.497797858453)
20231363188,23000113,05/28/2023,05-May,1-Sunday,23:18,2300 Hours,District 1 (Central),,STORY,I-35,I 35 N,Other (explain in narrative),Other (explain in narrative),Other (explain in narrative),Other (explain in narrative):  Other,Alcohol (Statutory),None apparent,Dark - roadway not lighted,Dry,Clear,None apparent,Non-intersection:  Non-junction/no special feature,Paved,N/A,Property Damage Only,0,0,0,0,0,0,3000,2,2,Northbound (NB),POINT (-93.570413999139 41.911251902302)
20231363625,23-004885,05/29/2023,05-May,2-Monday,21:34,2100 Hours,District 1 (Central),,HARDIN,US 20,US 20 E,Non-collision events:  Overturn/rollover,Shoulder,Non-collision (single vehicle),Exceeded authorized speed,Under Influence of Alcohol/Drugs/Medications,None apparent,Dark - roadway not lighted,Dry,Clear,None apparent,Non-intersection:  Non-junction/no special feature,Paved,N/A,Minor Injury,0,1,0,1,0,0,7000,1,1,Southbound (SB),POINT (-93.374124018434 42.447595687516)
20231363262,20230014558,05/29/2023,05-May,2-Monday,19:27,1900 Hours,District 1 (Central),DES MOINES,POLK,77,LOCUST ST AND 9TH ST,Collision with:  Vehicle in traffic,On Roadway,Broadside (front to side),Ran Traffic Signal,None Indicated,None apparent,Daylight,Dry,Clear,None apparent,Intersection:  Four-way intersection,Paved,N/A,Possible/Unknown,0,1,0,0,1,0,3000,2,4,Eastbound (EB),POINT (-93.628656340654 41.586065283983)
20231363381,2023-003898,05/30/2023,05-May,3-Tuesday,08:08,0800 Hours,District 6 (East Central),DUBUQUE,DUBUQUE,77,WEST 32ND ST AND GRANDVIEW AVE NORTH,Collision with:  Vehicle in traffic,On Roadway,Broadside (front to side),Ran Stop Sign,None Indicated,None apparent,Daylight,Dry,Clear,None apparent,Intersection:  T-intersection,Paved,N/A,Property Damage Only,0,0,0,0,0,0,2000,2,4,Southbound (SB),POINT (-90.696425620104 42.525949170616)
20231363771,20230014754,05/31/2023,05-May,4-Wednesday,14:50,1400 Hours,District 1 (Central),DES MOINES,POLK,77,11TH ST AND CLARK ST,Collision with:  Vehicle in traffic,On Roadway,Rear-end (front to rear),Improper Backing,None Indicated,None apparent,Daylight,Dry,Clear,None apparent,Non-intersection:  Non-junction/no special feature,Paved,N/A,Property Damage Only,0,0,0,0,0,0,1500,2,1,Northbound (NB),POINT (-93.631812620812 41.605854897439)
20231363833,23002041,05/31/2023,05-May,4-Wednesday,08:00,0800 Hours,District 1 (Central),AMES,STORY,77,NORTH 4TH ST,Collision with:  Parked motor vehicle,On Roadway,Unknown,Other (explain in narrative):  Other,None Indicated,None apparent,Daylight,Dry,Clear,None apparent,Non-intersection:  Non-junction/no special feature,Paved,N/A,Property Damage Only,0,0,0,0,0,0,1500,2,1,Southbound (SB),POINT (-93.624302498424 42.025139991848)
20231363969,20230014868,06/01/2023,06-June,5-Thursday,16:48,1600 Hours,District 1 (Central),DES MOINES,POLK,77,2ND AVE AND LOCUST ST,Collision with:  Vehicle in traffic,On Roadway,Rear-end (front to rear),Unknown,None Indicated,None apparent,Daylight,Wet,Cloudy,None apparent,Intersection:  Four-way intersection,Paved,N/A,Minor Injury,0,2,0,1,0,1,2800,3,5,Northbound (NB),POINT (-93.620059688862 41.58787739005)
20231364624,23007430,06/01/2023,06-June,5-Thursday,17:49,1700 Hours,District 6 (East Central),,CEDAR,IA-130,IA 130 E,Collision with fixed object:  Culvert/pipe opening,Outside trafficway,Non-collision (single vehicle),Ran off road - right,None Indicated,None apparent,Daylight,Dry,Clear,None apparent,Non-intersection:  Non-junction/no special feature,Paved,N/A,Property Damage Only,0,0,0,0,0,0,5000,1,1,Southbound (SB),POINT (-90.959020429797 41.74248303872)
20231364237,23-000833,06/02/2023,06-June,6-Friday,18:10,1800 Hours,District 1 (Central),ALTOONA,POLK,US 6,3300 BLK HUBBELL AVE,Collision with:  Vehicle in traffic,On Roadway,Rear-end (front to rear),Followed too close,None Indicated,None apparent,Daylight,Dry,Clear,None apparent,Intersection:  Four-way intersection,Paved,N/A,Property Damage Only,0,0,0,0,0,0,5500,2,4,Southbound (SB),POINT (-93.499734747519 41.657647811598)
20231364021,23-3744,06/02/2023,06-June,6-Friday,02:18,0200 Hours,District 1 (Central),,POLK,US 65,81 HWY 65 SB HWY,Collision with fixed object:  Bridge/bridge rail parapet,On Roadway,Non-collision (single vehicle),Unknown,None Indicated,None apparent,Dark - roadway not lighted,Dry,Clear,None apparent,Non-intersection:  Non-junction/no special feature,Paved,N/A,Property Damage Only,0,0,0,0,0,0,2500,1,1,Eastbound (EB),POINT (-93.493314352538 41.618971620928)
20231373066,23-005202,06/03/2023,06-June,7-Saturday,20:33,2000 Hours,District 6 (East Central),,BENTON,77,28 AVE AND US 30 W,Collision with:  Struck/struck by object/cargo/person from other vehicle,On Roadway,Non-collision (single vehicle),Animal,None Indicated,None apparent,Daylight,Dry,Clear,None apparent,Non-intersection:  Non-junction/no special feature,Unpaved,N/A,Property Damage Only,0,0,0,0,0,0,2000,1,2,Northbound (NB),POINT (-91.949973598141 41.963420419415)
20231364357,202301293,06/03/2023,06-June,7-Saturday,20:03,2000 Hours,District 6 (East Central),CEDAR RAPIDS,LINN,77,EAST ROBINS RD AND MARQUETTE DR NE,Collision with:  Struck/struck by object/cargo/person from other vehicle,On Roadway,Rear-end (front to rear),Followed too close,None Indicated,Other (explain in narrative),Dusk,Dry,Clear,None apparent,Intersection:  Other intersection (explain in narrative),Paved,N/A,Property Damage Only,0,0,0,0,0,0,6000,2,2,Southbound (SB),POINT (-91.635095717815 42.057737544069)
20231364426,23-005624,06/04/2023,06-June,1-Sunday,14:28,1400 Hours,District 4 (Southwest),COUNCIL BLUFFS,POTTAWATTAMIE,77,SOUTH 16TH ST AND 4TH AVE,Non-collision events:  Overturn/rollover,On Roadway,Non-collision (single vehicle),Lost Control,Alcohol (Statutory),None apparent,Daylight,Wet,Rain,"Surface condition (e.g., wet, icy)",Intersection:  Four-way intersection,Paved,N/A,Possible/Unknown,0,1,0,0,1,0,4000,1,1,Northbound (NB),POINT (-95.867560566894 41.25789769605)
20231365034,20230371,06/05/2023,06-June,2-Monday,16:25,1600 Hours,District 6 (East Central),ROBINS,LINN,77,ROBINS RD AND WEST MAIN ST,Other (explain in narrative),On Roadway,Rear-end (front to rear),Followed too close,None Indicated,None apparent,Daylight,Dry,Clear,None apparent,Intersection:  T-intersection,Paved,N/A,Property Damage Only,0,0,0,0,0,0,4000,2,2,Southbound (SB),POINT (-91.672640891353 42.073587783206)
20231365045,W23-047355,06/06/2023,06-June,3-Tuesday,14:07,1400 Hours,District 2 (Northeast),WATERLOO,BLACK HAWK,77,BALTIMORE ST AND HAWTHORNE AVE,Collision with:  Struck/struck by object/cargo/person from other vehicle,On Roadway,Non-collision (single vehicle),Swerving/Evasive Action,None Indicated,None apparent,Daylight,Dry,Clear,None apparent,Intersection:  Four-way intersection,Paved,N/A,Property Damage Only,0,0,0,0,0,0,3500,1,1,Northbound (NB),POINT (-92.349915897398 42.481197547599)
20231364760,23-00000778,06/06/2023,06-June,3-Tuesday,05:45,0500 Hours,District 1 (Central),JOHNSTON,POLK,77,NW 78TH AVE/NW 100TH ST/VALLEY PKWY,Collision with:  Vehicle in traffic,On Roadway,Broadside (front to side),FTYROW:  From stop sign,None Indicated,None apparent,Dawn,Dry,Cloudy,None apparent,Intersection:  Four-way intersection,Paved,N/A,Minor Injury,0,3,0,2,1,0,30000,2,3,Southbound (SB),POINT (-93.755823078474 41.702905769899)
20231365078,20230015478,06/07/2023,06-June,4-Wednesday,17:45,1700 Hours,District 1 (Central),DES MOINES,POLK,I-235,I 235 W MEASURING 2304 FEET EAST FROM 56TH ST,Collision with:  Vehicle in traffic,On Roadway,Other (explain in narrative),Followed too close,None Indicated,None apparent,Daylight,Dry,Clear,"Traffic backup, prior crash",Non-intersection:  Non-junction/no special feature,Paved,N/A,Possible/Unknown,0,1,0,0,1,0,10200,4,6,Westbound (WB),POINT (-93.685276549344 41.59225397879)
20231367165,202307975,06/08/2023,06-June,5-Thursday,17:35,1700 Hours,District 6 (East Central),CEDAR RAPIDS,LINN,77,BLAIRS FERRY RD NE AND ROCKWELL DR NE,Collision with:  Vehicle in traffic,On Roadway,Rear-end (front to rear),Followed too close,None Indicated,None apparent,Daylight,Dry,Clear,None apparent,Non-intersection:  Non-junction/no special feature,Paved,N/A,Property Damage Only,0,0,0,0,0,0,3000,2,2,Northbound (NB),POINT (-91.649229895835 42.035190823613)
20231365233,2023-41938,06/08/2023,06-June,5-Thursday,14:30,1400 Hours,District 6 (East Central),DAVENPORT,SCOTT,77,FAIR AVE AND WEST HAYES ST,Collision with:  Vehicle in traffic,On Roadway,Other (explain in narrative),Ran Stop Sign,None Indicated,None apparent,Daylight,Dry,Clear,None apparent,Intersection:  Four-way intersection,Paved,N/A,Possible/Unknown,0,1,0,0,0,1,2000,2,4,Northbound (NB),POINT (-90.573276212015 41.54763162526)
20231365472,23-0008337,06/09/2023,06-June,6-Friday,22:24,2200 Hours,District 2 (Northeast),,FLOYD,US 218,US 218 S,Collision with:  Animal,On Roadway,Non-collision (single vehicle),Animal,None Indicated,Animal in roadway,N/A,N/A,N/A,N/A,N/A,Paved,N/A,Property Damage Only,0,0,0,0,0,0,5000,1,2,Eastbound (EB),POINT (-92.64720690335 43.020575002273)
20231365500,202301338,06/09/2023,06-June,6-Friday,16:07,1600 Hours,District 6 (East Central),,LINN,US 151,US 151 N,Collision with fixed object:  Other fixed object (explain in narrative),On Roadway,Non-collision (single vehicle),"Operating vehicle in an reckless, erratic, careless, negligent manner",Under Influence of Alcohol/Drugs/Medications,None apparent,Daylight,Dry,Clear,None apparent,Interchange-related:  On-ramp,Paved,N/A,Property Damage Only,0,0,0,0,0,0,5000,1,1,Northbound (NB),POINT (-91.540897660266 41.925319583903)
20231365716,23SC16538,06/10/2023,06-June,7-Saturday,23:06,2300 Hours,District 3 (Northwest),SIOUX CITY,WOODBURY,77,CENTER ST AND WEST 20TH ST,Collision with fixed object:  Building,On Roadway,Non-collision (single vehicle),Exceeded authorized speed,Refused,Weather conditions,Dark - roadway lighted,Wet,Cloudy,"Surface condition (e.g., wet, icy)",Non-intersection:  Non-junction/no special feature,Paved,N/A,Property Damage Only,0,0,0,0,0,0,11000,1,1,Southbound (SB),POINT (-96.421169538341 42.511608858476)
20231365698,2023-001784,06/11/2023,06-June,1-Sunday,20:09,2000 Hours,District 6 (East Central),,DUBUQUE,US 52,US 52 N,Collision with:  Animal,Unknown,N/A,Animal,None Indicated,N/A,N/A,N/A,N/A,N/A,N/A,Paved,N/A,Property Damage Only,0,0,0,0,0,0,4000,1,1,Northbound (NB),POINT (-90.645642478179 42.443977598914)
20231366109,23-018895,06/12/2023,06-June,2-Monday,09:50,0900 Hours,District 5 (Southeast),,LEE,US 61,US 61 N/ MM 27,Collision with:  Animal,Unknown,N/A,Animal,None Indicated,N/A,N/A,N/A,N/A,N/A,N/A,Paved,N/A,Property Damage Only,0,0,0,0,0,0,4500,1,1,Northbound (NB),POINT (-91.259704298916 40.675701672549)
20231365944,23-17411,06/12/2023,06-June,2-Monday,23:30,2300 Hours,District 1 (Central),NEWTON,JASPER,77,EAST 31ST ST NORTH,Non-collision events:  Other non-collision (explain in narrative),Outside trafficway,Non-collision (single vehicle),Ran off road - straight,None Indicated,None apparent,Dark - roadway lighted,Dry,Clear,None apparent,Intersection:  T-intersection,Paved,N/A,Minor Injury,0,1,0,1,0,0,5000,1,1,Northbound (NB),POINT (-93.014484412515 41.709767847022)
20231366198,23-012759,06/13/2023,06-June,3-Tuesday,16:16,1600 Hours,District 6 (East Central),BELLEVUE,JACKSON,77,NORTH 3RD ST AND PARK ST,Collision with:  Animal,On Roadway,Non-collision (single vehicle),Animal,None Indicated,Animal in roadway,N/A,N/A,N/A,N/A,N/A,Paved,N/A,Property Damage Only,0,0,0,0,0,0,7000,1,3,Southbound (SB),POINT (-90.426158525945 42.259835726809)
20231366177,23012090,06/14/2023,06-June,4-Wednesday,03:16,0300 Hours,District 2 (Northeast),,BREMER,IA-93,IA 93 E,Collision with:  Animal,Unknown,N/A,Animal,None Indicated,N/A,N/A,N/A,N/A,N/A,N/A,Paved,N/A,Property Damage Only,0,0,0,0,0,0,10000,1,1,Southbound (SB),POINT (-92.158071166994 42.847401874891)
20231366318,390623-1382,06/15/2023,06-June,5-Thursday,09:25,0900 Hours,District 4 (Southwest),,GUTHRIE,IA-44,IA 44 E,Collision with fixed object:  Ditch,Roadside,Non-collision (single vehicle),Ran off road - right,None Indicated,None apparent,Daylight,Dry,Clear,None apparent,Non-intersection:  Non-junction/no special feature,Paved,N/A,Property Damage Only,0,0,0,0,0,0,5000,1,1,Southbound (SB),POINT (-94.311129389701 41.68831916966)
20231366954,23-008695,06/15/2023,06-June,5-Thursday,04:00,0400 Hours,District 3 (Northwest),,DICKINSON,US 71,1000-BLK HWY 71,Collision with:  Parked motor vehicle,Shoulder,Rear-end (front to rear),Ran off road - right,Alcohol (Statutory),None apparent,Dark - roadway not lighted,Dry,Clear,Disabled vehicle,Non-intersection:  Non-junction/no special feature,Paved,N/A,Minor Injury,0,1,0,1,0,0,20000,2,1,Northbound (NB),POINT (-94.994354952071 43.48949780544)
20231366541,23-4124,06/16/2023,06-June,6-Friday,15:48,1500 Hours,District 1 (Central),,POLK,IA-415,NW 2ND STREET/I80 WB ONRAMP,Collision with:  Vehicle in traffic,On Roadway,Broadside (front to side),Ran Traffic Signal,None Indicated,None apparent,Daylight,Dry,Clear,None apparent,Intersection:  Four-way intersection,Paved,N/A,Possible/Unknown,0,1,0,0,1,0,15000,2,4,Eastbound (EB),POINT (-93.620081288853 41.650279182101)
20231366557,23-006078,06/16/2023,06-June,6-Friday,18:26,1800 Hours,District 4 (Southwest),COUNCIL BLUFFS,POTTAWATTAMIE,77,NORTH 23RD ST AND AVE J,Collision with:  Vehicle in traffic,On Roadway,Broadside (front to side),FTYROW:  At uncontrolled intersection,None Indicated,None apparent,Daylight,Dry,Clear,None apparent,Intersection:  Four-way intersection,Paved,N/A,Possible/Unknown,0,1,0,0,1,0,10000,2,2,Northbound (NB),POINT (-95.877723312807 41.2708021741)
20231367001,20232132,06/17/2023,06-June,7-Saturday,20:30,2000 Hours,District 2 (Northeast),DIKE,GRUNDY,US 20,US 20 MM 218 WB,Collision with:  Animal,Unknown,N/A,Animal,None Indicated,N/A,N/A,N/A,N/A,N/A,N/A,Paved,N/A,Property Damage Only,0,0,0,0,0,0,5000,1,1,Westbound (WB),POINT (-92.603188039582 42.464432527341)
20231378752,20236665,06/18/2023,06-June,1-Sunday,11:25,1100 Hours,District 2 (Northeast),,WINNEBAGO,77,225TH AVE,Non-collision events:  Overturn/rollover,Shoulder,Non-collision (single vehicle),Exceeded authorized speed,Drug,None apparent,Daylight,Dry,Clear,None apparent,Non-intersection:  Other non-intersection (explain in narrative),Paved,N/A,Property Damage Only,0,0,0,0,0,0,30000,1,1,Northbound (NB),POINT (-93.523014273697 43.366237829519)
20231367073,23005250,06/19/2023,06-June,2-Monday,21:50,2100 Hours,District 2 (Northeast),,HAMILTON,77,220TH ST,Collision with:  Animal,Unknown,N/A,Animal,None Indicated,N/A,N/A,N/A,N/A,N/A,N/A,Paved,N/A,Property Damage Only,0,0,0,0,0,0,7500,1,2,Southbound (SB),POINT (-93.596612750851 42.471113602201)
20231366830,MC2302110,06/19/2023,06-June,2-Monday,01:30,0100 Hours,District 2 (Northeast),MASON CITY,CERRO GORDO,77,SOUTH MASSACHUSETTS AVE MEASURING 75 FEET NORTH FROM 15TH ST SE,Collision with:  Vehicle in traffic,On Roadway,"Sideswipe, same direction",Driver Distraction:  Other interior distraction,Alcohol (Statutory),None apparent,Dark - roadway not lighted,Dry,Clear,None apparent,Non-intersection:  Non-junction/no special feature,Unpaved,N/A,Minor Injury,0,1,0,1,0,0,13000,2,1,Northbound (NB),POINT (-93.193430474503 43.137497499115)
20231367190,23008467,06/20/2023,06-June,3-Tuesday,01:15,0100 Hours,District 6 (East Central),,CEDAR,I-80,I 80 W,Collision with:  Other non-fixed object (explain in narrative),On Roadway,Non-collision (single vehicle),Unknown,None Indicated,None apparent,Dark - roadway not lighted,Dry,Clear,Debris,Non-intersection:  Non-junction/no special feature,Paved,N/A,Property Damage Only,0,0,0,0,0,0,1500,1,1,Westbound (WB),POINT (-91.268790004328 41.663573577883)
20231367376,23024983,06/21/2023,06-June,4-Wednesday,21:07,2100 Hours,District 5 (Southeast),,MUSCATINE,77,KELLY AVE,Collision with:  Animal,Unknown,N/A,Animal,None Indicated,N/A,N/A,N/A,N/A,N/A,N/A,Paved,N/A,Property Damage Only,0,0,0,0,0,0,6000,1,1,Northbound (NB),POINT (-91.173978228557 41.558816768894)
20231371121,23-006828,06/21/2023,06-June,4-Wednesday,21:28,2100 Hours,District 2 (Northeast),,CLAYTON,US 18,US 18 E,Collision with:  Animal,On Roadway,Non-collision (single vehicle),Animal,None Indicated,Animal in roadway,Dark - roadway not lighted,Dry,Clear,None apparent,Non-intersection:  Non-junction/no special feature,Paved,N/A,Property Damage Only,0,0,0,0,0,0,1500,1,1,Southbound (SB),POINT (-91.228476770158 43.013908251289)
20231368088,23052493,06/22/2023,06-June,5-Thursday,18:26,1800 Hours,District 2 (Northeast),CEDAR FALLS,BLACK HAWK,77,CENTER ST / BERTCHWOOD ST,Collision with:  Re-entering roadway,On Roadway,Broadside (front to side),FTYROW:  Making left turn,None Indicated,None apparent,Daylight,Dry,Clear,None apparent,"Non-intersection:  Driveway access (related, not in)",Paved,N/A,Property Damage Only,0,0,0,0,0,0,1600,2,4,Southbound (SB),POINT (-92.45620805177 42.558030387822)
20231367749,23-01481,06/23/2023,06-June,6-Friday,09:30,0900 Hours,District 1 (Central),URBANDALE,POLK,US 6,8700 HICKMAN ROAD,Collision with:  Vehicle in traffic,On Roadway,Rear-end (front to rear),Followed too close,None Indicated,None apparent,Daylight,Dry,Clear,None apparent,Intersection:  Four-way intersection,Paved,N/A,Property Damage Only,0,0,0,0,0,0,4700,2,3,Westbound (WB),POINT (-93.737451814058 41.614962559135)
20231368963,2023016226,06/23/2023,06-June,6-Friday,15:12,1500 Hours,District 2 (Northeast),,BUTLER,77,IA 3 E AND NEWELL AVE MEASURING 695 FEET EAST FROM IA 3  WB,Collision with:  Vehicle in traffic,On Roadway,Head-on (front to front),Unknown,None Indicated,None apparent,Daylight,Dry,Clear,None apparent,Non-intersection:  Non-junction/no special feature,Unpaved,N/A,Fatal,1,1,0,1,0,0,10000,2,2,Northbound (NB),POINT (-92.771397397768 42.744644761912)
20231367861,S23-053099,06/24/2023,06-June,7-Saturday,17:25,1700 Hours,District 2 (Northeast),,BLACK HAWK,IA-281,IA 281 E,Collision with:  Animal,Unknown,N/A,Animal,None Indicated,N/A,N/A,N/A,N/A,N/A,N/A,Paved,N/A,Property Damage Only,0,0,0,0,0,0,5000,1,2,Southbound (SB),POINT (-92.142730185034 42.635039340109)
20231367923,23-003075,06/25/2023,06-June,1-Sunday,12:45,1200 Hours,District 1 (Central),ANKENY,POLK,77,SE CORPORATE WOODS / SE FOUR MILE DR,Miscellaneous events:  Fire/explosion,On Roadway,Non-collision (single vehicle),Unknown,None Indicated,None apparent,Daylight,Dry,Cloudy,None apparent,Non-intersection:  Non-junction/no special feature,Paved,N/A,Property Damage Only,0,0,0,0,0,0,6000,1,1,Southbound (SB),POINT (-93.561541497182 41.672935823024)
20231368055,2023-46991,06/26/2023,06-June,2-Monday,07:21,0700 Hours,District 6 (East Central),DAVENPORT,SCOTT,US 6,US 6 W,Collision with:  Vehicle in traffic,On Roadway,Other (explain in narrative),FTYROW:  Making left turn,None Indicated,None apparent,Daylight,Dry,Cloudy,None apparent,"Non-intersection:  Driveway access (related, not in)",Paved,N/A,Property Damage Only,0,0,0,0,0,0,3000,2,2,Westbound (WB),POINT (-90.557998031277 41.556980849152)
20231368094,S23-02114,06/26/2023,06-June,2-Monday,05:29,0500 Hours,District 5 (Southeast),,DES MOINES,77,IRISH RIDGE RD AND UPPER FLINT RD MEASURING 2073 FEET EAST FROM UPPER FLINT RD,Collision with:  Animal,Unknown,N/A,Animal,None Indicated,N/A,N/A,N/A,N/A,N/A,N/A,Paved,N/A,Property Damage Only,0,0,0,0,0,0,2500,1,1,Northbound (NB),POINT (-91.136856735541 40.855905733406)
20231369537,2023016423,06/27/2023,06-June,3-Tuesday,06:45,0600 Hours,District 6 (East Central),,JOHNSON,I-80,I 80 E/236MM,Collision with:  Animal,On Roadway,Non-collision (single vehicle),Animal,None Indicated,Animal in roadway,N/A,N/A,N/A,None apparent,Non-intersection:  Non-junction/no special feature,Paved,N/A,Property Damage Only,0,0,0,0,0,0,8000,1,4,Southbound (SB),POINT (-91.697682326416 41.694670149427)
20231368942,23-003129,06/28/2023,06-June,4-Wednesday,10:50,1000 Hours,District 1 (Central),ANKENY,POLK,IA-160,1400-BLK SW ORALABOR RD,Collision with:  Vehicle in traffic,On Roadway,Rear-end (front to rear),Followed too close,None Indicated,None apparent,Daylight,Dry,Cloudy,Work Zone (roadway-related),Non-intersection:  Non-junction/no special feature,Paved,Yes,Property Damage Only,0,0,0,0,0,0,1500,2,3,Southbound (SB),POINT (-93.619241025398 41.702957318416)
20231369139,23025869,06/28/2023,06-June,4-Wednesday,09:55,0900 Hours,District 6 (East Central),WEST LIBERTY,MUSCATINE,US 6,CREES STREET AND E RAINBOW DRIVE,Collision with:  Struck/struck by object/cargo/person from other vehicle,On Roadway,Rear-end (front to rear),Followed too close,None Indicated,None apparent,Daylight,Dry,Cloudy,None apparent,Intersection:  T-intersection,Paved,N/A,Property Damage Only,0,0,0,0,0,0,6500,2,2,Southbound (SB),POINT (-91.262268922576 41.581747745036)
20231369197,23009757,06/29/2023,06-June,5-Thursday,18:21,1800 Hours,District 3 (Northwest),ARNOLDS PARK,DICKINSON,US 71,US 71 N,Collision with:  Vehicle in traffic,On Roadway,Rear-end (front to rear),Followed too close,None Indicated,None apparent,Daylight,Dry,Clear,None apparent,Intersection:  Four-way intersection,Paved,N/A,Possible/Unknown,0,1,0,0,1,0,1500,2,3,Northbound (NB),POINT (-95.127649507177 43.368699777933)
20231369837,2308375,06/30/2023,06-June,6-Friday,15:38,1500 Hours,District 5 (Southeast),,WASHINGTON,IA-92,IA 92 E,Collision with:  Vehicle in traffic,On Roadway,Rear-end (front to rear),Followed too close,None Indicated,None apparent,Daylight,Dry,Clear,None apparent,Non-intersection:  Non-junction/no special feature,Paved,N/A,Property Damage Only,0,0,0,0,0,0,2500,2,4,Southbound (SB),POINT (-91.663578319355 41.297819557744)
20231369669,23-006742,06/30/2023,06-June,6-Friday,23:30,2300 Hours,District 4 (Southwest),COUNCIL BLUFFS,POTTAWATTAMIE,77,SOUTH 24TH ST AND 23RD AVE,Collision with fixed object:  Ditch,Shoulder,Non-collision (single vehicle),Aggressive driving/road rage,None Indicated,None apparent,Dark - roadway lighted,Dry,Clear,None apparent,Non-intersection:  Non-junction/no special feature,Paved,N/A,Property Damage Only,0,0,0,0,0,0,5000,1,2,Southbound (SB),POINT (-95.879539938975 41.239081422267)
20231369586,202309104,07/01/2023,07-July,7-Saturday,23:34,2300 Hours,District 6 (East Central),CEDAR RAPIDS,LINN,I-380,I 380 N/MILE MARKER 18,Collision with fixed object:  Cable barrier,On Roadway,Non-collision (single vehicle),Driver Distraction:  Inattentive/lost in thought,None Indicated,None apparent,Dark - roadway lighted,Dry,Clear,None apparent,Non-intersection:  Other non-intersection (explain in narrative),Paved,N/A,Possible/Unknown,0,1,0,0,1,0,11000,1,2,Northbound (NB),POINT (-91.670797465745 41.950926411207)
20231369772,23-8602,07/02/2023,07-July,1-Sunday,21:59,2100 Hours,District 3 (Northwest),CARROLL,CARROLL,77,WEST ST,Collision with:  Parked motor vehicle,On Roadway,Rear to side,Improper Backing,None Indicated,None apparent,Dark - roadway lighted,Dry,Clear,None apparent,Non-intersection:  Non-junction/no special feature,Paved,N/A,Property Damage Only,0,0,0,0,0,0,1750,2,1,Northbound (NB),POINT (-94.873093899727 42.063391699404)
20231374099,20232353,07/02/2023,07-July,1-Sunday,22:20,2200 Hours,District 1 (Central),,GRUNDY,77,21800 F AVE,Non-collision events:  Fell/jumped from vehicle,Shoulder,Non-collision (single vehicle),Ran off road - right,Alcohol (Statutory),None apparent,Dark - roadway not lighted,Dry,Clear,None apparent,Non-intersection:  Non-junction/no special feature,Paved,N/A,Minor Injury,0,1,0,1,0,0,9000,1,1,Northbound (NB),POINT (-92.924957405797 42.397712040015)