Iowa DOT Case Number,Law Enforcement Case Number,Date of Crash,Month of Crash,Day of Week,Time of Crash,Hour,DOT District,City Name,County Name,Route with System,Location Description,First Harmful Event,Location of First Harmful Event,Manner of Crash/Collision,Major Cause,Drug or Alcohol ,Environmental Conditions,Light Conditions,Surface Conditions,Weather Conditions,Roadway Contribution,Roadway Type,Roadway Surface,Work Zone,Crash Severity,Number of Fatalities,Number of Injuries,Number of Major Injuries,Number of Minor Injuries,Number of Possible Injuries,Number of Unknown Injuries,Amount of Property Damage,Number of Vehicles Involved,Total Number of Occupants,Travel Direction,Location
20231369478,20230018153,07/03/2023,07-July,2-Monday,13:05,1300 Hours,District 1 (Central),DES MOINES,POLK,77,1338 44TH ST,Other (explain in narrative),On Roadway,Non-collision (single vehicle),Other (explain in narrative):  Other,None Indicated,None apparent,Daylight,Dry,Clear,None apparent,Non-intersection:  Non-junction/no special feature,Paved,N/A,Property Damage Only,0,0,0,0,0,0,3500,1,1,Northbound (NB),POINT (-93.677749510781 41.603332447951)
20231375576,SO23-00657,07/04/2023,07-July,3-Tuesday,12:49,1200 Hours,District 1 (Central),,MARSHALL,IA-330,MILE 10 HWY 330,Collision with fixed object:  Ditch,On Roadway,Non-collision (single vehicle),Ran off road - left,None Indicated,None apparent,Daylight,Dry,Clear,None apparent,Non-intersection:  Non-junction/no special feature,Paved,N/A,Property Damage Only,0,0,0,0,0,0,5000,1,2,Northbound (NB),POINT (-93.161627674519 41.912230665609)
20231370283,PD2305174,07/05/2023,07-July,4-Wednesday,14:48,1400 Hours,District 5 (Southeast),FAIRFIELD,JEFFERSON,77,NORTH 9TH ST AND WEST STONE AVE,Collision with:  Vehicle in traffic,On Roadway,Broadside (front to side),FTYROW:  From stop sign,None Indicated,None apparent,Daylight,Dry,Clear,None apparent,Intersection:  Four-way intersection,Paved,N/A,Possible/Unknown,0,1,0,0,1,0,6500,2,2,Northbound (NB),POINT (-91.974557567044 41.013751603908)
20231370336,23019962,07/06/2023,07-July,5-Thursday,16:38,1600 Hours,District 1 (Central),,JASPER,US 6,US 6 E,Collision with:  Animal,Unknown,N/A,Animal,None Indicated,N/A,N/A,N/A,N/A,N/A,N/A,Paved,N/A,Property Damage Only,0,0,0,0,0,0,10000,1,1,Southbound (SB),POINT (-92.804635395657 41.717501936581)
20231370291,2023-002116,07/06/2023,07-July,5-Thursday,21:23,2100 Hours,District 6 (East Central),,DUBUQUE,US 151,US 151 S,Collision with:  Animal,On Roadway,Non-collision (single vehicle),Animal,None Indicated,Animal in roadway,N/A,N/A,N/A,N/A,N/A,Paved,N/A,Property Damage Only,0,0,0,0,0,0,5000,1,1,Eastbound (EB),POINT (-90.715661768102 42.418289062684)
20231370520,2023-27014,07/07/2023,07-July,6-Friday,21:30,2100 Hours,District 5 (Southeast),,SCOTT,77,200TH ST,Collision with:  Animal,Unknown,N/A,Animal,None Indicated,N/A,N/A,N/A,N/A,N/A,N/A,Paved,N/A,Property Damage Only,0,0,0,0,0,0,1500,1,1,Southbound (SB),POINT (-90.818913383952 41.596615684767)
20231370507,S23-05429,07/08/2023,07-July,7-Saturday,16:46,1600 Hours,District 1 (Central),LUTHER,BOONE,IA-17,IA 17 N,Collision with:  Vehicle in traffic,On Roadway,Rear-end (front to rear),Followed too close,None Indicated,None apparent,Daylight,Dry,Cloudy,None apparent,Non-intersection:  Non-junction/no special feature,Paved,N/A,Possible/Unknown,0,1,0,0,1,0,12000,2,2,Northbound (NB),POINT (-93.815617874988 41.967630835378)
20231370623,23SC19464,07/08/2023,07-July,7-Saturday,08:10,0800 Hours,District 3 (Northwest),SIOUX CITY,WOODBURY,77,"NEBRASKA ST AND RAMP I 29 N TO NEBRASKA ST, N AND IA 812 W",Collision with:  Vehicle in traffic,On Roadway,Broadside (front to side),Ran Traffic Signal,None Indicated,None apparent,Daylight,Dry,Clear,None apparent,Intersection:  Four-way intersection,Paved,N/A,Property Damage Only,0,0,0,0,0,0,10000,2,2,Northbound (NB),POINT (-96.403385092096 42.489816904438)
20231370610,23-007662,07/09/2023,07-July,1-Sunday,23:02,2300 Hours,District 2 (Northeast),,CLAYTON,IA-56,IA 56 E,Collision with:  Animal,Unknown,N/A,Animal,None Indicated,N/A,N/A,N/A,N/A,N/A,N/A,Paved,N/A,Property Damage Only,0,0,0,0,0,0,2500,1,2,Southbound (SB),POINT (-91.420677000752 42.858145597713)
20231370940,23-009452,07/10/2023,07-July,2-Monday,18:15,1800 Hours,District 2 (Northeast),,CHICKASAW,77,305TH,Collision with:  Vehicle in traffic,On Roadway,Rear-end (front to rear),Followed too close,None Indicated,None apparent,Daylight,Dry,Clear,None apparent,Non-intersection:  Non-junction/no special feature,Unpaved,N/A,Property Damage Only,0,0,0,0,0,0,11000,2,5,Southbound (SB),POINT (-92.544276822388 42.910736141698)
20231370956,23-0406,07/11/2023,07-July,3-Tuesday,16:53,1600 Hours,District 1 (Central),,WEBSTER,77,PARAGON AVE,Collision with fixed object:  Traffic sign support,Outside trafficway,Non-collision (single vehicle),Ran off road - right,None Indicated,None apparent,Daylight,Dry,Clear,None apparent,Non-intersection:  Non-junction/no special feature,Paved,N/A,Property Damage Only,0,0,0,0,0,0,3000,1,1,Northbound (NB),POINT (-94.148158770892 42.479595470329)
20231370947,W23-058677,07/11/2023,07-July,3-Tuesday,13:57,1300 Hours,District 2 (Northeast),WATERLOO,BLACK HAWK,I-380,"RAMP I 380 N TO EAST SAN MARNAN DR, E",Collision with:  Vehicle in traffic,On Roadway,Rear-end (front to rear),Followed too close,None Indicated,None apparent,Daylight,Dry,Clear,None apparent,"Interchange-related:  Off-ramp, diverge area",Paved,N/A,Property Damage Only,0,0,0,0,0,0,5000,2,3,Northbound (NB),POINT (-92.316602711418 42.466720450744)
20231371290,2023-005089,07/12/2023,07-July,4-Wednesday,14:35,1400 Hours,District 6 (East Central),DUBUQUE,DUBUQUE,77,JACKSON ST AND EAST 20TH ST,Collision with:  Vehicle in traffic,On Roadway,Broadside (front to side),Ran Traffic Signal,None Indicated,None apparent,Daylight,Wet,Cloudy,None apparent,Intersection:  Four-way intersection,Paved,N/A,Property Damage Only,0,0,0,0,0,0,3500,2,2,Southbound (SB),POINT (-90.668357789595 42.511693341642)
20231371436,B23-05356,07/13/2023,07-July,5-Thursday,17:40,1700 Hours,District 1 (Central),BOONE,BOONE,77,SOUTH LINN ST,Collision with:  Vehicle in traffic,On Roadway,Rear to side,Other (explain in narrative):  Other,None Indicated,None apparent,Daylight,Dry,Clear,None apparent,Intersection:  Other intersection (explain in narrative),Paved,N/A,Property Damage Only,0,0,0,0,0,0,3100,2,2,Northbound (NB),POINT (-93.873677152424 42.034554679843)
20231380911,23-003405,07/13/2023,07-July,5-Thursday,13:07,1300 Hours,District 1 (Central),,POLK,77,NE 58TH AVE/NE 22ND ST,Collision with:  Vehicle in traffic,On Roadway,Rear-end (front to rear),Driver Distraction:  Other interior distraction,None Indicated,None apparent,Daylight,Dry,Clear,None apparent,Intersection:  T-intersection,Paved,N/A,Property Damage Only,0,0,0,0,0,0,5000,2,3,Southbound (SB),POINT (-93.581385271028 41.66600974973)
20231371462,23-007139,07/14/2023,07-July,6-Friday,09:48,0900 Hours,District 4 (Southwest),COUNCIL BLUFFS,POTTAWATTAMIE,I-80,I-80 EAST 4MM,Collision with:  Vehicle in traffic,On Roadway,"Sideswipe, same direction",Failed to keep in proper lane,None Indicated,None apparent,Daylight,Dry,Cloudy,None apparent,Interchange-related:  Other interchange (explain in narrative),Paved,N/A,Property Damage Only,0,0,0,0,0,0,2010,2,6,Southbound (SB),POINT (-95.833488653046 41.231740751704)
20231373048,23009855,07/15/2023,07-July,7-Saturday,00:09,0000 Hours,District 6 (East Central),,CEDAR,I-80,I 80,Collision with fixed object:  Cable barrier,Median,Non-collision (single vehicle),Ran off road - left,None Indicated,None apparent,Dark - roadway not lighted,Dry,Cloudy,None apparent,Non-intersection:  Non-junction/no special feature,Paved,N/A,Property Damage Only,0,0,0,0,0,0,7500,1,2,Westbound (WB),POINT (-91.326430198819 41.664067271859)
20231374430,202309811,07/15/2023,07-July,7-Saturday,22:07,2200 Hours,District 6 (East Central),CEDAR RAPIDS,LINN,77,15TH ST SE/ 1ST AVE E,Collision with:  Vehicle in traffic,On Roadway,Broadside (front to side),Ran Traffic Signal,None Indicated,None apparent,Dark - roadway lighted,Dry,"Fog, smoke, smog",None apparent,Intersection:  Four-way intersection,Paved,N/A,Property Damage Only,0,0,0,0,0,0,3500,2,3,Northbound (NB),POINT (-91.652231043232 41.988050663556)
20231371750,23006829,07/16/2023,07-July,1-Sunday,20:09,2000 Hours,District 2 (Northeast),EAGLE GROVE,WRIGHT,77,WEST BRDWAY ST,Collision with:  Parked motor vehicle,On Roadway,"Sideswipe, same direction",Lost Control,Under Influence of Alcohol/Drugs/Medications,None apparent,Dusk,Dry,Clear,None apparent,Non-intersection:  Non-junction/no special feature,Paved,N/A,Property Damage Only,0,0,0,0,0,0,12000,2,1,Southbound (SB),POINT (-93.907161590535 42.664103262318)
20231372115,2023018367,07/17/2023,07-July,2-Monday,22:00,2200 Hours,District 4 (Southwest),COUNCIL BLUFFS,POTTAWATTAMIE,I-29,I 29 NB 44.80 MM,Collision with fixed object:  Cable barrier,Median,Non-collision (single vehicle),Ran off road - left,None Indicated,None apparent,Unknown,Dry,Unknown,None apparent,Non-intersection:  Non-junction/no special feature,Paved,N/A,Property Damage Only,0,0,0,0,0,0,10300,1,1,Northbound (NB),POINT (-95.823543849201 41.175307596043)
20231372479,23-3665,07/18/2023,07-July,3-Tuesday,08:35,0800 Hours,District 6 (East Central),HIAWATHA,LINN,77,NORTHWOOD DR,Collision with:  Work zone maintenance equipment,On Roadway,Non-collision (single vehicle),Driver Distraction:  Other interior distraction,None Indicated,None apparent,Daylight,Dry,Clear,Work Zone (roadway-related),Non-intersection:  Non-junction/no special feature,Paved,Yes,Property Damage Only,0,0,0,0,0,0,10000,1,1,Southbound (SB),POINT (-91.669140209691 42.043258973255)
20231372311,23-003524,07/19/2023,07-July,4-Wednesday,18:20,1800 Hours,District 1 (Central),ANKENY,POLK,IA-160,1000 BLK SW ORALABOR RD,Collision with:  Vehicle in traffic,On Roadway,Rear-end (front to rear),Driver Distraction:  Other interior distraction,None Indicated,None apparent,Daylight,Dry,Clear,"Traffic backup, regular congestion",Non-intersection:  Non-junction/no special feature,Paved,N/A,Property Damage Only,0,0,0,0,0,0,3000,2,2,Southbound (SB),POINT (-93.61314655088 41.702863898008)
20231372350,2307208241,07/20/2023,07-July,5-Thursday,10:59,1000 Hours,District 6 (East Central),,CLINTON,US 30,US 30 W MEASURING 1960 FEET WEST FROM 340TH AVE,Collision with:  Animal,Unknown,N/A,Animal,None Indicated,N/A,N/A,N/A,N/A,N/A,N/A,Paved,N/A,Property Damage Only,0,0,0,0,0,0,3000,1,1,Westbound (WB),POINT (-90.439547221755 41.815507873932)
20231372423,20230019931,07/20/2023,07-July,5-Thursday,20:25,2000 Hours,District 1 (Central),DES MOINES,POLK,US 69,200 BLOCK E 15TH STREET,Collision with fixed object:  Curb/island/raised median,On Roadway,Non-collision (single vehicle),Unknown,None Indicated,None apparent,Dusk,Dry,Clear,None apparent,Non-intersection:  Non-junction/no special feature,Paved,N/A,Minor Injury,0,1,0,1,0,0,1500,1,1,Northbound (NB),POINT (-93.594443071505 41.591597578258)
20231372800,23-000868,07/21/2023,07-July,6-Friday,14:39,1400 Hours,District 1 (Central),AMES,STORY,77,580TH AVE AND HWY 30,Collision with:  Vehicle in traffic,On Roadway,Broadside (front to side),FTYROW:  From stop sign,None Indicated,None apparent,Daylight,Dry,Clear,None apparent,Intersection:  Four-way intersection,Paved,N/A,Minor Injury,0,1,0,1,0,0,35000,2,2,Northbound (NB),POINT (-93.540858044683 42.009477736845)
20231372677,2023-005328,07/22/2023,07-July,7-Saturday,13:33,1300 Hours,District 6 (East Central),DUBUQUE,DUBUQUE,US 61,US 20 E,Collision with:  Vehicle in traffic,On Roadway,"Sideswipe, same direction",Other (explain in narrative):  No improper action,None Indicated,None apparent,Daylight,Dry,Clear,None apparent,Intersection:  Four-way intersection,Paved,N/A,Property Damage Only,0,0,0,0,0,0,1500,2,2,Northbound (NB),POINT (-90.661097545281 42.491616786647)
20231373090,2023018875,07/22/2023,07-July,7-Saturday,20:17,2000 Hours,District 4 (Southwest),,DALLAS,IA-141,HWY 141 WB 142.5MM,Non-collision events:  Overturn/rollover,On Roadway,Non-collision (single vehicle),Driver Distraction:  Passenger,None Indicated,None apparent,Daylight,Dry,Clear,None apparent,Non-intersection:  Non-junction/no special feature,Paved,N/A,Minor Injury,0,3,0,3,0,0,20000,1,4,Westbound (WB),POINT (-93.875983205013 41.786645889267)
20231372713,23-5072,07/23/2023,07-July,1-Sunday,13:30,1300 Hours,District 1 (Central),,POLK,US 65,10900 BLOCK HUBBELL AVE SOUTH BOUND,Collision with:  Vehicle in traffic,On Roadway,Rear-end (front to rear),Followed too close,None Indicated,None apparent,Daylight,Dry,Clear,None apparent,Non-intersection:  Non-junction/no special feature,Paved,N/A,Property Damage Only,0,0,0,0,0,0,5000,2,6,Eastbound (EB),POINT (-93.367869189247 41.762708933116)
20231373018,23-009708,07/24/2023,07-July,2-Monday,11:17,1100 Hours,District 2 (Northeast),,HANCOCK,77,OAK AVE,Collision with:  Vehicle in traffic,On Roadway,"Sideswipe, same direction",Passing:  Other passing (explain in narrative),None Indicated,None apparent,Daylight,Dry,Clear,None apparent,Non-intersection:  Non-junction/no special feature,Paved,N/A,Property Damage Only,0,0,0,0,0,0,6500,2,2,Northbound (NB),POINT (-93.695282004742 43.172054018595)
20231374176,2023-29591,07/25/2023,07-July,3-Tuesday,17:26,1700 Hours,District 6 (East Central),,SCOTT,I-80,I 80 E,Collision with:  Vehicle in traffic,On Roadway,Rear-end (front to rear),Followed too close,None Indicated,None apparent,Daylight,Dry,Clear,None apparent,Non-intersection:  Non-junction/no special feature,Paved,N/A,Property Damage Only,0,0,0,0,0,0,8000,2,2,Southbound (SB),POINT (-90.897031802731 41.632873084191)
20231373483,23016903,07/26/2023,07-July,4-Wednesday,19:30,1900 Hours,District 5 (Southeast),,MAHASKA,77,JOINER AVE,Collision with:  Struck/struck by object/cargo/person from other vehicle,On Roadway,Rear-end (front to rear),Followed too close,None Indicated,None apparent,Daylight,Dry,Clear,None apparent,Non-intersection:  Non-junction/no special feature,Paved,N/A,Property Damage Only,0,0,0,0,0,0,2500,2,2,Northbound (NB),POINT (-92.675223421192 41.287968883583)
20231374939,2023019314,07/27/2023,07-July,5-Thursday,11:26,1100 Hours,District 6 (East Central),DAVENPORT,SCOTT,I-280,I280 EB AT LOCUST -DAVENPORT,Collision with:  Vehicle in traffic,On Roadway,"Sideswipe, same direction",Lost Control,Under Influence of Alcohol/Drugs/Medications,None apparent,Daylight,Dry,Clear,None apparent,Non-intersection:  Non-junction/no special feature,Paved,N/A,Property Damage Only,0,0,0,0,0,0,5500,2,2,Southbound (SB),POINT (-90.677724991983 41.541233457679)
20231373537,23-008422,07/28/2023,07-July,6-Friday,07:27,0700 Hours,District 2 (Northeast),,CLAYTON,77,KING RD,Collision with:  Vehicle in traffic,On Roadway,Head-on (front to front),Swerving/Evasive Action,None Indicated,None apparent,Daylight,Dry,Clear,None apparent,Non-intersection:  Non-junction/no special feature,Unpaved,N/A,Possible/Unknown,0,1,0,0,1,0,28000,2,2,Northbound (NB),POINT (-91.230290996028 42.924608436201)
20231373547,2307288241,07/28/2023,07-July,6-Friday,15:45,1500 Hours,District 6 (East Central),,CLINTON,77,237TH AVE MEASURING 2908 FEET SOUTH FROM 255TH ST,Collision with fixed object:  Ditch,Shoulder,Non-collision (single vehicle),Driver Distraction:  Other interior distraction,None Indicated,None apparent,Daylight,Gravel,Clear,None apparent,Non-intersection:  Non-junction/no special feature,Unpaved,N/A,Property Damage Only,0,0,0,0,0,0,3000,1,1,Northbound (NB),POINT (-90.631384023629 41.79952458294)
20231373798,CFS2307850,07/29/2023,07-July,7-Saturday,10:15,1000 Hours,District 2 (Northeast),,WINNESHIEK,77,NORTH WINN RD,Collision with fixed object:  Ditch,Shoulder,Non-collision (single vehicle),Ran off road - right,None Indicated,None apparent,Daylight,Dry,Cloudy,None apparent,Non-intersection:  Non-junction/no special feature,Paved,N/A,Possible/Unknown,0,2,0,0,2,0,4000,1,2,Northbound (NB),POINT (-91.809929534977 43.407875357401)
20231373754,23-30627,07/30/2023,07-July,1-Sunday,17:24,1700 Hours,District 5 (Southeast),MUSCATINE,MUSCATINE,77,DICK DRAKE WAY AND GRANDVIEW AVE AND US 61 N,Collision with:  Vehicle in traffic,On Roadway,Head-on (front to front),FTYROW:  Making left turn,None Indicated,None apparent,Daylight,Dry,Clear,None apparent,Non-intersection:  Non-junction/no special feature,Paved,N/A,Possible/Unknown,0,1,0,0,1,0,10000,2,6,Southbound (SB),POINT (-91.08806695074 41.391936711431)
20231374003,20230021003,07/31/2023,07-July,2-Monday,15:22,1500 Hours,District 1 (Central),DES MOINES,POLK,IA-163,E UNVIVERSITY AND HUBBELL AVE,Collision with:  Non-motorist (see non-motorist section - NOT a unit),On Roadway,Non-collision (single vehicle),Made improper turn,None Indicated,None apparent,Daylight,Dry,Clear,None apparent,Intersection:  Four-way intersection,Paved,N/A,Minor Injury,0,2,0,1,0,1,0,1,1,Southbound (SB),POINT (-93.578684639738 41.6004690499)
20231374070,OCFS2323568,08/01/2023,08-August,3-Tuesday,05:00,0500 Hours,District 5 (Southeast),OTTUMWA,WAPELLO,IA-149,IA 149 N,Collision with:  Animal,On Roadway,Non-collision (single vehicle),Animal,None Indicated,None apparent,Dark - roadway not lighted,Dry,Clear,None apparent,Non-intersection:  Non-junction/no special feature,Paved,N/A,Property Damage Only,0,0,0,0,0,0,6000,1,2,Northbound (NB),POINT (-92.411620490646 41.047763334555)
20231374195,23-03904,08/01/2023,08-August,3-Tuesday,20:32,2000 Hours,District 1 (Central),WEST DES MOINES,POLK,77,UNIVERSITY AVE,Collision with:  Vehicle in traffic,On Roadway,"Sideswipe, opposite direction",Lost Control,None Indicated,None apparent,Dark - roadway lighted,Wet,Rain,"Slippery, loose, or worn surface",Intersection:  Four-way intersection,Paved,N/A,Possible/Unknown,0,1,0,0,1,0,3000,2,3,Southbound (SB),POINT (-93.73664983141 41.600385051562)
20231374970,2023019929,08/02/2023,08-August,4-Wednesday,16:19,1600 Hours,District 5 (Southeast),,WARREN,I-35,I35 MM 62.15 SB,Collision with fixed object:  Ditch,On Roadway,Non-collision (single vehicle),Ran off road - right,None Indicated,Weather conditions,Daylight,Wet,Rain,"Slippery, loose, or worn surface",Non-intersection:  Non-junction/no special feature,Paved,N/A,Property Damage Only,0,0,0,0,0,0,2000,1,3,Eastbound (EB),POINT (-93.780387309594 41.440621886637)
20231374654,23-1246,08/03/2023,08-August,5-Thursday,17:50,1700 Hours,District 1 (Central),GRAND JUNCTION,GREENE,77,900 BLOCK OF EAST MAIN STREET,Non-collision events:  Overturn/rollover,On Roadway,Non-collision (single vehicle),Lost Control,Under Influence of Alcohol/Drugs/Medications,None apparent,Daylight,Dry,Clear,None apparent,Non-intersection:  Non-junction/no special feature,Paved,N/A,Minor Injury,0,1,0,1,0,0,1000,1,1,Southbound (SB),POINT (-94.22931339472 42.031755718658)
20231374708,202300009923,08/03/2023,08-August,5-Thursday,09:48,0900 Hours,District 4 (Southwest),,DALLAS,I-80,I 80 W,Collision with:  Vehicle in traffic,On Roadway,"Sideswipe, same direction",Other (explain in narrative):  Other,None Indicated,None apparent,Daylight,Dry,Clear,None apparent,Non-intersection:  Non-junction/no special feature,Paved,N/A,Property Damage Only,0,0,0,0,0,0,5000,2,2,Westbound (WB),POINT (-94.181155006087 41.518018058954)
20231374793,20230021410,08/04/2023,08-August,6-Friday,16:00,1600 Hours,District 1 (Central),DES MOINES,POLK,77,HUBBELL AVE AND EAST 33RD ST,Collision with:  Vehicle in traffic,On Roadway,Rear-end (front to rear),Driver Distraction:  Other interior distraction,None Indicated,None apparent,Daylight,Dry,Clear,None apparent,Intersection:  Four-way intersection,Paved,N/A,Property Damage Only,0,0,0,0,0,0,3000,2,4,Northbound (NB),POINT (-93.551514068992 41.625498576998)
20231374878,23-03963,08/05/2023,08-August,7-Saturday,13:27,1300 Hours,District 4 (Southwest),WEST DES MOINES,DALLAS,77,8900BLK MILLS CIVIC PARKWAY,Collision with:  Vehicle in traffic,On Roadway,Rear-end (front to rear),Followed too close,None Indicated,None apparent,Daylight,Dry,Clear,None apparent,Non-intersection:  Non-junction/no special feature,Paved,N/A,Property Damage Only,0,0,0,0,0,0,5000,2,3,Southbound (SB),POINT (-93.829787008253 41.559677429347)
20231375104,202310908,08/05/2023,08-August,7-Saturday,11:45,1100 Hours,District 6 (East Central),CEDAR RAPIDS,LINN,IA-100,"4651 1ST AVE SE CR,1: @DICKS SPORTING GOODS",Collision with:  Vehicle in traffic,On Roadway,Other (explain in narrative),Other (explain in narrative):  Other,None Indicated,None apparent,Daylight,Dry,Clear,None apparent,Intersection:  Other intersection (explain in narrative),Paved,N/A,Property Damage Only,0,0,0,0,0,0,3500,2,5,Southbound (SB),POINT (-91.619920899928 42.024043492169)
20231375327,W23-067109,08/06/2023,08-August,1-Sunday,03:52,0300 Hours,District 2 (Northeast),WATERLOO,BLACK HAWK,77,EAST RIDGEWAY AVE,Unknown,Unknown,Non-collision (single vehicle),Unknown,Alcohol (Statutory),None apparent,Unknown,Dry,Clear,None apparent,Unknown,Paved,N/A,Property Damage Only,0,0,0,0,0,0,3000,1,1,Southbound (SB),POINT (-92.348736560347 42.469384161339)
20231375509,2023020298,08/07/2023,08-August,2-Monday,15:00,1500 Hours,District 2 (Northeast),,WRIGHT,77,330TH ST MEASURING 2845 FEET EAST FROM 330TH ST WEST OF PAIGE AVE,Non-collision events:  Overturn/rollover,On Roadway,Non-collision (single vehicle),Ran off road - left,None Indicated,None apparent,Daylight,Dry,Cloudy,None apparent,Non-intersection:  Non-junction/no special feature,Paved,N/A,Major Injury,0,1,1,0,0,0,10000,1,3,Southbound (SB),POINT (-93.676201246423 42.572184951385)
20231375376,P23-10495,08/08/2023,08-August,3-Tuesday,12:56,1200 Hours,District 5 (Southeast),BURLINGTON,DES MOINES,77,DIVISION ST AND PLANE ST,Collision with:  Vehicle in traffic,On Roadway,Broadside (front to side),Ran Traffic Signal,None Indicated,None apparent,Daylight,Dry,Clear,None apparent,Intersection:  Four-way intersection,Paved,N/A,Property Damage Only,0,0,0,0,0,0,6000,2,3,Northbound (NB),POINT (-91.124798322496 40.807689726342)
20231375346,20230021772,08/08/2023,08-August,3-Tuesday,09:56,0900 Hours,District 1 (Central),DES MOINES,POLK,77,FLEUR DR MEASURING 301 FEET NORTH FROM MCKINLEY AVE,Collision with:  Vehicle in traffic,On Roadway,Other (explain in narrative),Made improper turn,None Indicated,None apparent,Daylight,Dry,Clear,None apparent,Non-intersection:  Non-junction/no special feature,Paved,N/A,Property Damage Only,0,0,0,0,0,0,4500,2,3,Eastbound (EB),POINT (-93.645107977173 41.541802428306)
20231376128,202311124,08/09/2023,08-August,4-Wednesday,15:50,1500 Hours,District 6 (East Central),CEDAR RAPIDS,LINN,77,2ND AVE SE AND 6TH ST SE,Collision with:  Vehicle in traffic,On Roadway,Broadside (front to side),FTYROW:  From stop sign,None Indicated,None apparent,Daylight,Dry,Cloudy,None apparent,Intersection:  Four-way intersection,Paved,N/A,Property Damage Only,0,0,0,0,0,0,4000,2,2,Southbound (SB),POINT (-91.663364289451 41.980417310377)
20231376240,23-10713,08/10/2023,08-August,5-Thursday,12:08,1200 Hours,District 3 (Northwest),,CLAY,77,125TH AVE,Non-collision events:  Overturn/rollover,Shoulder,Non-collision (single vehicle),Driver Distraction:  Reaching for object(s)/fallen object(s),None Indicated,None apparent,Daylight,Dry,Clear,None apparent,Non-intersection:  Non-junction/no special feature,Paved,N/A,Minor Injury,0,1,0,1,0,0,5500,1,1,Southbound (SB),POINT (-95.336636094649 42.953750611953)
20231375924,202301915,08/11/2023,08-August,6-Friday,21:36,2100 Hours,District 6 (East Central),,LINN,77,C AVE EXTENSION,Collision with fixed object:  Utility pole/light support,On Roadway,Non-collision (single vehicle),Exceeded authorized speed,None Indicated,None apparent,Dark - roadway lighted,Dry,Clear,None apparent,Intersection:  Traffic circle,Paved,N/A,Possible/Unknown,0,1,0,0,1,0,36000,1,2,Northbound (NB),POINT (-91.64828028046 42.094783363972)
20231377605,2023020850,08/12/2023,08-August,7-Saturday,08:35,0800 Hours,District 2 (Northeast),,WORTH,I-35,I 35 N 218 MM STATE LINE TURN AROUND,Collision with:  Vehicle in traffic,On Roadway,Rear-end (front to rear),Followed too close,None Indicated,None apparent,Daylight,Dry,Clear,None apparent,Non-intersection:  Crossover-related,Paved,N/A,Property Damage Only,0,0,0,0,0,0,8000,2,4,Northbound (NB),POINT (-93.35326737524 43.499306780483)
20231376091,23-04114,08/13/2023,08-August,1-Sunday,13:45,1300 Hours,District 1 (Central),WEST DES MOINES,DALLAS,77,COACHLIGHT DR,Collision with fixed object:  Curb/island/raised median,On Roadway,Non-collision (single vehicle),Lost Control,None Indicated,None apparent,Daylight,Dry,Clear,None apparent,Non-intersection:  Non-junction/no special feature,Paved,N/A,Possible/Unknown,0,1,0,0,1,0,15000,1,1,Southbound (SB),POINT (-93.81435785036 41.562931271429)
20231376265,20230022436,08/14/2023,08-August,2-Monday,14:37,1400 Hours,District 1 (Central),DES MOINES,POLK,77,US 6 E AND EAST 46TH ST,Collision with:  Vehicle in traffic,On Roadway,Rear-end (front to rear),Exceeded authorized speed,None Indicated,None apparent,Daylight,Wet,Rain,None apparent,Non-intersection:  Non-junction/no special feature,Paved,N/A,Minor Injury,0,1,0,1,0,0,6000,2,5,Northbound (NB),POINT (-93.522306673443 41.641811923772)
20231376361,A23061,08/14/2023,08-August,2-Monday,17:49,1700 Hours,District 5 (Southeast),KNOXVILLE,MARION,77,ATTICA RD AND MAIN ST,Collision with:  Vehicle in traffic,On Roadway,Broadside (front to side),Ran Stop Sign,None Indicated,None apparent,Daylight,Dry,Cloudy,None apparent,Intersection:  Four-way intersection,Paved,N/A,Property Damage Only,0,0,0,0,0,0,20000,2,2,Southbound (SB),POINT (-93.086588426311 41.318966785886)
20231377430,23009474,08/15/2023,08-August,3-Tuesday,14:29,1400 Hours,District 6 (East Central),,BUCHANAN,77,120TH ST MEASURING 216 FEET EAST FROM GRANT AVE,Collision with:  Struck/struck by object/cargo/person from other vehicle,On Roadway,"Sideswipe, same direction",FTYROW:  Making left turn,None Indicated,None apparent,Daylight,Dry,Clear,None apparent,"Non-intersection:  Driveway access (related, not in)",Paved,N/A,Possible/Unknown,0,1,0,0,1,0,2000,3,6,Southbound (SB),POINT (-91.953508702346 42.613402642269)
20231376593,2023-156Y,08/16/2023,08-August,4-Wednesday,19:57,1900 Hours,District 3 (Northwest),AKRON,PLYMOUTH,77,NORTH 2ND ST,Collision with:  Parked motor vehicle,On Roadway,Rear-end (front to rear),Improper Backing,None Indicated,None apparent,Daylight,Dry,Clear,None apparent,Non-intersection:  Non-junction/no special feature,Paved,N/A,Property Damage Only,0,0,0,0,0,0,2000,2,1,Northbound (NB),POINT (-96.559582466663 42.828873594525)
20231376824,23-009878,08/17/2023,08-August,5-Thursday,07:31,0700 Hours,District 4 (Southwest),,HARRISON,IA-183,IA 183 N,Collision with:  Animal,On Roadway,Non-collision (single vehicle),Animal,None Indicated,Animal in roadway,Daylight,Dry,Clear,None apparent,Non-intersection:  Non-junction/no special feature,Paved,N/A,Possible/Unknown,0,1,0,0,1,0,2500,1,1,Northbound (NB),POINT (-95.944976454612 41.781971288787)
20231376743,23-008491,08/17/2023,08-August,5-Thursday,21:28,2100 Hours,District 4 (Southwest),COUNCIL BLUFFS,POTTAWATTAMIE,77,1ST AND VINE,Collision with:  Vehicle in traffic,On Roadway,Broadside (front to side),FTYROW:  From stop sign,None Indicated,None apparent,Dark - roadway lighted,Dry,Clear,None apparent,Intersection:  Four-way intersection,Paved,N/A,Property Damage Only,0,0,0,0,0,0,6000,2,4,Northbound (NB),POINT (-95.843921320243 41.264041432061)