Iowa DOT Case Number,Law Enforcement Case Number,Date of Crash,Month of Crash,Day of Week,Time of Crash,Hour,DOT District,City Name,County Name,Route with System,Location Description,First Harmful Event,Location of First Harmful Event,Manner of Crash/Collision,Major Cause,Drug or Alcohol ,Environmental Conditions,Light Conditions,Surface Conditions,Weather Conditions,Roadway Contribution,Roadway Type,Roadway Surface,Work Zone,Crash Severity,Number of Fatalities,Number of Injuries,Number of Major Injuries,Number of Minor Injuries,Number of Possible Injuries,Number of Unknown Injuries,Amount of Property Damage,Number of Vehicles Involved,Total Number of Occupants,Travel Direction,Location
20231377015,23016656,08/18/2023,08-August,6-Friday,16:25,1600 Hours,District 2 (Northeast),JANESVILLE,BREMER,77,"275TH ST AND RAMP 275TH ST, W TO W TO STATE OF IOWA, US 218 N",Collision with:  Vehicle in traffic,On Roadway,"Sideswipe, same direction",FTYROW:  From yield sign,None Indicated,None apparent,Daylight,Dry,Clear,None apparent,Intersection:  Roundabout,Paved,N/A,Possible/Unknown,0,1,0,0,1,0,2500,2,2,Southbound (SB),POINT (-92.449436052593 42.649288635659)
20231377143,23013317,08/19/2023,08-August,7-Saturday,00:55,0000 Hours,District 4 (Southwest),,MILLS,I-29,I 29 N,Collision with:  Vehicle in traffic,On Roadway,Other (explain in narrative),"Operating vehicle in an reckless, erratic, careless, negligent manner",Under Influence of Alcohol/Drugs/Medications,None apparent,Dark - roadway not lighted,Dry,Clear,Other (explain in narrative),Non-intersection:  Non-junction/no special feature,Paved,N/A,Minor Injury,0,2,0,2,0,0,3000,2,6,Northbound (NB),POINT (-95.824824030228 41.117994692156)
20231377120,23SC23934,08/19/2023,08-August,7-Saturday,02:18,0200 Hours,District 3 (Northwest),SIOUX CITY,WOODBURY,77,NEBRASKA ST,Collision with:  Parked motor vehicle,On Roadway,Rear-end (front to rear),Swerving/Evasive Action,None Indicated,Animal in roadway,Dark - roadway lighted,Dry,Clear,None apparent,Non-intersection:  Non-junction/no special feature,Paved,N/A,Minor Injury,0,1,0,1,0,0,7000,2,1,Northbound (NB),POINT (-96.403693265443 42.517676585155)
20231377046,P23-11226,08/20/2023,08-August,1-Sunday,15:39,1500 Hours,District 5 (Southeast),BURLINGTON,DES MOINES,77,CATHMAR ST,Collision with:  Parked motor vehicle,On Roadway,Rear to side,Driver Distraction:  Other interior distraction,None Indicated,None apparent,Daylight,Dry,Clear,None apparent,Non-intersection:  Non-junction/no special feature,Paved,N/A,Property Damage Only,0,0,0,0,0,0,2750,2,1,Southbound (SB),POINT (-91.136527371836 40.801601351611)
20231377535,23010076,08/21/2023,08-August,2-Monday,14:48,1400 Hours,District 3 (Northwest),,PLYMOUTH,US 75,US 75 N MEASURING 295 FEET SOUTH FROM 150TH ST,Collision with:  Vehicle in traffic,On Roadway,Rear-end (front to rear),Driver Distraction:  Manual operation of an electronic communication device,None Indicated,None apparent,Daylight,Dry,Clear,Work Zone (roadway-related),Non-intersection:  Non-junction/no special feature,Paved,Yes,Property Damage Only,0,0,0,0,0,0,10000,2,2,Northbound (NB),POINT (-96.174630383298 42.836055505404)
20231377592,2023-002737,08/22/2023,08-August,3-Tuesday,15:10,1500 Hours,District 6 (East Central),,DUBUQUE,77,FARLEY RD,Collision with fixed object:  Ditch,On Roadway,Non-collision (single vehicle),Driver Distraction:  Other interior distraction,None Indicated,None apparent,Daylight,Dry,Clear,None apparent,Non-intersection:  Non-junction/no special feature,Paved,N/A,Property Damage Only,0,0,0,0,0,0,5000,1,2,Northbound (NB),POINT (-91.001343194359 42.324711164607)
20231378422,2023021959,08/23/2023,08-August,4-Wednesday,08:18,0800 Hours,District 1 (Central),ALTOONA,POLK,US 65,US 65 S @ 85MM,Collision with:  Vehicle in traffic,On Roadway,Rear-end (front to rear),Followed too close,None Indicated,None apparent,Daylight,Dry,Clear,None apparent,Non-intersection:  Non-junction/no special feature,Paved,N/A,Minor Injury,0,1,0,1,0,0,6000,2,5,Eastbound (EB),POINT (-93.485744100519 41.669047801502)
20231377716,ACSO 23-0109,08/23/2023,08-August,4-Wednesday,20:00,2000 Hours,District 2 (Northeast),,ALLAMAKEE,77,IOWA RIVER DR,Collision with:  Animal,Unknown,N/A,Animal,None Indicated,N/A,N/A,N/A,N/A,N/A,N/A,Paved,N/A,Property Damage Only,0,0,0,0,0,0,10900,1,3,Southbound (SB),POINT (-91.484062182895 43.423702645152)
20231378848,23-004122,08/24/2023,08-August,5-Thursday,16:14,1600 Hours,District 1 (Central),ANKENY,POLK,77,900 BLK NE TRILEIN DR,Collision with:  Vehicle in traffic,On Roadway,Broadside (front to side),FTYROW:  Making left turn,None Indicated,None apparent,Daylight,Dry,Clear,None apparent,Intersection:  Four-way intersection,Paved,N/A,Property Damage Only,0,0,0,0,0,0,1500,2,2,Northbound (NB),POINT (-93.590156845467 41.738607148526)
20231378694,2023-34410,08/25/2023,08-August,6-Friday,10:24,1000 Hours,District 6 (East Central),RIVERDALE,SCOTT,US 67,US 67 N AND SCOTT COMM COL ARE IX,Collision with:  Vehicle in traffic,On Roadway,"Sideswipe, same direction",Other (explain in narrative):  Other,None Indicated,None apparent,Daylight,Dry,Clear,None apparent,Non-intersection:  Non-junction/no special feature,Paved,N/A,Property Damage Only,0,0,0,0,0,0,20000,2,2,Northbound (NB),POINT (-90.459593778599 41.54254502954)
20231382109,20230026191,08/25/2023,08-August,6-Friday,06:00,0600 Hours,District 1 (Central),DES MOINES,POLK,77,KINGMAN BLVD MEASURING 70 FEET WEST FROM KINGMAN BLVD,Collision with:  Parked motor vehicle,On Roadway,"Sideswipe, same direction",Illegally Parked/Unattended,None Indicated,None apparent,Dusk,Dry,Clear,None apparent,Non-intersection:  Non-junction/no special feature,Paved,N/A,Property Damage Only,0,0,0,0,0,0,2500,2,1,Southbound (SB),POINT (-93.655719516909 41.596488618897)
20231378245,PD23-02055,08/26/2023,08-August,7-Saturday,21:45,2100 Hours,District 1 (Central),MARSHALLTOWN,MARSHALL,77,SOUTH 3RD AVE,Collision with:  Vehicle in traffic,On Roadway,Rear-end (front to rear),Made improper turn,None Indicated,None apparent,Dark - roadway lighted,Dry,Clear,None apparent,Intersection:  T-intersection,Paved,N/A,Property Damage Only,0,0,0,0,0,0,2600,2,1,Northbound (NB),POINT (-92.907089905813 42.021522295021)
20231378202,2023-006204,08/27/2023,08-August,1-Sunday,16:39,1600 Hours,District 6 (East Central),DUBUQUE,DUBUQUE,77,WEST 17TH ST AND MADISON ST AND MAIN ST,Collision with:  Vehicle in traffic,On Roadway,Broadside (front to side),Ran Stop Sign,None Indicated,None apparent,Daylight,Dry,Clear,None apparent,Intersection:  Four-way intersection,Paved,N/A,Minor Injury,0,1,0,1,0,0,10000,2,3,Northbound (NB),POINT (-90.671114942882 42.50824640832)
20231378305,23WC06680,08/28/2023,08-August,2-Monday,01:49,0100 Hours,District 3 (Northwest),,WOODBURY,US 20,US 20 W,Collision with:  Animal,On Roadway,Non-collision (single vehicle),Animal,None Indicated,None apparent,Dark - roadway not lighted,Dry,Clear,None apparent,Non-intersection:  Non-junction/no special feature,Paved,N/A,Property Damage Only,0,0,0,0,0,0,35000,1,1,Westbound (WB),POINT (-95.752376347055 42.474998084916)
20231378525,23SC24928,08/28/2023,08-August,2-Monday,01:51,0100 Hours,District 3 (Northwest),SIOUX CITY,WOODBURY,77,2100 BLK JONES ST,Collision with:  Parked motor vehicle,On Roadway,Rear-end (front to rear),Lost Control,None Indicated,None apparent,Dark - roadway lighted,Dry,Clear,None apparent,Non-intersection:  Non-junction/no special feature,Paved,N/A,Property Damage Only,0,0,0,0,0,0,4000,2,1,Northbound (NB),POINT (-96.400928038097 42.511806824185)
20231379535,23003297,08/29/2023,08-August,3-Tuesday,17:10,1700 Hours,District 1 (Central),AMES,STORY,77,AIRPORT RD,Collision with:  Vehicle in traffic,On Roadway,"Angle, oncoming left turn",FTYROW:  Making left turn,None Indicated,None apparent,Daylight,Dry,Clear,None apparent,Intersection:  Four-way intersection,Paved,N/A,Property Damage Only,0,0,0,0,0,0,10000,2,2,Southbound (SB),POINT (-93.611388228967 42.001035812422)
20231379448,W23-075032,08/30/2023,08-August,4-Wednesday,18:47,1800 Hours,District 2 (Northeast),WATERLOO,BLACK HAWK,77,WEST AIRLINE HIGHWAY AND DIAGONAL RD,Collision with fixed object:  Guardrail - end,On Roadway,Non-collision (single vehicle),Other (explain in narrative):  Disregarded signs/road markings,None Indicated,None apparent,Daylight,Dry,Clear,None apparent,Non-intersection:  Railroad grade crossing,Paved,N/A,Property Damage Only,0,0,0,0,0,0,6500,1,1,Northbound (NB),POINT (-92.386941799786 42.541974696886)
20231378960,2023007137,08/30/2023,08-August,4-Wednesday,03:30,0300 Hours,District 6 (East Central),IOWA CITY,JOHNSON,77,VALLEY AVE,Collision with:  Parked motor vehicle,On Roadway,"Sideswipe, same direction",FTYROW:  To pedestrian,None Indicated,None apparent,Dark - roadway lighted,Dry,Clear,None apparent,Non-intersection:  Non-junction/no special feature,Paved,N/A,Property Damage Only,0,0,0,0,0,0,1501,2,1,Northbound (NB),POINT (-91.552517280431 41.664615679426)
20231379068,23-010500,08/31/2023,08-August,5-Thursday,21:06,2100 Hours,District 4 (Southwest),,HARRISON,IA-44,IA 44 E,Collision with:  Animal,Unknown,N/A,Animal,None Indicated,N/A,N/A,N/A,N/A,N/A,N/A,Paved,N/A,Property Damage Only,0,0,0,0,0,0,2000,1,1,Southbound (SB),POINT (-95.659815090022 41.657859700472)
20231381987,2023022819,09/01/2023,09-September,6-Friday,07:00,0700 Hours,District 6 (East Central),CORALVILLE,JOHNSON,I-80,GORE OF EB I 80 E TO IA 965 N. EXIT 240,Collision with:  Vehicle in traffic,Gore,Rear-end (front to rear),Swerving/Evasive Action,None Indicated,None apparent,Daylight,Dry,Clear,None apparent,"Interchange-related:  Mainline, between ramps",Paved,N/A,Property Damage Only,0,0,0,0,0,0,5500,2,2,Southbound (SB),POINT (-91.614445548795 41.693858735877)
20231379572,C23-8609,09/01/2023,09-September,6-Friday,15:58,1500 Hours,District 3 (Northwest),,SAC,77,IRA AVE MEASURING 4899 FEET SOUTH FROM IRA AVE,Other (explain in narrative),On Roadway,Non-collision (single vehicle),Ran off road - left,None Indicated,None apparent,Daylight,Dry,Clear,None apparent,Non-intersection:  Non-junction/no special feature,Unpaved,N/A,Property Damage Only,0,0,0,0,0,0,2000,1,1,Northbound (NB),POINT (-95.187058218562 42.457748660224)
20231379215,20230024415,09/02/2023,09-September,7-Saturday,08:37,0800 Hours,District 1 (Central),DES MOINES,POLK,US 6,US 6 E AND EAST 46TH ST,Collision with fixed object:  Traffic signal support,Outside trafficway,Non-collision (single vehicle),"Operating vehicle in an reckless, erratic, careless, negligent manner",Drug/Alcohol (Statutory),None apparent,Daylight,Dry,Clear,None apparent,Intersection:  Four-way intersection,Paved,N/A,Property Damage Only,0,0,0,0,0,0,3000,1,2,Southbound (SB),POINT (-93.522282950733 41.641848060343)
20231381376,23SC25499,09/02/2023,09-September,7-Saturday,16:20,1600 Hours,District 3 (Northwest),SIOUX CITY,WOODBURY,77,5TH ST AND COURT ST,Collision with:  Vehicle in traffic,On Roadway,Broadside (front to side),Ran Traffic Signal,None Indicated,None apparent,Daylight,Dry,Clear,None apparent,Intersection:  Four-way intersection,Paved,N/A,Property Damage Only,0,0,0,0,0,0,6000,2,3,Southbound (SB),POINT (-96.396441990807 42.495281730393)
20231379455,20230024563,09/03/2023,09-September,1-Sunday,21:08,2100 Hours,District 1 (Central),DES MOINES,POLK,US 69,BLOOMFIELD RD AND US 69 S,Collision with:  Vehicle in traffic,On Roadway,Broadside (front to side),FTYROW:  From stop sign,None Indicated,None apparent,Dark - roadway lighted,Dry,Clear,None apparent,Intersection:  Four-way intersection,Paved,N/A,Possible/Unknown,0,1,0,0,1,0,6000,2,2,Northbound (NB),POINT (-93.596706788292 41.524679602362)
20231379605,2023-006400,09/04/2023,09-September,2-Monday,09:36,0900 Hours,District 6 (East Central),DUBUQUE,DUBUQUE,77,WHITE ST,Collision with:  Vehicle in traffic,On Roadway,Broadside (front to side),Ran Traffic Signal,None Indicated,None apparent,Daylight,Dry,Clear,None apparent,Intersection:  Four-way intersection,Paved,N/A,Possible/Unknown,0,1,0,0,1,0,17500,2,3,Northbound (NB),POINT (-90.666710098802 42.506580853396)
20231379640,20230024723,09/05/2023,09-September,3-Tuesday,12:43,1200 Hours,District 1 (Central),DES MOINES,POLK,77,42ND ST AND CENTER ST,Collision with:  Vehicle in traffic,On Roadway,Rear-end (front to rear),Followed too close,None Indicated,None apparent,Daylight,Dry,Cloudy,None apparent,Intersection:  Four-way intersection,Paved,N/A,Property Damage Only,0,0,0,0,0,0,6000,2,2,Northbound (NB),POINT (-93.674413008814 41.591768777202)
20231379765,C23003387,09/05/2023,09-September,3-Tuesday,15:45,1500 Hours,District 6 (East Central),CORALVILLE,JOHNSON,77,CORAL RIDGE AVE,Collision with:  Vehicle in traffic,On Roadway,Rear-end (front to rear),Driver Distraction:  Other interior distraction,None Indicated,None apparent,Daylight,Dry,Clear,None apparent,Non-intersection:  Non-junction/no special feature,Paved,N/A,Property Damage Only,0,0,0,0,0,0,6000,2,2,Northbound (NB),POINT (-91.607774868803 41.721212872444)
20231380067,23-6324,09/06/2023,09-September,4-Wednesday,16:08,1600 Hours,District 1 (Central),,POLK,77,NW 110TH AVE AND NW 121ST ST,Collision with:  Vehicle in traffic,On Roadway,Broadside (front to side),FTYROW:  From stop sign,None Indicated,None apparent,Daylight,Dry,Clear,None apparent,Intersection:  T-intersection,Paved,N/A,Major Injury,0,2,1,1,0,0,40000,2,2,Northbound (NB),POINT (-93.785127270191 41.761344809254)
20231380076,23-009582,09/07/2023,09-September,5-Thursday,23:32,2300 Hours,District 4 (Southwest),,MONTGOMERY,US 34,US 34 E,Collision with:  Animal,Unknown,N/A,Animal,None Indicated,N/A,N/A,N/A,N/A,N/A,N/A,Paved,N/A,Property Damage Only,0,0,0,0,0,0,5000,1,1,Southbound (SB),POINT (-95.06385927108 40.980575048356)
20231380812,2023023534,09/08/2023,09-September,6-Friday,16:30,1600 Hours,District 1 (Central),,POLK,I-80,I 80 W 139.7 MILE MARKER,Collision with:  Vehicle in traffic,On Roadway,Rear-end (front to rear),Driving too fast for conditions,None Indicated,None apparent,Daylight,Dry,Clear,None apparent,Non-intersection:  Non-junction/no special feature,Paved,N/A,Property Damage Only,0,0,0,0,0,0,27000,3,4,Westbound (WB),POINT (-93.5414557693 41.6572336671)
20231380657,23-031109,09/08/2023,09-September,6-Friday,03:34,0300 Hours,District 5 (Southeast),WEST POINT,LEE,77,800 BLOCK D AVE,Collision with:  Animal,Unknown,N/A,Animal,Alcohol (Statutory),N/A,N/A,N/A,N/A,N/A,N/A,Paved,N/A,Property Damage Only,0,0,0,0,0,0,1501,1,1,Southbound (SB),POINT (-91.449022569686 40.716649592567)
20231380327,2023007501,09/09/2023,09-September,7-Saturday,19:35,1900 Hours,District 6 (East Central),IOWA CITY,JOHNSON,77,GILBERT ST AND JEFFERSON ST,Collision with:  Vehicle in traffic,On Roadway,Broadside (front to side),Ran Traffic Signal,None Indicated,None apparent,Dark - roadway lighted,Dry,Clear,None apparent,Intersection:  Four-way intersection,Paved,N/A,Possible/Unknown,0,1,0,0,1,0,14500,2,2,Northbound (NB),POINT (-91.530129069865 41.662458070847)
20231383496,C23003458,09/10/2023,09-September,1-Sunday,13:54,1300 Hours,District 6 (East Central),CORALVILLE,JOHNSON,77,12TH AVE AND HOLIDAY RD,Collision with:  Vehicle in traffic,On Roadway,Rear-end (front to rear),Improper Backing,None Indicated,None apparent,Daylight,Dry,Clear,None apparent,Intersection:  Roundabout,Paved,N/A,Property Damage Only,0,0,0,0,0,0,2000,2,4,Northbound (NB),POINT (-91.582783139321 41.694859628241)
20231382191,23-12166,09/11/2023,09-September,2-Monday,09:06,0900 Hours,District 3 (Northwest),SPENCER,CLAY,77,WEST 15TH ST,Collision with:  Vehicle in traffic,Roadside,Broadside (front to side),Driver Distraction:  Other interior distraction,None Indicated,None apparent,Daylight,Dry,Clear,None apparent,Non-intersection:  Non-junction/no special feature,Paved,N/A,Property Damage Only,0,0,0,0,0,0,4000,2,2,Southbound (SB),POINT (-95.146826483148 43.152715621995)
20231401399,CFS23-9137,09/11/2023,09-September,2-Monday,12:45,1200 Hours,District 3 (Northwest),LAKE VIEW,SAC,77,STATE PARK RD,Collision with:  Vehicle in traffic,On Roadway,Rear to side,Improper Backing,None Indicated,None apparent,Daylight,Dry,Clear,None apparent,Non-intersection:  Non-junction/no special feature,Unpaved,N/A,Property Damage Only,0,0,0,0,0,0,5000,2,2,Southbound (SB),POINT (-95.017852417621 42.304481390518)
20231381109,23009633,09/12/2023,09-September,3-Tuesday,14:30,1400 Hours,District 6 (East Central),,DELAWARE,IA-3,IA 3 E,Collision with fixed object:  Ditch,Roadside,Non-collision (single vehicle),Ran off road - right,None Indicated,None apparent,Daylight,Dry,Clear,None apparent,Non-intersection:  Non-junction/no special feature,Paved,N/A,Minor Injury,0,1,0,1,0,0,15000,1,1,Southbound (SB),POINT (-91.176097953489 42.605058110845)
20231380919,23-009480,09/13/2023,09-September,4-Wednesday,10:00,1000 Hours,District 4 (Southwest),,POTTAWATTAMIE,I-80,RAMP US 59 N TO I 80 E,Unknown,Unknown,Unknown,Swerving/Evasive Action,None Indicated,None apparent,Daylight,Unknown,Clear,Unknown,Unknown,Paved,N/A,Possible/Unknown,0,1,0,0,0,1,5000,2,2,Southbound (SB),POINT (-95.335127348977 41.496625023919)
20231381839,23079636,09/13/2023,09-September,4-Wednesday,14:13,1400 Hours,District 2 (Northeast),CEDAR FALLS,BLACK HAWK,77,HUDSON RD / GREENHILL RD,Collision with:  Vehicle in traffic,On Roadway,Rear-end (front to rear),Followed too close,None Indicated,None apparent,Daylight,Dry,Clear,None apparent,Intersection:  Four-way intersection,Paved,N/A,Property Damage Only,0,0,0,0,0,0,3000,2,3,Northbound (NB),POINT (-92.465387103819 42.497329449716)
20231381592,2023024005,09/14/2023,09-September,5-Thursday,07:08,0700 Hours,District 6 (East Central),IOWA CITY,JOHNSON,I-80,I 80 WB AT 243MM,Collision with fixed object:  Cable barrier,Shoulder,Non-collision (single vehicle),Ran off road - right,None Indicated,None apparent,Daylight,Dry,Clear,None apparent,Non-intersection:  Non-junction/no special feature,Paved,N/A,Property Damage Only,0,0,0,0,0,0,24850,1,1,Westbound (WB),POINT (-91.553440431438 41.685613243178)
20231381181,23-009556,09/14/2023,09-September,5-Thursday,20:40,2000 Hours,District 4 (Southwest),COUNCIL BLUFFS,POTTAWATTAMIE,US 275,US 275 N AND SOUTH 35TH ST,Collision with:  Animal,On Roadway,Non-collision (single vehicle),Animal,None Indicated,Animal in roadway,N/A,N/A,N/A,N/A,N/A,Paved,N/A,Property Damage Only,0,0,0,0,0,0,2000,1,1,Northbound (NB),POINT (-95.904056633046 41.209924071167)
20231382779,23SB01271,09/15/2023,09-September,6-Friday,20:30,2000 Hours,District 3 (Northwest),SERGEANT BLUFF,WOODBURY,77,HARRINGTON LOOP EAST,Collision with:  Animal,Unknown,N/A,Animal,None Indicated,N/A,N/A,N/A,N/A,N/A,N/A,Paved,N/A,Property Damage Only,0,0,0,0,0,0,3500,1,0,Northbound (NB),POINT (-96.347395574397 42.403844190104)
20231381786,23-012417,09/16/2023,09-September,7-Saturday,02:04,0200 Hours,District 3 (Northwest),,CARROLL,77,330TH ST,Collision with fixed object:  Ditch,On Roadway,Non-collision (single vehicle),Ran off road - left,Alcohol (< Statutory),None apparent,Dark - roadway not lighted,Dry,Clear,None apparent,Non-intersection:  Non-junction/no special feature,Paved,N/A,Major Injury,0,1,1,0,0,0,20000,1,1,Southbound (SB),POINT (-94.64598094745 41.877237771616)
20231382473,,09/16/2023,09-September,7-Saturday,23:00,2300 Hours,District 5 (Southeast),,HENRY,77,170TH ST,Collision with:  Animal,Roadside,"Angle, oncoming left turn",Animal,None Indicated,N/A,Dark - roadway not lighted,Dry,Clear,N/A,Non-intersection:  Non-junction/no special feature,Paved,N/A,Property Damage Only,0,0,0,0,0,0,8374,1,1,Southbound (SB),POINT (-91.544383034635 41.06127632357)
20231381554,20230025920,09/17/2023,09-September,1-Sunday,00:35,0000 Hours,District 1 (Central),DES MOINES,POLK,US 69,1400BLK EAST UNIVERSITY AVE,Collision with:  Vehicle in traffic,On Roadway,Broadside (front to side),Ran Traffic Signal,Under Influence of Alcohol/Drugs/Medications,None apparent,Dark - roadway lighted,Dry,Clear,None apparent,Intersection:  Four-way intersection,Paved,N/A,Minor Injury,0,2,0,1,0,1,18000,2,2,Eastbound (EB),POINT (-93.600537466972 41.600582156913)
20231381870,W23-081043,09/18/2023,09-September,2-Monday,03:37,0300 Hours,District 2 (Northeast),WATERLOO,BLACK HAWK,77,VINTON ST,Collision with fixed object:  Building,On Roadway,Non-collision (single vehicle),Exceeded authorized speed,Alcohol (Statutory),None apparent,Dark - roadway lighted,Dry,Clear,None apparent,Non-intersection:  Non-junction/no special feature,Paved,N/A,Property Damage Only,0,0,0,0,0,0,31000,1,1,Northbound (NB),POINT (-92.320166145792 42.492624469421)
20231382302,20230026223,09/19/2023,09-September,3-Tuesday,20:50,2000 Hours,District 1 (Central),DES MOINES,POLK,77,MLK JR PARKWAY AND FOREST AVE,Collision with:  Vehicle in traffic,On Roadway,Broadside (front to side),Ran Traffic Signal,None Indicated,None apparent,Dark - roadway lighted,Wet,Cloudy,"Surface condition (e.g., wet, icy)",Intersection:  Four-way intersection,Paved,N/A,Possible/Unknown,0,1,0,0,0,1,4000,2,3,Eastbound (EB),POINT (-93.643867899635 41.604085647076)
20231382171,23-028256,09/19/2023,09-September,3-Tuesday,18:50,1800 Hours,District 1 (Central),,JASPER,IA-14,IA 14 N,Collision with:  Vehicle in traffic,On Roadway,"Angle, oncoming left turn",Passing:  Other passing (explain in narrative),None Indicated,None apparent,Dusk,Wet,Rain,None apparent,Non-intersection:  Non-junction/no special feature,Paved,N/A,Possible/Unknown,0,1,0,0,1,0,30000,2,3,Northbound (NB),POINT (-92.922121120815 41.858628188217)
20231382613,W23-081819,09/20/2023,09-September,4-Wednesday,06:23,0600 Hours,District 2 (Northeast),WATERLOO,BLACK HAWK,77,100 BLK IRENE CT,Collision with:  Parked motor vehicle,On Roadway,Rear to side,Improper Backing,None Indicated,None apparent,Dark - roadway lighted,Dry,Clear,None apparent,Non-intersection:  Non-junction/no special feature,Paved,N/A,Property Damage Only,0,0,0,0,0,0,1500,2,2,Southbound (SB),POINT (-92.390125787581 42.508877379946)
20231382742,2023024546,09/21/2023,09-September,5-Thursday,07:50,0700 Hours,District 6 (East Central),,JOHNSON,I-380,I 380 N NEAR 5 MM,Collision with:  Vehicle in traffic,On Roadway,Rear-end (front to rear),Followed too close,None Indicated,None apparent,Daylight,Dry,Clear,None apparent,Non-intersection:  Non-junction/no special feature,Paved,N/A,Property Damage Only,0,0,0,0,0,0,2000,2,2,Northbound (NB),POINT (-91.643714520265 41.766640624158)
20231382358,23-007424,09/21/2023,09-September,5-Thursday,06:24,0600 Hours,District 3 (Northwest),ONAWA,MONONA,77,10TH ST AND IA 175 E,Collision with:  Vehicle in traffic,On Roadway,"Sideswipe, same direction",Made improper turn,None Indicated,None apparent,Dawn,Dry,Clear,None apparent,Intersection:  Four-way intersection,Paved,N/A,Property Damage Only,0,0,0,0,0,0,1500,2,2,Northbound (NB),POINT (-96.097290400527 42.026727001584)
20231382553,2023024623,09/22/2023,09-September,6-Friday,00:01,0000 Hours,District 6 (East Central),,SCOTT,I-80,I 80 E,Collision with fixed object:  Cable barrier,Shoulder,Non-collision (single vehicle),Ran off road - left,None Indicated,None apparent,Dark - roadway not lighted,Dry,Clear,None apparent,Non-intersection:  Non-junction/no special feature,Paved,N/A,Property Damage Only,0,0,0,0,0,0,17527,1,1,Southbound (SB),POINT (-90.738974457385 41.607472515312)
20231382999,23-008847,09/22/2023,09-September,6-Friday,18:00,1800 Hours,District 6 (East Central),,BENTON,US 30,US 30 E AND 22 AVE MEASURING 219 FEET WEST FROM US 30 E,Collision with:  Vehicle in traffic,On Roadway,Rear-end (front to rear),Followed too close,None Indicated,Weather conditions,Daylight,Wet,Rain,None apparent,Non-intersection:  Non-junction/no special feature,Paved,N/A,Property Damage Only,0,0,0,0,0,0,16000,2,8,Southbound (SB),POINT (-92.066037166236 41.963612750159)
20231384200,C23003659,09/23/2023,09-September,7-Saturday,14:10,1400 Hours,District 6 (East Central),CORALVILLE,JOHNSON,77,GLEN OAKS KNOLL,Collision with:  Parked motor vehicle,On Roadway,Head-on (front to front),Other (explain in narrative):  Other,None Indicated,None apparent,Daylight,Dry,Clear,None apparent,Non-intersection:  Non-junction/no special feature,Paved,N/A,Property Damage Only,0,0,0,0,0,0,5000,2,0,Northbound (NB),POINT (-91.592801370558 41.710474483829)
20231392493,SCFS2309473,09/24/2023,09-September,1-Sunday,19:40,1900 Hours,District 5 (Southeast),,WAPELLO,US 63,US 63 S,Collision with:  Animal,On Roadway,Non-collision (single vehicle),Animal,None Indicated,None apparent,Dawn,Dry,Clear,None apparent,Non-intersection:  Non-junction/no special feature,Paved,N/A,Property Damage Only,0,0,0,0,0,0,2000,1,2,Eastbound (EB),POINT (-92.436383504566 41.093594036226)
20231383131,2312931,09/25/2023,09-September,2-Monday,17:29,1700 Hours,District 5 (Southeast),KALONA,WASHINGTON,IA-22,IA 22 E,Collision with:  Vehicle in traffic,On Roadway,"Angle, oncoming left turn",Made improper turn,None Indicated,None apparent,Daylight,Dry,Clear,None apparent,Intersection:  Four-way intersection,Paved,N/A,Minor Injury,0,2,0,2,0,0,22000,2,4,Southbound (SB),POINT (-91.704639971429 41.485857652499)
20231383376,2023024881,09/26/2023,09-September,3-Tuesday,09:30,0900 Hours,District 6 (East Central),TIFFIN,JOHNSON,77,WB I-80 EXIT RAMP TO IRELAND AVE,Collision with:  Vehicle in traffic,On Roadway,Other (explain in narrative),Other (explain in narrative):  Other,None Indicated,None apparent,Daylight,Dry,Clear,Debris,Interchange-related:  Off-ramp,Paved,N/A,Property Damage Only,0,0,0,0,0,0,3000,2,2,Northbound (NB),POINT (-91.666539244685 41.695582929392)
20231383542,2023024999,09/26/2023,09-September,3-Tuesday,17:26,1700 Hours,District 1 (Central),,POLK,I-35,I 35 SB 88MM,Collision with:  Vehicle in traffic,On Roadway,Rear-end (front to rear),Aggressive driving/road rage,None Indicated,None apparent,Daylight,Dry,Clear,Work Zone (roadway-related),Non-intersection:  Non-junction/no special feature,Paved,Yes,Property Damage Only,0,0,0,0,0,0,2100,2,2,Eastbound (EB),POINT (-93.576015586027 41.663280600674)
20231383413,2023008068,09/27/2023,09-September,4-Wednesday,07:41,0700 Hours,District 6 (East Central),IOWA CITY,JOHNSON,77,700 BLOCK WESTGATE ST,Collision with:  Parked motor vehicle,On Roadway,Rear to side,Improper Backing,None Indicated,None apparent,Daylight,Dry,Clear,None apparent,Non-intersection:  Non-junction/no special feature,Paved,N/A,Property Damage Only,0,0,0,0,0,0,4500,2,1,Northbound (NB),POINT (-91.566744169979 41.650833348163)
20231383777,20230027199,09/28/2023,09-September,5-Thursday,20:52,2000 Hours,District 1 (Central),DES MOINES,POLK,US 6,MERLE HAY RD. AND DOUGLAS AVE.,Collision with:  Vehicle in traffic,On Roadway,Rear-end (front to rear),Driving too fast for conditions,None Indicated,None apparent,Dark - roadway lighted,Dry,Clear,None apparent,Intersection:  Four-way intersection,Paved,N/A,Possible/Unknown,0,1,0,0,1,0,2000,2,4,Westbound (WB),POINT (-93.697831136955 41.629405217855)