Iowa DOT Case Number,Law Enforcement Case Number,Date of Crash,Month of Crash,Day of Week,Time of Crash,Hour,DOT District,City Name,County Name,Route with System,Location Description,First Harmful Event,Location of First Harmful Event,Manner of Crash/Collision,Major Cause,Drug or Alcohol ,Environmental Conditions,Light Conditions,Surface Conditions,Weather Conditions,Roadway Contribution,Roadway Type,Roadway Surface,Work Zone,Crash Severity,Number of Fatalities,Number of Injuries,Number of Major Injuries,Number of Minor Injuries,Number of Possible Injuries,Number of Unknown Injuries,Amount of Property Damage,Number of Vehicles Involved,Total Number of Occupants,Travel Direction,Location
20231383570,23-05069,09/28/2023,09-September,5-Thursday,12:07,1200 Hours,District 1 (Central),WEST DES MOINES,DALLAS,77,7300 BLOCK MILLS CIVIC PARKWAY,Collision with:  Vehicle in traffic,On Roadway,"Sideswipe, same direction",Improper or erratic lane changing,None Indicated,None apparent,Daylight,Dry,Clear,None apparent,Non-intersection:  Non-junction/no special feature,Paved,N/A,Property Damage Only,0,0,0,0,0,0,9000,2,3,Southbound (SB),POINT (-93.808181701016 41.561020276179)
20231383733,2023-01290,09/29/2023,09-September,6-Friday,10:48,1000 Hours,District 4 (Southwest),WAUKEE,DALLAS,77,NORTHVIEW DR AND 6TH ST,Collision with:  Vehicle in traffic,On Roadway,"Sideswipe, same direction",Made improper turn,None Indicated,None apparent,Daylight,Dry,Clear,None apparent,Intersection:  Four-way intersection,Paved,N/A,Property Damage Only,0,0,0,0,0,0,4000,2,3,Southbound (SB),POINT (-93.885528551407 41.607206933574)
20231390840,2023025340,09/29/2023,09-September,6-Friday,11:12,1100 Hours,District 2 (Northeast),CRESCO,HOWARD,77,HWY 9/3RD ST SW,Collision with:  Vehicle in traffic,On Roadway,Broadside (front to side),FTYROW:  Other (explain in narrative),None Indicated,None apparent,Daylight,Dry,Clear,None apparent,Intersection:  Four-way intersection,Paved,N/A,Minor Injury,0,3,0,2,1,0,7000,2,4,Northbound (NB),POINT (-92.120187769666 43.371208082003)
20231384080,23-13156,09/30/2023,09-September,7-Saturday,15:49,1500 Hours,District 3 (Northwest),SPENCER,CLAY,77,US 18 E AND EAST 1ST ST AND WEST 1ST ST,Collision with:  Vehicle in traffic,On Roadway,Broadside (front to side),Ran Traffic Signal,None Indicated,None apparent,Daylight,Dry,Clear,None apparent,Intersection:  Four-way intersection,Paved,N/A,Property Damage Only,0,0,0,0,0,0,10000,2,3,Southbound (SB),POINT (-95.144488455924 43.13861350698)
20231384565,,10/01/2023,10-October,1-Sunday,12:00,1200 Hours,District 6 (East Central),DAVENPORT,SCOTT,77,NORTH PINE ST and WEST 53RD ST,Collision with:  Vehicle in traffic,On Roadway,Rear-end (front to rear),Unknown,None Indicated,N/A,Daylight,Dry,Clear,N/A,Non-intersection:  Non-junction/no special feature,Paved,N/A,Property Damage Only,0,0,0,0,0,0,5000,2,2,Southbound (SB),POINT (-90.610183613142 41.574478560235)
20231384350,P23-14224,10/02/2023,10-October,2-Monday,14:00,1400 Hours,District 5 (Southeast),BURLINGTON,DES MOINES,77,PEARL ST AND GNAHN ST,Collision with:  Vehicle in traffic,On Roadway,Broadside (front to side),FTYROW:  From stop sign,None Indicated,None apparent,Daylight,Dry,Clear,None apparent,Intersection:  Four-way intersection,Paved,N/A,Property Damage Only,0,0,0,0,0,0,3000,2,3,Northbound (NB),POINT (-91.11418983793 40.83190089093)
20231384227,23161345,10/02/2023,10-October,2-Monday,20:10,2000 Hours,District 6 (East Central),,JOHNSON,77,SAND RD,Non-collision events:  Non-contact vehicle (phantom),Roadside,Non-collision (single vehicle),Animal,None Indicated,None apparent,Dark - roadway not lighted,Dry,Clear,None apparent,Non-intersection:  Non-junction/no special feature,Paved,N/A,Possible/Unknown,0,1,0,0,1,0,5000,1,1,Northbound (NB),POINT (-91.501757195565 41.533905048084)
20231387763,SO23-00973,10/03/2023,10-October,3-Tuesday,16:05,1600 Hours,District 1 (Central),,MARSHALL,77,ARNEY AVE/3200 MILE,Non-collision events:  Overturn/rollover,On Roadway,Non-collision (single vehicle),Ran off road - right,None Indicated,None apparent,Daylight,Gravel,Clear,"Shoulders (none, low, soft, high)",Non-intersection:  Non-junction/no special feature,Unpaved,N/A,Minor Injury,0,3,0,3,0,0,10000,1,3,Northbound (NB),POINT (-93.227203988676 41.882757403553)
20231384719,23006255,10/04/2023,10-October,4-Wednesday,09:36,0900 Hours,District 2 (Northeast),,MITCHELL,US 218,US 218 N,Collision with fixed object:  Ditch,Outside trafficway,Non-collision (single vehicle),Driver Distraction:  Reaching for object(s)/fallen object(s),None Indicated,None apparent,Daylight,Dry,Cloudy,None apparent,Non-intersection:  Non-junction/no special feature,Paved,N/A,Possible/Unknown,0,1,0,0,1,0,500,1,1,Northbound (NB),POINT (-92.943834384887 43.495615686099)
20231384949,23017331,10/05/2023,10-October,5-Thursday,07:02,0700 Hours,District 1 (Central),,TAMA,US 63,US 63 N,Collision with:  Animal,On Roadway,Non-collision (single vehicle),Animal,None Indicated,Animal in roadway,N/A,N/A,N/A,N/A,N/A,Paved,N/A,Property Damage Only,0,0,0,0,0,0,5000,1,1,Northbound (NB),POINT (-92.503377017084 42.173919958229)
20231386021,23SC29815,10/05/2023,10-October,5-Thursday,08:35,0800 Hours,District 3 (Northwest),SIOUX CITY,WOODBURY,77,14TH ST,Collision with:  Vehicle in traffic,On Roadway,"Sideswipe, same direction",Other (explain in narrative):  No improper action,None Indicated,None apparent,Daylight,Dry,Clear,None apparent,Non-intersection:  Non-junction/no special feature,Paved,N/A,Property Damage Only,0,0,0,0,0,0,4000,2,2,Southbound (SB),POINT (-96.377774381162 42.504721496662)
20231384861,23-05217,10/06/2023,10-October,6-Friday,07:56,0700 Hours,District 1 (Central),WEST DES MOINES,POLK,I-35,I 35 N,Collision with:  Vehicle in traffic,On Roadway,Rear-end (front to rear),Followed too close,None Indicated,None apparent,Daylight,Wet,Rain,None apparent,Non-intersection:  Non-junction/no special feature,Paved,N/A,Property Damage Only,0,0,0,0,0,0,8000,3,5,Northbound (NB),POINT (-93.774205282574 41.534754658141)
20231385698,2023-25496,10/06/2023,10-October,6-Friday,07:25,0700 Hours,District 6 (East Central),BETTENDORF,SCOTT,I-74,3.3 MM I 74 E,Collision with fixed object:  Traffic sign support,Outside trafficway,Non-collision (single vehicle),Ran off road - right,None Indicated,None apparent,Daylight,Dry,Clear,None apparent,Non-intersection:  Non-junction/no special feature,Paved,N/A,Possible/Unknown,0,1,0,0,1,0,15000,1,1,Southbound (SB),POINT (-90.521193214162 41.548663560768)
20231385145,23010596,10/07/2023,10-October,7-Saturday,20:08,2000 Hours,District 5 (Southeast),,APPANOOSE,IA-5,IA 5 N,Collision with:  Vehicle in traffic,On Roadway,Rear-end (front to rear),Other (explain in narrative):  Other,None Indicated,None apparent,Dark - roadway lighted,Dry,Clear,None apparent,Non-intersection:  Non-junction/no special feature,Paved,N/A,Property Damage Only,0,0,0,0,0,0,7000,2,7,Northbound (NB),POINT (-92.867808159473 40.698761427716)
20231385105,23164881,10/08/2023,10-October,1-Sunday,17:10,1700 Hours,District 6 (East Central),,JOHNSON,IA-1,IA 1 N,Collision with:  Vehicle in traffic,On Roadway,Rear-end (front to rear),Followed too close,None Indicated,None apparent,Daylight,Dry,Clear,None apparent,Non-intersection:  Non-junction/no special feature,Paved,N/A,Property Damage Only,0,0,0,0,0,0,23000,2,4,Northbound (NB),POINT (-91.483314247386 41.708324782001)
20231385452,2313689,10/09/2023,10-October,2-Monday,16:45,1600 Hours,District 6 (East Central),,WASHINGTON,77,GINKGO AVE,Collision with:  Vehicle in traffic,On Roadway,"Sideswipe, same direction",Passing:  Where prohibited by signs/markings,None Indicated,None apparent,Daylight,Dry,Clear,None apparent,Intersection:  T-intersection,Unpaved,N/A,Property Damage Only,0,0,0,0,0,0,12500,2,3,Northbound (NB),POINT (-91.829236436982 41.511314883475)
20231385459,23SC29497,10/09/2023,10-October,2-Monday,13:58,1300 Hours,District 3 (Northwest),SIOUX CITY,WOODBURY,77,PIERCE ST AND 15TH ST,Collision with:  Vehicle in traffic,On Roadway,"Sideswipe, same direction",Other (explain in narrative):  Other,None Indicated,None apparent,Daylight,Dry,Clear,None apparent,Intersection:  Four-way intersection,Paved,N/A,Property Damage Only,0,0,0,0,0,0,13000,2,3,Eastbound (EB),POINT (-96.405046732827 42.506074601416)
20231385640,23-008849,10/10/2023,10-October,3-Tuesday,04:15,0400 Hours,District 1 (Central),,HAMILTON,77,380TH ST,Collision with:  Animal,On Roadway,Non-collision (single vehicle),Animal,None Indicated,Animal in roadway,Dark - roadway not lighted,Dry,Clear,None apparent,Non-intersection:  Non-junction/no special feature,Paved,N/A,Possible/Unknown,0,1,0,0,1,0,16000,1,1,Southbound (SB),POINT (-93.680975813717 42.238323363652)
20231385897,23010399,10/11/2023,10-October,4-Wednesday,10:03,1000 Hours,District 6 (East Central),MANCHESTER,DELAWARE,IA-13,IA 13 N,Collision with:  Vehicle in traffic,On Roadway,Rear-end (front to rear),Driver Distraction:  Unrestrained animal,None Indicated,None apparent,Daylight,Dry,Clear,None apparent,Non-intersection:  Non-junction/no special feature,Paved,N/A,Possible/Unknown,0,1,0,0,1,0,25000,2,2,Northbound (NB),POINT (-91.457936863067 42.502339895629)
20231385799,23-021745,10/11/2023,10-October,4-Wednesday,07:15,0700 Hours,District 6 (East Central),,JACKSON,US 61,US 61 S,Collision with:  Animal,On Roadway,Non-collision (single vehicle),Animal,None Indicated,Animal in roadway,N/A,N/A,N/A,N/A,N/A,Paved,N/A,Property Damage Only,0,0,0,0,0,0,3000,1,1,Eastbound (EB),POINT (-90.675733802494 42.16580042453)
20231386013,2023026299,10/12/2023,10-October,5-Thursday,11:58,1100 Hours,District 5 (Southeast),,WARREN,I-35,Off Roadway/Roadway Not Found,Collision with fixed object:  Concrete traffic barrier (median or right side),Shoulder,Non-collision (single vehicle),Ran off road - left,None Indicated,Weather conditions,Daylight,Wet,Cloudy,Work Zone (roadway-related),Non-intersection:  Non-junction/no special feature,Paved,Yes,Property Damage Only,0,0,0,0,0,0,2500,1,1,Eastbound (EB),POINT (-93.780835649769 41.389123070544)
20231386014,23-001168,10/12/2023,10-October,5-Thursday,05:49,0500 Hours,District 1 (Central),,STORY,77,NORTH DAKOTA AVE,Collision with:  Animal,Unknown,N/A,Animal,None Indicated,N/A,N/A,N/A,N/A,N/A,N/A,Paved,N/A,Property Damage Only,0,0,0,0,0,0,1500,1,1,Northbound (NB),POINT (-93.67596837166 42.048156284206)
20231386510,2023026403,10/13/2023,10-October,6-Friday,20:01,2000 Hours,District 3 (Northwest),,CALHOUN,IA-4,IA 4 N AND MARENGO AVE MEASURING 433 FEET NORTH FROM IA 4 N / HWY 4 S OF MARENGO AVE,Non-collision events:  Overturn/rollover,Shoulder,Non-collision (single vehicle),Ran off road - right,None Indicated,Weather conditions,Dark - roadway not lighted,Wet,Rain,Other (explain in narrative),Non-intersection:  Non-junction/no special feature,Paved,N/A,Property Damage Only,0,0,0,0,0,0,100000,1,1,Northbound (NB),POINT (-94.678296548917 42.47901920479)
20231386431,23003979,10/13/2023,10-October,6-Friday,07:21,0700 Hours,District 1 (Central),AMES,STORY,77,DUFF AVE,Collision with:  Vehicle in traffic,On Roadway,"Angle, oncoming left turn",FTYROW:  Making left turn,None Indicated,None apparent,Dawn,Wet,Cloudy,None apparent,Intersection:  Four-way intersection,Paved,N/A,Property Damage Only,0,0,0,0,0,0,11000,2,2,Northbound (NB),POINT (-93.610681687826 42.034472019034)
20231386255,23-21960,10/14/2023,10-October,7-Saturday,17:35,1700 Hours,District 6 (East Central),MAQUOKETA,JACKSON,77,EAST PLEASANT ST,Collision with:  Animal,Unknown,N/A,Animal,None Indicated,N/A,N/A,N/A,N/A,N/A,N/A,Paved,N/A,Property Damage Only,0,0,0,0,0,0,1500,1,0,Southbound (SB),POINT (-90.662310984177 42.067725458319)
20231386475,23008990,10/15/2023,10-October,1-Sunday,06:04,0600 Hours,District 1 (Central),,HAMILTON,I-35,I 35 N,Collision with fixed object:  Ditch,Outside trafficway,Non-collision (single vehicle),Ran off road - left,None Indicated,None apparent,Dark - roadway not lighted,Dry,Cloudy,None apparent,Non-intersection:  Non-junction/no special feature,Paved,N/A,Property Damage Only,0,0,0,0,0,0,5400,1,1,Northbound (NB),POINT (-93.569393593825 42.321212059378)
20231387126,23-12319,10/16/2023,10-October,2-Monday,05:10,0500 Hours,District 6 (East Central),,JONES,77,COUNTY RD E17,Collision with fixed object:  Ditch,On Roadway,Non-collision (single vehicle),"Operating vehicle in an reckless, erratic, careless, negligent manner",None Indicated,None apparent,Dark - roadway not lighted,Dry,Clear,None apparent,Non-intersection:  Non-junction/no special feature,Paved,N/A,Property Damage Only,0,0,0,0,0,0,15000,1,3,Southbound (SB),POINT (-91.010730630401 42.168705777664)
20231394022,2302592,10/16/2023,10-October,2-Monday,19:30,1900 Hours,District 5 (Southeast),BLOOMFIELD,DAVIS,77,ARKANSAS ST,Other (explain in narrative),On Roadway,Other (explain in narrative),Other (explain in narrative):  Other,None Indicated,None apparent,Dark - roadway lighted,Dry,Clear,None apparent,"Non-intersection:  Driveway access (related, not in)",Paved,N/A,Property Damage Only,0,0,0,0,0,0,3300,2,1,Southbound (SB),POINT (-92.410238961689 40.756535192852)
20231387151,2023-76625,10/17/2023,10-October,3-Tuesday,09:19,0900 Hours,District 6 (East Central),DAVENPORT,SCOTT,77,WEST 4TH ST AND MARQUETTE ST,Collision with:  Vehicle in traffic,On Roadway,Broadside (front to side),Ran Traffic Signal,None Indicated,None apparent,Daylight,Dry,Clear,None apparent,Intersection:  T-intersection,Paved,N/A,Property Damage Only,0,0,0,0,0,0,5500,2,3,Northbound (NB),POINT (-90.590885341252 41.523486615601)
20231387135,23-001695,10/17/2023,10-October,3-Tuesday,21:00,2100 Hours,District 1 (Central),ALTOONA,POLK,77,600 BLK 8TH ST SE,Collision with:  Vehicle in traffic,On Roadway,Broadside (front to side),FTYROW:  Making left turn,None Indicated,None apparent,Dark - roadway lighted,Dry,Clear,None apparent,"Non-intersection:  Driveway access (related, not in)",Paved,N/A,Property Damage Only,0,0,0,0,0,0,11500,2,3,Southbound (SB),POINT (-93.45862236848 41.64404722329)
20231387109,23SC30450,10/18/2023,10-October,4-Wednesday,12:23,1200 Hours,District 3 (Northwest),SIOUX CITY,WOODBURY,I-29,RAMP IA 376 N TO I 29 N AND SINGING HILLS BLVD,Collision with:  Vehicle in traffic,On Roadway,"Sideswipe, same direction",Other (explain in narrative):  No improper action,None Indicated,None apparent,Daylight,Dry,Cloudy,None apparent,Intersection:  Intersection with ramp,Paved,N/A,Property Damage Only,0,0,0,0,0,0,5500,2,2,Northbound (NB),POINT (-96.374065370305 42.434649555432)
20231387220,23-1281,10/19/2023,10-October,5-Thursday,16:53,1600 Hours,District 6 (East Central),WALCOTT,SCOTT,77,200 ST,Collision with:  Vehicle in traffic,Roadside,Broadside (front to side),FTYROW:  From stop sign,None Indicated,None apparent,Daylight,Dry,Cloudy,None apparent,Intersection:  T-intersection,Paved,N/A,Property Damage Only,0,0,0,0,0,0,7500,2,5,Southbound (SB),POINT (-90.783089326803 41.596542602911)
20231387359,2023-26550,10/19/2023,10-October,5-Thursday,18:16,1800 Hours,District 6 (East Central),BETTENDORF,SCOTT,I-74,I 74 W,Collision with:  Vehicle in traffic,On Roadway,Other (explain in narrative),Driver Distraction:  Talking on a hands free device,None Indicated,None apparent,Dusk,Wet,Cloudy,None apparent,Non-intersection:  Non-junction/no special feature,Paved,N/A,Possible/Unknown,0,1,0,0,1,0,41000,3,3,Westbound (WB),POINT (-90.518282766964 41.543575203133)
20231387452,2023-007762,10/20/2023,10-October,6-Friday,22:14,2200 Hours,District 6 (East Central),DUBUQUE,DUBUQUE,77,CENTRAL AVE AND DIAGONAL ST,Collision with:  Vehicle in traffic,On Roadway,Broadside (front to side),Made improper turn,None Indicated,None apparent,Dark - roadway lighted,Dry,Clear,None apparent,Intersection:  T-intersection,Paved,N/A,Property Damage Only,0,0,0,0,0,0,3000,2,2,Northbound (NB),POINT (-90.674672640615 42.518647656453)
20231388229,23-20830,10/20/2023,10-October,6-Friday,21:54,2100 Hours,District 2 (Northeast),,BREMER,US 218,US 218 N,Collision with:  Vehicle in traffic,Shoulder,Rear-end (front to rear),Improper Backing,None Indicated,None apparent,Dark - roadway not lighted,Dry,Clear,None apparent,Non-intersection:  Non-junction/no special feature,Paved,N/A,Property Damage Only,0,0,0,0,0,0,2000,2,6,Northbound (NB),POINT (-92.533431408962 42.737105415476)
20231387821,2023-01422,10/21/2023,10-October,7-Saturday,12:44,1200 Hours,District 4 (Southwest),WAUKEE,DALLAS,US 6,US 6 W,Collision with:  Vehicle in traffic,On Roadway,Rear-end (front to rear),Improper Starting,None Indicated,None apparent,Daylight,Dry,Clear,None apparent,Intersection:  Four-way intersection,Paved,N/A,Property Damage Only,0,0,0,0,0,0,1600,2,3,Westbound (WB),POINT (-93.854261613558 41.615072596909)
20231387747,23004093,10/21/2023,10-October,7-Saturday,10:32,1000 Hours,District 1 (Central),AMES,STORY,77,LINCOLN WAY AND SOUTH WILMOTH AVE AND WILMOTH AVE,Collision with:  Vehicle in traffic,On Roadway,Rear-end (front to rear),Other (explain in narrative):  Other,None Indicated,None apparent,Daylight,Dry,Clear,None apparent,Intersection:  Four-way intersection,Paved,N/A,Possible/Unknown,0,1,0,0,1,0,5000,2,3,Southbound (SB),POINT (-93.661591189474 42.022769541954)
20231387668,20230029688,10/22/2023,10-October,1-Sunday,17:42,1700 Hours,District 1 (Central),DES MOINES,POLK,77,GUTHRIE AVE MEASURING 259 FEET EAST FROM EAST 27TH ST,Collision with:  Vehicle in traffic,On Roadway,Rear-end (front to rear),"Operating vehicle in an reckless, erratic, careless, negligent manner",None Indicated,None apparent,Daylight,Dry,Clear,None apparent,Non-intersection:  Non-junction/no special feature,Paved,N/A,Property Damage Only,0,0,0,0,0,0,7000,2,1,Southbound (SB),POINT (-93.564399462105 41.615005682393)
20231388055,2023027179,10/23/2023,10-October,2-Monday,06:45,0600 Hours,District 5 (Southeast),,JEFFERSON,US 34,US 34 W AND PINE AVE MEASURING 5472 FEET EAST FROM US 34 W,Collision with:  Animal,Unknown,N/A,Animal,None Indicated,N/A,N/A,N/A,N/A,N/A,N/A,Paved,N/A,Property Damage Only,0,0,0,0,0,0,5000,1,1,Westbound (WB),POINT (-91.890366828898 41.002603596689)
20231388005,036926,10/23/2023,10-October,2-Monday,10:32,1000 Hours,District 5 (Southeast),,LEE,77,BUSINESS US 61 2000 BLK,Collision with:  Vehicle in traffic,On Roadway,Rear-end (front to rear),Followed too close,None Indicated,None apparent,Daylight,Dry,Clear,None apparent,Non-intersection:  Non-junction/no special feature,Paved,N/A,Property Damage Only,0,0,0,0,0,0,3000,2,2,Eastbound (EB),POINT (-91.274332624004 40.655806124802)
20231388840,202315233,10/24/2023,10-October,3-Tuesday,16:12,1600 Hours,District 6 (East Central),CEDAR RAPIDS,LINN,77,3RD ST / 5TH AVE SE,Collision with:  Vehicle in traffic,On Roadway,Rear-end (front to rear),Followed too close,None Indicated,None apparent,Daylight,Dry,Cloudy,None apparent,Intersection:  Four-way intersection,Paved,N/A,Property Damage Only,0,0,0,0,0,0,2500,2,2,Southbound (SB),POINT (-91.66385289032 41.976099908172)
20231388352,20230029960,10/25/2023,10-October,4-Wednesday,00:01,0000 Hours,District 1 (Central),DES MOINES,POLK,77,EAST SHERIDAN AVE AND HUBBELL AVE,Collision with fixed object:  Fire hydrant,On Roadway,Non-collision (single vehicle),Exceeded authorized speed,None Indicated,Weather conditions,Dark - roadway lighted,Wet,Rain,"Surface condition (e.g., wet, icy)",Non-intersection:  Non-junction/no special feature,Paved,N/A,Property Damage Only,0,0,0,0,0,0,2750,1,1,Northbound (NB),POINT (-93.563963080303 41.618646740219)
20231388515,2023008970,10/25/2023,10-October,4-Wednesday,20:02,2000 Hours,District 6 (East Central),IOWA CITY,JOHNSON,IA-1,IA 1 S,Collision with:  Vehicle in traffic,On Roadway,Other (explain in narrative),Made improper turn,None Indicated,None apparent,Dark - roadway lighted,Wet,Rain,None apparent,Non-intersection:  Non-junction/no special feature,Paved,N/A,Property Damage Only,0,0,0,0,0,0,11000,2,2,Eastbound (EB),POINT (-91.555302807007 41.645321986014)
20231388452,20230030051,10/26/2023,10-October,5-Thursday,06:34,0600 Hours,District 1 (Central),DES MOINES,POLK,77,IA 163 W AND HUBBELL AVE,Collision with:  Vehicle in traffic,On Roadway,Broadside (front to side),Ran Traffic Signal,None Indicated,None apparent,Dark - roadway lighted,Wet,Rain,None apparent,Intersection:  Four-way intersection,Paved,N/A,Property Damage Only,0,0,0,0,0,0,5500,2,2,Eastbound (EB),POINT (-93.578553290772 41.60054176893)
20231392694,2307596,10/26/2023,10-October,5-Thursday,15:44,1500 Hours,District 3 (Northwest),SIBLEY,OSCEOLA,77,11TH AVE,Collision with:  Vehicle in traffic,On Roadway,"Angle, oncoming left turn","Operating vehicle in an reckless, erratic, careless, negligent manner",None Indicated,Weather conditions,Daylight,Wet,Rain,"Surface condition (e.g., wet, icy)",Intersection:  T-intersection,Paved,N/A,Property Damage Only,0,0,0,0,0,0,8500,2,2,Northbound (NB),POINT (-95.736465676898 43.404204657133)
20231389031,23SC31416,10/27/2023,10-October,6-Friday,12:06,1200 Hours,District 3 (Northwest),SIOUX CITY,WOODBURY,IA-12,VIRGINIA ST AND IA 812 W AND IA 12 N,Collision with:  Vehicle in traffic,On Roadway,Rear-end (front to rear),Followed too close,None Indicated,None apparent,Daylight,Dry,Cloudy,"Traffic backup, regular congestion",Intersection:  Four-way intersection,Paved,N/A,Property Damage Only,0,0,0,0,0,0,3500,2,2,Northbound (NB),POINT (-96.397861567908 42.489818901554)
20231389871,202315380,10/27/2023,10-October,6-Friday,06:39,0600 Hours,District 6 (East Central),CEDAR RAPIDS,LINN,I-380,I 380 S,Collision with:  Vehicle in traffic,On Roadway,"Sideswipe, same direction",Improper or erratic lane changing,None Indicated,None apparent,Dark - roadway lighted,Wet,Cloudy,None apparent,Non-intersection:  Non-junction/no special feature,Paved,N/A,Property Damage Only,0,0,0,0,0,0,5100,2,2,Eastbound (EB),POINT (-91.669195358165 41.935722901166)
20231388845,2023-007956,10/28/2023,10-October,7-Saturday,15:30,1500 Hours,District 6 (East Central),DUBUQUE,DUBUQUE,77,GRANDVIEW AVE SOUTH MEASURING 170 FEET EAST FROM SOUTHERN AVE,Collision with:  Vehicle in traffic,On Roadway,"Sideswipe, same direction",Passing:  Other passing (explain in narrative),None Indicated,None apparent,Daylight,Dry,Cloudy,None apparent,Non-intersection:  Non-junction/no special feature,Paved,N/A,Property Damage Only,0,0,0,0,0,0,7000,2,2,Northbound (NB),POINT (-90.67277023432 42.478067506779)
20231389131,2023-31600,10/29/2023,10-October,1-Sunday,00:26,0000 Hours,District 5 (Southeast),,WARREN,IA-28,IA 28 N,Collision with:  Animal,Unknown,N/A,Animal,None Indicated,N/A,N/A,N/A,N/A,N/A,N/A,Paved,N/A,Property Damage Only,0,0,0,0,0,0,2000,1,2,Northbound (NB),POINT (-93.694202758878 41.434058348175)
20231389832,2023-0483,10/29/2023,10-October,1-Sunday,02:32,0200 Hours,District 6 (East Central),CASCADE,DUBUQUE,77,GRANT ST NW,Collision with fixed object:  Other traffic barrier (explain in narrative),On Roadway,Non-collision (single vehicle),Exceeded authorized speed,Refused,Unknown,Unknown,Unknown,Unknown,Unknown,N/A,Paved,N/A,Property Damage Only,0,0,0,0,0,0,5000,1,1,Northbound (NB),POINT (-91.017482502824 42.297704285068)
20231389291,2023-008005,10/30/2023,10-October,2-Monday,17:13,1700 Hours,District 6 (East Central),DUBUQUE,DUBUQUE,US 61,IA 946 N AND US 61 S,Collision with:  Vehicle in traffic,On Roadway,Rear-end (front to rear),Followed too close,None Indicated,None apparent,Daylight,Dry,Clear,None apparent,Intersection:  Intersection with ramp,Paved,N/A,Property Damage Only,0,0,0,0,0,0,4150,3,3,Eastbound (EB),POINT (-90.662792777613 42.494452012796)
20231389181,23-7783,10/30/2023,10-October,2-Monday,06:39,0600 Hours,District 1 (Central),,POLK,77,NE 54TH AVE AND NE 14TH ST,Collision with:  Vehicle in traffic,On Roadway,"Sideswipe, same direction",Unknown,None Indicated,None apparent,Dark - roadway lighted,Dry,Clear,None apparent,Intersection:  Four-way intersection,Paved,N/A,Property Damage Only,0,0,0,0,0,0,6000,2,2,Southbound (SB),POINT (-93.600499798815 41.65861568824)
20231389392,23-045890,10/31/2023,10-October,3-Tuesday,08:06,0800 Hours,District 3 (Northwest),STORM LAKE,BUENA VISTA,77,WEST 9TH ST AND NORTH ONTARIO ST,Collision with:  Vehicle in traffic,On Roadway,"Sideswipe, opposite direction",Over correcting/over steering,None Indicated,None apparent,Daylight,Dry,Clear,None apparent,Non-intersection:  Non-junction/no special feature,Paved,N/A,Property Damage Only,0,0,0,0,0,0,11500,2,1,Southbound (SB),POINT (-95.205228908938 42.649706723321)
20231390113,2023009164,11/01/2023,11-November,4-Wednesday,14:11,1400 Hours,District 6 (East Central),IOWA CITY,JOHNSON,77,SUNSET ST,Collision with:  Vehicle in traffic,On Roadway,"Angle, oncoming left turn",Made improper turn,None Indicated,None apparent,Daylight,Dry,Clear,None apparent,Intersection:  T-intersection,Paved,N/A,Property Damage Only,0,0,0,0,0,0,6000,2,2,Northbound (NB),POINT (-91.559198039521 41.64241662644)
20231389711,N23000724,11/01/2023,11-November,4-Wednesday,18:10,1800 Hours,District 6 (East Central),NORTH LIBERTY,JOHNSON,77,BIRCH COURT,Collision with:  Parked motor vehicle,On Roadway,Rear to side,Driver Distraction:  Other interior distraction,None Indicated,None apparent,Dusk,Dry,Clear,None apparent,Non-intersection:  Non-junction/no special feature,Paved,N/A,Property Damage Only,0,0,0,0,0,0,6000,2,4,Southbound (SB),POINT (-91.596812405794 41.741578935871)
20231394313,2023-008075,11/02/2023,11-November,5-Thursday,14:32,1400 Hours,District 6 (East Central),DUBUQUE,DUBUQUE,77,IA 32 N AND ASBURY RD,Collision with:  Vehicle in traffic,On Roadway,Rear-end (front to rear),Driver Distraction:  Exterior distraction,None Indicated,None apparent,Daylight,Dry,Clear,None apparent,Intersection:  Four-way intersection,Paved,N/A,Property Damage Only,0,0,0,0,0,0,1500,2,4,Northbound (NB),POINT (-90.740857108829 42.515307444123)
20231390643,23095326,11/02/2023,11-November,5-Thursday,14:55,1400 Hours,District 2 (Northeast),CEDAR FALLS,BLACK HAWK,77,"RAMP EAST VIKING RD, W TO W TO STATE OF IOWA, IA 27 N AND EAST VIKING RD",Other (explain in narrative),On Roadway,Rear-end (front to rear),Driver Distraction:  Other interior distraction,None Indicated,None apparent,Daylight,Dry,Clear,None apparent,Non-intersection:  Non-junction/no special feature,Paved,N/A,Property Damage Only,0,0,0,0,0,0,8000,3,4,Southbound (SB),POINT (-92.44453600323 42.484036707595)
20231391816,S23-095506,11/03/2023,11-November,6-Friday,04:35,0400 Hours,District 2 (Northeast),,BLACK HAWK,IA-281,IA 281 E,Collision with:  Animal,Unknown,N/A,Animal,None Indicated,N/A,N/A,N/A,N/A,N/A,N/A,Paved,N/A,Property Damage Only,0,0,0,0,0,0,10000,1,1,Southbound (SB),POINT (-92.242583867626 42.498099848523)
20231389847,23-015811,11/03/2023,11-November,6-Friday,00:20,0000 Hours,District 2 (Northeast),,FLOYD,US 218,US 218 N,Collision with:  Animal,On Roadway,Non-collision (single vehicle),Animal,None Indicated,Animal in roadway,Dark - roadway not lighted,Dry,Clear,None apparent,Non-intersection:  Non-junction/no special feature,Paved,N/A,Property Damage Only,0,0,0,0,0,0,5000,1,1,Northbound (NB),POINT (-92.625161598593 43.009032487065)