Iowa DOT Case Number,Law Enforcement Case Number,Date of Crash,Month of Crash,Day of Week,Time of Crash,Hour,DOT District,City Name,County Name,Route with System,Location Description,First Harmful Event,Location of First Harmful Event,Manner of Crash/Collision,Major Cause,Drug or Alcohol ,Environmental Conditions,Light Conditions,Surface Conditions,Weather Conditions,Roadway Contribution,Roadway Type,Roadway Surface,Work Zone,Crash Severity,Number of Fatalities,Number of Injuries,Number of Major Injuries,Number of Minor Injuries,Number of Possible Injuries,Number of Unknown Injuries,Amount of Property Damage,Number of Vehicles Involved,Total Number of Occupants,Travel Direction,Location
20231390461,23-16433,11/04/2023,11-November,7-Saturday,00:50,0000 Hours,District 3 (Northwest),,SIOUX,IA-60,IA 60 S,Collision with:  Animal,Unknown,N/A,Animal,None Indicated,N/A,N/A,N/A,N/A,N/A,N/A,Paved,N/A,Property Damage Only,0,0,0,0,0,0,1750,1,1,Eastbound (EB),POINT (-95.90183537064 43.061700574245)
20231390148,FD23-3399,11/04/2023,11-November,7-Saturday,09:27,0900 Hours,District 1 (Central),FORT DODGE,WEBSTER,77,430 NORTH 15TH ST,Collision with:  Vehicle in traffic,On Roadway,Rear to side,FTYROW:  From driveway,Refused,None apparent,Daylight,Dry,Clear,None apparent,"Non-intersection:  Driveway access (related, not in)",Paved,N/A,Property Damage Only,0,0,0,0,0,0,3000,2,4,Northbound (NB),POINT (-94.177948386137 42.511065314264)
20231393020,23-008784,11/05/2023,11-November,1-Sunday,20:20,2000 Hours,District 3 (Northwest),,PALO ALTO,77,3300BLK 480TH AVE,Collision with:  Animal,Unknown,N/A,Animal,None Indicated,N/A,N/A,N/A,N/A,N/A,N/A,Paved,N/A,Property Damage Only,0,0,0,0,0,0,10000,1,1,Northbound (NB),POINT (-94.639524932471 43.156277096813)
20231390764,2023-003662,11/06/2023,11-November,2-Monday,16:45,1600 Hours,District 6 (East Central),,DUBUQUE,IA-3,IA 3 E,Collision with:  Animal,Unknown,N/A,Animal,None Indicated,N/A,N/A,N/A,N/A,N/A,N/A,Paved,N/A,Property Damage Only,0,0,0,0,0,0,20000,1,1,Southbound (SB),POINT (-90.727405800443 42.561976457018)
20231390659,23019092,11/06/2023,11-November,2-Monday,19:46,1900 Hours,District 1 (Central),,TAMA,US 883,US 30 E,Collision with:  Animal,Unknown,N/A,Animal,None Indicated,N/A,N/A,N/A,N/A,N/A,N/A,Unpaved,N/A,Property Damage Only,0,0,0,0,0,0,1501,1,1,Southbound (SB),POINT (-92.405583086997 41.964035592124)
20231391184,2023-82056,11/07/2023,11-November,3-Tuesday,10:54,1000 Hours,District 6 (East Central),DAVENPORT,SCOTT,77,GAINES ST,Collision with:  Vehicle in traffic,On Roadway,Other (explain in narrative),FTYROW:  From stop sign,None Indicated,None apparent,Daylight,Dry,Clear,None apparent,Intersection:  Other intersection (explain in narrative),Paved,N/A,Property Damage Only,0,0,0,0,0,0,2000,2,2,Northbound (NB),POINT (-90.582851130948 41.5339094947)
20231391418,2023-28149,11/07/2023,11-November,3-Tuesday,05:19,0500 Hours,District 6 (East Central),BETTENDORF,SCOTT,US 67,US 67 N AND 16TH ST,Collision with:  Vehicle in traffic,On Roadway,"Sideswipe, same direction",Improper or erratic lane changing,None Indicated,None apparent,Dark - roadway lighted,Dry,Clear,None apparent,Non-intersection:  Non-junction/no special feature,Paved,N/A,Property Damage Only,0,0,0,0,0,0,1500,2,2,Northbound (NB),POINT (-90.510025078275 41.525717103606)
20231391095,23182549,11/08/2023,11-November,4-Wednesday,19:28,1900 Hours,District 6 (East Central),,JOHNSON,77,HIGHWAY 965 NW,Collision with:  Animal,Unknown,N/A,Animal,None Indicated,N/A,N/A,N/A,N/A,N/A,N/A,Paved,N/A,Property Damage Only,0,0,0,0,0,0,5000,1,1,Northbound (NB),POINT (-91.675442458246 41.853529152301)
20231391311,23008764,11/08/2023,11-November,4-Wednesday,08:07,0800 Hours,District 5 (Southeast),,LOUISA,US 61,US 61 N,Collision with:  Animal,Unknown,N/A,Animal,None Indicated,N/A,N/A,N/A,N/A,N/A,N/A,Paved,N/A,Property Damage Only,0,0,0,0,0,0,3500,1,1,Northbound (NB),POINT (-91.201104903127 41.328242350181)
20231392003,202300014539,11/09/2023,11-November,5-Thursday,12:57,1200 Hours,District 4 (Southwest),,DALLAS,US 169,US 169 N,Collision with:  Struck/struck by object/cargo/person from other vehicle,On Roadway,Broadside (front to side),FTYROW:  From stop sign,None Indicated,None apparent,Daylight,Dry,Clear,None apparent,Intersection:  Four-way intersection,Paved,N/A,Property Damage Only,0,0,0,0,0,0,10000,2,4,Northbound (NB),POINT (-94.012526135561 41.517518783556)
20231391856,23004347,11/09/2023,11-November,5-Thursday,11:09,1100 Hours,District 1 (Central),AMES,STORY,US 69,DUFF AVE AND LINCOLN WAY AND US 69 N,Collision with:  Vehicle in traffic,On Roadway,Rear-end (front to rear),Followed too close,None Indicated,None apparent,Daylight,Dry,Clear,None apparent,Intersection:  Four-way intersection,Paved,N/A,Possible/Unknown,0,1,0,0,1,0,3000,2,2,Northbound (NB),POINT (-93.610377591034 42.02289118934)
20231391521,20230031505,11/10/2023,11-November,6-Friday,17:41,1700 Hours,District 1 (Central),DES MOINES,POLK,US 69,US 69 S MEASURING 184 FEET NORTH FROM HART AVE,Collision with:  Vehicle in traffic,On Roadway,Rear-end (front to rear),Followed too close,None Indicated,None apparent,Dark - roadway lighted,Dry,Clear,None apparent,Non-intersection:  Non-junction/no special feature,Paved,N/A,Possible/Unknown,0,2,0,0,2,0,23000,3,5,Eastbound (EB),POINT (-93.596888065621 41.531362115449)
20231392035,202300014582,11/10/2023,11-November,6-Friday,15:37,1500 Hours,District 4 (Southwest),WAUKEE,DALLAS,77,UTE AVE,Collision with:  Vehicle in traffic,On Roadway,"Sideswipe, same direction",Ran off road - right,None Indicated,None apparent,Daylight,Dry,Clear,None apparent,Non-intersection:  Driveway access (within),Paved,N/A,Property Damage Only,0,0,0,0,0,0,20500,2,3,Northbound (NB),POINT (-93.885731879682 41.539552225571)
20231392785,23004366,11/10/2023,11-November,6-Friday,18:32,1800 Hours,District 1 (Central),AMES,STORY,US 69,US 69 S,Collision with:  Vehicle in traffic,On Roadway,"Sideswipe, same direction",Improper or erratic lane changing,None Indicated,None apparent,Dark - roadway lighted,Dry,Clear,None apparent,Non-intersection:  Non-junction/no special feature,Paved,N/A,Property Damage Only,0,0,0,0,0,0,4000,2,3,Eastbound (EB),POINT (-93.610169794539 42.003681232123)
20231393786,23-097960,11/11/2023,11-November,7-Saturday,12:22,1200 Hours,District 2 (Northeast),,BLACK HAWK,77,LEVERSEE RD,Collision with fixed object:  Ditch,Outside trafficway,Non-collision (single vehicle),Driver Distraction:  Manual operation of an electronic communication device,None Indicated,None apparent,Daylight,Gravel,Clear,None apparent,Non-intersection:  Non-junction/no special feature,Unpaved,N/A,Property Damage Only,0,0,0,0,0,0,11000,1,1,Northbound (NB),POINT (-92.416394235983 42.592443512167)
20231392173,23-039425,11/12/2023,11-November,1-Sunday,18:20,1800 Hours,District 5 (Southeast),,LEE,US 61,US 61 N,Collision with:  Animal,Unknown,N/A,Animal,None Indicated,N/A,N/A,N/A,N/A,N/A,N/A,Paved,N/A,Property Damage Only,0,0,0,0,0,0,1500,1,1,Northbound (NB),POINT (-91.440789406801 40.446215324744)
20231391828,2023028893,11/12/2023,11-November,1-Sunday,13:52,1300 Hours,District 6 (East Central),,JONES,77,RICHLAND RD AND US 151 N,Collision with:  Animal,On Roadway,Non-collision (single vehicle),Animal,None Indicated,Animal in roadway,N/A,N/A,N/A,N/A,N/A,Paved,N/A,Property Damage Only,0,0,0,0,0,0,14000,1,4,Southbound (SB),POINT (-91.160827546771 42.250327679515)
20231392585,2023-28665,11/13/2023,11-November,2-Monday,17:24,1700 Hours,District 6 (East Central),BETTENDORF,SCOTT,I-74,I 74 W,Collision with:  Vehicle in traffic,On Roadway,Rear-end (front to rear),Followed too close,None Indicated,None apparent,Dark - roadway not lighted,Dry,Clear,None apparent,Non-intersection:  Non-junction/no special feature,Paved,N/A,Minor Injury,0,1,0,1,0,0,25000,2,4,Westbound (WB),POINT (-90.518645545303 41.54506007855)
20231392712,23-0553,11/13/2023,11-November,2-Monday,12:14,1200 Hours,District 4 (Southwest),GRANGER,DALLAS,IA-141,IA 141 W AND SYCAMORE ST,Collision with:  Vehicle in traffic,On Roadway,Broadside (front to side),FTYROW:  From stop sign,None Indicated,None apparent,Daylight,Dry,Clear,None apparent,Non-intersection:  Crossover-related,Paved,N/A,Possible/Unknown,0,2,0,0,2,0,20000,2,2,Westbound (WB),POINT (-93.82469026647 41.757365780864)
20231392351,2023-008381,11/14/2023,11-November,3-Tuesday,15:35,1500 Hours,District 6 (East Central),DUBUQUE,DUBUQUE,US 20,US 20 E MEASURING 172 FEET EAST FROM WACKER DR,Collision with:  Vehicle in traffic,On Roadway,Rear-end (front to rear),Lost Control,None Indicated,None apparent,Daylight,Dry,Clear,None apparent,Non-intersection:  Non-junction/no special feature,Paved,N/A,Possible/Unknown,0,2,0,0,2,0,1100,2,3,Southbound (SB),POINT (-90.719891337396 42.492000694461)
20231393074,2023-33403,11/14/2023,11-November,3-Tuesday,16:37,1600 Hours,District 5 (Southeast),INDIANOLA,WARREN,IA-92,700 BLK E 2ND AVE,Collision with:  Animal,On Roadway,Non-collision (single vehicle),Animal,None Indicated,None apparent,Daylight,Dry,Clear,None apparent,Non-intersection:  Non-junction/no special feature,Paved,N/A,Property Damage Only,0,0,0,0,0,0,2500,1,1,Southbound (SB),POINT (-93.551402971646 41.358141009688)
20231392619,23-06037,11/15/2023,11-November,4-Wednesday,19:06,1900 Hours,District 1 (Central),WEST DES MOINES,DALLAS,77,200 BLK JORDAN CREEK PARKWAY,Collision with:  Vehicle in traffic,On Roadway,Rear-end (front to rear),Followed too close,None Indicated,None apparent,Dark - roadway lighted,Dry,Clear,None apparent,Non-intersection:  Non-junction/no special feature,Paved,N/A,Property Damage Only,0,0,0,0,0,0,3000,2,4,Eastbound (EB),POINT (-93.8094018117 41.570379225048)
20231392641,P23-16782,11/15/2023,11-November,4-Wednesday,19:56,1900 Hours,District 5 (Southeast),BURLINGTON,DES MOINES,77,OSBORN ST AND WELLS ST,Collision with:  Non-motorist (see non-motorist section - NOT a unit),On Roadway,Non-collision (single vehicle),Unknown,None Indicated,None apparent,Dark - roadway lighted,Dry,Clear,None apparent,Non-intersection:  Non-junction/no special feature,Paved,N/A,Major Injury,0,2,1,0,0,1,0,1,1,Northbound (NB),POINT (-91.111961783361 40.815127952714)
20231392703,2023029303,11/16/2023,11-November,5-Thursday,07:47,0700 Hours,District 5 (Southeast),OTTUMWA,WAPELLO,77,HWY 149 SB EAST ROCHESTER ST WB,Collision with:  Vehicle in traffic,On Roadway,Broadside (front to side),FTYROW:  Making left turn,None Indicated,None apparent,Daylight,Dry,Cloudy,None apparent,Intersection:  Four-way intersection,Paved,N/A,Possible/Unknown,0,1,0,0,1,0,9000,2,2,Southbound (SB),POINT (-92.409952194298 41.060023820936)
20231392914,23SC33468,11/16/2023,11-November,5-Thursday,11:53,1100 Hours,District 3 (Northwest),SIOUX CITY,WOODBURY,77,MORNINGSIDE AVE,Collision with:  Vehicle in traffic,On Roadway,"Sideswipe, same direction",Made improper turn,None Indicated,None apparent,Daylight,Dry,Cloudy,None apparent,Non-intersection:  Non-junction/no special feature,Paved,N/A,Property Damage Only,0,0,0,0,0,0,3000,2,1,Southbound (SB),POINT (-96.354596444562 42.470699592631)
20231393421,23-020760,11/17/2023,11-November,6-Friday,00:20,0000 Hours,District 5 (Southeast),MOUNT PLEASANT,HENRY,77,255TH ST,Collision with:  Animal,On Roadway,Non-collision (single vehicle),Animal,None Indicated,Animal in roadway,N/A,N/A,N/A,None apparent,Non-intersection:  Non-junction/no special feature,Paved,N/A,Property Damage Only,0,0,0,0,0,0,2500,1,4,Southbound (SB),POINT (-91.534129352267 40.937649061885)
20231393052,23019742,11/17/2023,11-November,6-Friday,18:40,1800 Hours,District 1 (Central),,TAMA,US 883,US 30 E,Collision with:  Animal,Unknown,N/A,Animal,None Indicated,N/A,N/A,N/A,N/A,N/A,N/A,Unpaved,N/A,Property Damage Only,0,0,0,0,0,0,14000,1,4,Southbound (SB),POINT (-92.471101070847 41.963851745918)
20231393616,20230032302,11/18/2023,11-November,7-Saturday,18:07,1800 Hours,District 1 (Central),DES MOINES,POLK,77,EAST 26TH ST MEASURING 362 FEET NORTH FROM MAPLE ST,Collision with:  Vehicle in traffic,On Roadway,"Sideswipe, opposite direction",Traveling wrong way or on wrong side of road,None Indicated,None apparent,Dark - roadway lighted,Dry,Clear,None apparent,Non-intersection:  Non-junction/no special feature,Paved,N/A,Property Damage Only,0,0,0,0,0,0,3000,2,2,Northbound (NB),POINT (-93.567982470769 41.599297436279)
20231393189,202300063214,11/18/2023,11-November,7-Saturday,15:06,1500 Hours,District 6 (East Central),MARION,LINN,77,BLAIRS FERRY RD/RIDGE DR,Collision with:  Vehicle in traffic,On Roadway,Rear-end (front to rear),Followed too close,None Indicated,None apparent,Daylight,Dry,Clear,None apparent,Non-intersection:  Non-junction/no special feature,Paved,N/A,Property Damage Only,0,0,0,0,0,0,15000,2,3,Northbound (NB),POINT (-91.622006761967 42.032048181656)
20231393485,23-40227,11/19/2023,11-November,1-Sunday,16:34,1600 Hours,District 5 (Southeast),KEOKUK,LEE,77,13TH AND TIMEA,Collision with:  Vehicle in traffic,On Roadway,Broadside (front to side),FTYROW:  From stop sign,None Indicated,None apparent,Dusk,Dry,Cloudy,None apparent,Intersection:  Four-way intersection,Paved,N/A,Property Damage Only,0,0,0,0,0,0,1500,2,2,Northbound (NB),POINT (-91.394072736944 40.399577855818)
20231393603,23026245,11/20/2023,11-November,2-Monday,09:33,0900 Hours,District 5 (Southeast),OSKALOOSA,MAHASKA,IA-92,1700 BLOCK A AVE W,Collision with:  Vehicle in traffic,On Roadway,Broadside (front to side),FTYROW:  At uncontrolled intersection,None Indicated,None apparent,Daylight,Wet,Clear,None apparent,Non-intersection:  Non-junction/no special feature,Paved,N/A,Minor Injury,0,2,0,1,1,0,8000,2,3,Southbound (SB),POINT (-92.662677222948 41.296201928943)
20231393799,23-02846,11/20/2023,11-November,2-Monday,15:35,1500 Hours,District 1 (Central),URBANDALE,POLK,IA-28,4600 BLK MERLE HAY RD,Collision with:  Vehicle in traffic,On Roadway,Rear-end (front to rear),Followed too close,None Indicated,None apparent,Daylight,Dry,Cloudy,None apparent,Non-intersection:  Non-junction/no special feature,Paved,N/A,Property Damage Only,0,0,0,0,0,0,3500,2,2,Eastbound (EB),POINT (-93.697782721355 41.644951868202)
20231393750,23SC33939,11/21/2023,11-November,3-Tuesday,11:01,1100 Hours,District 3 (Northwest),SIOUX CITY,WOODBURY,77,INDIAN HILLS DR AND OUTER DR NORTH,Collision with:  Vehicle in traffic,On Roadway,"Angle, oncoming left turn",FTYROW:  Making left turn,None Indicated,None apparent,Daylight,Dry,Clear,None apparent,Intersection:  Four-way intersection,Paved,N/A,Minor Injury,0,1,0,1,0,0,15000,2,2,Southbound (SB),POINT (-96.374488390565 42.536802316361)
20231394075,23SC34023,11/22/2023,11-November,4-Wednesday,08:16,0800 Hours,District 3 (Northwest),SIOUX CITY,WOODBURY,US 75,"RAMP US 75 N TO OUTER DR NORTH, E",Non-collision events:  Overturn/rollover,Outside trafficway,Non-collision (single vehicle),Exceeded authorized speed,None Indicated,None apparent,Daylight,Dry,Clear,None apparent,"Interchange-related:  Off-ramp, diverge area",Paved,N/A,Possible/Unknown,0,1,0,0,1,0,10000,1,1,Northbound (NB),POINT (-96.336649317013 42.516985102619)
20231394403,23-017458,11/22/2023,11-November,4-Wednesday,11:23,1100 Hours,District 3 (Northwest),SIOUX CENTER,SIOUX,77,3RD AVE NE AND 4TH ST NE,Collision with:  Vehicle in traffic,On Roadway,Broadside (front to side),FTYROW:  From stop sign,None Indicated,None apparent,Daylight,Dry,Clear,None apparent,Intersection:  Four-way intersection,Paved,N/A,Property Damage Only,0,0,0,0,0,0,7000,2,2,Southbound (SB),POINT (-96.171315532526 43.080979501153)
20231395728,23-001359,11/23/2023,11-November,5-Thursday,23:00,2300 Hours,District 1 (Central),,STORY,I-35,I 35 S,Collision with fixed object:  Cable barrier,Separator,Non-collision (single vehicle),Driver Distraction:  Other interior distraction,None Indicated,None apparent,Dark - roadway not lighted,Dry,Clear,None apparent,Non-intersection:  Non-junction/no special feature,Paved,N/A,Property Damage Only,0,0,0,0,0,0,20000,1,3,Eastbound (EB),POINT (-93.569879730616 41.948776589564)
20231395203,2023-86209,11/24/2023,11-November,6-Friday,17:59,1700 Hours,District 6 (East Central),DAVENPORT,SCOTT,77,KIRKWOOD BLVD AND ARLINGTON AVE,Collision with:  Vehicle in traffic,On Roadway,Broadside (front to side),FTYROW:  From stop sign,None Indicated,None apparent,Dark - roadway lighted,Dry,Clear,None apparent,Intersection:  Four-way intersection,Paved,N/A,Property Damage Only,0,0,0,0,0,0,5500,3,6,Northbound (NB),POINT (-90.562497575754 41.536163543338)
20231394445,20230032950,11/25/2023,11-November,7-Saturday,16:45,1600 Hours,District 1 (Central),DES MOINES,POLK,I-235,"I 235 E MEASURING 1067 FEET EAST FROM RAMP 2ND AVE, N TO N TO STATE OF IOWA, I 235 W",Collision with fixed object:  Concrete traffic barrier (median or right side),On Roadway,Non-collision (single vehicle),Lost Control,None Indicated,Weather conditions,Dusk,Slush,Freezing rain/drizzle,"Surface condition (e.g., wet, icy)",Non-intersection:  Non-junction/no special feature,Paved,N/A,Property Damage Only,0,0,0,0,0,0,1500,1,4,Southbound (SB),POINT (-93.616004328055 41.595429248533)
20231394728,2023029991,11/25/2023,11-November,7-Saturday,13:29,1300 Hours,District 4 (Southwest),,ADAIR,I-80,I 80 E(74.12MM EB),Collision with:  Vehicle in traffic,On Roadway,"Sideswipe, same direction",Ran off road - left,None Indicated,Weather conditions,Daylight,Ice/frost,Snow,None apparent,Non-intersection:  Non-junction/no special feature,Paved,N/A,Property Damage Only,0,0,0,0,0,0,10500,2,3,Southbound (SB),POINT (-94.682792801967 41.495396229551)
20231395324,SO23-01179,11/25/2023,11-November,7-Saturday,13:33,1300 Hours,District 1 (Central),,MARSHALL,US 30,RAMP US 30 W TO IA 330 N,Non-collision events:  Overturn/rollover,On Roadway,Non-collision (single vehicle),Ran off road - left,None Indicated,None apparent,Daylight,Dry,Cloudy,None apparent,Non-intersection:  Non-junction/no special feature,Paved,N/A,Minor Injury,0,1,0,1,0,0,10000,1,1,Westbound (WB),POINT (-93.017957614712 42.008886144061)
20231394617,2307929,11/25/2023,11-November,7-Saturday,20:03,2000 Hours,District 3 (Northwest),,OSCEOLA,77,220TH ST EAST OF M12,Non-collision events:  Overturn/rollover,On Roadway,Non-collision (single vehicle),Driving too fast for conditions,None Indicated,None apparent,Dark - roadway not lighted,Snow,Snow,"Surface condition (e.g., wet, icy)",Non-intersection:  Non-junction/no special feature,Paved,N/A,Possible/Unknown,0,1,0,0,1,0,7500,1,2,Southbound (SB),POINT (-95.472076212032 43.327842763669)
20231394513,2023-008661,11/26/2023,11-November,1-Sunday,01:53,0100 Hours,District 6 (East Central),DUBUQUE,DUBUQUE,77,2130 KLEINE ST,Collision with:  Parked motor vehicle,On Roadway,Rear-end (front to rear),Other (explain in narrative):  Other,Alcohol (< Statutory),Weather conditions,Dark - roadway lighted,Ice/frost,Snow,"Surface condition (e.g., wet, icy)",Non-intersection:  Non-junction/no special feature,Paved,N/A,Property Damage Only,0,0,0,0,0,0,6000,2,3,Northbound (NB),POINT (-90.674873795865 42.512240036663)
20231394795,ACSO 23-0135,11/26/2023,11-November,1-Sunday,17:10,1700 Hours,District 2 (Northeast),,ALLAMAKEE,IA-9,IA 9 E,Collision with:  Animal,On Roadway,Non-collision (single vehicle),Animal,None Indicated,Animal in roadway,N/A,N/A,N/A,N/A,N/A,Paved,N/A,Property Damage Only,0,0,0,0,0,0,5000,1,1,Southbound (SB),POINT (-91.519070417951 43.240562043008)
20231395217,W23-102332,11/27/2023,11-November,2-Monday,16:39,1600 Hours,District 2 (Northeast),WATERLOO,BLACK HAWK,77,ANSBOROUGH AVE,Collision with:  Vehicle in traffic,On Roadway,"Sideswipe, same direction",Lost Control,None Indicated,None apparent,Dark - roadway lighted,Dry,Cloudy,None apparent,Non-intersection:  Non-junction/no special feature,Paved,N/A,Property Damage Only,0,0,0,0,0,0,1600,2,2,Northbound (NB),POINT (-92.37690900057 42.496405256885)
20231395223,FD23-3614,11/28/2023,11-November,3-Tuesday,09:47,0900 Hours,District 1 (Central),FORT DODGE,WEBSTER,77,235 AVE O,Collision with:  Vehicle in traffic,On Roadway,"Angle, oncoming left turn",FTYROW:  Making left turn,None Indicated,None apparent,Daylight,Dry,Clear,None apparent,Intersection:  Four-way intersection,Paved,N/A,Property Damage Only,0,0,0,0,0,0,3000,2,2,Northbound (NB),POINT (-94.202391603409 42.486351941306)
20231395273,20230033216,11/28/2023,11-November,3-Tuesday,16:16,1600 Hours,District 1 (Central),DES MOINES,POLK,US 69,US 69 S,Collision with:  Vehicle in traffic,On Roadway,Broadside (front to side),Ran Traffic Signal,None Indicated,None apparent,Daylight,Dry,Clear,None apparent,Intersection:  Four-way intersection,Paved,N/A,Property Damage Only,0,0,0,0,0,0,3000,2,5,Eastbound (EB),POINT (-93.599010155817 41.596329700286)
20231395417,2023-008741,11/29/2023,11-November,4-Wednesday,16:45,1600 Hours,District 6 (East Central),DUBUQUE,DUBUQUE,77,JOHN F KENNEDY RD MEASURING 100 FEET NORTH FROM ASBURY RD,Collision with:  Vehicle in traffic,On Roadway,Broadside (front to side),FTYROW:  From driveway,None Indicated,None apparent,Dusk,Dry,Clear,None apparent,"Non-intersection:  Driveway access (related, not in)",Paved,N/A,Property Damage Only,0,0,0,0,0,0,11000,2,2,Northbound (NB),POINT (-90.720533236667 42.512509404993)
20231395337,23-0742,11/29/2023,11-November,4-Wednesday,06:50,0600 Hours,District 1 (Central),,WEBSTER,77,3100 MILE 140TH ST,Collision with:  Vehicle in traffic,On Roadway,"Sideswipe, same direction",Followed too close,None Indicated,None apparent,Dark - roadway not lighted,Dry,Clear,None apparent,Non-intersection:  Non-junction/no special feature,Paved,N/A,Property Damage Only,0,0,0,0,0,0,4000,2,3,Southbound (SB),POINT (-94.015789632343 42.587058430298)
20231395817,CG2301250,11/30/2023,11-November,5-Thursday,17:26,1700 Hours,District 2 (Northeast),,CERRO GORDO,77,LARK AVE,Collision with:  Vehicle in traffic,On Roadway,Head-on (front to front),FTYROW:  Making left turn,None Indicated,None apparent,Dark - roadway not lighted,Dry,Clear,None apparent,Non-intersection:  Non-junction/no special feature,Paved,N/A,Minor Injury,0,2,0,2,0,0,20000,2,5,Northbound (NB),POINT (-93.280371165042 43.133661520365)
20231395950,23-048453,12/01/2023,12-December,6-Friday,08:11,0800 Hours,District 5 (Southeast),MUSCATINE,MUSCATINE,IA-38,IA 38 N,Collision with:  Vehicle in traffic,On Roadway,"Sideswipe, same direction",Other (explain in narrative):  Other,None Indicated,None apparent,Daylight,Dry,Cloudy,None apparent,Non-intersection:  Non-junction/no special feature,Paved,N/A,Property Damage Only,0,0,0,0,0,0,4800,2,2,Northbound (NB),POINT (-91.030803100945 41.434978427982)
20231396112,23-001391,12/01/2023,12-December,6-Friday,21:31,2100 Hours,District 1 (Central),,STORY,77,510TH AVE,Collision with:  Animal,Unknown,N/A,Animal,None Indicated,N/A,N/A,N/A,N/A,N/A,N/A,Paved,N/A,Property Damage Only,0,0,0,0,0,0,5000,1,1,Northbound (NB),POINT (-93.678515331747 41.995641979187)
20231396448,23-028078,12/02/2023,12-December,7-Saturday,17:29,1700 Hours,District 5 (Southeast),,MARION,77,HIGHWAY S 45,Non-collision events:  Overturn/rollover,Outside trafficway,Non-collision (single vehicle),Ran off road - left,None Indicated,Animal in roadway,Dark - roadway not lighted,Dry,Clear,Other (explain in narrative),Non-intersection:  Non-junction/no special feature,Paved,N/A,Property Damage Only,0,0,0,0,0,0,10000,1,2,Northbound (NB),POINT (-93.247359938761 41.280225402469)
20231396154,23-014661,12/03/2023,12-December,1-Sunday,03:42,0300 Hours,District 3 (Northwest),,PLYMOUTH,IA-3,JADE AVE AND IA 3 E,Non-collision events:  Vehicle went airborne,On Roadway,Non-collision (single vehicle),Ran off road - left,None Indicated,None apparent,Dark - roadway not lighted,Dry,Clear,None apparent,Non-intersection:  Non-junction/no special feature,Paved,N/A,Minor Injury,0,1,0,1,0,0,18250,1,1,Southbound (SB),POINT (-96.2643702575 42.793280643136)
20231396568,2023-88290,12/04/2023,12-December,2-Monday,07:28,0700 Hours,District 6 (East Central),DAVENPORT,SCOTT,77,MYRTLE ST AND WEST 8TH ST,Collision with fixed object:  Utility pole/light support,On Roadway,Non-collision (single vehicle),Lost Control,None Indicated,None apparent,Daylight,Dry,Clear,None apparent,Non-intersection:  Non-junction/no special feature,Paved,N/A,Property Damage Only,0,0,0,0,0,0,1500,1,1,Southbound (SB),POINT (-90.589028166929 41.527347460806)
20231397661,2023-88602,12/05/2023,12-December,3-Tuesday,14:43,1400 Hours,District 6 (East Central),DAVENPORT,SCOTT,77,WEST 2ND ST AND GAINES ST,Collision with:  Vehicle in traffic,On Roadway,"Angle, oncoming left turn",FTYROW:  Making left turn,None Indicated,None apparent,Daylight,Dry,Cloudy,None apparent,Intersection:  Four-way intersection,Paved,N/A,Property Damage Only,0,0,0,0,0,0,2500,2,2,Southbound (SB),POINT (-90.583368535398 41.52130236875)
20231396494,23-051467,12/05/2023,12-December,3-Tuesday,15:02,1500 Hours,District 3 (Northwest),STORM LAKE,BUENA VISTA,77,WEST 3RD ST AND OTSEGO ST,Collision with:  Vehicle in traffic,On Roadway,Broadside (front to side),Driver Distraction:  Other interior distraction,None Indicated,None apparent,Daylight,Dry,Clear,None apparent,Non-intersection:  Non-junction/no special feature,Paved,N/A,Property Damage Only,0,0,0,0,0,0,2000,2,2,Northbound (NB),POINT (-95.206286261061 42.640969426296)
20231396772,23-014788,12/06/2023,12-December,4-Wednesday,08:17,0800 Hours,District 3 (Northwest),,PLYMOUTH,77,K22 MEASURING 2255 FEET SOUTH FROM 280TH ST,Non-collision events:  Overturn/rollover,Shoulder,Non-collision (single vehicle),Ran off road - right,None Indicated,None apparent,Daylight,Dry,Clear,None apparent,Non-intersection:  Non-junction/no special feature,Paved,N/A,Major Injury,0,1,1,0,0,0,5000,1,1,Northbound (NB),POINT (-96.370856104816 42.642675145702)
20231396760,23001407,12/06/2023,12-December,4-Wednesday,17:40,1700 Hours,District 1 (Central),,STORY,77,600TH AVE,Collision with:  Animal,Unknown,N/A,Animal,None Indicated,N/A,N/A,N/A,N/A,N/A,N/A,Paved,N/A,Property Damage Only,0,0,0,0,0,0,2500,1,1,Northbound (NB),POINT (-93.501926724847 42.157145024196)
20231397582,23-23752,12/07/2023,12-December,5-Thursday,15:11,1500 Hours,District 2 (Northeast),WAVERLY,BREMER,IA-3,E. BREMER AVE @ 4TH STREET SE,Collision with:  Vehicle in traffic,On Roadway,Rear-end (front to rear),Followed too close,None Indicated,None apparent,Daylight,Dry,Clear,None apparent,Intersection:  Four-way intersection,Paved,N/A,Possible/Unknown,0,1,0,0,1,0,3000,2,2,Southbound (SB),POINT (-92.465701129689 42.725831788911)
20231397171,2023031282,12/08/2023,12-December,6-Friday,13:21,1300 Hours,District 4 (Southwest),,POTTAWATTAMIE,I-29,I-29NB 69.60 MM,Collision with fixed object:  Cable barrier,Median,Non-collision (single vehicle),Ran off road - left,None Indicated,None apparent,Daylight,Dry,Clear,None apparent,Non-intersection:  Non-junction/no special feature,Paved,N/A,Minor Injury,0,1,0,1,0,0,9053,1,1,Northbound (NB),POINT (-95.89953381861 41.466418202901)