Iowa DOT Case Number,Law Enforcement Case Number,Date of Crash,Month of Crash,Day of Week,Time of Crash,Hour,DOT District,City Name,County Name,Route with System,Location Description,First Harmful Event,Location of First Harmful Event,Manner of Crash/Collision,Major Cause,Drug or Alcohol ,Environmental Conditions,Light Conditions,Surface Conditions,Weather Conditions,Roadway Contribution,Roadway Type,Roadway Surface,Work Zone,Crash Severity,Number of Fatalities,Number of Injuries,Number of Major Injuries,Number of Minor Injuries,Number of Possible Injuries,Number of Unknown Injuries,Amount of Property Damage,Number of Vehicles Involved,Total Number of Occupants,Travel Direction,Location
20231397029,2023010173,12/08/2023,12-December,6-Friday,09:00,0900 Hours,District 6 (East Central),IOWA CITY,JOHNSON,77,MELROSE AVE,Collision with:  Vehicle in traffic,On Roadway,Rear-end (front to rear),Other (explain in narrative):  No improper action,None Indicated,None apparent,Daylight,Dry,Clear,None apparent,Non-intersection:  Non-junction/no special feature,Paved,N/A,Property Damage Only,0,0,0,0,0,0,7000,2,2,Southbound (SB),POINT (-91.545053740183 41.656811555204)
20231397319,2023-004031,12/09/2023,12-December,7-Saturday,13:25,1300 Hours,District 6 (East Central),,DUBUQUE,US 20,US 20 E,Collision with:  Animal,On Roadway,Non-collision (single vehicle),Animal,None Indicated,Animal in roadway,N/A,N/A,N/A,N/A,N/A,Paved,N/A,Property Damage Only,0,0,0,0,0,0,7000,1,1,Southbound (SB),POINT (-91.078600131475 42.466465148969)
20231397540,202317501,12/10/2023,12-December,1-Sunday,18:38,1800 Hours,District 6 (East Central),CEDAR RAPIDS,LINN,IA-922,3800 BLOCK 1ST AVE E,Collision with fixed object:  Traffic sign support,On Roadway,Non-collision (single vehicle),Other (explain in narrative):  Vision obstructed,None Indicated,None apparent,Dark - roadway lighted,Dry,Clear,None apparent,Intersection:  Four-way intersection,Paved,N/A,Property Damage Only,0,0,0,0,0,0,1800,1,1,Northbound (NB),POINT (-91.634408475181 42.017038723937)
20231397607,23SC35790,12/11/2023,12-December,2-Monday,14:08,1400 Hours,District 3 (Northwest),SIOUX CITY,WOODBURY,77,HAMILTON BLVD,Collision with:  Non-motorist (see non-motorist section - NOT a unit),Outside trafficway,Non-collision (single vehicle),FTYROW:  To pedestrian,None Indicated,None apparent,Daylight,Dry,Clear,None apparent,Intersection:  Other intersection (explain in narrative),Paved,N/A,Minor Injury,0,1,0,1,0,0,0,1,1,Eastbound (EB),POINT (-96.418033400208 42.522165713559)
20231399018,2023031418,12/11/2023,12-December,2-Monday,10:17,1000 Hours,District 5 (Southeast),,LEE,US 61,US 61 N 4MM,Collision with:  Vehicle in traffic,On Roadway,"Sideswipe, same direction",Lost Control,None Indicated,None apparent,Daylight,Dry,Clear,None apparent,Non-intersection:  Non-junction/no special feature,Paved,N/A,Property Damage Only,0,0,0,0,0,0,9500,2,2,Northbound (NB),POINT (-91.427813817443 40.437823728938)
20231397767,2023-004070,12/12/2023,12-December,3-Tuesday,20:19,2000 Hours,District 6 (East Central),,DUBUQUE,US 20,US 20 W,Collision with:  Animal,Unknown,N/A,Animal,None Indicated,N/A,N/A,N/A,N/A,N/A,N/A,Paved,N/A,Property Damage Only,0,0,0,0,0,0,4500,1,1,Westbound (WB),POINT (-90.879607208114 42.440928027666)
20231398121,23-006054,12/13/2023,12-December,4-Wednesday,12:15,1200 Hours,District 1 (Central),ANKENY,POLK,77,S ANKENY BVD/SE 3RD ST,Collision with:  Vehicle in traffic,On Roadway,"Sideswipe, opposite direction",Made improper turn,None Indicated,None apparent,Daylight,Dry,Clear,None apparent,Intersection:  Four-way intersection,Paved,N/A,Property Damage Only,0,0,0,0,0,0,6000,2,2,Southbound (SB),POINT (-93.60021063382 41.729611091249)
20231397818,202303210,12/13/2023,12-December,4-Wednesday,07:16,0700 Hours,District 6 (East Central),,LINN,77,PALO MARSH RD AND MCCLINTOCK RD,Collision with:  Animal,Unknown,N/A,Animal,None Indicated,N/A,N/A,N/A,N/A,N/A,N/A,Paved,N/A,Property Damage Only,0,0,0,0,0,0,8000,1,2,Northbound (NB),POINT (-91.795454354679 42.11470560384)
20231398074,2023-03233,12/14/2023,12-December,5-Thursday,08:15,0800 Hours,District 6 (East Central),,LINN,77,WEST CEMETERY RD,Collision with fixed object:  Ditch,On Roadway,Non-collision (single vehicle),Ran off road - left,None Indicated,None apparent,Daylight,Dry,Clear,None apparent,Non-intersection:  Non-junction/no special feature,Unpaved,N/A,Minor Injury,0,1,0,1,0,0,2500,1,1,Southbound (SB),POINT (-91.80512450132 41.927355946306)
20231398273,23021148,12/15/2023,12-December,6-Friday,19:38,1900 Hours,District 2 (Northeast),,TAMA,IA-21,IA 21 N,Collision with:  Animal,Unknown,N/A,Animal,None Indicated,N/A,N/A,N/A,N/A,N/A,N/A,Paved,N/A,Property Damage Only,0,0,0,0,0,0,4000,1,2,Northbound (NB),POINT (-92.347659508169 42.25637615623)
20231400034,23-022499,12/15/2023,12-December,6-Friday,10:49,1000 Hours,District 2 (Northeast),,FAYETTE,IA-150,IA 150 N,Collision with:  Animal,On Roadway,Non-collision (single vehicle),Animal,None Indicated,Animal in roadway,Daylight,Dry,Clear,None apparent,Non-intersection:  Non-junction/no special feature,Paved,N/A,Property Damage Only,0,0,0,0,0,0,12000,1,1,Northbound (NB),POINT (-91.810139552108 42.895679941031)
20231398346,C23004843,12/16/2023,12-December,7-Saturday,13:56,1300 Hours,District 6 (East Central),CORALVILLE,JOHNSON,US 6,US 6 E,Collision with:  Vehicle in traffic,On Roadway,Rear-end (front to rear),Followed too close,None Indicated,None apparent,Daylight,Wet,Rain,None apparent,Non-intersection:  Non-junction/no special feature,Paved,N/A,Property Damage Only,0,0,0,0,0,0,3200,2,2,Southbound (SB),POINT (-91.596092442026 41.681855013031)
20231398503,23019683,12/17/2023,12-December,1-Sunday,16:17,1600 Hours,District 4 (Southwest),,MILLS,77,CARY AVE,Collision with fixed object:  Ditch,On Roadway,Non-collision (single vehicle),Lost Control,None Indicated,None apparent,Daylight,Gravel,Clear,None apparent,Non-intersection:  Non-junction/no special feature,Unpaved,N/A,Property Damage Only,0,0,0,0,0,0,3500,1,1,Southbound (SB),POINT (-95.4040286478 41.131567583031)
20231399463,23-03096,12/18/2023,12-December,2-Monday,08:12,0800 Hours,District 1 (Central),URBANDALE,POLK,77,86TH STREET AT URBANDALE AVE,Collision with:  Vehicle in traffic,On Roadway,"Angle, oncoming left turn",Made improper turn,None Indicated,None apparent,Daylight,Dry,Clear,None apparent,Intersection:  Four-way intersection,Paved,N/A,Property Damage Only,0,0,0,0,0,0,8000,2,2,Southbound (SB),POINT (-93.736357407328 41.622157303275)
20231398777,23-00001866,12/18/2023,12-December,2-Monday,14:00,1400 Hours,District 1 (Central),JOHNSTON,POLK,77,NW BEAVER DR AND NW 66TH AVE,Collision with:  Vehicle in traffic,On Roadway,Rear-end (front to rear),Other (explain in narrative):  No improper action,None Indicated,None apparent,Daylight,Dry,Clear,None apparent,Intersection:  Four-way intersection,Paved,N/A,Property Damage Only,0,0,0,0,0,0,2750,2,2,Eastbound (EB),POINT (-93.680026321412 41.680681461783)
20231399508,23-053438,12/19/2023,12-December,3-Tuesday,11:00,1100 Hours,District 3 (Northwest),STORM LAKE,BUENA VISTA,77,EAST 5TH ST,Collision with:  Parked motor vehicle,In parking lane/zone,Rear-end (front to rear),Other (explain in narrative):  Other,None Indicated,None apparent,Daylight,Dry,Cloudy,None apparent,Non-intersection:  Non-junction/no special feature,Paved,N/A,Possible/Unknown,0,1,0,0,1,0,10,2,4,Southbound (SB),POINT (-95.19905304436 42.644422441805)
20231399123,20231073,12/20/2023,12-December,4-Wednesday,12:55,1200 Hours,District 6 (East Central),MOUNT VERNON,LINN,IA-1,1ST AVE AND 1ST ST,Collision with:  Vehicle in traffic,On Roadway,Broadside (front to side),FTYROW:  Making left turn,None Indicated,None apparent,Daylight,Dry,Clear,None apparent,Intersection:  Four-way intersection,Paved,N/A,Property Damage Only,0,0,0,0,0,0,6500,2,2,Northbound (NB),POINT (-91.416994445279 41.922272909002)
20231399901,23-011689,12/21/2023,12-December,5-Thursday,21:47,2100 Hours,District 6 (East Central),,BENTON,77,62 ST TRAIL AND 32 AVE MEASURING 741 FEET SOUTH FROM 32 AVE,Non-collision events:  Non-contact vehicle (phantom),On Roadway,Non-collision (single vehicle),Lost Control,Alcohol (Statutory),None apparent,Dark - roadway not lighted,Dry,Cloudy,None apparent,Non-intersection:  Non-junction/no special feature,Paved,N/A,Property Damage Only,0,0,0,0,0,0,5000,1,1,Northbound (NB),POINT (-91.8733690625 42.108391165302)
20231400319,2023-92413,12/21/2023,12-December,5-Thursday,17:23,1700 Hours,District 6 (East Central),DAVENPORT,SCOTT,US 6,US 6 E,Collision with:  Vehicle in traffic,On Roadway,"Sideswipe, opposite direction",Lost Control,None Indicated,None apparent,Dark - roadway lighted,Dry,Clear,None apparent,Non-intersection:  Non-junction/no special feature,Paved,N/A,Minor Injury,0,1,0,1,0,0,19000,2,3,Southbound (SB),POINT (-90.641659433549 41.570418471984)
20231399725,262303291,12/22/2023,12-December,6-Friday,17:55,1700 Hours,District 5 (Southeast),,DAVIS,IA-2,IA 2 E,Collision with:  Animal,Unknown,N/A,Animal,None Indicated,N/A,N/A,N/A,N/A,N/A,N/A,Paved,N/A,Property Damage Only,0,0,0,0,0,0,12000,1,1,Southbound (SB),POINT (-92.56700764681 40.725555566846)
20231399823,23-002108,12/22/2023,12-December,6-Friday,17:20,1700 Hours,District 1 (Central),ALTOONA,POLK,77,800 BLK 17TH AVE SW,Collision with:  Vehicle in traffic,On Roadway,Rear-end (front to rear),Driver Distraction:  Other interior distraction,None Indicated,None apparent,Dark - roadway lighted,Wet,"Fog, smoke, smog",None apparent,Intersection:  Four-way intersection,Paved,N/A,Property Damage Only,0,0,0,0,0,0,3000,2,3,Southbound (SB),POINT (-93.483743253242 41.6440703503)
20231400099,23-14967,12/23/2023,12-December,7-Saturday,23:12,2300 Hours,District 6 (East Central),,JONES,77,NEWPORT RD,Collision with:  Animal,Roadside,Non-collision (single vehicle),Animal,None Indicated,Animal in roadway,Dark - roadway not lighted,Gravel,"Fog, smoke, smog","Surface condition (e.g., wet, icy)",Non-intersection:  Non-junction/no special feature,Unpaved,N/A,Property Damage Only,0,0,0,0,0,0,6000,1,1,Southbound (SB),POINT (-91.211702060836 42.034105888548)
20231399678,23-006231,12/24/2023,12-December,1-Sunday,11:12,1100 Hours,District 1 (Central),ANKENY,POLK,77,SE PDI PL SE ORALABOR RD,Collision with:  Vehicle in traffic,On Roadway,Broadside (front to side),Unknown,None Indicated,None apparent,Daylight,Wet,Clear,None apparent,Intersection:  Four-way intersection,Paved,N/A,Property Damage Only,0,0,0,0,0,0,16000,2,2,Northbound (NB),POINT (-93.584456596611 41.702770200202)
20231399826,S23-002385,12/25/2023,12-December,2-Monday,20:18,2000 Hours,District 4 (Southwest),,POTTAWATTAMIE,77,OLD LINCOLN HIGHWAY,Collision with fixed object:  Ditch,Outside trafficway,Non-collision (single vehicle),Ran off road - right,Refused,Weather conditions,Dark - roadway not lighted,Wet,Snow,None apparent,Non-intersection:  Non-junction/no special feature,Paved,N/A,Property Damage Only,0,0,0,0,0,0,10000,1,1,Northbound (NB),POINT (-95.834012719403 41.405594652348)
20231399889,2023032675,12/26/2023,12-December,3-Tuesday,08:25,0800 Hours,District 4 (Southwest),,MILLS,I-29,I 29 S,Collision with fixed object:  Bridge/bridge rail parapet,On Roadway,Non-collision (single vehicle),Lost Control,None Indicated,Weather conditions,Daylight,Snow,Blowing snow,"Surface condition (e.g., wet, icy)","Interchange-related:  Mainline, between ramps",Paved,N/A,Property Damage Only,0,0,0,0,0,0,2500,1,2,Eastbound (EB),POINT (-95.81251546602 41.019349241795)
20231400262,202303372,12/27/2023,12-December,4-Wednesday,22:21,2200 Hours,District 6 (East Central),,LINN,IA-13,IA 13 S MEASURING 1180 FEET NORTH FROM BUNKER HILL RD,Collision with:  Animal,On Roadway,Non-collision (single vehicle),Animal,None Indicated,Animal in roadway,Dark - roadway not lighted,Dry,Clear,None apparent,Non-intersection:  Non-junction/no special feature,Paved,N/A,Possible/Unknown,0,1,0,0,1,0,6000,1,1,Eastbound (EB),POINT (-91.543942303191 42.184270703687)
20231400413,C23005042,12/28/2023,12-December,5-Thursday,15:34,1500 Hours,District 6 (East Central),IOWA CITY,JOHNSON,I-80,I 80 W,Collision with fixed object:  Concrete traffic barrier (median or right side),On Roadway,Non-collision (single vehicle),Lost Control,None Indicated,Weather conditions,Dusk,Snow,Snow,"Surface condition (e.g., wet, icy)",Non-intersection:  Non-junction/no special feature,Paved,N/A,Possible/Unknown,0,1,0,0,1,0,10000,1,1,Westbound (WB),POINT (-91.556960331657 41.685639487739)
20231400535,23-26670,12/28/2023,12-December,5-Thursday,09:51,0900 Hours,District 6 (East Central),,JACKSON,US 52,US 52 N,Collision with fixed object:  Embankment,Roadside,Non-collision (single vehicle),Ran off road - left,None Indicated,Weather conditions,Daylight,Snow,Snow,"Surface condition (e.g., wet, icy)",Non-intersection:  Non-junction/no special feature,Paved,N/A,Property Damage Only,0,0,0,0,0,0,2500,1,1,Northbound (NB),POINT (-90.401862884807 42.230641456972)
20231401280,2023-94006,12/29/2023,12-December,6-Friday,11:34,1100 Hours,District 6 (East Central),DAVENPORT,SCOTT,77,EAST LOCUST ST,Collision with:  Vehicle in traffic,On Roadway,Rear-end (front to rear),Followed too close,None Indicated,None apparent,Daylight,Dry,Clear,None apparent,"Non-intersection:  Driveway access (related, not in)",Paved,N/A,Property Damage Only,0,0,0,0,0,0,6000,2,2,Southbound (SB),POINT (-90.549097187472 41.538364322667)
20231400652,23009969,12/30/2023,12-December,7-Saturday,22:51,2200 Hours,District 2 (Northeast),,KOSSUTH,77,210 ST,Collision with fixed object:  Ditch,On Roadway,Non-collision (single vehicle),Driving too fast for conditions,None Indicated,Weather conditions,Dark - roadway not lighted,Ice/frost,Snow,"Surface condition (e.g., wet, icy)",Non-intersection:  Non-junction/no special feature,Paved,N/A,Minor Injury,0,1,0,1,0,0,5000,1,1,Southbound (SB),POINT (-94.349930909266 43.0674023384)
20231400684,ECSO23-0369,12/31/2023,12-December,1-Sunday,06:05,0600 Hours,District 3 (Northwest),,EMMET,77,375 AVE MEASURING 2881 FEET SOUTH FROM 140 ST,Collision with:  Animal,On Roadway,Non-collision (single vehicle),Animal,None Indicated,None apparent,Dark - roadway not lighted,Dry,Clear,None apparent,Non-intersection:  Non-junction/no special feature,Paved,N/A,Property Damage Only,0,0,0,0,0,0,6000,1,1,Northbound (NB),POINT (-94.846792011539 43.437106270458)
20241402190,24-000014,01/01/2024,01-January,2-Monday,07:19,0700 Hours,District 1 (Central),,JASPER,77,HIGHWAY T-38 NORTH,Collision with fixed object:  Ditch,Shoulder,Non-collision (single vehicle),Ran off road - left,None Indicated,Unknown,Dark - roadway not lighted,Dry,Clear,None apparent,Intersection:  Four-way intersection,Paved,N/A,Major Injury,0,1,1,0,0,0,20200,1,1,Northbound (NB),POINT (-92.785599143471 41.787957167653)
20241400962,24-0033,01/02/2024,01-January,3-Tuesday,09:20,0900 Hours,District 3 (Northwest),CHEROKEE,CHEROKEE,US 59,US 59 N,Collision with:  Vehicle in traffic,On Roadway,Head-on (front to front),FTYROW:  Making left turn,None Indicated,None apparent,Daylight,Dry,Clear,None apparent,Intersection:  Four-way intersection,Paved,N/A,Property Damage Only,0,0,0,0,0,0,20000,2,5,Northbound (NB),POINT (-95.551401688973 42.754824298746)
20241401246,24SC00270,01/03/2024,01-January,4-Wednesday,21:52,2100 Hours,District 3 (Northwest),SIOUX CITY,WOODBURY,77,1300 BLK 25TH ST,Collision with:  Parked motor vehicle,On Roadway,Other (explain in narrative),Improper Backing,None Indicated,None apparent,Dark - roadway not lighted,Dry,Clear,None apparent,Non-intersection:  Non-junction/no special feature,Paved,N/A,Property Damage Only,0,0,0,0,0,0,6500,2,1,Southbound (SB),POINT (-96.392938121025 42.51574476191)
20241401354,24-0000113,01/04/2024,01-January,5-Thursday,19:53,1900 Hours,District 2 (Northeast),,WINNEBAGO,77,200TH AVE AND 390TH ST,Collision with:  Animal,On Roadway,Non-collision (single vehicle),Animal,None Indicated,Animal in roadway,N/A,N/A,N/A,N/A,N/A,Unpaved,N/A,Property Damage Only,0,0,0,0,0,0,5000,1,2,Southbound (SB),POINT (-93.576910121201 43.328186708621)
20241401477,24-000209,01/05/2024,01-January,6-Friday,18:33,1800 Hours,District 2 (Northeast),,CHICKASAW,IA-346,IA 346 E,Collision with:  Animal,On Roadway,Non-collision (single vehicle),Animal,None Indicated,None apparent,Dark - roadway not lighted,Dry,Clear,None apparent,Non-intersection:  Non-junction/no special feature,Paved,N/A,Property Damage Only,0,0,0,0,0,0,1500,1,1,Southbound (SB),POINT (-92.485494998528 42.965427544137)
20241401527,CLP24000042,01/05/2024,01-January,6-Friday,17:59,1700 Hours,District 6 (East Central),CLINTON,CLINTON,IA-136,16TH ST NW AND MAIN AVE,Collision with:  Vehicle in traffic,On Roadway,"Angle, oncoming left turn",FTYROW:  Making left turn,None Indicated,None apparent,Dark - roadway lighted,Dry,Clear,None apparent,Intersection:  Four-way intersection,Paved,N/A,Property Damage Only,0,0,0,0,0,0,5000,2,3,Northbound (NB),POINT (-90.223592725119 41.873852162894)
20241403140,2024000521,01/06/2024,01-January,7-Saturday,06:31,0600 Hours,District 6 (East Central),,BENTON,I-380,"I-380, NB AT 47.2 MM",Collision with fixed object:  Culvert/pipe opening,On Roadway,Non-collision (single vehicle),Driving too fast for conditions,None Indicated,None apparent,Dark - roadway not lighted,Ice/frost,Cloudy,"Surface condition (e.g., wet, icy)",Non-intersection:  Non-junction/no special feature,Paved,N/A,Property Damage Only,0,0,0,0,0,0,10000,1,6,Northbound (NB),POINT (-91.940804874922 42.282096771043)
20241401771,24-000686,01/07/2024,01-January,1-Sunday,08:00,0800 Hours,District 5 (Southeast),,LEE,US 61,US 61 N 2400 BLOCK,Collision with fixed object:  Ditch,On Roadway,Non-collision (single vehicle),Ran off road - left,None Indicated,None apparent,Daylight,Ice/frost,Cloudy,"Surface condition (e.g., wet, icy)",Non-intersection:  Non-junction/no special feature,Paved,N/A,Property Damage Only,0,0,0,0,0,0,1500,1,1,Northbound (NB),POINT (-91.415152531536 40.616648443048)
20241402127,2024-1815,01/08/2024,01-January,2-Monday,21:46,2100 Hours,District 6 (East Central),DAVENPORT,SCOTT,77,WEST 39TH ST AND WISCONSIN AVE MEASURING 368 FEET NORTH FROM WEST 39TH ST AND WISCONSIN AVE,Collision with fixed object:  Embankment,Outside trafficway,Non-collision (single vehicle),Ran off road - right,None Indicated,Weather conditions,Dark - roadway lighted,Snow,Snow,"Surface condition (e.g., wet, icy)",Non-intersection:  Non-junction/no special feature,Paved,N/A,Minor Injury,0,1,0,1,0,0,15000,1,1,Northbound (NB),POINT (-90.648851067236 41.559956255516)
20241401877,P24-00433,01/08/2024,01-January,2-Monday,15:26,1500 Hours,District 5 (Southeast),BURLINGTON,DES MOINES,US 61,US 61 N MEASURING 136 FEET SOUTH FROM MARKET ST,Collision with:  Vehicle in traffic,On Roadway,Rear-end (front to rear),Driver Distraction:  Other interior distraction,None Indicated,None apparent,Daylight,Dry,Cloudy,None apparent,Non-intersection:  Non-junction/no special feature,Paved,N/A,Property Damage Only,0,0,0,0,0,0,5000,2,2,Northbound (NB),POINT (-91.141353857262 40.810452862719)
20241402584,2024000930,01/09/2024,01-January,3-Tuesday,17:47,1700 Hours,District 1 (Central),,POLK,I-35,INTERSTATE 35 SB APPROX 97.5MM,Collision with fixed object:  Cable barrier,Shoulder,Non-collision (single vehicle),Lost Control,None Indicated,Weather conditions,Dark - roadway not lighted,Ice/frost,Cloudy,"Surface condition (e.g., wet, icy)",Non-intersection:  Non-junction/no special feature,Paved,N/A,Property Damage Only,0,0,0,0,0,0,4000,1,1,Eastbound (EB),POINT (-93.570491826481 41.799350464825)
20241403128,SOI20240014,01/09/2024,01-January,3-Tuesday,10:21,1000 Hours,District 1 (Central),,POWESHIEK,I-80,I 80 E,Collision with fixed object:  Cable barrier,On Roadway,Non-collision (single vehicle),Ran off road - left,None Indicated,Weather conditions,Daylight,Snow,Blowing snow,"Surface condition (e.g., wet, icy)",Non-intersection:  Non-junction/no special feature,Paved,N/A,Property Damage Only,0,0,0,0,0,0,8300,1,1,Southbound (SB),POINT (-92.381716744445 41.695819861408)
20241401920,W24-002292,01/09/2024,01-January,3-Tuesday,00:18,0000 Hours,District 2 (Northeast),WATERLOO,BLACK HAWK,77,UNIVERSITY AVE AND GREENHILL RD,Collision with fixed object:  Utility pole/light support,On Roadway,Non-collision (single vehicle),Ran off road - left,None Indicated,Weather conditions,Dark - roadway lighted,Snow,Snow,"Slippery, loose, or worn surface",Interchange-related:  On-ramp merge area,Paved,N/A,Property Damage Only,0,0,0,0,0,0,9000,1,1,Westbound (WB),POINT (-92.397404533596 42.503827592467)
20241403191,EPD24-0042,01/10/2024,01-January,4-Wednesday,12:53,1200 Hours,District 3 (Northwest),ESTHERVILLE,EMMET,77,SOUTH 18TH ST AND 1ST AVE SOUTH,Other (explain in narrative),On Roadway,Non-collision (single vehicle),Driving too fast for conditions,None Indicated,None apparent,Daylight,Snow,Snow,"Surface condition (e.g., wet, icy)",Intersection:  T-intersection,Paved,N/A,Property Damage Only,0,0,0,0,0,0,2000,1,1,Northbound (NB),POINT (-94.818363580206 43.400906018927)
20241402362,20240000809,01/10/2024,01-January,4-Wednesday,11:20,1100 Hours,District 1 (Central),DES MOINES,POLK,US 69,EAST GRAND AVE AND US 69 S,Collision with:  Vehicle in traffic,On Roadway,Broadside (front to side),Ran Traffic Signal,None Indicated,Weather conditions,Daylight,Slush,Clear,"Surface condition (e.g., wet, icy)",Intersection:  Four-way intersection,Paved,N/A,Property Damage Only,0,0,0,0,0,0,15000,2,2,Eastbound (EB),POINT (-93.597987175033 41.593398663516)
20241402649,NT-24-002,01/11/2024,01-January,5-Thursday,06:55,0600 Hours,District 1 (Central),NEVADA,STORY,US 30,US 30 E,Collision with:  Vehicle in traffic,On Roadway,"Sideswipe, same direction",FTYROW:  From stop sign,None Indicated,None apparent,Dark - unknown roadway lighting,Ice/frost,Clear,"Surface condition (e.g., wet, icy)",Intersection:  Y-intersection,Paved,N/A,Property Damage Only,0,0,0,0,0,0,4000,2,2,Southbound (SB),POINT (-93.462554173206 42.006136270065)
20241403113,2024001184,01/12/2024,01-January,6-Friday,11:51,1100 Hours,District 6 (East Central),,CEDAR,I-80,I 80 W 276MM,Non-collision events:  Jackknife,Outside trafficway,Non-collision (single vehicle),Driving too fast for conditions,None Indicated,Weather conditions,Daylight,Snow,Blowing snow,"Surface condition (e.g., wet, icy)",Non-intersection:  Non-junction/no special feature,Paved,N/A,Possible/Unknown,0,1,0,0,0,1,5000,1,1,Westbound (WB),POINT (-90.929838746726 41.63445955316)
20241402784,2024-01174,01/12/2024,01-January,6-Friday,07:51,0700 Hours,District 5 (Southeast),INDIANOLA,WARREN,IA-92,1200 BLK W 2ND AVE,Collision with fixed object:  Utility pole/light support,Outside trafficway,Non-collision (single vehicle),Driving too fast for conditions,None Indicated,Visual obstruction,Dawn,Snow,Blowing snow,"Surface condition (e.g., wet, icy)","Non-intersection:  Driveway access (related, not in)",Paved,N/A,Property Damage Only,0,0,0,0,0,0,3500,1,1,Southbound (SB),POINT (-93.575999169316 41.357263892368)
20241403340,P24-00679,01/13/2024,01-January,7-Saturday,00:55,0000 Hours,District 5 (Southeast),BURLINGTON,DES MOINES,77,SHIELDS ST,Collision with:  Parked motor vehicle,On Roadway,Rear to side,Other (explain in narrative):  Other,None Indicated,Weather conditions,Dark - roadway not lighted,Snow,Snow,Other (explain in narrative),Non-intersection:  Non-junction/no special feature,Paved,N/A,Property Damage Only,0,0,0,0,0,0,1500,2,1,Northbound (NB),POINT (-91.130001542488 40.820394160343)
20241403033,24-000434,01/14/2024,01-January,1-Sunday,22:50,2200 Hours,District 4 (Southwest),COUNCIL BLUFFS,POTTAWATTAMIE,77,400 NORTH 6TH ST,Collision with:  Parked motor vehicle,In parking lane/zone,Rear-end (front to rear),Unknown,None Indicated,None apparent,Dark - roadway lighted,Snow,Cloudy,"Surface condition (e.g., wet, icy)",Non-intersection:  Non-junction/no special feature,Paved,N/A,Possible/Unknown,0,1,0,0,0,1,5000,2,1,Northbound (NB),POINT (-95.851805555912 41.265557461657)
20241402966,W24-003680,01/14/2024,01-January,1-Sunday,12:07,1200 Hours,District 2 (Northeast),WATERLOO,BLACK HAWK,77,DAWSON ST AND AVON AVE,Collision with:  Vehicle in traffic,On Roadway,Broadside (front to side),Driving too fast for conditions,None Indicated,None apparent,Daylight,Snow,Clear,"Surface condition (e.g., wet, icy)",Intersection:  Four-way intersection,Paved,N/A,Possible/Unknown,0,1,0,0,1,0,7000,2,2,Southbound (SB),POINT (-92.355016866653 42.51405262718)
20241403367,24-00329,01/15/2024,01-January,2-Monday,16:23,1600 Hours,District 2 (Northeast),WAUKON,ALLAMAKEE,77,1ST AVE NW,Collision with:  Vehicle in traffic,On Roadway,Broadside (front to side),FTYROW:  From stop sign,None Indicated,None apparent,Daylight,Snow,Clear,"Surface condition (e.g., wet, icy)",Intersection:  Four-way intersection,Paved,N/A,Property Damage Only,0,0,0,0,0,0,12000,2,4,Southbound (SB),POINT (-91.478650047107 43.270142537123)
20241403917,24000177,01/15/2024,01-January,2-Monday,20:05,2000 Hours,District 1 (Central),AMES,STORY,77,WELCH AVE AND CHAMBERLAIN ST,Collision with:  Vehicle in traffic,On Roadway,Rear-end (front to rear),Followed too close,None Indicated,None apparent,Dark - roadway lighted,Snow,Clear,"Surface condition (e.g., wet, icy)",Intersection:  Four-way intersection,Paved,N/A,Property Damage Only,0,0,0,0,0,0,1500,2,4,Northbound (NB),POINT (-93.650139053905 42.021456974523)
20241403589,24000762,01/16/2024,01-January,3-Tuesday,14:56,1400 Hours,District 6 (East Central),,CEDAR,IA-130,IA 130 E,Non-collision events:  Overturn/rollover,On Roadway,Non-collision (single vehicle),Lost Control,None Indicated,None apparent,Daylight,Ice/frost,Clear,"Surface condition (e.g., wet, icy)",Non-intersection:  Non-junction/no special feature,Paved,N/A,Property Damage Only,0,0,0,0,0,0,5000,1,1,Southbound (SB),POINT (-90.975841937753 41.77048442516)
20241403619,20240001281,01/16/2024,01-January,3-Tuesday,07:23,0700 Hours,District 1 (Central),DES MOINES,POLK,77,10TH ST MEASURING 175 FEET SOUTH FROM WALNUT ST,Collision with:  Vehicle in traffic,Outside trafficway,Head-on (front to front),Exceeded authorized speed,None Indicated,None apparent,Dark - roadway lighted,Dry,Clear,None apparent,Non-intersection:  Other non-intersection (explain in narrative),Paved,N/A,Possible/Unknown,0,2,0,0,1,1,5000,2,2,Northbound (NB),POINT (-93.629360215595 41.584422112818)
20241403925,24009226,01/17/2024,01-January,4-Wednesday,15:40,1500 Hours,District 6 (East Central),,JOHNSON,US 6,US 6 E,Collision with:  Struck/struck by object/cargo/person from other vehicle,On Roadway,Rear-end (front to rear),Passing:  On wrong side,Refused,None apparent,Daylight,Wet,Clear,None apparent,Non-intersection:  Non-junction/no special feature,Paved,N/A,Property Damage Only,0,0,0,0,0,0,12000,2,2,Southbound (SB),POINT (-91.451345651638 41.605941140385)
20241404124,24-00742,01/18/2024,01-January,5-Thursday,07:35,0700 Hours,District 3 (Northwest),,SIOUX,77,MCKINLEY AVE MEASURING 1792 FEET NORTH FROM 310TH ST,Collision with:  Animal,Unknown,N/A,Animal,None Indicated,N/A,N/A,N/A,N/A,N/A,N/A,Paved,N/A,Property Damage Only,0,0,0,0,0,0,8000,1,2,Northbound (NB),POINT (-95.862231119232 43.20522520044)